Violin 1
[1000,
{"cxs":[
{"cs":[191,198,205,213,220],"xs":{"x1":239,"x2":907}},
{"cs":[286,293,300,308,315],"xs":{"x1":85,"x2":908}},
{"cs":[381,389,396,404,410],"xs":{"x1":90,"x2":910}},
{"cs":[475,482,489,497,504,511],"xs":{"x1":90,"x2":910}},
{"cs":[570,577,584,591,598],"xs":{"x1":92,"x2":911}},
{"cs":[678,685,692,700,706],"xs":{"x1":97,"x2":911}},
{"cs":[759,766,773,780,787],"xs":{"x1":99,"x2":911}},
{"cs":[852,861,867,874,881],"xs":{"x1":99,"x2":914}}],
"bxs":[
[239,402,536,655,790,907],
[85,272,400,537,657,782,906],
[90,258,272,287,301,315,329,344,358,514,610,709,819,907],
[90,232,324,416,506,603,704,805,907],
[92,243,341,438,460,482,504,526,634,716,908],
[97,131,166,200,235,269,381,481,596,700,806,908],
[99,242,254,265,277,288,300,311,323,459,553,662,760,908],
[99,215,277,341,403,479,535,589,648,713,776,789,801,814,826,839,851,914]]},
{"cxs":[
{"cs":[136,144,152,159,166,220,227,234,241,248],"xs":{"x1":93,"x2":922}},
{"cs":[314,321,329,336,343,397,404,412,419,426],"xs":{"x1":91,"x2":922}},
{"cs":[487,494,503,510,517],"xs":{"x1":93,"x2":923}},
{"cs":[574,581,588,596,602],"xs":{"x1":95,"x2":923}},
{"cs":[671,679,686,692,700],"xs":{"x1":97,"x2":921}},
{"cs":[762,769,776,783,790],"xs":{"x1":97,"x2":923}},
{"cs":[873,879,886,894,901],"xs":{"x1":96,"x2":924}},
{"cs":[972,993,1001],"xs":{"x1":96,"x2":923}}],
"bxs":[
[93,290,440,590,736,920],
[91,302,453,605,759,919],
[93,304,454,604,756,921],
[95,299,444,591,739,920],
[97,337,486,550,612,678,740,803,921],
[97,293,373,454,534,616,725,737,748,760,772,783,795,806,818,921],
[96,279,419,555,667,702,736,771,921],
[96,282,408,509,658,797,838,880,921]]},
{"cxs":[
{"cs":[137,253],"xs":{"x1":92,"x2":920}},
{"cs":[316,323,331,338,345],"xs":{"x1":93,"x2":918}},
{"cs":[411,418,425,433,440],"xs":{"x1":97,"x2":923}},
{"cs":[504,511,518,526,533],"xs":{"x1":94,"x2":922}},
{"cs":[597,604,611,619,626],"xs":{"x1":92,"x2":923}},
{"cs":[691,698,705,713,720],"xs":{"x1":92,"x2":922}},
{"cs":[776,784,791,798,806,813],"xs":{"x1":95,"x2":921}},
{"cs":[884,891,899,906,913],"xs":{"x1":96,"x2":921}},
{"cs":[977,984,991,998,1007],"xs":{"x1":92,"x2":918}}],
"bxs":[
[92,262,369,481,590,700,812,920],
[93,111,128,146,163,181,198,216,233,251,377,515,552,588,625,661,895],
[97,247,328,402,541,616,688,810,920],
[94,118,141,165,188,212,235,330,368,405,443,539,638,758,920],
[92,232,333,453,583,696,809,920],
[92,228,341,456,570,688,786,920],
[95,247,340,459,566,690,815,919],
[96,337,502,655,809,868,919],
[92,302,453,608,762,916]]},
{"cxs":[
{"cs":[135,142,149,157,164,222,229,237,244,251],"xs":{"x1":92,"x2":917}},
{"cs":[305,313,320,327,334,342,349,356,413,420,427,435,442],"xs":{"x1":91,"x2":917}},
{"cs":[520,527,533,541,548,606,613,620,627,634],"xs":{"x1":91,"x2":919}},
{"cs":[708,825],"xs":{"x1":92,"x2":920}},
{"cs":[901,1015],"xs":{"x1":92,"x2":920}}],
"bxs":[
[92,306,464,588,697,769,843,916],
[91,218,298,379,458,538,633,775,916],
[91,234,364,437,517,594,717,799,918],
[92,263,394,532,602,660,724,786,858,920],
[92,280,422,490,564,683,782,920]]},
{"cxs":[
{"cs":[131,138,146,153,160,227,234,241,249,256,263],"xs":{"x1":87,"x2":923}},
{"cs":[339,346,353,360,368],"xs":{"x1":90,"x2":925}},
{"cs":[442,449,456,464,471],"xs":{"x1":91,"x2":931}},
{"cs":[553,560,568,575,582,634,641,649,656,664,713,720,728,736,742],"xs":{"x1":126,"x2":922}},
{"cs":[819,825,832,839,846,854,905,912,927,934,984,994,998,1006,1012],"xs":{"x1":86,"x2":796}}],
"bxs":[
[87,246,432,610,729,921],
[90,277,412,427,443,458,473,488,504,519,534,678,705,731,758,784,811,923],
[91,266,400,504,673,772,878],
[126,302,385,494,603,709,817,921],
[86,274,383,498,609,721,823,919]]},
{"cxs":[
{"cs":[144,152,159,166,173,222,229,236,243,251,298,305,312,319,327],"xs":{"x1":92,"x2":919}},
{"cs":[398,405,412,419,426,476,483,490,497,505,553,561,568,575,583],"xs":{"x1":90,"x2":917}},
{"cs":[644,651,657,665,672],"xs":{"x1":91,"x2":919}},
{"cs":[734,742,749,756,763],"xs":{"x1":94,"x2":921}},
{"cs":[824,831,838,846,852],"xs":{"x1":94,"x2":923}},
{"cs":[915,921,929,936,943],"xs":{"x1":93,"x2":925}},
{"cs":[1003,1010,1017,1024,1032],"xs":{"x1":94,"x2":925}}],
"bxs":[
[92,298,418,542,665,801,917],
[90,135,180,225,270,397,553,690,896],
[91,124,156,189,221,254,286,300,314,329,343,357,371,386,400,414,488,540,606,724,845],
[94,276,440,607,762,921],
[94,295,342,383,518,651,784,923],
[93,299,454,609,766,925],
[94,285,355,497,637,675,710,845,886,925]]},
{"cxs":[
{"cs":[125,132,139,146,154],"xs":{"x1":83,"x2":909}},
{"cs":[214,220,227,235,242],"xs":{"x1":85,"x2":910}},
{"cs":[298,305,312,319,327],"xs":{"x1":85,"x2":455}},
{"cs":[398,405,411,418,426],"xs":{"x1":464,"x2":909}},
{"cs":[481,489,496,504,510],"xs":{"x1":87,"x2":907}},
{"cs":[567,574,581,589,596],"xs":{"x1":87,"x2":909}},
{"cs":[652,659,666,673,681],"xs":{"x1":87,"x2":910}},
{"cs":[732,739,745,753,760,767],"xs":{"x1":89,"x2":911}},
{"cs":[822,829,836,844,851],"xs":{"x1":87,"x2":911}},
{"cs":[908,916,923,931,938],"xs":{"x1":86,"x2":911}},
{"cs":[993,1000,1008,1015,1022],"xs":{"x1":86,"x2":911}}],
"bxs":[
[83,305,468,616,763,906],
[85,318,467,606,758,908],
[85,137,188,240,406,574,741,906],
[84,136,188,240,408,574,740,907],
[87,285,411,495,647,771,872],
[87,299,447,573,655,781,907],
[87,305,457,608,761,908],
[89,309,465,622,763,909],
[87,290,413,454,490,632,771,909],
[86,286,414,544,674,805,909],
[86,278,404,547,691,808,911]]},
{"cxs":[
{"cs":[133,140,149,156,163],"xs":{"x1":101,"x2":925}},
{"cs":[230,237,244,252,259],"xs":{"x1":100,"x2":923}},
{"cs":[325,332,339,346,353],"xs":{"x1":101,"x2":923}},
{"cs":[421,428,435,444,451],"xs":{"x1":99,"x2":922}},
{"cs":[517,524,531,538,545],"xs":{"x1":99,"x2":922}},
{"cs":[613,621,629,635,642],"xs":{"x1":301,"x2":921}},
{"cs":[708,715,722,729,737],"xs":{"x1":100,"x2":921}},
{"cs":[803,810,817,824,831],"xs":{"x1":100,"x2":921}},
{"cs":[891,1019],"xs":{"x1":97,"x2":918}}],
"bxs":[
[101,316,462,615,769,922],
[100,300,473,571,696,792,921],
[101,312,462,614,770,923],
[99,310,453,607,771,920],
[99,293,444,542,665,800,920],
[100,258,416,556,696,919],
[100,347,503,665,789,918],
[100,246,339,431,521,635,645,655,665,675,684,694,704,714,725,737,748,759,771,782,793,805,816,827,839,850,861,873,884,895,907,918],
[97,248,357,468,582,692,802,841,879,918]]},
{"cxs":[
{"cs":[141,148,156,163,170],"xs":{"x1":92,"x2":928}},
{"cs":[237,245,252,259,266,273],"xs":{"x1":94,"x2":928}},
{"cs":[353,360,368,375,382],"xs":{"x1":94,"x2":928}},
{"cs":[445,453,460,467,474],"xs":{"x1":96,"x2":929}},
{"cs":[539,546,553,561,568],"xs":{"x1":98,"x2":930}},
{"cs":[635,642,650,657,664],"xs":{"x1":95,"x2":929}},
{"cs":[731,738,745,752,760],"xs":{"x1":97,"x2":928}},
{"cs":[826,833,840,847,854,915,922,929,936,943,994,1001,1009,1016,1023],"xs":{"x1":94,"x2":923}}],
"bxs":[
[92,245,335,438,565,670,799,926],
[94,417,603,764,926],
[94,277,494,710,926],
[96,294,443,566,700,794,927],
[98,250,398,534,694,856,866,877,887,897,907,918,928],
[95,239,262,285,308,331,443,457,472,486,500,515,529,645,657,669,681,693,705,717,729,740,752,764,776,788,800,927],
[97,322,464,641,744,847,863,878,894,909,925],
[94,313,392,523,675,817,847,876,906]]},
{"cxs":[
{"cs":[143,151,158,165,172],"xs":{"x1":95,"x2":929}},
{"cs":[239,246,253,260,268],"xs":{"x1":98,"x2":918}},
{"cs":[333,340,347,354,361],"xs":{"x1":97,"x2":921}},
{"cs":[427,434,442,449,456,508,515,522,529,536],"xs":{"x1":94,"x2":922}},
{"cs":[616,624,631,638,646],"xs":{"x1":98,"x2":922}},
{"cs":[710,717,724,731,739],"xs":{"x1":96,"x2":923}},
{"cs":[805,812,819,826,833],"xs":{"x1":95,"x2":922}},
{"cs":[900,907,915,922,929,992,999,1006,1013,1021],"xs":{"x1":95,"x2":927}}],
"bxs":[
[95,303,537,674,845],
[98,296,454,605,762,918],
[97,318,456,596,746,921],
[94,365,576,747,919],
[98,395,714,922],
[96,464,723,920],
[95,424,602,842],
[95,139,183,227,271,384,533,707,844,927]]},
{"cxs":[
{"cs":[137,144,152,159,166],"xs":{"x1":87,"x2":926}},
{"cs":[223,230,237,244,251],"xs":{"x1":90,"x2":927}},
{"cs":[313,320,328,336,343,393,400,407,414,421],"xs":{"x1":89,"x2":926}},
{"cs":[481,489,496,503,510,555,563,570,577,584],"xs":{"x1":89,"x2":924}},
{"cs":[642,652,656,663,670],"xs":{"x1":92,"x2":925}},
{"cs":[726,759],"xs":{"x1":91,"x2":925}},
{"cs":[818,825,832,839,846],"xs":{"x1":91,"x2":925}},
{"cs":[911,934],"xs":{"x1":91,"x2":924}},
{"cs":[1006,1013,1021,1028,1036],"xs":{"x1":91,"x2":926}}],
"bxs":[
[87,296,432,565,599,633,667,799,841,884,926],
[90,352,487,634,779,924],
[89,303,363,427,493,632,777,923],
[89,316,456,631,757,897],
[92,270,423,569,719,923],
[91,346,540,738,925],
[91,361,578,753,922],
[91,283,418,573,688,808,922],
[91,294,424,566,692,826,923]]},
{"cxs":[
{"cs":[124,131,138,145,154],"xs":{"x1":89,"x2":917}},
{"cs":[210,217,224,231,238,246],"xs":{"x1":91,"x2":914}},
{"cs":[299,306,313,320,328],"xs":{"x1":90,"x2":914}},
{"cs":[380,388,395,403,410],"xs":{"x1":90,"x2":915}},
{"cs":[464,471,479,486,493],"xs":{"x1":92,"x2":920}},
{"cs":[567,574,581,589,596,642,649,656,663,670],"xs":{"x1":89,"x2":925}},
{"cs":[743,749,756,763,771,818,825,832,839,846],"xs":{"x1":91,"x2":923}},
{"cs":[919,926,933,940,948,995,1009,1023],"xs":{"x1":90,"x2":924}}],
"bxs":[
[89,310,465,577,689,805,917],
[91,249,338,491,572,595,619,642,666,689,829,914],
[90,258,343,407,547,613,719,802,914],
[90,266,350,404,448,578,693,808,915],
[92,302,460,571,639,697,812,920],
[89,173,241,434,537,626,743,834,922],
[91,294,418,549,683,791,921],
[90,365,519,677,693,710,726,742,759,775,791,808,824,840,857,873,889,906,922]]},
{"cxs":[
{"cs":[125,132,139,146,154],"xs":{"x1":92,"x2":914}},
{"cs":[220,227,234,241,248],"xs":{"x1":93,"x2":916}},
{"cs":[313,320,328,336,342],"xs":{"x1":94,"x2":916}},
{"cs":[407,413,421,428,435],"xs":{"x1":95,"x2":917}},
{"cs":[510,517,524,531,538],"xs":{"x1":97,"x2":917}},
{"cs":[604,724],"xs":{"x1":93,"x2":918}},
{"cs":[787,795,802,810],"xs":{"x1":98,"x2":919}},
{"cs":[880,887,894,902,908],"xs":{"x1":96,"x2":918}},
{"cs":[972,979,986,993],"xs":{"x1":97,"x2":920}}],
"bxs":[
[92,285,389,568,712,721,729,737,746,754,763,771,780,788,797,805,814,822,893],
[93,135,176,218,259,301,333,364,396,427,459,490,604,760,914],
[94,311,414,563,674,803,914],
[95,303,436,570,706,804,915],
[97,267,494,674,695,716,737,757,778,799,895],
[93,331,451,604,724,918],
[98,247,354,509,653,785,917],
[96,309,470,620,767,916],
[97,322,472,622,807,918]]},
{"cxs":[
{"cs":[116,124,131,138,145,153,164,180,186,206,212,219,227,234],"xs":{"x1":91,"x2":919}},
{"cs":[299,327],"xs":{"x1":91,"x2":917}},
{"cs":[396,403,411,418,425],"xs":{"x1":95,"x2":919}},
{"cs":[484,491,498,505,512,519],"xs":{"x1":95,"x2":919}},
{"cs":[581,587,594,601,608,615],"xs":{"x1":93,"x2":919}},
{"cs":[667,674,683,690,696,703,711,717],"xs":{"x1":95,"x2":921}},
{"cs":[763,770,778,785,792,799,807],"xs":{"x1":95,"x2":919}},
{"cs":[866,874,881,888,895,903],"xs":{"x1":96,"x2":921}},
{"cs":[960,968,975,982,989,997],"xs":{"x1":95,"x2":923}}],
"bxs":[
[91,243,338,431,526,620,716,844,919],
[91,281,422,544,668,785,917],
[95,268,380,513,622,650,678,705,733,916],
[95,241,374,417,459,502,654,769,916],
[93,253,375,399,423,447,471,495,694,798,917],
[95,281,420,522,649,778,921],
[95,307,424,539,655,773,916],
[96,262,419,531,669,686,702,719,736,753,769,786,805,824,843,861,880,899,918],
[95,269,380,520,642,790,812,833,855,877,898,920]]},
{"cxs":[
{"cs":[134,141,148,155,163],"xs":{"x1":88,"x2":919}},
{"cs":[217,224,231,238,246],"xs":{"x1":90,"x2":919}},
{"cs":[300,307,315,322,329],"xs":{"x1":90,"x2":804}},
{"cs":[383,390,398,405,412],"xs":{"x1":90,"x2":882}},
{"cs":[468,475,482,489,497],"xs":{"x1":91,"x2":730}},
{"cs":[552,559,566,573,580],"xs":{"x1":90,"x2":923}},
{"cs":[634,641,648,656,663],"xs":{"x1":90,"x2":923}},
{"cs":[729,839],"xs":{"x1":89,"x2":922}},
{"cs":[906,913,920,927],"xs":{"x1":90,"x2":921}},
{"cs":[990,1021],"xs":{"x1":91,"x2":922}}],
"bxs":[
[88,261,359,474,596,701,736,770,805,917],
[90,228,330,417,516,611,704,746,787,829,917],
[90,249,351,446,539,635,742,839,865,892,918],
[90,258,347,420,521,620,719,819,918],
[91,268,357,435,546,634,746,827,919],
[90,245,336,401,491,551,642,718,774,920],
[90,282,437,624,777,921],
[89,330,521,657,753,922],
[90,370,547,738,919],
[91,260,434,690,836,886,922]]},
{"cxs":[
{"cs":[119,126,133,140,149],"xs":{"x1":97,"x2":933}},
{"cs":[220,227,234,241,248,256],"xs":{"x1":97,"x2":932}},
{"cs":[316,323,331,338,345,402,409,416,423,430],"xs":{"x1":89,"x2":932}},
{"cs":[485,492,499,507,514],"xs":{"x1":92,"x2":932}},
{"cs":[576,583,590,597,604,659,665,673,681,688,742,749,755,762,770],"xs":{"x1":90,"x2":932}},
{"cs":[823,830,837,844,851],"xs":{"x1":92,"x2":931}},
{"cs":[905,913,920,927,934],"xs":{"x1":90,"x2":930}},
{"cs":[986,993,1000,1007,1014],"xs":{"x1":91,"x2":930}}],
"bxs":[
[97,435,651,933],
[97,370,657,930],
[89,322,368,413,459,618,755,929],
[92,305,525,642,785,932],
[90,270,405,529,670,796,929],
[92,275,409,544,746,929],
[90,304,472,633,753,930],
[91,334,527,711,930]]},
{"cxs":[
{"cs":[151,159,167,174,182],"xs":{"x1":93,"x2":921}},
{"cs":[234,241,249,256,264],"xs":{"x1":94,"x2":921}},
{"cs":[317,324,331,339,346],"xs":{"x1":90,"x2":921}},
{"cs":[401,408,416,423,431],"xs":{"x1":92,"x2":924}},
{"cs":[483,490,498,505,513],"xs":{"x1":91,"x2":924}},
{"cs":[568,575,582,590,598],"xs":{"x1":95,"x2":923}},
{"cs":[652,659,666,674,681],"xs":{"x1":91,"x2":921}},
{"cs":[749,865],"xs":{"x1":87,"x2":920}},
{"cs":[924,931,939,946,954],"xs":{"x1":89,"x2":920}},
{"cs":[1014,1021,1029,1036,1043],"xs":{"x1":88,"x2":918}}],
"bxs":[
[93,253,360,481,606,707,741,776,810,919],
[94,228,331,410,520,626,729,763,798,832,920],
[90,200,312,414,515,616,727,830,859,889,918],
[92,228,331,393,505,609,712,816,922],
[91,233,328,405,521,613,728,811,922],
[95,216,309,385,479,552,657,716,765,921],
[91,260,434,628,788,919],
[87,322,500,646,740,920],
[89,342,540,742,920],
[88,262,436,688,832,876,916]]},
{"cxs":[
{"cs":[163,170,177,185,193],"xs":{"x1":104,"x2":928}},
{"cs":[256,263,272,279,286],"xs":{"x1":105,"x2":926}},
{"cs":[353,360,368,375,383,436,445,452,459,467],"xs":{"x1":103,"x2":926}},
{"cs":[519,527,534,541,549],"xs":{"x1":104,"x2":927}},
{"cs":[617,625,633,640,648,694,701,709,717,724,771,778,785,792,801],"xs":{"x1":99,"x2":927}},
{"cs":[855,863,870,878,885],"xs":{"x1":103,"x2":928}},
{"cs":[937,944,951,959,966],"xs":{"x1":508,"x2":930}},
{"cs":[1014,1021,1028,1037,1044],"xs":{"x1":100,"x2":932}}],
"bxs":[
[104,418,639,926],
[105,362,647,924],
[103,310,356,401,447,602,744,926],
[104,298,491,617,775,924],
[99,282,398,523,664,790,924],
[103,286,408,532,736,925],
[102,318,484,635,754,928],
[100,354,525,708,907]]},
{"cxs":[
{"cs":[138,145,153,161,168],"xs":{"x1":92,"x2":920}},
{"cs":[241,248,255,262,270,326,333,341,348,354],"xs":{"x1":80,"x2":921}},
{"cs":[430,437,451,459,514,521,528,535,542],"xs":{"x1":92,"x2":918}},
{"cs":[607,614,622,630],"xs":{"x1":95,"x2":922}},
{"cs":[703,710,717,724,731],"xs":{"x1":94,"x2":922}},
{"cs":[797,804,811,818,826],"xs":{"x1":95,"x2":920}},
{"cs":[891,898,905,913,920],"xs":{"x1":93,"x2":921}},
{"cs":[982,1011],"xs":{"x1":92,"x2":903}}],
"bxs":[
[92,300,470,624,772,918],
[80,131,182,232,283,450,604,767,918],
[92,184,241,267,294,320,346,484,620,761,895],
[95,327,449,613,776,919],
[94,297,430,550,683,831,920],
[95,277,444,590,731,898],
[93,262,437,598,759,919],
[92,812,903]]},
{"cxs":[
{"cs":[130,137,144,152,159],"xs":{"x1":86,"x2":925}},
{"cs":[220,227,234,241,249],"xs":{"x1":86,"x2":924}},
{"cs":[308,315,322,330,337],"xs":{"x1":90,"x2":922}},
{"cs":[396,403,410,417,424],"xs":{"x1":89,"x2":923}},
{"cs":[502,509,516,524,531,589,596,603],"xs":{"x1":87,"x2":925}},
{"cs":[695,702,710,717,724,769,776,783,790,799],"xs":{"x1":89,"x2":925}},
{"cs":[880,888,902,909],"xs":{"x1":89,"x2":927}},
{"cs":[978,985,992,999,1006],"xs":{"x1":91,"x2":928}}],
"bxs":[
[86,278,461,479,497,515,533,551,569,587,605,671,828,922],
[86,345,522,707,921],
[90,296,453,582,705,846,920],
[89,264,412,584,733,876],
[87,279,923],
[89,258,923],
[89,283,594,813,927],
[91,319,551,769,925]]},
{"cxs":[
{"cs":[113,120,127,134,141],"xs":{"x1":93,"x2":918}},
{"cs":[223,230,237,244,251,315,322,330,337,344],"xs":{"x1":92,"x2":920}},
{"cs":[408,415,422,429,436,502,509,516,523,530],"xs":{"x1":92,"x2":920}},
{"cs":[589,621],"xs":{"x1":95,"x2":918}},
{"cs":[681,713],"xs":{"x1":95,"x2":918}},
{"cs":[772,803],"xs":{"x1":98,"x2":918}},
{"cs":[863,986],"xs":{"x1":94,"x2":920}}],
"bxs":[
[93,322,496,724,895],
[92,273,396,517,669,795,917],
[92,391,502,739,917],
[95,348,534,712,918],
[95,334,524,716,918],
[98,333,539,719,820,918],
[94,310,448,581,717,920]]},
{"cxs":[
{"cs":[279,286,294,301,308],"xs":{"x1":251,"x2":922}},
{"cs":[381,389,396,403,410],"xs":{"x1":93,"x2":919}},
{"cs":[486,493,501,509,516],"xs":{"x1":94,"x2":918}},
{"cs":[581,588,595,603,610],"xs":{"x1":94,"x2":918}},
{"cs":[681,688,698,703,710,717,769,776,783,791,799],"xs":{"x1":90,"x2":917}},
{"cs":[870,877,884,892,899,952,959,966,975,982],"xs":{"x1":89,"x2":917}}],
"bxs":[
[251,266,280,295,310,324,339,354,368,383,397,412,496,595,677,702,727,751,776,850,919],
[93,301,356,423,581,674,754,835,917],
[94,215,290,362,436,511,585,661,747,838,916],
[94,213,296,380,449,516,583,665,750,832,916],
[90,233,319,407,488,574,653,750,832,915],
[89,215,286,359,448,522,590,670,787,915]]},
{"cxs":[
{"cs":[123,130,137,144,152],"xs":{"x1":79,"x2":916}},
{"cs":[208,215,222,229,236],"xs":{"x1":79,"x2":918}},
{"cs":[302,329],"xs":{"x1":82,"x2":920}},
{"cs":[403,410,416,423,430],"xs":{"x1":84,"x2":778}},
{"cs":[496,504,510,517,523],"xs":{"x1":83,"x2":918}},
{"cs":[590,597,604,611,619],"xs":{"x1":83,"x2":918}},
{"cs":[684,691,698,705],"xs":{"x1":83,"x2":917}},
{"cs":[779,785,792,800,809],"xs":{"x1":83,"x2":918}},
{"cs":[873,880,886,893,900],"xs":{"x1":83,"x2":918}},
{"cs":[965,973,979,987,993],"xs":{"x1":82,"x2":915}}],
"bxs":[
[79,208,280,356,431,509,584,660,749,824,914],
[79,196,280,351,433,516,603,684,752,841,916],
[82,208,286,364,452,542,626,699,774,850,920],
[84,222,308,344,379,415,492,575,744,917],
[83,257,432,540,696,804,916],
[83,323,513,666,792,916],
[83,373,481,585,696,848],
[83,310,372,524,686,850,916],
[83,283,423,511,601,688,776,915],
[82,252,391,476,566,691,851]]},
{"cxs":[
{"cs":[140,148,155,162,169],"xs":{"x1":87,"x2":925}},
{"cs":[241,248,255,262],"xs":{"x1":90,"x2":925}},
{"cs":[340,347,353,360,367,422,428,436,443,450],"xs":{"x1":84,"x2":924}},
{"cs":[526,533,539,546,553,608,615,623,630,637],"xs":{"x1":91,"x2":924}},
{"cs":[712,719,725,733,741],"xs":{"x1":87,"x2":925}},
{"cs":[796,803,810,816],"xs":{"x1":91,"x2":925}},
{"cs":[880,917],"xs":{"x1":95,"x2":922}},
{"cs":[993,1001,1007,1015,1023],"xs":{"x1":95,"x2":925}}],
"bxs":[
[87,255,427,526,629,757,883],
[90,220,272,322,408,495,579,661,752,827,923],
[84,213,339,425,608,764,922],
[91,276,430,584,739,896],
[87,236,247,257,268,278,289,300,310,321,331,342,352,363,444,520,599,797,822,847,873,898,923],
[91,240,334,483,641,747,923],
[95,401,647,922],
[95,381,650,833,863,892,922]]},
{"cxs":[
{"cs":[155,179],"xs":{"x1":112,"x2":926}},
{"cs":[249,275],"xs":{"x1":104,"x2":876}},
{"cs":[352,359,366,373,380,437,445,452,459,466,521,528,535,541],"xs":{"x1":110,"x2":932}},
{"cs":[623,630,637,644,651],"xs":{"x1":108,"x2":927}},
{"cs":[729,736,743,749,757,818,825,831,838,845],"xs":{"x1":104,"x2":927}},
{"cs":[902,909,917,924,931,981,988,994,1001,1008],"xs":{"x1":106,"x2":928}}],
"bxs":[
[112,331,436,582,702,797,926],
[104,252,331,412,490,618,647,675,704,876],
[110,280,368,456,551,671,802,930],
[108,356,522,539,556,573,590,607,624,641,909],
[104,262,410,481,610,740,831,926],
[106,215,313,414,513,628,770,928]]},
{"cxs":[
{"cs":[151,158,165,172,179],"xs":{"x1":82,"x2":913}},
{"cs":[255,262,270,277],"xs":{"x1":288,"x2":909}},
{"cs":[355,362,369,376,384],"xs":{"x1":83,"x2":913}},
{"cs":[457,464,471,478,484],"xs":{"x1":84,"x2":914}},
{"cs":[557,565,572,579,586,592],"xs":{"x1":83,"x2":914}},
{"cs":[659,665,672,680,687],"xs":{"x1":84,"x2":911}},
{"cs":[759,766,773,780,787],"xs":{"x1":85,"x2":647}},
{"cs":[862,869,876,889],"xs":{"x1":86,"x2":914}},
{"cs":[962,969,977,983,990],"xs":{"x1":86,"x2":914}}],
"bxs":[
[82,268,457,637,781,909],
[82,255,390,523,696,882],
[83,270,399,533,661,787,909],
[84,261,389,519,648,781,910],
[83,276,389,519,648,778,910],
[84,285,412,553,908],
[85,332,458,560,642,804,910],
[86,249,374,486,597,744,911],
[86,308,429,550,685,793,911]]},
{"cxs":[
{"cs":[130,138,146,153,161,207,215,222,230,237],"xs":{"x1":70,"x2":929}},
{"cs":[298,305,313,321,328,375,383,390,398,405],"xs":{"x1":82,"x2":906}},
{"cs":[461,468,476,483,491],"xs":{"x1":84,"x2":635}},
{"cs":[548,556,564,571,579],"xs":{"x1":89,"x2":512}},
{"cs":[644,651,659,666,674],"xs":{"x1":505,"x2":928}},
{"cs":[734,742,749,757,764],"xs":{"x1":87,"x2":821}},
{"cs":[832,839,847,854,862],"xs":{"x1":85,"x2":592}},
{"cs":[935,943,950,958,965],"xs":{"x1":91,"x2":917}}],
"bxs":[
[70,247,315,415,482,550,616,683,750,908],
[82,259,361,463,565,592,618,645,747,908],
[84,247,333,432,495,559,644,729,861,930],
[89,195,275,305,336,431,486,574,686,760,846,930],
[85,219,321,409,555,659,748,910],
[87,264,377,488,598,714,828,920],
[85,257,369,444,536,649,762,840,922],
[91,257,372,444,533,648,762,833,917]]},
{"cxs":[
{"cs":[134,141,150,157,164],"xs":{"x1":77,"x2":923}},
{"cs":[211,217,224,232,239,246],"xs":{"x1":76,"x2":923}},
{"cs":[321,329,337,344,351],"xs":{"x1":75,"x2":923}},
{"cs":[418,426,433,442,449],"xs":{"x1":73,"x2":924}},
{"cs":[531,537,545,554,560,567],"xs":{"x1":74,"x2":922}},
{"cs":[617,625,632,640,647],"xs":{"x1":75,"x2":922}},
{"cs":[696,704,711,719,726],"xs":{"x1":76,"x2":921}},
{"cs":[775,783,790,798,806],"xs":{"x1":75,"x2":921}},
{"cs":[860,867,875,882,890],"xs":{"x1":75,"x2":920}},
{"cs":[946,954,961,969,977,984],"xs":{"x1":74,"x2":921}}],
"bxs":[
[77,244,426,560,720,821,922],
[76,263,402,510,634,776,921],
[75,330,502,610,751,920],
[73,305,538,645,844],
[74,396,644,920],
[75,395,654,919],
[76,430,677,919],
[75,348,564,742,919],
[75,408,664,918],
[74,347,537,684,919]]},
{"cxs":[
{"cs":[149,156,163,170,177],"xs":{"x1":84,"x2":913}},
{"cs":[275,282,289,296,303],"xs":{"x1":84,"x2":911}},
{"cs":[379,387,394,401],"xs":{"x1":84,"x2":910}},
{"cs":[487,493,501,507,515],"xs":{"x1":85,"x2":913}},
{"cs":[595,602,609,616,624],"xs":{"x1":84,"x2":914}},
{"cs":[708,714,721,728,736],"xs":{"x1":86,"x2":914}},
{"cs":[818,825,832,838,845],"xs":{"x1":86,"x2":914}},
{"cs":[939,945,952,959],"xs":{"x1":86,"x2":914}}],
"bxs":[
[84,385,640,911],
[84,141,197,254,434,698,909],
[84,337,527,719,908],
[85,330,522,715,910],
[84,288,505,714,910],
[86,401,656,910],
[86,379,615,821,911],
[86,264,527,795,910]]},
{"cxs":[
{"cs":[143,151,157,165,172],"xs":{"x1":82,"x2":916}},
{"cs":[258,266,272,279,286],"xs":{"x1":82,"x2":915}},
{"cs":[391,397,404,411,418],"xs":{"x1":81,"x2":910}},
{"cs":[523,530,537,544,550],"xs":{"x1":81,"x2":911}},
{"cs":[655,662,669,675,683],"xs":{"x1":83,"x2":911}},
{"cs":[789,797,803,810,817],"xs":{"x1":82,"x2":913}},
{"cs":[914,921,928,935,941],"xs":{"x1":81,"x2":909}}],
"bxs":[
[82,403,657,913],
[82,403,657,911],
[81,384,555,731,910],
[81,402,646,911],
[83,384,656,911],
[82,407,644,913],
[81,375,608,807,907]]},
{"cxs":[
{"cs":[143,151,159,167,174],"xs":{"x1":76,"x2":919}},
{"cs":[231,238,246,253,261],"xs":{"x1":77,"x2":920}},
{"cs":[317,326,334,341,348],"xs":{"x1":76,"x2":921}},
{"cs":[406,413,420,428,435],"xs":{"x1":75,"x2":921}},
{"cs":[502,509,516,524,532],"xs":{"x1":77,"x2":922}},
{"cs":[594,601,609,617,625],"xs":{"x1":76,"x2":921}},
{"cs":[698,705,713,720,727],"xs":{"x1":75,"x2":880}},
{"cs":[784,791,800,807,815],"xs":{"x1":75,"x2":923}},
{"cs":[866,873,881,888],"xs":{"x1":71,"x2":922}},
{"cs":[952,960,967,976,983],"xs":{"x1":75,"x2":922}}],
"bxs":[
[76,390,688,917],
[77,312,517,721,918],
[76,287,413,490,560,689,919],
[75,368,636,919],
[77,340,572,750,919],
[76,321,543,663,919],
[75,200,323,601,798,920],
[75,347,528,736,921],
[71,345,480,619,712,919],
[75,368,584,762,920]]},
{"cxs":[
{"cs":[131,138,146,154,162],"xs":{"x1":77,"x2":921}},
{"cs":[235,242,250,257,266],"xs":{"x1":76,"x2":921}},
{"cs":[350,358,367,373,380],"xs":{"x1":76,"x2":922}},
{"cs":[456,464,472,479,487,494],"xs":{"x1":75,"x2":922}},
{"cs":[587,595,603,609,617],"xs":{"x1":74,"x2":921}},
{"cs":[701,709,717,724,731,741],"xs":{"x1":76,"x2":920}},
{"cs":[816,823,833,838,846],"xs":{"x1":75,"x2":919}},
{"cs":[930,937,944,952,959],"xs":{"x1":73,"x2":920}}],
"bxs":[
[77,353,570,787,918],
[76,353,489,700,918],
[76,314,501,711,919],
[75,310,475,658,922],
[74,343,542,669,919],
[76,328,534,719,920],
[75,336,538,666,917],
[73,354,560,760,917]]},
{"cxs":[
{"cs":[126,133,140,146,154],"xs":{"x1":116,"x2":919}},
{"cs":[237,344],"xs":{"x1":88,"x2":918}},
{"cs":[411,418,425,432,439],"xs":{"x1":89,"x2":923}},
{"cs":[510,517,524,531,537],"xs":{"x1":87,"x2":923}},
{"cs":[600,607,614,622,628],"xs":{"x1":87,"x2":923}},
{"cs":[689,696,703,710,717],"xs":{"x1":87,"x2":921}},
{"cs":[783,790,798,805,812],"xs":{"x1":89,"x2":923}},
{"cs":[883,890,897,903,910],"xs":{"x1":86,"x2":922}},
{"cs":[977,984,991,998,1005],"xs":{"x1":85,"x2":920}}],
"bxs":[
[116,289,415,542,669,797,916],
[88,289,407,482,544,648,803,918],
[89,303,424,613,738,922],
[87,288,499,611,733,921],
[87,367,518,652,773,923],
[87,354,732,921],
[89,413,670,796,921],
[86,210,337,443,578,693,810,920],
[85,273,334,473,628,766,842,920]]},
{"cxs":[
{"cs":[159,165,172,179,186,234,241,248,255,262],"xs":{"x1":81,"x2":920}},
{"cs":[349,356,363,370,377,422,429,436,444,451],"xs":{"x1":93,"x2":745}},
{"cs":[515,518,525,532,539],"xs":{"x1":95,"x2":919}},
{"cs":[623,629,636,643,650],"xs":{"x1":97,"x2":919}},
{"cs":[711,718,725,740,793,801,808,815,821],"xs":{"x1":83,"x2":918}},
{"cs":[884,891,897,904,911],"xs":{"x1":101,"x2":919}},
{"cs":[969,976,983,990,997],"xs":{"x1":99,"x2":919}}],
"bxs":[
[81,299,464,604,765,919],
[93,311,423,533,598,740,754,767,781,795,809,822,836,850,863,877,891,904,918],
[95,230,340,461,613,714,917],
[97,247,395,536,673,797,917],
[83,230,377,497,635,758,917],
[101,399,656,917],
[99,357,540,628,778,917]]},
{"cxs":[
{"cs":[149,156,164,179],"xs":{"x1":77,"x2":921}},
{"cs":[238,253,260],"xs":{"x1":78,"x2":921}},
{"cs":[328,336,343,350,357],"xs":{"x1":76,"x2":922}},
{"cs":[418,426,433,442,449],"xs":{"x1":76,"x2":922}},
{"cs":[507,539],"xs":{"x1":76,"x2":923}},
{"cs":[597,604,612,621,628],"xs":{"x1":76,"x2":923}},
{"cs":[686,718],"xs":{"x1":74,"x2":922}},
{"cs":[779,786,795,802],"xs":{"x1":76,"x2":891}},
{"cs":[867,901],"xs":{"x1":78,"x2":899}},
{"cs":[966,975,982,990,997],"xs":{"x1":75,"x2":922}}],
"bxs":[
[77,267,384,525,687,800,919],
[78,252,389,557,747,920],
[76,232,293,354,430,536,612,728,804,920],
[76,225,328,452,562,653,750,920],
[76,318,498,711,923],
[76,229,307,389,501,612,621,630,638,647,656,665,673,682,691,700,709,717,726,921],
[74,172,232,318,398,522,646,777,922],
[76,99,122,145,167,190,213,236,377,470,560,669,701,732,764,795,827,920],
[78,282,381,456,524,655,795,899],
[75,294,485,662,791,920]]},
{"cxs":[
{"cs":[237,244,251,259,267,337,344,351,358,366,423,430,437,446,453],"xs":{"x1":226,"x2":925}},
{"cs":[529,536,543,551,558],"xs":{"x1":84,"x2":922}},
{"cs":[614,623,630,637,644],"xs":{"x1":85,"x2":924}},
{"cs":[701,708,715,723,730],"xs":{"x1":84,"x2":920}},
{"cs":[808,816,823,830,837,882,890,897,905,913,920,962,969,977,984,992],"xs":{"x1":84,"x2":918}}],
"bxs":[
[226,329,434,443,451,460,469,477,486,495,503,512,521,529,538,622,707,814,828,841,855,869,882,896,909,923],
[84,254,351,463,510,561,581,601,622,642,662,783,920],
[85,281,295,308,322,335,349,362,376,389,515,642,804,922],
[84,285,387,425,463,500,538,582,626,670,918],
[84,294,370,444,521,624,640,655,671,687,702,718,830,917]]},
{"cxs":[
{"cs":[149,156,164,171,179],"xs":{"x1":81,"x2":924}},
{"cs":[227,235,242,249,257],"xs":{"x1":82,"x2":925}},
{"cs":[314,322,330,337,344],"xs":{"x1":81,"x2":927}},
{"cs":[404,412,420,427,434],"xs":{"x1":85,"x2":927}},
{"cs":[504,512,520,527,534,588,595,603,611,619],"xs":{"x1":82,"x2":928}},
{"cs":[691,699,706,714,721,785,792,801,808,816,887,894,901,909,917],"xs":{"x1":84,"x2":929}},
{"cs":[984,992,999,1007,1014],"xs":{"x1":86,"x2":929}}],
"bxs":[
[81,246,341,461,512,562,574,586,598,610,622,634,646,658,670,682,694,706,718,730,815,922],
[82,218,299,378,460,533,613,690,769,846,923],
[81,216,301,386,516,651,743,836,925],
[85,248,338,467,597,723,925],
[82,235,322,407,491,575,666,759,843,886,925],
[84,218,313,404,498,592,706,718,731,743,755,768,780,792,805,817,926],
[86,304,400,495,612,752,846,926]]},
{"cxs":[
{"cs":[134,141,149,156,164],"xs":{"x1":86,"x2":923}},
{"cs":[224,231,238,245,253],"xs":{"x1":87,"x2":924}},
{"cs":[323,331,339,346,353],"xs":{"x1":86,"x2":924}},
{"cs":[411,419,426,433,442],"xs":{"x1":86,"x2":922}},
{"cs":[499,507,514,521,529],"xs":{"x1":87,"x2":921}},
{"cs":[588,595,602,610,617],"xs":{"x1":87,"x2":921}},
{"cs":[699,813],"xs":{"x1":89,"x2":921}},
{"cs":[884,891,899,906,914],"xs":{"x1":90,"x2":922}},
{"cs":[971,1004],"xs":{"x1":90,"x2":924}}],
"bxs":[
[86,248,326,448,541,634,725,819,845,870,896,921],
[87,272,403,532,661,789,922],
[86,267,392,417,441,466,490,592,674,758,921],
[86,236,373,495,619,736,761,785,810,834,922],
[87,125,163,201,239,313,464,634,921],
[87,143,198,254,309,451,531,577,620,710,800,856,919],
[89,204,280,354,431,507,583,659,733,809,921],
[90,148,206,264,389,493,678,803,920],
[90,226,272,316,556,733,771,809,848,886,924]]},
{"cxs":[
{"cs":[149,156,164,171,178],"xs":{"x1":92,"x2":922}},
{"cs":[234,241,248,256,263],"xs":{"x1":93,"x2":921}},
{"cs":[344,354,358,365,373],"xs":{"x1":92,"x2":919}},
{"cs":[440,448,455,463,470],"xs":{"x1":93,"x2":919}},
{"cs":[530,538,545,552,560,604,611,619,626,634],"xs":{"x1":80,"x2":918}},
{"cs":[719,726,733,742,749,792,800,807,815,822],"xs":{"x1":92,"x2":918}},
{"cs":[902,910,918,925,932,985,993,1000,1007,1014],"xs":{"x1":91,"x2":910}}],
"bxs":[
[92,238,404,608,765,919],
[93,327,508,714,919],
[92,341,511,681,917],
[93,372,513,711,798,917],
[80,306,467,628,787,917],
[92,325,438,551,741,917],
[91,337,511,702,809,910]]},
{"cxs":[
{"cs":[163,170,184,191],"xs":{"x1":84,"x2":914}},
{"cs":[264,273,280,287,293],"xs":{"x1":84,"x2":913}},
{"cs":[367,375,381,390,396],"xs":{"x1":83,"x2":913}},
{"cs":[471,503],"xs":{"x1":84,"x2":910}},
{"cs":[565,572,579,586,593],"xs":{"x1":84,"x2":913}},
{"cs":[654,661,668,675,683],"xs":{"x1":85,"x2":905}},
{"cs":[737,744,751,758,764],"xs":{"x1":85,"x2":910}},
{"cs":[831,838,845,852,860],"xs":{"x1":85,"x2":910}},
{"cs":[911,918,925,932,939,946],"xs":{"x1":83,"x2":598}},
{"cs":[993,1001,1008,1014,1021],"xs":{"x1":84,"x2":910}}],
"bxs":[
[84,225,352,459,554,678,768,910],
[84,238,352,544,785,910],
[83,293,398,470,490,511,531,551,670,786,910],
[84,252,388,468,552,636,744,910],
[84,379,448,539,564,588,613,672,754,913],
[85,190,258,335,461,556,651,729,842,908],
[85,267,328,410,491,591,674,758,824,908],
[85,228,251,274,297,320,399,602,737,909],
[83,272,418,562,753,907],
[84,270,444,593,691,745,800,854,908]]},
{"cxs":[
{"cs":[150,157,172],"xs":{"x1":82,"x2":911}},
{"cs":[241,249,256,263,272],"xs":{"x1":82,"x2":910}},
{"cs":[350,358,373,380],"xs":{"x1":82,"x2":911}},
{"cs":[455,462,477,485],"xs":{"x1":83,"x2":908}},
{"cs":[542,549,556,565,572],"xs":{"x1":85,"x2":908}},
{"cs":[626,634,641,649,656],"xs":{"x1":86,"x2":911}},
{"cs":[717,725,732,740,748],"xs":{"x1":91,"x2":908}},
{"cs":[809,816,824,831,838],"xs":{"x1":83,"x2":908}},
{"cs":[890,897,904,913,920],"xs":{"x1":85,"x2":908}},
{"cs":[973,980,987,995,1002],"xs":{"x1":85,"x2":906}}],
"bxs":[
[82,276,449,604,759,909],
[82,301,461,602,756,907],
[82,299,398,556,728,911],
[83,296,423,514,608,698,791,885],
[85,262,373,484,583,697,806,906],
[86,294,385,405,425,445,465,485,505,664,811,909],
[91,240,361,444,512,580,662,752,813,906],
[83,240,351,460,572,683,793,906],
[85,253,360,469,577,689,799,906],
[85,223,318,415,510,620,694,799,903]]},
{"cxs":[
{"cs":[126,133,141,149,156],"xs":{"x1":94,"x2":923}},
{"cs":[216,223,231,238,245],"xs":{"x1":93,"x2":922}},
{"cs":[302,309,316,323,332],"xs":{"x1":92,"x2":921}},
{"cs":[389,397,404,411,418],"xs":{"x1":95,"x2":921}},
{"cs":[480,487,494,502,510],"xs":{"x1":91,"x2":920}},
{"cs":[588,596,603,610,617,672,680,688,695,702],"xs":{"x1":87,"x2":923}},
{"cs":[780,787,795,802,810,862,869,877,884,891],"xs":{"x1":87,"x2":919}},
{"cs":[946,954,961,968,977],"xs":{"x1":87,"x2":920}}],
"bxs":[
[94,253,375,474,571,695,736,778,819,921],
[93,251,368,516,614,730,827,920],
[92,204,313,398,483,576,670,764,803,843,882],
[95,153,211,269,327,622,918],
[91,283,474,598,789,917],
[87,346,470,609,736,920],
[87,296,495,636,806,916],
[87,298,429,535,646,759,896]]},
{"cxs":[
{"cs":[153,781],"xs":{"x1":55,"x2":927}},
{"cs":[828,863],"xs":{"x1":78,"x2":910}},
{"cs":[923,930,937,944,951],"xs":{"x1":77,"x2":910}},
{"cs":[998,1005,1012,1019,1026],"xs":{"x1":76,"x2":910}}],
"bxs":[
[],
[392,612,745,910],
[77,285,433,577,768,907],
[76,310,490,638,750,789,829,868,907]]},
{"cxs":[
{"cs":[163,170,178,185,193],"xs":{"x1":80,"x2":917}},
{"cs":[261,269,276,283,291],"xs":{"x1":80,"x2":914}},
{"cs":[366,374,381,389,397],"xs":{"x1":81,"x2":913}},
{"cs":[469,476,484,491,498],"xs":{"x1":83,"x2":911}},
{"cs":[557,566,573,580,588],"xs":{"x1":83,"x2":914}},
{"cs":[640,647,654,662,669],"xs":{"x1":83,"x2":913}},
{"cs":[731,738,746,753,761],"xs":{"x1":82,"x2":913}},
{"cs":[822,829,836,843,851],"xs":{"x1":82,"x2":914}},
{"cs":[900,908,916,923,930,937],"xs":{"x1":83,"x2":914}},
{"cs":[982,990,997,1004,1012],"xs":{"x1":82,"x2":914}}],
"bxs":[
[80,248,424,590,751,914],
[80,293,456,599,757,911],
[81,288,389,549,723,910],
[83,290,423,516,607,697,789,882],
[83,246,359,473,587,698,812,910],
[83,283,374,394,414,435,455,475,495,657,807,910],
[82,217,343,425,496,570,656,748,813,910],
[82,256,366,475,583,694,801,910],
[83,272,377,483,589,695,803,911],
[82,234,327,422,516,627,701,807,911]]},
{"cxs":[
{"cs":[144,152,159,167,174],"xs":{"x1":90,"x2":923}},
{"cs":[233,240,247,262],"xs":{"x1":91,"x2":747}},
{"cs":[322,330,337,344,352],"xs":{"x1":91,"x2":923}},
{"cs":[410,441],"xs":{"x1":90,"x2":923}},
{"cs":[502,509,517,524,531],"xs":{"x1":91,"x2":923}},
{"cs":[607,719],"xs":{"x1":90,"x2":921}},
{"cs":[799,912],"xs":{"x1":91,"x2":924}},
{"cs":[965,993],"xs":{"x1":89,"x2":892}}],
"bxs":[
[90,258,368,457,546,662,698,734,770,922],
[91,278,392,539,628,741,833,921],
[91,239,344,425,509,592,675,762,794,825,857],
[90,148,206,263,321,623,923],
[91,252,450,589,786,921],
[90,324,456,602,730,921],
[91,278,486,630,813,924],
[89,275,411,520,627,735,892]]},
{"cxs":[
{"cs":[134,141,149,157,164],"xs":{"x1":84,"x2":927}},
{"cs":[231,239,246,253,261,269,276,331,338,348,353,360],"xs":{"x1":85,"x2":925}},
{"cs":[429,437,445,452,459,513,520,527,535,542],"xs":{"x1":85,"x2":926}},
{"cs":[612,620,627,642],"xs":{"x1":86,"x2":929}},
{"cs":[698,705,713,720,727],"xs":{"x1":86,"x2":927}},
{"cs":[789,798,805,812,819],"xs":{"x1":90,"x2":927}},
{"cs":[883,893,898,905,913],"xs":{"x1":90,"x2":928}},
{"cs":[969,977,984,991,999],"xs":{"x1":89,"x2":929}}],
"bxs":[
[84,276,344,463,529,652,770,896],
[85,235,398,503,660,761,925],
[85,279,606,924],
[86,399,498,601,744,926],
[86,245,457,483,509,536,562,588,630,675,744,856],
[90,299,429,546,674,789,902],
[90,327,412,533,759,926],
[89,322,449,547,703,926]]},
{"cxs":[
{"cs":[128,135,143,151,158],"xs":{"x1":86,"x2":929}},
{"cs":[214,221,228,235,243],"xs":{"x1":87,"x2":928}},
{"cs":[311,318,326,334,341,391,398,405,412,420],"xs":{"x1":75,"x2":926}},
{"cs":[507,514,522,529,536,587,595,602,609,617],"xs":{"x1":75,"x2":921}},
{"cs":[679,686,693,700,708],"xs":{"x1":90,"x2":920}},
{"cs":[793,801,809,816],"xs":{"x1":90,"x2":918}},
{"cs":[872,880,887,894,901],"xs":{"x1":91,"x2":917}},
{"cs":[958,966,974,981,988],"xs":{"x1":89,"x2":915}}],
"bxs":[
[86,316,470,621,746,908],
[87,333,504,668,799,926],
[75,313,459,665,808,926],
[75,293,424,677,797,921],
[90,258,434,568,738,904],
[90,311,444,636,716,844,918],
[91,208,278,412,548,698,833,917],
[89,340,501,661,806,833,861,888,915]]},
{"cxs":[
{"cs":[156,164,171,178,186],"xs":{"x1":75,"x2":921}},
{"cs":[246,253,269,276],"xs":{"x1":74,"x2":922}},
{"cs":[335,343,350,357,364],"xs":{"x1":74,"x2":917}},
{"cs":[427,434,442,449,457],"xs":{"x1":72,"x2":916}},
{"cs":[520,527,534,541,549],"xs":{"x1":72,"x2":918}},
{"cs":[625,632,639,646,654],"xs":{"x1":73,"x2":913}},
{"cs":[724,731,739,746,754],"xs":{"x1":72,"x2":913}},
{"cs":[821,828,836,843,850],"xs":{"x1":71,"x2":911}},
{"cs":[914,921,928,935,942],"xs":{"x1":76,"x2":909}},
{"cs":[989,996,1003,1011,1018],"xs":{"x1":71,"x2":908}}],
"bxs":[
[75,270,373,562,658,751,918],
[74,317,462,608,741,919],
[74,339,433,530,663,813,914],
[72,308,402,475,578,686,761,913],
[72,216,296,412,436,460,483,507,621,719,915],
[73,263,380,556,752,909],
[72,281,434,655,826,909],
[71,273,389,477,690,781,908],
[76,253,471,577,669,809,906],
[71,308,392,475,617,759,908]]},
{"cxs":[
{"cs":[234,241,248,256,263],"xs":{"x1":272,"x2":905}},
{"cs":[327,335,341,348,356],"xs":{"x1":90,"x2":906}},
{"cs":[422,429,436,444,451],"xs":{"x1":91,"x2":907}},
{"cs":[522,530,543,551],"xs":{"x1":91,"x2":907}},
{"cs":[615,623,637,644],"xs":{"x1":91,"x2":909}},
{"cs":[708,715,722,729,738],"xs":{"x1":91,"x2":908}},
{"cs":[803,810,817,824,831],"xs":{"x1":89,"x2":908}},
{"cs":[892,899,906,914,922],"xs":{"x1":89,"x2":909}},
{"cs":[982,989,996,1003,1011],"xs":{"x1":89,"x2":908}}],
"bxs":[
[272,455,573,679,797,902],
[90,242,354,495,607,694,813,843,874,904],
[91,271,367,460,572,682,793,905],
[91,118,146,173,201,228,250,272,294,315,337,359,444,566,708,885],
[91,273,377,484,589,689,785,907],
[91,232,316,416,495,582,652,789,906],
[89,211,304,416,513,617,700,805,906],
[89,232,339,446,562,682,802,906],
[89,243,352,465,575,684,760,836,906]]},
{"cxs":[
{"cs":[154,161,168,175,182],"xs":{"x1":83,"x2":906}},
{"cs":[242,249,256,263,272],"xs":{"x1":83,"x2":904}},
{"cs":[336,343,350,357,365],"xs":{"x1":84,"x2":906}},
{"cs":[426,433,440,448,455],"xs":{"x1":83,"x2":904}},
{"cs":[519,526,533,540,547],"xs":{"x1":83,"x2":906}},
{"cs":[610,619,625,632,640],"xs":{"x1":83,"x2":906}},
{"cs":[710,718,725,731,740],"xs":{"x1":82,"x2":905}},
{"cs":[804,811,818,825,833],"xs":{"x1":83,"x2":906}},
{"cs":[887,894,902,909,917],"xs":{"x1":82,"x2":908}},
{"cs":[990,998,1005,1013,1020],"xs":{"x1":89,"x2":911}}],
"bxs":[
[83,337,453,614,757,904],
[83,270,398,493,637,738,868],
[84,300,455,609,763,903],
[83,287,483,695,870],
[83,269,580,904],
[83,399,671,903],
[82,429,708,903],
[83,416,665,904],
[82,298,549,728,902],
[89,279,449,597,748,905]]},
{"cxs":[
{"cs":[155,182],"xs":{"x1":84,"x2":884}},
{"cs":[257,264,272,279,286],"xs":{"x1":87,"x2":907}},
{"cs":[361,368,375,383,391],"xs":{"x1":87,"x2":909}},
{"cs":[465,472,480,487,494],"xs":{"x1":89,"x2":909}},
{"cs":[570,578,585,592,599],"xs":{"x1":90,"x2":908}},
{"cs":[671,686,693,701],"xs":{"x1":89,"x2":910}},
{"cs":[777,784,791,799,807],"xs":{"x1":89,"x2":910}},
{"cs":[879,887,894,901,908],"xs":{"x1":90,"x2":909}},
{"cs":[984,992,998,1006,1013],"xs":{"x1":87,"x2":909}}],
"bxs":[
[84,504,884],
[87,532,715,905],
[87,304,481,650,678,706,734,762,907],
[89,273,469,596,759,907],
[90,342,520,699,906],
[89,361,563,733,907],
[89,418,577,740,907],
[90,328,480,719,886],
[87,313,479,678,792,909]]},
{"cxs":[
{"cs":[135,142,150,157,165],"xs":{"x1":101,"x2":910}},
{"cs":[227,234,241,248,255],"xs":{"x1":99,"x2":908}},
{"cs":[319,328,335,342,349],"xs":{"x1":96,"x2":908}},
{"cs":[411,419,425,435,440],"xs":{"x1":94,"x2":906}},
{"cs":[502,510,516,524,531],"xs":{"x1":90,"x2":904}},
{"cs":[592,600,606,614,622],"xs":{"x1":89,"x2":904}},
{"cs":[684,692,698,706,713],"xs":{"x1":86,"x2":903}},
{"cs":[787,795,802,810,817],"xs":{"x1":86,"x2":905}},
{"cs":[879,886,893,901,908],"xs":{"x1":84,"x2":904}},
{"cs":[982,989,996,1003,1011],"xs":{"x1":182,"x2":904}}],
"bxs":[
[101,296,403,515,662,777,907],
[99,280,351,490,620,751,814,907],
[96,303,421,522,655,749,827,905],
[94,284,394,481,571,682,795,906],
[90,227,322,419,530,688,883],
[89,320,470,620,767,902],
[86,342,522,671,785,900],
[86,274,456,540,712,902],
[84,406,509,630,730,904],
[86,409,616,769,904]]},
{"cxs":[
{"cs":[163,171,178,188,192,200],"xs":{"x1":92,"x2":903}},
{"cs":[261,269,276,283,290],"xs":{"x1":94,"x2":903}},
{"cs":[352,360,367,374,381],"xs":{"x1":94,"x2":904}},
{"cs":[455,462,468,476,484],"xs":{"x1":449,"x2":903}},
{"cs":[542,550,556,564,572],"xs":{"x1":97,"x2":900}},
{"cs":[632,640,647,654,661],"xs":{"x1":96,"x2":900}},
{"cs":[729,737,744,751,758],"xs":{"x1":96,"x2":902}},
{"cs":[822,829,836,843,850],"xs":{"x1":95,"x2":903}},
{"cs":[915,922,929,936,944],"xs":{"x1":93,"x2":900}},
{"cs":[1004,1012,1019,1026,1034],"xs":{"x1":92,"x2":902}}],
"bxs":[
[92,324,513,700,900],
[94,291,446,584,724,900],
[94,287,408,444,480,516,644,772,902],
[92,227,303,384,602,764,901],
[97,308,489,669,872],
[96,344,462,565,655,747,847],
[96,323,468,614,759,900],
[95,305,453,602,752,901],
[93,330,512,687,866],
[92,304,474,643,752,827,899]]},
{"cxs":[
{"cs":[124,131,138,145,154],"xs":{"x1":92,"x2":906}},
{"cs":[221,228,235,242,250],"xs":{"x1":91,"x2":904}},
{"cs":[322,330,337,345,352,358],"xs":{"x1":90,"x2":901}},
{"cs":[426,433,440,448,455],"xs":{"x1":89,"x2":903}},
{"cs":[510,518,524,532,539],"xs":{"x1":87,"x2":903}},
{"cs":[597,604,611,619,626],"xs":{"x1":87,"x2":902}},
{"cs":[696,703,710,718,725],"xs":{"x1":87,"x2":905}},
{"cs":[791,799,806,813,820],"xs":{"x1":85,"x2":904}},
{"cs":[888,896,902,909,918],"xs":{"x1":86,"x2":906}},
{"cs":[992,999,1006,1013,1020],"xs":{"x1":82,"x2":908}}],
"bxs":[
[92,278,400,530,661,786,903],
[91,305,408,539,653,778,902],
[90,254,351,423,547,653,759,858],
[89,293,451,591,780,901],
[87,296,446,644,805,901],
[87,320,486,647,734,899],
[87,338,523,710,902],
[85,320,523,647,769,902],
[86,288,430,573,749,903],
[82,289,480,644,787,846,905]]},
{"cxs":[
{"cs":[145,153,164,168,175],"xs":{"x1":102,"x2":913}},
{"cs":[241,248,255,262,270],"xs":{"x1":103,"x2":910}},
{"cs":[344,351,358,365,373,423,430,437,445,452],"xs":{"x1":98,"x2":910}},
{"cs":[518,526,533,539,547],"xs":{"x1":98,"x2":909}},
{"cs":[620,627,634,641,649],"xs":{"x1":373,"x2":908}},
{"cs":[726,733,741,748,755,804,811,818,825,833],"xs":{"x1":87,"x2":910}},
{"cs":[911,919,926,933,940,984,991,998,1005,1013],"xs":{"x1":95,"x2":909}}],
"bxs":[
[102,313,469,652,769,909],
[103,267,389,524,619,717,801,908],
[98,253,375,466,579,730,820,907],
[98,233,325,435,529,616,711,808,907],
[98,237,340,460,549,676,781,906],
[87,240,420,650,907],
[95,366,569,746,884]]},
{"cxs":[
{"cs":[149,263],"xs":{"x1":100,"x2":910}},
{"cs":[334,342,349,356,363,370],"xs":{"x1":99,"x2":906}},
{"cs":[438,446,453,460,468],"xs":{"x1":100,"x2":907}},
{"cs":[532,539,549,553,561],"xs":{"x1":99,"x2":906}},
{"cs":[627,634,641,648,655],"xs":{"x1":99,"x2":908}},
{"cs":[723,730,738,745,753],"xs":{"x1":98,"x2":909}},
{"cs":[817,824,831,838,845],"xs":{"x1":98,"x2":909}},
{"cs":[906,915,921,929,936],"xs":{"x1":346,"x2":908}},
{"cs":[994,1002,1008,1016,1023],"xs":{"x1":97,"x2":914}}],
"bxs":[
[100,370,488,708,910],
[99,379,539,692,904],
[100,355,531,687,905],
[99,479,717,904],
[99,242,389,524,620,750,905],
[98,294,469,594,696,812,906],
[98,326,552,706,907],
[99,380,647,886],
[97,364,618,910]]},
{"cxs":[
{"cs":[142,150,157,165,172],"xs":{"x1":93,"x2":918}},
{"cs":[243,250,257,264,272],"xs":{"x1":90,"x2":918}},
{"cs":[339,352,360,367],"xs":{"x1":95,"x2":919}},
{"cs":[436,444,451,459,466],"xs":{"x1":95,"x2":919}},
{"cs":[535,542,549,557,565],"xs":{"x1":95,"x2":917}},
{"cs":[638,645,652,659,666],"xs":{"x1":94,"x2":916}},
{"cs":[733,741,748,755,763],"xs":{"x1":94,"x2":916}},
{"cs":[832,839,846,854,861],"xs":{"x1":93,"x2":917}},
{"cs":[915,1023],"xs":{"x1":94,"x2":918}}],
"bxs":[
[93,316,476,724,801,916],
[90,279,408,657,916],
[95,316,509,623,758,916],
[95,337,549,766,915],
[95,315,494,748,915],
[94,281,481,593,667,789,854,914],
[94,345,505,659,768,914],
[93,273,429,604,768,789,810,831,851,872,893,914],
[94,280,400,516,662,758,918]]},
{"cxs":[
{"cs":[146,155,161,169,176],"xs":{"x1":83,"x2":911}},
{"cs":[242,249,256,263,272],"xs":{"x1":85,"x2":909}},
{"cs":[334,341,348,355,363],"xs":{"x1":85,"x2":907}},
{"cs":[432,439,448,454,461],"xs":{"x1":85,"x2":908}},
{"cs":[527,535,541,548,556],"xs":{"x1":85,"x2":907}},
{"cs":[633,663],"xs":{"x1":85,"x2":909}},
{"cs":[726,733,741,748,755],"xs":{"x1":86,"x2":909}},
{"cs":[811,818,824,832,839],"xs":{"x1":85,"x2":910}},
{"cs":[896,904,911,919,926],"xs":{"x1":85,"x2":911}},
{"cs":[985,993,1000,1007,1014],"xs":{"x1":84,"x2":911}}],
"bxs":[
[83,310,425,579,743,908],
[85,269,370,494,643,787,906],
[85,291,582,723,863],
[85,316,459,636,726,905],
[85,220,413,573,734,752,769,787,804,822,839,857,874],
[85,312,592,909],
[86,312,470,538,662,783,907],
[85,279,417,556,697,908],
[85,330,494,698,908],
[84,278,426,629,768,792,816,840,863,887,911]]},
{"cxs":[
{"cs":[130,137,144,152,160],"xs":{"x1":90,"x2":908}},
{"cs":[222,229,236,244,251],"xs":{"x1":91,"x2":909}},
{"cs":[313,344],"xs":{"x1":93,"x2":906}},
{"cs":[408,415,422,430,437],"xs":{"x1":92,"x2":907}},
{"cs":[503,510,517,524,532],"xs":{"x1":89,"x2":906}},
{"cs":[588,595,602,609,616],"xs":{"x1":91,"x2":906}},
{"cs":[689,696,703,710],"xs":{"x1":90,"x2":573}},
{"cs":[780,787,803,810],"xs":{"x1":90,"x2":904}},
{"cs":[876,890,898,905],"xs":{"x1":90,"x2":806}},
{"cs":[972,980,987,994,1001],"xs":{"x1":86,"x2":904}}],
"bxs":[
[90,271,381,484,566,678,789,906],
[91,238,372,487,582,704,804,907],
[93,299,452,605,744,906],
[92,260,402,525,659,786,905],
[89,131,172,214,255,261,266,272,278,284,289,295,301,307,312,318,324,329,335,341,347,352,358,364,369,375,381,387,392,398,420,442,464,486,508,649,795,905],
[91,287,381,528,617,764,904],
[90,282,331,381,430,563,656,776,905],
[90,282,419,583,740,862],
[90,332,647,899],
[86,468,630,756,879]]},
{"cxs":[
{"cs":[126,133,140,148,155],"xs":{"x1":104,"x2":922}},
{"cs":[225,232,239,247,254],"xs":{"x1":104,"x2":922}},
{"cs":[325,332,339,346,353],"xs":{"x1":104,"x2":922}},
{"cs":[418,426,432,439,448],"xs":{"x1":103,"x2":921}},
{"cs":[512,519,526,533,540,591,599,605,613,621],"xs":{"x1":77,"x2":919}},
{"cs":[689,696,702,710,717,764,771,778,785,792],"xs":{"x1":100,"x2":916}},
{"cs":[858,865,872,879,887],"xs":{"x1":100,"x2":918}},
{"cs":[962,970,977,984,992],"xs":{"x1":100,"x2":919}}],
"bxs":[
[104,261,433,605,750,905],
[104,344,389,434,478,523,716,828,919],
[104,282,475,648,824,922],
[103,263,359,454,546,640,775,799,824,848,872,897,921],
[101,273,442,568,679,790,919],
[100,323,448,572,708,855],
[100,129,158,187,216,244,273,302,331,360,446,467,488,509,530,551,572,593,918],
[100,302,444,607,753,916]]},
{"cxs":[
{"cs":[127,134,141,150,157,231,239,245,252,260,338,344,352,359,366,433,440,449,456,463],"xs":{"x1":108,"x2":907}},
{"cs":[564,571,578,585,592],"xs":{"x1":93,"x2":905}},
{"cs":[687,695,702,709,716],"xs":{"x1":96,"x2":904}},
{"cs":[805,813,819,826,834],"xs":{"x1":93,"x2":906}},
{"cs":[921,929,936,943,950],"xs":{"x1":92,"x2":906}}],
"bxs":[
[108,300,419,538,667,710,759,907],
[93,443,762,854],
[96,268,516,657,902],
[93,361,543,685,900],
[92,384,593,701,897]]}]

Violin 2
[1000,
{"cxs":[
{"cs":[221,253],"xs":{"x1":241,"x2":910}},
{"cs":[319,327,334,341,349],"xs":{"x1":93,"x2":909}},
{"cs":[408,416,424,431,438],"xs":{"x1":92,"x2":910}},
{"cs":[505,512,519,527,534],"xs":{"x1":94,"x2":910}},
{"cs":[594,601,609,616,623],"xs":{"x1":94,"x2":910}},
{"cs":[692,700,707,714,722],"xs":{"x1":96,"x2":909}},
{"cs":[800,807,814,822,829],"xs":{"x1":101,"x2":909}},
{"cs":[879,886,893,900,908,915],"xs":{"x1":99,"x2":909}}],
"bxs":[
[241,373,508,628,768,910],
[93,270,396,532,659,782,907],
[92,261,278,296,313,330,348,365,531,664,794,832,870,908],
[94,232,349,465,585,700,802,908],
[94,229,340,456,571,687,710,733,756,849,908],
[96,353,445,568,677,801,906],
[101,241,333,443,537,634,729,821,835,849,864,878,892,906],
[99,287,441,545,643,752,906]]},
{"cxs":[
{"cs":[134,141,150,157,164],"xs":{"x1":98,"x2":918}},
{"cs":[222,229,237,244,251],"xs":{"x1":99,"x2":917}},
{"cs":[330,338,345,352,359,414,421,428,435,444],"xs":{"x1":95,"x2":915}},
{"cs":[503,510,517,524,531,578,585,592,599,607],"xs":{"x1":94,"x2":913}},
{"cs":[668,675,683,697],"xs":{"x1":95,"x2":907}},
{"cs":[760,767,775,782,789],"xs":{"x1":94,"x2":907}},
{"cs":[851,860,867,874,882],"xs":{"x1":95,"x2":909}},
{"cs":[951,959,966,974,981],"xs":{"x1":94,"x2":913}}],
"bxs":[
[98,238,356,472,592,709,813,915],
[99,232,345,456,568,593,618,643,668,693,780,914],
[95,274,406,531,747,913],
[94,305,456,607,773,910],
[95,296,439,581,744,905],
[94,282,410,537,723,904],
[95,347,428,508,585,665,744,909],
[94,257,353,449,543,641,742,761,779,798,816,835,853,872,890,909]]},
{"cxs":[
{"cs":[161,168,176,182,190],"xs":{"x1":93,"x2":919}},
{"cs":[249,256,263,271,278],"xs":{"x1":94,"x2":920}},
{"cs":[344,351,359,366,373,418,426,432,439,448],"xs":{"x1":78,"x2":919}},
{"cs":[512,519,526,533,540,593,600,608,615,623],"xs":{"x1":91,"x2":919}},
{"cs":[688,695,702,709,716],"xs":{"x1":92,"x2":920}},
{"cs":[770,802],"xs":{"x1":94,"x2":918}},
{"cs":[861,868,875,882,889],"xs":{"x1":92,"x2":922}},
{"cs":[947,954,961,968,976],"xs":{"x1":92,"x2":923}}],
"bxs":[
[93,285,405,544,659,687,714,742,769,916],
[94,314,488,631,772,917],
[78,288,371,511,644,779,917],
[91,282,417,554,565,576,587,598,608,619,630,641,652,747,917],
[92,151,209,268,326,545,647,706,787,917],
[94,229,321,466,588,605,622,639,656,673,690,797,837,878,918],
[92,281,403,529,697,804,919],
[92,288,436,522,643,739,811,919]]},
{"cxs":[
{"cs":[142,150,157,164,171],"xs":{"x1":93,"x2":917}},
{"cs":[222,229,236,243,251],"xs":{"x1":92,"x2":918}},
{"cs":[309,316,323,331,338,384,391,398,405,412],"xs":{"x1":79,"x2":919}},
{"cs":[469,500],"xs":{"x1":96,"x2":914}},
{"cs":[575,583,590,597,604],"xs":{"x1":93,"x2":913}},
{"cs":[687,694,701,708,715,777,784,791,799],"xs":{"x1":94,"x2":918}},
{"cs":[878,885,892,899,906,962,969,977,984],"xs":{"x1":97,"x2":920}}],
"bxs":[
[93,269,371,501,587,732,823,915],
[92,266,369,505,646,747,915],
[79,299,464,632,799,917],
[96,341,532,727,914],
[93,315,509,719,885],
[94,207,284,361,439,518,594,673,752,829,915],
[97,315,490,604,751,830,917]]},
{"cxs":[
{"cs":[128,135,142,151,158,203,211,217,224,232],"xs":{"x1":78,"x2":923}},
{"cs":[299,306,313,320,329,375,384,391,398,404],"xs":{"x1":78,"x2":918}},
{"cs":[472,480,487,494,502,550,557,565,572,579],"xs":{"x1":77,"x2":919}},
{"cs":[650,658,665,672,680,726,734,742,749,756],"xs":{"x1":77,"x2":919}},
{"cs":[823,831,838,845,852],"xs":{"x1":92,"x2":915}},
{"cs":[920,927,934,941,948],"xs":{"x1":90,"x2":922}}],
"bxs":[
[78,212,364,462,594,767,921],
[78,318,469,555,640,726,836,916],
[77,323,510,662,742,916],
[77,273,418,503,724,916],
[92,205,356,512,647,662,676,691,705,720,734,749,763,911],
[90,123,157,190,224,257,334,453,554,621,748,805,857]]},
{"cxs":[
{"cs":[117,124,131,139,146,193,200,208,215,222,268,275,282,289,296],"xs":{"x1":140,"x2":922}},
{"cs":[353,363,368,375,383,427,434,442,449,456,497,506,520,526],"xs":{"x1":91,"x2":920}},
{"cs":[583,591,598,605,612,655,662,669,677,684,725,732,740,747,754],"xs":{"x1":91,"x2":924}},
{"cs":[808,816,823,830,837,872,879,886,893,900,935,943,950,956,963],"xs":{"x1":89,"x2":922}}],
"bxs":[
[140,328,419,545,670,795,920],
[91,294,359,474,542,654,768,918],
[91,278,394,456,572,686,825,921],
[89,130,171,212,253,351,498,616,800,824,849,873,898,922]]},
{"cxs":[
{"cs":[102,109,117,124,131,196,203,211,218,225],"xs":{"x1":91,"x2":921}},
{"cs":[296,303,311,318,325,381,389,396,403,410],"xs":{"x1":92,"x2":922}},
{"cs":[482,490,497,505,512],"xs":{"x1":92,"x2":920}},
{"cs":[566,573,580,587,594],"xs":{"x1":93,"x2":919}},
{"cs":[664,671,680,687,693],"xs":{"x1":92,"x2":920}},
{"cs":[748,755,762,770,777],"xs":{"x1":91,"x2":921}},
{"cs":[825,860],"xs":{"x1":92,"x2":922}},
{"cs":[914,922,929,935,943],"xs":{"x1":91,"x2":922}}],
"bxs":[
[91,278,460,612,764,919],
[92,357,544,730,919],
[92,301,369,460,554,682,828],
[93,301,470,624,757,916],
[92,330,389,448,603,759,917],
[91,301,446,603,759,918],
[92,316,460,600,762,922],
[91,184,258,403,517,802,867,919]]},
{"cxs":[
{"cs":[119,126,133,141,149],"xs":{"x1":92,"x2":921}},
{"cs":[204,212,219,226,233],"xs":{"x1":92,"x2":920}},
{"cs":[285,292,299,307,314,359,366,373,380,388],"xs":{"x1":78,"x2":919}},
{"cs":[453,460,467,474,517,524,531,538,545],"xs":{"x1":89,"x2":920}},
{"cs":[600,608,615,622,630],"xs":{"x1":90,"x2":919}},
{"cs":[685,692,699,706,713],"xs":{"x1":89,"x2":920}},
{"cs":[766,773,780,788,796],"xs":{"x1":90,"x2":920}},
{"cs":[849,858,865,871,879],"xs":{"x1":90,"x2":921}},
{"cs":[932,939,946,953,960],"xs":{"x1":90,"x2":921}}],
"bxs":[
[92,337,527,724,918],
[92,338,512,630,801,840,878,917],
[78,280,347,476,606,686,916],
[89,328,489,630,771,916],
[90,319,474,612,788,916],
[89,269,480,637,776,917],
[90,286,421,576,744,917],
[90,298,458,611,768,918],
[90,274,413,564,715,836,918]]},
{"cxs":[
{"cs":[110,118,125,132,139],"xs":{"x1":89,"x2":918}},
{"cs":[201,216,223,231],"xs":{"x1":90,"x2":919}},
{"cs":[290,297,304,312,319],"xs":{"x1":91,"x2":918}},
{"cs":[378,393,400,407],"xs":{"x1":92,"x2":918}},
{"cs":[465,496],"xs":{"x1":97,"x2":916}},
{"cs":[556,674],"xs":{"x1":96,"x2":916}},
{"cs":[736,743,750,757,764],"xs":{"x1":92,"x2":921}},
{"cs":[825,832,839,846,854],"xs":{"x1":93,"x2":922}},
{"cs":[915,922,929,936,943],"xs":{"x1":91,"x2":921}}],
"bxs":[
[89,302,450,600,763,916],
[90,316,486,637,766,916],
[91,303,480,658,826,915],
[92,344,524,718,915],
[97,340,505,778,916],
[96,288,408,570,744,916],
[92,349,543,720,918],
[93,335,528,741,919],
[91,303,473,578,753,918]]},
{"cxs":[
{"cs":[141,150,156,164,171],"xs":{"x1":94,"x2":922}},
{"cs":[225,232,239,246,253],"xs":{"x1":93,"x2":922}},
{"cs":[310,411],"xs":{"x1":92,"x2":920}},
{"cs":[468,475,483,490,497],"xs":{"x1":93,"x2":920}},
{"cs":[569,576,583,591,598],"xs":{"x1":93,"x2":918}},
{"cs":[670,678,685,692,699],"xs":{"x1":93,"x2":916}},
{"cs":[750,758,766,772,780,787],"xs":{"x1":94,"x2":916}},
{"cs":[870,877,885,892,899],"xs":{"x1":93,"x2":917}},
{"cs":[951,958,965,973,980],"xs":{"x1":90,"x2":917}}],
"bxs":[
[94,288,406,524,650,786,919],
[93,327,404,482,611,752,833,919],
[92,224,305,420,431,442,453,465,476,487,498,509,517,526,534,543,551,560,568,577,585,593,602,610,619,627,636,644,653,661,746,829,920],
[93,228,308,396,480,563,643,725,811,920],
[93,268,368,491,621,918],
[93,315,455,610,765,913],
[94,321,502,609,772,913],
[93,304,379,507,627,802,914],
[90,286,413,424,436,447,458,469,481,492,589,620,651,681,712,835,879,917]]},
{"cxs":[
{"cs":[130,137,144,152,159],"xs":{"x1":85,"x2":914}},
{"cs":[212,219,226,233,240],"xs":{"x1":85,"x2":913}},
{"cs":[293,300,307,314,322],"xs":{"x1":84,"x2":911}},
{"cs":[374,390,397,403],"xs":{"x1":85,"x2":910}},
{"cs":[456,463,470,478,485],"xs":{"x1":85,"x2":908}},
{"cs":[557,565,572,579,586],"xs":{"x1":85,"x2":906}},
{"cs":[645,652,659,666,673],"xs":{"x1":84,"x2":908}},
{"cs":[742,750,757,764,771],"xs":{"x1":84,"x2":907}},
{"cs":[837,845,852,860,867],"xs":{"x1":83,"x2":905}},
{"cs":[928,935,942,949,956],"xs":{"x1":81,"x2":906}}],
"bxs":[
[85,291,459,510,567,715,731,748,764,780,796,813,829,845,861,878,894,910],
[85,329,501,683,763,910],
[84,297,461,498,536,573,733,908],
[85,328,464,594,784,907],
[85,269,389,474,608,799,905],
[85,300,525,651,777,903],
[84,297,440,602,745,905],
[84,337,470,605,755,904],
[83,287,475,611,758,902],
[81,321,491,659,828]]},
{"cxs":[
{"cs":[136,144,152,159,166],"xs":{"x1":95,"x2":913}},
{"cs":[227,234,241,249,256],"xs":{"x1":95,"x2":915}},
{"cs":[316,323,331,339,346],"xs":{"x1":97,"x2":913}},
{"cs":[404,411,418,426,433],"xs":{"x1":94,"x2":909}},
{"cs":[481,579],"xs":{"x1":94,"x2":883}},
{"cs":[637,645,651,659,666],"xs":{"x1":95,"x2":910}},
{"cs":[723,730,739,746,752],"xs":{"x1":96,"x2":909}},
{"cs":[805,812,819,827,834],"xs":{"x1":96,"x2":910}},
{"cs":[888,895,902,909,918],"xs":{"x1":94,"x2":909}},
{"cs":[974,982,989,996,1003],"xs":{"x1":95,"x2":907}}],
"bxs":[
[95,174,254,333,503,587,668,752,830,913],
[95,298,372,503,548,586,734,911],
[97,266,336,434,625,738,910],
[94,331,488,647,680,713,746,906],
[94,290,409,527,646,731,802,883],
[95,269,366,484,634,908],
[96,353,551,688,907],
[96,377,595,752,907],
[94,279,410,587,698,801,909],
[95,302,423,560,682,802,905]]},
{"cxs":[
{"cs":[126,133,140,148,155],"xs":{"x1":89,"x2":922}},
{"cs":[220,228,235,242,249],"xs":{"x1":92,"x2":919}},
{"cs":[307,314,321,330,336],"xs":{"x1":94,"x2":920}},
{"cs":[402,409,416,424,430],"xs":{"x1":92,"x2":918}},
{"cs":[488,494,502,510,517,523],"xs":{"x1":94,"x2":921}},
{"cs":[589,596,603,611],"xs":{"x1":93,"x2":917}},
{"cs":[694,701,708,716,723,776,784,790,799,806],"xs":{"x1":90,"x2":917}},
{"cs":[859,866,873,880,887,930,937,944,951,958],"xs":{"x1":90,"x2":916}}],
"bxs":[
[89,340,535,658,778,919],
[92,268,375,484,600,662,681,700,719,738,757,776,795,916],
[94,245,336,520,655,785,917],
[92,278,413,487,678,758,915],
[94,277,414,547,724,921],
[93,227,274,320,419,594,748,841],
[90,262,344,426,510,591,674,756,837,915],
[90,281,364,489,574,654,793,802,812,821,830,840,849,858,868,877,886,895,905,914]]},
{"cxs":[
{"cs":[129,137,144,152,159],"xs":{"x1":96,"x2":916}},
{"cs":[218,226,233,240,247],"xs":{"x1":97,"x2":916}},
{"cs":[307,314,322,330,337],"xs":{"x1":96,"x2":913}},
{"cs":[399,512],"xs":{"x1":95,"x2":895}},
{"cs":[577,585,592,599,606],"xs":{"x1":97,"x2":910}},
{"cs":[669,678,684,691,698],"xs":{"x1":98,"x2":910}},
{"cs":[787,796,803,810,817],"xs":{"x1":100,"x2":911}},
{"cs":[882,889,897,904,911],"xs":{"x1":101,"x2":910}},
{"cs":[961,968,976,983,990],"xs":{"x1":100,"x2":909}}],
"bxs":[
[96,261,408,546,635,793,913],
[97,122,147,172,197,222,246,271,296,321,346,448,502,554,640,666,692,718,744,801],
[96,125,154,183,212,241,270,403,579,741,795,850],
[95,230,298,440,556,672,776,895],
[97,313,418,520,643,907],
[98,350,510,531,552,573,593,614,635,716,780,909],
[100,266,431,507,586,769,908],
[101,273,396,516,659,783,907],
[100,276,418,542,669,793,906]]},
{"cxs":[
{"cs":[117,227],"xs":{"x1":89,"x2":923}},
{"cs":[287,294,301,309,316],"xs":{"x1":94,"x2":920}},
{"cs":[371,378,386,392,400],"xs":{"x1":91,"x2":921}},
{"cs":[449,457,464,471,478],"xs":{"x1":92,"x2":920}},
{"cs":[534,541,548,555,563],"xs":{"x1":90,"x2":920}},
{"cs":[628,635,642,649,656],"xs":{"x1":91,"x2":918}},
{"cs":[715,722,729,738],"xs":{"x1":90,"x2":918}},
{"cs":[791,799,806,812,819],"xs":{"x1":93,"x2":918}},
{"cs":[869,876,883,890,897],"xs":{"x1":90,"x2":917}},
{"cs":[947,954,961,969,977],"xs":{"x1":91,"x2":917}}],
"bxs":[
[89,226,323,418,513,612,705,824,923],
[94,244,367,474,581,688,812,917],
[91,214,308,348,388,428,561,634,762,825,918],
[92,263,386,508,615,711,832,917],
[90,255,330,457,566,690,790,917],
[91,208,310,412,528,598,702,802,915],
[90,262,342,422,503,581,705,788,915],
[93,203,298,309,320,331,343,354,365,376,454,533,613,726,804,915],
[90,255,370,472,512,554,615,696,807,917],
[91,236,276,315,425,524,631,737,833,876,914]]},
{"cxs":[
{"cs":[125,132,148,155,201,209,216,223,230],"xs":{"x1":91,"x2":920}},
{"cs":[285,293,300,307,314,354,362,369,376,384],"xs":{"x1":93,"x2":920}},
{"cs":[435,443,457,464,503,517,524,531],"xs":{"x1":93,"x2":918}},
{"cs":[587,594,601,608,663,678,685],"xs":{"x1":94,"x2":914}},
{"cs":[736,838],"xs":{"x1":94,"x2":913}},
{"cs":[886,893,900,907,915,952,959,967,975,982],"xs":{"x1":93,"x2":915}}],
"bxs":[
[91,247,350,427,508,581,671,761,880],
[93,149,205,261,381,499,621,717,815,918],
[93,260,372,483,593,707,803,916],
[94,266,370,475,580,684,789,911],
[94,274,390,504,602,717,793,913],
[93,283,403,523,644,726,856]]},
{"cxs":[
{"cs":[135,142,151,158,164,218,225,232,239],"xs":{"x1":77,"x2":924}},
{"cs":[302,310,317,325,385,392,399,406,413],"xs":{"x1":79,"x2":923}},
{"cs":[482,490,497,506,512],"xs":{"x1":92,"x2":920}},
{"cs":[574,581,589,596,603],"xs":{"x1":91,"x2":919}},
{"cs":[663,671,679,686,693],"xs":{"x1":93,"x2":919}},
{"cs":[764,771,778,785,792],"xs":{"x1":91,"x2":918}},
{"cs":[871,878,885,892,900],"xs":{"x1":91,"x2":920}},
{"cs":[952,982],"xs":{"x1":89,"x2":894}}],
"bxs":[
[90,234,337,479,638,762,923],
[92,286,426,570,736,836,920],
[92,330,547,722,917],
[91,300,398,518,769,916],
[93,530,916],
[91,442,614,915],
[91,308,607,917],
[89,283,362,481,722,894]]},
{"cxs":[
{"cs":[126,133,140,148,155,207,214,220,228,235],"xs":{"x1":78,"x2":922}},
{"cs":[297,304,311,318,327,381,389,396,403,410,464,471,479,486,493],"xs":{"x1":91,"x2":921}},
{"cs":[553,562,569,576,583,630,636,643,651,658],"xs":{"x1":91,"x2":917}},
{"cs":[711,719,726,733,741,782,789,797,804,811],"xs":{"x1":92,"x2":916}},
{"cs":[853,891],"xs":{"x1":95,"x2":895}}],
"bxs":[
[78,264,431,542,729,802,921],
[91,245,341,451,543,655,741,821,918],
[91,247,341,554,734,915],
[92,351,553,683,914],
[95,345,542,720,895]]},
{"cxs":[
{"cs":[879,886,893,900,908],"xs":{"x1":693,"x2":919}},
{"cs":[957,964,972,980,987],"xs":{"x1":95,"x2":919}}],
"bxs":[
[693,813,916],
[95,303,459,575,628,677,795,919]]},
{"cxs":[
{"cs":[95,102,111,117,125,171,178,185,192,200],"xs":{"x1":94,"x2":915}},
{"cs":[270,276,284,291,298,337,344,351,359,366],"xs":{"x1":87,"x2":917}},
{"cs":[413,420,427,435,443,482,489,496,504,512],"xs":{"x1":89,"x2":916}},
{"cs":[561,568,575,583,590,634,641,649,656,663],"xs":{"x1":89,"x2":916}},
{"cs":[714,721,729,737,744,781,789,797,804,811],"xs":{"x1":90,"x2":917}},
{"cs":[857,864,871,878,886,922,929,936,944,951],"xs":{"x1":86,"x2":916}}],
"bxs":[
[94,255,366,476,599,718,915],
[87,138,190,241,362,483,603,708,811,917],
[89,239,356,469,583,698,798,913],
[89,249,356,465,573,680,789,914],
[90,258,380,503,594,715,792,914],
[86,274,409,542,680,777,914]]},
{"cxs":[
{"cs":[114,121,129,136,144,188,195,202,211,218],"xs":{"x1":81,"x2":916}},
{"cs":[279,286,294,301,308,359,366,373,380,389],"xs":{"x1":93,"x2":917}},
{"cs":[457,464,471,479,487],"xs":{"x1":92,"x2":917}},
{"cs":[546,553,562,569,576],"xs":{"x1":94,"x2":916}},
{"cs":[634,641,649,656,663],"xs":{"x1":95,"x2":917}},
{"cs":[731,739,746,753,760],"xs":{"x1":96,"x2":918}},
{"cs":[835,842,850,858,865],"xs":{"x1":94,"x2":919}},
{"cs":[919,926,933,941,948],"xs":{"x1":93,"x2":918}}],
"bxs":[
[81,229,332,461,625,753,913],
[93,289,422,558,724,831,914],
[92,318,543,718,914],
[94,283,385,534,765,913],
[95,523,914],
[96,442,613,915],
[94,295,600,916],
[93,264,346,403,664,918]]},
{"cxs":[
{"cs":[115,122,129,193,200,208,215,222],"xs":{"x1":98,"x2":919}},
{"cs":[283,290,297,305,312,364,371,378,386,394,445,452,459,467,474],"xs":{"x1":84,"x2":918}},
{"cs":[533,540,547,555,563,607,614,622,629,637],"xs":{"x1":97,"x2":919}},
{"cs":[690,697,704,711,719,759,766,773,780,788],"xs":{"x1":98,"x2":916}},
{"cs":[838,845,854,861,868],"xs":{"x1":99,"x2":915}},
{"cs":[920,926,933,941,948],"xs":{"x1":102,"x2":910}}],
"bxs":[
[98,258,428,547,708,791,916],
[84,248,344,457,549,657,745,819,918],
[97,245,348,557,737,916],
[98,351,550,690,916],
[99,344,539,719,915],
[102,245,345,471,597,723,770,817,863,910]]},
{"cxs":[
{"cs":[121,128,135,142,196,203,211,218,225],"xs":{"x1":80,"x2":919}},
{"cs":[282,289,296,303,311,357,364,372,379,387],"xs":{"x1":80,"x2":918}},
{"cs":[439,472],"xs":{"x1":93,"x2":918}},
{"cs":[532,539,546,553,561],"xs":{"x1":95,"x2":919}},
{"cs":[621,628,635,642,649,693,700,707,714,721],"xs":{"x1":91,"x2":917}},
{"cs":[778,785,792,800,807,850,858,865,872,879],"xs":{"x1":78,"x2":917}},
{"cs":[938,946,953,960,967],"xs":{"x1":90,"x2":913}}],
"bxs":[
[90,339,488,655,800,862,917],
[92,128,177,225,273,421,572,738,918],
[93,314,468,622,802,918],
[95,274,360,446,552,674,817,916],
[91,352,525,678,917],
[91,246,421,578,757,914],
[90,708,913]]},
{"cxs":[
{"cs":[135,143,151,158,165],"xs":{"x1":100,"x2":919}},
{"cs":[228,235,243,250,257],"xs":{"x1":99,"x2":918}},
{"cs":[321,329,336,343,350],"xs":{"x1":99,"x2":916}},
{"cs":[409,416,424,431,438],"xs":{"x1":97,"x2":915}},
{"cs":[506,513,520,528,535],"xs":{"x1":98,"x2":913}},
{"cs":[589,620],"xs":{"x1":100,"x2":910}},
{"cs":[684,796],"xs":{"x1":96,"x2":909}},
{"cs":[854,885],"xs":{"x1":94,"x2":906}},
{"cs":[944,979],"xs":{"x1":95,"x2":884}}],
"bxs":[
[100,192,268,305,342,379,415,452,489,686,802,916],
[99,279,373,579,747,915],
[99,338,488,645,734,802,913],
[97,273,391,492,594,729,865],
[98,242,536,622,909],
[100,254,910],
[96,362,460,628,909],
[94,524,716,906],
[95,386,725,884]]},
{"cxs":[
{"cs":[145,160,168,175,232,239,246,253,261],"xs":{"x1":81,"x2":923}},
{"cs":[330,343,351,358,415,422,429,436],"xs":{"x1":92,"x2":923}},
{"cs":[512,518,525,532,540,587,595,602,609,616],"xs":{"x1":91,"x2":919}},
{"cs":[674,682,689,696,703,750,757,764,771,779],"xs":{"x1":89,"x2":917}},
{"cs":[864,870,878,884,937,944,951,959,966],"xs":{"x1":89,"x2":917}}],
"bxs":[
[81,254,339,425,534,623,711,923],
[92,230,401,530,660,772,920],
[91,289,488,715,917],
[89,327,522,718,916],
[89,228,317,444,548,651,757,917]]},
{"cxs":[
{"cs":[256,263,272,279,286],"xs":{"x1":295,"x2":915}},
{"cs":[367,374,383,390,397,444,451,458,465,472],"xs":{"x1":100,"x2":913}},
{"cs":[534,542,549,557,565],"xs":{"x1":101,"x2":911}},
{"cs":[626,633,640,647,655],"xs":{"x1":99,"x2":910}},
{"cs":[722,729,738,745,752,792,801,808,815,822],"xs":{"x1":98,"x2":910}},
{"cs":[896,903,918,926,970,978,985,992,999],"xs":{"x1":96,"x2":910}}],
"bxs":[
[295,310,325,340,355,370,385,399,414,429,444,459,569,683,793,823,852,882,911],
[100,202,260,413,469,528,683,758,832,910],
[101,216,291,368,444,520,595,672,748,820,909],
[99,213,286,366,447,518,589,664,744,826,908],
[98,220,300,381,462,532,612,685,759,834,907],
[96,212,286,360,434,511,582,655,775,907]]},
{"cxs":[
{"cs":[117,124,132,139,146],"xs":{"x1":89,"x2":915}},
{"cs":[195,202,210,216,224],"xs":{"x1":89,"x2":916}},
{"cs":[278,286,293,300,307],"xs":{"x1":87,"x2":917}},
{"cs":[374,390,396,403],"xs":{"x1":87,"x2":916}},
{"cs":[456,560],"xs":{"x1":85,"x2":914}},
{"cs":[620,627,634,640,647],"xs":{"x1":84,"x2":914}},
{"cs":[701,709,716,723,730],"xs":{"x1":84,"x2":914}},
{"cs":[780,812],"xs":{"x1":88,"x2":910}},
{"cs":[869,876,883,890,897],"xs":{"x1":83,"x2":913}},
{"cs":[951,959,966,974,981],"xs":{"x1":81,"x2":910}}],
"bxs":[
[89,201,273,342,410,481,551,622,701,771,849,913],
[89,218,293,372,454,542,624,675,765,840,913],
[87,201,279,358,454,527,599,678,753,828,914],
[87,197,262,347,412,478,547,717,812,913],
[85,228,329,464,578,660,830,914],
[84,279,389,485,684,799,914],
[84,239,381,599,755,910],
[88,316,482,576,746,910],
[83,258,370,481,593,758,909],
[81,292,427,560,701,857]]},
{"cxs":[
{"cs":[132,139,155,161],"xs":{"x1":93,"x2":920}},
{"cs":[224,231,239,246,253],"xs":{"x1":93,"x2":922}},
{"cs":[307,421],"xs":{"x1":90,"x2":918}},
{"cs":[474,481,489,496,504],"xs":{"x1":91,"x2":919}},
{"cs":[560,567,574,580,588],"xs":{"x1":87,"x2":921}},
{"cs":[654,661,668,675,683],"xs":{"x1":90,"x2":921}},
{"cs":[749,756,764,770,778],"xs":{"x1":87,"x2":920}},
{"cs":[844,852,860,868,874],"xs":{"x1":87,"x2":921}},
{"cs":[931,938,945,952,959,967],"xs":{"x1":86,"x2":921}}],
"bxs":[
[93,273,432,530,630,754,878],
[93,219,270,319,406,492,577,662,747,832,922],
[90,198,287,362,566,744,918],
[91,273,427,579,732,919],
[87,232,244,255,267,279,290,302,314,325,337,349,360,372,453,534,621,808,836,863,891,918],
[90,314,558,746,918],
[87,292,431,575,920],
[87,360,637,921],
[86,409,603,645,687,729,918]]},
{"cxs":[
{"cs":[125,133,140,148,155],"xs":{"x1":297,"x2":907}},
{"cs":[220,228,236,243,250],"xs":{"x1":101,"x2":908}},
{"cs":[317,326,333,339,346,399,406,414,421,428,479,486,493,501,508],"xs":{"x1":98,"x2":911}},
{"cs":[588,595,603,610,617],"xs":{"x1":101,"x2":911}},
{"cs":[700,707,715,722,729,791,799,806,819],"xs":{"x1":97,"x2":914}},
{"cs":[874,881,888,895,901,946,953,960,967,975],"xs":{"x1":97,"x2":916}}],
"bxs":[
[96,256,434,567,675,809,905],
[101,239,333,424,578,615,652,689,908],
[98,273,357,444,539,660,791,909],
[101,338,498,514,530,546,563,579,595,611,890],
[97,262,420,504,662,816,910],
[97,220,270,369,470,568,668,778,913]]},
{"cxs":[
{"cs":[132,160],"xs":{"x1":90,"x2":910}},
{"cs":[218,246],"xs":{"x1":92,"x2":910}},
{"cs":[306,313,320,329,336],"xs":{"x1":89,"x2":909}},
{"cs":[399,407,414,421,429],"xs":{"x1":89,"x2":911}},
{"cs":[479,486,493,501,508],"xs":{"x1":89,"x2":911}},
{"cs":[586,616],"xs":{"x1":88,"x2":910}},
{"cs":[668,699],"xs":{"x1":86,"x2":909}},
{"cs":[753,788],"xs":{"x1":84,"x2":909}},
{"cs":[841,876],"xs":{"x1":90,"x2":904}},
{"cs":[931,964],"xs":{"x1":84,"x2":910}}],
"bxs":[
[90,297,497,739,910],
[92,265,399,548,694,910],
[89,348,511,639,769,907],
[89,292,446,600,754,909],
[89,291,447,603,753,909],
[88,290,440,592,738,910],
[86,292,414,674,909],
[84,283,358,430,640,764,909],
[90,304,454,608,760,911],
[84,278,394,510,661,788,910]]},
{"cxs":[
{"cs":[118,125,133,140,149],"xs":{"x1":83,"x2":910}},
{"cs":[210,217,224,232,239],"xs":{"x1":85,"x2":913}},
{"cs":[279,287,295,302,309],"xs":{"x1":87,"x2":910}},
{"cs":[350,358,365,372,380],"xs":{"x1":85,"x2":910}},
{"cs":[436,444,458,466],"xs":{"x1":86,"x2":911}},
{"cs":[517,524,531,539,546],"xs":{"x1":85,"x2":910}},
{"cs":[603,610,626],"xs":{"x1":89,"x2":910}},
{"cs":[689,695,702,710,718],"xs":{"x1":86,"x2":910}},
{"cs":[775,782,789,798,805],"xs":{"x1":90,"x2":913}},
{"cs":[860,867,875,882,889],"xs":{"x1":85,"x2":910}},
{"cs":[954,961,969,977,984],"xs":{"x1":83,"x2":911}}],
"bxs":[
[83,276,381,490,570,646,728,808,910],
[85,279,397,495,595,695,726,757,788,913],
[87,282,404,508,611,675,738,823,907],
[85,277,350,420,522,557,591,626,735,910],
[86,267,337,417,505,585,677,769,909],
[85,252,340,483,602,703,807,908],
[89,260,369,463,573,683,798,908],
[86,273,403,533,661,784,908],
[90,261,370,468,566,701,787,888],
[85,302,412,558,642,723,818,908],
[83,234,331,446,563,717,811,909]]},
{"cxs":[
{"cs":[128,135,143,151,158],"xs":{"x1":89,"x2":607}},
{"cs":[247,254,270,277],"xs":{"x1":90,"x2":908}},
{"cs":[366,373,380,389,396],"xs":{"x1":92,"x2":908}},
{"cs":[484,491,498,506,514],"xs":{"x1":91,"x2":861}},
{"cs":[589,597,604,612,620],"xs":{"x1":91,"x2":908}},
{"cs":[708,716,723,739],"xs":{"x1":84,"x2":691}},
{"cs":[822,854],"xs":{"x1":86,"x2":906}},
{"cs":[945,952,960,967,975],"xs":{"x1":85,"x2":908}}],
"bxs":[
[89,299,450,650,908],
[90,291,526,905],
[92,394,660,906],
[91,401,659,905],
[91,297,440,584,726,906],
[84,313,461,625,696,906],
[86,407,631,906],
[85,379,520,764,839,906]]},
{"cxs":[
{"cs":[149,156,163,170,177],"xs":{"x1":83,"x2":913}},
{"cs":[234,241,248,255,262],"xs":{"x1":85,"x2":913}},
{"cs":[328,335,341,348,356],"xs":{"x1":83,"x2":913}},
{"cs":[417,425,432,439,447],"xs":{"x1":84,"x2":911}},
{"cs":[496,504,518,525],"xs":{"x1":84,"x2":910}},
{"cs":[601,608,616,624,631],"xs":{"x1":85,"x2":910}},
{"cs":[695,702,709,716,723],"xs":{"x1":84,"x2":909}},
{"cs":[777,784,791,799,806],"xs":{"x1":84,"x2":909}},
{"cs":[869,876,883,890,898],"xs":{"x1":84,"x2":910}},
{"cs":[965,973,987,994],"xs":{"x1":85,"x2":909}}],
"bxs":[
[83,313,585,909],
[85,357,543,726,909],
[83,326,513,713,909],
[84,334,398,458,662,909],
[84,395,652,908],
[85,398,673,907],
[84,326,406,608,814,907],
[84,346,551,743,906],
[84,332,487,689,909],
[85,332,549,762,838,906]]},
{"cxs":[
{"cs":[123,130,137,145,153],"xs":{"x1":93,"x2":921}},
{"cs":[218,225,232,239,246],"xs":{"x1":91,"x2":921}},
{"cs":[310,318,326,333,340],"xs":{"x1":92,"x2":922}},
{"cs":[405,412,420,427,434],"xs":{"x1":91,"x2":921}},
{"cs":[502,516,523,530,572,580,587,594,601],"xs":{"x1":87,"x2":922}},
{"cs":[657,664,672,687,730,738,746,752,759],"xs":{"x1":87,"x2":921}},
{"cs":[834,841,849,856,863],"xs":{"x1":90,"x2":920}},
{"cs":[918,948],"xs":{"x1":89,"x2":860}}],
"bxs":[
[93,398,674,918],
[91,437,703,918],
[92,374,450,604,693,919],
[91,403,607,763,918],
[87,273,416,561,709,919],
[87,276,423,572,626,773,919],
[90,291,458,595,729,917],
[89,312,440,716,797,860]]},
{"cxs":[
{"cs":[114,122,129,137,144,185,193,200,209,216],"xs":{"x1":93,"x2":907}},
{"cs":[270,277,284,292,300,337,344,351,359,367],"xs":{"x1":93,"x2":907}},
{"cs":[425,432,439,448,455,488,495,511,519],"xs":{"x1":94,"x2":909}},
{"cs":[586,594,601,609,616],"xs":{"x1":97,"x2":910}},
{"cs":[678,685,693,700,707],"xs":{"x1":97,"x2":910}},
{"cs":[766,773,781,788,797],"xs":{"x1":97,"x2":911}},
{"cs":[857,872,879,886],"xs":{"x1":98,"x2":914}},
{"cs":[955,963,970,979,986],"xs":{"x1":99,"x2":916}}],
"bxs":[
[93,302,424,535,657,781,904],
[93,285,411,533,659,783,905],
[94,304,434,552,643,774,905],
[97,292,416,548,642,774,907],
[97,255,366,486,604,694,785,910],
[97,310,449,565,672,790,909],
[98,282,402,534,654,777,911],
[99,306,449,564,671,737,848,913]]},
{"cxs":[
{"cs":[127,134,142,150,157],"xs":{"x1":105,"x2":904}},
{"cs":[250,365],"xs":{"x1":106,"x2":905}},
{"cs":[448,455,463,470,477],"xs":{"x1":105,"x2":905}},
{"cs":[574,581,589,596,603],"xs":{"x1":104,"x2":906}},
{"cs":[686,694,701,708,715],"xs":{"x1":103,"x2":905}},
{"cs":[801,808,816,823,830],"xs":{"x1":104,"x2":907}},
{"cs":[925,932,940,947,954],"xs":{"x1":105,"x2":907}}],
"bxs":[
[105,322,413,566,655,810,904],
[106,258,384,537,744,905],
[105,363,513,745,903],
[104,443,622,903],
[103,301,435,668,902],
[104,366,552,728,904],
[105,404,691,904]]},
{"cxs":[
{"cs":[124,131,139,146,154],"xs":{"x1":102,"x2":914}},
{"cs":[219,225,233,241,248],"xs":{"x1":99,"x2":916}},
{"cs":[312,319,328,335,342],"xs":{"x1":98,"x2":916}},
{"cs":[405,412,419,427,434],"xs":{"x1":99,"x2":915}},
{"cs":[501,509,516,523,530],"xs":{"x1":100,"x2":915}},
{"cs":[606,716],"xs":{"x1":98,"x2":911}},
{"cs":[783,790,799,806,813],"xs":{"x1":94,"x2":914}},
{"cs":[873,880,888,895,902],"xs":{"x1":93,"x2":913}},
{"cs":[964,972,979,986,993],"xs":{"x1":93,"x2":913}}],
"bxs":[
[102,453,765,910],
[99,298,359,509,633,787,913],
[98,311,429,548,613,768,913],
[99,314,453,509,755,911],
[100,284,406,529,660,792,911],
[98,284,382,395,407,420,433,446,458,471,484,496,509,522,535,547,560,618,715,826,911],
[94,317,393,499,607,717,820,910],
[93,242,374,491,631,751,909],
[93,297,423,552,678,795,833,872,910]]},
{"cxs":[
{"cs":[117,124,131,139,146],"xs":{"x1":96,"x2":905}},
{"cs":[200,208,215,223,230],"xs":{"x1":96,"x2":902}},
{"cs":[293,300,308,315,322],"xs":{"x1":95,"x2":904}},
{"cs":[390,397,404,412,419],"xs":{"x1":92,"x2":905}},
{"cs":[482,490,497,506,513],"xs":{"x1":91,"x2":902}},
{"cs":[567,574,581,589,596],"xs":{"x1":91,"x2":902}},
{"cs":[661,669,677,685,692],"xs":{"x1":93,"x2":904}},
{"cs":[746,753,760,768,776],"xs":{"x1":93,"x2":903}},
{"cs":[837,845,852,861,868],"xs":{"x1":94,"x2":903}},
{"cs":[943,950,958,966,974],"xs":{"x1":91,"x2":903}}],
"bxs":[
[96,272,384,507,664,776,905],
[96,245,356,486,621,752,833,902],
[95,242,334,428,539,635,717,816,904],
[92,239,350,448,530,626,789,905],
[91,309,563,770,900],
[91,242,330,456,567,577,587,597,607,617,627,637,646,656,666,676,686,696,900],
[93,192,261,351,422,543,645,766,901],
[93,117,142,166,190,214,239,263,402,508,594,716,753,790,827,864,901],
[94,215,365,452,521,572,674,795,885],
[91,319,502,666,785,903]]},
{"cxs":[
{"cs":[188,195,202,211,218],"xs":{"x1":231,"x2":901}},
{"cs":[278,284,292,300,307],"xs":{"x1":77,"x2":902}},
{"cs":[364,463],"xs":{"x1":80,"x2":899}},
{"cs":[532,539,547,555,563],"xs":{"x1":80,"x2":901}},
{"cs":[620,627,634,641,648],"xs":{"x1":81,"x2":901}},
{"cs":[700,708,715,723,730],"xs":{"x1":79,"x2":900}},
{"cs":[799,806,813,820,828],"xs":{"x1":80,"x2":902}},
{"cs":[880,887,894,902,909],"xs":{"x1":81,"x2":903}}],
"bxs":[
[231,348,502,518,534,550,566,583,599,615,631,647,663,679,792,901],
[77,212,364,378,392,406,420,434,448,462,476,490,640,683,726,769,795,821,847,873,899],
[80,248,372,496,508,520,531,543,555,567,578,590,698,809,899],
[80,96,113,129,146,162,178,195,211,228,244,412,569,636,706,772,899],
[81,94,108,121,134,148,161,174,188,201,298,323,348,373,384,395,405,416,427,438,449,459,470,481,492,502,513,524,602,688,760,835,898],
[79,200,278,355,430,509,586,665,745,823,898],
[80,288,482,629,767,900],
[81,284,409,579,740,756,772,788,804,820,836,852,868,884,900]]},
{"cxs":[
{"cs":[117,124,131,138,145,188,195,202,210,217],"xs":{"x1":127,"x2":906}},
{"cs":[289,296,303,310,317],"xs":{"x1":101,"x2":906}},
{"cs":[381,389,396,403,410],"xs":{"x1":101,"x2":906}},
{"cs":[475,483,490,497,505],"xs":{"x1":101,"x2":904}},
{"cs":[567,574,580,588,595],"xs":{"x1":99,"x2":900}},
{"cs":[665,672,680,687,694,737,745,751,758,765],"xs":{"x1":98,"x2":900}},
{"cs":[828,836,842,850,858],"xs":{"x1":97,"x2":904}},
{"cs":[924,931,937,944,951],"xs":{"x1":99,"x2":911}}],
"bxs":[
[247,368,438,512,584,657,731,803,904],
[101,117,133,150,166,182,198,215,231,247,346,502,579,687,796,903],
[101,257,353,451,562,658,719,780,842,904],
[101,230,304,404,523,649,776,904],
[99,289,417,543,670,797,831,866,900],
[98,251,317,381,450,567,664,742,840,900],
[97,284,314,343,373,402,479,512,544,577,609,766,904],
[99,197,283,310,336,363,390,416,443,469,496,643,782,908]]},
{"cxs":[
{"cs":[124,132,139,146,154],"xs":{"x1":101,"x2":907}},
{"cs":[218,225,232,239,246],"xs":{"x1":100,"x2":907}},
{"cs":[309,316,323,331,338],"xs":{"x1":100,"x2":907}},
{"cs":[403,410,417,424,431],"xs":{"x1":100,"x2":908}},
{"cs":[493,523],"xs":{"x1":98,"x2":906}},
{"cs":[591,598,605,612,620],"xs":{"x1":100,"x2":910}},
{"cs":[685,692,698,705,713],"xs":{"x1":100,"x2":909}},
{"cs":[768,776,783,793,798,824,832,839,846,854,861],"xs":{"x1":99,"x2":909}},
{"cs":[910,918,924,931,938,974,981,988,994,1002],"xs":{"x1":97,"x2":909}}],
"bxs":[
[101,217,281,349,412,476,546,610,674,742,808,904],
[100,144,188,232,351,459,665,787,905],
[100,238,286,330,447,576,598,619,641,662,684,755,907],
[100,310,459,606,756,906],
[98,312,465,620,766,906],
[100,352,576,704,907],
[100,234,347,488,632,770,907],
[99,289,433,574,728,907],
[97,304,478,632,790,844,907]]},
{"cxs":[
{"cs":[139,146,154,160,167],"xs":{"x1":86,"x2":913}},
{"cs":[214,221,228,235,242],"xs":{"x1":83,"x2":911}},
{"cs":[299,307,314,320,329],"xs":{"x1":84,"x2":913}},
{"cs":[388,395,401,408,416],"xs":{"x1":86,"x2":911}},
{"cs":[482,514],"xs":{"x1":80,"x2":910}},
{"cs":[575,582,589,595,603],"xs":{"x1":89,"x2":910}},
{"cs":[673,681,688,694,701],"xs":{"x1":85,"x2":911}},
{"cs":[770,778,784,791,800],"xs":{"x1":85,"x2":909}},
{"cs":[866,872,879,886,893],"xs":{"x1":86,"x2":911}},
{"cs":[950,958,965,972,979],"xs":{"x1":85,"x2":915}}],
"bxs":[
[86,245,388,511,616,797,909],
[83,283,410,535,714,909],
[84,272,420,530,633,764,909],
[86,258,379,501,619,739,861],
[80,275,346,417,485,618,727,910],
[89,204,312,341,371,400,470,567,678,753,827,910],
[85,247,342,427,505,606,698,843,908],
[85,217,300,396,457,537,598,672,762,778,793,809,824,877],
[86,291,410,545,667,786,908],
[85,273,368,523,651,782,866]]},
{"cxs":[
{"cs":[117,124,131,138,145],"xs":{"x1":93,"x2":900}},
{"cs":[207,214,220,227,234],"xs":{"x1":93,"x2":900}},
{"cs":[299,306,312,319,328],"xs":{"x1":93,"x2":902}},
{"cs":[390,397,404,411,418],"xs":{"x1":93,"x2":902}},
{"cs":[479,486,492,499,507],"xs":{"x1":94,"x2":901}},
{"cs":[574,581,588,594,602],"xs":{"x1":93,"x2":902}},
{"cs":[671,680,686,693,700],"xs":{"x1":92,"x2":900}},
{"cs":[757,764,771,778,785],"xs":{"x1":91,"x2":901}},
{"cs":[849,857,864,871,878],"xs":{"x1":92,"x2":903}},
{"cs":[942,949,956,963,970],"xs":{"x1":93,"x2":903}}],
"bxs":[
[93,307,384,523,597,728,898],
[93,313,459,607,754,898],
[93,313,473,634,797,899],
[93,309,478,647,791,899],
[94,234,331,434,529,638,768,899],
[93,285,392,511,627,712,809,822,835,848,860,873,886,899],
[92,325,453,537,658,800,898],
[91,234,318,406,492,578,669,744,823,899],
[92,216,288,363,451,541,608,679,750,821,903],
[93,227,308,396,461,523,615,710,815,903]]},
{"cxs":[
{"cs":[128,135,142,150,157],"xs":{"x1":104,"x2":911}},
{"cs":[221,229,235,242,250],"xs":{"x1":104,"x2":910}},
{"cs":[315,337,344],"xs":{"x1":103,"x2":909}},
{"cs":[407,414,421,428,435],"xs":{"x1":103,"x2":913}},
{"cs":[518,525,532,539,591,598,605,612,620],"xs":{"x1":91,"x2":911}},
{"cs":[682,696,703,710,761,769,776,783,790],"xs":{"x1":99,"x2":911}},
{"cs":[856,870,876,884,941,948,955,962,970],"xs":{"x1":97,"x2":908}},
{"cs":[1034,1134],"xs":{"x1":97,"x2":511}}],
"bxs":[
[104,275,403,528,655,781,909],
[104,260,364,440,531,621,731,808,907],
[103,313,481,566,644,731,817,907],
[103,245,308,376,464,544,575,606,637,668,755,910],
[91,275,482,594,798,908],
[99,337,431,536,637,809,908],
[97,338,437,586,660,789,828,868,907],
[97,384,511]]},
{"cxs":[
{"cs":[120,779],"xs":{"x1":88,"x2":855}},
{"cs":[841,849,856,863,870],"xs":{"x1":90,"x2":905}},
{"cs":[928,935,942,949,956],"xs":{"x1":86,"x2":899}}],
"bxs":[
[],
[90,296,410,549,670,788,905],
[86,283,393,548,660,781,858]]},
{"cxs":[
{"cs":[148,162,170,177],"xs":{"x1":90,"x2":905}},
{"cs":[236,243,251,258,266],"xs":{"x1":90,"x2":905}},
{"cs":[323,332,339,346,353],"xs":{"x1":87,"x2":905}},
{"cs":[413,420,427,434,443],"xs":{"x1":89,"x2":905}},
{"cs":[501,508,515,522,530],"xs":{"x1":91,"x2":905}},
{"cs":[599,606,613,622,629],"xs":{"x1":91,"x2":905}},
{"cs":[697,704,712,719,727],"xs":{"x1":91,"x2":906}},
{"cs":[781,788,796,804,811],"xs":{"x1":91,"x2":905}},
{"cs":[873,880,887,895,902],"xs":{"x1":91,"x2":906}},
{"cs":[955,963,970,978,985,992],"xs":{"x1":91,"x2":906}}],
"bxs":[
[90,290,375,519,597,730,902],
[90,298,450,602,752,902],
[87,287,456,625,793,903],
[89,299,474,657,790,902],
[91,232,330,429,527,632,769,902],
[91,271,373,495,614,708,810,823,836,849,863,876,889,902],
[91,294,422,512,636,797,903],
[91,235,322,404,491,574,658,740,819,902],
[91,212,273,336,421,510,588,666,745,823,903],
[91,233,312,397,456,519,613,704,810,906]]},
{"cxs":[
{"cs":[145,153,160,167,174],"xs":{"x1":93,"x2":907}},
{"cs":[239,247,254,261,269],"xs":{"x1":92,"x2":909}},
{"cs":[334,342,349,356,363],"xs":{"x1":93,"x2":909}},
{"cs":[430,437,445,452,459],"xs":{"x1":94,"x2":910}},
{"cs":[532,539,546,553,562,610,617,625,632,639],"xs":{"x1":85,"x2":909}},
{"cs":[701,708,715,722,730,778,786,793,801,808],"xs":{"x1":95,"x2":910}},
{"cs":[871,878,886,893,901,957,964,972,979,986],"xs":{"x1":96,"x2":915}}],
"bxs":[
[93,280,405,529,656,780,905],
[92,254,354,487,572,654,766,823,909],
[93,323,490,570,656,745,824,906],
[94,253,317,384,473,557,587,617,646,676,759,908],
[85,262,468,589,792,909],
[95,329,429,533,636,808,908],
[96,325,431,583,661,790,830,871,911]]},
{"cxs":[
{"cs":[131,138,145,153,160,204,212,219,225,232],"xs":{"x1":100,"x2":909}},
{"cs":[310,317,323,332,338,386,393,400,407,414],"xs":{"x1":90,"x2":908}},
{"cs":[489,496,504,511,517,566,573,580,587,594],"xs":{"x1":98,"x2":910}},
{"cs":[649,664,671,686,693,746,753,760,767,774],"xs":{"x1":98,"x2":909}},
{"cs":[848,856,863,870,877],"xs":{"x1":98,"x2":910}},
{"cs":[945,952,959,967,975],"xs":{"x1":98,"x2":910}}],
"bxs":[
[100,388,512,724,907],
[90,309,454,590,726,908],
[98,266,484,601,813,907],
[98,350,561,907],
[98,400,651,759,910],
[98,303,436,573,790,819,849,878,907]]},
{"cxs":[
{"cs":[128,135,141,150,157],"xs":{"x1":100,"x2":901}},
{"cs":[214,313],"xs":{"x1":102,"x2":876}},
{"cs":[385,392,398,405,412],"xs":{"x1":102,"x2":902}},
{"cs":[486,493,508,515],"xs":{"x1":103,"x2":904}},
{"cs":[580,586,593,600,608],"xs":{"x1":100,"x2":904}},
{"cs":[666,673,681,688,695],"xs":{"x1":99,"x2":905}},
{"cs":[758,765,772,779,787],"xs":{"x1":96,"x2":907}},
{"cs":[846,878],"xs":{"x1":105,"x2":907}},
{"cs":[935,942,949,956,963],"xs":{"x1":98,"x2":905}}],
"bxs":[
[100,274,432,536,653,816],
[102,270,374,542,672,802,876],
[102,304,424,542,658,772,902],
[103,271,368,477,643,762,878],
[100,269,361,496,644,770,902],
[99,264,359,464,530,683,788,902],
[96,256,325,483,592,731,798,907],
[105,264,382,514,627,710,848,907],
[98,260,314,351,387,505,633,760,845,903]]},
{"cxs":[
{"cs":[124,131,138,145,153],"xs":{"x1":105,"x2":908}},
{"cs":[216,223,230,237,244],"xs":{"x1":103,"x2":909}},
{"cs":[307,314,321,329,336],"xs":{"x1":103,"x2":907}},
{"cs":[399,407,413,420,428],"xs":{"x1":104,"x2":907}},
{"cs":[491,499,513,520],"xs":{"x1":101,"x2":908}},
{"cs":[577,683],"xs":{"x1":100,"x2":909}},
{"cs":[746,753,759,767,774],"xs":{"x1":99,"x2":909}},
{"cs":[844,851,859,866,873],"xs":{"x1":98,"x2":909}},
{"cs":[933,940,947,954,961],"xs":{"x1":100,"x2":909}}],
"bxs":[
[105,313,392,472,607,747,826,905],
[103,301,405,514,690,801,906],
[103,332,497,663,820,905],
[104,339,486,554,620,719,831,905],
[101,325,414,484,581,690,753,905],
[100,241,310,404,544,598,652,774,909],
[99,269,442,539,625,767,906],
[98,312,384,490,501,511,522,532,543,553,564,574,688,744,836,907],
[100,214,298,362,478,545,609,700,808,909]]},
{"cxs":[
{"cs":[222,229,236,243,250],"xs":{"x1":240,"x2":901}},
{"cs":[322,330,337,343,350],"xs":{"x1":92,"x2":901}},
{"cs":[421,427,434,442,449],"xs":{"x1":95,"x2":901}},
{"cs":[520,527,533,540,548],"xs":{"x1":94,"x2":901}},
{"cs":[617,625,632,639,646],"xs":{"x1":94,"x2":901}},
{"cs":[717,723,730,738,745,752],"xs":{"x1":96,"x2":901}},
{"cs":[817,823,830,837,844],"xs":{"x1":95,"x2":902}},
{"cs":[915,921,928,935,942],"xs":{"x1":97,"x2":904}}],
"bxs":[
[240,423,554,670,785,901],
[92,248,350,472,576,664,772,815,858,901],
[95,287,384,470,553,636,717,799,898],
[94,217,310,408,507,711,899],
[94,336,517,703,898],
[96,239,383,533,744,901],
[95,263,393,509,627,750,900],
[97,266,358,475,571,668,763,904]]},
{"cxs":[
{"cs":[137,169],"xs":{"x1":100,"x2":910}},
{"cs":[232,239,246,253,260],"xs":{"x1":98,"x2":910}},
{"cs":[325,338,345,352],"xs":{"x1":102,"x2":908}},
{"cs":[418,425,431,438,446],"xs":{"x1":102,"x2":908}},
{"cs":[514,520,527,534,541,595,602,609,616,624],"xs":{"x1":98,"x2":909}},
{"cs":[689,695,702,709,716,772,779,785,793],"xs":{"x1":97,"x2":910}},
{"cs":[864,871,878,885,891],"xs":{"x1":99,"x2":910}},
{"cs":[957,964,972,979,986],"xs":{"x1":99,"x2":913}}],
"bxs":[
[100,246,345,446,548,676,811,910],
[98,303,453,602,750,907],
[102,274,397,535,659,781,905],
[102,283,413,544,674,807,906],
[98,325,437,561,673,785,907],
[97,273,372,470,571,706,908],
[99,304,456,605,756,908],
[99,384,561,734,909]]},
{"cxs":[
{"cs":[122,129,137,144,152],"xs":{"x1":86,"x2":910}},
{"cs":[217,225,232,239,247],"xs":{"x1":85,"x2":910}},
{"cs":[309,316,323,331,338],"xs":{"x1":86,"x2":910}},
{"cs":[400,408,415,422,429],"xs":{"x1":89,"x2":910}},
{"cs":[485,492,499,507,514],"xs":{"x1":87,"x2":911}},
{"cs":[572,606],"xs":{"x1":85,"x2":894}},
{"cs":[667,787],"xs":{"x1":85,"x2":910}},
{"cs":[849,857,864,871,878],"xs":{"x1":89,"x2":914}},
{"cs":[936,943,950,958,966],"xs":{"x1":89,"x2":914}}],
"bxs":[
[86,392,649,908],
[85,376,615,908],
[86,336,505,741,907],
[89,348,579,907],
[87,348,583,627,672,716,908],
[85,298,598,894],
[85,514,710,910],
[89,327,530,721,910],
[89,242,418,540,691,862]]},
{"cxs":[
{"cs":[114,121,128,135,142],"xs":{"x1":84,"x2":899}},
{"cs":[195,224],"xs":{"x1":86,"x2":900}},
{"cs":[292,298,305,312,319],"xs":{"x1":89,"x2":901}},
{"cs":[374,380,402],"xs":{"x1":86,"x2":902}},
{"cs":[457,463,470,477,484],"xs":{"x1":87,"x2":902}},
{"cs":[539,546,553,561,568],"xs":{"x1":89,"x2":903}},
{"cs":[623,629,636,643,650],"xs":{"x1":87,"x2":904}},
{"cs":[705,712,719,726,733],"xs":{"x1":89,"x2":905}},
{"cs":[787,812],"xs":{"x1":85,"x2":906}},
{"cs":[880,908],"xs":{"x1":88,"x2":906}},
{"cs":[960,992],"xs":{"x1":89,"x2":906}}],
"bxs":[
[84,291,400,524,649,772,897],
[86,301,444,582,723,900],
[89,330,546,662,779,898],
[86,321,460,555,744,900],
[87,318,445,573,706,824,899],
[89,276,412,595,644,727,816,901],
[87,284,398,517,674,782,902],
[89,272,390,492,597,699,804,903],
[85,276,380,486,593,698,804,906],
[88,257,354,493,662,791,906],
[89,274,385,485,620,766,906]]},
{"cxs":[
{"cs":[134,141,149,156,163],"xs":{"x1":83,"x2":909}},
{"cs":[227,234,241,248,255],"xs":{"x1":85,"x2":909}},
{"cs":[320,328,334,341,348],"xs":{"x1":86,"x2":908}},
{"cs":[411,418,425,432,439],"xs":{"x1":86,"x2":909}},
{"cs":[503,510,517,524,530],"xs":{"x1":89,"x2":910}},
{"cs":[594,601,608,615,623],"xs":{"x1":90,"x2":908}},
{"cs":[688,694,701,708,715],"xs":{"x1":91,"x2":910}},
{"cs":[779,786,793,801,808],"xs":{"x1":92,"x2":911}},
{"cs":[872,879,886,893,900],"xs":{"x1":92,"x2":910}},
{"cs":[954,962,969,977,984,991],"xs":{"x1":92,"x2":910}}],
"bxs":[
[83,273,401,552,778,906],
[85,332,457,607,737,907],
[86,226,397,516,617,754,906],
[86,294,449,616,789,906],
[89,260,378,495,626,777,908],
[90,115,141,166,192,217,338,438,531,628,784,906],
[91,255,344,424,504,610,796,907],
[92,256,335,420,518,675,792,908],
[92,259,369,472,582,690,799,908],
[92,256,356,458,562,673,776,910]]},
{"cxs":[
{"cs":[117,124,131,138,145],"xs":{"x1":83,"x2":909}},
{"cs":[208,214,221,228,235],"xs":{"x1":86,"x2":909}},
{"cs":[297,304,311,318,326],"xs":{"x1":87,"x2":910}},
{"cs":[387,394,400,407,414],"xs":{"x1":92,"x2":909}},
{"cs":[478,484,491,499,506],"xs":{"x1":89,"x2":910}},
{"cs":[568,574,581,588,596],"xs":{"x1":91,"x2":910}},
{"cs":[662,670,677,691,698],"xs":{"x1":92,"x2":910}},
{"cs":[760,767,774,781,789],"xs":{"x1":93,"x2":910}},
{"cs":[851,859,866,873,880],"xs":{"x1":94,"x2":911}},
{"cs":[942,948,955,963,970],"xs":{"x1":91,"x2":913}}],
"bxs":[
[83,276,401,527,655,779,907],
[86,256,357,456,631,750,906],
[87,269,412,548,703,807,910],
[92,258,400,524,643,795,907],
[89,293,411,521,639,768,908],
[91,298,375,535,693,829,907],
[92,350,537,723,908],
[93,335,486,657,782,908],
[94,293,408,521,636,791,909],
[91,312,471,632,789,829,869,909]]},
{"cxs":[
{"cs":[123,130,137,145,152],"xs":{"x1":90,"x2":918}},
{"cs":[209,216,223,229,237],"xs":{"x1":93,"x2":916}},
{"cs":[293,301,308,315,322],"xs":{"x1":93,"x2":916}},
{"cs":[379,386,393,401,408],"xs":{"x1":95,"x2":914}},
{"cs":[476,483,491,498,504,549,556,563,570,577],"xs":{"x1":94,"x2":914}},
{"cs":[645,652,659,666,673,718,725,732,739,746],"xs":{"x1":93,"x2":915}},
{"cs":[803,810,817,824,831],"xs":{"x1":96,"x2":915}},
{"cs":[898,905,911,919,926,973,980,987,994,1001],"xs":{"x1":94,"x2":908}}],
"bxs":[
[90,291,467,574,682,798,915],
[93,263,359,432,501,571,640,709,778,847,914],
[93,227,298,369,433,521,588,647,733,816,913],
[95,206,274,373,441,535,605,707,800,914],
[94,321,475,627,782,914],
[93,279,406,536,665,751,827,913],
[96,262,382,498,618,743,913],
[94,404,557,671,732,908]]},
{"cxs":[
{"cs":[120,127,134,141,149],"xs":{"x1":82,"x2":909}},
{"cs":[214,221,228,235,242],"xs":{"x1":79,"x2":906}},
{"cs":[307,314,321,329,335],"xs":{"x1":90,"x2":906}},
{"cs":[399,406,413,420,427],"xs":{"x1":93,"x2":906}},
{"cs":[491,497,505,512,519],"xs":{"x1":95,"x2":906}},
{"cs":[582,589,596,603,610],"xs":{"x1":91,"x2":906}},
{"cs":[672,681,687,694,700],"xs":{"x1":97,"x2":906}},
{"cs":[766,772,779,786,793],"xs":{"x1":95,"x2":906}},
{"cs":[859,865,872,879,886],"xs":{"x1":94,"x2":905}},
{"cs":[949,955,963,970,977],"xs":{"x1":95,"x2":907}}],
"bxs":[
[82,251,349,477,614,714,805,906],
[79,266,411,530,715,904],
[90,299,473,666,904],
[93,345,455,665,903],
[95,315,440,586,751,904],
[91,291,444,596,751,904],
[97,284,421,573,734,904],
[95,295,438,564,689,813,903],
[94,236,346,458,537,609,711,731,751,770,790,903],
[95,279,388,495,602,708,809,823,836,850,863,877,890,904]]},
{"cxs":[
{"cs":[126,158],"xs":{"x1":97,"x2":898}},
{"cs":[221,228,235,242,249],"xs":{"x1":94,"x2":900}},
{"cs":[315,321,329,336,343],"xs":{"x1":93,"x2":901}},
{"cs":[407,414,420,427,434],"xs":{"x1":93,"x2":902}},
{"cs":[499,514,520,527],"xs":{"x1":94,"x2":903}},
{"cs":[590,597,604,611,619],"xs":{"x1":93,"x2":902}},
{"cs":[685,691,698,705,712],"xs":{"x1":92,"x2":903}},
{"cs":[769,804],"xs":{"x1":92,"x2":904}},
{"cs":[868,875,882,889,896],"xs":{"x1":93,"x2":906}},
{"cs":[960,967,975,982,989],"xs":{"x1":90,"x2":905}}],
"bxs":[
[97,286,399,512,642,762,898],
[94,263,357,465,584,704,802,897],
[93,284,402,485,536,657,766,899],
[93,302,435,525,658,752,900],
[94,246,388,519,650,669,688,708,727,746,765,901],
[93,320,516,728,900],
[92,316,488,628,764,900],
[92,292,412,535,656,778,904],
[93,357,526,733,903],
[90,331,499,707,905]]},
{"cxs":[
{"cs":[122,129,136,143,151],"xs":{"x1":104,"x2":908}},
{"cs":[216,223,230,237,244],"xs":{"x1":104,"x2":910}},
{"cs":[308,315,322,330,337],"xs":{"x1":109,"x2":910}},
{"cs":[403,410,417,424,432],"xs":{"x1":109,"x2":911}},
{"cs":[495,503,510,517,524],"xs":{"x1":111,"x2":914}},
{"cs":[598,605,612,620,627,682,689,696,703,710],"xs":{"x1":107,"x2":916}},
{"cs":[777,784,791,799,806,874,882,889],"xs":{"x1":107,"x2":920}},
{"cs":[964,972,979,993],"xs":{"x1":109,"x2":919}}],
"bxs":[
[104,145,186,227,267,308,349,506,631,789,906],
[104,317,402,488,574,712,821,907],
[109,302,326,350,374,397,421,445,561,675,791,910],
[109,306,436,457,478,500,521,542,547,553,558,564,569,574,580,585,591,596,601,607,612,618,623,628,634,639,645,650,655,661,666,672,677,697,717,737,757,777,908],
[111,295,407,521,616,714,811,914],
[107,269,374,426,477,529,666,789,913],
[107,263,357,467,560,651,758,920],
[109,321,431,625,722,810,919]]},
{"cxs":[
{"cs":[148,155,162,169,176],"xs":{"x1":85,"x2":904}},
{"cs":[239,246,253,260,267],"xs":{"x1":89,"x2":902}},
{"cs":[328,335,342,349,356],"xs":{"x1":90,"x2":899}},
{"cs":[418,425,432,439,446],"xs":{"x1":91,"x2":903}},
{"cs":[507,514,521,528,535],"xs":{"x1":92,"x2":901}},
{"cs":[598,605,612,619,626],"xs":{"x1":95,"x2":904}},
{"cs":[691,699,706,713,720,727],"xs":{"x1":95,"x2":907}},
{"cs":[785,792,799,806,813],"xs":{"x1":95,"x2":903}},
{"cs":[876,883,890,897,904],"xs":{"x1":96,"x2":908}},
{"cs":[966,973,980,988,995],"xs":{"x1":95,"x2":910}}],
"bxs":[
[85,266,472,692,901],
[89,314,499,549,598,648,697,900],
[90,253,360,504,663,837],
[91,326,440,556,671,787,901],
[92,267,409,427,445,464,482,500,603,615,628,640,652,665,677,689,701,714,726,846],
[95,114,134,153,172,192,211,230,250,269,373,398,422,447,471,496,653,756,904],
[95,113,131,148,166,184,201,219,237,255,272,290,435,670,904],
[95,272,438,728,880],
[96,394,574,755,906],
[95,380,520,656,761,910]]}]

Cello
[1000,
{"cxs":[
{"cs":[244,252,259,268,328,335,342,350,358],"xs":{"x1":227,"x2":916}},
{"cs":[442,450,457,465,472,524,532,540,548,555],"xs":{"x1":79,"x2":918}},
{"cs":[647,654,661,670,679,727,736,743,751,758],"xs":{"x1":80,"x2":919}},
{"cs":[830,838,845,854,862,910,919,926,934,941],"xs":{"x1":80,"x2":921}}],
"bxs":[
[227,373,468,564,629,723,785,848,914],
[79,183,245,306,385,417,451,558,639,674,707,775,833,915],
[80,119,157,196,278,356,439,518,602,678,753,828,916],
[80,203,282,338,414,494,550,665,738,918]]},
{"cxs":[
{"cs":[137,144,153,161,168,214,221,229,237,245],"xs":{"x1":80,"x2":910}},
{"cs":[302,310,317,326,333,381,389,396,405,412],"xs":{"x1":83,"x2":914}},
{"cs":[478,485,493,502,510,544,552,560,568,576],"xs":{"x1":84,"x2":916}},
{"cs":[650,657,665,672,681,715,722,729,739,746],"xs":{"x1":92,"x2":917}},
{"cs":[799,807,814,822,830,864,872,879,887,894],"xs":{"x1":92,"x2":919}},
{"cs":[947,954,962,969,978,1012,1019,1027,1036,1043],"xs":{"x1":83,"x2":919}}],
"bxs":[
[80,255,334,464,542,673,752,827,906],
[83,194,262,331,420,521,631,752,835,876,910],
[84,210,290,378,468,549,666,749,832,913],
[92,225,319,399,483,562,657,733,818,915],
[92,218,302,369,434,542,628,709,788,919],
[83,332,431,547,719,836,915]]},
{"cxs":[
{"cs":[142,150,158,166,173,218,225,232,240,248],"xs":{"x1":84,"x2":918}},
{"cs":[310,318,326,334,341,380,389,396,404,411],"xs":{"x1":92,"x2":919}},
{"cs":[486,493,502,510,517,568,575,583,591,598,637,644,652,659,667],"xs":{"x1":92,"x2":920}},
{"cs":[750,757,765,773,780,818,826,834,841,849],"xs":{"x1":94,"x2":920}},
{"cs":[916,923,930,938,945,983,990,998,1005,1013],"xs":{"x1":95,"x2":922}}],
"bxs":[
[84,271,401,529,657,793,915],
[92,261,372,510,628,768,916],
[92,281,404,529,656,783,920],
[94,247,335,422,510,595,685,787,852,917],
[95,208,298,319,340,361,447,558,649,757,845,869,894,918]]},
{"cxs":[
{"cs":[143,151,159,167,174,227,234,242,250,258],"xs":{"x1":87,"x2":911}},
{"cs":[320,328,336,344,351,407,414,421,429,438,487,495,504,511,519],"xs":{"x1":91,"x2":917}},
{"cs":[585,593,600,608,616,660,667,674,683,691],"xs":{"x1":83,"x2":920}},
{"cs":[753,760,768,776,784,825,832,840,848,857],"xs":{"x1":85,"x2":922}},
{"cs":[918,925,933,940,948,987,995,1003,1011,1018],"xs":{"x1":95,"x2":925}}],
"bxs":[
[87,216,289,340,455,536,650,736,842,907],
[91,250,360,467,574,681,788,913],
[83,101,119,136,154,172,190,208,225,243,261,283,305,326,348,370,544,645,719,798,917],
[85,235,355,432,539,555,571,587,602,618,634,727,751,775,798,822,918],
[95,230,338,401,525,621,725,803,920]]},
{"cxs":[
{"cs":[148,156,163,171,180,228,235,243,251,259],"xs":{"x1":81,"x2":910}},
{"cs":[334,341,349,357,365,414,422,430,438,446],"xs":{"x1":92,"x2":911}},
{"cs":[522,529,537,545,553,597,605,613,621,629],"xs":{"x1":93,"x2":914}},
{"cs":[713,721,728,737,745,788,797,804,812,819],"xs":{"x1":96,"x2":916}},
{"cs":[887,895,902,910,919,980,987,995,1003,1010],"xs":{"x1":85,"x2":919}}],
"bxs":[
[81,224,289,367,484,647,778,907],
[92,263,394,523,646,773,908],
[93,276,405,537,657,777,910],
[96,272,414,542,664,786,913],
[85,272,451,566,687,839,864,890,915]]},
{"cxs":[
{"cs":[146,154,162,169,177,204,212,220,228,236],"xs":{"x1":83,"x2":905}},
{"cs":[292,299,307,315,322,362,370,377,386,393],"xs":{"x1":84,"x2":911}},
{"cs":[464,471,479,486,494,522,530,537,545,553],"xs":{"x1":94,"x2":908}},
{"cs":[614,623,631,638,646,674,683,690,698,705],"xs":{"x1":95,"x2":911}},
{"cs":[754,761,769,777,785,836,844,851,860,868],"xs":{"x1":96,"x2":913}},
{"cs":[930,938,945,953,961,999,1007,1014,1022,1031],"xs":{"x1":98,"x2":916}}],
"bxs":[
[83,222,289,416,553,681,791,901],
[84,258,390,524,652,782,911],
[94,235,342,452,516,688,814,908],
[95,231,339,446,552,612,784,908],
[96,199,355,504,634,674,718,910],
[98,223,316,490,646,817,913]]},
{"cxs":[
{"cs":[142,150,158,166,173,218,225,233,241,249,284,292,299,308,315],"xs":{"x1":94,"x2":916}},
{"cs":[381,389,396,404,412,456,464,471,479,487],"xs":{"x1":95,"x2":916}},
{"cs":[556,565,572,580,588,630,638,645,653,660],"xs":{"x1":95,"x2":917}},
{"cs":[749,756,764,772,779,820,828,835,843,851],"xs":{"x1":87,"x2":918}},
{"cs":[919,926,933,941,949,995,1002,1010,1018,1025],"xs":{"x1":95,"x2":919}}],
"bxs":[
[94,284,442,596,750,910],
[95,175,238,420,505,689,731,774,816,913],
[95,293,412,501,686,773,850],
[87,290,390,411,433,454,475,590,748,916],
[95,319,428,544,700,818,917]]},
{"cxs":[
{"cs":[151,159,166,174,182,241,249,257,266,273],"xs":{"x1":80,"x2":914}},
{"cs":[355,362,370,379,387,429,437,445,453,460],"xs":{"x1":84,"x2":917}},
{"cs":[539,546,554,563,570,627,634,642,649,657,703,711,718,726,734],"xs":{"x1":95,"x2":920}},
{"cs":[813,821,828,836,844,890,898,905,914,922,967,976,983,991,999],"xs":{"x1":96,"x2":921}}],
"bxs":[
[80,307,411,519,646,741,825,910],
[84,254,341,447,577,645,819,838,857,876,895,914],
[95,258,402,463,521,582,692,804,917],
[96,304,415,514,578,635,724,835]]},
{"cxs":[
{"cs":[129,137,144,153,160,198,205,213,221,228],"xs":{"x1":81,"x2":916}},
{"cs":[283,290,298,306,314,352,359,367,375,383],"xs":{"x1":91,"x2":916}},
{"cs":[450,457,464,472,480,518,526,533,541,549],"xs":{"x1":91,"x2":917}},
{"cs":[601,609,616,625,632,670,678,685,693,701],"xs":{"x1":83,"x2":918}},
{"cs":[755,762,770,778,786,823,831,838,846,855],"xs":{"x1":94,"x2":919}},
{"cs":[928,935,943,951,958,996,1004,1011,1019,1027],"xs":{"x1":85,"x2":918}}],
"bxs":[
[81,238,385,501,607,763,834,877,913],
[91,267,394,527,652,785,913],
[91,273,392,554,683,779,915],
[83,212,340,476,625,768,916],
[94,275,399,523,649,775,919],
[85,298,431,587,742,839,918]]},
{"cxs":[
{"cs":[143,151,159,166,174,217,225,233,241,248],"xs":{"x1":85,"x2":909}},
{"cs":[314,321,330,338,346,384,391,399,407,414],"xs":{"x1":78,"x2":914}},
{"cs":[469,476,483,491,499,536,544,551,561,569],"xs":{"x1":87,"x2":922}},
{"cs":[622,629,636,644,651,688,696,704,711,719],"xs":{"x1":89,"x2":920}},
{"cs":[773,780,788,797,805,836,844,851,860,868],"xs":{"x1":91,"x2":922}},
{"cs":[921,928,936,944,951,987,995,1002,1010,1018],"xs":{"x1":92,"x2":923}}],
"bxs":[
[85,279,405,518,625,761,906],
[78,279,320,358,504,634,760,910],
[87,285,363,540,713,858],
[89,300,438,560,681,801,916],
[91,270,402,536,658,795,918],
[92,272,384,503,633,754,863,889,920]]},
{"cxs":[
{"cs":[121,129,137,144,153,190,198,205,214,221],"xs":{"x1":76,"x2":910}},
{"cs":[279,287,294,302,310,345,353,360,368,376],"xs":{"x1":77,"x2":914}},
{"cs":[425,432,439,448,455,486,493,502,510,517],"xs":{"x1":85,"x2":916}},
{"cs":[560,568,575,583,590,629,636,643,651,659],"xs":{"x1":86,"x2":919}},
{"cs":[705,713,720,729,737,767,774,782,790,798],"xs":{"x1":89,"x2":920}},
{"cs":[863,870,877,885,893,945,953,961,969,977],"xs":{"x1":90,"x2":923}}],
"bxs":[
[76,254,363,472,566,684,793,907],
[77,282,410,533,662,798,910],
[85,246,377,518,643,789,913],
[86,268,358,514,614,653,744,830,915],
[89,255,369,477,581,697,802,917],
[90,282,368,465,578,689,788,920]]},
{"cxs":[
{"cs":[144,152,160,167,175,209,216,224,231,239,279,287,294,302,310],"xs":{"x1":89,"x2":918}},
{"cs":[364,372,379,388,395,431,439,447,455,463],"xs":{"x1":91,"x2":920}},
{"cs":[515,521,529,537,545,579,586,594,602,609],"xs":{"x1":82,"x2":920}},
{"cs":[654,658,666,674,683,716,724,731,740,748],"xs":{"x1":93,"x2":921}},
{"cs":[788,797,804,811,819,854,861,868,876,884],"xs":{"x1":94,"x2":922}},
{"cs":[925,932,940,948,956,990,998,1005,1013,1021],"xs":{"x1":95,"x2":921}}],
"bxs":[
[89,256,345,432,527,625,721,818,915],
[91,230,311,383,430,478,526,575,682,738,821,917],
[82,306,393,447,552,667,782,850,917],
[93,217,292,369,448,523,599,679,758,836,918],
[94,213,286,356,428,501,573,649,721,793,843,919],
[95,207,253,316,389,450,516,635,721,817,919]]},
{"cxs":[
{"cs":[126,134,141,150,158,192,200,208,216,223],"xs":{"x1":91,"x2":916}},
{"cs":[288,296,303,311,319,354,362,370,377,386],"xs":{"x1":83,"x2":918}},
{"cs":[430,438,447,454,462,496,504,512,519,527],"xs":{"x1":83,"x2":918}},
{"cs":[600,607,615,624,631,684,692,699,707,714],"xs":{"x1":92,"x2":918}},
{"cs":[756,763,771,778,786,839,846,855,870],"xs":{"x1":84,"x2":915}},
{"cs":[917,924,931,939,947,983,990,998,1006,1013],"xs":{"x1":92,"x2":911}}],
"bxs":[
[91,463,635,762,913],
[83,295,449,593,744,915],
[83,288,420,539,646,780,918],
[92,249,349,459,603,764,918],
[84,261,326,469,622,766,915],
[92,173,242,431,638,817,841,864,888,911]]},
{"cxs":[
{"cs":[153,159,168,175,183,222,229,236,245,252],"xs":{"x1":89,"x2":915}},
{"cs":[325,332,340,348,355,393,401,409,416,424],"xs":{"x1":90,"x2":916}},
{"cs":[485,491,499,508,515,552,561,569,576,584],"xs":{"x1":91,"x2":918}},
{"cs":[643,650,658,666,674,712,720,727,736,744],"xs":{"x1":91,"x2":919}},
{"cs":[804,811,818,826,834,872,879,887,894,902],"xs":{"x1":92,"x2":919}},
{"cs":[963,972,979,988,996,1032,1040,1048,1055,1063],"xs":{"x1":93,"x2":919}}],
"bxs":[
[89,251,380,496,666,788,915],
[90,287,410,534,658,780,913],
[91,253,377,518,570,619,767,915],
[91,298,421,544,667,789,916],
[92,300,446,557,687,795,916],
[93,261,280,299,318,402,542,617,741,849,919]]},
{"cxs":[
{"cs":[112,120,127,134,141,180,188,195,203,211],"xs":{"x1":78,"x2":918}},
{"cs":[267,275,282,289,297,337,344,351,359,366],"xs":{"x1":79,"x2":918}},
{"cs":[439,447,454,461,468,506,513,520,527,535],"xs":{"x1":78,"x2":920}},
{"cs":[596,603,610,617,626,660,668,675,683,690],"xs":{"x1":90,"x2":920}},
{"cs":[751,758,765,772,779,815,823,830,837,845],"xs":{"x1":92,"x2":921}},
{"cs":[904,911,920,927,934,972,979,986,993,1000],"xs":{"x1":94,"x2":922}}],
"bxs":[
[78,304,383,467,550,690,773,915],
[79,236,320,405,501,595,781,915],
[78,353,502,650,799,917],
[90,307,430,650,782,917],
[92,312,464,614,764,918],
[94,326,486,651,798,919]]},
{"cxs":[
{"cs":[171,178,185,191,200,250,258,266,273,279],"xs":{"x1":94,"x2":922}},
{"cs":[352,359,366,373,381,438,447,454,461,468],"xs":{"x1":83,"x2":923}},
{"cs":[545,553,561,568,576,628,635,642,650,657],"xs":{"x1":93,"x2":923}},
{"cs":[734,742,749,756,764,816,822,830,837,845],"xs":{"x1":92,"x2":923}},
{"cs":[922,929,936,943,950,1002,1010,1017,1024,1033],"xs":{"x1":78,"x2":916}}],
"bxs":[
[94,300,457,620,813,919],
[83,283,486,621,769,920],
[93,335,499,657,819,921],
[92,358,544,734,920],
[78,357,564,726,916]]},
{"cxs":[
{"cs":[112,119,126,134,141,180,187,195,202],"xs":{"x1":93,"x2":919}},
{"cs":[271,278,285,292,300,334,341,348,355,363],"xs":{"x1":82,"x2":917}},
{"cs":[419,427,434,442,449,470,478,487,494,502,510,517],"xs":{"x1":92,"x2":918}},
{"cs":[576,583,590,598,606,643,651,658,665,673],"xs":{"x1":92,"x2":918}},
{"cs":[743,750,756,764,771,822,829,836,843,851],"xs":{"x1":93,"x2":917}},
{"cs":[911,919,933,941,979,986,993,1001,1008],"xs":{"x1":91,"x2":915}}],
"bxs":[
[93,276,385,570,753,916],
[82,275,399,543,667,789,915],
[92,313,440,553,680,759,835,915],
[92,226,374,517,642,787,915],
[93,253,448,654,786,914],
[91,280,409,524,642,790,885]]},
{"cxs":[
{"cs":[157,167,172,179,186,228,235,242,250,257],"xs":{"x1":91,"x2":914}},
{"cs":[313,320,329,336,343,386,393,402,408,415],"xs":{"x1":91,"x2":916}},
{"cs":[472,478,486,494,502,545,552,561,568,575],"xs":{"x1":92,"x2":917}},
{"cs":[635,642,649,656,664,702,709,716,723,731],"xs":{"x1":92,"x2":918}},
{"cs":[792,800,807,814,822,866,872,880,887,895],"xs":{"x1":84,"x2":919}},
{"cs":[956,963,970,986,1028,1036,1043,1050,1057],"xs":{"x1":94,"x2":918}}],
"bxs":[
[91,266,396,524,653,781,911],
[91,268,393,517,593,733,830,913],
[92,242,373,509,589,668,780,914],
[92,333,545,715,916],
[84,362,564,784,916],
[94,266,436,609,736,751,766,781,796,811,826,841,856,871,886,901,916]]},
{"cxs":[
{"cs":[120,127,134,141,150,188,195,203,211,218],"xs":{"x1":91,"x2":919}},
{"cs":[276,283,290,298,305,345,352,359,366,374],"xs":{"x1":90,"x2":918}},
{"cs":[427,525],"xs":{"x1":89,"x2":917}},
{"cs":[579,682],"xs":{"x1":91,"x2":916}},
{"cs":[737,841],"xs":{"x1":94,"x2":835}},
{"cs":[903,1011],"xs":{"x1":93,"x2":916}}],
"bxs":[
[91,296,426,566,635,703,773,843,919],
[90,283,359,498,575,640,705,850,916],
[89,237,340,427,492,629,692,769,917],
[91,331,408,495,579,663,752,834,916],
[94,248,308,365,444,556,630,686,760,835],
[93,121,149,177,204,232,260,288,536,756,916]]},
{"cxs":[
{"cs":[166,173,180,187,195,236,243,250,257,266],"xs":{"x1":99,"x2":926}},
{"cs":[322,331,337,344,352,393,399,406,414,422],"xs":{"x1":98,"x2":926}},
{"cs":[481,489,495,503,511,550,557,565,572,580,623,631,638,645,652,691,698,705,712,720],"xs":{"x1":113,"x2":926}},
{"cs":[781,788,796,803,811,851,859,866,873,881],"xs":{"x1":97,"x2":924}},
{"cs":[939,947,954,961,969,1020,1027,1042,1049],"xs":{"x1":97,"x2":922}}],
"bxs":[
[99,268,415,491,590,657,726,796,905],
[98,300,381,489,577,698,820,923],
[113,301,415,441,467,492,518,658,754,831,924],
[97,267,330,400,527,635,724,814,921],
[97,253,343,433,523,633,722,824,920]]},
{"cxs":[
{"cs":[127,134,141,157,211,218,225,232,239,286,293,300,307,315],"xs":{"x1":104,"x2":922}},
{"cs":[380,389,395,402,410,460,468,475,482,490],"xs":{"x1":100,"x2":917}},
{"cs":[550,557,565,572,579,636,643,650,657,665],"xs":{"x1":101,"x2":913}},
{"cs":[726,733,741,748,755,803,817,825,832],"xs":{"x1":416,"x2":907}},
{"cs":[898,905,913,920,928,984,991,998,1005],"xs":{"x1":104,"x2":902}}],
"bxs":[
[104,257,329,398,468,538,610,715,839,922],
[100,251,365,477,585,690,808,917],
[101,256,367,504,603,702,812,913],
[102,282,398,501,603,706,817,907],
[104,295,432,571,652,733,835,902]]},
{"cxs":[
{"cs":[174,182,189,196,203,247,254,261,270,277],"xs":{"x1":94,"x2":915}},
{"cs":[346,353,360,367,375,414,421,428,436,444],"xs":{"x1":94,"x2":915}},
{"cs":[504,517,524,532,574,581,588,596,603],"xs":{"x1":94,"x2":916}},
{"cs":[659,665,672,681,688,724,731,740,747,754],"xs":{"x1":94,"x2":916}},
{"cs":[809,815,822,830,837,874,882,889,896,904],"xs":{"x1":94,"x2":915}},
{"cs":[960,967,975,982,990,1038,1045,1052,1059],"xs":{"x1":94,"x2":915}}],
"bxs":[
[94,255,373,490,588,654,752,818,913],
[94,231,341,425,555,685,799,913],
[94,253,369,486,604,725,818,913],
[94,252,350,449,546,643,744,843,913],
[94,241,329,422,520,617,715,815,913],
[94,244,337,429,522,614,726,819,872,913]]},
{"cxs":[
{"cs":[123,131,138,145,203,211,218,225,233],"xs":{"x1":97,"x2":920}},
{"cs":[289,296,304,311,319,359,366,373,381,389],"xs":{"x1":97,"x2":919}},
{"cs":[448,455,462,469,476,520,527,534,542,550],"xs":{"x1":99,"x2":923}},
{"cs":[603,611,619,626,633,682,696,704,711,747,753,761,768,775],"xs":{"x1":100,"x2":923}},
{"cs":[837,844,851,860,907,915,922,929,937,975,982,989,997,1004],"xs":{"x1":102,"x2":925}}],
"bxs":[
[97,283,414,545,653,786,916],
[97,257,330,399,468,536,652,762,874],
[99,113,126,140,153,167,180,194,207,221,234,248,261,275,289,302,440,579,691,799,920],
[100,270,371,506,563,621,746,830,920],
[102,278,344,410,477,571,666,761,864]]},
{"cxs":[
{"cs":[157,164,171,179,186,224,232,239,246,254],"xs":{"x1":87,"x2":909}},
{"cs":[309,316,325,332,338,376,384,392,398,406],"xs":{"x1":87,"x2":909}},
{"cs":[483,490,497,505,512,552,560,567,574,582],"xs":{"x1":90,"x2":909}},
{"cs":[648,655,662,669,677,710,718,725,732,740],"xs":{"x1":90,"x2":913}},
{"cs":[810,816,823,831,875,882,889,896,904],"xs":{"x1":90,"x2":914}},
{"cs":[970,1062],"xs":{"x1":92,"x2":916}}],
"bxs":[
[87,217,287,385,490,561,667,798,907],
[87,241,390,474,592,671,788,907],
[90,374,554,719,907],
[90,425,576,743,909],
[90,339,492,719,911],
[92,378,615,736,916]]},
{"cxs":[
{"cs":[118,125,131,139,146,190,197,204,212,219],"xs":{"x1":97,"x2":929}},
{"cs":[280,287,294,300,308,346,353,360,367,375],"xs":{"x1":95,"x2":928}},
{"cs":[429,436,457,490,497,505,512,519],"xs":{"x1":97,"x2":926}},
{"cs":[573,580,587,594,602,635,642,650,657,664,700,708,714,721,729,766,772,779,786,795],"xs":{"x1":112,"x2":928}},
{"cs":[848,856,863,870,877,916,923,930,937,944,983,990,997,1003,1011],"xs":{"x1":98,"x2":926}}],
"bxs":[
[97,289,543,687,838,926],
[95,252,463,538,652,730,844,926],
[97,269,346,473,550,665,780,926],
[112,216,279,422,556,689,804,868,925],
[98,386,571,766]]},
{"cxs":[
{"cs":[160,167,174,181,189,238,245,252,260,268],"xs":{"x1":48,"x2":925}},
{"cs":[321,330,336,343,350,392,398,405,412,420],"xs":{"x1":90,"x2":927}},
{"cs":[482,489,495,503,511,551,558,566,573,580],"xs":{"x1":90,"x2":927}},
{"cs":[632,639,646,653,660,708,715,722,729,738,772,779,786,793,802],"xs":{"x1":91,"x2":929}},
{"cs":[862,1030],"xs":{"x1":93,"x2":908}}],
"bxs":[
[103,150,288,419,565,670,806,922],
[90,253,312,386,462,536,664,781,902],
[90,103,116,129,143,156,169,182,195,208,221,235,248,261,274,287,416,549,669,799,924],
[91,239,343,482,555,614,757,846,926],
[93,264,337,405,478,584,690,800,908]]},
{"cxs":[
{"cs":[131,138,145,153,160,197,204,212,220,227],"xs":{"x1":75,"x2":910}},
{"cs":[278,285,292,299,307,337,343,350,358,365,372],"xs":{"x1":74,"x2":913}},
{"cs":[429,436,444,451,458,497,519,527,561,568,575,582,589],"xs":{"x1":84,"x2":916}},
{"cs":[644,652,659,666,673,702,709,717,724,731],"xs":{"x1":86,"x2":917}},
{"cs":[783,790,798,805,812,854,861,868,874,882],"xs":{"x1":92,"x2":919}},
{"cs":[939,946,953,960,996,1004,1011,1018,1025],"xs":{"x1":94,"x2":923}}],
"bxs":[
[75,215,290,387,494,565,668,801,907],
[74,259,389,475,592,671,792,910],
[84,364,545,713,911],
[86,406,598,757,914],
[92,329,483,724,916],
[94,370,604,750,923]]},
{"cxs":[
{"cs":[173,276],"xs":{"x1":94,"x2":916}},
{"cs":[343,349,356,363,371,410,417,424,432,439],"xs":{"x1":97,"x2":920}},
{"cs":[489,496,504,511,517,548,556,564,571,578],"xs":{"x1":98,"x2":921}},
{"cs":[624,631,638,646,653,689,696,703,711,718,753,760,767,774,781,816,824,831,838,845],"xs":{"x1":118,"x2":924}},
{"cs":[899,906,914,929,967,983,996,1037,1044,1051,1058,1065],"xs":{"x1":96,"x2":925}}],
"bxs":[
[94,266,547,688,842,916],
[97,231,419,498,627,706,829,917],
[98,272,344,464,543,659,773,921],
[118,212,283,424,554,693,811,870,922],
[96,381,575,790,922]]},
{"cxs":[
{"cs":[119,126,134,141,195,202,217,225],"xs":{"x1":91,"x2":919}},
{"cs":[293,300,307,314,322,369,376,392,399],"xs":{"x1":91,"x2":918}},
{"cs":[469,476,484,491,499,545,553,568,575],"xs":{"x1":91,"x2":917}},
{"cs":[668,675,691,698,747,754,761,769,776],"xs":{"x1":91,"x2":917}},
{"cs":[876,884,891,898,948,955,962,970,978],"xs":{"x1":92,"x2":917}}],
"bxs":[
[91,279,385,482,576,679,714,748,783,916],
[91,263,397,530,620,709,827,916],
[91,243,336,461,600,758,888],
[91,284,356,473,646,775,914],
[92,269,395,588,703,821,915]]},
{"cxs":[
{"cs":[146,154,160,167,175,212,219,226,233,240,291,298,305,313,320,362,370,377,385,392],"xs":{"x1":103,"x2":918}},
{"cs":[452,459,467,474,481,528,536,543,550,558],"xs":{"x1":94,"x2":922}},
{"cs":[612,719],"xs":{"x1":97,"x2":920}},
{"cs":[776,783,791,799,806,850,858,865,872,880],"xs":{"x1":94,"x2":922}},
{"cs":[936,943,950,958,965,1012,1019,1026,1034,1042],"xs":{"x1":95,"x2":922}}],
"bxs":[
[103,357,528,743,918],
[94,304,435,569,721,919],
[97,920],
[94,272,332,388,412,436,459,483,507,610,733,920],
[95,244,396,478,626,773,919]]},
{"cxs":[
{"cs":[121,128,136,143,151,196,203,211,218,226],"xs":{"x1":100,"x2":921}},
{"cs":[278,284,291,299,306,352,359,366,373,381],"xs":{"x1":91,"x2":921}},
{"cs":[455,462,469,477,519,527,534,541,549,596,603,610,617,625],"xs":{"x1":106,"x2":924}},
{"cs":[694,701,708,715,723,782,789,798,812],"xs":{"x1":101,"x2":923}},
{"cs":[890,897,903,911,919,966,975,982,989,996],"xs":{"x1":92,"x2":924}}],
"bxs":[
[100,274,399,519,653,787,918],
[91,263,366,507,648,781,921],
[106,338,480,629,770,921],
[101,491,769,921],
[92,320,540,755,922]]},
{"cxs":[
{"cs":[170,177,184,191,199,235,242,249,256,264,300,307,314,322,331],"xs":{"x1":103,"x2":918}},
{"cs":[405,411,419,427,467,474,482,489,496,536,543,551,558,566],"xs":{"x1":113,"x2":921}},
{"cs":[614,622,629,636,643,686,692,699,706,714],"xs":{"x1":101,"x2":925}},
{"cs":[757,764,771,779,786,829,836,844,851,860],"xs":{"x1":100,"x2":926}},
{"cs":[901,908,916,923,930,969,977,984,991,998,1039,1046,1053,1060,1067],"xs":{"x1":109,"x2":925}}],
"bxs":[
[103,357,544,769,918],
[113,281,359,433,543,629,707,897],
[101,245,308,369,432,495,607,718,922],
[100,271,400,532,663,793,923],
[109,224,306,445,533,621,765,925]]},
{"cxs":[
{"cs":[340,347,355,362,427,434,442,456],"xs":{"x1":253,"x2":915}},
{"cs":[541,549,556,564,571,635,642,649,657,664],"xs":{"x1":95,"x2":918}},
{"cs":[741,748,755,762,769,834,841,849,857,864,929,936,944,951,958],"xs":{"x1":97,"x2":924}}],
"bxs":[
[253,269,284,300,315,331,346,362,377,393,409,424,529,624,728,751,773,796,818,911],
[95,231,308,384,462,537,635,726,822,915],
[97,251,346,437,532,627,720,814,920]]},
{"cxs":[
{"cs":[169,176,184,191,198,255,262,270,277,284,337,344,351,359,366],"xs":{"x1":94,"x2":916}},
{"cs":[433,440,448,455,462,516,523,530,537,545,598,605,612,628],"xs":{"x1":96,"x2":918}},
{"cs":[696,703,710,718,725,780,787,795,802,809,862,868,875,883,890],"xs":{"x1":99,"x2":919}},
{"cs":[950,956,963,970,979,1026,1034,1041,1048,1055],"xs":{"x1":100,"x2":918}}],
"bxs":[
[94,248,344,440,535,629,723,818,913],
[96,264,372,498,610,706,818,915],
[99,252,343,434,540,634,729,823,916],
[100,276,374,462,553,648,772,918]]},
{"cxs":[
{"cs":[120,128,135,143,151,212,218,225,233,286,293,300,308,315],"xs":{"x1":95,"x2":914}},
{"cs":[383,391,398,405,412,465,472,480,487,494,547,554,563,570,577],"xs":{"x1":94,"x2":915}},
{"cs":[664,672,680,694,750,757,764,771,779],"xs":{"x1":96,"x2":916}},
{"cs":[864,870,877,885,892,948,955,962,970,978],"xs":{"x1":98,"x2":918}}],
"bxs":[
[95,231,311,393,477,562,649,739,820,910],
[94,236,320,404,488,574,659,742,826,911],
[96,238,321,405,488,575,656,742,827,913],
[98,240,321,406,489,574,655,741,827,916]]},
{"cxs":[
{"cs":[166,270],"xs":{"x1":89,"x2":907}},
{"cs":[336,342,350,358,365,421,428,435,444,451,502,509,516,523,530],"xs":{"x1":94,"x2":915}},
{"cs":[594,601,608,615,623,672,680,687,694,701],"xs":{"x1":96,"x2":919}},
{"cs":[765,772,779,787,795,843,850,858,865,872],"xs":{"x1":98,"x2":921}},
{"cs":[935,942,949,956,963,1012,1019,1026,1034,1042],"xs":{"x1":100,"x2":922}}],
"bxs":[
[89,241,406,540,656,789,907],
[94,314,424,534,649,771,911],
[96,318,478,626,777,915],
[98,292,439,653,802,917],
[100,314,454,591,703,920]]},
{"cxs":[
{"cs":[123,130,137,145,153,196,203,211,218,225],"xs":{"x1":93,"x2":917}},
{"cs":[282,289,296,303,311,354,361,369,376,385],"xs":{"x1":93,"x2":917}},
{"cs":[439,447,454,461,468,512,518,526,533,540],"xs":{"x1":93,"x2":919}},
{"cs":[598,605,612,621,628,674,683,690,697,704],"xs":{"x1":93,"x2":918}},
{"cs":[761,768,775,782,789,825,832,839,847],"xs":{"x1":95,"x2":919}},
{"cs":[920,927,933,941,948,998,1005,1013,1020,1027],"xs":{"x1":92,"x2":921}}],
"bxs":[
[93,272,367,466,566,692,818,915],
[93,266,349,459,609,755,827,915],
[93,281,436,588,733,824,916],
[93,216,293,367,443,516,592,664,740,821,918],
[95,308,462,614,765,916],
[92,316,493,682,792,801,810,819,828,837,846,855,864,873,882,891,900,909,918]]},
{"cxs":[
{"cs":[171,178,185,193,200,249,256,264,272,279],"xs":{"x1":93,"x2":910}},
{"cs":[374,381,390,397,404,453,460,467,474,482],"xs":{"x1":96,"x2":914}},
{"cs":[562,570,577,584,634,641,648,655,662],"xs":{"x1":99,"x2":916}},
{"cs":[737,743,751,758,765,815,822,829,837,844],"xs":{"x1":103,"x2":918}},
{"cs":[918,924,931,939,946,994,1001,1008,1016,1023],"xs":{"x1":103,"x2":923}}],
"bxs":[
[93,220,398,512,638,783,907],
[96,285,415,534,654,783,910],
[99,322,484,706,913],
[103,309,440,596,743,817,915],
[103,360,542,706,832,919]]},
{"cxs":[
{"cs":[119,126,133,149,189,196,203,219],"xs":{"x1":94,"x2":914}},
{"cs":[278,285,292,300,307,348,355,362,370,377],"xs":{"x1":99,"x2":916}},
{"cs":[434,442,449,463,505,512,519,526,533],"xs":{"x1":100,"x2":918}},
{"cs":[591,598,605,621,662,669,678,686,692],"xs":{"x1":101,"x2":916}},
{"cs":[750,756,763,770,778,819,826,833,841,848],"xs":{"x1":101,"x2":918}},
{"cs":[905,913,920,934,978,985,992,999,1006],"xs":{"x1":99,"x2":919}}],
"bxs":[
[94,274,398,482,569,654,791,910],
[99,269,380,539,704,774,845,913],
[100,330,483,642,780,918],
[101,126,151,176,200,225,250,435,734,864],
[101,264,347,521,690,811,916],
[99,219,309,409,509,601,718,916]]},
{"cxs":[
{"cs":[160,167,174,182,189,231,238,245,252,260],"xs":{"x1":92,"x2":918}},
{"cs":[337,344,353,393,399,406,414,421],"xs":{"x1":94,"x2":918}},
{"cs":[486,493,501,508,515,554,562,569,577,584],"xs":{"x1":94,"x2":919}},
{"cs":[648,655,662,670,678,715,722,730,738,745],"xs":{"x1":95,"x2":920}},
{"cs":[810,816,823,831,838,876,883,890,897,904],"xs":{"x1":95,"x2":919}},
{"cs":[968,976,983,991,998,1036,1043,1050,1057,1064],"xs":{"x1":94,"x2":920}}],
"bxs":[
[92,272,372,452,572,683,793,915],
[94,270,416,563,699,809,916],
[94,281,408,537,666,791,916],
[95,284,408,536,666,791,917],
[95,284,399,523,657,785,919],
[94,351,411,530,634,870]]},
{"cxs":[
{"cs":[119,127,135,142,151,182,189,197,204,213],"xs":{"x1":92,"x2":911}},
{"cs":[270,277,285,292,322,338,345,353],"xs":{"x1":83,"x2":911}},
{"cs":[398,405,412,420,427,459,467,474,482,490],"xs":{"x1":85,"x2":913}},
{"cs":[573,580,588,596,603,635,643,650,657,665],"xs":{"x1":100,"x2":917}},
{"cs":[753,761,768,775,783,821,828,836,843,851],"xs":{"x1":102,"x2":918}},
{"cs":[909,917,925,932,940,987,995,1002,1010,1018],"xs":{"x1":103,"x2":918}}],
"bxs":[
[92,300,403,539,657,791,908],
[83,292,420,553,665,764,909],
[85,258,320,452,587,696,803,910],
[100,247,326,399,522,608,686,763,825,868,914],
[102,260,308,389,453,518,612,715,816,915],
[103,279,383,455,512,596,622,652,736,821,918]]},
{"cxs":[
{"cs":[160,167,174,181,189,233,240,248,255,263],"xs":{"x1":93,"x2":913}},
{"cs":[320,328,335,342,350,393,400,408,416,423],"xs":{"x1":95,"x2":916}},
{"cs":[482,490,496,505,513,553,561,568,577,584],"xs":{"x1":97,"x2":916}},
{"cs":[639,646,653,661,669,709,717,725,732,741],"xs":{"x1":91,"x2":917}},
{"cs":[796,804,811,819,826,868,875,883,890,897],"xs":{"x1":103,"x2":919}},
{"cs":[953,961,969,977,984,1025,1034,1041,1048,1056],"xs":{"x1":106,"x2":921}}],
"bxs":[
[93,221,303,353,404,453,502,555,683,779,913],
[95,316,431,523,616,662,755,844,913],
[97,218,268,317,366,416,465,515,564,612,662,712,763,811,860,916],
[91,242,287,388,502,630,740,801,859,914],
[103,278,363,448,534,606,721,788,915],
[106,290,386,567,671,848]]},
{"cxs":[
{"cs":[127,134,141,156,215,222,229,236,243],"xs":{"x1":95,"x2":919}},
{"cs":[309,316,332,339,397,404,411,419],"xs":{"x1":95,"x2":920}},
{"cs":[495,510,517,524,575,582,589,596,603],"xs":{"x1":96,"x2":919}},
{"cs":[682,689,696,703,710,760,767,775,782,789],"xs":{"x1":98,"x2":919}},
{"cs":[866,872,880,887,894,944,951,958,966,974],"xs":{"x1":85,"x2":920}}],
"bxs":[
[95,331,477,625,771,917],
[95,313,464,614,766,917],
[96,316,465,613,760,917],
[98,366,536,746,916],
[85,145,204,264,488,636,672,707,743,917]]},
{"cxs":[
{"cs":[160,167,174,181,189,232,239,247,254,262],"xs":{"x1":91,"x2":914}},
{"cs":[318,326,333,340,347,391,398,404,413,420],"xs":{"x1":93,"x2":915}},
{"cs":[476,483,490,497,505,553,561,568,575,582,627,634,641,648,656],"xs":{"x1":95,"x2":918}},
{"cs":[712,719,726,734,742,787,793,802,809,816,863,870,877,884,891],"xs":{"x1":95,"x2":920}},
{"cs":[946,953,960,968,976,1019,1026,1034,1041,1048],"xs":{"x1":96,"x2":923}}],
"bxs":[
[91,347,536,724,910],
[93,352,538,725,913],
[95,407,672,916],
[95,414,677,917],
[96,419,668,920]]},
{"cxs":[
{"cs":[128,135,142,150,157,205,213,220,227,234],"xs":{"x1":96,"x2":915}},
{"cs":[299,306,314,321,376,384,391,398,405],"xs":{"x1":97,"x2":916}},
{"cs":[472,479,486,494,502,548,555,563,570,577],"xs":{"x1":98,"x2":916}},
{"cs":[643,651,658,665,673,720,727,734,743,750],"xs":{"x1":102,"x2":917}},
{"cs":[821,828,835,842,849,895,902,909,917,924,970,978,985,992,1000],"xs":{"x1":100,"x2":917}}],
"bxs":[
[96,407,666,913],
[97,387,620,813,913],
[98,396,601,767,914],
[102,335,488,690,915],
[100,378,590,800,819,838,858,877,896,915]]},
{"cxs":[
{"cs":[173,180,187,194,202,247,255,261,270,277],"xs":{"x1":87,"x2":915}},
{"cs":[338,345,351,359,367,413,420,428,436,444],"xs":{"x1":357,"x2":915}},
{"cs":[495,503,510,517,524,566,572,579,586,594],"xs":{"x1":93,"x2":917}},
{"cs":[645,652,659,666,674,715,722,729,738,745],"xs":{"x1":95,"x2":918}},
{"cs":[797,804,811,818,825,865,871,879,886,893],"xs":{"x1":96,"x2":919}},
{"cs":[959,966,974,981,987,1027,1035,1042,1050,1057],"xs":{"x1":97,"x2":922}}],
"bxs":[
[87,407,608,760,913],
[88,286,413,626,868],
[93,313,468,626,767,915],
[95,302,412,590,754,916],
[96,289,433,575,718,917],
[97,302,432,542,691,846,919]]},
{"cxs":[
{"cs":[119,126,133,140,149,191,198,205,213,220],"xs":{"x1":95,"x2":915}},
{"cs":[280,286,294,301,309,352,359,366,374,381],"xs":{"x1":94,"x2":915}},
{"cs":[440,455,463,470,513,520,527,534,542],"xs":{"x1":97,"x2":916}},
{"cs":[601,609,616,624,631,673,681,688,695,703],"xs":{"x1":98,"x2":915}},
{"cs":[763,771,778,786,795,835,842,849,858,866],"xs":{"x1":90,"x2":914}},
{"cs":[933,941,948,956,964,1003,1010,1018,1026,1034],"xs":{"x1":87,"x2":913}}],
"bxs":[
[95,348,492,589,779,914],
[94,315,435,554,674,793,913],
[97,292,410,541,659,790,913],
[98,314,442,560,679,797,913],
[90,285,401,533,665,766,911],
[87,297,424,512,625,734,913]]},
{"cxs":[
{"cs":[172,179,186,193,201,252,260,268,275,282],"xs":{"x1":95,"x2":917}},
{"cs":[359,366,373,380,389,437,445,452,459,466],"xs":{"x1":97,"x2":917}},
{"cs":[541,548,556,564,571,623,630,637,644,652],"xs":{"x1":99,"x2":917}},
{"cs":[725,732,740,747,754,800,807,814,821,828],"xs":{"x1":101,"x2":917}},
{"cs":[909,917,924,931,938,993,999,1007,1014,1021],"xs":{"x1":100,"x2":921}}],
"bxs":[
[95,328,467,624,770,915],
[97,325,468,615,767,915],
[99,326,481,629,774,915],
[101,307,439,529,659,787,915],
[100,290,447,633,791,921]]},
{"cxs":[
{"cs":[124,131,139,146,154,200,222,229],"xs":{"x1":94,"x2":916}},
{"cs":[315,322,330,337,344,392,399,406,413,420],"xs":{"x1":94,"x2":916}},
{"cs":[506,513,520,527,534,582,589,596,603,610],"xs":{"x1":95,"x2":918}},
{"cs":[675,683,690,697,704,750,756,763,771,778],"xs":{"x1":96,"x2":918}},
{"cs":[840,847,855,863,870,917,931,938,945],"xs":{"x1":96,"x2":919}}],
"bxs":[
[94,307,464,620,774,914],
[94,303,457,625,764,913],
[95,311,430,620,747,918],
[96,336,481,638,915],
[96,542,779,850,916]]},
{"cxs":[
{"cs":[170,177,185,192,199,245,252,259,268,276,320,328,335,342,349],"xs":{"x1":90,"x2":916}},
{"cs":[409,415,426,431,438,478,485,493,501,508],"xs":{"x1":93,"x2":919}},
{"cs":[567,574,581,588,596,641,648,655,663,669,714,721,729,737,744],"xs":{"x1":95,"x2":920}},
{"cs":[802,809,816,824,831,871,878,886,893,900],"xs":{"x1":94,"x2":921}},
{"cs":[957,964,972,979,986,1027,1035,1042,1050,1057],"xs":{"x1":96,"x2":922}}],
"bxs":[
[90,313,454,573,703,812,914],
[93,282,419,525,631,773,916],
[95,279,384,512,639,786,917],
[94,304,423,546,669,792,918],
[96,323,456,469,481,494,506,519,531,544,556,569,581,594,607,619,713,811,919]]},
{"cxs":[
{"cs":[105,112,120,127,134,170,178,185,192,199],"xs":{"x1":93,"x2":910}},
{"cs":[266,279,287,294,338,345,352,360],"xs":{"x1":93,"x2":911}},
{"cs":[422,430,437,445,452,488,495,503,517],"xs":{"x1":93,"x2":913}},
{"cs":[582,589,596,603,611,647,655,661,669,677],"xs":{"x1":93,"x2":914}},
{"cs":[733,749,756,762,815,821,829,836,843],"xs":{"x1":93,"x2":916}},
{"cs":[903,910,918,932,967,975,982,997],"xs":{"x1":93,"x2":918}}],
"bxs":[
[93,287,404,513,650,782,908],
[93,267,383,497,591,748,909],
[93,288,412,520,633,754,909],
[93,264,395,549,646,752,911],
[93,309,428,574,689,805,913],
[93,281,412,554,699,814,915]]},
{"cxs":[
{"cs":[175,187,194,201,290,298,306,314,321],"xs":{"x1":101,"x2":908}},
{"cs":[421,429,436,452,528,536,543,550,560],"xs":{"x1":93,"x2":909}},
{"cs":[658,665,672,681,689,762,769,777,784,792],"xs":{"x1":105,"x2":910}},
{"cs":[892,900,908,916,924,997,1004,1012,1019,1027],"xs":{"x1":96,"x2":911}}],
"bxs":[
[101,304,464,621,777,905],
[93,300,405,491,597,702,806,907],
[105,287,413,539,693,780,908],
[96,312,433,531,671,811,819,826,834,841,849,856,864,871,879,886,894,902,909]]},
{"cxs":[
{"cs":[126,133,157,208,215,222,230,238],"xs":{"x1":94,"x2":906}},
{"cs":[305,313,320,329,337,388,395,403,410,417],"xs":{"x1":93,"x2":906}},
{"cs":[486,493,502,509,517,568,576,583,590,598],"xs":{"x1":93,"x2":906}},
{"cs":[667,675,683,690,698,750,757,764,772,779],"xs":{"x1":94,"x2":906}},
{"cs":[848,856,864,871,879,930,937,944,952,960],"xs":{"x1":95,"x2":906}}],
"bxs":[
[94,402,476,544,685,808,904],
[93,295,447,636,650,665,679,694,708,723,737,904],
[93,299,397,539,682,713,744,774,805,903],
[94,348,483,554,617,761,903],
[95,238,399,512,667,799,906]]},
{"cxs":[
{"cs":[260,268,274,282,289,338,345,352,360,366],"xs":{"x1":235,"x2":919}},
{"cs":[413,420,427,434,442,473,480,487,494,502],"xs":{"x1":84,"x2":917}},
{"cs":[548,554,562,570,577,607,614,622,629,636],"xs":{"x1":86,"x2":916}},
{"cs":[683,690,698,705,712,743,750,758,765,772],"xs":{"x1":85,"x2":915}},
{"cs":[819,826,833,840,847,879,886,893,900,907],"xs":{"x1":85,"x2":915}},
{"cs":[953,960,967,975,982,1014,1021,1028,1036,1043],"xs":{"x1":85,"x2":915}}],
"bxs":[
[235,356,456,534,609,684,766,842,916],
[84,221,310,388,463,542,633,768,917],
[86,270,344,423,507,586,666,749,832,913],
[85,217,293,394,469,541,615,692,769,845,913],
[85,222,297,375,454,532,612,698,770,845,913],
[85,219,315,391,468,545,656,743,830,911]]},
{"cxs":[
{"cs":[128,135,157,224,231,238],"xs":{"x1":82,"x2":920}},
{"cs":[280,286,293,301,308,363,370,377,386],"xs":{"x1":86,"x2":918}},
{"cs":[435,443,450,457,464,513,520,527,534,541],"xs":{"x1":86,"x2":918}},
{"cs":[592,599,606,614,622,673,681,688,695,702],"xs":{"x1":87,"x2":918}},
{"cs":[746,753,759,766,773,832,839,846,854,861],"xs":{"x1":79,"x2":918}},
{"cs":[904,911,926,933,984,991,998,1005,1012],"xs":{"x1":89,"x2":918}}],
"bxs":[
[82,216,297,378,458,538,724,847,917],
[86,221,318,412,507,604,729,821,916],
[86,214,320,426,516,606,698,785,879],
[87,229,334,433,515,595,675,754,834,915],
[79,227,357,435,516,596,675,754,833,915],
[89,219,301,383,463,543,626,729,830,915]]},
{"cxs":[
{"cs":[166,173,179,187,194,267,274,281,289,296],"xs":{"x1":80,"x2":919}},
{"cs":[354,361,368,375,384,453,460,468,475,482],"xs":{"x1":80,"x2":920}},
{"cs":[548,555,563,570,577,641,648,655,662,669],"xs":{"x1":90,"x2":920}},
{"cs":[728,736,743,750,757,824,831,838,846,852],"xs":{"x1":81,"x2":919}},
{"cs":[915,922,929,936,942,1014,1021,1028,1043],"xs":{"x1":92,"x2":916}}],
"bxs":[
[80,229,353,480,606,726,823,916],
[80,267,345,462,594,688,818,917],
[90,223,308,404,485,565,648,749,830,917],
[81,221,287,358,431,501,600,674,749,824,917],
[92,236,312,388,486,570,661,805,915]]},
{"cxs":[
{"cs":[137,143,159,165,219,226,234,241,248],"xs":{"x1":79,"x2":917}},
{"cs":[320,342,349,403,410,418,425,432],"xs":{"x1":79,"x2":917}},
{"cs":[508,515,521,529,536,590,598,605,612,620],"xs":{"x1":80,"x2":917}},
{"cs":[691,698,705,712,719,775,783,790,798,805],"xs":{"x1":81,"x2":917}},
{"cs":[870,877,885,892,898,960,968,975,982,989],"xs":{"x1":82,"x2":921}}],
"bxs":[
[79,245,346,478,573,682,792,915],
[79,251,334,414,496,577,657,736,828,915],
[80,210,287,364,444,521,599,678,756,834,915],
[81,215,311,342,372,403,499,570,639,707,813,914],
[82,117,153,188,223,297,325,352,380,407,556,647,732,921]]},
{"cxs":[
{"cs":[162,169,176,183,190,249,257,264,272,279],"xs":{"x1":90,"x2":918}},
{"cs":[336,344,350,358,365,423,430,437,446,453],"xs":{"x1":81,"x2":918}},
{"cs":[511,518,524,531,539,615,623,630,637,644],"xs":{"x1":90,"x2":917}},
{"cs":[703,711,718,725,732,814,821,828,836,843],"xs":{"x1":81,"x2":916}},
{"cs":[902,909,917,925,931,1010,1017,1024,1033,1040],"xs":{"x1":92,"x2":914}}],
"bxs":[
[90,216,309,404,498,637,732,822,916],
[81,237,326,409,495,580,665,750,832,916],
[90,202,279,353,426,529,562,594,627,722,917],
[81,241,337,448,586,652,707,914],
[92,302,444,556,584,612,640,741,879]]},
{"cxs":[
{"cs":[123,129,137,144,151,198,205,213,220,227],"xs":{"x1":83,"x2":920}},
{"cs":[297,304,312,319,327,365,372,379,387,394],"xs":{"x1":83,"x2":921}},
{"cs":[443,450,457,464,471,520,527,534,542,549],"xs":{"x1":82,"x2":921}},
{"cs":[608,615,626,630,637,691,698,708,713,719,767,774,784,788,796,834,841,848,856,863],"xs":{"x1":94,"x2":922}},
{"cs":[921,928,935,942,949,989,996,1003,1011,1018],"xs":{"x1":91,"x2":922}}],
"bxs":[
[83,267,342,414,488,605,674,745,841,917],
[83,237,352,482,579,723,817,918],
[82,247,304,406,509,612,715,815,919],
[94,297,452,613,764,920],
[91,307,385,522,652,784,922]]},
{"cxs":[
{"cs":[164,171,178,186,193,247,255,262,270,277],"xs":{"x1":81,"x2":916}},
{"cs":[353,360,367,375,381,437,445,452,459,466],"xs":{"x1":81,"x2":919}},
{"cs":[539,546,553,561,568,624,630,637,644,651],"xs":{"x1":90,"x2":919}},
{"cs":[725,732,748,755,809,816,823,830,837],"xs":{"x1":90,"x2":920}},
{"cs":[915,922,929,936,943,997,1003,1010,1018,1025],"xs":{"x1":89,"x2":920}}],
"bxs":[
[81,327,483,689,774,913],
[81,304,507,625,763,916],
[90,255,383,505,628,779,917],
[90,304,439,609,744,832,917],
[89,221,322,485,714,768,854,875,896,917]]},
{"cxs":[
{"cs":[128,135,142,150,157,200,209,216,222,230],"xs":{"x1":90,"x2":918}},
{"cs":[280,287,294,301,308,354,361,369,376,383],"xs":{"x1":89,"x2":918}},
{"cs":[444,451,457,464,471,517,524,531,538,545],"xs":{"x1":89,"x2":920}},
{"cs":[604,611,620,626,633,675,684,691,698,704],"xs":{"x1":91,"x2":921}},
{"cs":[764,771,778,785,792,832,840,847,855,862],"xs":{"x1":81,"x2":920}},
{"cs":[916,923,930,937,943,988,997,1003,1009,1017],"xs":{"x1":82,"x2":920}}],
"bxs":[
[90,127,163,200,234,259,325,430,510,597,640,715,780,801,819,867,916],
[89,181,226,273,317,362,524,569,614,741,813,877],
[89,261,354,474,568,688,808,917],
[91,256,390,494,598,661,814,918],
[81,270,375,481,587,693,799,918],
[82,269,370,475,579,691,825,917]]},
{"cxs":[
{"cs":[167,173,180,188,195,242,250,257,264,272],"xs":{"x1":81,"x2":910}},
{"cs":[350,357,364,372,379,428,436,444,451,458],"xs":{"x1":90,"x2":913}},
{"cs":[522,530,537,545,552,614,622,629,636,643],"xs":{"x1":83,"x2":915}},
{"cs":[718,725,732,740,747,797,804,811,818,825],"xs":{"x1":91,"x2":916}},
{"cs":[900,908,916,923,930,983,990,997,1005,1012],"xs":{"x1":81,"x2":919}}],
"bxs":[
[81,306,452,584,738,910],
[90,294,381,472,566,664,798,910],
[83,281,401,521,641,761,913],
[91,284,410,535,660,785,913],
[81,283,406,521,653,774,794,815,835,855,875,896,916]]},
{"cxs":[
{"cs":[117,125,132,139,146,192,199,207,215,221],"xs":{"x1":81,"x2":921}},
{"cs":[277,284,291,298,346,352,360,367,374],"xs":{"x1":80,"x2":920}},
{"cs":[430,437,445,452,459,499,508,514,522,529],"xs":{"x1":80,"x2":920}},
{"cs":[588,595,602,609,616,661,668,677,684,691],"xs":{"x1":79,"x2":922}},
{"cs":[757,764,770,778,785,831,839,845,852,860],"xs":{"x1":78,"x2":919}},
{"cs":[920,927,934,941,948,994,1001,1008,1015,1022],"xs":{"x1":79,"x2":918}}],
"bxs":[
[81,221,311,405,496,588,681,774,919],
[80,252,374,464,557,647,738,827,918],
[80,217,308,400,490,576,673,763,843,920],
[79,195,269,357,402,436,546,624,714,803,922],
[78,207,301,470,641,748,815,916],
[79,214,334,468,576,665,781,872]]},
{"cxs":[
{"cs":[162,169,177,184,191,257,263,271,279,286,359,366,374,381,389],"xs":{"x1":90,"x2":921}},
{"cs":[456,463,471,478,485,518,525,533,541,547],"xs":{"x1":82,"x2":920}},
{"cs":[620,627,633,641,648,702,709,716,724,731],"xs":{"x1":91,"x2":920}},
{"cs":[802,809,815,823,830,873,880,887,894,901],"xs":{"x1":92,"x2":919}},
{"cs":[965,973,980,987,994,1043,1049,1057,1064,1071],"xs":{"x1":92,"x2":918}}],
"bxs":[
[90,256,359,460,561,661,820,918],
[82,346,447,625,724,918],
[91,277,481,597,805,917],
[92,338,550,734,916],
[92,241,372,499,629,763,904]]},
{"cxs":[
{"cs":[96,361],"xs":{"x1":81,"x2":926}},
{"cs":[412,420,427,434,441,480,488,495,502,509],"xs":{"x1":90,"x2":920}},
{"cs":[568,575,582,589,596,641,648,655,662,669],"xs":{"x1":91,"x2":918}},
{"cs":[740,748,755,763,770,821,828,835,842,849],"xs":{"x1":94,"x2":919}},
{"cs":[905,913,920,927,934,984,992,999,1006,1013],"xs":{"x1":93,"x2":922}}],
"bxs":[
[],
[90,280,373,488,581,699,817,918],
[91,260,387,484,581,656,810,915],
[94,260,367,475,581,687,794,916],
[93,257,358,461,563,679,820,919]]},
{"cxs":[
{"cs":[176,183,190,198,205,255,262,270,277,284],"xs":{"x1":87,"x2":913}},
{"cs":[360,368,375,383,391,440,448,455,462,470],"xs":{"x1":89,"x2":918}},
{"cs":[532,540,546,554,563,613,621,628,635,643],"xs":{"x1":79,"x2":919}},
{"cs":[725,732,741,748,755,810,817,824,831,839],"xs":{"x1":89,"x2":920}},
{"cs":[917,925,931,939,946,995,1002,1009,1016,1024],"xs":{"x1":77,"x2":923}}],
"bxs":[
[87,302,445,579,732,913],
[89,292,379,468,557,648,799,915],
[79,277,404,532,656,781,916],
[89,282,404,523,648,791,917],
[77,278,406,525,659,784,803,823,842,862,881,901,920]]},
{"cxs":[
{"cs":[122,129,152,188,195,202,211,218],"xs":{"x1":93,"x2":922}},
{"cs":[260,268,275,282,289,332,339,346,354],"xs":{"x1":91,"x2":921}},
{"cs":[407,414,421,429,436,472,480,487,494,503],"xs":{"x1":82,"x2":921}},
{"cs":[549,557,572,579,617,625,632,639,646],"xs":{"x1":92,"x2":922}},
{"cs":[710,718,725,732,741,781,788,796,810],"xs":{"x1":94,"x2":922}},
{"cs":[870,877,885,892,925,932,940,947,954,998,1006,1013,1020],"xs":{"x1":96,"x2":923}}],
"bxs":[
[93,249,341,431,523,613,703,795,920],
[91,278,396,483,570,654,741,828,919],
[82,246,334,418,506,579,663,759,840,919],
[92,222,281,356,385,414,516,658,734,817,919],
[94,244,353,545,736,838,920],
[96,268,338,448,556,648,712,806,880]]},
{"cxs":[
{"cs":[169,176,183,191,244,251,258,267,274,328,336,343,350,357],"xs":{"x1":91,"x2":918}},
{"cs":[423,430,437,446,452,460,494,502,509,516,523],"xs":{"x1":82,"x2":918}},
{"cs":[598,606,613,621,629,677,684,691,698,705],"xs":{"x1":92,"x2":917}},
{"cs":[780,787,795,810,848,856,863,870,877],"xs":{"x1":92,"x2":917}},
{"cs":[946,953,960,967,976,1014,1022,1030,1037,1044],"xs":{"x1":92,"x2":913}}],
"bxs":[
[91,241,346,453,557,658,812,916],
[82,329,436,614,729,915],
[92,276,467,597,783,914],
[92,331,532,707,915],
[92,222,397,505,613,738,913]]},
{"cxs":[
{"cs":[121,128,135,143,151,215,221,229,236,243],"xs":{"x1":85,"x2":918}},
{"cs":[330,337,344,351,358,411,418,426,433,440],"xs":{"x1":77,"x2":918}},
{"cs":[514,521,529,536,543,602,609,617,625,631],"xs":{"x1":77,"x2":918}},
{"cs":[701,708,715,723,729,785,792,800,808,815],"xs":{"x1":85,"x2":919}},
{"cs":[889,896,903,910,918,970,978,986,993,1000],"xs":{"x1":77,"x2":923}}],
"bxs":[
[85,280,338,469,527,660,791,891],
[77,264,410,512,684,765,916],
[77,277,410,482,634,786,918],
[85,269,387,467,575,769,916],
[77,298,463,613,661,704,780,868]]},
{"cxs":[
{"cs":[151,164,172,179,226,234,241,248,255],"xs":{"x1":78,"x2":920}},
{"cs":[305,312,319,328,335,383,390,397,404,411],"xs":{"x1":78,"x2":920}},
{"cs":[460,467,474,481,488,539,546,554,562,569],"xs":{"x1":79,"x2":921}},
{"cs":[619,626,633,640,648,697,704,711,719,726],"xs":{"x1":79,"x2":921}},
{"cs":[789,797,804,811,818,852,860,867,874,881],"xs":{"x1":79,"x2":921}},
{"cs":[937,944,952,959,966,1009,1016,1024,1032,1039],"xs":{"x1":80,"x2":918}}],
"bxs":[
[78,246,316,387,455,526,641,795,917],
[78,269,376,481,590,689,785,920],
[79,135,192,248,299,339,444,546,634,757,918],
[79,310,366,416,612,779,919],
[79,225,314,549,671,795,918],
[80,270,376,517,647,766,876]]},
{"cxs":[
{"cs":[133,140,149,156,163,213,220,227,234,240],"xs":{"x1":81,"x2":922}},
{"cs":[318,326,333,340,347,401,408,415,422,430],"xs":{"x1":79,"x2":922}},
{"cs":[507,514,521,528,535,588,595,602,609,616],"xs":{"x1":78,"x2":921}},
{"cs":[695,702,709,716,723,775,783,790,798,805],"xs":{"x1":78,"x2":921}},
{"cs":[886,893,900,908,915,964,972,980,987,993],"xs":{"x1":77,"x2":922}}],
"bxs":[
[81,291,426,561,695,829,920],
[79,244,315,406,547,650,741,828,919],
[78,239,317,395,473,573,667,759,919],
[78,262,372,502,634,771,918],
[77,298,470,607,744,848,919]]},
{"cxs":[
{"cs":[173,180,187,202,248,255,262,271,277],"xs":{"x1":78,"x2":919}},
{"cs":[336,342,349,357,364,413,421,428,435,443],"xs":{"x1":79,"x2":918}},
{"cs":[495,503,510,517,524,583,590,597,604,611],"xs":{"x1":79,"x2":920}},
{"cs":[670,678,685,692,699,749,756,763,770,777],"xs":{"x1":81,"x2":919}},
{"cs":[841,848,856,864,870,926,933,940,947,954,996,1004,1011,1018,1025],"xs":{"x1":82,"x2":919}}],
"bxs":[
[78,289,426,552,713,835,916],
[79,295,433,567,699,819,916],
[79,281,408,536,688,809,917],
[81,352,465,557,748,919],
[82,305,461,612,767,917]]},
{"cxs":[
{"cs":[171,179,186,193,200,276,282,290,297,304],"xs":{"x1":89,"x2":920}},
{"cs":[408,415,422,429,436,525,533,540,547,554,635,642,649,656,663],"xs":{"x1":91,"x2":921}},
{"cs":[772,778,786,793,801,887,894,901,908,916],"xs":{"x1":84,"x2":921}}],
"bxs":[
[89,287,407,540,667,791,918],
[91,284,400,592,703,776,918],
[84,214,350,484,621,718,815,921]]},
{"cxs":[
{"cs":[280,290,294,302,309,366,373,380,388,396],"xs":{"x1":248,"x2":921}},
{"cs":[470,478,485,493,501,545,553,562,569,576],"xs":{"x1":90,"x2":921}},
{"cs":[634,641,649,656,664,705,713,720,728,736],"xs":{"x1":91,"x2":923}},
{"cs":[801,808,816,823,830,870,877,884,891,899],"xs":{"x1":90,"x2":921}},
{"cs":[951,959,966,974,982,1021,1030,1037,1044,1051],"xs":{"x1":80,"x2":923}}],
"bxs":[
[248,407,515,604,669,732,825,918],
[90,226,347,438,532,558,584,610,737,832,919],
[91,220,307,395,482,572,659,747,807,923],
[90,339,532,723,918],
[80,326,534,616,763,921]]},
{"cxs":[
{"cs":[120,128,135,143,151,189,197,204,212,219],"xs":{"x1":85,"x2":924}},
{"cs":[293,300,308,315,322,370,378,386,393,400],"xs":{"x1":74,"x2":922}},
{"cs":[449,456,463,470,478,514,521,529,536,543],"xs":{"x1":85,"x2":921}},
{"cs":[587,594,601,609,616,653,660,667,675,682],"xs":{"x1":86,"x2":921}},
{"cs":[732,754,761,814,821,829,836,843],"xs":{"x1":80,"x2":923}},
{"cs":[896,903,910,919,926,969,977,984,991,998],"xs":{"x1":80,"x2":926}}],
"bxs":[
[85,360,510,610,714,817,922],
[74,230,337,481,586,694,764,844,920],
[85,240,320,406,504,628,743,827,919],
[86,260,394,522,654,787,918],
[80,260,392,522,653,787,920],
[80,250,376,504,628,739,922]]},
{"cxs":[
{"cs":[167,175,182,190,197,244,252,259,267,275],"xs":{"x1":76,"x2":924}},
{"cs":[333,341,349,356,363,409,416,423,431,439],"xs":{"x1":77,"x2":923}},
{"cs":[497,506,513,520,527,571,579,586,593,601],"xs":{"x1":90,"x2":923}},
{"cs":[667,674,682,690,697,745,752,759,767,774,821,829,836,843,851],"xs":{"x1":89,"x2":923}},
{"cs":[926,933,940,948,992,1007,1014,1021],"xs":{"x1":92,"x2":924}}],
"bxs":[
[76,250,371,462,547,639,746,833,921],
[77,207,327,549,738,920],
[90,338,545,751,921],
[89,339,490,619,920],
[92,341,539,747,921]]},
{"cxs":[
{"cs":[122,129,137,145,153,207,215,222,229,237],"xs":{"x1":81,"x2":918}},
{"cs":[336,343,350,359,408,415,423,430,438],"xs":{"x1":80,"x2":917}},
{"cs":[526,534,541,549,599,607,614,622,630],"xs":{"x1":93,"x2":918}},
{"cs":[696,704,711,718,727,772,779,786,795,802],"xs":{"x1":84,"x2":918}},
{"cs":[863,870,877,885,893,933,941,948,956,964],"xs":{"x1":94,"x2":919}}],
"bxs":[
[81,296,404,554,755,914],
[80,311,430,609,730,915],
[93,280,460,605,792,916],
[84,392,615,772,916],
[94,158,202,336,414,541,703,834,917]]},
{"cxs":[
{"cs":[168,173,181,188,196,248,256,263,271,278],"xs":{"x1":76,"x2":921}},
{"cs":[354,361,372,377,385,435,444,451,458,465],"xs":{"x1":78,"x2":923}},
{"cs":[542,549,556,565,572,622,630,637,644,651],"xs":{"x1":91,"x2":921}},
{"cs":[726,734,742,749,757,808,816,823,831,838],"xs":{"x1":78,"x2":923}},
{"cs":[911,919,926,934,941,991,999,1006,1013,1020],"xs":{"x1":91,"x2":924}}],
"bxs":[
[76,268,363,584,743,919],
[78,345,449,631,737,921],
[91,337,505,700,826,918],
[78,310,466,623,778,920],
[91,362,553,692,819,876,921]]},
{"cxs":[
{"cs":[112,120,127,135,142,186,194,201,210,217],"xs":{"x1":77,"x2":923}},
{"cs":[273,280,287,295,302,344,352,359,366,374],"xs":{"x1":87,"x2":921}},
{"cs":[429,437,445,452,459,498,506,513,520,528],"xs":{"x1":87,"x2":922}},
{"cs":[582,589,596,604,611,650,658,665,673,681],"xs":{"x1":86,"x2":917}},
{"cs":[732,741,748,755,762,800,808,815,822,830],"xs":{"x1":86,"x2":918}},
{"cs":[887,895,902,910,918,956,964,972,980,987],"xs":{"x1":86,"x2":917}}],
"bxs":[
[77,319,480,608,738,921],
[87,367,475,611,715,797,918],
[87,269,371,523,591,726,829,919],
[86,268,371,475,629,709,812,915],
[86,257,361,466,582,688,792,915],
[86,258,334,499,637,776,915]]},
{"cxs":[
{"cs":[155,162,169,177,184,222,229,237,244,251],"xs":{"x1":83,"x2":924}},
{"cs":[308,315,322,331,338,375,383,391,399,406],"xs":{"x1":86,"x2":921}},
{"cs":[465,472,479,487,495,534,541,548,556,564],"xs":{"x1":86,"x2":921}},
{"cs":[622,629,636,644,651,690,697,704,711,719],"xs":{"x1":87,"x2":921}},
{"cs":[775,782,789,798,805,851,859,867,874,881],"xs":{"x1":86,"x2":921}},
{"cs":[937,945,952,959,967,1003,1011,1018,1025,1033],"xs":{"x1":87,"x2":920}}],
"bxs":[
[83,280,456,633,792,921],
[86,262,409,610,682,919],
[86,219,341,468,600,725,918],
[87,279,412,558,719,921],
[86,330,522,695,918],
[87,295,438,586,736,920]]},
{"cxs":[
{"cs":[119,127,134,142,150,192,199,208,215,222],"xs":{"x1":82,"x2":915}},
{"cs":[285,293,300,307,315,351,359,366,373,381],"xs":{"x1":82,"x2":914}},
{"cs":[446,453,460,468,475,514,521,528,536,543],"xs":{"x1":82,"x2":915}},
{"cs":[610,617,625,632,640,679,686,693,700,708],"xs":{"x1":84,"x2":916}},
{"cs":[762,770,778,785,792,830,837,844,852,860],"xs":{"x1":85,"x2":918}},
{"cs":[914,929,936,943,981,988,995,1003,1010],"xs":{"x1":96,"x2":917}}],
"bxs":[
[82,232,301,368,437,506,574,669,760,823,885],
[82,250,370,491,596,690,783,896],
[82,353,486,601,672,763,870],
[84,320,470,621,769,913],
[85,310,462,613,767,915],
[96,344,528,713,917]]},
{"cxs":[
{"cs":[168,175,182,190,198,245,260,268,275],"xs":{"x1":86,"x2":916}},
{"cs":[355,363,370,378,387,413,432,440,455,463],"xs":{"x1":89,"x2":918}},
{"cs":[543,551,558,566,574,621,629,636,643,650],"xs":{"x1":78,"x2":918}},
{"cs":[729,738,745,752,759,808,815,822,829,837],"xs":{"x1":79,"x2":916}},
{"cs":[915,922,929,937,944,990,997,1005,1012,1020],"xs":{"x1":79,"x2":915}}],
"bxs":[
[86,289,416,581,748,914],
[89,302,457,611,765,915],
[78,292,442,620,746,915],
[79,302,457,601,757,914],
[79,277,431,566,693,864]]},
{"cxs":[
{"cs":[145,153,161,168,217,224,231,239,246],"xs":{"x1":91,"x2":917}},
{"cs":[323,332,339,346,354,401,409,416,423,431],"xs":{"x1":80,"x2":919}},
{"cs":[507,514,522,529,536,584,591,599,606,613],"xs":{"x1":80,"x2":918}},
{"cs":[692,699,707,714,721,769,777,784,791,800],"xs":{"x1":81,"x2":918}},
{"cs":[874,882,889,897,904,950,957,965,973,980],"xs":{"x1":81,"x2":917}}],
"bxs":[
[91,261,401,525,648,755,915],
[80,266,372,481,590,697,805,916],
[80,285,411,536,663,787,915],
[81,298,435,480,521,650,793,916],
[81,278,381,521,642,767,877]]},
{"cxs":[
{"cs":[158,165,173,180,187,239,247,254,261,270],"xs":{"x1":80,"x2":917}},
{"cs":[330,337,344,351,359,401,408,415,423,431],"xs":{"x1":83,"x2":918}},
{"cs":[482,490,498,506,513,553,561,568,575,583],"xs":{"x1":84,"x2":918}},
{"cs":[635,643,650,657,665,707,714,722,729,738],"xs":{"x1":95,"x2":920}},
{"cs":[788,797,804,811,819,858,865,872,879,887],"xs":{"x1":86,"x2":921}},
{"cs":[941,949,956,963,972,1004,1012,1019,1027,1035],"xs":{"x1":85,"x2":922}}],
"bxs":[
[80,256,351,447,541,636,729,822,914],
[83,219,317,419,521,620,719,819,915],
[84,208,292,404,519,623,708,797,915],
[95,241,329,454,581,706,826,917],
[86,218,329,423,537,634,759,818,877],
[85,238,340,460,592,705,820,919]]},
{"cxs":[
{"cs":[118,126,133,141,149,209,216,223,230,238,286,294,301,309,316],"xs":{"x1":87,"x2":919}},
{"cs":[385,393,400,407,415,457,464,471,478,486],"xs":{"x1":79,"x2":918}},
{"cs":[554,562,570,577,584,629,636,644,651,659],"xs":{"x1":79,"x2":919}},
{"cs":[724,732,741,748,755,799,807,814,821,829],"xs":{"x1":79,"x2":917}},
{"cs":[902,909,918,925,932,972,979,986,994,1001],"xs":{"x1":79,"x2":918}}],
"bxs":[
[87,270,409,663,917],
[79,336,512,704,915],
[79,338,528,700,916],
[79,351,572,741,879],
[79,245,347,445,553,646,727,822,915]]},
{"cxs":[
{"cs":[152,159,167,174,182,230,237,245,252,260],"xs":{"x1":90,"x2":924}},
{"cs":[320,419],"xs":{"x1":90,"x2":916}},
{"cs":[475,482,489,497,505,543,550,557,566,573],"xs":{"x1":91,"x2":919}},
{"cs":[624,631,638,646,653,696,703,711,718,726],"xs":{"x1":92,"x2":920}},
{"cs":[774,781,789,797,804,845,854,861,868,875],"xs":{"x1":93,"x2":921}},
{"cs":[926,933,940,947,955,990,998,1005,1013,1020],"xs":{"x1":94,"x2":921}}],
"bxs":[
[90,203,279,355,429,527,653,821,921],
[90,325,492,674,916],
[91,242,332,468,623,780,917],
[92,260,392,524,656,788,917],
[93,290,429,537,644,757,918],
[94,284,433,523,614,725,862]]},
{"cxs":[
{"cs":[124,132,139,156,213,220,227,234,242],"xs":{"x1":84,"x2":918}},
{"cs":[315,322,331,338,346,396,403,411,419,426],"xs":{"x1":82,"x2":918}},
{"cs":[501,508,516,523,531,582,589,596,604,612],"xs":{"x1":83,"x2":920}},
{"cs":[689,696,704,711,719,768,776,783,790,798],"xs":{"x1":80,"x2":919}},
{"cs":[876,883,891,899,906,953,960,968,976,983],"xs":{"x1":85,"x2":920}}],
"bxs":[
[84,277,368,458,548,639,728,821,915],
[82,283,389,494,598,705,811,916],
[83,266,356,450,542,634,725,823,917],
[80,278,385,495,585,650,711,806,917],
[85,286,377,449,551,656,833,876,917]]},
{"cxs":[
{"cs":[163,170,178,185,193,239,247,254,261,269],"xs":{"x1":80,"x2":922}},
{"cs":[350,357,364,372,379,425,432,440,448,455],"xs":{"x1":79,"x2":921}},
{"cs":[531,539,547,553,562,607,614,623,630,638],"xs":{"x1":78,"x2":920}},
{"cs":[717,724,732,740,747,795,802,810,817,824],"xs":{"x1":89,"x2":916}},
{"cs":[921,929,936,943,951,996,1004,1011,1018,1025],"xs":{"x1":77,"x2":918}}],
"bxs":[
[80,309,481,638,805,920],
[79,308,419,529,639,748,919],
[78,312,454,610,764,918],
[89,311,415,560,705,913],
[77,372,638,878]]},
{"cxs":[
{"cs":[129,136,143,152,159,202,210,217,224,232],"xs":{"x1":89,"x2":920}},
{"cs":[300,308,315,322,331,373,380,389,396,403],"xs":{"x1":78,"x2":920}},
{"cs":[490,498,506,513,521,566,573,581,588,595],"xs":{"x1":78,"x2":918}},
{"cs":[691,697,705,712,760,767,775,782,789],"xs":{"x1":79,"x2":919}},
{"cs":[872,879,887,894,901,948,956,963,970,979],"xs":{"x1":79,"x2":920}}],
"bxs":[
[89,244,380,513,649,781,918],
[78,355,523,695,917],
[78,414,654,916],
[79,375,645,917],
[79,376,578,608,638,669,699,729,759,918]]},
{"cxs":[
{"cs":[164,172,179,186,193,234,242,249,256,264],"xs":{"x1":87,"x2":921}},
{"cs":[321,330,336,343,351,391,398,405,412,420],"xs":{"x1":89,"x2":923}},
{"cs":[480,487,494,502,510,549,556,564,571,579],"xs":{"x1":89,"x2":926}},
{"cs":[638,645,653,660,668,708,715,722,730,738],"xs":{"x1":87,"x2":924}},
{"cs":[797,804,811,819,826,865,873,880,887,895],"xs":{"x1":86,"x2":925}},
{"cs":[955,963,970,978,985,1021,1030,1037,1044,1051],"xs":{"x1":83,"x2":925}}],
"bxs":[
[87,229,317,406,531,621,709,798,919],
[89,242,325,414,430,446,462,478,494,510,613,719,820,920],
[89,273,391,517,601,724,808,890],
[87,268,387,508,644,781,922],
[86,259,357,469,584,697,810,923],
[83,257,366,475,585,711,821,923]]},
{"cxs":[
{"cs":[116,124,131,139,146,187,194,202,210,217],"xs":{"x1":79,"x2":924}},
{"cs":[274,281,288,295,302,344,351,358,366,373],"xs":{"x1":87,"x2":922}},
{"cs":[432,448,455,462,503,510,517,525,532],"xs":{"x1":87,"x2":919}},
{"cs":[589,596,604,611,620,659,666,674,682,690],"xs":{"x1":87,"x2":919}},
{"cs":[741,748,755,762,770,809,816,824,831,839],"xs":{"x1":86,"x2":920}},
{"cs":[906,914,922,929,936,984,991,998,1006],"xs":{"x1":78,"x2":918}}],
"bxs":[
[79,270,393,532,657,768,921],
[87,261,366,482,578,698,800,919],
[87,244,327,408,491,573,673,775,821,867,913],
[87,280,415,553,684,768,917],
[86,302,407,516,659,798,914],
[78,383,611,739,918]]},
{"cxs":[
{"cs":[187,195,202,210,218,262,270,278,284,291],"xs":{"x1":89,"x2":920}},
{"cs":[372,379,388,396,403,440,456,464,471],"xs":{"x1":90,"x2":919}},
{"cs":[529,537,544,551,560,595,602,610,619,626],"xs":{"x1":92,"x2":919}},
{"cs":[673,682,689,696,703,739,746,753,761,768],"xs":{"x1":91,"x2":920}},
{"cs":[832,839,847,855,924,932,939,946,954,1019,1026,1035,1042,1049],"xs":{"x1":92,"x2":920}}],
"bxs":[
[89,268,351,413,525,637,754,795,836,876,917],
[90,313,392,470,565,705,855],
[92,282,387,493,600,706,812,916],
[91,287,311,335,359,383,407,507,595,811,918],
[92,249,338,426,515,605,694,782,856]]},
{"cxs":[
{"cs":[117,125,132,140,148,190,197,205,213,221],"xs":{"x1":84,"x2":926}},
{"cs":[274,281,288,296,303,346,354,360,368,375],"xs":{"x1":83,"x2":925}},
{"cs":[421,428,435,444,484,491,499,507,514],"xs":{"x1":76,"x2":923}},
{"cs":[579,586,594,601,609,648,656,663,670,679],"xs":{"x1":74,"x2":922}},
{"cs":[739,746,753,760,767,806,813,821,828,835],"xs":{"x1":83,"x2":921}},
{"cs":[894,901,909,917,924,983,991,998,1006,1013],"xs":{"x1":84,"x2":922}}],
"bxs":[
[84,178,252,309,426,521,542,563,583,604,771,924],
[83,249,278,307,336,381,425,595,773,922],
[76,241,311,383,456,526,597,669,828,921],
[74,232,439,710,860],
[83,222,395,478,645,781,917],
[84,263,440,593,708,779,922]]}]

Bass
[1000,
{"cxs":[
{"cs":[244,252,259,268,328,335,342,350,358],"xs":{"x1":227,"x2":916}},
{"cs":[442,450,457,465,472,524,532,540,548,555],"xs":{"x1":79,"x2":918}},
{"cs":[647,654,661,670,679,727,736,743,751,758],"xs":{"x1":80,"x2":919}},
{"cs":[830,838,845,854,862,910,919,926,934,941],"xs":{"x1":80,"x2":921}}],
"bxs":[
[227,373,468,564,629,723,785,848,914],
[79,183,245,306,385,417,451,558,639,674,707,775,833,915],
[80,119,157,196,278,356,439,518,602,678,753,828,916],
[80,203,282,338,414,494,550,665,738,918]]},
{"cxs":[
{"cs":[137,144,153,161,168,214,221,229,237,245],"xs":{"x1":80,"x2":910}},
{"cs":[302,310,317,326,333,381,389,396,405,412],"xs":{"x1":83,"x2":914}},
{"cs":[478,485,493,502,510,544,552,560,568,576],"xs":{"x1":84,"x2":916}},
{"cs":[650,657,665,672,681,715,722,729,739,746],"xs":{"x1":92,"x2":917}},
{"cs":[799,807,814,822,830,864,872,879,887,894],"xs":{"x1":92,"x2":919}},
{"cs":[947,954,962,969,978,1012,1019,1027,1036,1043],"xs":{"x1":83,"x2":919}}],
"bxs":[
[80,255,334,464,542,673,752,827,906],
[83,194,262,331,420,521,631,752,835,876,910],
[84,210,290,378,468,549,666,749,832,913],
[92,225,319,399,483,562,657,733,818,915],
[92,218,302,369,434,542,628,709,788,919],
[83,332,431,547,719,836,915]]},
{"cxs":[
{"cs":[142,150,158,166,173,218,225,232,240,248],"xs":{"x1":84,"x2":918}},
{"cs":[310,318,326,334,341,380,389,396,404,411],"xs":{"x1":92,"x2":919}},
{"cs":[486,493,502,510,517,568,575,583,591,598,637,644,652,659,667],"xs":{"x1":92,"x2":920}},
{"cs":[750,757,765,773,780,818,826,834,841,849],"xs":{"x1":94,"x2":920}},
{"cs":[916,923,930,938,945,983,990,998,1005,1013],"xs":{"x1":95,"x2":922}}],
"bxs":[
[84,271,401,529,657,793,915],
[92,261,372,510,628,768,916],
[92,281,404,529,656,783,920],
[94,247,335,422,510,595,685,787,852,917],
[95,208,298,319,340,361,447,558,649,757,845,869,894,918]]},
{"cxs":[
{"cs":[143,151,159,167,174,227,234,242,250,258],"xs":{"x1":87,"x2":911}},
{"cs":[320,328,336,344,351,407,414,421,429,438,487,495,504,511,519],"xs":{"x1":91,"x2":917}},
{"cs":[585,593,600,608,616,660,667,674,683,691],"xs":{"x1":83,"x2":920}},
{"cs":[753,760,768,776,784,825,832,840,848,857],"xs":{"x1":85,"x2":922}},
{"cs":[918,925,933,940,948,987,995,1003,1011,1018],"xs":{"x1":95,"x2":925}}],
"bxs":[
[87,216,289,340,455,536,650,736,842,907],
[91,250,360,467,574,681,788,913],
[83,101,119,136,154,172,190,208,225,243,261,283,305,326,348,370,544,645,719,798,917],
[85,235,355,432,539,555,571,587,602,618,634,727,751,775,798,822,918],
[95,230,338,401,525,621,725,803,920]]},
{"cxs":[
{"cs":[148,156,163,171,180,228,235,243,251,259],"xs":{"x1":81,"x2":910}},
{"cs":[334,341,349,357,365,414,422,430,438,446],"xs":{"x1":92,"x2":911}},
{"cs":[522,529,537,545,553,597,605,613,621,629],"xs":{"x1":93,"x2":914}},
{"cs":[713,721,728,737,745,788,797,804,812,819],"xs":{"x1":96,"x2":916}},
{"cs":[887,895,902,910,919,980,987,995,1003,1010],"xs":{"x1":85,"x2":919}}],
"bxs":[
[81,224,289,367,484,647,778,907],
[92,263,394,523,646,773,908],
[93,276,405,537,657,777,910],
[96,272,414,542,664,786,913],
[85,272,451,566,687,839,864,890,915]]},
{"cxs":[
{"cs":[146,154,162,169,177,204,212,220,228,236],"xs":{"x1":83,"x2":905}},
{"cs":[292,299,307,315,322,362,370,377,386,393],"xs":{"x1":84,"x2":911}},
{"cs":[464,471,479,486,494,522,530,537,545,553],"xs":{"x1":94,"x2":908}},
{"cs":[614,623,631,638,646,674,683,690,698,705],"xs":{"x1":95,"x2":911}},
{"cs":[754,761,769,777,785,836,844,851,860,868],"xs":{"x1":96,"x2":913}},
{"cs":[930,938,945,953,961,999,1007,1014,1022,1031],"xs":{"x1":98,"x2":916}}],
"bxs":[
[83,222,289,416,553,681,791,901],
[84,258,390,524,652,782,911],
[94,235,342,452,516,688,814,908],
[95,231,339,446,552,612,784,908],
[96,199,355,504,634,674,718,910],
[98,223,316,490,646,817,913]]},
{"cxs":[
{"cs":[142,150,158,166,173,218,225,233,241,249,284,292,299,308,315],"xs":{"x1":94,"x2":916}},
{"cs":[381,389,396,404,412,456,464,471,479,487],"xs":{"x1":95,"x2":916}},
{"cs":[556,565,572,580,588,630,638,645,653,660],"xs":{"x1":95,"x2":917}},
{"cs":[749,756,764,772,779,820,828,835,843,851],"xs":{"x1":87,"x2":918}},
{"cs":[919,926,933,941,949,995,1002,1010,1018,1025],"xs":{"x1":95,"x2":919}}],
"bxs":[
[94,284,442,596,750,910],
[95,175,238,420,505,689,731,774,816,913],
[95,293,412,501,686,773,850],
[87,290,390,411,433,454,475,590,748,916],
[95,319,428,544,700,818,917]]},
{"cxs":[
{"cs":[151,159,166,174,182,241,249,257,266,273],"xs":{"x1":80,"x2":914}},
{"cs":[355,362,370,379,387,429,437,445,453,460],"xs":{"x1":84,"x2":917}},
{"cs":[539,546,554,563,570,627,634,642,649,657,703,711,718,726,734],"xs":{"x1":95,"x2":920}},
{"cs":[813,821,828,836,844,890,898,905,914,922,967,976,983,991,999],"xs":{"x1":96,"x2":921}}],
"bxs":[
[80,307,411,519,646,741,825,910],
[84,254,341,447,577,645,819,838,857,876,895,914],
[95,258,402,463,521,582,692,804,917],
[96,304,415,514,578,635,724,835]]},
{"cxs":[
{"cs":[129,137,144,153,160,198,205,213,221,228],"xs":{"x1":81,"x2":916}},
{"cs":[283,290,298,306,314,352,359,367,375,383],"xs":{"x1":91,"x2":916}},
{"cs":[450,457,464,472,480,518,526,533,541,549],"xs":{"x1":91,"x2":917}},
{"cs":[601,609,616,625,632,670,678,685,693,701],"xs":{"x1":83,"x2":918}},
{"cs":[755,762,770,778,786,823,831,838,846,855],"xs":{"x1":94,"x2":919}},
{"cs":[928,935,943,951,958,996,1004,1011,1019,1027],"xs":{"x1":85,"x2":918}}],
"bxs":[
[81,238,385,501,607,763,834,877,913],
[91,267,394,527,652,785,913],
[91,273,392,554,683,779,915],
[83,212,340,476,625,768,916],
[94,275,399,523,649,775,919],
[85,298,431,587,742,839,918]]},
{"cxs":[
{"cs":[143,151,159,166,174,217,225,233,241,248],"xs":{"x1":85,"x2":909}},
{"cs":[314,321,330,338,346,384,391,399,407,414],"xs":{"x1":78,"x2":914}},
{"cs":[469,476,483,491,499,536,544,551,561,569],"xs":{"x1":87,"x2":922}},
{"cs":[622,629,636,644,651,688,696,704,711,719],"xs":{"x1":89,"x2":920}},
{"cs":[773,780,788,797,805,836,844,851,860,868],"xs":{"x1":91,"x2":922}},
{"cs":[921,928,936,944,951,987,995,1002,1010,1018],"xs":{"x1":92,"x2":923}}],
"bxs":[
[85,279,405,518,625,761,906],
[78,279,320,358,504,634,760,910],
[87,285,363,540,713,858],
[89,300,438,560,681,801,916],
[91,270,402,536,658,795,918],
[92,272,384,503,633,754,863,889,920]]},
{"cxs":[
{"cs":[121,129,137,144,153,190,198,205,214,221],"xs":{"x1":76,"x2":910}},
{"cs":[279,287,294,302,310,345,353,360,368,376],"xs":{"x1":77,"x2":914}},
{"cs":[425,432,439,448,455,486,493,502,510,517],"xs":{"x1":85,"x2":916}},
{"cs":[560,568,575,583,590,629,636,643,651,659],"xs":{"x1":86,"x2":919}},
{"cs":[705,713,720,729,737,767,774,782,790,798],"xs":{"x1":89,"x2":920}},
{"cs":[863,870,877,885,893,945,953,961,969,977],"xs":{"x1":90,"x2":923}}],
"bxs":[
[76,254,363,472,566,684,793,907],
[77,282,410,533,662,798,910],
[85,246,377,518,643,789,913],
[86,268,358,514,614,653,744,830,915],
[89,255,369,477,581,697,802,917],
[90,282,368,465,578,689,788,920]]},
{"cxs":[
{"cs":[144,152,160,167,175,209,216,224,231,239,279,287,294,302,310],"xs":{"x1":89,"x2":918}},
{"cs":[364,372,379,388,395,431,439,447,455,463],"xs":{"x1":91,"x2":920}},
{"cs":[515,521,529,537,545,579,586,594,602,609],"xs":{"x1":82,"x2":920}},
{"cs":[654,658,666,674,683,716,724,731,740,748],"xs":{"x1":93,"x2":921}},
{"cs":[788,797,804,811,819,854,861,868,876,884],"xs":{"x1":94,"x2":922}},
{"cs":[925,932,940,948,956,990,998,1005,1013,1021],"xs":{"x1":95,"x2":921}}],
"bxs":[
[89,256,345,432,527,625,721,818,915],
[91,230,311,383,430,478,526,575,682,738,821,917],
[82,306,393,447,552,667,782,850,917],
[93,217,292,369,448,523,599,679,758,836,918],
[94,213,286,356,428,501,573,649,721,793,843,919],
[95,207,253,316,389,450,516,635,721,817,919]]},
{"cxs":[
{"cs":[126,134,141,150,158,192,200,208,216,223],"xs":{"x1":91,"x2":916}},
{"cs":[288,296,303,311,319,354,362,370,377,386],"xs":{"x1":83,"x2":918}},
{"cs":[430,438,447,454,462,496,504,512,519,527],"xs":{"x1":83,"x2":918}},
{"cs":[600,607,615,624,631,684,692,699,707,714],"xs":{"x1":92,"x2":918}},
{"cs":[756,763,771,778,786,839,846,855,870],"xs":{"x1":84,"x2":915}},
{"cs":[917,924,931,939,947,983,990,998,1006,1013],"xs":{"x1":92,"x2":911}}],
"bxs":[
[91,463,635,762,913],
[83,295,449,593,744,915],
[83,288,420,539,646,780,918],
[92,249,349,459,603,764,918],
[84,261,326,469,622,766,915],
[92,173,242,431,638,817,841,864,888,911]]},
{"cxs":[
{"cs":[153,159,168,175,183,222,229,236,245,252],"xs":{"x1":89,"x2":915}},
{"cs":[325,332,340,348,355,393,401,409,416,424],"xs":{"x1":90,"x2":916}},
{"cs":[485,491,499,508,515,552,561,569,576,584],"xs":{"x1":91,"x2":918}},
{"cs":[643,650,658,666,674,712,720,727,736,744],"xs":{"x1":91,"x2":919}},
{"cs":[804,811,818,826,834,872,879,887,894,902],"xs":{"x1":92,"x2":919}},
{"cs":[963,972,979,988,996,1032,1040,1048,1055,1063],"xs":{"x1":93,"x2":919}}],
"bxs":[
[89,251,380,496,666,788,915],
[90,287,410,534,658,780,913],
[91,253,377,518,570,619,767,915],
[91,298,421,544,667,789,916],
[92,300,446,557,687,795,916],
[93,261,280,299,318,402,542,617,741,849,919]]},
{"cxs":[
{"cs":[112,120,127,134,141,180,188,195,203,211],"xs":{"x1":78,"x2":918}},
{"cs":[267,275,282,289,297,337,344,351,359,366],"xs":{"x1":79,"x2":918}},
{"cs":[439,447,454,461,468,506,513,520,527,535],"xs":{"x1":78,"x2":920}},
{"cs":[596,603,610,617,626,660,668,675,683,690],"xs":{"x1":90,"x2":920}},
{"cs":[751,758,765,772,779,815,823,830,837,845],"xs":{"x1":92,"x2":921}},
{"cs":[904,911,920,927,934,972,979,986,993,1000],"xs":{"x1":94,"x2":922}}],
"bxs":[
[78,304,383,467,550,690,773,915],
[79,236,320,405,501,595,781,915],
[78,353,502,650,799,917],
[90,307,430,650,782,917],
[92,312,464,614,764,918],
[94,326,486,651,798,919]]},
{"cxs":[
{"cs":[171,178,185,191,200,250,258,266,273,279],"xs":{"x1":94,"x2":922}},
{"cs":[352,359,366,373,381,438,447,454,461,468],"xs":{"x1":83,"x2":923}},
{"cs":[545,553,561,568,576,628,635,642,650,657],"xs":{"x1":93,"x2":923}},
{"cs":[734,742,749,756,764,816,822,830,837,845],"xs":{"x1":92,"x2":923}},
{"cs":[922,929,936,943,950,1002,1010,1017,1024,1033],"xs":{"x1":78,"x2":916}}],
"bxs":[
[94,300,457,620,813,919],
[83,283,486,621,769,920],
[93,335,499,657,819,921],
[92,358,544,734,920],
[78,357,564,726,916]]},
{"cxs":[
{"cs":[112,119,126,134,141,180,187,195,202],"xs":{"x1":93,"x2":919}},
{"cs":[271,278,285,292,300,334,341,348,355,363],"xs":{"x1":82,"x2":917}},
{"cs":[419,427,434,442,449,470,478,487,494,502,510,517],"xs":{"x1":92,"x2":918}},
{"cs":[576,583,590,598,606,643,651,658,665,673],"xs":{"x1":92,"x2":918}},
{"cs":[743,750,756,764,771,822,829,836,843,851],"xs":{"x1":93,"x2":917}},
{"cs":[911,919,933,941,979,986,993,1001,1008],"xs":{"x1":91,"x2":915}}],
"bxs":[
[93,276,385,570,753,916],
[82,275,399,543,667,789,915],
[92,313,440,553,680,759,835,915],
[92,226,374,517,642,787,915],
[93,253,448,654,786,914],
[91,280,409,524,642,790,885]]},
{"cxs":[
{"cs":[157,167,172,179,186,228,235,242,250,257],"xs":{"x1":91,"x2":914}},
{"cs":[313,320,329,336,343,386,393,402,408,415],"xs":{"x1":91,"x2":916}},
{"cs":[472,478,486,494,502,545,552,561,568,575],"xs":{"x1":92,"x2":917}},
{"cs":[635,642,649,656,664,702,709,716,723,731],"xs":{"x1":92,"x2":918}},
{"cs":[792,800,807,814,822,866,872,880,887,895],"xs":{"x1":84,"x2":919}},
{"cs":[956,963,970,986,1028,1036,1043,1050,1057],"xs":{"x1":94,"x2":918}}],
"bxs":[
[91,266,396,524,653,781,911],
[91,268,393,517,593,733,830,913],
[92,242,373,509,589,668,780,914],
[92,333,545,715,916],
[84,362,564,784,916],
[94,266,436,609,736,751,766,781,796,811,826,841,856,871,886,901,916]]},
{"cxs":[
{"cs":[120,127,134,141,150,188,195,203,211,218],"xs":{"x1":91,"x2":919}},
{"cs":[276,283,290,298,305,345,352,359,366,374],"xs":{"x1":90,"x2":918}},
{"cs":[427,525],"xs":{"x1":89,"x2":917}},
{"cs":[579,682],"xs":{"x1":91,"x2":916}},
{"cs":[737,841],"xs":{"x1":94,"x2":835}},
{"cs":[903,1011],"xs":{"x1":93,"x2":916}}],
"bxs":[
[91,296,426,566,635,703,773,843,919],
[90,283,359,498,575,640,705,850,916],
[89,237,340,427,492,629,692,769,917],
[91,331,408,495,579,663,752,834,916],
[94,248,308,365,444,556,630,686,760,835],
[93,121,149,177,204,232,260,288,536,756,916]]},
{"cxs":[
{"cs":[166,173,180,187,195,236,243,250,257,266],"xs":{"x1":99,"x2":926}},
{"cs":[322,331,337,344,352,393,399,406,414,422],"xs":{"x1":98,"x2":926}},
{"cs":[481,489,495,503,511,550,557,565,572,580,623,631,638,645,652,691,698,705,712,720],"xs":{"x1":113,"x2":926}},
{"cs":[781,788,796,803,811,851,859,866,873,881],"xs":{"x1":97,"x2":924}},
{"cs":[939,947,954,961,969,1020,1027,1042,1049],"xs":{"x1":97,"x2":922}}],
"bxs":[
[99,268,415,491,590,657,726,796,905],
[98,300,381,489,577,698,820,923],
[113,301,415,441,467,492,518,658,754,831,924],
[97,267,330,400,527,635,724,814,921],
[97,253,343,433,523,633,722,824,920]]},
{"cxs":[
{"cs":[127,134,141,157,211,218,225,232,239,286,293,300,307,315],"xs":{"x1":104,"x2":922}},
{"cs":[380,389,395,402,410,460,468,475,482,490],"xs":{"x1":100,"x2":917}},
{"cs":[550,557,565,572,579,636,643,650,657,665],"xs":{"x1":101,"x2":913}},
{"cs":[726,733,741,748,755,803,817,825,832],"xs":{"x1":416,"x2":907}},
{"cs":[898,905,913,920,928,984,991,998,1005],"xs":{"x1":104,"x2":902}}],
"bxs":[
[104,257,329,398,468,538,610,715,839,922],
[100,251,365,477,585,690,808,917],
[101,256,367,504,603,702,812,913],
[102,282,398,501,603,706,817,907],
[104,295,432,571,652,733,835,902]]},
{"cxs":[
{"cs":[174,182,189,196,203,247,254,261,270,277],"xs":{"x1":94,"x2":915}},
{"cs":[346,353,360,367,375,414,421,428,436,444],"xs":{"x1":94,"x2":915}},
{"cs":[504,517,524,532,574,581,588,596,603],"xs":{"x1":94,"x2":916}},
{"cs":[659,665,672,681,688,724,731,740,747,754],"xs":{"x1":94,"x2":916}},
{"cs":[809,815,822,830,837,874,882,889,896,904],"xs":{"x1":94,"x2":915}},
{"cs":[960,967,975,982,990,1038,1045,1052,1059],"xs":{"x1":94,"x2":915}}],
"bxs":[
[94,255,373,490,588,654,752,818,913],
[94,231,341,425,555,685,799,913],
[94,253,369,486,604,725,818,913],
[94,252,350,449,546,643,744,843,913],
[94,241,329,422,520,617,715,815,913],
[94,244,337,429,522,614,726,819,872,913]]},
{"cxs":[
{"cs":[123,131,138,145,203,211,218,225,233],"xs":{"x1":97,"x2":920}},
{"cs":[289,296,304,311,319,359,366,373,381,389],"xs":{"x1":97,"x2":919}},
{"cs":[448,455,462,469,476,520,527,534,542,550],"xs":{"x1":99,"x2":923}},
{"cs":[603,611,619,626,633,682,696,704,711,747,753,761,768,775],"xs":{"x1":100,"x2":923}},
{"cs":[837,844,851,860,907,915,922,929,937,975,982,989,997,1004],"xs":{"x1":102,"x2":925}}],
"bxs":[
[97,283,414,545,653,786,916],
[97,257,330,399,468,536,652,762,874],
[99,113,126,140,153,167,180,194,207,221,234,248,261,275,289,302,440,579,691,799,920],
[100,270,371,506,563,621,746,830,920],
[102,278,344,410,477,571,666,761,864]]},
{"cxs":[
{"cs":[157,164,171,179,186,224,232,239,246,254],"xs":{"x1":87,"x2":909}},
{"cs":[309,316,325,332,338,376,384,392,398,406],"xs":{"x1":87,"x2":909}},
{"cs":[483,490,497,505,512,552,560,567,574,582],"xs":{"x1":90,"x2":909}},
{"cs":[648,655,662,669,677,710,718,725,732,740],"xs":{"x1":90,"x2":913}},
{"cs":[810,816,823,831,875,882,889,896,904],"xs":{"x1":90,"x2":914}},
{"cs":[970,1062],"xs":{"x1":92,"x2":916}}],
"bxs":[
[87,217,287,385,490,561,667,798,907],
[87,241,390,474,592,671,788,907],
[90,374,554,719,907],
[90,425,576,743,909],
[90,339,492,719,911],
[92,378,615,736,916]]},
{"cxs":[
{"cs":[118,125,131,139,146,190,197,204,212,219],"xs":{"x1":97,"x2":929}},
{"cs":[280,287,294,300,308,346,353,360,367,375],"xs":{"x1":95,"x2":928}},
{"cs":[429,436,457,490,497,505,512,519],"xs":{"x1":97,"x2":926}},
{"cs":[573,580,587,594,602,635,642,650,657,664,700,708,714,721,729,766,772,779,786,795],"xs":{"x1":112,"x2":928}},
{"cs":[848,856,863,870,877,916,923,930,937,944,983,990,997,1003,1011],"xs":{"x1":98,"x2":926}}],
"bxs":[
[97,289,543,687,838,926],
[95,252,463,538,652,730,844,926],
[97,269,346,473,550,665,780,926],
[112,216,279,422,556,689,804,868,925],
[98,386,571,766]]},
{"cxs":[
{"cs":[160,167,174,181,189,238,245,252,260,268],"xs":{"x1":48,"x2":925}},
{"cs":[321,330,336,343,350,392,398,405,412,420],"xs":{"x1":90,"x2":927}},
{"cs":[482,489,495,503,511,551,558,566,573,580],"xs":{"x1":90,"x2":927}},
{"cs":[632,639,646,653,660,708,715,722,729,738,772,779,786,793,802],"xs":{"x1":91,"x2":929}},
{"cs":[862,1030],"xs":{"x1":93,"x2":908}}],
"bxs":[
[103,150,288,419,565,670,806,922],
[90,253,312,386,462,536,664,781,902],
[90,103,116,129,143,156,169,182,195,208,221,235,248,261,274,287,416,549,669,799,924],
[91,239,343,482,555,614,757,846,926],
[93,264,337,405,478,584,690,800,908]]},
{"cxs":[
{"cs":[131,138,145,153,160,197,204,212,220,227],"xs":{"x1":75,"x2":910}},
{"cs":[278,285,292,299,307,337,343,350,358,365,372],"xs":{"x1":74,"x2":913}},
{"cs":[429,436,444,451,458,497,519,527,561,568,575,582,589],"xs":{"x1":84,"x2":916}},
{"cs":[644,652,659,666,673,702,709,717,724,731],"xs":{"x1":86,"x2":917}},
{"cs":[783,790,798,805,812,854,861,868,874,882],"xs":{"x1":92,"x2":919}},
{"cs":[939,946,953,960,996,1004,1011,1018,1025],"xs":{"x1":94,"x2":923}}],
"bxs":[
[75,215,290,387,494,565,668,801,907],
[74,259,389,475,592,671,792,910],
[84,364,545,713,911],
[86,406,598,757,914],
[92,329,483,724,916],
[94,370,604,750,923]]},
{"cxs":[
{"cs":[173,276],"xs":{"x1":94,"x2":916}},
{"cs":[343,349,356,363,371,410,417,424,432,439],"xs":{"x1":97,"x2":920}},
{"cs":[489,496,504,511,517,548,556,564,571,578],"xs":{"x1":98,"x2":921}},
{"cs":[624,631,638,646,653,689,696,703,711,718,753,760,767,774,781,816,824,831,838,845],"xs":{"x1":118,"x2":924}},
{"cs":[899,906,914,929,967,983,996,1037,1044,1051,1058,1065],"xs":{"x1":96,"x2":925}}],
"bxs":[
[94,266,547,688,842,916],
[97,231,419,498,627,706,829,917],
[98,272,344,464,543,659,773,921],
[118,212,283,424,554,693,811,870,922],
[96,381,575,790,922]]},
{"cxs":[
{"cs":[119,126,134,141,195,202,217,225],"xs":{"x1":91,"x2":919}},
{"cs":[293,300,307,314,322,369,376,392,399],"xs":{"x1":91,"x2":918}},
{"cs":[469,476,484,491,499,545,553,568,575],"xs":{"x1":91,"x2":917}},
{"cs":[668,675,691,698,747,754,761,769,776],"xs":{"x1":91,"x2":917}},
{"cs":[876,884,891,898,948,955,962,970,978],"xs":{"x1":92,"x2":917}}],
"bxs":[
[91,279,385,482,576,679,714,748,783,916],
[91,263,397,530,620,709,827,916],
[91,243,336,461,600,758,888],
[91,284,356,473,646,775,914],
[92,269,395,588,703,821,915]]},
{"cxs":[
{"cs":[146,154,160,167,175,212,219,226,233,240,291,298,305,313,320,362,370,377,385,392],"xs":{"x1":103,"x2":918}},
{"cs":[452,459,467,474,481,528,536,543,550,558],"xs":{"x1":94,"x2":922}},
{"cs":[612,719],"xs":{"x1":97,"x2":920}},
{"cs":[776,783,791,799,806,850,858,865,872,880],"xs":{"x1":94,"x2":922}},
{"cs":[936,943,950,958,965,1012,1019,1026,1034,1042],"xs":{"x1":95,"x2":922}}],
"bxs":[
[103,357,528,743,918],
[94,304,435,569,721,919],
[97,920],
[94,272,332,388,412,436,459,483,507,610,733,920],
[95,244,396,478,626,773,919]]},
{"cxs":[
{"cs":[121,128,136,143,151,196,203,211,218,226],"xs":{"x1":100,"x2":921}},
{"cs":[278,284,291,299,306,352,359,366,373,381],"xs":{"x1":91,"x2":921}},
{"cs":[455,462,469,477,519,527,534,541,549,596,603,610,617,625],"xs":{"x1":106,"x2":924}},
{"cs":[694,701,708,715,723,782,789,798,812],"xs":{"x1":101,"x2":923}},
{"cs":[890,897,903,911,919,966,975,982,989,996],"xs":{"x1":92,"x2":924}}],
"bxs":[
[100,274,399,519,653,787,918],
[91,263,366,507,648,781,921],
[106,338,480,629,770,921],
[101,491,769,921],
[92,320,540,755,922]]},
{"cxs":[
{"cs":[170,177,184,191,199,235,242,249,256,264,300,307,314,322,331],"xs":{"x1":103,"x2":918}},
{"cs":[405,411,419,427,467,474,482,489,496,536,543,551,558,566],"xs":{"x1":113,"x2":921}},
{"cs":[614,622,629,636,643,686,692,699,706,714],"xs":{"x1":101,"x2":925}},
{"cs":[757,764,771,779,786,829,836,844,851,860],"xs":{"x1":100,"x2":926}},
{"cs":[901,908,916,923,930,969,977,984,991,998,1039,1046,1053,1060,1067],"xs":{"x1":109,"x2":925}}],
"bxs":[
[103,357,544,769,918],
[113,281,359,433,543,629,707,897],
[101,245,308,369,432,495,607,718,922],
[100,271,400,532,663,793,923],
[109,224,306,445,533,621,765,925]]},
{"cxs":[
{"cs":[340,347,355,362,427,434,442,456],"xs":{"x1":253,"x2":915}},
{"cs":[541,549,556,564,571,635,642,649,657,664],"xs":{"x1":95,"x2":918}},
{"cs":[741,748,755,762,769,834,841,849,857,864,929,936,944,951,958],"xs":{"x1":97,"x2":924}}],
"bxs":[
[253,269,284,300,315,331,346,362,377,393,409,424,529,624,728,751,773,796,818,911],
[95,231,308,384,462,537,635,726,822,915],
[97,251,346,437,532,627,720,814,920]]},
{"cxs":[
{"cs":[169,176,184,191,198,255,262,270,277,284,337,344,351,359,366],"xs":{"x1":94,"x2":916}},
{"cs":[433,440,448,455,462,516,523,530,537,545,598,605,612,628],"xs":{"x1":96,"x2":918}},
{"cs":[696,703,710,718,725,780,787,795,802,809,862,868,875,883,890],"xs":{"x1":99,"x2":919}},
{"cs":[950,956,963,970,979,1026,1034,1041,1048,1055],"xs":{"x1":100,"x2":918}}],
"bxs":[
[94,248,344,440,535,629,723,818,913],
[96,264,372,498,610,706,818,915],
[99,252,343,434,540,634,729,823,916],
[100,276,374,462,553,648,772,918]]},
{"cxs":[
{"cs":[120,128,135,143,151,212,218,225,233,286,293,300,308,315],"xs":{"x1":95,"x2":914}},
{"cs":[383,391,398,405,412,465,472,480,487,494,547,554,563,570,577],"xs":{"x1":94,"x2":915}},
{"cs":[664,672,680,694,750,757,764,771,779],"xs":{"x1":96,"x2":916}},
{"cs":[864,870,877,885,892,948,955,962,970,978],"xs":{"x1":98,"x2":918}}],
"bxs":[
[95,231,311,393,477,562,649,739,820,910],
[94,236,320,404,488,574,659,742,826,911],
[96,238,321,405,488,575,656,742,827,913],
[98,240,321,406,489,574,655,741,827,916]]},
{"cxs":[
{"cs":[166,270],"xs":{"x1":89,"x2":907}},
{"cs":[336,342,350,358,365,421,428,435,444,451,502,509,516,523,530],"xs":{"x1":94,"x2":915}},
{"cs":[594,601,608,615,623,672,680,687,694,701],"xs":{"x1":96,"x2":919}},
{"cs":[765,772,779,787,795,843,850,858,865,872],"xs":{"x1":98,"x2":921}},
{"cs":[935,942,949,956,963,1012,1019,1026,1034,1042],"xs":{"x1":100,"x2":922}}],
"bxs":[
[89,241,406,540,656,789,907],
[94,314,424,534,649,771,911],
[96,318,478,626,777,915],
[98,292,439,653,802,917],
[100,314,454,591,703,920]]},
{"cxs":[
{"cs":[123,130,137,145,153,196,203,211,218,225],"xs":{"x1":93,"x2":917}},
{"cs":[282,289,296,303,311,354,361,369,376,385],"xs":{"x1":93,"x2":917}},
{"cs":[439,447,454,461,468,512,518,526,533,540],"xs":{"x1":93,"x2":919}},
{"cs":[598,605,612,621,628,674,683,690,697,704],"xs":{"x1":93,"x2":918}},
{"cs":[761,768,775,782,789,825,832,839,847],"xs":{"x1":95,"x2":919}},
{"cs":[920,927,933,941,948,998,1005,1013,1020,1027],"xs":{"x1":92,"x2":921}}],
"bxs":[
[93,272,367,466,566,692,818,915],
[93,266,349,459,609,755,827,915],
[93,281,436,588,733,824,916],
[93,216,293,367,443,516,592,664,740,821,918],
[95,308,462,614,765,916],
[92,316,493,682,792,801,810,819,828,837,846,855,864,873,882,891,900,909,918]]},
{"cxs":[
{"cs":[171,178,185,193,200,249,256,264,272,279],"xs":{"x1":93,"x2":910}},
{"cs":[374,381,390,397,404,453,460,467,474,482],"xs":{"x1":96,"x2":914}},
{"cs":[562,570,577,584,634,641,648,655,662],"xs":{"x1":99,"x2":916}},
{"cs":[737,743,751,758,765,815,822,829,837,844],"xs":{"x1":103,"x2":918}},
{"cs":[918,924,931,939,946,994,1001,1008,1016,1023],"xs":{"x1":103,"x2":923}}],
"bxs":[
[93,220,398,512,638,783,907],
[96,285,415,534,654,783,910],
[99,322,484,706,913],
[103,309,440,596,743,817,915],
[103,360,542,706,832,919]]},
{"cxs":[
{"cs":[119,126,133,149,189,196,203,219],"xs":{"x1":94,"x2":914}},
{"cs":[278,285,292,300,307,348,355,362,370,377],"xs":{"x1":99,"x2":916}},
{"cs":[434,442,449,463,505,512,519,526,533],"xs":{"x1":100,"x2":918}},
{"cs":[591,598,605,621,662,669,678,686,692],"xs":{"x1":101,"x2":916}},
{"cs":[750,756,763,770,778,819,826,833,841,848],"xs":{"x1":101,"x2":918}},
{"cs":[905,913,920,934,978,985,992,999,1006],"xs":{"x1":99,"x2":919}}],
"bxs":[
[94,274,398,482,569,654,791,910],
[99,269,380,539,704,774,845,913],
[100,330,483,642,780,918],
[101,126,151,176,200,225,250,435,734,864],
[101,264,347,521,690,811,916],
[99,219,309,409,509,601,718,916]]},
{"cxs":[
{"cs":[160,167,174,182,189,231,238,245,252,260],"xs":{"x1":92,"x2":918}},
{"cs":[337,344,353,393,399,406,414,421],"xs":{"x1":94,"x2":918}},
{"cs":[486,493,501,508,515,554,562,569,577,584],"xs":{"x1":94,"x2":919}},
{"cs":[648,655,662,670,678,715,722,730,738,745],"xs":{"x1":95,"x2":920}},
{"cs":[810,816,823,831,838,876,883,890,897,904],"xs":{"x1":95,"x2":919}},
{"cs":[968,976,983,991,998,1036,1043,1050,1057,1064],"xs":{"x1":94,"x2":920}}],
"bxs":[
[92,272,372,452,572,683,793,915],
[94,270,416,563,699,809,916],
[94,281,408,537,666,791,916],
[95,284,408,536,666,791,917],
[95,284,399,523,657,785,919],
[94,351,411,530,634,870]]},
{"cxs":[
{"cs":[119,127,135,142,151,182,189,197,204,213],"xs":{"x1":92,"x2":911}},
{"cs":[270,277,285,292,322,338,345,353],"xs":{"x1":83,"x2":911}},
{"cs":[398,405,412,420,427,459,467,474,482,490],"xs":{"x1":85,"x2":913}},
{"cs":[573,580,588,596,603,635,643,650,657,665],"xs":{"x1":100,"x2":917}},
{"cs":[753,761,768,775,783,821,828,836,843,851],"xs":{"x1":102,"x2":918}},
{"cs":[909,917,925,932,940,987,995,1002,1010,1018],"xs":{"x1":103,"x2":918}}],
"bxs":[
[92,300,403,539,657,791,908],
[83,292,420,553,665,764,909],
[85,258,320,452,587,696,803,910],
[100,247,326,399,522,608,686,763,825,868,914],
[102,260,308,389,453,518,612,715,816,915],
[103,279,383,455,512,596,622,652,736,821,918]]},
{"cxs":[
{"cs":[160,167,174,181,189,233,240,248,255,263],"xs":{"x1":93,"x2":913}},
{"cs":[320,328,335,342,350,393,400,408,416,423],"xs":{"x1":95,"x2":916}},
{"cs":[482,490,496,505,513,553,561,568,577,584],"xs":{"x1":97,"x2":916}},
{"cs":[639,646,653,661,669,709,717,725,732,741],"xs":{"x1":91,"x2":917}},
{"cs":[796,804,811,819,826,868,875,883,890,897],"xs":{"x1":103,"x2":919}},
{"cs":[953,961,969,977,984,1025,1034,1041,1048,1056],"xs":{"x1":106,"x2":921}}],
"bxs":[
[93,221,303,353,404,453,502,555,683,779,913],
[95,316,431,523,616,662,755,844,913],
[97,218,268,317,366,416,465,515,564,612,662,712,763,811,860,916],
[91,242,287,388,502,630,740,801,859,914],
[103,278,363,448,534,606,721,788,915],
[106,290,386,567,671,848]]},
{"cxs":[
{"cs":[127,134,141,156,215,222,229,236,243],"xs":{"x1":95,"x2":919}},
{"cs":[309,316,332,339,397,404,411,419],"xs":{"x1":95,"x2":920}},
{"cs":[495,510,517,524,575,582,589,596,603],"xs":{"x1":96,"x2":919}},
{"cs":[682,689,696,703,710,760,767,775,782,789],"xs":{"x1":98,"x2":919}},
{"cs":[866,872,880,887,894,944,951,958,966,974],"xs":{"x1":85,"x2":920}}],
"bxs":[
[95,331,477,625,771,917],
[95,313,464,614,766,917],
[96,316,465,613,760,917],
[98,366,536,746,916],
[85,145,204,264,488,636,672,707,743,917]]},
{"cxs":[
{"cs":[160,167,174,181,189,232,239,247,254,262],"xs":{"x1":91,"x2":914}},
{"cs":[318,326,333,340,347,391,398,404,413,420],"xs":{"x1":93,"x2":915}},
{"cs":[476,483,490,497,505,553,561,568,575,582,627,634,641,648,656],"xs":{"x1":95,"x2":918}},
{"cs":[712,719,726,734,742,787,793,802,809,816,863,870,877,884,891],"xs":{"x1":95,"x2":920}},
{"cs":[946,953,960,968,976,1019,1026,1034,1041,1048],"xs":{"x1":96,"x2":923}}],
"bxs":[
[91,347,536,724,910],
[93,352,538,725,913],
[95,407,672,916],
[95,414,677,917],
[96,419,668,920]]},
{"cxs":[
{"cs":[128,135,142,150,157,205,213,220,227,234],"xs":{"x1":96,"x2":915}},
{"cs":[299,306,314,321,376,384,391,398,405],"xs":{"x1":97,"x2":916}},
{"cs":[472,479,486,494,502,548,555,563,570,577],"xs":{"x1":98,"x2":916}},
{"cs":[643,651,658,665,673,720,727,734,743,750],"xs":{"x1":102,"x2":917}},
{"cs":[821,828,835,842,849,895,902,909,917,924,970,978,985,992,1000],"xs":{"x1":100,"x2":917}}],
"bxs":[
[96,407,666,913],
[97,387,620,813,913],
[98,396,601,767,914],
[102,335,488,690,915],
[100,378,590,800,819,838,858,877,896,915]]},
{"cxs":[
{"cs":[173,180,187,194,202,247,255,261,270,277],"xs":{"x1":87,"x2":915}},
{"cs":[338,345,351,359,367,413,420,428,436,444],"xs":{"x1":357,"x2":915}},
{"cs":[495,503,510,517,524,566,572,579,586,594],"xs":{"x1":93,"x2":917}},
{"cs":[645,652,659,666,674,715,722,729,738,745],"xs":{"x1":95,"x2":918}},
{"cs":[797,804,811,818,825,865,871,879,886,893],"xs":{"x1":96,"x2":919}},
{"cs":[959,966,974,981,987,1027,1035,1042,1050,1057],"xs":{"x1":97,"x2":922}}],
"bxs":[
[87,407,608,760,913],
[88,286,413,626,868],
[93,313,468,626,767,915],
[95,302,412,590,754,916],
[96,289,433,575,718,917],
[97,302,432,542,691,846,919]]},
{"cxs":[
{"cs":[119,126,133,140,149,191,198,205,213,220],"xs":{"x1":95,"x2":915}},
{"cs":[280,286,294,301,309,352,359,366,374,381],"xs":{"x1":94,"x2":915}},
{"cs":[440,455,463,470,513,520,527,534,542],"xs":{"x1":97,"x2":916}},
{"cs":[601,609,616,624,631,673,681,688,695,703],"xs":{"x1":98,"x2":915}},
{"cs":[763,771,778,786,795,835,842,849,858,866],"xs":{"x1":90,"x2":914}},
{"cs":[933,941,948,956,964,1003,1010,1018,1026,1034],"xs":{"x1":87,"x2":913}}],
"bxs":[
[95,348,492,589,779,914],
[94,315,435,554,674,793,913],
[97,292,410,541,659,790,913],
[98,314,442,560,679,797,913],
[90,285,401,533,665,766,911],
[87,297,424,512,625,734,913]]},
{"cxs":[
{"cs":[172,179,186,193,201,252,260,268,275,282],"xs":{"x1":95,"x2":917}},
{"cs":[359,366,373,380,389,437,445,452,459,466],"xs":{"x1":97,"x2":917}},
{"cs":[541,548,556,564,571,623,630,637,644,652],"xs":{"x1":99,"x2":917}},
{"cs":[725,732,740,747,754,800,807,814,821,828],"xs":{"x1":101,"x2":917}},
{"cs":[909,917,924,931,938,993,999,1007,1014,1021],"xs":{"x1":100,"x2":921}}],
"bxs":[
[95,328,467,624,770,915],
[97,325,468,615,767,915],
[99,326,481,629,774,915],
[101,307,439,529,659,787,915],
[100,290,447,633,791,921]]},
{"cxs":[
{"cs":[124,131,139,146,154,200,222,229],"xs":{"x1":94,"x2":916}},
{"cs":[315,322,330,337,344,392,399,406,413,420],"xs":{"x1":94,"x2":916}},
{"cs":[506,513,520,527,534,582,589,596,603,610],"xs":{"x1":95,"x2":918}},
{"cs":[675,683,690,697,704,750,756,763,771,778],"xs":{"x1":96,"x2":918}},
{"cs":[840,847,855,863,870,917,931,938,945],"xs":{"x1":96,"x2":919}}],
"bxs":[
[94,307,464,620,774,914],
[94,303,457,625,764,913],
[95,311,430,620,747,918],
[96,336,481,638,915],
[96,542,779,850,916]]},
{"cxs":[
{"cs":[170,177,185,192,199,245,252,259,268,276,320,328,335,342,349],"xs":{"x1":90,"x2":916}},
{"cs":[409,415,426,431,438,478,485,493,501,508],"xs":{"x1":93,"x2":919}},
{"cs":[567,574,581,588,596,641,648,655,663,669,714,721,729,737,744],"xs":{"x1":95,"x2":920}},
{"cs":[802,809,816,824,831,871,878,886,893,900],"xs":{"x1":94,"x2":921}},
{"cs":[957,964,972,979,986,1027,1035,1042,1050,1057],"xs":{"x1":96,"x2":922}}],
"bxs":[
[90,313,454,573,703,812,914],
[93,282,419,525,631,773,916],
[95,279,384,512,639,786,917],
[94,304,423,546,669,792,918],
[96,323,456,469,481,494,506,519,531,544,556,569,581,594,607,619,713,811,919]]},
{"cxs":[
{"cs":[105,112,120,127,134,170,178,185,192,199],"xs":{"x1":93,"x2":910}},
{"cs":[266,279,287,294,338,345,352,360],"xs":{"x1":93,"x2":911}},
{"cs":[422,430,437,445,452,488,495,503,517],"xs":{"x1":93,"x2":913}},
{"cs":[582,589,596,603,611,647,655,661,669,677],"xs":{"x1":93,"x2":914}},
{"cs":[733,749,756,762,815,821,829,836,843],"xs":{"x1":93,"x2":916}},
{"cs":[903,910,918,932,967,975,982,997],"xs":{"x1":93,"x2":918}}],
"bxs":[
[93,287,404,513,650,782,908],
[93,267,383,497,591,748,909],
[93,288,412,520,633,754,909],
[93,264,395,549,646,752,911],
[93,309,428,574,689,805,913],
[93,281,412,554,699,814,915]]},
{"cxs":[
{"cs":[175,187,194,201,290,298,306,314,321],"xs":{"x1":101,"x2":908}},
{"cs":[421,429,436,452,528,536,543,550,560],"xs":{"x1":93,"x2":909}},
{"cs":[658,665,672,681,689,762,769,777,784,792],"xs":{"x1":105,"x2":910}},
{"cs":[892,900,908,916,924,997,1004,1012,1019,1027],"xs":{"x1":96,"x2":911}}],
"bxs":[
[101,304,464,621,777,905],
[93,300,405,491,597,702,806,907],
[105,287,413,539,693,780,908],
[96,312,433,531,671,811,819,826,834,841,849,856,864,871,879,886,894,902,909]]},
{"cxs":[
{"cs":[126,133,157,208,215,222,230,238],"xs":{"x1":94,"x2":906}},
{"cs":[305,313,320,329,337,388,395,403,410,417],"xs":{"x1":93,"x2":906}},
{"cs":[486,493,502,509,517,568,576,583,590,598],"xs":{"x1":93,"x2":906}},
{"cs":[667,675,683,690,698,750,757,764,772,779],"xs":{"x1":94,"x2":906}},
{"cs":[848,856,864,871,879,930,937,944,952,960],"xs":{"x1":95,"x2":906}}],
"bxs":[
[94,402,476,544,685,808,904],
[93,295,447,636,650,665,679,694,708,723,737,904],
[93,299,397,539,682,713,744,774,805,903],
[94,348,483,554,617,761,903],
[95,238,399,512,667,799,906]]},
{"cxs":[
{"cs":[260,268,274,282,289,338,345,352,360,366],"xs":{"x1":235,"x2":919}},
{"cs":[413,420,427,434,442,473,480,487,494,502],"xs":{"x1":84,"x2":917}},
{"cs":[548,554,562,570,577,607,614,622,629,636],"xs":{"x1":86,"x2":916}},
{"cs":[683,690,698,705,712,743,750,758,765,772],"xs":{"x1":85,"x2":915}},
{"cs":[819,826,833,840,847,879,886,893,900,907],"xs":{"x1":85,"x2":915}},
{"cs":[953,960,967,975,982,1014,1021,1028,1036,1043],"xs":{"x1":85,"x2":915}}],
"bxs":[
[235,356,456,534,609,684,766,842,916],
[84,221,310,388,463,542,633,768,917],
[86,270,344,423,507,586,666,749,832,913],
[85,217,293,394,469,541,615,692,769,845,913],
[85,222,297,375,454,532,612,698,770,845,913],
[85,219,315,391,468,545,656,743,830,911]]},
{"cxs":[
{"cs":[128,135,157,224,231,238],"xs":{"x1":82,"x2":920}},
{"cs":[280,286,293,301,308,363,370,377,386],"xs":{"x1":86,"x2":918}},
{"cs":[435,443,450,457,464,513,520,527,534,541],"xs":{"x1":86,"x2":918}},
{"cs":[592,599,606,614,622,673,681,688,695,702],"xs":{"x1":87,"x2":918}},
{"cs":[746,753,759,766,773,832,839,846,854,861],"xs":{"x1":79,"x2":918}},
{"cs":[904,911,926,933,984,991,998,1005,1012],"xs":{"x1":89,"x2":918}}],
"bxs":[
[82,216,297,378,458,538,724,847,917],
[86,221,318,412,507,604,729,821,916],
[86,214,320,426,516,606,698,785,879],
[87,229,334,433,515,595,675,754,834,915],
[79,227,357,435,516,596,675,754,833,915],
[89,219,301,383,463,543,626,729,830,915]]},
{"cxs":[
{"cs":[166,173,179,187,194,267,274,281,289,296],"xs":{"x1":80,"x2":919}},
{"cs":[354,361,368,375,384,453,460,468,475,482],"xs":{"x1":80,"x2":920}},
{"cs":[548,555,563,570,577,641,648,655,662,669],"xs":{"x1":90,"x2":920}},
{"cs":[728,736,743,750,757,824,831,838,846,852],"xs":{"x1":81,"x2":919}},
{"cs":[915,922,929,936,942,1014,1021,1028,1043],"xs":{"x1":92,"x2":916}}],
"bxs":[
[80,229,353,480,606,726,823,916],
[80,267,345,462,594,688,818,917],
[90,223,308,404,485,565,648,749,830,917],
[81,221,287,358,431,501,600,674,749,824,917],
[92,236,312,388,486,570,661,805,915]]},
{"cxs":[
{"cs":[137,143,159,165,219,226,234,241,248],"xs":{"x1":79,"x2":917}},
{"cs":[320,342,349,403,410,418,425,432],"xs":{"x1":79,"x2":917}},
{"cs":[508,515,521,529,536,590,598,605,612,620],"xs":{"x1":80,"x2":917}},
{"cs":[691,698,705,712,719,775,783,790,798,805],"xs":{"x1":81,"x2":917}},
{"cs":[870,877,885,892,898,960,968,975,982,989],"xs":{"x1":82,"x2":921}}],
"bxs":[
[79,245,346,478,573,682,792,915],
[79,251,334,414,496,577,657,736,828,915],
[80,210,287,364,444,521,599,678,756,834,915],
[81,215,311,342,372,403,499,570,639,707,813,914],
[82,117,153,188,223,297,325,352,380,407,556,647,732,921]]},
{"cxs":[
{"cs":[162,169,176,183,190,249,257,264,272,279],"xs":{"x1":90,"x2":918}},
{"cs":[336,344,350,358,365,423,430,437,446,453],"xs":{"x1":81,"x2":918}},
{"cs":[511,518,524,531,539,615,623,630,637,644],"xs":{"x1":90,"x2":917}},
{"cs":[703,711,718,725,732,814,821,828,836,843],"xs":{"x1":81,"x2":916}},
{"cs":[902,909,917,925,931,1010,1017,1024,1033,1040],"xs":{"x1":92,"x2":914}}],
"bxs":[
[90,216,309,404,498,637,732,822,916],
[81,237,326,409,495,580,665,750,832,916],
[90,202,279,353,426,529,562,594,627,722,917],
[81,241,337,448,586,652,707,914],
[92,302,444,556,584,612,640,741,879]]},
{"cxs":[
{"cs":[123,129,137,144,151,198,205,213,220,227],"xs":{"x1":83,"x2":920}},
{"cs":[297,304,312,319,327,365,372,379,387,394],"xs":{"x1":83,"x2":921}},
{"cs":[443,450,457,464,471,520,527,534,542,549],"xs":{"x1":82,"x2":921}},
{"cs":[608,615,626,630,637,691,698,708,713,719,767,774,784,788,796,834,841,848,856,863],"xs":{"x1":94,"x2":922}},
{"cs":[921,928,935,942,949,989,996,1003,1011,1018],"xs":{"x1":91,"x2":922}}],
"bxs":[
[83,267,342,414,488,605,674,745,841,917],
[83,237,352,482,579,723,817,918],
[82,247,304,406,509,612,715,815,919],
[94,297,452,613,764,920],
[91,307,385,522,652,784,922]]},
{"cxs":[
{"cs":[164,171,178,186,193,247,255,262,270,277],"xs":{"x1":81,"x2":916}},
{"cs":[353,360,367,375,381,437,445,452,459,466],"xs":{"x1":81,"x2":919}},
{"cs":[539,546,553,561,568,624,630,637,644,651],"xs":{"x1":90,"x2":919}},
{"cs":[725,732,748,755,809,816,823,830,837],"xs":{"x1":90,"x2":920}},
{"cs":[915,922,929,936,943,997,1003,1010,1018,1025],"xs":{"x1":89,"x2":920}}],
"bxs":[
[81,327,483,689,774,913],
[81,304,507,625,763,916],
[90,255,383,505,628,779,917],
[90,304,439,609,744,832,917],
[89,221,322,485,714,768,854,875,896,917]]},
{"cxs":[
{"cs":[128,135,142,150,157,200,209,216,222,230],"xs":{"x1":90,"x2":918}},
{"cs":[280,287,294,301,308,354,361,369,376,383],"xs":{"x1":89,"x2":918}},
{"cs":[444,451,457,464,471,517,524,531,538,545],"xs":{"x1":89,"x2":920}},
{"cs":[604,611,620,626,633,675,684,691,698,704],"xs":{"x1":91,"x2":921}},
{"cs":[764,771,778,785,792,832,840,847,855,862],"xs":{"x1":81,"x2":920}},
{"cs":[916,923,930,937,943,988,997,1003,1009,1017],"xs":{"x1":82,"x2":920}}],
"bxs":[
[90,127,163,200,234,259,325,430,510,597,640,715,780,801,819,867,916],
[89,181,226,273,317,362,524,569,614,741,813,877],
[89,261,354,474,568,688,808,917],
[91,256,390,494,598,661,814,918],
[81,270,375,481,587,693,799,918],
[82,269,370,475,579,691,825,917]]},
{"cxs":[
{"cs":[167,173,180,188,195,242,250,257,264,272],"xs":{"x1":81,"x2":910}},
{"cs":[350,357,364,372,379,428,436,444,451,458],"xs":{"x1":90,"x2":913}},
{"cs":[522,530,537,545,552,614,622,629,636,643],"xs":{"x1":83,"x2":915}},
{"cs":[718,725,732,740,747,797,804,811,818,825],"xs":{"x1":91,"x2":916}},
{"cs":[900,908,916,923,930,983,990,997,1005,1012],"xs":{"x1":81,"x2":919}}],
"bxs":[
[81,306,452,584,738,910],
[90,294,381,472,566,664,798,910],
[83,281,401,521,641,761,913],
[91,284,410,535,660,785,913],
[81,283,406,521,653,774,794,815,835,855,875,896,916]]},
{"cxs":[
{"cs":[117,125,132,139,146,192,199,207,215,221],"xs":{"x1":81,"x2":921}},
{"cs":[277,284,291,298,346,352,360,367,374],"xs":{"x1":80,"x2":920}},
{"cs":[430,437,445,452,459,499,508,514,522,529],"xs":{"x1":80,"x2":920}},
{"cs":[588,595,602,609,616,661,668,677,684,691],"xs":{"x1":79,"x2":922}},
{"cs":[757,764,770,778,785,831,839,845,852,860],"xs":{"x1":78,"x2":919}},
{"cs":[920,927,934,941,948,994,1001,1008,1015,1022],"xs":{"x1":79,"x2":918}}],
"bxs":[
[81,221,311,405,496,588,681,774,919],
[80,252,374,464,557,647,738,827,918],
[80,217,308,400,490,576,673,763,843,920],
[79,195,269,357,402,436,546,624,714,803,922],
[78,207,301,470,641,748,815,916],
[79,214,334,468,576,665,781,872]]},
{"cxs":[
{"cs":[162,169,177,184,191,257,263,271,279,286,359,366,374,381,389],"xs":{"x1":90,"x2":921}},
{"cs":[456,463,471,478,485,518,525,533,541,547],"xs":{"x1":82,"x2":920}},
{"cs":[620,627,633,641,648,702,709,716,724,731],"xs":{"x1":91,"x2":920}},
{"cs":[802,809,815,823,830,873,880,887,894,901],"xs":{"x1":92,"x2":919}},
{"cs":[965,973,980,987,994,1043,1049,1057,1064,1071],"xs":{"x1":92,"x2":918}}],
"bxs":[
[90,256,359,460,561,661,820,918],
[82,346,447,625,724,918],
[91,277,481,597,805,917],
[92,338,550,734,916],
[92,241,372,499,629,763,904]]},
{"cxs":[
{"cs":[96,361],"xs":{"x1":81,"x2":926}},
{"cs":[412,420,427,434,441,480,488,495,502,509],"xs":{"x1":90,"x2":920}},
{"cs":[568,575,582,589,596,641,648,655,662,669],"xs":{"x1":91,"x2":918}},
{"cs":[740,748,755,763,770,821,828,835,842,849],"xs":{"x1":94,"x2":919}},
{"cs":[905,913,920,927,934,984,992,999,1006,1013],"xs":{"x1":93,"x2":922}}],
"bxs":[
[],
[90,280,373,488,581,699,817,918],
[91,260,387,484,581,656,810,915],
[94,260,367,475,581,687,794,916],
[93,257,358,461,563,679,820,919]]},
{"cxs":[
{"cs":[176,183,190,198,205,255,262,270,277,284],"xs":{"x1":87,"x2":913}},
{"cs":[360,368,375,383,391,440,448,455,462,470],"xs":{"x1":89,"x2":918}},
{"cs":[532,540,546,554,563,613,621,628,635,643],"xs":{"x1":79,"x2":919}},
{"cs":[725,732,741,748,755,810,817,824,831,839],"xs":{"x1":89,"x2":920}},
{"cs":[917,925,931,939,946,995,1002,1009,1016,1024],"xs":{"x1":77,"x2":923}}],
"bxs":[
[87,302,445,579,732,913],
[89,292,379,468,557,648,799,915],
[79,277,404,532,656,781,916],
[89,282,404,523,648,791,917],
[77,278,406,525,659,784,803,823,842,862,881,901,920]]},
{"cxs":[
{"cs":[122,129,152,188,195,202,211,218],"xs":{"x1":93,"x2":922}},
{"cs":[260,268,275,282,289,332,339,346,354],"xs":{"x1":91,"x2":921}},
{"cs":[407,414,421,429,436,472,480,487,494,503],"xs":{"x1":82,"x2":921}},
{"cs":[549,557,572,579,617,625,632,639,646],"xs":{"x1":92,"x2":922}},
{"cs":[710,718,725,732,741,781,788,796,810],"xs":{"x1":94,"x2":922}},
{"cs":[870,877,885,892,925,932,940,947,954,998,1006,1013,1020],"xs":{"x1":96,"x2":923}}],
"bxs":[
[93,249,341,431,523,613,703,795,920],
[91,278,396,483,570,654,741,828,919],
[82,246,334,418,506,579,663,759,840,919],
[92,222,281,356,385,414,516,658,734,817,919],
[94,244,353,545,736,838,920],
[96,268,338,448,556,648,712,806,880]]},
{"cxs":[
{"cs":[169,176,183,191,244,251,258,267,274,328,336,343,350,357],"xs":{"x1":91,"x2":918}},
{"cs":[423,430,437,446,452,460,494,502,509,516,523],"xs":{"x1":82,"x2":918}},
{"cs":[598,606,613,621,629,677,684,691,698,705],"xs":{"x1":92,"x2":917}},
{"cs":[780,787,795,810,848,856,863,870,877],"xs":{"x1":92,"x2":917}},
{"cs":[946,953,960,967,976,1014,1022,1030,1037,1044],"xs":{"x1":92,"x2":913}}],
"bxs":[
[91,241,346,453,557,658,812,916],
[82,329,436,614,729,915],
[92,276,467,597,783,914],
[92,331,532,707,915],
[92,222,397,505,613,738,913]]},
{"cxs":[
{"cs":[121,128,135,143,151,215,221,229,236,243],"xs":{"x1":85,"x2":918}},
{"cs":[330,337,344,351,358,411,418,426,433,440],"xs":{"x1":77,"x2":918}},
{"cs":[514,521,529,536,543,602,609,617,625,631],"xs":{"x1":77,"x2":918}},
{"cs":[701,708,715,723,729,785,792,800,808,815],"xs":{"x1":85,"x2":919}},
{"cs":[889,896,903,910,918,970,978,986,993,1000],"xs":{"x1":77,"x2":923}}],
"bxs":[
[85,280,338,469,527,660,791,891],
[77,264,410,512,684,765,916],
[77,277,410,482,634,786,918],
[85,269,387,467,575,769,916],
[77,298,463,613,661,704,780,868]]},
{"cxs":[
{"cs":[151,164,172,179,226,234,241,248,255],"xs":{"x1":78,"x2":920}},
{"cs":[305,312,319,328,335,383,390,397,404,411],"xs":{"x1":78,"x2":920}},
{"cs":[460,467,474,481,488,539,546,554,562,569],"xs":{"x1":79,"x2":921}},
{"cs":[619,626,633,640,648,697,704,711,719,726],"xs":{"x1":79,"x2":921}},
{"cs":[789,797,804,811,818,852,860,867,874,881],"xs":{"x1":79,"x2":921}},
{"cs":[937,944,952,959,966,1009,1016,1024,1032,1039],"xs":{"x1":80,"x2":918}}],
"bxs":[
[78,246,316,387,455,526,641,795,917],
[78,269,376,481,590,689,785,920],
[79,135,192,248,299,339,444,546,634,757,918],
[79,310,366,416,612,779,919],
[79,225,314,549,671,795,918],
[80,270,376,517,647,766,876]]},
{"cxs":[
{"cs":[133,140,149,156,163,213,220,227,234,240],"xs":{"x1":81,"x2":922}},
{"cs":[318,326,333,340,347,401,408,415,422,430],"xs":{"x1":79,"x2":922}},
{"cs":[507,514,521,528,535,588,595,602,609,616],"xs":{"x1":78,"x2":921}},
{"cs":[695,702,709,716,723,775,783,790,798,805],"xs":{"x1":78,"x2":921}},
{"cs":[886,893,900,908,915,964,972,980,987,993],"xs":{"x1":77,"x2":922}}],
"bxs":[
[81,291,426,561,695,829,920],
[79,244,315,406,547,650,741,828,919],
[78,239,317,395,473,573,667,759,919],
[78,262,372,502,634,771,918],
[77,298,470,607,744,848,919]]},
{"cxs":[
{"cs":[173,180,187,202,248,255,262,271,277],"xs":{"x1":78,"x2":919}},
{"cs":[336,342,349,357,364,413,421,428,435,443],"xs":{"x1":79,"x2":918}},
{"cs":[495,503,510,517,524,583,590,597,604,611],"xs":{"x1":79,"x2":920}},
{"cs":[670,678,685,692,699,749,756,763,770,777],"xs":{"x1":81,"x2":919}},
{"cs":[841,848,856,864,870,926,933,940,947,954,996,1004,1011,1018,1025],"xs":{"x1":82,"x2":919}}],
"bxs":[
[78,289,426,552,713,835,916],
[79,295,433,567,699,819,916],
[79,281,408,536,688,809,917],
[81,352,465,557,748,919],
[82,305,461,612,767,917]]},
{"cxs":[
{"cs":[171,179,186,193,200,276,282,290,297,304],"xs":{"x1":89,"x2":920}},
{"cs":[408,415,422,429,436,525,533,540,547,554,635,642,649,656,663],"xs":{"x1":91,"x2":921}},
{"cs":[772,778,786,793,801,887,894,901,908,916],"xs":{"x1":84,"x2":921}}],
"bxs":[
[89,287,407,540,667,791,918],
[91,284,400,592,703,776,918],
[84,214,350,484,621,718,815,921]]},
{"cxs":[
{"cs":[280,290,294,302,309,366,373,380,388,396],"xs":{"x1":248,"x2":921}},
{"cs":[470,478,485,493,501,545,553,562,569,576],"xs":{"x1":90,"x2":921}},
{"cs":[634,641,649,656,664,705,713,720,728,736],"xs":{"x1":91,"x2":923}},
{"cs":[801,808,816,823,830,870,877,884,891,899],"xs":{"x1":90,"x2":921}},
{"cs":[951,959,966,974,982,1021,1030,1037,1044,1051],"xs":{"x1":80,"x2":923}}],
"bxs":[
[248,407,515,604,669,732,825,918],
[90,226,347,438,532,558,584,610,737,832,919],
[91,220,307,395,482,572,659,747,807,923],
[90,339,532,723,918],
[80,326,534,616,763,921]]},
{"cxs":[
{"cs":[120,128,135,143,151,189,197,204,212,219],"xs":{"x1":85,"x2":924}},
{"cs":[293,300,308,315,322,370,378,386,393,400],"xs":{"x1":74,"x2":922}},
{"cs":[449,456,463,470,478,514,521,529,536,543],"xs":{"x1":85,"x2":921}},
{"cs":[587,594,601,609,616,653,660,667,675,682],"xs":{"x1":86,"x2":921}},
{"cs":[732,754,761,814,821,829,836,843],"xs":{"x1":80,"x2":923}},
{"cs":[896,903,910,919,926,969,977,984,991,998],"xs":{"x1":80,"x2":926}}],
"bxs":[
[85,360,510,610,714,817,922],
[74,230,337,481,586,694,764,844,920],
[85,240,320,406,504,628,743,827,919],
[86,260,394,522,654,787,918],
[80,260,392,522,653,787,920],
[80,250,376,504,628,739,922]]},
{"cxs":[
{"cs":[167,175,182,190,197,244,252,259,267,275],"xs":{"x1":76,"x2":924}},
{"cs":[333,341,349,356,363,409,416,423,431,439],"xs":{"x1":77,"x2":923}},
{"cs":[497,506,513,520,527,571,579,586,593,601],"xs":{"x1":90,"x2":923}},
{"cs":[667,674,682,690,697,745,752,759,767,774,821,829,836,843,851],"xs":{"x1":89,"x2":923}},
{"cs":[926,933,940,948,992,1007,1014,1021],"xs":{"x1":92,"x2":924}}],
"bxs":[
[76,250,371,462,547,639,746,833,921],
[77,207,327,549,738,920],
[90,338,545,751,921],
[89,339,490,619,920],
[92,341,539,747,921]]},
{"cxs":[
{"cs":[122,129,137,145,153,207,215,222,229,237],"xs":{"x1":81,"x2":918}},
{"cs":[336,343,350,359,408,415,423,430,438],"xs":{"x1":80,"x2":917}},
{"cs":[526,534,541,549,599,607,614,622,630],"xs":{"x1":93,"x2":918}},
{"cs":[696,704,711,718,727,772,779,786,795,802],"xs":{"x1":84,"x2":918}},
{"cs":[863,870,877,885,893,933,941,948,956,964],"xs":{"x1":94,"x2":919}}],
"bxs":[
[81,296,404,554,755,914],
[80,311,430,609,730,915],
[93,280,460,605,792,916],
[84,392,615,772,916],
[94,158,202,336,414,541,703,834,917]]},
{"cxs":[
{"cs":[168,173,181,188,196,248,256,263,271,278],"xs":{"x1":76,"x2":921}},
{"cs":[354,361,372,377,385,435,444,451,458,465],"xs":{"x1":78,"x2":923}},
{"cs":[542,549,556,565,572,622,630,637,644,651],"xs":{"x1":91,"x2":921}},
{"cs":[726,734,742,749,757,808,816,823,831,838],"xs":{"x1":78,"x2":923}},
{"cs":[911,919,926,934,941,991,999,1006,1013,1020],"xs":{"x1":91,"x2":924}}],
"bxs":[
[76,268,363,584,743,919],
[78,345,449,631,737,921],
[91,337,505,700,826,918],
[78,310,466,623,778,920],
[91,362,553,692,819,876,921]]},
{"cxs":[
{"cs":[112,120,127,135,142,186,194,201,210,217],"xs":{"x1":77,"x2":923}},
{"cs":[273,280,287,295,302,344,352,359,366,374],"xs":{"x1":87,"x2":921}},
{"cs":[429,437,445,452,459,498,506,513,520,528],"xs":{"x1":87,"x2":922}},
{"cs":[582,589,596,604,611,650,658,665,673,681],"xs":{"x1":86,"x2":917}},
{"cs":[732,741,748,755,762,800,808,815,822,830],"xs":{"x1":86,"x2":918}},
{"cs":[887,895,902,910,918,956,964,972,980,987],"xs":{"x1":86,"x2":917}}],
"bxs":[
[77,319,480,608,738,921],
[87,367,475,611,715,797,918],
[87,269,371,523,591,726,829,919],
[86,268,371,475,629,709,812,915],
[86,257,361,466,582,688,792,915],
[86,258,334,499,637,776,915]]},
{"cxs":[
{"cs":[155,162,169,177,184,222,229,237,244,251],"xs":{"x1":83,"x2":924}},
{"cs":[308,315,322,331,338,375,383,391,399,406],"xs":{"x1":86,"x2":921}},
{"cs":[465,472,479,487,495,534,541,548,556,564],"xs":{"x1":86,"x2":921}},
{"cs":[622,629,636,644,651,690,697,704,711,719],"xs":{"x1":87,"x2":921}},
{"cs":[775,782,789,798,805,851,859,867,874,881],"xs":{"x1":86,"x2":921}},
{"cs":[937,945,952,959,967,1003,1011,1018,1025,1033],"xs":{"x1":87,"x2":920}}],
"bxs":[
[83,280,456,633,792,921],
[86,262,409,610,682,919],
[86,219,341,468,600,725,918],
[87,279,412,558,719,921],
[86,330,522,695,918],
[87,295,438,586,736,920]]},
{"cxs":[
{"cs":[119,127,134,142,150,192,199,208,215,222],"xs":{"x1":82,"x2":915}},
{"cs":[285,293,300,307,315,351,359,366,373,381],"xs":{"x1":82,"x2":914}},
{"cs":[446,453,460,468,475,514,521,528,536,543],"xs":{"x1":82,"x2":915}},
{"cs":[610,617,625,632,640,679,686,693,700,708],"xs":{"x1":84,"x2":916}},
{"cs":[762,770,778,785,792,830,837,844,852,860],"xs":{"x1":85,"x2":918}},
{"cs":[914,929,936,943,981,988,995,1003,1010],"xs":{"x1":96,"x2":917}}],
"bxs":[
[82,232,301,368,437,506,574,669,760,823,885],
[82,250,370,491,596,690,783,896],
[82,353,486,601,672,763,870],
[84,320,470,621,769,913],
[85,310,462,613,767,915],
[96,344,528,713,917]]},
{"cxs":[
{"cs":[168,175,182,190,198,245,260,268,275],"xs":{"x1":86,"x2":916}},
{"cs":[355,363,370,378,387,413,432,440,455,463],"xs":{"x1":89,"x2":918}},
{"cs":[543,551,558,566,574,621,629,636,643,650],"xs":{"x1":78,"x2":918}},
{"cs":[729,738,745,752,759,808,815,822,829,837],"xs":{"x1":79,"x2":916}},
{"cs":[915,922,929,937,944,990,997,1005,1012,1020],"xs":{"x1":79,"x2":915}}],
"bxs":[
[86,289,416,581,748,914],
[89,302,457,611,765,915],
[78,292,442,620,746,915],
[79,302,457,601,757,914],
[79,277,431,566,693,864]]},
{"cxs":[
{"cs":[145,153,161,168,217,224,231,239,246],"xs":{"x1":91,"x2":917}},
{"cs":[323,332,339,346,354,401,409,416,423,431],"xs":{"x1":80,"x2":919}},
{"cs":[507,514,522,529,536,584,591,599,606,613],"xs":{"x1":80,"x2":918}},
{"cs":[692,699,707,714,721,769,777,784,791,800],"xs":{"x1":81,"x2":918}},
{"cs":[874,882,889,897,904,950,957,965,973,980],"xs":{"x1":81,"x2":917}}],
"bxs":[
[91,261,401,525,648,755,915],
[80,266,372,481,590,697,805,916],
[80,285,411,536,663,787,915],
[81,298,435,480,521,650,793,916],
[81,278,381,521,642,767,877]]},
{"cxs":[
{"cs":[158,165,173,180,187,239,247,254,261,270],"xs":{"x1":80,"x2":917}},
{"cs":[330,337,344,351,359,401,408,415,423,431],"xs":{"x1":83,"x2":918}},
{"cs":[482,490,498,506,513,553,561,568,575,583],"xs":{"x1":84,"x2":918}},
{"cs":[635,643,650,657,665,707,714,722,729,738],"xs":{"x1":95,"x2":920}},
{"cs":[788,797,804,811,819,858,865,872,879,887],"xs":{"x1":86,"x2":921}},
{"cs":[941,949,956,963,972,1004,1012,1019,1027,1035],"xs":{"x1":85,"x2":922}}],
"bxs":[
[80,256,351,447,541,636,729,822,914],
[83,219,317,419,521,620,719,819,915],
[84,208,292,404,519,623,708,797,915],
[95,241,329,454,581,706,826,917],
[86,218,329,423,537,634,759,818,877],
[85,238,340,460,592,705,820,919]]},
{"cxs":[
{"cs":[118,126,133,141,149,209,216,223,230,238,286,294,301,309,316],"xs":{"x1":87,"x2":919}},
{"cs":[385,393,400,407,415,457,464,471,478,486],"xs":{"x1":79,"x2":918}},
{"cs":[554,562,570,577,584,629,636,644,651,659],"xs":{"x1":79,"x2":919}},
{"cs":[724,732,741,748,755,799,807,814,821,829],"xs":{"x1":79,"x2":917}},
{"cs":[902,909,918,925,932,972,979,986,994,1001],"xs":{"x1":79,"x2":918}}],
"bxs":[
[87,270,409,663,917],
[79,336,512,704,915],
[79,338,528,700,916],
[79,351,572,741,879],
[79,245,347,445,553,646,727,822,915]]},
{"cxs":[
{"cs":[152,159,167,174,182,230,237,245,252,260],"xs":{"x1":90,"x2":924}},
{"cs":[320,419],"xs":{"x1":90,"x2":916}},
{"cs":[475,482,489,497,505,543,550,557,566,573],"xs":{"x1":91,"x2":919}},
{"cs":[624,631,638,646,653,696,703,711,718,726],"xs":{"x1":92,"x2":920}},
{"cs":[774,781,789,797,804,845,854,861,868,875],"xs":{"x1":93,"x2":921}},
{"cs":[926,933,940,947,955,990,998,1005,1013,1020],"xs":{"x1":94,"x2":921}}],
"bxs":[
[90,203,279,355,429,527,653,821,921],
[90,325,492,674,916],
[91,242,332,468,623,780,917],
[92,260,392,524,656,788,917],
[93,290,429,537,644,757,918],
[94,284,433,523,614,725,862]]},
{"cxs":[
{"cs":[124,132,139,156,213,220,227,234,242],"xs":{"x1":84,"x2":918}},
{"cs":[315,322,331,338,346,396,403,411,419,426],"xs":{"x1":82,"x2":918}},
{"cs":[501,508,516,523,531,582,589,596,604,612],"xs":{"x1":83,"x2":920}},
{"cs":[689,696,704,711,719,768,776,783,790,798],"xs":{"x1":80,"x2":919}},
{"cs":[876,883,891,899,906,953,960,968,976,983],"xs":{"x1":85,"x2":920}}],
"bxs":[
[84,277,368,458,548,639,728,821,915],
[82,283,389,494,598,705,811,916],
[83,266,356,450,542,634,725,823,917],
[80,278,385,495,585,650,711,806,917],
[85,286,377,449,551,656,833,876,917]]},
{"cxs":[
{"cs":[163,170,178,185,193,239,247,254,261,269],"xs":{"x1":80,"x2":922}},
{"cs":[350,357,364,372,379,425,432,440,448,455],"xs":{"x1":79,"x2":921}},
{"cs":[531,539,547,553,562,607,614,623,630,638],"xs":{"x1":78,"x2":920}},
{"cs":[717,724,732,740,747,795,802,810,817,824],"xs":{"x1":89,"x2":916}},
{"cs":[921,929,936,943,951,996,1004,1011,1018,1025],"xs":{"x1":77,"x2":918}}],
"bxs":[
[80,309,481,638,805,920],
[79,308,419,529,639,748,919],
[78,312,454,610,764,918],
[89,311,415,560,705,913],
[77,372,638,878]]},
{"cxs":[
{"cs":[129,136,143,152,159,202,210,217,224,232],"xs":{"x1":89,"x2":920}},
{"cs":[300,308,315,322,331,373,380,389,396,403],"xs":{"x1":78,"x2":920}},
{"cs":[490,498,506,513,521,566,573,581,588,595],"xs":{"x1":78,"x2":918}},
{"cs":[691,697,705,712,760,767,775,782,789],"xs":{"x1":79,"x2":919}},
{"cs":[872,879,887,894,901,948,956,963,970,979],"xs":{"x1":79,"x2":920}}],
"bxs":[
[89,244,380,513,649,781,918],
[78,355,523,695,917],
[78,414,654,916],
[79,375,645,917],
[79,376,578,608,638,669,699,729,759,918]]},
{"cxs":[
{"cs":[164,172,179,186,193,234,242,249,256,264],"xs":{"x1":87,"x2":921}},
{"cs":[321,330,336,343,351,391,398,405,412,420],"xs":{"x1":89,"x2":923}},
{"cs":[480,487,494,502,510,549,556,564,571,579],"xs":{"x1":89,"x2":926}},
{"cs":[638,645,653,660,668,708,715,722,730,738],"xs":{"x1":87,"x2":924}},
{"cs":[797,804,811,819,826,865,873,880,887,895],"xs":{"x1":86,"x2":925}},
{"cs":[955,963,970,978,985,1021,1030,1037,1044,1051],"xs":{"x1":83,"x2":925}}],
"bxs":[
[87,229,317,406,531,621,709,798,919],
[89,242,325,414,430,446,462,478,494,510,613,719,820,920],
[89,273,391,517,601,724,808,890],
[87,268,387,508,644,781,922],
[86,259,357,469,584,697,810,923],
[83,257,366,475,585,711,821,923]]},
{"cxs":[
{"cs":[116,124,131,139,146,187,194,202,210,217],"xs":{"x1":79,"x2":924}},
{"cs":[274,281,288,295,302,344,351,358,366,373],"xs":{"x1":87,"x2":922}},
{"cs":[432,448,455,462,503,510,517,525,532],"xs":{"x1":87,"x2":919}},
{"cs":[589,596,604,611,620,659,666,674,682,690],"xs":{"x1":87,"x2":919}},
{"cs":[741,748,755,762,770,809,816,824,831,839],"xs":{"x1":86,"x2":920}},
{"cs":[906,914,922,929,936,984,991,998,1006],"xs":{"x1":78,"x2":918}}],
"bxs":[
[79,270,393,532,657,768,921],
[87,261,366,482,578,698,800,919],
[87,244,327,408,491,573,673,775,821,867,913],
[87,280,415,553,684,768,917],
[86,302,407,516,659,798,914],
[78,383,611,739,918]]},
{"cxs":[
{"cs":[187,195,202,210,218,262,270,278,284,291],"xs":{"x1":89,"x2":920}},
{"cs":[372,379,388,396,403,440,456,464,471],"xs":{"x1":90,"x2":919}},
{"cs":[529,537,544,551,560,595,602,610,619,626],"xs":{"x1":92,"x2":919}},
{"cs":[673,682,689,696,703,739,746,753,761,768],"xs":{"x1":91,"x2":920}},
{"cs":[832,839,847,855,924,932,939,946,954,1019,1026,1035,1042,1049],"xs":{"x1":92,"x2":920}}],
"bxs":[
[89,268,351,413,525,637,754,795,836,876,917],
[90,313,392,470,565,705,855],
[92,282,387,493,600,706,812,916],
[91,287,311,335,359,383,407,507,595,811,918],
[92,249,338,426,515,605,694,782,856]]},
{"cxs":[
{"cs":[117,125,132,140,148,190,197,205,213,221],"xs":{"x1":84,"x2":926}},
{"cs":[274,281,288,296,303,346,354,360,368,375],"xs":{"x1":83,"x2":925}},
{"cs":[421,428,435,444,484,491,499,507,514],"xs":{"x1":76,"x2":923}},
{"cs":[579,586,594,601,609,648,656,663,670,679],"xs":{"x1":74,"x2":922}},
{"cs":[739,746,753,760,767,806,813,821,828,835],"xs":{"x1":83,"x2":921}},
{"cs":[894,901,909,917,924,983,991,998,1006,1013],"xs":{"x1":84,"x2":922}}],
"bxs":[
[84,178,252,309,426,521,542,563,583,604,771,924],
[83,249,278,307,336,381,425,595,773,922],
[76,241,311,383,456,526,597,669,828,921],
[74,232,439,710,860],
[83,222,395,478,645,781,917],
[84,263,440,593,708,779,922]]}]
