blackness,connectivity,ext_above,ext_below,max_width,median_width,pct_wide,left_white,right_white,left_contrast,right_contrast,local_density,label
0.3103448275862069,0.20689655172413793,0,0,4,4.0,1.0,228.9090909090909,175.93939393939397,4.863636363636374,-48.106060606060566,0.11580086580086581,1
0.4827586206896552,0.3103448275862069,0,0,6,5.0,1.0,226.6439393939394,176.219696969697,5.916666666666686,-44.50757575757572,0.12554112554112554,0
0.5862068965517241,0.3448275862068966,0,0,7,5.0,0.8,224.93939393939397,179.80303030303034,35.34848484848487,-9.787878787878753,0.1396103896103896,0
0.6206896551724138,0.3448275862068966,0,0,8,5.0,0.6666666666666666,224.46969696969697,186.1742424242424,46.44696969696969,8.151515151515127,0.1590909090909091,0
0.5862068965517241,0.3448275862068966,0,0,8,5.0,0.6666666666666666,223.39393939393938,194.530303030303,48.96212121212119,20.098484848484816,0.1774891774891775,0
0.5862068965517241,0.3448275862068966,0,0,8,5.0,0.8,211.45454545454547,199.9242424242424,36.09090909090909,24.560606060606034,0.19264069264069264,0
0.5517241379310345,0.20689655172413793,0,0,8,5.0,0.8,196.11363636363637,198.79545454545453,17.25,19.93181818181816,0.19913419913419914,0
0.5517241379310345,0.2413793103448276,0,0,7,5.5,0.75,180.68181818181822,186.60606060606062,-4.499999999999972,1.4242424242424363,0.2012987012987013,0
0.5172413793103449,0.3103448275862069,0,0,6,4.5,0.5,175.93939393939397,170.31818181818184,-18.537878787878753,-24.159090909090878,0.20238095238095238,0
0.3793103448275862,0.3448275862068966,0,0,4,3.5,0.5,176.219696969697,157.80303030303028,-27.71212121212119,-46.128787878787904,0.20454545454545456,0
0.4827586206896552,0.3448275862068966,0,0,6,5.0,1.0,179.80303030303034,157.19696969696966,-21.560606060606034,-44.166666666666714,0.20454545454545456,0
0.7241379310344828,0.6551724137931034,0,0,6,5.0,1.0,186.1742424242424,168.50757575757575,-4.916666666666686,-22.583333333333343,0.20238095238095238,0
0.7241379310344828,0.6206896551724138,0,0,6,5.0,1.0,194.530303030303,187.75,27.16666666666663,20.386363636363626,0.19913419913419914,0
0.6551724137931034,0.6206896551724138,0,0,7,5.0,0.8888888888888888,199.9242424242424,201.8409090909091,47.42424242424241,49.34090909090909,0.18831168831168832,0
0.6551724137931034,0.5862068965517241,0,0,7,5.0,0.8888888888888888,198.7954545454546,206.03787878787878,45.25000000000006,52.49242424242425,0.17424242424242425,0
0.6206896551724138,0.5517241379310345,0,0,7,5.0,1.0,186.60606060606062,204.3106060606061,21.06060606060609,38.76515151515156,0.16017316017316016,0
0.4827586206896552,0.5172413793103449,0,0,7,4.5,1.0,170.31818181818184,208.61363636363637,-16.113636363636346,22.181818181818187,0.15476190476190477,0
0.4827586206896552,0.4827586206896552,0,0,7,7.0,1.0,157.80303030303028,218.75757575757575,-53.469696969697,7.48484848484847,0.16017316017316016,0
0.4482758620689655,0.3448275862068966,0,0,6,3.0,0.3333333333333333,157.1969696969697,226.53030303030303,-50.621212121212125,18.712121212121218,0.16883116883116883,0
0.41379310344827586,0.20689655172413793,0,0,3,2.0,0.0,168.50757575757575,229.20454545454547,-30.51515151515153,30.181818181818187,0.18073593073593072,0
0.6551724137931034,0.20689655172413793,0,0,0,0,0,218.75757575757575,154.38636363636363,-6.651515151515156,-71.02272727272728,0.2532467532467532,0
0.6896551724137931,0.27586206896551724,0,0,5,4.0,0.6666666666666666,226.53030303030303,158.56060606060606,37.098484848484844,-30.871212121212125,0.24891774891774893,0
0.7931034482758621,0.3448275862068966,0,0,6,3.0,0.42857142857142855,229.20454545454547,153.12878787878788,62.386363636363654,-13.689393939393938,0.2435064935064935,0
0.9310344827586207,0.6896551724137931,0,0,7,3.0,0.375,227.8560606060606,132.09848484848484,75.74242424242422,-20.01515151515153,0.24134199134199133,0
0.896551724137931,0.8275862068965517,0,0,8,4.0,0.625,214.53030303030303,109.25,64.75757575757575,-40.52272727272728,0.237012987012987,0
0.8275862068965517,0.8620689655172413,0,0,9,5.0,0.8333333333333334,193.88636363636363,107.79545454545455,32.613636363636346,-53.477272727272734,0.2305194805194805,0
0.9310344827586207,1.0344827586206897,0,0,10,5.0,1.0,169.45454545454547,135.6818181818182,4.818181818181841,-28.95454545454544,0.2261904761904762,0
1.0344827586206897,1.0344827586206897,0,0,10,5.0,1.0,156.23484848484847,177.31818181818184,22.75757575757575,43.84090909090912,0.2261904761904762,0
1.0344827586206897,1.0344827586206897,0,0,9,4.5,0.9285714285714286,154.38636363636365,209.2348484848485,56.20454545454547,111.05303030303031,0.2261904761904762,0
1.0,1.0344827586206897,0,0,8,4.0,0.8571428571428571,158.56060606060603,224.81818181818184,62.46969696969694,128.72727272727275,0.2261904761904762,0
0.9310344827586207,0.5862068965517241,0,0,7,4.0,0.9166666666666666,153.12878787878788,228.12121212121212,24.0151515151515,99.00757575757575,0.2261904761904762,0
0.6551724137931034,0.5517241379310345,0,0,7,4.0,1.0,132.09848484848484,230.20454545454547,-49.74242424242425,48.363636363636374,0.2261904761904762,0
0.3103448275862069,0.4827586206896552,0,0,6,6.0,1.0,109.25,231.39393939393938,-111.75,10.393939393939377,0.21861471861471862,0
0.7241379310344828,0.20689655172413793,0,0,3,3.0,0.0,233.3560606060606,182.46969696969697,29.037878787878782,-21.848484848484844,0.1038961038961039,0
0.7241379310344828,0.20689655172413793,7,0,6,3.0,0.4,232.81818181818184,181.71969696969697,66.52272727272731,15.424242424242436,0.10930735930735931,0
0.7241379310344828,0.20689655172413793,0,0,7,5.0,0.5,233.3257575757576,182.50757575757575,73.93939393939397,23.121212121212125,0.11471861471861472,0
0.3103448275862069,0.20689655172413793,0,0,8,8.0,1.0,223.8106060606061,184.8409090909091,37.469696969697,-1.5,0.12012987012987013,0
0.3103448275862069,0.20689655172413793,0,0,9,9.0,1.0,201.63636363636363,190.62121212121212,22.545454545454533,11.530303030303031,0.12554112554112554,0
0.3448275862068966,0.20689655172413793,0,2,11,11.0,1.0,170.6742424242424,205.1742424242424,-13.416666666666686,21.083333333333314,0.13852813852813853,0
0.3448275862068966,0.20689655172413793,0,3,11,11.0,1.0,174.9393939393939,206.3409090909091,-6.515151515151558,24.886363636363626,0.1471861471861472,0
0.3448275862068966,0.20689655172413793,0,0,11,11.0,1.0,182.46969696969697,205.80303030303028,-6.507575757575751,16.825757575757564,0.15367965367965367,0
0.3793103448275862,0.20689655172413793,0,0,11,11.0,1.0,199.21969696969697,200.61363636363637,-6.416666666666657,-5.022727272727252,0.15584415584415584,0
0.3448275862068966,0.20689655172413793,0,0,11,11.0,1.0,205.1742424242424,200.15151515151516,-1.6212121212121247,-6.643939393939377,0.15151515151515152,0
0.3793103448275862,0.2413793103448276,0,0,11,11.0,1.0,206.3409090909091,200.47727272727275,-0.4090909090909065,-6.272727272727252,0.14935064935064934,0
0.41379310344827586,0.2413793103448276,0,0,11,11.0,0.6666666666666666,205.80303030303028,200.47727272727275,3.6439393939393767,-1.6818181818181586,0.1699134199134199,0
0.41379310344827586,0.2413793103448276,0,0,11,11.0,0.6666666666666666,205.78787878787875,201.21212121212122,7.44696969696966,2.8712121212121247,0.18181818181818182,0
0.41379310344827586,0.3103448275862069,0,0,11,11.0,1.0,206.39393939393938,202.53787878787878,5.053030303030283,1.1969696969696884,0.19264069264069264,0
0.41379310344827586,0.3103448275862069,0,0,11,10.5,1.0,205.23484848484847,203.3409090909091,4.46212121212119,2.568181818181813,0.20238095238095238,0
0.41379310344827586,0.2413793103448276,0,0,11,9.0,1.0,202.41666666666666,194.280303030303,3.098484848484844,-5.03787878787881,0.21428571428571427,0
0.41379310344827586,0.2413793103448276,0,0,11,8.0,1.0,200.61363636363637,158.21969696969697,-0.7272727272727195,-43.121212121212125,0.22510822510822512,0
0.3793103448275862,0.20689655172413793,0,0,11,8.0,1.0,200.15151515151516,136.57575757575756,-2.8257575757575637,-66.40151515151516,0.237012987012987,0
0.3448275862068966,0.20689655172413793,0,0,11,9.0,1.0,200.47727272727275,127.67424242424242,-2.8181818181817846,-75.62121212121211,0.24891774891774893,0
0.4827586206896552,0.7586206896551724,0,0,11,10.5,1.0,200.47727272727272,146.64393939393938,-3.2727272727272805,-57.10606060606062,0.2597402597402597,0
0.8275862068965517,0.7586206896551724,0,0,11,6.0,0.8,201.21212121212122,151.00757575757575,25.416666666666686,-24.787878787878782,0.26406926406926406,0
0.8275862068965517,0.7586206896551724,2,0,11,3.0,0.5,202.53787878787878,152.2348484848485,107.42424242424242,57.12121212121214,0.26731601731601734,0
0.5862068965517241,0.7586206896551724,4,0,11,7.0,1.0,203.3409090909091,153.04545454545453,64.52272727272728,14.22727272727272,0.2694805194805195,0
0.4482758620689655,0.7586206896551724,5,0,11,8.0,1.0,194.280303030303,154.29545454545453,45.18939393939391,5.204545454545439,0.27056277056277056,0
0.4827586206896552,0.20689655172413793,6,0,11,10.0,1.0,136.5757575757576,166.47727272727272,-15.333333333333314,14.568181818181813,0.2792207792207792,0
0.4827586206896552,0.20689655172413793,6,0,11,10.0,1.0,127.67424242424242,176.6590909090909,-25.09848484848486,23.886363636363626,0.28354978354978355,0
0.4827586206896552,0.41379310344827586,6,0,11,8.0,1.0,146.6439393939394,184.9090909090909,-7.810606060606062,30.45454545454544,0.2922077922077922,0
0.4827586206896552,0.3793103448275862,6,0,11,7.0,0.8333333333333334,151.00757575757575,186.70454545454547,-4.651515151515156,31.04545454545456,0.31277056277056275,0
0.4827586206896552,0.3793103448275862,5,0,11,7.0,1.0,152.2348484848485,186.38636363636363,-10.128787878787875,24.022727272727252,0.3181818181818182,0
0.4827586206896552,0.3793103448275862,0,0,11,10.0,1.0,153.04545454545453,185.3257575757576,-28.363636363636374,3.9166666666666856,0.3203463203463203,0
0.5172413793103449,0.3793103448275862,0,0,11,10.5,1.0,154.29545454545453,183.9090909090909,-31.909090909090935,-2.295454545454561,0.31926406926406925,0
0.5172413793103449,0.3793103448275862,0,0,10,9.0,1.0,184.9090909090909,156.96212121212122,0.9772727272727195,-26.96969696969697,0.2619047619047619,0
0.7931034482758621,0.6206896551724138,0,0,9,8.0,1.0,186.70454545454547,182.71969696969697,4.159090909090935,0.1742424242424363,0.25,0
0.9310344827586207,0.6206896551724138,0,0,8,7.0,0.8333333333333334,186.38636363636363,188.62878787878788,25.068181818181813,27.310606060606062,0.237012987012987,0
0.9310344827586207,0.6206896551724138,0,0,7,6.0,0.6363636363636364,185.3257575757576,187.6590909090909,75.12121212121214,77.45454545454545,0.22077922077922077,0
0.41379310344827586,0.6206896551724138,1,0,7,6.5,1.0,183.9090909090909,188.18181818181816,14.47727272727272,18.74999999999997,0.20346320346320346,0
0.3103448275862069,0.6206896551724138,1,0,8,7.5,1.0,175.93181818181816,191.41666666666666,-15.318181818181841,0.1666666666666572,0.18831168831168832,0
0.20689655172413793,0.9655172413793104,0,0,8,8.0,1.0,227.1742424242424,135.15151515151516,-4.189393939393966,-96.21212121212122,0.25432900432900435,0
0.9655172413793104,1.0344827586206897,0,0,9,9.0,1.0,229.68181818181816,143.3409090909091,1.7954545454545325,-84.54545454545453,0.26406926406926406,0
1.0344827586206897,1.0344827586206897,0,0,10,6.0,0.5714285714285714,228.79545454545453,144.30303030303028,101.29545454545453,16.803030303030283,0.2727272727272727,0
1.0344827586206897,1.0344827586206897,0,0,11,7.0,0.8181818181818182,229.0909090909091,145.61363636363637,109.22727272727273,25.750000000000014,0.27380952380952384,0
0.6896551724137931,1.0344827586206897,0,0,11,8.0,1.0,228.71212121212122,146.87878787878788,87.07575757575759,5.242424242424249,0.27705627705627706,0
0.6896551724137931,0.41379310344827586,0,0,11,9.0,1.0,195.58333333333334,149.6818181818182,51.628787878787875,5.7272727272727195,0.2813852813852814,0
0.7241379310344828,0.3793103448275862,0,0,11,10.0,1.0,158.41666666666666,153.33333333333334,13.98484848484847,8.901515151515156,0.288961038961039,0
0.7241379310344828,0.3793103448275862,0,0,11,10.5,0.9,129.66666666666666,160.71212121212122,-14.856060606060623,16.189393939393938,0.2987012987012987,0
0.6551724137931034,0.3448275862068966,0,0,11,10.0,1.0,135.15151515151516,170.969696969697,-12.73484848484847,23.08333333333337,0.31277056277056275,0
0.6551724137931034,0.3448275862068966,0,0,11,9.0,1.0,143.3409090909091,180.0454545454546,-4.886363636363626,31.81818181818187,0.33116883116883117,0
0.6206896551724138,0.3448275862068966,0,0,11,8.0,1.0,144.30303030303034,184.83333333333334,-8.628787878787847,31.901515151515156,0.35064935064935066,0
0.5862068965517241,0.3448275862068966,0,0,11,10.0,1.0,145.61363636363635,186.0151515151515,-13.227272727272748,27.174242424242408,0.36688311688311687,0
0.5517241379310345,0.3448275862068966,0,0,11,10.0,1.0,146.87878787878788,185.70454545454547,-23.4848484848485,15.340909090909093,0.3841991341991342,0
0.4482758620689655,0.3448275862068966,0,0,11,11.0,1.0,149.68181818181816,180.03030303030303,-34.02272727272731,-3.6742424242424363,0.3722943722943723,0
0.41379310344827586,0.3448275862068966,0,0,11,11.0,1.0,153.33333333333334,164.17424242424244,-32.73484848484847,-21.893939393939377,0.36147186147186144,0
0.3793103448275862,0.3103448275862069,0,0,11,11.0,1.0,160.71212121212122,145.96212121212122,-24.0151515151515,-38.7651515151515,0.35714285714285715,0
0.3448275862068966,0.3103448275862069,0,0,11,11.0,1.0,170.969696969697,140.0909090909091,-16.280303030303003,-47.15909090909091,0.3560606060606061,0
0.4482758620689655,0.3103448275862069,0,0,11,11.0,1.0,180.04545454545453,142.50757575757578,-5.0909090909090935,-42.62878787878785,0.354978354978355,0
0.7931034482758621,0.3103448275862069,0,0,11,10.0,0.8,184.83333333333334,147.71212121212122,17.128787878787875,-19.99242424242425,0.35064935064935066,0
0.8275862068965517,0.3103448275862069,0,0,11,7.0,0.8571428571428571,186.0151515151515,146.7348484848485,46.333333333333314,7.053030303030312,0.34523809523809523,0
0.8620689655172413,0.3103448275862069,0,0,11,7.5,0.75,185.70454545454547,145.4090909090909,55.20454545454547,14.909090909090907,0.33874458874458874,0
0.6206896551724138,0.3103448275862069,0,0,11,8.0,1.0,180.03030303030303,142.6818181818182,29.939393939393938,-7.4090909090909065,0.33116883116883117,0
0.6206896551724138,0.3103448275862069,0,0,11,7.5,0.875,164.1742424242424,141.03787878787878,17.24242424242422,-5.893939393939405,0.32142857142857145,0
0.6896551724137931,0.3103448275862069,0,0,11,8.0,0.8571428571428571,145.96212121212122,146.21969696969697,-0.15151515151515582,0.10606060606059486,0.31493506493506496,0
0.6896551724137931,0.3103448275862069,0,0,11,10.0,1.0,140.0909090909091,159.03787878787878,-7.068181818181813,11.878787878787875,0.3170995670995671,0
0.6896551724137931,0.3103448275862069,0,0,11,8.5,0.8333333333333334,142.50757575757575,170.96969696969697,-0.4469696969697168,28.0151515151515,0.3300865800865801,0
0.6896551724137931,0.27586206896551724,0,1,11,8.0,1.0,147.71212121212122,179.08333333333334,9.780303030303031,41.151515151515156,0.34415584415584416,0
0.6206896551724138,0.27586206896551724,0,1,11,7.0,0.8333333333333334,146.73484848484847,182.50757575757575,4.507575757575751,40.28030303030303,0.3538961038961039,0
0.5172413793103449,0.2413793103448276,0,1,11,7.0,0.8333333333333334,145.4090909090909,184.4848484848485,-13.090909090909093,25.9848484848485,0.36147186147186144,0
0.3793103448275862,0.2413793103448276,0,1,11,9.0,1.0,142.68181818181816,177.65151515151516,-33.70454545454547,1.2651515151515298,0.3658008658008658,0
0.3103448275862069,0.20689655172413793,0,1,11,10.0,1.0,141.03787878787878,158.5909090909091,-36.9848484848485,-19.431818181818187,0.3647186147186147,0
0.27586206896551724,0.20689655172413793,0,1,11,11.0,1.0,146.21969696969697,135.45454545454547,-36.621212121212125,-47.386363636363626,0.36147186147186144,0
0.27586206896551724,0.20689655172413793,0,2,11,11.0,1.0,159.03787878787878,129.09848484848484,-27.621212121212125,-57.56060606060606,0.3658008658008658,0
0.41379310344827586,0.3103448275862069,0,2,11,11.0,0.6666666666666666,170.96969696969697,132.48484848484847,-12.984848484848499,-51.469696969697,0.3658008658008658,0
0.7931034482758621,0.3448275862068966,0,2,11,11.0,0.6666666666666666,179.08333333333334,140.14393939393938,16.74242424242425,-22.196969696969717,0.3647186147186147,0
0.8620689655172413,0.41379310344827586,0,2,11,4.0,0.5,182.50757575757575,138.79545454545453,53.03030303030303,9.318181818181813,0.3593073593073593,0
0.8620689655172413,0.41379310344827586,0,3,11,6.0,0.5555555555555556,184.4848484848485,138.43181818181816,69.93939393939395,23.886363636363612,0.354978354978355,0
0.5862068965517241,0.41379310344827586,0,3,11,8.0,1.0,177.65151515151516,139.29545454545453,34.378787878787875,-3.977272727272748,0.3463203463203463,0
0.5862068965517241,0.3448275862068966,0,3,11,8.5,1.0,158.5909090909091,141.78030303030303,18.954545454545467,2.143939393939405,0.3398268398268398,0
0.5862068965517241,0.27586206896551724,0,3,11,9.5,1.0,135.45454545454547,147.5909090909091,-2.068181818181813,10.068181818181813,0.3344155844155844,0
0.5517241379310345,0.27586206896551724,0,3,11,9.0,1.0,129.09848484848484,160.03787878787878,-10.128787878787875,20.810606060606062,0.3333333333333333,0
0.5517241379310345,0.27586206896551724,0,3,11,8.5,1.0,132.48484848484847,170.31818181818184,-6.060606060606062,31.77272727272731,0.3300865800865801,0
0.5517241379310345,0.27586206896551724,0,4,11,8.0,1.0,140.14393939393938,178.3257575757576,0.030303030303002743,38.21212121212122,0.341991341991342,0
0.5172413793103449,0.27586206896551724,0,4,11,7.0,1.0,138.79545454545453,179.1893939393939,-7.8863636363636545,32.50757575757572,0.3593073593073593,0
0.4827586206896552,0.27586206896551724,0,4,11,6.0,1.0,138.43181818181816,180.15151515151513,-17.54545454545456,24.174242424242408,0.3593073593073593,0
0.3103448275862069,0.20689655172413793,0,4,11,11.0,1.0,139.29545454545453,180.78787878787878,-38.159090909090935,3.3333333333333144,0.35714285714285715,0
0.3103448275862069,0.3448275862068966,0,0,11,11.0,1.0,178.3257575757576,163.64393939393938,-3.5833333333333144,-18.26515151515153,0.29653679653679654,0
0.6551724137931034,0.3448275862068966,0,0,11,11.0,1.0,179.1893939393939,181.50757575757575,4.053030303030283,6.371212121212125,0.2846320346320346,0
0.7241379310344828,0.3448275862068966,0,6,11,2.0,0.42857142857142855,180.15151515151516,185.1893939393939,34.56060606060606,39.598484848484816,0.27056277056277056,0
0.7586206896551724,0.3448275862068966,0,5,11,4.0,0.5,180.78787878787878,185.54545454545453,49.0151515151515,53.77272727272725,0.2532467532467532,0
0.5172413793103449,0.3448275862068966,0,0,11,8.0,1.0,179.15151515151513,186.80303030303028,4.765151515151501,12.416666666666657,0.23593073593073594,0
0.41379310344827586,0.3448275862068966,0,0,11,8.0,1.0,167.54545454545453,189.83333333333334,-17.227272727272748,5.060606060606062,0.22077922077922077,0
0.4827586206896552,0.27586206896551724,0,0,11,9.0,1.0,150.83333333333334,196.49242424242425,-34.53030303030303,11.128787878787875,0.2132034632034632,0
0.5172413793103449,0.27586206896551724,0,0,11,9.0,1.0,150.58333333333334,206.15151515151516,-34.848484848484844,20.71969696969697,0.20346320346320346,0
0.5172413793103449,0.27586206896551724,0,0,11,9.0,1.0,163.64393939393938,215.50757575757575,-22.196969696969717,29.666666666666657,0.19480519480519481,0
0.5172413793103449,0.27586206896551724,0,0,11,8.0,1.0,181.50757575757575,221.74242424242425,-7.628787878787875,32.60606060606062,0.1893939393939394,0
0.4482758620689655,0.27586206896551724,0,0,11,7.0,1.0,185.18939393939397,224.35606060606062,-9.333333333333314,29.833333333333343,0.1893939393939394,0
0.3793103448275862,0.2413793103448276,0,0,11,6.0,1.0,185.54545454545453,225.22727272727275,-20.27272727272728,19.409090909090935,0.1893939393939394,0
0.27586206896551724,0.20689655172413793,0,0,11,11.0,1.0,186.80303030303034,224.86363636363637,-31.310606060606034,6.75,0.19155844155844157,0
0.4482758620689655,0.3103448275862069,0,0,11,11.0,1.0,224.35606060606062,185.12121212121212,6.219696969696997,-33.0151515151515,0.1958874458874459,0
0.4482758620689655,0.3103448275862069,0,0,11,6.0,1.0,225.22727272727275,184.1893939393939,27.954545454545467,-13.083333333333371,0.19913419913419914,0
0.4482758620689655,0.3103448275862069,0,0,11,7.0,1.0,224.86363636363637,185.4242424242424,34.5,-4.939393939393966,0.20238095238095238,0
0.4482758620689655,0.3103448275862069,0,0,11,8.0,1.0,222.25757575757575,185.20454545454547,35.14393939393938,-1.9090909090909065,0.2067099567099567,0
0.4827586206896552,0.3103448275862069,0,0,11,9.0,1.0,212.94696969696966,163.3409090909091,28.310606060606034,-21.295454545454533,0.21103896103896103,0
0.4827586206896552,0.3103448275862069,0,0,11,9.0,1.0,201.9242424242424,148.21969696969697,18.310606060606034,-35.393939393939405,0.21645021645021645,0
0.4827586206896552,0.3103448275862069,0,0,11,9.0,1.0,191.58333333333334,146.8560606060606,7.26515151515153,-37.46212121212122,0.22294372294372294,0
0.4482758620689655,0.7586206896551724,0,0,11,9.0,1.0,187.37121212121212,169.01515151515153,-0.9696969696969688,-19.325757575757564,0.237012987012987,0
0.7931034482758621,0.7586206896551724,0,0,11,8.0,1.0,185.12121212121212,182.25757575757578,2.166666666666657,-0.6969696969696884,0.25216450216450215,0
0.7931034482758621,0.7241379310344828,6,0,10,2.0,0.45454545454545453,184.1893939393939,185.70454545454547,65.46212121212118,66.97727272727273,0.26731601731601734,0
0.7586206896551724,0.7241379310344828,6,0,9,6.0,0.6666666666666666,185.4242424242424,186.62121212121212,42.44696969696969,43.643939393939405,0.28354978354978355,0
0.3448275862068966,0.6551724137931034,0,0,8,8.0,1.0,185.20454545454547,187.31818181818184,6.3409090909090935,8.454545454545467,0.29978354978354976,0
0.3793103448275862,0.20689655172413793,0,0,9,7.0,1.0,163.3409090909091,181.81818181818184,-21.863636363636374,-3.386363636363626,0.31277056277056275,0
0.5172413793103449,0.20689655172413793,5,0,11,8.5,1.0,181.81818181818184,130.65151515151516,40.636363636363654,-10.530303030303031,0.3625541125541126,0
0.5172413793103449,0.20689655172413793,5,0,11,9.5,1.0,171.4393939393939,118.81060606060606,34.621212121212096,-18.00757575757575,0.35714285714285715,0
0.5172413793103449,0.20689655172413793,4,0,11,8.5,1.0,158.5,116.35606060606061,22.181818181818187,-19.962121212121204,0.36038961038961037,0
0.5172413793103449,0.20689655172413793,4,0,11,9.0,1.0,147.99242424242422,136.8939393939394,9.310606060606034,-1.7878787878787818,0.3647186147186147,0
0.7931034482758621,0.3793103448275862,4,0,11,9.5,1.0,141.3257575757576,161.5,2.893939393939405,23.068181818181813,0.36688311688311687,0
1.0344827586206897,0.3793103448275862,4,0,11,9.0,1.0,138.1060606060606,177.1439393939394,23.2651515151515,62.30303030303031,0.37337662337662336,0
1.0344827586206897,0.3793103448275862,4,0,11,5.0,0.5454545454545454,137.27272727272728,173.93181818181816,34.113636363636374,70.77272727272725,0.38095238095238093,0
1.0,0.3793103448275862,4,0,11,6.0,0.5714285714285714,137.81060606060606,169.28030303030303,6.742424242424249,38.21212121212122,0.38961038961038963,0
0.3793103448275862,0.3793103448275862,3,0,11,11.0,1.0,130.65151515151516,165.26515151515153,-45.80303030303031,-11.189393939393938,0.3917748917748918,0
0.41379310344827586,0.20689655172413793,3,0,11,11.0,1.0,177.1439393939394,155.65151515151513,11.189393939393938,-10.30303030303034,0.4231601731601732,0
0.3793103448275862,0.20689655172413793,2,0,11,11.0,1.0,173.93181818181816,153.21212121212122,6.477272727272691,-14.24242424242425,0.4199134199134199,0
0.3448275862068966,0.20689655172413793,2,0,11,8.5,1.0,169.28030303030303,153.20454545454547,4.098484848484844,-11.97727272727272,0.4134199134199134,0
0.41379310344827586,0.20689655172413793,2,8,11,11.0,1.0,165.26515151515153,150.78787878787878,3.583333333333343,-10.893939393939405,0.4015151515151515,0
0.41379310344827586,0.20689655172413793,2,8,11,8.0,0.8,165.47727272727275,130.78030303030303,13.000000000000028,-21.69696969696969,0.38095238095238093,0
0.3793103448275862,0.20689655172413793,2,8,11,10.0,1.0,166.19696969696972,95.07575757575758,13.401515151515184,-57.719696969696955,0.37012987012987014,0
0.3793103448275862,0.20689655172413793,2,8,11,10.5,1.0,164.77272727272728,97.08333333333333,10.409090909090907,-57.280303030303045,0.36904761904761907,0
0.41379310344827586,0.2413793103448276,2,7,11,11.0,1.0,159.78030303030303,121.65151515151514,7.325757575757564,-30.803030303030326,0.37012987012987014,0
1.0344827586206897,1.0344827586206897,1,7,11,11.0,1.0,155.65151515151516,165.4090909090909,10.106060606060623,19.863636363636374,0.37337662337662336,0
1.0344827586206897,1.0344827586206897,1,6,11,7.5,0.75,153.21212121212122,175.15151515151513,58.871212121212125,80.81060606060603,0.3787878787878788,0
1.0344827586206897,1.0344827586206897,1,5,11,2.0,0.4,153.20454545454547,179.79545454545453,107.86363636363637,134.45454545454544,0.38311688311688313,0
0.4827586206896552,1.0344827586206897,1,0,11,10.0,1.0,150.78787878787878,182.31060606060603,-0.7803030303030312,30.74242424242422,0.3874458874458874,0
0.3793103448275862,1.0344827586206897,1,0,11,11.0,1.0,130.78030303030303,182.6742424242424,-37.2651515151515,14.628787878787875,0.3939393939393939,0
0.3793103448275862,0.2413793103448276,1,0,11,11.0,1.0,95.07575757575758,177.3712121212121,-81.5378787878788,0.7575757575757223,0.39935064935064934,0
0.3793103448275862,0.2413793103448276,1,0,11,11.0,1.0,97.08333333333333,164.4469696969697,-83.7121212121212,-16.348484848484844,0.4036796536796537,0
0.41379310344827586,0.2413793103448276,1,0,11,11.0,1.0,121.65151515151517,152.3409090909091,-60.32575757575755,-29.636363636363626,0.40584415584415584,0
0.41379310344827586,0.2413793103448276,1,0,11,9.0,1.0,165.4090909090909,144.95454545454547,-18.75,-39.20454545454544,0.41774891774891776,0
0.4482758620689655,0.2413793103448276,1,0,11,7.5,1.0,175.15151515151513,143.60606060606062,-6.734848484848499,-38.280303030303,0.4145021645021645,0
0.5172413793103449,0.2413793103448276,1,0,11,8.0,1.0,179.79545454545453,141.53030303030303,13.72727272727272,-24.537878787878782,0.4004329004329004,0
0.5172413793103449,0.2413793103448276,1,0,11,9.0,1.0,182.31060606060603,141.16666666666666,36.92424242424241,-4.219696969696969,0.38311688311688313,0
0.5172413793103449,0.2413793103448276,0,0,11,10.0,1.0,182.6742424242424,140.32575757575756,37.106060606060595,-5.242424242424249,0.36038961038961037,0
0.5517241379310345,0.2413793103448276,0,0,11,11.0,1.0,177.37121212121212,129.9469696969697,33.46212121212122,-13.962121212121218,0.32142857142857145,0
0.5862068965517241,0.2413793103448276,0,0,11,10.5,1.0,164.4469696969697,135.21212121212122,23.106060606060595,-6.128787878787875,0.30844155844155846,0
0.5862068965517241,0.27586206896551724,0,0,11,9.0,1.0,152.3409090909091,161.11363636363637,13.0,21.77272727272728,0.29545454545454547,0
0.6206896551724138,0.3448275862068966,0,0,11,8.0,1.0,144.95454545454547,201.39393939393938,2.1363636363636545,58.575757575757564,0.2857142857142857,0
1.0344827586206897,0.3448275862068966,0,0,11,7.0,0.8888888888888888,143.6060606060606,223.59848484848484,4.787878787878782,84.78030303030303,0.2748917748917749,0
1.0344827586206897,0.3448275862068966,0,0,11,4.0,0.6153846153846154,141.53030303030303,225.030303030303,33.32575757575758,116.82575757575755,0.26731601731601734,0
1.0344827586206897,0.3448275862068966,0,0,11,3.0,0.42857142857142855,141.16666666666666,222.81060606060603,-17.446969696969717,64.19696969696966,0.25757575757575757,0
0.2413793103448276,0.3448275862068966,0,0,11,8.5,1.0,140.3257575757576,224.09848484848484,-76.19696969696969,7.575757575757564,0.24567099567099568,0
0.5172413793103449,1.0,0,0,5,4.5,1.0,226.93939393939397,196.25,0.030303030303059586,-30.659090909090907,0.13095238095238096,1
0.4827586206896552,0.5862068965517241,0,0,7,7.0,1.0,216.0757575757576,207.21212121212122,4.871212121212125,-3.9924242424242493,0.12554112554112554,0
0.6896551724137931,0.5862068965517241,0,0,8,6.0,1.0,214.72727272727275,221.1742424242424,33.113636363636374,39.560606060606034,0.12878787878787878,0
0.6896551724137931,0.5862068965517241,0,12,9,1.0,0.25,214.62121212121212,224.24242424242425,99.16666666666667,108.7878787878788,0.12878787878787878,0
0.3448275862068966,0.5862068965517241,0,0,10,7.0,1.0,213.68939393939397,224.83333333333334,28.462121212121247,39.60606060606062,0.1277056277056277,0
0.2413793103448276,0.5862068965517241,0,0,11,7.5,1.0,202.65151515151516,224.33333333333334,-13.371212121212125,8.310606060606062,0.12554112554112554,0
0.2413793103448276,0.5862068965517241,0,0,11,11.0,1.0,210.00757575757575,160.94696969696972,-3.037878787878782,-52.098484848484816,0.21103896103896103,0
0.6551724137931034,0.5862068965517241,0,0,11,11.0,1.0,209.34848484848487,176.1439393939394,3.643939393939405,-29.560606060606062,0.22402597402597402,0
0.6896551724137931,0.5862068965517241,0,12,11,5.5,0.625,210.61363636363637,180.719696969697,66.5909090909091,36.69696969696972,0.237012987012987,0
0.6896551724137931,0.6206896551724138,0,12,11,6.0,0.625,211.84848484848484,184.1060606060606,77.80303030303031,50.06060606060606,0.24783549783549783,0
0.5517241379310345,0.6206896551724138,0,0,11,8.0,1.0,210.5,185.93181818181816,38.15909090909091,13.590909090909065,0.25865800865800864,0
0.4827586206896552,0.6206896551724138,0,0,11,8.5,1.0,187.5909090909091,183.35606060606062,11.136363636363626,6.901515151515156,0.2662337662337662,0
0.4827586206896552,0.3793103448275862,0,0,11,9.0,1.0,161.25757575757575,178.9090909090909,-18.378787878787875,-0.7272727272727195,0.27380952380952384,0
0.4827586206896552,0.20689655172413793,0,0,11,10.5,1.0,176.1439393939394,172.2348484848485,-8.969696969696969,-12.878787878787875,0.29545454545454547,0
0.5172413793103449,0.20689655172413793,0,0,11,11.0,1.0,180.71969696969697,172.780303030303,2.3787878787878753,-5.560606060606091,0.3181818181818182,0
0.4827586206896552,0.3793103448275862,0,0,11,11.0,1.0,184.1060606060606,173.52272727272725,10.833333333333314,0.24999999999997158,0.329004329004329,0
0.5172413793103449,0.3793103448275862,0,0,11,11.0,1.0,172.23484848484847,139.62878787878788,-0.5151515151515298,-33.121212121212125,0.31601731601731603,0
0.7586206896551724,0.6896551724137931,0,0,11,11.0,1.0,172.780303030303,163.74242424242425,1.5075757575757223,-7.530303030303031,0.31926406926406925,0
0.7241379310344828,0.6896551724137931,0,0,11,10.0,1.0,173.52272727272725,173.8560606060606,28.386363636363626,28.71969696969697,0.3268398268398268,0
0.7241379310344828,0.6896551724137931,0,9,11,7.0,0.7,173.86363636363635,174.90151515151516,70.09090909090908,71.12878787878789,0.3333333333333333,0
0.7241379310344828,0.6896551724137931,0,0,11,8.0,1.0,172.6893939393939,172.05303030303034,26.71212121212119,26.07575757575762,0.3409090909090909,0
0.5172413793103449,0.6896551724137931,0,0,11,9.0,1.0,163.05303030303028,168.25,-6.083333333333343,-0.886363636363626,0.34523809523809523,0
0.5172413793103449,0.41379310344827586,0,0,11,10.0,1.0,140.06060606060603,165.37878787878788,-36.05303030303034,-10.734848484848499,0.35064935064935066,0
0.5172413793103449,0.3793103448275862,0,0,11,11.0,1.0,131.62878787878788,161.78030303030303,-44.68939393939394,-14.537878787878782,0.3560606060606061,0
0.5172413793103449,0.20689655172413793,0,0,11,11.0,1.0,139.62878787878788,157.62121212121212,-32.643939393939405,-14.651515151515156,0.36147186147186144,0
0.5172413793103449,0.20689655172413793,0,0,11,11.0,1.0,163.74242424242425,153.38636363636365,-3.8257575757575637,-14.181818181818159,0.38203463203463206,0
0.5172413793103449,0.41379310344827586,0,0,11,11.0,1.0,173.8560606060606,150.6590909090909,8.946969696969688,-14.25,0.3874458874458874,0
0.5517241379310345,0.41379310344827586,0,0,11,11.0,1.0,174.90151515151516,148.68939393939397,11.24242424242425,-14.96969696969694,0.38961038961038963,0
0.5517241379310345,0.41379310344827586,0,7,11,11.0,0.8571428571428571,172.05303030303034,146.8409090909091,15.28030303030306,-9.931818181818187,0.38961038961038963,0
0.5517241379310345,0.3448275862068966,0,7,11,11.0,1.0,168.25,140.78787878787878,15.818181818181813,-11.643939393939405,0.3852813852813853,0
0.5172413793103449,0.3793103448275862,0,7,11,11.0,1.0,165.37878787878788,118.17424242424244,14.424242424242408,-32.78030303030303,0.36904761904761907,0
0.5172413793103449,0.3793103448275862,0,7,11,11.0,1.0,161.78030303030303,117.5,13.189393939393938,-31.090909090909093,0.36688311688311687,0
0.5172413793103449,0.3793103448275862,0,7,11,10.0,1.0,157.62121212121212,129.0681818181818,11.098484848484844,-17.454545454545467,0.3647186147186147,0
0.6551724137931034,0.7586206896551724,0,6,11,9.5,1.0,153.38636363636363,161.6742424242424,7.9772727272727195,16.2651515151515,0.3712121212121212,0
0.8620689655172413,0.7586206896551724,0,6,11,9.5,1.0,150.6590909090909,173.11363636363637,20.22727272727272,42.68181818181819,0.3787878787878788,0
0.8620689655172413,0.7931034482758621,0,4,11,7.0,0.7272727272727273,148.68939393939397,176.87121212121212,70.00757575757578,98.18939393939394,0.38636363636363635,0
0.6551724137931034,0.7931034482758621,0,0,11,11.0,1.0,146.8409090909091,177.37121212121212,3.4545454545454675,33.9848484848485,0.3906926406926407,0
0.5172413793103449,0.7931034482758621,0,0,11,11.0,1.0,140.78787878787878,176.6742424242424,-24.348484848484844,11.537878787878782,0.395021645021645,0
0.5172413793103449,0.3793103448275862,0,0,11,11.0,1.0,118.17424242424242,167.91666666666666,-58.32575757575758,-8.583333333333343,0.4015151515151515,0
0.5517241379310345,0.41379310344827586,0,0,11,11.0,1.0,117.5,156.0151515151515,-60.20454545454547,-21.689393939393966,0.4025974025974026,0
0.5517241379310345,0.41379310344827586,0,0,11,11.0,1.0,129.0681818181818,144.05303030303028,-47.34090909090909,-32.35606060606062,0.40476190476190477,0
0.5517241379310345,0.41379310344827586,0,0,11,10.5,0.875,161.6742424242424,139.8409090909091,-16.325757575757592,-38.15909090909091,0.4166666666666667,0
0.5862068965517241,0.41379310344827586,0,0,11,11.0,1.0,173.11363636363637,138.25757575757575,-2.5,-37.35606060606062,0.4025974025974026,0
0.5517241379310345,0.3793103448275862,0,3,11,11.0,1.0,176.87121212121212,138.37878787878788,26.7348484848485,-11.75757575757575,0.3852813852813853,0
0.5517241379310345,0.3793103448275862,0,3,11,11.0,1.0,176.6742424242424,141.64393939393938,36.94696969696969,1.9166666666666572,0.3484848484848485,0
0.5517241379310345,0.3793103448275862,0,3,11,11.0,1.0,167.91666666666666,128.04545454545456,30.416666666666657,-9.454545454545439,0.3170995670995671,0
0.5517241379310345,0.3793103448275862,0,3,11,10.0,1.0,156.0151515151515,147.11363636363635,18.46969696969697,9.568181818181813,0.3008658008658009,0
0.5172413793103449,0.3448275862068966,0,3,11,9.0,1.0,144.05303030303028,175.21212121212122,3.9621212121211897,35.121212121212125,0.288961038961039,0
0.5517241379310345,0.8275862068965517,0,2,11,8.0,1.0,139.8409090909091,217.3939393939394,-3.0909090909090935,74.46212121212122,0.2813852813852814,0
0.8620689655172413,0.8275862068965517,0,2,11,7.0,1.0,138.25757575757575,225.59848484848484,-3.651515151515156,83.68939393939394,0.27705627705627706,0
0.8620689655172413,0.8275862068965517,0,1,11,6.0,0.5833333333333334,138.37878787878788,225.18939393939397,39.08333333333333,125.89393939393942,0.27380952380952384,0
0.3448275862068966,0.8275862068965517,0,0,11,9.0,1.0,140.1893939393939,225.45454545454547,-59.94696969696972,25.31818181818184,0.27056277056277056,0
0.2413793103448276,0.8275862068965517,0,0,11,8.5,1.0,141.6439393939394,225.30303030303028,-84.56060606060606,-0.9015151515151842,0.2683982683982684,0
0.3793103448275862,0.20689655172413793,0,0,11,9.0,1.0,223.59848484848484,173.1590909090909,38.50757575757575,-11.931818181818187,0.2077922077922078,0
0.3793103448275862,0.20689655172413793,0,0,11,10.0,1.0,216.1590909090909,146.12878787878788,32.93181818181819,-37.098484848484844,0.21428571428571427,0
0.41379310344827586,0.20689655172413793,0,0,11,9.5,1.0,205.4090909090909,127.4469696969697,22.45454545454544,-55.507575757575765,0.22294372294372294,0
0.41379310344827586,0.20689655172413793,0,0,11,9.5,1.0,193.81818181818184,135.1590909090909,15.522727272727309,-43.136363636363626,0.2326839826839827,0
0.8275862068965517,1.0344827586206897,0,0,11,9.0,1.0,186.78787878787878,165.28030303030303,2.0606060606060623,-19.44696969696969,0.24242424242424243,0
1.0344827586206897,1.0344827586206897,0,0,11,7.0,1.0,183.75757575757575,186.1590909090909,27.303030303030283,29.70454545454544,0.25757575757575757,0
1.0344827586206897,1.0344827586206897,0,0,11,3.0,0.4666666666666667,181.49242424242425,188.05303030303028,84.2878787878788,90.84848484848483,0.27380952380952384,0
1.0344827586206897,1.0344827586206897,0,0,11,5.0,0.5,181.99242424242425,186.04545454545453,53.31060606060606,57.363636363636346,0.288961038961039,0
0.4827586206896552,1.0344827586206897,0,0,11,8.0,0.8333333333333334,173.1590909090909,183.93181818181816,-6.431818181818187,4.340909090909065,0.3041125541125541,0
0.41379310344827586,0.3103448275862069,0,0,11,9.5,1.0,146.12878787878788,179.89393939393938,-41.43939393939394,-7.674242424242436,0.31601731601731603,0
0.41379310344827586,0.27586206896551724,0,0,11,10.5,1.0,127.4469696969697,172.3560606060606,-63.87121212121211,-18.962121212121218,0.3235930735930736,0
0.4827586206896552,0.27586206896551724,0,0,11,11.0,0.8333333333333334,135.1590909090909,161.51515151515153,-50.113636363636374,-23.75757575757575,0.3300865800865801,0
0.4827586206896552,0.2413793103448276,0,0,11,11.0,1.0,165.28030303030303,153.87121212121212,-16.2651515151515,-27.674242424242408,0.3430735930735931,0
0.5172413793103449,0.2413793103448276,0,0,11,11.0,1.0,186.1590909090909,148.33333333333334,1.181818181818187,-36.64393939393938,0.3560606060606061,0
0.6206896551724138,0.2413793103448276,0,0,11,11.0,1.0,188.05303030303034,146.13636363636363,14.893939393939434,-27.02272727272728,0.36038961038961037,0
0.6206896551724138,0.3103448275862069,0,0,11,10.0,1.0,186.04545454545453,144.77272727272728,27.113636363636346,-14.159090909090907,0.3593073593073593,0
0.6206896551724138,0.3103448275862069,0,0,11,9.0,1.0,183.93181818181816,145.05303030303028,31.47727272727269,-7.401515151515184,0.35714285714285715,0
0.6551724137931034,0.3103448275862069,0,0,11,8.0,1.0,179.89393939393938,137.4090909090909,29.666666666666657,-12.818181818181813,0.3365800865800866,0
0.6551724137931034,0.3103448275862069,1,0,11,8.0,1.0,172.35606060606062,127.11363636363637,30.03787878787881,-15.204545454545439,0.3300865800865801,0
0.6206896551724138,0.3103448275862069,1,0,11,8.0,1.0,161.5151515151515,127.18939393939394,15.651515151515127,-18.674242424242436,0.329004329004329,0
0.6551724137931034,0.3103448275862069,1,0,11,8.0,1.0,153.87121212121212,148.5757575757576,7.734848484848499,2.439393939393966,0.33116883116883117,0
0.7931034482758621,0.3103448275862069,1,0,11,8.5,1.0,148.33333333333334,171.7651515151515,5.174242424242436,28.606060606060595,0.33874458874458874,0
1.0344827586206897,0.3103448275862069,1,0,11,6.5,0.6,146.13636363636363,184.25,23.20454545454544,61.31818181818181,0.3463203463203463,0
1.0,0.3103448275862069,1,0,11,4.5,0.5,144.77272727272728,180.70454545454547,29.52272727272728,65.45454545454547,0.3560606060606061,0
0.9310344827586207,0.3103448275862069,1,0,11,3.0,0.375,145.05303030303028,178.54545454545453,1.6666666666666572,35.15909090909091,0.36688311688311687,0
0.3793103448275862,0.2413793103448276,1,0,11,11.0,1.0,137.4090909090909,177.36363636363637,-49.68181818181819,-9.72727272727272,0.37662337662337664,0
0.3793103448275862,0.2413793103448276,2,0,11,11.0,1.0,127.11363636363637,174.56060606060603,-57.70454545454544,-10.257575757575779,0.37987012987012986,0
0.41379310344827586,0.2413793103448276,2,0,11,11.0,0.8,127.18939393939394,166.5909090909091,-53.651515151515156,-14.25,0.38095238095238093,0
0.41379310344827586,0.2413793103448276,2,0,11,11.0,0.8,148.5757575757576,156.12121212121212,-27.878787878787875,-20.333333333333343,0.3841991341991342,0
0.41379310344827586,0.2413793103448276,2,0,11,11.0,1.0,171.7651515151515,146.41666666666666,-6.575757575757592,-31.924242424242436,0.38636363636363635,0
0.4827586206896552,0.2413793103448276,2,0,11,11.0,1.0,184.25,140.3257575757576,6.9545454545454675,-36.96969696969694,0.39826839826839827,0
0.5517241379310345,0.2413793103448276,2,0,11,10.0,1.0,180.70454545454547,137.96969696969697,12.659090909090935,-30.075757575757564,0.3971861471861472,0
0.5862068965517241,0.2413793103448276,2,0,11,9.0,1.0,178.54545454545453,138.81818181818184,24.113636363636346,-15.613636363636346,0.38961038961038963,0
0.5862068965517241,0.27586206896551724,3,0,11,8.0,1.0,177.36363636363637,141.0909090909091,31.477272727272748,-4.7954545454545325,0.37554112554112556,0
0.6206896551724138,0.27586206896551724,3,0,11,9.0,1.0,174.56060606060603,136.65151515151516,35.62878787878785,-2.280303030303031,0.36147186147186144,0
0.6206896551724138,0.27586206896551724,3,0,11,9.5,1.0,166.5909090909091,119.93939393939395,30.431818181818187,-16.219696969696955,0.3560606060606061,0
0.5862068965517241,0.27586206896551724,3,0,11,11.0,1.0,156.12121212121212,122.3030303030303,17.30303030303031,-16.515151515151516,0.3560606060606061,0
0.5862068965517241,0.27586206896551724,3,0,11,10.0,1.0,146.41666666666666,142.1742424242424,4.939393939393938,0.6969696969696884,0.3538961038961039,0
0.6896551724137931,0.8620689655172413,4,0,11,10.0,1.0,140.3257575757576,173.91666666666666,-2.6515151515151274,30.939393939393938,0.3538961038961039,0
0.8620689655172413,0.8620689655172413,4,0,11,8.0,0.8571428571428571,137.96969696969697,185.03787878787878,12.469696969696969,59.53787878787878,0.3560606060606061,0
0.8275862068965517,0.8275862068965517,4,0,11,2.0,0.4166666666666667,138.81818181818178,184.9393939393939,47.47727272727269,93.59848484848482,0.3625541125541126,0
0.7931034482758621,0.7931034482758621,4,0,11,11.0,0.8,141.0909090909091,185.29545454545453,-8.97727272727272,35.22727272727272,0.36904761904761907,0
0.3448275862068966,0.7586206896551724,4,0,11,11.0,1.0,136.65151515151516,185.37121212121212,-48.46212121212122,0.2575757575757507,0.3722943722943723,0
0.4827586206896552,0.20689655172413793,0,0,11,11.0,1.0,185.03787878787878,150.75,1.3787878787878753,-32.90909090909091,0.3647186147186147,0
0.5862068965517241,0.27586206896551724,0,0,11,8.5,1.0,184.9393939393939,149.90151515151516,16.371212121212096,-18.666666666666657,0.3474025974025974,0
0.5862068965517241,0.3103448275862069,0,0,11,7.0,1.0,185.29545454545453,149.8409090909091,30.522727272727252,-4.931818181818187,0.3268398268398268,0
0.5172413793103449,0.3103448275862069,0,0,11,8.0,1.0,185.3712121212121,148.25,32.96212121212119,-4.1590909090909065,0.30735930735930733,0
0.5172413793103449,0.3103448275862069,0,0,11,8.5,1.0,179.95454545454547,137.08333333333334,29.886363636363654,-12.98484848484847,0.2792207792207792,0
0.5172413793103449,0.3103448275862069,0,0,11,9.0,1.0,169.0,147.68939393939397,19.22727272727272,-2.0833333333333144,0.2662337662337662,0
0.5172413793103449,0.3103448275862069,0,0,11,9.0,1.0,158.58333333333334,173.25757575757575,8.719696969696969,23.393939393939377,0.25865800865800864,0
0.5517241379310345,0.7586206896551724,6,0,11,8.0,1.0,152.41666666666666,211.5757575757576,2.530303030303031,61.689393939393966,0.25216450216450215,0
0.8275862068965517,0.7586206896551724,6,0,11,7.5,1.0,150.75,226.8257575757576,5.75,81.82575757575759,0.24242424242424243,0
0.7931034482758621,0.7586206896551724,6,0,11,2.0,0.45454545454545453,149.90151515151516,227.68181818181816,33.537878787878796,111.3181818181818,0.23376623376623376,0
0.6551724137931034,0.7241379310344828,0,0,11,2.0,0.42857142857142855,149.8409090909091,225.33333333333334,-31.863636363636374,43.628787878787875,0.2261904761904762,0
0.20689655172413793,0.6551724137931034,0,0,11,11.0,1.0,148.25,223.75,-73.45454545454547,2.0454545454545325,0.21861471861471862,0
0.2413793103448276,0.41379310344827586,0,0,11,11.0,1.0,137.08333333333334,224.62878787878788,-94.23484848484847,-6.689393939393938,0.20995670995670995,0
0.2413793103448276,1.0,0,0,8,8.0,1.0,225.60606060606062,167.9242424242424,-3.098484848484844,-60.78030303030306,0.12987012987012986,1
0.3103448275862069,0.20689655172413793,0,0,11,11.0,1.0,217.96969696969697,184.1287878787879,-5.348484848484844,-39.18939393939391,0.22077922077922077,0
0.4482758620689655,0.27586206896551724,0,0,10,8.0,1.0,227.22727272727272,183.12121212121212,9.886363636363626,-34.21969696969697,0.2305194805194805,0
0.5172413793103449,0.27586206896551724,0,0,9,6.0,1.0,226.31818181818184,180.9848484848485,30.181818181818215,-15.151515151515127,0.23593073593073594,0
0.5172413793103449,0.27586206896551724,0,0,8,7.0,1.0,224.31818181818184,179.8257575757576,40.95454545454547,-3.537878787878782,0.237012987012987,0
0.4827586206896552,0.3103448275862069,0,0,9,7.0,1.0,221.49242424242425,178.15151515151516,36.901515151515156,-6.439393939393938,0.21103896103896103,0
0.5172413793103449,0.3103448275862069,0,0,9,7.5,1.0,212.2651515151515,157.96969696969697,27.833333333333314,-26.462121212121218,0.18506493506493507,0
0.5172413793103449,0.3103448275862069,0,0,9,8.0,1.0,198.94696969696972,156.43939393939394,18.606060606060623,-23.901515151515156,0.1893939393939394,0
0.5517241379310345,0.3103448275862069,0,0,9,7.0,0.8571428571428571,188.03030303030303,164.20454545454547,9.848484848484844,-13.97727272727272,0.19696969696969696,0
0.5862068965517241,0.6206896551724138,0,0,8,7.0,1.0,184.12878787878788,192.47727272727275,3.174242424242408,11.52272727272728,0.21103896103896103,0
0.7586206896551724,0.5862068965517241,0,0,8,7.0,1.0,183.12121212121212,201.18181818181822,7.803030303030312,25.863636363636402,0.22510822510822512,0
0.6896551724137931,0.5862068965517241,9,0,9,1.0,0.3333333333333333,180.9848484848485,201.11363636363637,63.34848484848486,83.47727272727273,0.24242424242424243,0
0.3103448275862069,0.5172413793103449,3,0,10,6.0,0.5,179.8257575757576,198.9242424242424,3.462121212121218,22.560606060606034,0.25865800865800864,0
0.2413793103448276,0.4827586206896552,3,0,11,11.0,1.0,178.15151515151516,195.81060606060603,-20.462121212121218,-2.80303030303034,0.27380952380952384,0
0.41379310344827586,0.20689655172413793,2,0,11,10.0,1.0,201.18181818181816,144.11363636363637,8.045454545454533,-49.02272727272725,0.3333333333333333,0
0.4827586206896552,0.27586206896551724,8,0,11,8.0,1.0,201.11363636363637,141.34848484848484,31.77272727272728,-27.99242424242425,0.33766233766233766,0
0.4827586206896552,0.27586206896551724,2,0,11,9.0,1.0,198.9242424242424,139.06060606060603,43.878787878787875,-15.984848484848499,0.3409090909090909,0
0.4482758620689655,0.27586206896551724,1,0,11,8.0,1.0,195.81060606060603,139.29545454545453,49.833333333333314,-6.681818181818187,0.3474025974025974,0
0.4482758620689655,0.27586206896551724,1,0,11,9.0,1.0,186.12121212121212,133.28030303030303,42.598484848484844,-10.24242424242425,0.33766233766233766,0
0.4827586206896552,0.27586206896551724,1,0,11,10.0,1.0,172.50757575757575,127.75757575757575,29.666666666666657,-15.083333333333343,0.3409090909090909,0
0.4827586206896552,0.27586206896551724,1,1,11,9.5,1.0,156.78787878787878,129.58333333333334,19.106060606060595,-8.098484848484844,0.3484848484848485,0
0.5172413793103449,0.3103448275862069,1,1,11,8.0,0.8571428571428571,148.18181818181816,146.8409090909091,11.522727272727252,10.181818181818187,0.35714285714285715,0
0.7931034482758621,0.7241379310344828,1,1,11,8.0,1.0,144.11363636363637,163.18939393939394,0.5681818181818414,19.643939393939405,0.36904761904761907,0
0.7586206896551724,0.7241379310344828,6,1,11,7.0,0.75,141.34848484848484,169.48484848484847,21.712121212121204,49.84848484848483,0.3852813852813853,0
0.7241379310344828,0.6551724137931034,6,1,11,3.0,0.45454545454545453,139.0606060606061,168.41666666666666,18.969696969696997,48.325757575757564,0.39826839826839827,0
0.41379310344827586,0.6551724137931034,0,2,11,10.0,0.6,139.29545454545453,170.04545454545453,-9.727272727272748,21.022727272727252,0.4145021645021645,0
0.3103448275862069,0.6206896551724138,0,2,11,11.0,1.0,133.28030303030303,168.85606060606062,-38.128787878787875,-2.553030303030283,0.42207792207792205,0
0.4827586206896552,0.20689655172413793,5,2,11,11.0,1.0,169.48484848484847,122.34848484848486,5.143939393939377,-41.992424242424235,0.44805194805194803,0
0.5517241379310345,0.2413793103448276,4,3,11,9.0,1.0,168.41666666666666,122.61363636363636,22.03030303030303,-23.772727272727266,0.44264069264069267,0
0.5862068965517241,0.27586206896551724,4,3,11,8.5,1.0,170.04545454545453,124.67424242424242,38.31818181818181,-7.053030303030297,0.4383116883116883,0
0.6206896551724138,0.27586206896551724,4,2,11,8.0,1.0,168.85606060606062,130.06060606060603,44.01515151515153,5.21969696969694,0.4296536796536797,0
0.6206896551724138,0.27586206896551724,4,2,11,9.0,1.0,161.58333333333334,126.58333333333331,39.4469696969697,4.446969696969674,0.4101731601731602,0
0.6206896551724138,0.3103448275862069,3,2,11,10.0,1.0,147.4848484848485,124.59090909090908,27.416666666666686,4.522727272727266,0.408008658008658,0
0.6551724137931034,0.3103448275862069,3,2,11,11.0,1.0,134.3181818181818,135.8030303030303,8.681818181818173,10.166666666666671,0.4069264069264069,0
0.6206896551724138,0.3103448275862069,3,2,11,11.0,0.8571428571428571,126.2348484848485,153.01515151515153,-2.0833333333333144,24.696969696969717,0.408008658008658,0
0.896551724137931,0.4482758620689655,2,2,11,11.0,1.0,122.34848484848483,169.12121212121212,-13.87878787878789,32.893939393939405,0.4134199134199134,0
0.8620689655172413,0.41379310344827586,2,1,11,6.5,0.6,122.61363636363636,170.31818181818184,7.4090909090909065,55.11363636363639,0.41883116883116883,0
0.8275862068965517,0.3793103448275862,2,1,11,6.0,0.5454545454545454,124.67424242424242,171.37121212121212,2.3333333333333286,49.03030303030303,0.4253246753246753,0
0.3793103448275862,0.3793103448275862,2,1,11,10.0,1.0,130.06060606060603,170.55303030303034,-39.80303030303034,0.6893939393939661,0.4318181818181818,0
0.3793103448275862,0.3793103448275862,2,1,11,9.0,1.0,126.58333333333333,165.08333333333334,-40.257575757575765,-1.7575757575757507,0.4329004329004329,0
0.3793103448275862,0.20689655172413793,2,1,11,10.0,1.0,124.59090909090908,156.65151515151516,-46.06818181818183,-14.00757575757575,0.4296536796536797,0
0.3793103448275862,0.20689655172413793,1,0,11,11.0,1.0,135.8030303030303,149.16666666666666,-37.651515151515156,-24.28787878787881,0.4274891774891775,0
0.3793103448275862,0.20689655172413793,1,0,11,11.0,1.0,153.01515151515153,144.63636363636365,-16.98484848484847,-25.363636363636346,0.42424242424242425,0
0.5172413793103449,0.2413793103448276,1,0,11,11.0,1.0,169.12121212121212,145.36363636363637,0.9166666666666572,-22.840909090909093,0.4296536796536797,0
0.5862068965517241,0.3103448275862069,1,0,11,9.0,1.0,170.31818181818184,145.28787878787878,13.272727272727309,-11.75757575757575,0.41233766233766234,0
0.6206896551724138,0.3103448275862069,1,0,11,8.0,1.0,171.37121212121212,146.31818181818178,26.666666666666657,1.6136363636363171,0.39285714285714285,0
0.6551724137931034,0.3103448275862069,0,0,11,8.0,1.0,170.55303030303034,146.12878787878788,24.80303030303034,0.37878787878787534,0.37554112554112556,0
0.6551724137931034,0.3103448275862069,0,0,11,9.0,1.0,165.08333333333334,138.63636363636365,21.628787878787875,-4.818181818181813,0.3538961038961039,0
0.6206896551724138,0.3103448275862069,0,0,11,9.0,1.0,156.65151515151516,127.25,9.76515151515153,-19.636363636363626,0.33116883116883117,0
0.6551724137931034,0.3103448275862069,0,0,11,9.5,1.0,149.16666666666666,141.6060606060606,3.6439393939393767,-3.9166666666666856,0.31926406926406925,0
0.6551724137931034,0.3103448275862069,0,0,11,9.0,1.0,144.63636363636365,175.1742424242424,-1.909090909090878,28.628787878787875,0.3106060606060606,0
1.0,1.0,0,0,11,8.0,0.8888888888888888,145.36363636363637,212.58333333333334,-0.954545454545439,66.26515151515153,0.3051948051948052,0
1.0,1.0,0,0,11,7.0,0.8,145.28787878787878,224.35606060606062,22.242424242424235,101.31060606060608,0.3051948051948052,0
0.9655172413793104,1.0,0,0,11,4.5,0.5,146.3181818181818,224.53030303030303,33.93181818181817,112.14393939393939,0.30303030303030304,0
0.5862068965517241,1.0,0,0,11,7.0,0.5,146.12878787878788,223.9090909090909,-43.25757575757575,34.52272727272728,0.30194805194805197,0
0.20689655172413793,0.8620689655172413,0,0,11,11.0,1.0,138.63636363636363,220.71969696969697,-85.11363636363637,-3.030303030303031,0.29653679653679654,0
0.3448275862068966,0.20689655172413793,0,0,11,11.0,1.0,220.71969696969697,179.06818181818178,35.99242424242425,-5.659090909090935,0.2683982683982684,0
0.3448275862068966,0.20689655172413793,0,0,11,11.0,1.0,212.54545454545453,153.12121212121212,29.159090909090907,-30.2651515151515,0.25216450216450215,0
0.3793103448275862,0.20689655172413793,0,0,11,10.0,1.0,201.46212121212122,132.04545454545453,17.25757575757575,-52.159090909090935,0.25757575757575757,0
0.3793103448275862,0.20689655172413793,0,0,11,10.0,1.0,191.3257575757576,133.0757575757576,8.007575757575779,-50.24242424242422,0.2662337662337662,0
0.4482758620689655,0.3793103448275862,0,0,11,10.0,1.0,185.87121212121212,158.11363636363637,0.14393939393940514,-27.613636363636346,0.27705627705627706,0
1.0344827586206897,0.3793103448275862,0,0,11,8.0,1.0,184.10606060606062,177.34848484848487,15.946969696969717,9.189393939393966,0.2922077922077922,0
1.0344827586206897,0.3793103448275862,0,0,11,5.5,0.6428571428571429,183.63636363636363,180.41666666666666,78.15909090909089,74.93939393939392,0.30844155844155846,0
1.0344827586206897,0.3793103448275862,0,0,11,5.5,0.6428571428571429,184.41666666666666,180.8409090909091,61.91666666666666,58.34090909090909,0.32575757575757575,0
0.5172413793103449,0.3793103448275862,0,0,11,8.0,1.0,179.06818181818184,180.88636363636365,7.818181818181841,9.636363636363654,0.3409090909090909,0
0.4482758620689655,0.3793103448275862,0,0,11,9.0,1.0,153.12121212121212,177.87121212121212,-27.46969696969697,-2.719696969696969,0.35064935064935066,0
0.4482758620689655,0.27586206896551724,0,0,11,10.0,1.0,132.04545454545453,168.3257575757576,-48.159090909090935,-11.878787878787875,0.3582251082251082,0
0.4482758620689655,0.27586206896551724,0,0,11,11.0,1.0,133.0757575757576,157.5,-47.378787878787875,-22.954545454545467,0.3658008658008658,0
0.4482758620689655,0.27586206896551724,0,0,11,11.0,1.0,158.11363636363637,148.45454545454547,-23.75,-33.40909090909091,0.37662337662337664,0
0.5172413793103449,0.2413793103448276,0,0,11,11.0,1.0,177.34848484848484,145.30303030303028,-2.9924242424242493,-35.03787878787881,0.3971861471861472,0
0.6206896551724138,0.3103448275862069,0,0,11,11.0,1.0,180.41666666666666,144.4242424242424,9.00757575757575,-26.9848484848485,0.4015151515151515,0
0.6206896551724138,0.3103448275862069,1,0,11,9.0,1.0,180.84090909090912,144.9090909090909,27.613636363636402,-8.318181818181813,0.4036796536796537,0
0.6206896551724138,0.3103448275862069,1,0,11,8.0,1.0,180.88636363636365,143.97727272727272,33.02272727272728,-3.8863636363636545,0.40584415584415584,0
0.6206896551724138,0.3103448275862069,1,0,11,8.0,1.0,177.87121212121212,135.05303030303028,33.598484848484844,-9.219696969696997,0.38852813852813856,0
0.5862068965517241,0.3103448275862069,1,0,11,9.0,1.0,168.3257575757576,117.42424242424242,24.55303030303031,-26.34848484848486,0.3722943722943723,0
0.5862068965517241,0.3103448275862069,1,0,11,9.0,1.0,157.5,121.9469696969697,12.27272727272728,-23.280303030303017,0.37012987012987014,0
0.6206896551724138,0.3103448275862069,1,0,11,9.0,1.0,148.45454545454547,141.5909090909091,2.727272727272748,-4.136363636363626,0.37012987012987014,0
0.9655172413793104,1.0,1,0,11,9.0,0.875,145.3030303030303,169.3712121212121,4.325757575757592,28.393939393939377,0.37337662337662336,0
1.0,1.0,1,0,11,7.0,0.7,144.4242424242424,176.21212121212122,25.969696969696955,57.757575757575765,0.38095238095238093,0
0.9655172413793104,1.0,1,0,11,3.0,0.42857142857142855,144.9090909090909,175.08333333333334,52.06818181818181,82.24242424242425,0.38961038961038963,0
0.4827586206896552,1.0,2,0,11,11.0,0.6666666666666666,143.97727272727272,174.3409090909091,-10.568181818181813,19.79545454545456,0.39826839826839827,0
0.3793103448275862,0.8620689655172413,2,0,11,11.0,1.0,135.05303030303028,173.86363636363637,-42.33333333333334,-3.522727272727252,0.40584415584415584,0
0.3793103448275862,0.20689655172413793,2,0,11,11.0,1.0,117.42424242424242,167.09848484848487,-58.757575757575765,-9.083333333333314,0.4090909090909091,0
0.3793103448275862,0.20689655172413793,2,0,11,11.0,1.0,121.94696969696969,157.18939393939397,-53.121212121212125,-17.878787878787847,0.41125541125541126,0
0.3793103448275862,0.20689655172413793,2,0,11,11.0,1.0,141.5909090909091,145.34848484848484,-32.40909090909091,-28.651515151515156,0.4145021645021645,0
0.41379310344827586,0.20689655172413793,2,0,11,11.0,1.0,169.37121212121212,138.59848484848487,-4.583333333333343,-35.356060606060595,0.4253246753246753,0
0.5172413793103449,0.2413793103448276,2,0,11,11.0,1.0,176.21212121212122,134.40151515151516,2.575757575757592,-39.23484848484847,0.42424242424242425,0
0.5862068965517241,0.2413793103448276,3,0,11,10.5,1.0,175.08333333333334,132.62878787878788,21.378787878787875,-21.075757575757592,0.41883116883116883,0
0.6206896551724138,0.27586206896551724,3,0,11,9.0,1.0,174.3409090909091,133.280303030303,30.113636363636374,-10.946969696969717,0.41233766233766234,0
0.6206896551724138,0.27586206896551724,3,0,11,9.5,1.0,173.86363636363637,132.5151515151515,35.75,-5.598484848484873,0.4025974025974026,0
0.6551724137931034,0.27586206896551724,3,0,11,11.0,1.0,167.09848484848487,119.4621212121212,33.643939393939405,-13.992424242424264,0.38311688311688313,0
0.6206896551724138,0.27586206896551724,3,0,11,11.0,1.0,157.18939393939394,119.42424242424242,25.55303030303031,-12.212121212121204,0.37987012987012986,0
0.6206896551724138,0.3103448275862069,3,0,11,11.0,1.0,145.34848484848487,133.97727272727272,12.55303030303034,1.181818181818187,0.3787878787878788,0
0.6896551724137931,0.8620689655172413,4,0,11,11.0,1.0,138.59848484848487,161.72727272727272,3.189393939393966,26.318181818181813,0.37662337662337664,0
0.896551724137931,0.8620689655172413,4,0,11,7.0,0.6666666666666666,134.40151515151516,176.3257575757576,5.060606060606062,46.9848484848485,0.3777056277056277,0
0.8620689655172413,0.8275862068965517,4,0,11,2.5,0.4166666666666667,132.62878787878788,179.27272727272728,38.992424242424235,85.63636363636364,0.38311688311688313,0
0.8275862068965517,0.7931034482758621,4,0,11,11.0,0.6666666666666666,133.28030303030303,181.15151515151516,-2.0151515151515014,45.85606060606062,0.38961038961038963,0
0.3793103448275862,0.7586206896551724,5,0,11,11.0,1.0,132.5151515151515,183.88636363636363,-40.4848484848485,10.886363636363626,0.395021645021645,0
0.4827586206896552,0.27586206896551724,0,0,11,11.0,1.0,179.27272727272725,148.8181818181818,-5.7727272727272805,-36.22727272727272,0.3961038961038961,0
0.5172413793103449,0.27586206896551724,0,0,11,11.0,1.0,181.15151515151516,149.3409090909091,10.99242424242425,-20.818181818181813,0.3787878787878788,0
0.5172413793103449,0.27586206896551724,0,0,11,8.5,1.0,183.88636363636363,151.0909090909091,28.818181818181813,-3.9772727272727195,0.3582251082251082,0
0.4827586206896552,0.27586206896551724,0,0,11,8.5,1.0,184.95454545454547,148.0757575757576,35.95454545454547,-0.9242424242424079,0.33116883116883117,0
0.5172413793103449,0.27586206896551724,0,0,11,9.0,1.0,180.83333333333334,137.52272727272725,32.81060606060606,-10.500000000000028,0.3181818181818182,0
0.5172413793103449,0.27586206896551724,0,0,11,9.5,1.0,170.0909090909091,135.030303030303,20.659090909090907,-14.401515151515184,0.30844155844155846,0
0.4827586206896552,0.3103448275862069,0,0,11,9.5,1.0,158.0757575757576,162.70454545454547,7.507575757575779,12.136363636363654,0.2987012987012987,0
0.5172413793103449,0.7241379310344828,1,0,11,9.0,1.0,150.6969696969697,197.93181818181816,-2.575757575757592,44.65909090909088,0.288961038961039,0
0.7931034482758621,0.7241379310344828,6,0,11,8.0,0.8333333333333334,148.81818181818184,223.7348484848485,8.431818181818215,83.34848484848487,0.2803030303030303,0
0.7586206896551724,0.7241379310344828,6,0,11,4.5,0.5,149.3409090909091,223.15151515151516,30.431818181818187,104.24242424242425,0.2727272727272727,0
0.7241379310344828,0.7241379310344828,2,0,11,3.0,0.45454545454545453,151.0909090909091,222.83333333333334,5.295454545454561,77.03787878787881,0.26406926406926406,0
0.20689655172413793,0.6551724137931034,0,0,11,9.5,1.0,148.07575757575756,223.37878787878788,-75.33333333333334,-0.030303030303031164,0.2803030303030303,0
0.20689655172413793,0.6206896551724138,0,0,11,10.0,1.0,137.52272727272725,224.44696969696972,-87.06818181818184,-0.14393939393937671,0.29545454545454547,0
0.20689655172413793,0.6206896551724138,0,0,11,11.0,1.0,223.37878787878788,133.96212121212122,0.015151515151501371,-89.40151515151516,0.2976190476190476,0
0.6551724137931034,0.6551724137931034,0,0,11,11.0,1.0,224.44696969696972,141.28787878787878,1.0378787878788103,-82.12121212121212,0.28354978354978355,0
0.6896551724137931,0.6896551724137931,0,5,11,6.0,0.5555555555555556,224.65151515151516,141.68939393939397,104.24242424242425,21.28030303030306,0.2694805194805195,0
0.7241379310344828,0.6896551724137931,0,5,11,7.0,0.5555555555555556,224.1590909090909,139.27272727272728,105.0909090909091,20.204545454545467,0.275974025974026,0
0.5172413793103449,0.7241379310344828,0,5,11,8.0,1.0,223.6742424242424,141.28030303030303,85.42424242424241,3.030303030303031,0.28354978354978355,0
0.5172413793103449,0.7241379310344828,0,0,11,9.0,1.0,189.0606060606061,147.09848484848484,44.49242424242428,2.530303030303031,0.288961038961039,0
0.5172413793103449,0.3103448275862069,0,0,11,10.0,1.0,154.29545454545453,155.27272727272728,13.25,14.227272727272748,0.29545454545454547,0
0.5517241379310345,0.3103448275862069,0,0,11,10.5,1.0,125.90909090909092,163.8560606060606,-13.545454545454547,24.401515151515127,0.30194805194805197,0
0.5517241379310345,0.3103448275862069,0,0,11,9.5,1.0,133.96212121212122,171.87121212121212,-3.356060606060595,34.55303030303031,0.30952380952380953,0
0.5172413793103449,0.3103448275862069,0,0,11,9.0,1.0,141.28787878787878,178.84848484848484,-5.780303030303031,31.78030303030303,0.329004329004329,0
0.4482758620689655,0.27586206896551724,0,0,11,8.0,1.0,141.68939393939394,183.1742424242424,-15.219696969696969,26.2651515151515,0.3484848484848485,0
0.3448275862068966,0.2413793103448276,0,0,11,7.0,1.0,139.27272727272725,183.5606060606061,-22.56818181818184,21.719696969696997,0.3625541125541126,0
0.2413793103448276,0.2413793103448276,0,0,11,11.0,1.0,178.84848484848484,136.87878787878788,-5.51515151515153,-47.4848484848485,0.354978354978355,0
0.7931034482758621,0.3448275862068966,0,5,11,11.0,1.0,183.1742424242424,146.37878787878788,0.5606060606060339,-36.2348484848485,0.35064935064935066,0
0.8620689655172413,0.3448275862068966,0,5,11,6.0,0.8333333333333334,183.56060606060603,146.06818181818184,57.15151515151513,19.659090909090935,0.341991341991342,0
0.8620689655172413,0.3448275862068966,0,5,11,7.0,1.0,184.0909090909091,145.56060606060606,66.47727272727273,27.946969696969703,0.3333333333333333,0
0.4482758620689655,0.3448275862068966,0,0,11,8.0,1.0,183.03030303030303,147.19696969696972,37.598484848484844,1.7651515151515298,0.3300865800865801,0
0.4482758620689655,0.3103448275862069,0,0,11,9.0,1.0,164.46212121212122,150.97727272727275,16.871212121212125,3.3863636363636545,0.3246753246753247,0
0.4482758620689655,0.3103448275862069,0,0,11,9.5,1.0,142.21212121212122,158.24242424242425,-3.901515151515156,12.128787878787875,0.3235930735930736,0
0.4482758620689655,0.3103448275862069,0,0,11,9.5,1.0,129.81818181818184,169.28787878787878,-14.681818181818159,24.787878787878782,0.32792207792207795,0
0.4482758620689655,0.3103448275862069,0,0,11,9.0,1.0,136.87878787878788,180.80303030303028,-9.189393939393938,34.73484848484847,0.35173160173160173,0
0.41379310344827586,0.3103448275862069,0,0,11,8.0,1.0,146.3787878787879,186.6742424242424,-4.643939393939377,35.65151515151513,0.3777056277056277,0
0.4482758620689655,0.3103448275862069,0,0,11,7.0,1.0,146.06818181818184,187.41666666666666,-9.772727272727252,31.575757575757564,0.3852813852813853,0
0.41379310344827586,0.3103448275862069,0,0,11,8.5,1.0,145.56060606060606,184.59848484848484,-22.30303030303031,16.73484848484847,0.39285714285714285,0
0.2413793103448276,0.3103448275862069,0,0,11,11.0,1.0,147.19696969696972,176.50757575757575,-36.96212121212119,-7.651515151515156,0.4004329004329004,0
0.3103448275862069,0.8620689655172413,0,0,11,11.0,1.0,180.80303030303028,129.02272727272728,-1.1287878787879038,-52.90909090909091,0.3841991341991342,0
0.896551724137931,0.896551724137931,0,5,11,10.5,1.0,186.6742424242424,146.71969696969697,25.46969696969694,-14.484848484848499,0.37987012987012986,0
0.9310344827586207,0.9310344827586207,0,5,11,2.0,0.3333333333333333,187.41666666666666,146.18939393939397,81.0530303030303,39.825757575757606,0.37337662337662336,0
0.9310344827586207,0.9310344827586207,0,5,11,2.0,0.38461538461538464,184.59848484848484,145.37878787878788,91.9621212121212,52.742424242424235,0.3647186147186147,0
0.4482758620689655,0.9655172413793104,0,0,11,8.0,1.0,176.50757575757575,147.1060606060606,29.439393939393938,0.03787878787878185,0.354978354978355,0
0.41379310344827586,0.9655172413793104,0,0,11,8.0,1.0,149.83333333333334,151.86363636363637,2.469696969696969,4.5,0.34523809523809523,0
0.4482758620689655,0.27586206896551724,0,0,11,9.0,1.0,120.06818181818183,159.9242424242424,-25.659090909090892,14.196969696969688,0.3409090909090909,0
0.4827586206896552,0.27586206896551724,0,0,11,9.0,1.0,115.35606060606061,169.61363636363637,-30.12121212121211,24.136363636363654,0.3430735930735931,0
0.4827586206896552,0.27586206896551724,0,0,11,9.0,1.0,129.02272727272728,178.66666666666666,-15.909090909090907,33.73484848484847,0.3474025974025974,0
0.4482758620689655,0.27586206896551724,0,0,11,8.0,1.0,146.71969696969697,185.99242424242425,-4.189393939393938,35.08333333333334,0.36363636363636365,0
0.3793103448275862,0.27586206896551724,0,0,11,7.0,1.0,146.18939393939394,188.96969696969697,-13.560606060606062,29.21969696969697,0.37012987012987014,0
0.3448275862068966,0.2413793103448276,0,0,11,6.0,1.0,145.37878787878788,188.0757575757576,-23.7348484848485,18.962121212121218,0.37012987012987014,0
0.27586206896551724,0.20689655172413793,0,0,11,6.5,0.5,147.10606060606062,185.53787878787878,-32.871212121212096,5.560606060606062,0.36688311688311687,0
0.27586206896551724,0.6206896551724138,0,0,11,7.0,0.6666666666666666,185.99242424242425,168.9393939393939,2.51515151515153,-14.53787878787881,0.2911255411255411,0
0.6896551724137931,0.6551724137931034,0,5,10,9.0,1.0,188.96969696969697,183.12121212121212,22.106060606060595,16.25757575757575,0.27813852813852813,0
0.7241379310344828,0.6551724137931034,0,5,9,6.0,0.5555555555555556,188.0757575757576,182.68939393939397,52.893939393939405,47.50757575757578,0.262987012987013,0
0.7586206896551724,0.6896551724137931,0,0,10,7.0,0.8333333333333334,185.53787878787878,183.1742424242424,45.401515151515156,43.03787878787878,0.24675324675324675,0
0.4482758620689655,0.6896551724137931,0,0,11,8.0,1.0,178.18939393939397,186.09848484848487,-5.46969696969694,2.439393939393966,0.2326839826839827,0
0.4827586206896552,0.3103448275862069,0,0,11,8.0,1.0,161.8409090909091,192.87121212121212,-21.181818181818187,9.848484848484844,0.22077922077922077,0
0.4827586206896552,0.3103448275862069,0,0,11,9.0,1.0,147.3939393939394,202.56060606060603,-35.28787878787878,19.878787878787847,0.20995670995670995,0
0.4827586206896552,0.3103448275862069,0,0,11,9.0,1.0,152.99242424242422,215.30303030303034,-29.371212121212153,32.939393939393966,0.20346320346320346,0
0.4827586206896552,0.3103448275862069,0,0,10,8.0,1.0,168.93939393939394,225.49242424242425,-15.537878787878782,41.01515151515153,0.19696969696969696,0
0.4482758620689655,0.3103448275862069,0,0,9,7.5,1.0,183.12121212121212,231.28787878787878,-8.333333333333343,39.833333333333314,0.19047619047619047,0
0.3448275862068966,0.27586206896551724,0,0,8,6.5,1.0,182.68939393939397,231.18181818181816,-19.99242424242422,28.49999999999997,0.17965367965367965,0
0.27586206896551724,0.2413793103448276,0,0,7,6.5,1.0,183.1742424242424,229.50757575757575,-30.371212121212125,15.962121212121218,0.1699134199134199,0
0.13793103448275862,0.20689655172413793,0,0,6,6.0,1.0,186.09848484848484,227.81818181818184,-43.58333333333334,-1.8636363636363455,0.16017316017316016,0
1.0,1.0,0,0,7,5.5,1.0,225.71212121212122,182.56818181818178,5.325757575757592,-37.81818181818184,0.14177489177489178,1
0.3793103448275862,0.7586206896551724,0,0,10,8.0,1.0,222.03787878787878,133.58333333333334,-0.5757575757575921,-89.03030303030303,0.31493506493506496,0
0.8620689655172413,0.7931034482758621,0,0,11,9.0,1.0,221.11363636363637,132.5151515151515,23.04545454545456,-65.55303030303031,0.32575757575757575,0
0.8620689655172413,0.8275862068965517,0,3,11,6.0,0.5454545454545454,222.75757575757575,131.33333333333334,137.7121212121212,46.287878787878796,0.3235930735930736,0
0.5862068965517241,0.8275862068965517,0,3,11,7.0,1.0,223.69696969696972,133.3257575757576,90.219696969697,-0.1515151515151274,0.3041125541125541,0
0.5862068965517241,0.8275862068965517,0,3,11,8.0,1.0,215.46212121212122,137.43181818181816,79.43939393939394,1.409090909090878,0.2857142857142857,0
0.6206896551724138,0.27586206896551724,0,3,11,9.0,1.0,168.5757575757576,143.96212121212122,37.32575757575759,12.712121212121218,0.29329004329004327,0
0.6206896551724138,0.27586206896551724,0,3,11,9.0,1.0,138.86363636363635,152.28030303030303,8.590909090909065,22.00757575757575,0.3041125541125541,0
0.5862068965517241,0.27586206896551724,0,3,11,9.0,1.0,118.18181818181819,161.69696969696972,-14.295454545454533,29.219696969696997,0.31385281385281383,0
0.5172413793103449,0.27586206896551724,0,4,11,8.0,1.0,133.58333333333334,169.03787878787878,-3.6439393939393767,31.810606060606062,0.3430735930735931,0
0.4827586206896552,0.27586206896551724,0,4,11,7.5,1.0,132.5151515151515,172.9242424242424,-10.075757575757592,30.333333333333314,0.3777056277056277,0
0.5172413793103449,0.27586206896551724,0,4,11,7.0,1.0,131.33333333333334,173.84848484848484,-20.73484848484847,21.78030303030303,0.39826839826839827,0
0.4482758620689655,0.27586206896551724,0,4,11,11.0,1.0,133.3257575757576,173.71212121212125,-28.856060606060595,11.53030303030306,0.4134199134199134,0
0.3448275862068966,0.41379310344827586,1,4,11,10.5,1.0,169.03787878787878,111.08333333333333,-4.643939393939405,-62.59848484848486,0.4145021645021645,0
0.8620689655172413,0.896551724137931,2,4,11,10.0,1.0,172.9242424242424,129.00757575757575,2.424242424242408,-41.49242424242425,0.41233766233766234,0
0.896551724137931,0.9310344827586207,2,4,11,2.0,0.36363636363636365,173.84848484848487,133.88636363636363,94.0757575757576,54.11363636363636,0.408008658008658,0
0.9310344827586207,0.9310344827586207,2,4,11,2.0,0.38461538461538464,173.71212121212122,132.1060606060606,94.59848484848486,52.992424242424235,0.4004329004329004,0
0.6551724137931034,0.9310344827586207,2,4,11,7.5,0.8333333333333334,172.59848484848484,133.3560606060606,55.43939393939394,16.19696969696969,0.395021645021645,0
0.5517241379310345,0.9655172413793104,0,4,11,8.5,1.0,141.3181818181818,136.4090909090909,4.3409090909090935,-0.568181818181813,0.3917748917748918,0
0.5517241379310345,0.27586206896551724,0,4,11,9.5,1.0,109.79545454545455,142.20454545454547,-23.09090909090908,9.318181818181841,0.3906926406926407,0
0.5172413793103449,0.27586206896551724,0,4,11,9.0,0.8,92.0151515151515,150.20454545454547,-39.78030303030303,18.409090909090935,0.39285714285714285,0
0.5172413793103449,0.27586206896551724,0,4,11,9.0,0.8,111.08333333333333,159.4090909090909,-20.553030303030297,27.77272727272728,0.4015151515151515,0
0.4827586206896552,0.27586206896551724,0,4,11,8.0,0.8,129.00757575757575,166.18939393939394,-7.628787878787875,29.55303030303031,0.4134199134199134,0
0.4827586206896552,0.27586206896551724,0,4,11,8.0,1.0,133.88636363636363,168.95454545454547,-7.068181818181841,28.0,0.4274891774891775,0
0.41379310344827586,0.2413793103448276,2,4,11,7.0,1.0,132.1060606060606,168.8409090909091,-16.916666666666686,19.818181818181813,0.43614718614718617,0
0.7586206896551724,0.20689655172413793,2,4,11,11.0,1.0,166.18939393939394,122.3030303030303,-0.7196969696969688,-44.60606060606061,0.4101731601731602,0
0.8620689655172413,0.3103448275862069,2,4,11,3.0,0.25,168.95454545454547,128.09848484848484,44.20454545454547,3.348484848484844,0.4025974025974026,0
0.8620689655172413,0.3103448275862069,2,5,11,4.5,0.5,168.8409090909091,130.31060606060606,62.977272727272734,24.446969696969703,0.39285714285714285,0
0.5172413793103449,0.3103448275862069,2,5,11,6.0,0.7142857142857143,168.02272727272728,133.08333333333334,54.18181818181819,19.24242424242425,0.3841991341991342,0
0.5172413793103449,0.3103448275862069,1,5,11,8.0,1.0,153.29545454545453,136.4393939393939,27.5681818181818,10.712121212121176,0.3787878787878788,0
0.5172413793103449,0.3103448275862069,1,5,11,8.0,1.0,132.50757575757575,143.65151515151516,5.166666666666657,16.310606060606062,0.3722943722943723,0
0.5172413793103449,0.27586206896551724,1,5,11,9.0,1.0,114.81818181818181,155.1212121212121,-16.409090909090907,23.893939393939377,0.37012987012987014,0
0.5172413793103449,0.27586206896551724,0,0,11,8.5,0.8333333333333334,115.14393939393939,168.1060606060606,-17.219696969696983,35.74242424242422,0.36904761904761907,0
0.4827586206896552,0.27586206896551724,0,0,11,8.0,0.8333333333333334,122.3030303030303,176.33333333333334,-13.356060606060609,40.674242424242436,0.37662337662337664,0
0.4827586206896552,0.27586206896551724,0,0,11,7.0,0.8333333333333334,128.09848484848484,178.3939393939394,-13.196969696969688,37.09848484848487,0.39285714285714285,0
0.4827586206896552,0.27586206896551724,0,0,11,6.5,1.0,130.3106060606061,177.20454545454547,-23.68939393939391,23.204545454545467,0.3939393939393939,0
0.41379310344827586,0.27586206896551724,0,0,11,8.5,1.0,133.08333333333334,176.29545454545453,-36.98484848484847,6.2272727272727195,0.3917748917748918,0
0.3793103448275862,0.20689655172413793,0,5,11,6.5,0.5,176.33333333333334,145.03787878787878,0.37878787878787534,-30.916666666666686,0.34415584415584416,0
0.7931034482758621,0.6551724137931034,0,5,11,4.0,0.6666666666666666,178.3939393939394,168.22727272727272,8.280303030303031,-1.8863636363636545,0.3344155844155844,0
0.8275862068965517,0.6551724137931034,0,5,11,4.0,0.6,177.20454545454547,175.5757575757576,45.68181818181819,44.05303030303031,0.31926406926406925,0
0.8275862068965517,0.6896551724137931,0,5,11,4.0,0.5555555555555556,176.29545454545453,174.28787878787878,68.29545454545453,66.28787878787878,0.30303030303030304,0
0.6551724137931034,0.6896551724137931,0,0,11,7.0,0.8333333333333334,174.25,173.88636363636365,23.863636363636374,23.50000000000003,0.28679653679653677,0
0.5517241379310345,0.7241379310344828,0,0,11,7.5,0.8333333333333334,159.19696969696972,177.55303030303034,-17.530303030303003,0.8257575757576205,0.27705627705627706,0
0.5172413793103449,0.3103448275862069,0,0,11,8.0,1.0,136.54545454545453,185.41666666666666,-41.02272727272728,7.848484848484844,0.27056277056277056,0
0.5517241379310345,0.3103448275862069,0,0,11,8.5,1.0,129.96969696969697,197.89393939393938,-42.46212121212122,25.46212121212119,0.26406926406926406,0
0.5517241379310345,0.3103448275862069,0,0,11,8.0,0.8571428571428571,145.03787878787878,210.78787878787878,-27.825757575757592,37.92424242424241,0.25865800865800864,0
0.5172413793103449,0.3103448275862069,0,0,11,8.0,0.8571428571428571,168.22727272727272,218.38636363636363,-8.136363636363654,42.02272727272725,0.25216450216450215,0
0.5172413793103449,0.27586206896551724,0,0,11,8.0,1.0,175.5757575757576,218.41666666666666,-7.856060606060595,34.98484848484847,0.2662337662337662,0
0.3793103448275862,0.27586206896551724,0,0,11,6.5,0.8333333333333334,174.28787878787878,215.4090909090909,-22.166666666666686,18.95454545454544,0.2727272727272727,0
0.3103448275862069,0.2413793103448276,0,0,11,11.0,1.0,173.88636363636365,213.72727272727275,-39.90909090909088,-0.06818181818178459,0.27813852813852813,0
0.3103448275862069,0.5172413793103449,0,0,11,11.0,1.0,218.41666666666666,151.21212121212122,2.553030303030283,-64.65151515151516,0.2792207792207792,0
0.6551724137931034,0.5862068965517241,0,0,11,11.0,1.0,215.4090909090909,150.73484848484847,16.02272727272728,-48.651515151515156,0.27705627705627706,0
0.6551724137931034,0.5862068965517241,0,9,11,6.0,0.5714285714285714,213.72727272727275,150.37878787878788,87.31818181818184,23.96969696969697,0.2727272727272727,0
0.4827586206896552,0.5862068965517241,0,8,11,7.0,1.0,214.38636363636365,149.43181818181822,62.06818181818184,-2.8863636363635976,0.27056277056277056,0
0.4827586206896552,0.5862068965517241,0,8,11,8.0,1.0,209.81818181818184,149.67424242424244,59.54545454545456,-0.5984848484848442,0.2694805194805195,0
0.5172413793103449,0.3103448275862069,0,8,10,9.0,1.0,180.55303030303028,156.34848484848487,29.50757575757575,5.30303030303034,0.27813852813852813,0
0.5172413793103449,0.3103448275862069,0,2,9,9.0,1.0,159.37121212121212,169.60606060606062,8.484848484848499,18.719696969696997,0.288961038961039,0
0.5172413793103449,0.3103448275862069,0,2,9,8.0,1.0,143.0,183.11363636363635,-6.2045454545454675,33.90909090909088,0.29978354978354976,0
0.4827586206896552,0.3103448275862069,0,8,8,8.0,1.0,151.21212121212122,190.13636363636363,3.0075757575757507,41.93181818181816,0.32142857142857145,0
0.4827586206896552,0.3103448275862069,0,7,7,6.5,0.6666666666666666,150.73484848484847,189.87878787878788,-0.8787878787879038,38.2651515151515,0.3365800865800866,0
0.41379310344827586,0.3103448275862069,0,7,6,6.0,0.75,150.37878787878788,186.96969696969697,-18.848484848484844,17.74242424242425,0.35173160173160173,0
0.20689655172413793,0.27586206896551724,0,7,6,3.5,0.5,149.4318181818182,182.94696969696972,-38.54545454545453,-5.030303030303003,0.36688311688311687,0
0.20689655172413793,0.20689655172413793,0,1,7,7.0,1.0,149.67424242424246,176.8409090909091,-42.46212121212116,-15.295454545454533,0.38311688311688313,0
0.3103448275862069,0.6206896551724138,0,6,11,8.5,1.0,190.13636363636363,138.37878787878788,11.909090909090907,-39.848484848484844,0.3874458874458874,0
0.6896551724137931,0.6551724137931034,0,6,11,7.0,0.6666666666666666,189.87878787878788,137.6818181818182,20.99242424242425,-31.20454545454544,0.38961038961038963,0
0.7241379310344828,0.6896551724137931,0,6,11,6.0,0.5555555555555556,186.96969696969697,135.78787878787878,66.28787878787878,15.106060606060595,0.3874458874458874,0
0.5172413793103449,0.6896551724137931,0,5,11,7.0,1.0,182.94696969696972,135.5757575757576,45.78787878787881,-1.5833333333333144,0.38311688311688313,0
0.5172413793103449,0.6896551724137931,0,0,11,8.0,1.0,176.8409090909091,137.93181818181816,36.363636363636374,-2.545454545454561,0.37554112554112556,0
0.5517241379310345,0.3103448275862069,0,0,11,9.0,1.0,155.93181818181816,142.1439393939394,18.43181818181816,4.643939393939405,0.37012987012987014,0
0.5517241379310345,0.3103448275862069,0,4,11,10.0,1.0,142.24242424242425,150.31060606060606,7.174242424242436,15.24242424242425,0.3722943722943723,0
0.5517241379310345,0.3103448275862069,0,4,11,10.5,1.0,132.77272727272728,159.26515151515153,-2.022727272727252,24.469696969696997,0.37554112554112556,0
0.5517241379310345,0.3103448275862069,0,4,11,9.5,1.0,138.37878787878788,167.46212121212122,1.5151515151515014,30.598484848484844,0.3777056277056277,0
0.5517241379310345,0.3103448275862069,0,4,11,9.0,1.0,137.68181818181816,171.62878787878788,-4.4545454545454675,29.49242424242425,0.3961038961038961,0
0.4827586206896552,0.27586206896551724,0,4,11,8.0,1.0,135.78787878787878,172.99242424242425,-11.643939393939405,25.560606060606062,0.41233766233766234,0
0.41379310344827586,0.20689655172413793,0,4,11,7.0,1.0,135.57575757575756,171.30303030303034,-25.78787878787881,9.939393939393966,0.4199134199134199,0
0.3793103448275862,0.7241379310344828,0,3,11,11.0,1.0,171.62878787878788,123.0227272727273,-0.1666666666666572,-48.77272727272724,0.4166666666666667,0
0.8275862068965517,0.7931034482758621,0,2,11,11.0,1.0,172.99242424242425,132.24242424242425,0.3560606060606233,-40.39393939393938,0.41125541125541126,0
0.8620689655172413,0.8275862068965517,0,2,11,4.0,0.5,171.30303030303034,135.18939393939397,54.73484848484853,18.621212121212153,0.4015151515151515,0
0.8620689655172413,0.8275862068965517,0,2,11,6.0,0.5454545454545454,170.61363636363637,135.0757575757576,64.36363636363637,28.825757575757592,0.3917748917748918,0
0.6206896551724138,0.8275862068965517,0,2,11,8.0,1.0,170.46212121212122,135.22727272727275,43.59848484848486,8.363636363636388,0.3841991341991342,0
0.6206896551724138,0.8275862068965517,0,1,11,8.0,1.0,153.66666666666666,136.81818181818184,17.71212121212119,0.863636363636374,0.3777056277056277,0
0.6206896551724138,0.27586206896551724,0,1,11,8.5,1.0,131.8181818181818,144.60606060606062,-2.0909090909090935,10.696969696969717,0.37445887445887444,0
0.6551724137931034,0.27586206896551724,0,1,11,8.5,1.0,116.56060606060606,158.5151515151515,-19.143939393939405,22.810606060606034,0.37337662337662336,0
0.6551724137931034,0.27586206896551724,0,1,11,8.0,1.0,123.02272727272727,171.3409090909091,-12.590909090909108,35.72727272727272,0.38636363636363635,0
0.6551724137931034,0.27586206896551724,0,1,11,8.0,1.0,132.24242424242425,178.35606060606062,-2.1212121212121247,43.99242424242425,0.4025974025974026,0
0.6896551724137931,0.27586206896551724,0,1,11,8.5,1.0,135.18939393939397,178.12878787878788,-5.287878787878753,37.651515151515156,0.39826839826839827,0
0.6206896551724138,0.27586206896551724,0,1,11,11.0,1.0,135.0757575757576,177.72727272727275,-23.901515151515127,18.75000000000003,0.395021645021645,0
0.4827586206896552,0.27586206896551724,0,0,11,11.0,1.0,135.22727272727275,175.780303030303,-40.863636363636346,-0.31060606060609075,0.3939393939393939,0
0.4827586206896552,0.27586206896551724,0,0,11,11.0,1.0,136.81818181818184,161.06818181818184,-42.136363636363626,-17.886363636363626,0.37662337662337664,0
0.4482758620689655,0.27586206896551724,0,0,11,11.0,1.0,144.6060606060606,146.67424242424244,-35.416666666666686,-33.348484848484844,0.35714285714285715,0
0.4482758620689655,0.20689655172413793,0,0,11,10.0,1.0,158.5151515151515,151.01515151515153,-16.893939393939405,-24.393939393939377,0.3463203463203463,0
0.4827586206896552,0.5862068965517241,0,0,11,9.0,1.0,171.3409090909091,169.9090909090909,-6.4090909090909065,-7.8409090909090935,0.3344155844155844,0
0.8620689655172413,0.5862068965517241,0,0,11,8.0,1.0,178.35606060606062,186.0757575757576,4.174242424242436,11.893939393939405,0.31926406926406925,0
0.896551724137931,0.5862068965517241,0,0,11,6.0,0.5555555555555556,178.12878787878788,184.77272727272725,46.856060606060595,53.49999999999997,0.30194805194805197,0
0.9310344827586207,0.5862068965517241,0,0,11,6.0,0.5833333333333334,177.72727272727272,183.7651515151515,43.15909090909091,49.19696969696969,0.28354978354978355,0
0.4482758620689655,0.5862068965517241,0,0,11,7.5,1.0,175.78030303030303,185.6742424242424,-11.424242424242436,-1.5303030303030596,0.26406926406926406,0
0.4827586206896552,0.5862068965517241,0,0,11,8.5,1.0,161.06818181818184,190.13636363636365,-26.886363636363626,2.181818181818187,0.24567099567099568,0
0.4827586206896552,0.27586206896551724,0,0,11,9.0,1.0,146.67424242424244,198.35606060606062,-36.39393939393938,15.28787878787881,0.2305194805194805,0
0.4827586206896552,0.27586206896551724,0,0,11,9.0,1.0,151.0151515151515,209.66666666666666,-32.28030303030303,26.371212121212125,0.22727272727272727,0
0.4827586206896552,0.27586206896551724,0,0,11,9.0,1.0,169.9090909090909,219.46212121212122,-15.02272727272728,34.53030303030303,0.24242424242424243,0
0.4827586206896552,0.27586206896551724,0,0,11,8.0,1.0,186.0757575757576,224.69696969696966,-2.7196969696969404,35.90151515151513,0.25757575757575757,0
0.4482758620689655,0.27586206896551724,0,0,11,7.0,1.0,184.77272727272728,225.4848484848485,-11.909090909090907,28.80303030303031,0.2662337662337662,0
0.3793103448275862,0.2413793103448276,0,0,11,6.0,1.0,183.7651515151515,224.7651515151515,-25.825757575757592,15.174242424242408,0.275974025974026,0
0.3793103448275862,0.5862068965517241,0,0,11,11.0,1.0,219.46212121212122,133.26515151515153,-4.446969696969688,-90.64393939393938,0.288961038961039,0
1.0344827586206897,0.5862068965517241,0,0,11,6.0,1.0,224.69696969696972,142.28787878787878,33.19696969696972,-49.21212121212122,0.29329004329004327,0
1.0344827586206897,0.5862068965517241,0,0,11,6.0,0.75,225.4848484848485,141.4848484848485,85.75757575757578,1.757575757575779,0.29329004329004327,0
1.0344827586206897,0.5862068965517241,0,0,11,7.0,0.7692307692307693,224.7651515151515,141.5681818181818,109.5151515151515,26.318181818181813,0.29545454545454547,0
0.7241379310344828,0.5862068965517241,0,0,11,8.0,1.0,213.5,142.3257575757576,69.88636363636363,-1.2878787878787818,0.29653679653679654,0
0.7241379310344828,0.5862068965517241,0,0,11,9.0,1.0,185.04545454545453,145.16666666666666,44.113636363636346,4.23484848484847,0.3008658008658009,0
0.7241379310344828,0.3793103448275862,0,0,11,9.5,1.0,148.8257575757576,151.08333333333334,6.507575757575779,8.76515151515153,0.30844155844155846,0
0.7241379310344828,0.3793103448275862,0,0,11,9.5,1.0,132.86363636363637,162.81060606060603,-8.340909090909093,21.606060606060566,0.3203463203463203,0
0.7241379310344828,0.3793103448275862,0,0,11,9.0,1.0,133.26515151515153,172.06818181818184,-7.916666666666657,30.886363636363654,0.3430735930735931,0
0.7241379310344828,0.3793103448275862,0,0,11,10.0,1.0,142.28787878787878,178.80303030303028,-2.3030303030303116,34.21212121212119,0.37337662337662336,0
0.6896551724137931,0.3793103448275862,0,0,11,11.0,1.0,141.48484848484847,177.5757575757576,-8.24242424242425,27.848484848484873,0.3939393939393939,0
0.6551724137931034,0.3793103448275862,0,0,11,11.0,1.0,141.5681818181818,176.28030303030303,-17.363636363636374,17.348484848484844,0.4145021645021645,0
0.5172413793103449,0.3793103448275862,0,0,11,11.0,1.0,142.3257575757576,171.28030303030303,-37.44696969696969,-8.49242424242425,0.4296536796536797,0
0.5517241379310345,0.41379310344827586,0,0,11,11.0,0.7142857142857143,145.16666666666666,156.31060606060606,-32.33333333333334,-21.189393939393938,0.4274891774891775,0
0.5517241379310345,0.41379310344827586,0,0,11,11.0,0.8333333333333334,151.08333333333334,127.81818181818181,-28.053030303030283,-51.31818181818181,0.4231601731601732,0
0.5862068965517241,0.41379310344827586,0,0,11,11.0,1.0,162.8106060606061,117.1969696969697,-13.280303030303003,-58.89393939393939,0.42424242424242425,0
0.6551724137931034,0.5517241379310345,0,0,11,11.0,1.0,172.06818181818184,118.61363636363637,-1.5454545454545325,-55.0,0.4231601731601732,0
1.0,1.0,0,0,11,11.0,1.0,178.80303030303028,133.13636363636365,14.666666666666657,-30.99999999999997,0.41883116883116883,0
1.0,1.0,0,0,11,8.0,0.8181818181818182,177.5757575757576,131.95454545454547,46.393939393939405,0.7727272727272805,0.41233766233766234,0
1.0,0.9310344827586207,0,0,11,7.0,0.6666666666666666,176.28030303030303,129.8409090909091,88.14393939393939,41.70454545454545,0.4036796536796537,0
0.7586206896551724,0.9310344827586207,1,0,11,9.5,1.0,171.28030303030303,129.83333333333334,39.00757575757575,-2.4393939393939377,0.39826839826839827,0
0.6896551724137931,0.9310344827586207,1,0,11,10.5,1.0,156.31060606060606,132.62878787878788,20.878787878787875,-2.8030303030303116,0.3939393939393939,0
0.7241379310344828,0.3793103448275862,2,0,11,10.5,1.0,127.81818181818181,139.63636363636365,-3.8863636363636545,7.931818181818187,0.3906926406926407,0
0.7241379310344828,0.3793103448275862,2,0,11,10.0,1.0,117.1969696969697,151.65151515151516,-11.530303030303017,22.924242424242436,0.3906926406926407,0
0.6896551724137931,0.3793103448275862,2,0,11,9.0,1.0,118.61363636363637,164.75,-10.47727272727272,35.65909090909091,0.38961038961038963,0
0.6896551724137931,0.3793103448275862,2,0,11,9.0,1.0,133.13636363636363,173.5151515151515,1.454545454545439,41.833333333333314,0.395021645021645,0
0.6551724137931034,0.4482758620689655,2,0,11,10.5,1.0,131.95454545454547,176.27272727272725,-5.1590909090909065,39.15909090909088,0.4155844155844156,0
0.6206896551724138,0.4482758620689655,1,0,11,11.0,1.0,129.8409090909091,177.68181818181816,-20.27272727272728,27.568181818181785,0.42207792207792205,0
0.5172413793103449,0.4482758620689655,0,0,11,11.0,1.0,129.83333333333334,180.87121212121212,-37.89393939393938,13.143939393939405,0.4264069264069264,0
0.5517241379310345,0.4482758620689655,0,0,11,11.0,1.0,132.62878787878788,181.87121212121212,-43.78030303030303,5.462121212121218,0.42207792207792205,0
0.5862068965517241,0.20689655172413793,0,0,11,11.0,1.0,139.63636363636365,170.63636363636365,-36.77272727272725,-5.772727272727252,0.4101731601731602,0
0.5517241379310345,0.20689655172413793,0,0,11,11.0,1.0,151.65151515151516,134.36363636363637,-24.348484848484844,-41.636363636363626,0.408008658008658,0
0.5172413793103449,0.41379310344827586,0,0,11,11.0,1.0,164.75,118.56818181818183,-15.886363636363626,-62.0681818181818,0.4036796536796537,0
0.5517241379310345,0.4482758620689655,0,0,11,11.0,1.0,173.5151515151515,118.60606060606061,-12.462121212121218,-67.37121212121211,0.3971861471861472,0
0.9310344827586207,0.896551724137931,0,0,11,11.0,1.0,176.27272727272725,141.46969696969697,-2.727272727272748,-37.53030303030303,0.38961038961038963,0
0.896551724137931,0.896551724137931,0,0,11,10.5,0.875,177.68181818181816,146.4090909090909,30.74999999999997,-0.5227272727272805,0.37987012987012986,0
0.9310344827586207,0.8620689655172413,3,0,11,5.0,0.5714285714285714,180.87121212121212,146.16666666666666,103.71212121212122,69.00757575757575,0.36904761904761907,0
0.5517241379310345,0.8620689655172413,4,0,11,11.0,1.0,181.87121212121212,147.0757575757576,50.25757575757575,15.462121212121218,0.3593073593073593,0
0.4827586206896552,0.8620689655172413,5,0,11,11.0,1.0,170.63636363636363,148.3560606060606,23.590909090909093,1.3106060606060623,0.3528138528138528,0
0.4827586206896552,0.20689655172413793,5,0,11,11.0,1.0,134.36363636363637,153.84848484848484,-11.386363636363626,8.098484848484844,0.3484848484848485,0
0.4827586206896552,0.20689655172413793,6,0,11,11.0,1.0,118.56818181818183,161.78030303030303,-27.86363636363636,15.348484848484844,0.3474025974025974,0
0.4827586206896552,0.20689655172413793,6,0,11,11.0,1.0,118.60606060606058,171.90151515151516,-27.712121212121232,25.583333333333343,0.3484848484848485,0
0.5172413793103449,0.41379310344827586,5,0,11,11.0,1.0,141.46969696969697,179.23484848484847,-7.007575757575751,30.75757575757575,0.36904761904761907,0
0.5172413793103449,0.41379310344827586,5,0,11,11.0,1.0,146.4090909090909,183.65909090909088,-3.863636363636374,33.3863636363636,0.37662337662337664,0
0.5172413793103449,0.41379310344827586,5,0,11,11.0,1.0,146.16666666666666,185.7348484848485,-16.628787878787875,22.939393939393966,0.37337662337662336,0
0.5172413793103449,0.41379310344827586,0,0,11,11.0,1.0,147.07575757575756,186.49242424242425,-25.196969696969717,14.219696969696969,0.3658008658008658,0
0.4827586206896552,0.3793103448275862,0,0,11,11.0,1.0,148.3560606060606,181.44696969696972,-32.28030303030303,0.8106060606060908,0.35064935064935066,0
0.5172413793103449,0.3448275862068966,0,0,11,11.0,1.0,153.84848484848484,151.03030303030303,-30.94696969696969,-33.7651515151515,0.3181818181818182,0
0.5172413793103449,0.3793103448275862,0,0,11,10.0,1.0,161.78030303030303,135.62121212121212,-23.7651515151515,-49.92424242424241,0.2987012987012987,0
0.5172413793103449,0.41379310344827586,0,0,11,9.0,1.0,171.90151515151513,144.4242424242424,-14.962121212121247,-42.439393939393966,0.2792207792207792,0
0.6206896551724138,0.8275862068965517,0,0,11,8.0,1.0,179.23484848484847,184.68181818181816,-7.833333333333343,-2.3863636363636545,0.2597402597402597,0
0.8620689655172413,0.7931034482758621,0,0,10,6.5,0.875,183.6590909090909,210.96969696969697,13.25,40.56060606060606,0.24134199134199133,0
0.8620689655172413,0.7931034482758621,7,0,9,4.0,0.5384615384615384,185.73484848484847,218.62878787878788,90.12121212121211,123.01515151515152,0.22294372294372294,0
0.8620689655172413,0.7931034482758621,8,0,8,5.5,0.8333333333333334,186.49242424242425,219.90151515151516,45.651515151515156,79.06060606060606,0.20562770562770563,0
0.3448275862068966,0.7931034482758621,0,0,7,6.0,1.0,181.44696969696972,221.15151515151516,-15.371212121212096,24.333333333333343,0.18831168831168832,0
0.8275862068965517,1.0344827586206897,0,0,9,9.0,1.0,228.86363636363637,176.86363636363635,2.477272727272748,-49.52272727272728,0.09523809523809523,1
0.5666666666666667,0.3333333333333333,0,0,8,4.0,0.6,227.58156028368793,189.354609929078,39.09219858156027,0.8652482269503423,0.14589371980676327,1
0.6333333333333333,0.3333333333333333,0,0,9,5.0,0.6,222.7234042553191,196.58865248226948,40.85106382978719,14.716312056737564,0.1603864734299517,0
0.6,0.3333333333333333,0,0,9,5.5,0.75,214.22695035460993,202.1205673758865,32.6950354609929,20.58865248226948,0.17294685990338166,0
0.5333333333333333,0.3333333333333333,0,0,9,5.5,0.75,202.4113475177305,201.9787234042553,19.539007092198574,19.10638297872339,0.17971014492753623,0
0.5,0.2,0,0,8,5.0,0.8,191.09929078014184,194.6950354609929,3.226950354609926,6.822695035460981,0.18164251207729468,0
0.5333333333333333,0.26666666666666666,0,0,7,5.5,1.0,183.9645390070922,178.4964539007092,-13.35460992907801,-18.82269503546101,0.18840579710144928,0
0.4666666666666667,0.3,0,0,6,5.0,1.0,182.0921985815603,165.51063829787233,-22.482269503546092,-39.063829787234056,0.19420289855072465,0
0.43333333333333335,0.36666666666666664,0,0,7,4.5,1.0,184.0921985815603,159.8581560283688,-20.375886524822675,-44.609929078014176,0.19516908212560385,0
0.5666666666666667,0.6666666666666666,0,0,8,5.0,1.0,189.354609929078,168.02127659574467,-7.539007092198574,-28.872340425531917,0.19420289855072465,0
0.7,0.6333333333333333,0,0,8,5.0,1.0,196.5886524822695,183.69503546099293,13.86524822695037,0.9716312056737877,0.19227053140096617,0
0.6666666666666666,0.6,0,0,8,5.0,0.875,202.1205673758865,203.32624113475177,46.24822695035459,47.45390070921985,0.18937198067632852,0
0.6333333333333333,0.5666666666666667,0,0,8,5.0,0.875,201.97872340425533,213.0921985815603,44.04255319148939,55.15602836879435,0.18357487922705315,0
0.6,0.5333333333333333,0,0,7,5.0,0.8571428571428571,194.6950354609929,211.72340425531914,28.929078014184398,45.95744680851064,0.1758454106280193,0
0.5333333333333333,0.5,0,0,6,5.0,1.0,178.4964539007092,209.05673758865248,-1.8652482269503707,28.695035460992898,0.16521739130434782,0
0.4,0.4666666666666667,0,0,5,5.0,1.0,165.51063829787233,215.01418439716312,-39.446808510638306,10.056737588652481,0.1565217391304348,0
0.4,0.43333333333333335,0,0,0,0,0,159.85815602836877,224.77304964539007,-64.80141843971634,0.11347517730496293,0.14782608695652175,0
0.4,0.3333333333333333,0,0,3,3.0,0.0,168.0212765957447,229.70212765957447,-41.63829787234042,20.04255319148936,0.1391304347826087,0
0.6,0.4,0,0,0,0,0,230.48226950354606,172.45390070921985,10.865248226950314,-47.1631205673759,0.15845410628019324,0
0.6333333333333333,0.4,0,0,6,6.0,0.75,229.67375886524823,179.7446808510638,50.48226950354609,0.5531914893616658,0.16618357487922705,0
0.6666666666666666,0.43333333333333335,11,0,7,6.0,0.5714285714285714,229.2624113475177,181.09219858156027,89.30496453900707,41.13475177304963,0.17391304347826086,0
0.5333333333333333,0.43333333333333335,0,0,8,7.5,0.6666666666666666,226.1631205673759,180.56737588652481,64.1843971631206,18.58865248226951,0.17971014492753623,0
0.5333333333333333,0.43333333333333335,0,0,9,9.0,1.0,208.84397163120568,178.94326241134752,33.35460992907801,3.4539007092198517,0.18937198067632852,0
0.4666666666666667,0.43333333333333335,0,0,10,10.0,1.0,179.5886524822695,179.60992907801418,-0.30496453900707365,-0.2836879432624073,0.20096618357487922,0
0.4666666666666667,0.2,0,0,11,10.5,1.0,160.3758865248227,182.0709219858156,-23.475177304964518,-1.7801418439716201,0.21545893719806763,0
0.5,0.2,0,0,11,10.0,1.0,159.14184397163123,184.57446808510636,-20.390070921985796,5.042553191489333,0.23864734299516907,0
0.5,0.36666666666666664,0,0,11,9.0,1.0,172.45390070921985,186.4964539007092,-5.865248226950371,8.17730496453899,0.25507246376811593,0
0.4666666666666667,0.36666666666666664,0,0,11,8.0,1.0,179.7446808510638,188.0,0.7659574468084998,9.021276595744695,0.26666666666666666,0
0.5666666666666667,0.2,0,0,11,11.0,1.0,179.60992907801418,145.7872340425532,-7.687943262411352,-41.51063829787233,0.3033816425120773,0
0.5,0.4,0,0,11,11.0,1.0,184.57446808510636,142.3404255319149,-2.744680851063862,-44.978723404255334,0.293719806763285,0
0.7,0.6,0,0,11,11.0,1.0,186.4964539007092,157.70212765957444,11.64539007092199,-17.148936170212778,0.29082125603864734,0
0.7333333333333333,0.6,0,0,11,10.0,0.7142857142857143,188.0,165.48226950354606,45.29787234042553,22.78014184397159,0.28888888888888886,0
0.6666666666666666,0.6333333333333333,6,0,11,7.0,0.5555555555555556,188.27659574468086,164.68085106382978,68.46808510638299,44.8723404255319,0.28792270531400965,0
0.6666666666666666,0.6333333333333333,7,0,11,8.0,0.7142857142857143,184.12765957446808,164.95035460992906,42.08510638297872,22.907801418439703,0.28695652173913044,0
0.5,0.6333333333333333,0,0,11,10.0,1.0,168.29078014184395,167.11347517730496,3.120567375886509,1.9432624113475185,0.28792270531400965,0
0.5,0.4666666666666667,0,0,11,10.5,1.0,145.7872340425532,171.3758865248227,-20.10638297872339,5.482269503546121,0.28792270531400965,0
0.5666666666666667,0.43333333333333335,0,0,11,11.0,1.0,134.85106382978722,175.0283687943262,-30.531914893617028,9.645390070921962,0.28599033816425123,0
0.5,0.43333333333333335,0,0,11,11.0,1.0,142.3404255319149,177.7446808510638,-20.42553191489361,14.978723404255305,0.28888888888888886,0
0.5,0.36666666666666664,0,0,11,11.0,1.0,157.70212765957444,180.177304964539,-9.000000000000028,13.475177304964518,0.30434782608695654,0
0.5,0.36666666666666664,0,0,11,11.0,1.0,165.4822695035461,182.23404255319147,-6.390070921985824,10.361702127659555,0.3188405797101449,0
0.5333333333333333,0.4,0,0,11,11.0,1.0,164.68085106382978,182.60283687943263,-10.872340425531917,7.0496453900709355,0.32753623188405795,0
0.5333333333333333,0.4,0,0,11,11.0,1.0,164.95035460992906,183.6312056737589,-12.709219858156047,5.971631205673788,0.3323671497584541,0
0.5333333333333333,0.43333333333333335,0,0,11,10.0,1.0,167.11347517730496,184.56737588652481,-12.907801418439732,4.54609929078012,0.3352657004830918,0
0.5,0.2,0,0,11,9.0,1.0,171.3758865248227,180.50354609929073,-11.475177304964518,-2.3475177304964916,0.3342995169082126,0
0.5,0.2,0,0,11,8.0,1.0,175.0283687943262,164.4113475177305,-8.801418439716343,-19.418439716312065,0.32560386473429953,0
0.5,0.2,0,0,11,8.0,1.0,177.7446808510638,144.32624113475177,-3.3829787234042783,-36.801418439716315,0.32270531400966185,0
0.5333333333333333,0.4,0,0,11,10.0,1.0,180.177304964539,139.0283687943262,-5.758865248226954,-46.90780141843973,0.32367149758454106,0
0.5666666666666667,0.4,0,0,11,11.0,1.0,182.23404255319147,143.20567375886526,-4.404255319148945,-43.43262411347516,0.32463768115942027,0
0.8,0.4,0,0,11,11.0,0.8,182.60283687943263,151.43262411347519,13.666666666666686,-17.50354609929076,0.32367149758454106,0
0.8,0.4,2,0,11,2.0,0.4,183.63120567375884,150.8085106382979,45.97163120567373,13.148936170212778,0.3207729468599034,0
0.8333333333333334,0.4,3,0,11,6.0,0.5,184.56737588652481,151.22695035460993,58.184397163120565,24.843971631205676,0.3178743961352657,0
0.5333333333333333,0.4,4,0,11,11.0,1.0,180.50354609929073,151.2127659574468,27.46099290780137,-1.8297872340425556,0.3140096618357488,0
0.5333333333333333,0.36666666666666664,5,0,11,11.0,1.0,164.4113475177305,152.40425531914894,14.219858156028351,2.2127659574468055,0.3101449275362319,0
0.5,0.4,5,0,11,11.0,1.0,144.32624113475177,157.56737588652484,-6.737588652482287,6.503546099290787,0.3120772946859903,0
0.5,0.36666666666666664,5,0,11,11.0,1.0,139.02836879432624,168.1914893617021,-12.141843971631204,17.021276595744666,0.3207729468599034,0
0.5333333333333333,0.4,5,0,11,10.0,1.0,151.43262411347519,184.60283687943263,0.4113475177304906,33.581560283687935,0.3352657004830918,0
0.5333333333333333,0.36666666666666664,5,0,11,11.0,1.0,150.8085106382979,186.26950354609926,-3.936170212765944,31.524822695035425,0.3314009661835749,0
0.5,0.36666666666666664,4,0,11,11.0,1.0,151.22695035460995,187.4113475177305,-15.70921985815599,20.475177304964546,0.3294685990338164,0
0.5,0.36666666666666664,0,0,11,11.0,1.0,151.2127659574468,184.38297872340425,-31.680851063829778,1.4893617021276668,0.3285024154589372,0
0.5,0.36666666666666664,0,0,11,11.0,1.0,152.40425531914897,171.08510638297875,-31.53191489361697,-12.851063829787194,0.32463768115942027,0
0.5,0.36666666666666664,0,0,11,11.0,1.0,157.56737588652481,149.09219858156027,-29.41134751773049,-37.88652482269504,0.3101449275362319,0
0.5333333333333333,0.4,0,0,11,10.0,1.0,168.19148936170214,153.57446808510636,-19.702127659574444,-34.31914893617022,0.2946859903381642,0
0.5333333333333333,0.4,0,0,10,9.0,1.0,177.92198581560282,167.85815602836877,-9.43971631205676,-19.503546099290816,0.28405797101449276,0
0.9,0.8333333333333334,0,0,9,8.0,0.6666666666666666,184.6028368794326,190.85815602836877,6.709219858156018,12.964539007092185,0.27053140096618356,0
0.9,0.8333333333333334,0,0,8,4.5,0.5,186.26950354609926,190.63829787234042,38.26950354609926,42.63829787234042,0.2570048309178744,0
0.9,0.8333333333333334,0,0,7,3.0,0.46153846153846156,187.4113475177305,190.41843971631204,66.02836879432624,69.03546099290779,0.24347826086956523,0
0.4,0.8333333333333334,0,0,8,7.0,1.0,184.38297872340425,191.20567375886526,-6.957446808510639,-0.13475177304962926,0.22995169082125605,0
0.3333333333333333,0.8333333333333334,1,0,8,8.0,1.0,171.0851063829787,194.24822695035462,-19.765957446808528,3.3971631205673987,0.21642512077294687,0
0.26666666666666666,0.9,0,0,0,0,0,227.97872340425533,149.87234042553192,-2.702127659574444,-80.80851063829786,0.242512077294686,0
0.9666666666666667,0.9666666666666667,0,0,6,4.0,0.5,230.7872340425532,151.78014184397162,23.553191489361694,-55.45390070921988,0.242512077294686,0
1.0,0.9666666666666667,0,0,7,6.0,0.5714285714285714,230.7375886524823,151.2127659574468,128.90780141843973,49.38297872340425,0.24347826086956523,0
0.7333333333333333,0.9666666666666667,0,0,8,7.0,1.0,230.93617021276592,150.03546099290782,84.97872340425528,4.078014184397176,0.24444444444444444,0
0.7333333333333333,0.9666666666666667,0,0,9,8.0,1.0,223.0921985815603,150.32624113475177,71.43262411347519,-1.3333333333333428,0.24541062801932367,0
0.7333333333333333,0.3333333333333333,0,0,10,9.0,1.0,179.91489361702125,154.38297872340425,27.91489361702125,2.38297872340425,0.24830917874396136,0
0.7333333333333333,0.36666666666666664,0,0,11,9.0,1.0,151.67375886524823,166.27659574468086,-0.007092198581545972,14.595744680851084,0.2531400966183575,0
0.7,0.36666666666666664,0,0,11,9.0,1.0,133.14893617021278,178.51773049645394,-16.80851063829786,28.560283687943297,0.26666666666666666,0
0.7333333333333333,0.36666666666666664,0,0,11,8.0,1.0,149.87234042553192,187.66666666666666,1.4042553191489446,39.198581560283685,0.2927536231884058,0
0.7,0.36666666666666664,0,0,11,7.0,1.0,151.78014184397162,189.8014184397163,-0.7730496453900741,37.24822695035459,0.30917874396135264,0
0.6333333333333333,0.23333333333333334,0,0,11,8.0,1.0,151.2127659574468,190.67375886524823,-10.914893617021278,28.54609929078015,0.32463768115942027,0
0.5333333333333333,0.23333333333333334,0,0,11,11.0,1.0,150.0354609929078,191.0851063829787,-34.11347517730499,6.936170212765916,0.34009661835748795,0
0.4666666666666667,0.2,0,0,11,11.0,1.0,154.38297872340425,171.42553191489364,-35.19148936170214,-18.14893617021275,0.3671497584541063,0
0.4666666666666667,0.2,0,0,11,11.0,1.0,166.27659574468086,148.79432624113477,-24.276595744680833,-41.758865248226925,0.357487922705314,0
0.4666666666666667,0.2,0,0,11,11.0,1.0,178.51773049645394,135.56028368794327,-13.375886524822647,-56.333333333333314,0.35555555555555557,0
0.5,0.4,0,0,11,11.0,1.0,187.66666666666666,140.10638297872342,-3.1418439716312037,-50.702127659574444,0.3526570048309179,0
1.0,0.9333333333333333,0,0,11,11.0,1.0,189.80141843971634,149.02127659574467,6.418439716312093,-34.36170212765958,0.3468599033816425,0
1.0,0.9333333333333333,0,0,11,8.0,0.625,190.67375886524823,150.00709219858155,50.58865248226951,9.921985815602824,0.3391304347826087,0
1.0,0.9333333333333333,0,0,11,4.5,0.5,191.0851063829787,147.04255319148936,68.17021276595742,24.127659574468083,0.3314009661835749,0
0.6333333333333333,0.9,0,0,11,8.0,0.875,188.6950354609929,145.67375886524823,45.01418439716312,1.992907801418454,0.32560386473429953,0
0.5666666666666667,0.9,1,0,11,9.0,1.0,171.42553191489364,147.82269503546098,17.7021276595745,-5.900709219858157,0.31980676328502416,0
0.6333333333333333,0.3333333333333333,1,0,11,10.0,1.0,148.79432624113474,153.82978723404256,-0.8652482269503707,4.170212765957444,0.314975845410628,0
0.6333333333333333,0.36666666666666664,2,0,11,11.0,1.0,135.56028368794327,164.30496453900707,-11.078014184397148,17.666666666666657,0.3159420289855073,0
0.6666666666666666,0.36666666666666664,2,0,11,11.0,1.0,140.1063829787234,175.45390070921985,-4.723404255319167,30.624113475177296,0.3342995169082126,0
0.6333333333333333,0.3333333333333333,2,0,11,11.0,1.0,149.02127659574467,184.09929078014184,3.468085106382972,38.54609929078015,0.3536231884057971,0
0.5666666666666667,0.3333333333333333,2,0,11,11.0,1.0,150.00709219858155,187.78014184397162,-3.0780141843971762,34.6950354609929,0.36231884057971014,0
0.5333333333333333,0.3333333333333333,1,0,11,11.0,1.0,147.04255319148936,188.41843971631207,-15.80851063829786,25.567375886524843,0.3690821256038647,0
0.5333333333333333,0.3333333333333333,0,0,11,11.0,1.0,145.67375886524823,188.74468085106386,-31.304964539007074,11.765957446808557,0.37584541062801935,0
0.5,0.4,0,0,11,11.0,1.0,147.822695035461,187.25531914893614,-38.70921985815602,0.7234042553191102,0.38357487922705313,0
0.5,0.4,0,0,11,11.0,1.0,153.82978723404256,164.354609929078,-34.95744680851064,-24.432624113475185,0.38357487922705313,0
0.4666666666666667,0.36666666666666664,0,0,11,11.0,1.0,164.3049645390071,137.0709219858156,-23.716312056737593,-50.95035460992909,0.3719806763285024,0
0.4666666666666667,0.36666666666666664,0,0,11,10.5,1.0,175.45390070921985,120.70921985815603,-12.992907801418454,-67.73758865248227,0.370048309178744,0
0.5,0.8,0,0,11,11.0,1.0,184.09929078014184,129.80851063829786,-5.666666666666657,-59.95744680851064,0.36618357487922704,0
0.9,0.8,0,0,11,10.0,0.8333333333333334,187.78014184397162,142.8014184397163,4.226950354609926,-40.75177304964541,0.36038647342995167,0
0.9,0.8,2,0,11,4.5,0.5,188.41843971631207,146.20567375886523,68.67375886524823,26.460992907801398,0.3545893719806763,0
0.9,0.8,3,0,11,4.5,0.5,188.7446808510638,146.82978723404253,80.82978723404253,38.91489361702125,0.34879227053140094,0
0.5666666666666667,0.8,5,0,11,11.0,1.0,187.2553191489362,148.08510638297872,52.78723404255322,13.61702127659575,0.34202898550724636,0
0.5333333333333333,0.8,5,0,11,11.0,1.0,164.354609929078,152.52482269503545,17.312056737588648,5.482269503546092,0.3352657004830918,0
0.5333333333333333,0.36666666666666664,5,0,11,11.0,1.0,137.0709219858156,161.0709219858156,-9.822695035460981,14.177304964539019,0.3314009661835749,0
0.5,0.36666666666666664,5,0,11,11.0,0.8333333333333334,120.70921985815603,173.94326241134752,-23.971631205673745,29.26241134751774,0.3314009661835749,0
0.5,0.36666666666666664,5,0,11,11.0,1.0,129.80851063829786,184.9645390070922,-19.106382978723417,36.049645390070935,0.3458937198067633,0
0.5,0.36666666666666664,5,0,11,11.0,1.0,142.8014184397163,190.60992907801418,-7.858156028368825,39.950354609929065,0.3565217391304348,0
0.5,0.36666666666666664,5,0,11,11.0,1.0,146.20567375886523,192.06382978723403,-11.794326241134769,34.06382978723403,0.34782608695652173,0
0.4666666666666667,0.36666666666666664,0,0,11,11.0,1.0,146.82978723404256,192.08510638297875,-27.72340425531914,17.531914893617056,0.34009661835748795,0
0.4666666666666667,0.36666666666666664,0,0,11,11.0,1.0,148.08510638297872,191.1205673758865,-41.19148936170214,1.8439716312056476,0.3323671497584541,0
0.43333333333333335,0.36666666666666664,0,0,11,11.0,1.0,152.52482269503545,180.29787234042553,-38.5390070921986,-10.765957446808528,0.32367149758454106,0
0.4,0.36666666666666664,0,0,11,11.0,1.0,161.0709219858156,159.4964539007092,-30.418439716312065,-31.992907801418454,0.2995169082125604,0
0.43333333333333335,0.3333333333333333,0,0,11,11.0,1.0,173.94326241134752,143.95744680851064,-19.695035460992898,-49.68085106382978,0.27342995169082124,0
0.4666666666666667,0.36666666666666664,0,0,10,10.0,1.0,184.96453900709218,162.43971631205673,-6.163120567375898,-28.687943262411352,0.2570048309178744,0
0.6,0.7,0,0,9,9.0,1.0,190.60992907801418,191.70921985815605,2.0141843971631204,3.1134751773049913,0.24154589371980675,0
0.8333333333333334,0.7,0,0,8,8.0,0.6666666666666666,192.06382978723408,215.85106382978725,30.89361702127664,54.680851063829806,0.22608695652173913,0
0.8333333333333334,0.7,0,0,7,3.0,0.36363636363636365,192.08510638297875,215.24113475177307,63.36170212765961,86.51773049645394,0.2106280193236715,0
0.8,0.6666666666666666,0,0,6,4.5,0.5,191.1205673758865,215.1985815602837,49.141843971631204,73.21985815602841,0.1961352657004831,0
0.13333333333333333,0.6666666666666666,0,0,0,0,0,180.29787234042553,217.17021276595744,-36.31914893617022,0.5531914893616943,0.18067632850241547,0
0.2,0.5333333333333333,0,0,0,0,0,159.4964539007092,220.822695035461,-57.035460992907815,4.290780141843982,0.16521739130434782,0
0.23333333333333334,0.4666666666666667,0,0,0,0,0,230.41843971631204,172.56028368794327,-1.1985815602837135,-59.05673758865248,0.157487922705314,0
0.6,0.4666666666666667,0,0,6,6.0,1.0,232.20567375886526,188.42553191489364,23.886524822695037,-19.893617021276583,0.1642512077294686,0
0.6,0.4666666666666667,11,0,7,6.0,0.7142857142857143,233.51773049645388,189.1985815602837,68.3687943262411,24.049645390070935,0.17198067632850242,0
0.5666666666666667,0.4666666666666667,12,0,8,7.0,0.7142857142857143,233.8439716312057,190.4964539007092,92.58865248226954,49.241134751773046,0.17971014492753623,0
0.43333333333333335,0.4666666666666667,0,0,9,8.0,1.0,224.9290780141844,191.9078014184397,37.078014184397176,4.0567375886524815,0.18647342995169083,0
0.43333333333333335,0.4666666666666667,0,0,10,9.0,1.0,201.69503546099293,191.99290780141845,13.120567375886537,3.418439716312065,0.19420289855072465,0
0.43333333333333335,0.3333333333333333,0,0,11,10.0,1.0,171.57446808510636,190.4113475177305,-17.27659574468086,1.5602836879432687,0.20096618357487922,0
0.43333333333333335,0.3333333333333333,0,0,11,11.0,1.0,164.75177304964538,187.87234042553192,-25.418439716312065,-2.2978723404255277,0.20869565217391303,0
0.43333333333333335,0.3333333333333333,0,0,11,11.0,1.0,172.56028368794327,188.04964539007094,-19.907801418439703,-4.418439716312037,0.22801932367149758,0
0.43333333333333335,0.3333333333333333,0,0,11,11.0,1.0,188.42553191489364,189.90070921985816,-4.659574468085083,-3.1843971631205648,0.23671497584541062,0
0.5,0.4666666666666667,0,0,11,11.0,1.0,189.90070921985816,190.1631205673759,-2.6737588652482316,-2.4113475177304906,0.2396135265700483,0
0.5333333333333333,0.4666666666666667,0,0,11,11.0,1.0,192.1276595744681,193.85815602836877,6.808510638297889,8.539007092198545,0.23768115942028986,0
0.5333333333333333,0.4666666666666667,15,0,11,11.0,0.7142857142857143,192.3475177304965,194.85106382978725,48.11347517730499,50.61702127659575,0.2357487922705314,0
0.43333333333333335,0.4666666666666667,0,0,11,11.0,1.0,192.11347517730496,196.20567375886526,9.177304964539019,13.269503546099315,0.2357487922705314,0
0.43333333333333335,0.4666666666666667,0,0,11,11.0,1.0,189.8368794326241,196.354609929078,-4.01418439716312,2.503546099290787,0.23478260869565218,0
0.43333333333333335,0.3333333333333333,0,0,11,11.0,1.0,174.04255319148936,196.2482269503546,-19.65957446808511,2.54609929078012,0.23478260869565218,0
0.43333333333333335,0.3333333333333333,0,0,11,11.0,1.0,194.5035460992908,177.1205673758865,-1.9007092198581574,-19.283687943262436,0.23478260869565218,0
0.5666666666666667,0.4666666666666667,0,0,11,11.0,1.0,194.0851063829787,188.8156028368794,0.5531914893616658,-4.716312056737621,0.23478260869565218,0
0.5333333333333333,0.4666666666666667,0,0,11,11.0,1.0,194.70212765957444,194.13475177304963,31.319148936170194,30.75177304964538,0.2357487922705314,0
0.5333333333333333,0.4666666666666667,16,0,11,11.0,0.7142857142857143,195.58156028368796,194.7872340425532,36.624113475177325,35.829787234042556,0.23864734299516907,0
0.43333333333333335,0.4666666666666667,0,0,11,11.0,1.0,195.09929078014184,194.32624113475177,15.503546099290787,14.730496453900713,0.24154589371980675,0
0.43333333333333335,0.4666666666666667,0,0,11,11.0,1.0,184.43971631205673,192.48936170212767,-8.36879432624113,-0.319148936170194,0.24347826086956523,0
0.43333333333333335,0.3333333333333333,0,0,11,11.0,1.0,171.95744680851064,190.4964539007092,-22.085106382978722,-3.5460992907801483,0.2463768115942029,0
0.4666666666666667,0.3333333333333333,0,0,11,11.0,1.0,194.32624113475177,190.75886524822695,3.496453900709213,-0.07092198581560183,0.23864734299516907,0
0.5,0.3333333333333333,0,0,11,11.0,1.0,192.48936170212764,190.8085106382979,-0.2978723404255561,-1.9787234042553052,0.2318840579710145,0
0.5,0.3333333333333333,0,0,11,11.0,1.0,190.4964539007092,178.41134751773052,-1.4822695035460924,-13.567375886524786,0.221256038647343,0
0.4666666666666667,0.3333333333333333,0,0,11,11.0,1.0,189.88652482269504,176.2695035460993,-0.7730496453900741,-14.390070921985824,0.20193236714975846,0
0.4666666666666667,0.3333333333333333,0,0,10,10.0,1.0,190.80141843971634,190.00709219858155,-2.6666666666666288,-3.460992907801426,0.19227053140096617,0
0.5,0.4666666666666667,0,0,9,9.0,1.0,191.86524822695037,215.177304964539,3.7163120567375927,27.028368794326212,0.18454106280193236,0
0.5333333333333333,0.4666666666666667,0,0,8,8.0,1.0,191.8085106382979,231.12765957446808,1.0000000000000284,40.31914893617022,0.17681159420289855,0
0.5333333333333333,0.4666666666666667,0,0,7,7.0,0.7142857142857143,192.03546099290782,230.92198581560282,35.758865248226954,74.64539007092196,0.17004830917874397,0
0.5333333333333333,0.4666666666666667,0,0,6,6.0,0.7142857142857143,190.75886524822695,231.84397163120568,9.035460992907815,50.12056737588654,0.16231884057971013,0
0.13333333333333333,0.4666666666666667,0,0,0,0,0,190.8085106382979,233.12765957446808,-41.212765957446805,1.1063829787233885,0.15458937198067632,0
0.16666666666666666,0.4666666666666667,0,0,0,0,0,178.41134751773052,232.99290780141845,-53.375886524822675,1.2056737588652595,0.1468599033816425,0
0.2,0.9666666666666667,0,0,0,0,0,230.0,154.39007092198582,-0.3829787234042499,-75.99290780141843,0.12657004830917876,1
0.5666666666666667,0.4666666666666667,0,0,0,0,0,227.39716312056737,178.37588652482268,-3.730496453900713,-52.75177304964541,0.21932367149758455,0
0.6,0.4666666666666667,0,0,6,6.0,1.0,231.59574468085103,184.97872340425533,45.85106382978719,-0.7659574468084998,0.22801932367149758,0
0.6,0.4666666666666667,15,0,7,6.0,0.7142857142857143,231.4468085106383,185.47517730496452,74.70212765957447,28.730496453900685,0.23671497584541062,0
0.6,0.4666666666666667,0,0,8,7.0,1.0,231.1914893617021,186.645390070922,65.70212765957444,21.156028368794324,0.24541062801932367,0
0.4666666666666667,0.4666666666666667,0,0,9,8.0,1.0,216.17021276595744,187.36170212765958,31.446808510638306,2.638297872340445,0.22705314009661837,0
0.4666666666666667,0.36666666666666664,0,0,10,9.0,1.0,191.20567375886526,187.70212765957444,6.290780141843982,2.787234042553166,0.20869565217391303,0
0.4666666666666667,0.36666666666666664,0,0,11,11.0,1.0,188.14893617021278,179.0283687943262,-1.319148936170194,-10.43971631205676,0.24830917874396136,0
0.6,0.36666666666666664,0,0,11,11.0,0.8333333333333334,188.354609929078,191.90780141843973,11.375886524822704,14.929078014184427,0.24734299516908212,0
0.6,0.36666666666666664,2,0,11,11.0,0.7142857142857143,188.79432624113474,193.2553191489362,31.900709219858157,36.36170212765961,0.2463768115942029,0
0.6,0.36666666666666664,2,0,11,11.0,0.7142857142857143,189.40425531914892,193.88652482269504,34.7659574468085,39.24822695035462,0.2463768115942029,0
0.43333333333333335,0.36666666666666664,0,0,11,11.0,1.0,185.30496453900707,193.80851063829786,-5.3120567375886765,3.1914893617021107,0.24734299516908212,0
0.43333333333333335,0.36666666666666664,0,0,11,11.0,1.0,174.4468085106383,193.43971631205673,-17.38297872340425,1.6099290780141757,0.24734299516908212,0
0.4666666666666667,0.3333333333333333,0,0,11,11.0,1.0,191.08510638297875,159.56737588652484,0.9148936170213062,-30.6028368794326,0.2463768115942029,0
0.5,0.5,0,0,11,11.0,1.0,190.00709219858155,178.77304964539007,2.198581560283685,-9.035460992907787,0.24734299516908212,0
0.6,0.5,0,0,11,11.0,0.8,190.6595744680851,187.36170212765958,18.489361702127667,15.19148936170214,0.24830917874396136,0
0.6333333333333333,0.5,14,0,11,7.0,0.5,190.09929078014184,188.57446808510636,58.6950354609929,57.170212765957416,0.2492753623188406,0
0.6333333333333333,0.5,0,0,11,11.0,0.8,189.56028368794327,188.87234042553192,27.17730496453902,26.489361702127667,0.25024154589371983,0
0.4666666666666667,0.5333333333333333,0,0,11,11.0,1.0,183.38297872340425,189.41134751773052,-1.531914893617028,4.496453900709241,0.25120772946859904,0
0.4666666666666667,0.36666666666666664,0,0,11,11.0,1.0,163.79432624113474,189.65248226950357,-25.226950354609954,0.6312056737588705,0.25217391304347825,0
0.5,0.5333333333333333,0,0,9,8.0,1.0,189.91489361702125,217.1914893617021,5.276595744680833,32.553191489361694,0.18164251207729468,0
0.6333333333333333,0.5333333333333333,0,0,8,7.0,1.0,190.47517730496452,228.2127659574468,20.815602836879407,58.553191489361694,0.17294685990338166,0
0.6333333333333333,0.5333333333333333,11,0,7,3.5,0.5,190.39716312056737,228.2482269503546,65.73758865248226,103.58865248226948,0.1642512077294686,0
0.26666666666666666,0.5333333333333333,0,0,6,6.0,1.0,188.42553191489364,228.177304964539,-6.680851063829778,33.07092198581557,0.15555555555555556,0
0.13333333333333333,0.5333333333333333,0,0,0,0,0,181.5531914893617,229.45390070921985,-46.38297872340425,1.5177304964539076,0.1468599033816425,0
0.6666666666666666,0.4,0,0,0,0,0,231.59574468085108,161.26241134751774,2.148936170212778,-68.18439716312056,0.17198067632850242,0
0.7,0.4,0,0,6,6.0,0.6666666666666666,233.76595744680853,167.17021276595744,50.063829787234056,-16.531914893617028,0.18164251207729468,0
0.7333333333333333,0.4,0,0,7,6.0,0.625,233.22695035460993,168.5035460992908,84.99290780141843,20.269503546099287,0.19227053140096617,0
0.6333333333333333,0.4,0,0,8,7.0,0.8333333333333334,231.31914893617022,169.07801418439718,81.4468085106383,19.20567375886526,0.2028985507246377,0
0.4666666666666667,0.4,0,0,9,8.0,1.0,214.3758865248227,169.68794326241135,47.48226950354612,2.794326241134769,0.2135265700483092,0
0.4666666666666667,0.4,0,0,10,9.0,1.0,187.1276595744681,170.53191489361703,20.106382978723417,3.510638297872333,0.22415458937198068,0
0.4666666666666667,0.36666666666666664,0,0,11,10.0,1.0,160.60283687943263,173.63829787234044,-6.992907801418426,6.0425531914893895,0.23768115942028986,0
0.4666666666666667,0.36666666666666664,0,0,11,11.0,1.0,155.0,177.58156028368793,-15.893617021276583,6.687943262411352,0.2599033816425121,0
0.5,0.36666666666666664,0,0,11,11.0,1.0,161.26241134751774,180.84397163120568,-7.482269503546092,12.099290780141843,0.2753623188405797,0
0.5333333333333333,0.36666666666666664,0,0,11,11.0,1.0,167.17021276595744,183.20567375886526,-2.2553191489361666,13.780141843971649,0.28599033816425123,0
0.5333333333333333,0.3333333333333333,0,0,11,11.0,1.0,168.5035460992908,185.34751773049643,-4.921985815602824,11.921985815602824,0.2975845410628019,0
0.5,0.36666666666666664,0,0,11,11.0,1.0,169.07801418439718,185.97872340425533,-8.98581560283688,7.914893617021278,0.30917874396135264,0
0.5,0.36666666666666664,0,0,11,11.0,1.0,169.68794326241132,175.13475177304966,-11.567375886524843,-6.120567375886509,0.3207729468599034,0
0.4666666666666667,0.36666666666666664,0,0,11,11.0,1.0,170.53191489361703,156.85106382978725,-12.680851063829778,-26.361702127659555,0.32657004830917874,0
0.4666666666666667,0.36666666666666664,0,0,11,11.0,1.0,173.63829787234044,144.24113475177307,-11.510638297872333,-40.9078014184397,0.3169082125603865,0
0.5,0.43333333333333335,0,0,11,11.0,1.0,177.58156028368793,150.88652482269504,-10.099290780141843,-36.79432624113474,0.3101449275362319,0
0.6666666666666666,0.5666666666666667,0,0,11,11.0,1.0,180.8439716312057,164.04964539007094,-4.262411347517713,-21.05673758865248,0.30628019323671496,0
0.8,0.5666666666666667,0,0,11,11.0,0.8571428571428571,183.20567375886526,171.354609929078,30.58865248226951,18.73758865248226,0.3033816425120773,0
0.8,0.5666666666666667,8,0,11,7.0,0.6666666666666666,185.34751773049643,170.6950354609929,52.51773049645388,37.86524822695034,0.3004830917874396,0
0.7666666666666667,0.5666666666666667,0,0,11,11.0,0.8571428571428571,185.97872340425533,171.2553191489362,38.70212765957447,23.978723404255334,0.2975845410628019,0
0.43333333333333335,0.5666666666666667,0,0,11,11.0,1.0,175.13475177304963,174.38297872340425,2.581560283687935,1.8297872340425556,0.2946859903381642,0
0.43333333333333335,0.2,0,0,11,10.0,1.0,156.85106382978725,178.95744680851064,-15.468085106382972,6.6382978723404165,0.29178743961352654,0
0.4666666666666667,0.2,0,0,11,10.0,1.0,144.24113475177307,184.04964539007094,-24.950354609929065,14.858156028368796,0.29082125603864734,0
0.4666666666666667,0.2,0,0,11,9.5,1.0,150.88652482269504,188.01418439716312,-19.687943262411352,17.43971631205673,0.30531400966183575,0
0.5,0.2,0,0,11,10.0,1.0,164.04964539007094,189.354609929078,-9.950354609929065,15.35460992907801,0.31980676328502416,0
0.5,0.2,0,0,11,11.0,1.0,171.354609929078,189.98581560283688,-7.21985815602838,11.41134751773049,0.32270531400966185,0
0.5,0.4,0,0,11,11.0,1.0,170.69503546099293,190.6241134751773,-13.602836879432601,6.326241134751768,0.32463768115942027,0
0.4666666666666667,0.2,0,0,11,11.0,1.0,171.2553191489362,191.89361702127658,-18.021276595744666,2.6170212765957217,0.32657004830917874,0
0.4,0.36666666666666664,0,0,11,11.0,1.0,188.01418439716312,135.11347517730496,-4.3687943262411295,-57.26950354609929,0.3188405797101449,0
0.5,0.7333333333333333,0,0,11,11.0,1.0,189.35460992907804,142.1276595744681,-2.7730496453900457,-49.99999999999997,0.3207729468599034,0
0.8,0.7333333333333333,0,0,11,11.0,1.0,189.98581560283688,157.00709219858157,16.900709219858157,-16.078014184397148,0.3178743961352657,0
0.8333333333333334,0.7333333333333333,2,0,11,2.0,0.45454545454545453,190.6241134751773,156.87943262411346,55.56028368794324,21.815602836879407,0.3159420289855073,0
0.8333333333333334,0.7333333333333333,3,0,11,4.5,0.5,191.89361702127658,156.4822695035461,78.93617021276594,43.52482269503545,0.3130434782608696,0
0.4666666666666667,0.7333333333333333,4,0,11,11.0,1.0,185.86524822695034,155.48936170212767,28.54609929078012,-1.8297872340425556,0.3101449275362319,0
0.43333333333333335,0.4666666666666667,5,0,11,11.0,1.0,166.75886524822695,156.0283687943262,10.652482269503537,-0.07801418439720464,0.30821256038647343,0
0.4666666666666667,0.36666666666666664,6,0,11,11.0,1.0,157.00709219858155,188.13475177304963,2.390070921985796,33.51773049645388,0.32367149758454106,0
0.43333333333333335,0.36666666666666664,5,0,11,11.0,1.0,156.8794326241135,189.77304964539007,-1.6737588652482032,31.21985815602838,0.32367149758454106,0
0.43333333333333335,0.36666666666666664,5,0,11,11.0,1.0,156.4822695035461,188.91489361702125,-11.113475177304963,21.319148936170194,0.32270531400966185,0
0.43333333333333335,0.36666666666666664,0,0,11,11.0,1.0,155.48936170212764,187.38297872340425,-28.7021276595745,3.1914893617021107,0.32270531400966185,0
0.43333333333333335,0.36666666666666664,0,0,11,11.0,0.8,156.02836879432624,187.47517730496452,-32.58865248226951,-1.141843971631232,0.31980676328502416,0
0.4666666666666667,0.36666666666666664,0,0,11,11.0,1.0,160.2553191489362,185.06382978723403,-31.34042553191486,-6.531914893617028,0.30241545893719807,0
0.4666666666666667,0.36666666666666664,0,0,11,11.0,1.0,170.11347517730496,160.39716312056737,-18.992907801418454,-28.709219858156047,0.28502415458937197,0
0.5,0.2,0,0,11,9.0,1.0,188.13475177304963,162.56028368794327,1.1347517730496293,-24.43971631205673,0.2714975845410628,0
0.5333333333333333,0.8,0,0,10,8.0,1.0,189.77304964539007,189.02127659574467,0.39007092198582427,-0.36170212765958354,0.2618357487922705,0
0.9,0.8,0,0,9,7.0,0.8333333333333334,188.91489361702125,193.29787234042553,10.106382978723389,14.489361702127667,0.2492753623188406,0
0.9,0.8,0,0,8,5.5,0.5833333333333334,187.38297872340425,193.12765957446808,74.38297872340425,80.12765957446808,0.23671497584541062,0
0.5,0.8,0,0,7,7.0,1.0,187.47517730496452,194.00709219858155,7.836879432624102,14.36879432624113,0.22415458937198068,0
0.3333333333333333,0.8,1,0,8,6.5,1.0,185.06382978723403,195.76595744680853,-9.978723404255334,0.7234042553191671,0.20966183574879227,0
0.7333333333333333,0.9666666666666667,0,0,0,0,0,227.47517730496452,149.16312056737587,-2.8439716312057044,-81.15602836879435,0.2589371980676328,0
0.9666666666666667,1.0,0,0,6,6.0,0.6666666666666666,229.65248226950357,155.2836879432624,38.80141843971634,-35.567375886524815,0.2608695652173913,0
1.0,1.0,0,0,7,5.5,0.5714285714285714,230.08510638297875,155.354609929078,117.19148936170215,42.46099290780141,0.2618357487922705,0
0.9666666666666667,1.0,0,0,8,7.0,0.9,230.17021276595744,154.88652482269504,93.31914893617022,18.035460992907815,0.26280193236714977,0
0.6666666666666666,1.0333333333333334,0,0,9,8.0,1.0,217.32624113475177,155.00709219858157,61.45390070921985,-0.8652482269503423,0.263768115942029,0
0.6666666666666666,0.36666666666666664,0,0,10,9.0,1.0,178.02127659574467,157.12056737588654,23.255319148936167,2.3546099290780376,0.26763285024154587,0
0.6666666666666666,0.36666666666666664,0,0,11,9.5,1.0,146.86524822695034,164.53191489361703,-8.347517730496463,9.319148936170222,0.27053140096618356,0
0.6333333333333333,0.36666666666666664,0,0,11,10.0,1.0,135.20567375886523,173.82978723404256,-20.87943262411349,17.744680851063833,0.28405797101449276,0
0.6666666666666666,0.36666666666666664,0,0,11,9.0,1.0,149.1631205673759,181.58865248226948,-4.198581560283685,28.226950354609897,0.30628019323671496,0
0.6333333333333333,0.3333333333333333,0,0,11,9.0,1.0,155.2836879432624,185.58865248226948,-0.2907801418439817,30.014184397163092,0.32367149758454106,0
0.6333333333333333,0.3333333333333333,0,0,11,8.0,1.0,155.354609929078,186.7872340425532,-7.070921985815602,24.361702127659584,0.33816425120772947,0
0.5333333333333333,0.3333333333333333,0,0,11,11.0,1.0,154.88652482269504,186.56028368794327,-20.70921985815602,10.964539007092213,0.35555555555555557,0
0.43333333333333335,0.3333333333333333,0,0,11,11.0,1.0,155.00709219858157,186.46099290780145,-28.460992907801398,2.9929078014184824,0.3739130434782609,0
0.43333333333333335,0.3333333333333333,0,0,11,11.0,1.0,157.1205673758865,172.91489361702125,-28.581560283687963,-12.787234042553223,0.38454106280193234,0
0.4,0.3333333333333333,0,0,11,11.0,1.0,164.53191489361703,153.89361702127658,-23.063829787234027,-33.70212765957447,0.3739130434782609,0
0.43333333333333335,0.2,0,0,11,11.0,1.0,173.82978723404253,137.09219858156027,-13.234042553191529,-49.97163120567379,0.3719806763285024,0
0.43333333333333335,0.36666666666666664,0,0,11,8.5,1.0,181.58865248226948,137.53900709219857,-3.432624113475214,-47.48226950354612,0.3690821256038647,0
0.8666666666666667,0.36666666666666664,0,0,11,11.0,1.0,185.5886524822695,143.51063829787233,-1.7092198581560183,-43.787234042553195,0.36231884057971014,0
0.9,0.36666666666666664,0,0,11,8.0,0.625,186.7872340425532,147.14184397163123,40.36170212765958,0.7163120567376211,0.35555555555555557,0
0.9333333333333333,0.36666666666666664,0,0,11,4.5,0.5,186.56028368794327,147.61702127659575,58.60283687943263,19.65957446808511,0.3507246376811594,0
0.7,0.36666666666666664,0,0,11,10.0,0.875,186.4609929078014,148.92198581560285,49.567375886524815,12.02836879432627,0.3468599033816425,0
0.6666666666666666,0.36666666666666664,0,0,11,11.0,1.0,172.91489361702125,152.34751773049646,25.14893617021275,4.581560283687963,0.34106280193236715,0
0.6666666666666666,0.26666666666666666,0,0,11,10.5,1.0,153.89361702127658,160.17021276595744,8.021276595744666,14.297872340425528,0.3342995169082126,0
0.6333333333333333,0.26666666666666666,0,0,11,9.5,1.0,137.09219858156027,171.85106382978725,-10.695035460992926,24.063829787234056,0.33816425120772947,0
0.5666666666666667,0.26666666666666666,0,0,11,8.5,1.0,137.5390070921986,181.78014184397162,-11.652482269503537,32.58865248226948,0.3536231884057971,0
0.5666666666666667,0.26666666666666666,0,0,11,8.0,1.0,143.51063829787233,186.29787234042553,-6.276595744680861,36.51063829787233,0.3652173913043478,0
0.5333333333333333,0.26666666666666666,0,1,11,7.0,1.0,147.1418439716312,186.26950354609926,-10.921985815602852,28.205673758865203,0.37584541062801935,0
0.4666666666666667,0.26666666666666666,0,1,11,11.0,1.0,147.61702127659575,185.52482269503548,-25.04255319148936,12.86524822695037,0.38454106280193234,0
0.4,0.23333333333333334,0,1,11,11.0,1.0,148.92198581560285,185.1205673758865,-35.9078014184397,0.2907801418439533,0.3903381642512077,0
0.3,0.2,0,1,11,11.0,1.0,152.34751773049643,174.6312056737589,-35.50354609929079,-13.219858156028323,0.39903381642512076,0
0.3333333333333333,0.2,0,2,11,11.0,1.0,181.78014184397162,136.8581560283688,-3.83687943262413,-48.758865248226954,0.3884057971014493,0
0.7333333333333333,0.4666666666666667,0,2,11,11.0,1.0,186.29787234042553,144.42553191489364,1.2978723404255277,-40.57446808510636,0.38164251207729466,0
0.8,0.4666666666666667,0,2,11,7.5,0.6666666666666666,186.2695035460993,149.25531914893617,32.992907801418426,-4.021276595744695,0.3748792270531401,0
0.8333333333333334,0.4666666666666667,0,3,11,6.0,0.5454545454545454,185.52482269503545,148.63120567375884,57.75886524822694,20.865248226950328,0.3671497584541063,0
0.7333333333333333,0.4666666666666667,0,3,11,7.0,0.7777777777777778,185.1205673758865,147.7375886524823,51.54609929078012,14.163120567375898,0.35942028985507246,0
0.5,0.4666666666666667,0,3,11,8.0,1.0,174.6312056737589,148.7375886524823,25.3971631205674,-0.4964539007092128,0.3516908212560386,0
0.5,0.3,0,3,11,9.5,1.0,155.34751773049646,153.29078014184395,4.879432624113491,2.822695035460981,0.34299516908212563,0
0.5,0.26666666666666666,0,3,11,10.0,1.0,138.20567375886526,162.59574468085108,-9.858156028368796,14.531914893617028,0.34202898550724636,0
0.4666666666666667,0.26666666666666666,0,3,11,10.0,1.0,136.8581560283688,173.85815602836882,-10.503546099290787,26.49645390070924,0.357487922705314,0
0.4666666666666667,0.26666666666666666,0,4,11,9.5,1.0,144.4255319148936,182.0283687943262,-3.3617021276595835,34.24113475177302,0.36618357487922704,0
0.4666666666666667,0.26666666666666666,0,4,11,9.0,1.0,149.25531914893617,185.85106382978722,-1.8085106382978893,34.787234042553166,0.3652173913043478,0
0.43333333333333335,0.26666666666666666,0,4,11,11.0,1.0,148.6312056737589,186.29078014184395,-12.390070921985796,25.26950354609926,0.36135265700483093,0
0.36666666666666664,0.26666666666666666,0,5,11,11.0,1.0,147.7375886524823,186.31205673758868,-27.964539007092185,10.609929078014204,0.35845410628019325,0
0.23333333333333334,0.2,0,5,11,11.0,1.0,148.73758865248226,179.31914893617022,-36.11347517730496,-5.5319148936169995,0.357487922705314,0
0.3,0.6,0,0,11,9.0,1.0,182.0283687943262,179.47517730496455,-3.567375886524843,-6.120567375886509,0.3072463768115942,0
0.6333333333333333,0.6,0,5,11,7.5,1.0,185.85106382978722,196.66666666666666,19.659574468085083,30.475177304964518,0.29178743961352654,0
0.6666666666666666,0.6666666666666666,0,5,11,4.0,0.5,186.29078014184395,195.41843971631207,48.73758865248226,57.86524822695037,0.2753623188405797,0
0.7,0.7,0,0,11,4.0,0.5,186.31205673758868,194.63829787234044,43.54609929078018,51.872340425531945,0.2570048309178744,0
0.36666666666666664,0.7,0,0,11,8.5,1.0,179.31914893617022,194.85815602836882,-19.38297872340425,-3.8439716312056476,0.2396135265700483,0
0.4,0.3,0,0,11,9.0,1.0,163.11347517730496,196.47517730496455,-33.843971631205676,-0.48226950354609244,0.2222222222222222,0
0.43333333333333335,0.26666666666666666,0,0,11,9.0,1.0,148.8368794326241,201.23404255319147,-45.50354609929079,6.893617021276583,0.20676328502415459,0
0.4,0.3,0,0,11,9.0,1.0,159.67375886524823,211.31205673758868,-35.28368794326241,16.354609929078038,0.19710144927536233,0
0.43333333333333335,0.3,0,0,11,8.0,1.0,179.47517730496452,221.99290780141845,-15.141843971631232,27.375886524822704,0.18647342995169083,0
0.43333333333333335,0.3,0,0,11,8.0,1.0,196.66666666666666,230.67375886524823,1.6666666666666572,35.67375886524823,0.1758454106280193,0
0.36666666666666664,0.26666666666666666,0,0,11,7.0,1.0,195.41843971631207,233.99290780141845,-4.390070921985796,34.18439716312059,0.1671497584541063,0
0.3333333333333333,0.26666666666666666,0,0,11,6.0,1.0,194.63829787234044,234.95744680851067,-14.255319148936138,26.063829787234084,0.157487922705314,0
0.23333333333333334,0.23333333333333334,0,0,11,11.0,1.0,194.85815602836882,235.13475177304966,-30.375886524822675,9.900709219858157,0.15555555555555556,0
0.2,0.2,0,0,11,11.0,1.0,196.47517730496455,235.88652482269504,-35.375886524822675,4.035460992907815,0.17198067632850242,0
0.5666666666666667,0.9666666666666667,0,0,11,11.0,1.0,237.01418439716312,172.39007092198582,-1.304964539007102,-65.9290780141844,0.10241545893719807,1
0.16666666666666666,0.4666666666666667,0,0,11,11.0,1.0,238.9716312056738,158.23404255319147,-1.7730496453900457,-82.51063829787236,0.2560386473429952,0
0.5333333333333333,0.5333333333333333,0,0,11,11.0,1.0,239.645390070922,149.29787234042553,18.687943262411352,-71.65957446808511,0.263768115942029,0
0.5666666666666667,0.5666666666666667,0,7,11,3.5,0.5,239.80851063829786,141.82978723404256,108.38297872340425,10.404255319148945,0.27342995169082124,0
0.4,0.6,0,7,11,7.0,1.0,240.04255319148936,142.00709219858155,75.08510638297872,-22.950354609929093,0.2763285024154589,0
0.43333333333333335,0.6,0,6,11,8.0,1.0,233.87234042553192,147.72340425531914,71.59574468085106,-14.553191489361723,0.25507246376811593,0
0.5666666666666667,0.3,0,1,11,8.0,0.8571428571428571,197.709219858156,154.7375886524823,50.24113475177302,7.269503546099315,0.2357487922705314,0
0.5666666666666667,0.3,0,1,11,9.0,0.8571428571428571,172.4468085106383,164.73758865248226,34.29787234042553,26.58865248226948,0.24057971014492754,0
0.5666666666666667,0.3,0,0,11,8.5,0.875,152.88652482269504,176.00709219858155,13.01418439716312,36.13475177304963,0.2608695652173913,0
0.4666666666666667,0.3,0,0,11,8.0,1.0,158.23404255319147,185.95744680851067,10.234042553191472,37.95744680851067,0.30144927536231886,0
0.43333333333333335,0.3,0,5,11,8.0,1.0,149.29787234042556,190.39716312056737,-5.999999999999972,35.09929078014184,0.3188405797101449,0
0.4,0.3,0,5,11,8.0,1.0,141.82978723404256,192.1205673758865,-19.085106382978722,31.20567375886523,0.3323671497584541,0
0.3333333333333333,0.26666666666666666,0,5,11,10.5,1.0,142.00709219858155,193.59574468085108,-35.992907801418454,15.595744680851084,0.34782608695652173,0
0.16666666666666666,0.2,0,4,11,11.0,1.0,147.72340425531914,192.8085106382979,-41.38297872340428,3.7021276595744723,0.3642512077294686,0
0.23333333333333334,0.2,0,3,11,10.0,1.0,185.95744680851064,117.77304964539007,-9.2340425531915,-77.41843971631207,0.37294685990338167,0
1.0333333333333334,1.0333333333333334,0,3,11,9.5,1.0,190.39716312056737,146.04964539007094,1.4397163120567313,-42.9078014184397,0.3652173913043478,0
1.0333333333333334,1.0333333333333334,2,2,11,7.0,0.5714285714285714,192.1205673758865,156.19148936170214,82.95035460992906,47.021276595744695,0.357487922705314,0
1.0333333333333334,1.0333333333333334,4,2,11,1.0,0.25,193.59574468085108,154.89361702127658,122.08510638297874,83.38297872340424,0.3468599033816425,0
0.6333333333333333,1.0333333333333334,4,2,11,11.0,1.0,192.8085106382979,153.81560283687944,68.80851063829789,29.815602836879435,0.34009661835748795,0
0.26666666666666666,1.0333333333333334,5,1,11,11.0,1.0,164.43971631205673,154.645390070922,6.6312056737588705,-3.16312056737587,0.3342995169082126,0
0.23333333333333334,0.23333333333333334,5,1,11,11.0,1.0,123.21276595744682,157.87234042553192,-33.12765957446807,1.531914893617028,0.32753623188405795,0
0.3,0.23333333333333334,6,1,11,11.0,1.0,101.56028368794325,166.4113475177305,-52.86524822695036,11.98581560283688,0.3285024154589372,0
0.3333333333333333,0.26666666666666666,6,0,11,10.0,1.0,117.77304964539007,177.72340425531914,-36.141843971631204,23.80851063829786,0.35555555555555557,0
0.3,0.26666666666666666,6,0,11,9.0,1.0,146.04964539007094,187.2836879432624,-7.0567375886524815,34.17730496453899,0.36618357487922704,0
0.3333333333333333,0.26666666666666666,5,0,11,9.0,1.0,156.1914893617021,190.36170212765958,-0.7234042553191671,33.446808510638306,0.3690821256038647,0
0.36666666666666664,0.3333333333333333,5,0,11,10.0,1.0,154.89361702127658,189.86524822695037,-8.702127659574472,26.269503546099315,0.3748792270531401,0
0.36666666666666664,0.3333333333333333,0,0,11,11.0,1.0,153.81560283687944,189.01418439716312,-24.907801418439703,10.290780141843982,0.37681159420289856,0
0.36666666666666664,0.3333333333333333,0,0,11,11.0,1.0,154.645390070922,177.98581560283688,-36.20567375886523,-12.865248226950342,0.37971014492753624,0
0.43333333333333335,0.3333333333333333,0,0,11,11.0,1.0,157.87234042553192,143.02836879432624,-34.404255319148945,-49.24822695035462,0.3710144927536232,0
0.43333333333333335,0.3333333333333333,0,0,11,10.0,0.8,166.4113475177305,117.06382978723404,-21.54609929078015,-70.8936170212766,0.34106280193236715,0
0.43333333333333335,0.3333333333333333,0,0,11,9.0,0.8333333333333334,177.7234042553191,121.75886524822697,-11.638297872340473,-67.60283687943262,0.3333333333333333,0
0.7333333333333333,1.0333333333333334,0,0,11,10.0,1.0,187.2836879432624,149.8794326241135,-2.4397163120567313,-39.84397163120565,0.3294685990338164,0
1.0333333333333334,1.0333333333333334,0,0,11,9.5,1.0,190.36170212765956,169.39716312056737,35.48936170212764,14.524822695035454,0.32367149758454106,0
1.0333333333333334,1.0333333333333334,7,0,11,2.0,0.4375,189.86524822695037,169.80851063829786,105.37588652482272,85.31914893617021,0.3169082125603865,0
1.0,1.0333333333333334,0,0,11,9.0,0.75,189.01418439716312,170.85815602836882,77.18439716312056,59.02836879432627,0.3111111111111111,0
0.4666666666666667,1.0333333333333334,0,0,11,11.0,1.0,177.98581560283688,172.58865248226948,9.02836879432624,3.631205673758842,0.30434782608695654,0
0.5,0.4,0,0,11,10.5,1.0,143.0283687943262,176.3049645390071,-25.82269503546101,7.45390070921988,0.2985507246376812,0
0.5,0.4,0,0,11,10.5,1.0,117.06382978723404,180.66666666666666,-53.31914893617021,10.283687943262407,0.2946859903381642,0
0.5,0.4,0,0,11,11.0,1.0,121.75886524822697,184.24113475177305,-48.43262411347517,14.049645390070907,0.2975845410628019,0
0.5,0.36666666666666664,0,0,11,11.0,1.0,149.8794326241135,186.3687943262411,-22.12056737588651,14.368794326241101,0.30821256038647343,0
0.5333333333333333,0.4,0,0,11,11.0,1.0,169.39716312056737,187.7304964539007,-6.177304964539019,12.156028368794324,0.30531400966183575,0
0.5333333333333333,0.4,0,0,11,10.0,1.0,169.80851063829786,188.1205673758865,-11.531914893617028,6.78014184397162,0.2966183574879227,0
0.5333333333333333,0.4,0,0,11,10.0,1.0,170.85815602836877,186.46808510638297,-14.226950354609954,1.3829787234042499,0.28792270531400965,0
0.5333333333333333,0.4,0,0,11,11.0,1.0,172.5886524822695,184.4468085106383,-13.709219858156018,-1.851063829787222,0.2821256038647343,0
0.4666666666666667,0.4,0,0,11,9.0,1.0,176.3049645390071,169.63829787234042,-11.418439716312037,-18.085106382978722,0.2714975845410628,0
0.4666666666666667,0.4,0,0,11,9.0,1.0,180.66666666666666,153.10638297872342,-8.503546099290787,-36.06382978723403,0.23671497584541062,0
0.5666666666666667,0.43333333333333335,0,0,11,10.0,1.0,184.24113475177305,156.09929078014184,-3.226950354609926,-31.36879432624113,0.21739130434782608,0
0.5333333333333333,0.4666666666666667,0,0,10,9.0,1.0,186.3687943262411,185.91489361702125,3.6028368794326013,3.1489361702127496,0.20676328502415459,0
0.9,0.5,0,0,9,7.5,1.0,187.7304964539007,217.79432624113474,4.624113475177296,34.68794326241132,0.19420289855072465,0
0.9,0.5,0,0,8,7.0,1.0,188.1205673758865,230.4964539007092,45.07801418439715,87.45390070921985,0.18357487922705315,0
0.9,0.4666666666666667,1,0,7,6.0,0.875,186.46808510638297,230.18439716312056,53.29787234042553,97.01418439716312,0.17198067632850242,0
0.5333333333333333,0.4666666666666667,0,0,8,6.0,1.0,184.4468085106383,230.6950354609929,-7.6382978723404165,38.609929078014176,0.16231884057971013,0
0.2,0.4666666666666667,0,0,9,9.0,1.0,169.63829787234042,230.31914893617022,-62.85106382978725,-2.1702127659574444,0.15265700483091788,0
0.26666666666666666,0.4666666666666667,0,0,0,0,0,234.4468085106383,174.47517730496452,1.8723404255319167,-58.09929078014187,0.14782608695652175,0
0.6,0.4666666666666667,0,0,6,6.0,1.0,234.90780141843973,192.3049645390071,24.312056737588676,-18.290780141843953,0.15555555555555556,0
0.5666666666666667,0.4666666666666667,9,0,7,6.0,0.7142857142857143,234.58156028368796,192.177304964539,68.13475177304966,25.730496453900685,0.16231884057971013,0
0.5666666666666667,0.4666666666666667,3,0,8,7.0,0.7142857142857143,233.40425531914892,192.1205673758865,93.95744680851061,52.6737588652482,0.17004830917874397,0
0.4666666666666667,0.5,0,0,9,8.0,1.0,225.6595744680851,192.7446808510638,33.93617021276597,1.0212765957446663,0.17777777777777778,0
0.4666666666666667,0.5,0,0,10,9.0,1.0,203.20567375886526,193.79432624113474,10.950354609929093,1.539007092198574,0.18647342995169083,0
0.43333333333333335,0.36666666666666664,0,0,11,11.0,1.0,192.30496453900707,192.1914893617021,-2.503546099290787,-2.61702127659575,0.23768115942028986,0
0.4666666666666667,0.36666666666666664,0,0,11,11.0,1.0,192.177304964539,193.67375886524823,-2.3120567375886765,-0.8156028368794352,0.2463768115942029,0
0.4666666666666667,0.36666666666666664,0,0,11,11.0,1.0,192.1205673758865,192.645390070922,0.8865248226950087,1.4113475177304906,0.2570048309178744,0
0.43333333333333335,0.2,0,0,11,11.0,1.0,193.51063829787233,160.19148936170214,-1.0212765957446948,-34.34042553191489,0.26570048309178745,0
0.4666666666666667,0.36666666666666664,0,0,11,11.0,1.0,191.68794326241132,156.645390070922,-2.099290780141871,-37.141843971631204,0.2560386473429952,0
0.4666666666666667,0.36666666666666664,0,0,11,11.0,1.0,191.0921985815603,159.18439716312056,1.4751773049645465,-30.432624113475185,0.2589371980676328,0
0.5,0.5666666666666667,0,0,11,9.5,1.0,192.19148936170214,179.82978723404253,8.127659574468083,-4.234042553191529,0.2599033816425121,0
0.6666666666666666,0.5666666666666667,0,0,11,9.0,1.0,193.67375886524823,183.4468085106383,19.312056737588648,9.085106382978722,0.2599033816425121,0
0.7,0.5666666666666667,11,0,11,8.0,0.6666666666666666,192.645390070922,184.36170212765956,70.49645390070923,62.21276595744679,0.2608695652173913,0
0.5,0.5666666666666667,0,0,11,10.0,1.0,189.15602836879432,185.31205673758868,15.730496453900713,11.886524822695065,0.2618357487922705,0
0.5,0.6,0,0,11,11.0,1.0,182.6808510638298,185.10638297872342,0.7021276595745007,3.1276595744681117,0.263768115942029,0
0.5,0.4,0,0,11,11.0,0.8333333333333334,160.19148936170214,184.7163120567376,-23.893617021276583,0.6312056737588705,0.26666666666666666,0
0.5,0.4,0,0,11,11.0,0.8,156.645390070922,184.1205673758865,-27.63120567375887,-0.15602836879435245,0.26859903381642514,0
0.5,0.4,0,0,11,11.0,1.0,159.18439716312056,183.88652482269504,-25.539007092198574,-0.8368794326241016,0.2782608695652174,0
0.5,0.4,0,0,11,11.0,1.0,179.82978723404253,184.11347517730496,-7.106382978723417,-2.822695035460981,0.2946859903381642,0
0.5,0.3333333333333333,0,0,11,11.0,1.0,183.4468085106383,184.7163120567376,-0.2127659574468055,1.0567375886524815,0.2975845410628019,0
0.5,0.36666666666666664,0,0,11,9.0,0.8333333333333334,184.36170212765956,186.46808510638297,0.8085106382978609,2.914893617021278,0.3004830917874396,0
0.5,0.36666666666666664,0,0,11,9.5,0.8333333333333334,185.31205673758868,188.2127659574468,0.16312056737589842,3.0638297872340274,0.30434782608695654,0
0.5,0.36666666666666664,0,0,11,11.0,1.0,185.10638297872342,187.41843971631207,2.148936170212778,4.460992907801426,0.30531400966183575,0
0.5333333333333333,0.4,0,0,11,11.0,1.0,184.71631205673756,171.66666666666666,0.482269503546064,-12.567375886524843,0.3072463768115942,0
0.43333333333333335,0.36666666666666664,0,0,11,11.0,1.0,184.1205673758865,153.56737588652481,-2.83687943262413,-33.390070921985824,0.2956521739130435,0
0.43333333333333335,0.36666666666666664,0,0,11,11.0,1.0,183.88652482269504,145.12765957446808,-4.326241134751768,-43.08510638297872,0.2956521739130435,0
0.43333333333333335,0.5,0,0,11,11.0,1.0,184.11347517730496,155.54609929078015,-5.354609929078009,-33.921985815602824,0.2946859903381642,0
0.7,0.6666666666666666,0,0,11,11.0,1.0,184.7163120567376,166.9716312056738,0.14184397163120366,-17.6028368794326,0.293719806763285,0
0.7333333333333333,0.6666666666666666,2,0,11,11.0,0.75,186.46808510638297,170.66666666666666,45.51063829787233,29.70921985815602,0.2927536231884058,0
0.7333333333333333,0.7333333333333333,7,0,11,8.0,0.6,188.2127659574468,170.14184397163123,53.04255319148936,34.97163120567379,0.293719806763285,0
0.5333333333333333,0.7333333333333333,0,0,11,11.0,1.0,187.41843971631204,172.10638297872342,28.16312056737587,12.85106382978725,0.293719806763285,0
0.4666666666666667,0.7333333333333333,0,0,11,10.5,1.0,171.66666666666666,175.6241134751773,-0.5460992907801483,3.4113475177304906,0.293719806763285,0
0.5,0.4,0,0,11,10.0,1.0,153.56737588652484,180.21985815602838,-15.879432624113463,10.773049645390074,0.29082125603864734,0
0.4666666666666667,0.4,0,0,11,9.5,1.0,145.12765957446808,184.00709219858155,-25.212765957446805,13.666666666666657,0.28888888888888886,0
0.5,0.4,0,0,11,10.0,1.0,155.54609929078015,186.24113475177305,-15.092198581560268,15.60283687943263,0.2966183574879227,0
0.5,0.4,0,0,11,11.0,1.0,166.97163120567376,187.74468085106386,-8.36879432624113,12.404255319148973,0.30531400966183575,0
0.4666666666666667,0.4,0,0,11,11.0,1.0,170.66666666666666,189.75177304964538,-10.226950354609926,8.858156028368796,0.30531400966183575,0
0.43333333333333335,0.36666666666666664,0,0,11,11.0,1.0,170.14184397163123,190.42553191489364,-14.283687943262379,6.000000000000028,0.30144927536231886,0
0.4666666666666667,0.36666666666666664,0,0,11,11.0,1.0,172.10638297872342,192.0709219858156,-14.595744680851055,5.3687943262411295,0.2985507246376812,0
0.4666666666666667,0.36666666666666664,0,0,11,11.0,1.0,175.6241134751773,191.645390070922,-11.97163120567376,4.0496453900709355,0.2946859903381642,0
0.4666666666666667,0.36666666666666664,0,0,11,9.5,1.0,180.21985815602838,176.51063829787233,-8.716312056737564,-12.425531914893611,0.28309178743961355,0
0.43333333333333335,0.36666666666666664,0,0,11,9.0,1.0,184.00709219858155,161.86524822695034,-8.716312056737593,-30.858156028368796,0.26570048309178745,0
0.4666666666666667,0.3333333333333333,0,0,11,10.0,1.0,186.24113475177305,162.27659574468086,-3.375886524822704,-27.34042553191489,0.2608695652173913,0
0.4666666666666667,0.4,0,0,10,9.0,1.0,187.7446808510638,180.0354609929078,-6.127659574468112,-13.83687943262413,0.2541062801932367,0
0.8333333333333334,0.4,0,0,9,8.0,1.0,189.7517730496454,194.2695035460993,-1.695035460992898,2.822695035460981,0.24154589371980675,0
0.8333333333333334,0.4,2,0,8,7.0,0.7142857142857143,190.42553191489364,194.38297872340425,46.212765957446834,50.170212765957444,0.22995169082125605,0
0.8333333333333334,0.4,4,0,7,6.0,0.8333333333333334,192.0709219858156,193.4609929078014,42.13475177304966,43.52482269503545,0.21739130434782608,0
0.13333333333333333,0.4,5,0,8,7.0,1.0,191.645390070922,194.87234042553192,-1.0354609929077867,2.191489361702139,0.20772946859903382,0
0.2,0.3333333333333333,5,0,8,8.0,1.0,176.51063829787233,197.3687943262411,-20.978723404255334,-0.12056737588656574,0.2,0
1.0,0.9666666666666667,0,0,11,11.0,1.0,232.5035460992908,146.5531914893617,2.5886524822695094,-83.36170212765958,0.25120772946859904,0
1.0,0.9666666666666667,0,0,11,4.5,0.5,233.68085106382978,149.86524822695034,72.59574468085106,-11.21985815602838,0.2531400966183575,0
1.0,0.9666666666666667,0,0,11,5.0,0.5333333333333333,231.20567375886526,151.0283687943262,128.24822695035462,48.07092198581557,0.25507246376811593,0
0.7666666666666667,0.9666666666666667,0,0,11,7.0,0.8,229.68794326241138,153.45390070921985,89.7730496453901,13.539007092198574,0.2560386473429952,0
0.6333333333333333,0.9666666666666667,1,0,11,8.0,0.8888888888888888,206.51063829787233,157.1631205673759,55.53191489361703,6.184397163120593,0.2560386473429952,0
0.6333333333333333,0.36666666666666664,2,0,11,9.0,1.0,164.65248226950354,163.4609929078014,15.886524822695037,14.695035460992898,0.2570048309178744,0
0.6333333333333333,0.36666666666666664,2,0,11,10.0,1.0,134.65248226950357,173.66666666666666,-15.198581560283657,23.815602836879435,0.2608695652173913,0
0.5666666666666667,0.3333333333333333,2,0,11,11.0,1.0,131.2836879432624,183.70921985815605,-23.184397163120565,29.241134751773075,0.2714975845410628,0
0.5666666666666667,0.3333333333333333,2,0,11,11.0,1.0,146.5531914893617,188.90780141843973,-9.489361702127667,32.86524822695037,0.30434782608695654,0
0.5,0.36666666666666664,0,0,11,11.0,0.8333333333333334,157.1631205673759,193.40425531914892,-33.94326241134752,2.2978723404254993,0.3458937198067633,0
0.5,0.36666666666666664,0,0,11,11.0,0.8333333333333334,163.4609929078014,182.33333333333334,-25.49645390070924,-6.624113475177296,0.3458937198067633,0
0.5,0.36666666666666664,0,0,11,11.0,0.8,173.66666666666666,138.5177304964539,-19.992907801418454,-55.141843971631204,0.3285024154589372,0
0.5,0.3333333333333333,0,0,11,11.0,0.8,183.70921985815605,122.04255319148938,-10.035460992907787,-71.70212765957446,0.3217391304347826,0
0.4666666666666667,0.3333333333333333,0,0,11,11.0,1.0,188.9078014184397,124.73758865248226,-4.60283687943263,-68.77304964539007,0.314975845410628,0
0.5666666666666667,0.9666666666666667,0,0,11,11.0,1.0,191.24113475177307,162.36879432624116,-1.7163120567375643,-30.58865248226948,0.3072463768115942,0
1.0,0.9666666666666667,0,0,11,11.0,0.8571428571428571,192.1205673758865,173.0921985815603,31.58865248226948,12.560283687943269,0.2995169082125604,0
1.0,0.9666666666666667,7,0,11,1.0,0.4,193.63829787234044,175.45390070921985,131.5744680851064,113.39007092198581,0.293719806763285,0
0.7,0.9666666666666667,0,0,11,11.0,0.8571428571428571,193.40425531914897,175.85815602836882,49.872340425531945,32.3262411347518,0.28792270531400965,0
0.5,0.9666666666666667,0,0,11,11.0,1.0,182.33333333333334,176.7304964539007,13.716312056737593,8.113475177304963,0.28309178743961355,0
0.5,0.3333333333333333,0,0,11,11.0,1.0,138.51773049645388,179.51063829787233,-36.43971631205676,4.553191489361694,0.2792270531400966,0
0.5,0.3333333333333333,0,0,11,11.0,1.0,122.04255319148938,183.15602836879432,-53.6595744680851,7.453900709219852,0.2772946859903382,0
0.5,0.3333333333333333,0,0,11,11.0,1.0,124.73758865248227,186.85815602836882,-50.9645390070922,11.156028368794352,0.2927536231884058,0
0.5,0.36666666666666664,0,0,11,11.0,0.8333333333333334,162.36879432624116,189.04964539007094,-13.801418439716286,12.879432624113491,0.30531400966183575,0
0.5,0.36666666666666664,0,0,11,11.0,0.8333333333333334,173.0921985815603,190.43262411347519,-5.226950354609926,12.113475177304963,0.314975845410628,0
0.5,0.36666666666666664,0,0,11,11.0,0.8333333333333334,175.45390070921985,191.46808510638297,-8.58865248226951,7.425531914893611,0.32463768115942027,0
0.5,0.36666666666666664,0,0,11,11.0,1.0,175.85815602836877,192.56737588652481,-11.248226950354649,5.460992907801398,0.3342995169082126,0
0.5,0.36666666666666664,0,0,11,11.0,1.0,176.7304964539007,191.4609929078014,-12.695035460992898,2.0354609929077867,0.34299516908212563,0
0.5,0.3333333333333333,0,0,11,11.0,1.0,179.51063829787233,170.90070921985816,-11.106382978723417,-19.716312056737593,0.34879227053140094,0
0.5,0.3333333333333333,0,0,11,11.0,1.0,183.15602836879432,150.75177304964538,-8.099290780141843,-40.50354609929079,0.3314009661835749,0
0.5,0.3333333333333333,0,0,11,11.0,1.0,186.85815602836877,137.2695035460993,-5.67375886524826,-55.26241134751774,0.3323671497584541,0
0.5,0.9,0,0,11,11.0,1.0,189.04964539007094,144.40425531914894,-4.865248226950342,-49.51063829787233,0.3352657004830918,0
0.9666666666666667,0.9333333333333333,0,0,11,11.0,1.0,190.43262411347519,150.6595744680851,2.4964539007092412,-37.27659574468083,0.3352657004830918,0
1.0,0.9666666666666667,0,0,11,6.0,0.5714285714285714,191.468085106383,152.7163120567376,60.61702127659578,21.86524822695037,0.3352657004830918,0
0.9,0.9666666666666667,0,0,11,7.0,0.6666666666666666,192.56737588652481,153.69503546099293,59.09929078014184,20.226950354609954,0.3342995169082126,0
0.7,0.9666666666666667,0,0,11,9.5,0.9,191.4609929078014,155.40425531914892,43.97163120567373,7.914893617021249,0.3323671497584541,0
0.7,0.36666666666666664,0,0,11,11.0,1.0,170.90070921985816,158.4468085106383,18.64539007092199,6.191489361702139,0.33043478260869563,0
0.7,0.3333333333333333,0,0,11,11.0,1.0,150.75177304964538,164.48936170212767,-1.4822695035461209,12.255319148936167,0.3285024154589372,0
0.7,0.3333333333333333,0,0,11,11.0,1.0,137.2695035460993,173.89361702127658,-16.390070921985824,20.234042553191472,0.3342995169082126,0
0.6666666666666666,0.3333333333333333,0,0,11,11.0,1.0,144.40425531914892,183.38297872340425,-10.787234042553223,28.19148936170211,0.35845410628019325,0
0.6666666666666666,0.3333333333333333,0,0,11,11.0,1.0,150.6595744680851,189.52482269503548,-6.702127659574472,32.1631205673759,0.36135265700483093,0
0.7,0.3333333333333333,0,0,11,11.0,1.0,152.7163120567376,191.47517730496452,-10.070921985815602,28.687943262411324,0.3536231884057971,0
0.6333333333333333,0.3333333333333333,0,0,11,11.0,1.0,153.6950354609929,191.23404255319147,-19.624113475177325,17.91489361702125,0.3458937198067633,0
0.5,0.3333333333333333,0,0,11,11.0,1.0,155.40425531914894,191.1985815602837,-30.170212765957444,5.6241134751773245,0.34009661835748795,0
0.5,0.3333333333333333,0,0,11,11.0,1.0,158.4468085106383,171.2695035460993,-32.80851063829786,-19.98581560283688,0.3333333333333333,0
0.5,0.3333333333333333,0,0,11,11.0,1.0,164.48936170212767,133.13475177304963,-27.255319148936167,-58.609929078014204,0.3111111111111111,0
0.5,0.3333333333333333,0,0,11,11.0,1.0,173.89361702127658,117.51063829787233,-17.531914893617028,-73.91489361702128,0.29082125603864734,0
0.5,0.36666666666666664,0,0,10,10.0,1.0,183.38297872340425,144.96453900709218,-7.148936170212778,-45.56737588652484,0.27342995169082124,0
1.0,0.9666666666666667,0,0,9,9.0,1.0,189.52482269503548,191.31914893617022,-2.1134751773049345,-0.319148936170194,0.2570048309178744,0
1.0,0.9666666666666667,0,0,8,7.5,0.75,191.47517730496452,214.2482269503546,59.8368794326241,82.60992907801418,0.24057971014492754,0
1.0,0.9666666666666667,7,0,7,2.0,0.4,191.23404255319147,214.88652482269504,115.10638297872339,138.75886524822695,0.22415458937198068,0
0.9333333333333333,0.9666666666666667,0,0,6,6.0,0.6666666666666666,191.1985815602837,215.79432624113474,46.432624113475214,71.02836879432624,0.20772946859903382,0
0.23333333333333334,0.9666666666666667,0,0,0,0,0,171.2695035460993,218.25531914893614,-42.73049645390071,4.255319148936138,0.19227053140096617,0
0.26666666666666666,0.9666666666666667,0,0,11,11.0,1.0,234.20567375886526,147.76595744680853,1.0780141843971762,-85.36170212765956,0.18647342995169083,1
0.7,0.6,1,0,11,4.0,0.5555555555555556,191.66666666666666,161.6595744680851,58.6028368794326,28.595744680851055,0.30821256038647343,0
0.5333333333333333,0.6,0,0,11,8.0,1.0,209.48226950354612,189.6312056737589,18.48226950354612,-1.368794326241101,0.32657004830917874,0
0.6666666666666666,0.6,0,0,11,8.0,1.0,192.2127659574468,212.36170212765956,9.255319148936167,29.404255319148916,0.34492753623188405,0
0.6666666666666666,0.5666666666666667,2,0,11,4.0,0.5555555555555556,161.66666666666666,199.48936170212767,21.921985815602824,59.74468085106383,0.36038647342995167,0
0.6666666666666666,0.5666666666666667,2,0,11,5.0,0.625,160.12765957446808,163.22695035460993,8.468085106382972,11.567375886524815,0.37681159420289856,0
0.5333333333333333,0.5666666666666667,0,0,11,5.0,0.6666666666666666,169.00709219858157,137.32624113475177,-24.567375886524815,-56.24822695035462,0.36328502415458935,0
0.3333333333333333,0.7333333333333333,0,0,11,11.0,1.0,171.23404255319147,134.5886524822695,-52.42553191489364,-89.0709219858156,0.34782608695652173,0
0.8666666666666667,0.6,0,0,11,11.0,1.0,158.1205673758865,142.9716312056738,-61.73049645390071,-76.87943262411343,0.3294685990338164,0
0.9,0.6,0,0,11,2.0,0.3333333333333333,161.6595744680851,141.97872340425533,6.702127659574472,-12.978723404255305,0.336231884057971,0
0.9333333333333333,0.6333333333333333,0,3,11,2.0,0.4166666666666667,189.6312056737589,142.1205673758865,74.75886524822698,27.248226950354592,0.3468599033816425,0
0.5666666666666667,0.6333333333333333,0,3,11,8.0,1.0,212.36170212765956,147.60992907801418,70.21276595744678,5.460992907801398,0.34879227053140094,0
0.5333333333333333,0.6666666666666666,0,3,11,8.5,0.8333333333333334,199.48936170212767,154.4609929078014,52.74468085106383,7.716312056737564,0.34299516908212563,0
0.5333333333333333,0.3,3,3,11,9.0,1.0,163.22695035460993,163.54609929078012,23.20567375886523,23.524822695035425,0.3323671497584541,0
0.5333333333333333,0.3,3,3,11,9.5,0.8333333333333334,137.32624113475177,172.97872340425533,-1.843971631205676,33.80851063829789,0.34202898550724636,0
0.5,0.26666666666666666,0,3,11,10.0,0.8333333333333334,134.5886524822695,182.60992907801418,-12.581560283687935,35.43971631205673,0.36135265700483093,0
0.5,0.26666666666666666,0,3,11,9.5,0.8333333333333334,142.9716312056738,187.41134751773052,-13.51773049645388,30.921985815602852,0.36038647342995167,0
0.4666666666666667,0.26666666666666666,0,3,11,11.0,1.0,141.9787234042553,188.645390070922,-17.744680851063833,28.921985815602852,0.35845410628019325,0
0.4,0.26666666666666666,0,3,11,11.0,1.0,142.1205673758865,188.67375886524823,-32.3049645390071,14.24822695035462,0.36618357487922704,0
0.3,0.2,0,3,11,11.0,1.0,147.60992907801418,188.14184397163118,-37.17730496453902,3.3546099290779807,0.38164251207729466,0
0.7666666666666667,0.7666666666666667,0,3,11,11.0,1.0,187.41134751773052,146.96453900709218,0.17730496453901878,-40.269503546099315,0.38164251207729466,0
0.8,0.8333333333333334,0,3,11,4.5,0.5,188.645390070922,148.02127659574467,46.94326241134752,6.319148936170194,0.37294685990338167,0
0.8333333333333334,0.8333333333333334,0,3,11,3.0,0.46153846153846156,188.67375886524823,145.61702127659575,63.460992907801426,20.404255319148945,0.3642512077294686,0
0.5333333333333333,0.8333333333333334,0,3,11,8.0,0.8571428571428571,188.14184397163123,143.4964539007092,47.01418439716315,2.3687943262411295,0.357487922705314,0
0.5,0.8333333333333334,0,3,11,10.0,1.0,172.54609929078015,146.8794326241135,21.29078014184398,-4.3758865248226755,0.3497584541062802,0
0.5333333333333333,0.3,0,3,11,10.0,1.0,151.38297872340425,152.59574468085108,2.8723404255319167,4.085106382978751,0.34492753623188405,0
0.5333333333333333,0.26666666666666666,0,3,11,10.0,1.0,136.01418439716312,164.58156028368796,-8.283687943262407,20.283687943262436,0.34202898550724636,0
0.5333333333333333,0.26666666666666666,0,3,11,10.0,1.0,139.19858156028366,176.45390070921985,-4.843971631205704,32.41134751773049,0.3458937198067633,0
0.5,0.26666666666666666,0,3,11,8.0,1.0,146.96453900709218,186.68794326241132,4.815602836879407,44.539007092198545,0.3642512077294686,0
0.5,0.26666666666666666,0,3,11,7.0,1.0,148.0212765957447,191.26241134751774,-6.425531914893611,36.815602836879435,0.3748792270531401,0
0.4666666666666667,0.26666666666666666,0,3,11,9.5,1.0,145.61702127659575,191.29078014184395,-15.574468085106389,30.099290780141814,0.37971014492753624,0
0.43333333333333335,0.23333333333333334,0,3,11,11.0,1.0,143.4964539007092,190.86524822695037,-34.609929078014204,12.758865248226954,0.3855072463768116,0
0.8,0.6333333333333333,0,3,11,11.0,1.0,191.2624113475177,135.09929078014184,1.3687943262411295,-54.79432624113474,0.3710144927536232,0
0.8666666666666667,0.6333333333333333,0,3,11,10.5,0.6666666666666666,191.29078014184395,136.51773049645388,36.03546099290779,-18.737588652482287,0.3642512077294686,0
0.9333333333333333,0.6333333333333333,0,3,11,3.0,0.46153846153846156,190.86524822695037,130.60992907801418,70.33333333333334,10.078014184397148,0.3565217391304348,0
0.9333333333333333,0.6333333333333333,0,3,11,7.0,0.7777777777777778,190.21985815602838,130.75886524822695,68.51773049645391,9.056737588652481,0.3468599033816425,0
0.6,0.6333333333333333,0,3,11,8.0,1.0,178.5886524822695,137.9645390070922,33.078014184397176,-7.54609929078012,0.34202898550724636,0
0.6,0.3,0,3,11,8.0,1.0,155.22695035460993,148.70212765957447,17.141843971631204,10.61702127659575,0.34009661835748795,0
0.6,0.3,0,3,11,10.0,1.0,132.4964539007092,160.90070921985816,6.539007092198574,34.94326241134752,0.34106280193236715,0
0.6,0.3,0,3,11,10.0,0.8333333333333334,129.2482269503546,173.36170212765958,1.4609929078013977,45.57446808510639,0.34492753623188405,0
0.6,0.3,0,3,11,10.0,0.8333333333333334,135.09929078014184,182.01418439716312,-3.4326241134751854,43.48226950354609,0.3681159420289855,0
0.6,0.26666666666666666,0,3,11,9.5,0.8333333333333334,136.51773049645388,185.68794326241132,-11.05673758865251,38.113475177304935,0.3932367149758454,0
0.5333333333333333,0.26666666666666666,0,2,11,11.0,1.0,130.60992907801418,185.68085106382978,-29.390070921985824,25.680851063829778,0.3903381642512077,0
0.4666666666666667,0.23333333333333334,0,2,11,11.0,1.0,130.75886524822695,185.68794326241132,-44.36879432624113,10.56028368794324,0.38743961352657,0
0.3333333333333333,0.2,0,2,11,11.0,1.0,160.90070921985816,152.1063829787234,-25.24822695035462,-34.04255319148939,0.36135265700483093,0
0.3333333333333333,0.2,0,2,11,11.0,1.0,173.36170212765956,115.31205673758866,-11.574468085106389,-69.62411347517728,0.34782608695652173,0
0.3333333333333333,0.2,0,2,11,10.0,1.0,182.01418439716312,126.72340425531915,-3.964539007092185,-59.25531914893615,0.3391304347826087,0
0.43333333333333335,0.9666666666666667,0,2,11,9.0,1.0,185.68794326241138,157.15602836879432,-0.3971631205673418,-28.929078014184398,0.32753623188405795,0
0.9666666666666667,1.0,0,2,11,8.0,0.8,185.68085106382978,198.00709219858155,23.553191489361694,35.87943262411346,0.30917874396135264,0
1.0,1.0333333333333334,0,2,11,2.0,0.4,185.68794326241132,197.79432624113474,77.58156028368792,89.68794326241134,0.29082125603864734,0
1.0333333333333334,1.0333333333333334,0,2,11,2.0,0.4,185.66666666666666,196.06382978723403,109.96453900709218,120.36170212765956,0.27342995169082124,0
0.4,1.0333333333333334,0,0,11,8.0,1.0,178.06382978723403,195.5531914893617,-18.297872340425556,-0.8085106382978893,0.2579710144927536,0
0.3333333333333333,1.0333333333333334,0,0,11,9.0,1.0,152.10638297872342,198.22695035460993,-47.29787234042553,-1.1773049645390188,0.24444444444444444,0
0.3333333333333333,0.23333333333333334,0,0,11,9.5,1.0,115.31205673758866,203.95744680851067,-82.9432624113475,5.702127659574501,0.23285024154589373,0
0.36666666666666664,0.23333333333333334,0,0,11,9.5,1.0,126.72340425531915,215.21985815602838,-68.99999999999999,19.49645390070924,0.22318840579710145,0
0.36666666666666664,0.23333333333333334,0,0,11,8.5,1.0,157.15602836879432,224.94326241134752,-37.05673758865248,30.730496453900713,0.21932367149758455,0
0.36666666666666664,0.23333333333333334,0,0,11,8.0,1.0,198.00709219858155,232.18439716312056,1.2836879432624073,35.460992907801426,0.23864734299516907,0
0.4,0.23333333333333334,0,0,11,7.0,1.0,197.79432624113474,233.0354609929078,-5.950354609929093,29.290780141843953,0.2463768115942029,0
0.3333333333333333,0.23333333333333334,0,0,11,6.0,1.0,196.06382978723403,232.97163120567373,-15.340425531914917,21.567375886524786,0.25217391304347825,0
0.2,0.23333333333333334,0,0,11,11.0,1.0,195.5531914893617,232.72340425531914,-34.95744680851064,2.2127659574468055,0.2570048309178744,0
1.0,0.8,0,0,11,11.0,1.0,233.0354609929078,143.82978723404256,6.78014184397162,-82.42553191489361,0.24541062801932367,0
1.0,0.8,0,0,11,6.0,0.6666666666666666,232.9716312056738,148.79432624113474,52.86524822695037,-31.312056737588676,0.24830917874396136,0
1.0,0.8,0,0,11,4.5,0.5,232.72340425531914,147.90070921985816,135.1914893617021,50.36879432624113,0.25024154589371983,0
0.7,0.8,1,0,11,7.0,0.7,230.45390070921985,149.16312056737587,98.0496453900709,16.758865248226925,0.25120772946859904,0
0.6333333333333333,0.8333333333333334,2,0,11,8.0,0.875,212.91489361702125,153.59574468085106,62.80851063829783,3.4893617021276384,0.25217391304347825,0
0.6333333333333333,0.4,2,0,11,9.0,1.0,167.9645390070922,160.68085106382978,18.985815602836908,11.702127659574472,0.25507246376811593,0
0.6,0.36666666666666664,2,0,11,10.0,1.0,136.6808510638298,170.04255319148936,-10.617021276595722,22.744680851063833,0.26280193236714977,0
0.5666666666666667,0.36666666666666664,2,0,11,11.0,1.0,143.82978723404256,185.7872340425532,-8.936170212765944,33.021276595744695,0.30434782608695654,0
0.5666666666666667,0.36666666666666664,2,0,11,11.0,1.0,148.79432624113474,188.9078014184397,-11.801418439716315,28.312056737588648,0.32367149758454106,0
0.5,0.36666666666666664,1,0,11,11.0,1.0,147.90070921985816,190.15602836879432,-20.78014184397162,21.475177304964546,0.3391304347826087,0
0.4666666666666667,0.36666666666666664,0,0,11,11.0,1.0,149.1631205673759,191.03546099290782,-31.687943262411324,10.184397163120593,0.3545893719806763,0
0.4666666666666667,0.36666666666666664,0,0,11,10.0,1.0,153.59574468085106,191.7375886524823,-33.76595744680853,4.375886524822704,0.3690821256038647,0
0.4666666666666667,0.36666666666666664,0,0,11,9.0,1.0,160.68085106382978,181.74468085106386,-28.468085106383,-7.404255319148916,0.38067632850241545,0
0.4666666666666667,0.36666666666666664,0,0,11,10.5,1.0,170.04255319148936,158.468085106383,-20.170212765957444,-31.744680851063805,0.370048309178744,0
0.4666666666666667,0.36666666666666664,0,0,11,11.0,1.0,178.96453900709218,136.80141843971631,-12.141843971631232,-54.3049645390071,0.3690821256038647,0
0.43333333333333335,0.36666666666666664,0,0,11,11.0,1.0,185.7872340425532,134.177304964539,-6.0,-57.609929078014204,0.3690821256038647,0
0.8333333333333334,0.5,0,0,11,11.0,1.0,188.9078014184397,143.86524822695037,-3.411347517730519,-48.45390070921985,0.36618357487922704,0
1.0,0.5,0,0,11,11.0,0.5555555555555556,190.15602836879432,151.43971631205673,29.02836879432624,-9.687943262411352,0.35942028985507246,0
1.0333333333333334,0.5,0,0,11,3.0,0.4666666666666667,191.03546099290782,149.645390070922,69.07801418439718,27.687943262411352,0.3516908212560386,0
1.0333333333333334,0.5,0,0,11,7.0,0.7272727272727273,191.7375886524823,148.94326241134752,64.41843971631208,21.62411347517731,0.3468599033816425,0
0.6333333333333333,0.5,0,0,11,11.0,1.0,181.74468085106386,149.13475177304966,28.489361702127695,-4.120567375886509,0.34396135265700484,0
0.6333333333333333,0.36666666666666664,0,0,11,11.0,1.0,158.46808510638297,151.32624113475177,7.446808510638277,0.30496453900707365,0.34106280193236715,0
0.6333333333333333,0.3333333333333333,0,0,11,10.5,1.0,136.8014184397163,157.74468085106383,-13.241134751773075,7.702127659574472,0.34009661835748795,0
0.6333333333333333,0.3333333333333333,0,0,11,10.0,1.0,134.177304964539,169.00709219858157,-13.695035460992926,21.134751773049658,0.34299516908212563,0
0.6333333333333333,0.3333333333333333,0,0,11,9.0,1.0,143.86524822695037,179.14893617021278,-5.049645390070907,30.2340425531915,0.35942028985507246,0
0.6333333333333333,0.3333333333333333,0,0,11,8.0,1.0,151.43971631205673,184.78014184397162,0.8226950354609812,34.16312056737587,0.37294685990338167,0
0.6333333333333333,0.3333333333333333,0,0,11,9.0,1.0,149.645390070922,184.56737588652481,-4.801418439716315,30.12056737588651,0.38357487922705313,0
0.5666666666666667,0.3333333333333333,0,0,11,11.0,1.0,148.94326241134752,182.74468085106386,-19.226950354609926,14.574468085106417,0.3961352657004831,0
0.4,0.3333333333333333,0,0,11,11.0,1.0,149.13475177304963,182.2836879432624,-35.269503546099315,-2.1205673758865373,0.40869565217391307,0
0.4,0.26666666666666666,0,0,11,11.0,1.0,151.32624113475177,170.31914893617022,-33.54609929078015,-14.553191489361694,0.41545893719806765,0
0.4,0.26666666666666666,0,0,11,11.0,1.0,157.74468085106386,145.99999999999997,-27.319148936170194,-39.063829787234084,0.40869565217391307,0
0.43333333333333335,0.26666666666666666,0,0,11,11.0,1.0,169.00709219858155,123.42553191489363,-14.758865248226954,-60.340425531914875,0.4048309178743961,0
0.43333333333333335,0.26666666666666666,0,0,11,11.0,1.0,179.14893617021278,119.26241134751774,-0.2553191489361666,-60.141843971631204,0.4048309178743961,0
0.8333333333333334,0.8666666666666667,0,0,11,11.0,1.0,184.78014184397162,127.14893617021278,1.0992907801418426,-56.531914893617,0.4028985507246377,0
0.9,0.9333333333333333,0,0,11,10.5,0.625,184.56737588652481,130.13475177304966,36.6950354609929,-17.73758865248226,0.39903381642512076,0
0.9333333333333333,0.9333333333333333,0,0,11,3.0,0.46153846153846156,182.74468085106386,125.2340425531915,76.29787234042557,18.78723404255321,0.3932367149758454,0
0.9333333333333333,0.9666666666666667,0,0,11,7.0,0.6363636363636364,182.2836879432624,124.08510638297872,66.32624113475177,8.127659574468083,0.3855072463768116,0
0.6666666666666666,0.9666666666666667,3,1,11,10.0,1.0,170.3191489361702,130.07801418439715,34.936170212765944,-5.304964539007102,0.37681159420289856,0
0.6666666666666666,0.3,1,1,11,9.0,1.0,146.0,143.07801418439715,15.893617021276583,12.97163120567373,0.3690821256038647,0
0.6666666666666666,0.26666666666666666,1,1,11,9.0,1.0,123.42553191489363,157.07801418439715,-1.4893617021276526,32.16312056737587,0.36618357487922704,0
0.6333333333333333,0.26666666666666666,9,1,11,9.0,1.0,119.26241134751773,170.3758865248227,-1.418439716312065,49.69503546099291,0.3671497584541063,0
0.6,0.26666666666666666,8,1,11,9.0,1.0,127.14893617021278,178.77304964539007,0.48936170212766683,52.11347517730496,0.38067632850241545,0
0.6,0.26666666666666666,0,2,11,9.5,1.0,130.13475177304966,184.39716312056737,-12.758865248226925,41.50354609929079,0.3922705314009662,0
0.5,0.26666666666666666,0,2,11,11.0,1.0,125.23404255319149,185.94326241134752,-34.44680851063829,26.26241134751774,0.3884057971014493,0
0.4666666666666667,0.23333333333333334,0,2,11,11.0,1.0,124.08510638297872,187.11347517730496,-44.57446808510639,18.45390070921985,0.3855072463768116,0
0.3333333333333333,0.2,0,2,11,11.0,1.0,130.07801418439715,187.29787234042556,-52.70921985815605,4.510638297872362,0.3826086956521739,0
0.36666666666666664,0.2,0,2,11,11.0,1.0,143.07801418439715,180.45390070921985,-41.79432624113477,-4.418439716312065,0.37681159420289856,0
0.36666666666666664,0.2,0,2,11,11.0,1.0,157.07801418439715,155.20567375886526,-28.45390070921988,-30.32624113475177,0.357487922705314,0
0.3,0.2,0,2,11,11.0,1.0,170.3758865248227,136.40425531914892,-17.049645390070907,-51.021276595744695,0.34396135265700484,0
0.3333333333333333,0.4666666666666667,0,3,11,9.0,1.0,184.39716312056737,166.9787234042553,-1.687943262411352,-19.106382978723417,0.3130434782608696,0
0.7666666666666667,0.4666666666666667,0,3,11,8.0,0.8,185.94326241134752,187.31914893617022,19.049645390070935,20.42553191489364,0.29178743961352654,0
0.8333333333333334,0.4666666666666667,0,3,11,6.0,0.5454545454545454,187.11347517730496,190.70921985815605,74.47517730496453,78.07092198581562,0.26956521739130435,0
0.8333333333333334,0.4666666666666667,0,0,11,6.0,0.6363636363636364,187.29787234042556,190.61702127659575,57.61702127659578,60.93617021276597,0.2492753623188406,0
0.43333333333333335,0.4666666666666667,0,0,11,8.0,1.0,180.45390070921985,192.85815602836882,1.0709219858156018,13.475177304964575,0.23381642512077294,0
0.36666666666666664,0.4,0,0,11,8.5,1.0,155.20567375886523,198.97163120567373,-36.666666666666686,7.099290780141814,0.21932367149758455,0
0.36666666666666664,0.26666666666666666,0,0,11,9.0,1.0,136.40425531914892,209.4609929078014,-54.297872340425556,18.758865248226925,0.20676328502415459,0
0.4,0.26666666666666666,1,0,11,9.0,1.0,140.56737588652481,221.2127659574468,-48.98581560283688,31.65957446808511,0.1961352657004831,0
0.4,0.26666666666666666,0,0,11,8.5,1.0,166.9787234042553,229.88652482269504,-24.61702127659575,38.29078014184398,0.20869565217391303,0
0.3333333333333333,0.26666666666666666,0,0,11,7.0,0.8,187.31914893617022,233.39007092198582,-10.106382978723389,35.96453900709221,0.221256038647343,0
0.3,0.26666666666666666,0,0,11,7.0,1.0,190.70921985815605,234.02127659574467,-17.184397163120536,26.127659574468083,0.2251207729468599,0
0.26666666666666666,0.26666666666666666,0,0,11,8.5,1.0,190.61702127659575,234.41843971631207,-32.446808510638306,11.35460992907801,0.2289855072463768,0
0.13333333333333333,0.2,0,0,11,11.0,1.0,192.85815602836877,234.70212765957444,-39.82269503546101,2.0212765957446663,0.23285024154589373,0
0.13333333333333333,0.6,0,0,11,11.0,1.0,233.39007092198582,149.05673758865248,-1.0354609929077867,-85.36879432624113,0.21642512077294687,0
0.6666666666666666,0.6333333333333333,0,0,11,8.5,1.0,234.02127659574467,161.59574468085108,2.425531914893611,-69.99999999999997,0.2144927536231884,0
0.7,0.6666666666666666,0,8,11,2.0,0.4,234.41843971631207,165.6950354609929,106.33333333333334,37.609929078014176,0.21159420289855072,0
0.7333333333333333,0.7,0,9,11,4.0,0.5,234.70212765957444,166.6595744680851,107.93617021276593,39.8936170212766,0.2106280193236715,0
0.5,0.7333333333333333,0,4,11,8.0,1.0,233.70921985815605,170.15602836879432,79.62411347517732,16.070921985815602,0.20676328502415459,0
0.4666666666666667,0.4666666666666667,0,4,11,8.0,1.0,198.0354609929078,175.0921985815603,31.716312056737564,8.773049645390074,0.20579710144927535,0
0.4666666666666667,0.3,0,3,11,8.5,1.0,162.14893617021275,183.94326241134752,-2.2340425531915002,19.56028368794327,0.20676328502415459,0
0.4666666666666667,0.3,0,3,11,8.5,1.0,136.31205673758865,194.43262411347519,-30.070921985815602,28.049645390070935,0.21545893719806763,0
0.43333333333333335,0.3,0,3,11,8.0,1.0,149.05673758865248,203.67375886524823,-20.156028368794324,34.460992907801426,0.24347826086956523,0
0.4,0.26666666666666666,0,3,11,8.0,1.0,161.59574468085106,207.91489361702125,-13.276595744680861,33.04255319148933,0.2599033816425121,0
0.3333333333333333,0.26666666666666666,0,3,11,7.0,1.0,165.6950354609929,209.38297872340425,-15.496453900709241,28.19148936170211,0.27053140096618356,0
0.26666666666666666,0.26666666666666666,0,3,11,6.0,1.0,166.6595744680851,210.59574468085108,-29.10638297872339,14.829787234042584,0.2811594202898551,0
0.2,0.2,0,4,11,11.0,1.0,170.15602836879432,212.41134751773052,-36.184397163120565,6.07092198581563,0.2927536231884058,0
0.6,0.5666666666666667,0,3,11,11.0,1.0,207.91489361702125,158.56737588652481,-6.021276595744695,-55.36879432624113,0.27342995169082124,0
0.8666666666666667,0.6,0,4,11,5.0,0.6666666666666666,209.38297872340425,171.56737588652481,36.25531914893617,-1.5602836879432687,0.26666666666666666,0
0.9333333333333333,0.6333333333333333,0,9,11,2.0,0.2727272727272727,210.59574468085108,171.20567375886526,86.6808510638298,47.29078014184398,0.2608695652173913,0
0.9333333333333333,0.6333333333333333,0,4,11,5.0,0.5714285714285714,212.41134751773052,170.7872340425532,81.64539007092202,40.021276595744695,0.2541062801932367,0
0.4666666666666667,0.6666666666666666,0,3,11,7.5,1.0,199.8723404255319,171.63829787234044,27.021276595744666,-1.212765957446777,0.24734299516908212,0
0.5,0.3,0,3,11,8.0,1.0,170.32624113475177,174.51773049645394,-1.7588652482269538,2.432624113475214,0.24541062801932367,0
0.43333333333333335,0.26666666666666666,0,4,11,8.5,1.0,142.60283687943263,181.90070921985816,-27.16312056737587,12.134751773049658,0.24444444444444444,0
0.4,0.26666666666666666,0,3,11,8.5,1.0,142.51063829787233,191.95744680851064,-29.255319148936167,20.19148936170214,0.24541062801932367,0
0.43333333333333335,0.26666666666666666,0,3,11,8.0,1.0,158.56737588652481,199.67375886524823,-12.262411347517741,28.843971631205676,0.24830917874396136,0
0.43333333333333335,0.26666666666666666,0,4,11,7.0,1.0,171.56737588652481,203.92198581560282,-0.7517730496454078,31.6028368794326,0.2618357487922705,0
0.4,0.26666666666666666,0,4,11,9.0,1.0,171.20567375886526,205.18439716312056,-9.198581560283685,24.78014184397162,0.27246376811594203,0
0.3333333333333333,0.23333333333333334,0,4,11,8.5,1.0,170.7872340425532,204.94326241134752,-22.19148936170211,11.964539007092213,0.2821256038647343,0
0.3,0.4666666666666667,0,4,11,11.0,1.0,205.18439716312056,160.63120567375887,1.2482269503546206,-43.304964539007074,0.28888888888888886,0
0.5666666666666667,0.5333333333333333,0,4,11,6.0,1.0,204.94326241134752,164.48226950354612,26.283687943262407,-14.17730496453899,0.28309178743961355,0
0.6,0.6,0,9,11,3.5,0.5,204.19148936170214,163.93617021276597,76.55319148936171,36.29787234042554,0.2763285024154589,0
0.6333333333333333,0.6,0,4,11,8.0,1.0,203.4113475177305,163.85815602836877,51.241134751773046,11.687943262411324,0.27053140096618356,0
0.43333333333333335,0.6,0,4,11,8.5,1.0,195.354609929078,166.13475177304963,31.035460992907787,1.8156028368794068,0.26666666666666666,0
0.4,0.3,0,4,11,9.0,1.0,170.07801418439718,170.6241134751773,4.673758865248232,5.2198581560283515,0.26570048309178745,0
0.4,0.3,0,4,11,9.0,1.0,152.822695035461,178.98581560283688,-10.900709219858129,15.262411347517741,0.263768115942029,0
0.4,0.3,0,4,11,9.0,1.0,148.04255319148936,189.48936170212767,-14.638297872340416,26.80851063829789,0.26859903381642514,0
0.4,0.3,0,4,11,8.5,1.0,160.63120567375887,199.12765957446808,-4.539007092198574,33.95744680851064,0.293719806763285,0
0.4,0.3,0,4,11,8.0,1.0,164.48226950354612,203.94326241134752,-6.070921985815573,33.390070921985824,0.2985507246376812,0
0.4,0.3,0,4,11,7.0,1.0,163.93617021276594,204.66666666666666,-12.212765957446834,28.51773049645388,0.2995169082125604,0
0.36666666666666664,0.3,0,4,11,7.0,1.0,163.85815602836877,204.83687943262416,-26.3971631205674,14.581560283687992,0.30241545893719807,0
0.23333333333333334,0.23333333333333334,0,4,11,9.0,1.0,166.13475177304963,203.12765957446808,-35.92907801418443,1.0638297872340274,0.30434782608695654,0
0.8333333333333334,0.8666666666666667,0,4,11,11.0,1.0,203.94326241134755,181.9290780141844,4.368794326241158,-17.64539007092199,0.2618357487922705,0
0.9,0.9,0,9,11,3.0,0.25,204.66666666666666,189.89361702127658,51.581560283687935,36.80851063829786,0.24830917874396136,0
0.9,0.9333333333333333,0,9,11,1.0,0.15384615384615385,204.8368794326241,189.52482269503548,134.56028368794324,119.24822695035463,0.23381642512077294,0
0.5333333333333333,0.9333333333333333,0,0,11,6.0,0.6,203.12765957446808,191.177304964539,38.53191489361703,26.581560283687935,0.21932367149758455,0
0.43333333333333335,0.9333333333333333,0,0,11,7.5,0.75,186.07801418439718,193.45390070921985,-6.283687943262407,1.0921985815602682,0.20579710144927535,0
0.4666666666666667,0.26666666666666666,0,0,11,8.0,0.75,140.9787234042553,198.43971631205673,-47.85106382978725,9.609929078014176,0.19516908212560385,0
0.4666666666666667,0.26666666666666666,0,0,11,8.5,0.75,129.3191489361702,206.59574468085103,-59.17021276595747,18.10638297872336,0.1855072463768116,0
0.43333333333333335,0.26666666666666666,0,0,11,9.0,1.0,142.4113475177305,216.47517730496455,-48.843971631205676,25.21985815602838,0.18067632850241547,0
0.43333333333333335,0.26666666666666666,0,0,11,9.0,1.0,181.92907801418437,223.82978723404256,-11.858156028368825,30.04255319148936,0.17681159420289855,0
0.43333333333333335,0.23333333333333334,0,0,10,8.0,1.0,189.89361702127658,227.6595744680851,-5.425531914893639,32.34042553191489,0.17294685990338166,0
0.4,0.23333333333333334,0,0,9,8.0,1.0,189.52482269503548,228.90070921985816,-16.687943262411324,22.687943262411352,0.17198067632850242,0
0.3333333333333333,0.2,0,0,8,7.0,1.0,191.177304964539,228.41843971631207,-27.078014184397176,10.163120567375898,0.1932367149758454,0
0.43333333333333335,0.9666666666666667,0,0,7,6.0,1.0,228.7304964539007,170.60283687943263,4.83687943262413,-53.29078014184395,0.12560386473429952,1
0.43333333333333335,0.3333333333333333,0,0,11,8.5,0.75,233.177304964539,182.06382978723403,26.51773049645388,-24.595744680851084,0.16231884057971013,1
0.5,0.3333333333333333,0,0,11,6.0,0.8,232.03546099290782,186.63829787234042,40.01418439716312,-5.382978723404278,0.17971014492753623,0
0.5333333333333333,0.3333333333333333,0,0,11,6.0,0.7142857142857143,227.80851063829786,193.89361702127658,44.10638297872339,10.19148936170211,0.1961352657004831,0
0.5333333333333333,0.3333333333333333,0,0,11,6.0,0.8333333333333334,218.73049645390074,201.0921985815603,38.73049645390074,21.092198581560297,0.20966183574879227,0
0.5,0.3333333333333333,0,0,11,6.0,0.8333333333333334,206.26241134751774,203.87234042553192,25.283687943262436,22.89361702127661,0.21932367149758455,0
0.5,0.2,0,0,11,6.0,1.0,194.12765957446808,198.82269503546095,8.914893617021278,13.609929078014147,0.22415458937198068,0
0.5333333333333333,0.3,0,0,11,6.5,1.0,185.24113475177305,182.81560283687944,-8.482269503546092,-10.907801418439703,0.23478260869565218,0
0.4,0.3,0,0,11,5.0,1.0,181.56028368794327,167.95744680851064,-21.184397163120565,-34.787234042553195,0.24154589371980675,0
0.3333333333333333,0.3,0,0,11,4.5,1.0,182.06382978723403,160.39007092198582,-24.744680851063833,-46.41843971631204,0.24541062801932367,0
0.4666666666666667,0.4666666666666667,0,0,11,5.0,1.0,186.63829787234042,167.9078014184397,-15.42553191489364,-34.15602836879435,0.24541062801932367,0
0.6666666666666666,0.6333333333333333,0,0,11,5.0,1.0,193.89361702127658,183.66666666666666,6.297872340425528,-3.929078014184398,0.24444444444444444,0
0.6333333333333333,0.6,0,0,11,5.0,1.0,201.09219858156027,202.06382978723403,42.304964539007074,43.27659574468083,0.242512077294686,0
0.6,0.6,0,0,11,5.0,1.0,203.87234042553192,211.07801418439715,46.38297872340425,53.58865248226948,0.23671497584541062,0
0.5666666666666667,0.5333333333333333,0,0,11,5.0,1.0,198.822695035461,210.14184397163123,33.92907801418443,45.24822695035465,0.23091787439613526,0
0.5333333333333333,0.5,0,0,11,5.0,1.0,182.8156028368794,208.15602836879432,1.475177304964518,26.815602836879435,0.221256038647343,0
0.36666666666666664,0.4666666666666667,0,0,11,6.5,1.0,167.95744680851064,214.39716312056737,-36.80851063829786,9.63120567375887,0.21159420289855072,0
0.36666666666666664,0.3333333333333333,0,0,11,9.0,1.0,160.39007092198582,224.31914893617022,-59.6950354609929,4.2340425531915,0.2028985507246377,0
0.3333333333333333,0.3333333333333333,0,0,11,3.0,0.4,167.9078014184397,230.48226950354612,-40.47517730496455,22.09929078014187,0.19420289855072465,0
0.4,0.36666666666666664,0,0,11,11.0,1.0,231.82978723404253,162.14893617021275,3.0638297872340274,-66.61702127659575,0.20193236714975846,0
0.43333333333333335,0.4,0,0,11,8.5,0.75,232.34751773049643,157.32624113475177,41.32624113475174,-33.695035460992926,0.20772946859903382,0
0.4666666666666667,0.43333333333333335,0,11,11,6.0,0.7142857142857143,233.38297872340425,155.67375886524823,72.72340425531914,-4.98581560283688,0.2144927536231884,0
0.4666666666666667,0.43333333333333335,0,11,11,8.0,1.0,232.3404255319149,161.19148936170214,64.42553191489361,-6.723404255319139,0.22028985507246376,0
0.5,0.43333333333333335,0,5,11,8.5,1.0,217.9148936170213,168.645390070922,53.936170212766,4.666666666666686,0.2251207729468599,0
0.5,0.3,0,5,11,9.0,0.8571428571428571,193.48226950354606,177.05673758865248,38.92907801418437,22.503546099290787,0.23285024154589373,0
0.5,0.3,0,4,11,8.0,0.8571428571428571,173.1985815602837,183.91489361702125,19.751773049645408,30.468085106382944,0.2589371980676328,0
0.5,0.3,0,4,11,7.0,0.8571428571428571,164.18439716312056,189.7446808510638,5.16312056737587,30.72340425531911,0.293719806763285,0
0.36666666666666664,0.3,0,3,11,6.5,1.0,162.14893617021275,192.66666666666666,-8.957446808510667,21.56028368794324,0.3111111111111111,0
0.3333333333333333,0.26666666666666666,0,3,11,6.5,1.0,157.32624113475177,193.645390070922,-18.482269503546092,17.83687943262413,0.32657004830917874,0
0.26666666666666666,0.23333333333333334,0,3,10,6.0,1.0,155.67375886524823,193.8368794326241,-28.581560283687935,9.581560283687935,0.34202898550724636,0
0.16666666666666666,0.2,0,3,9,8.0,1.0,161.19148936170214,192.59574468085108,-30.48936170212764,0.9148936170213062,0.35942028985507246,0
0.2,0.6333333333333333,0,1,11,8.5,1.0,189.74468085106386,113.79432624113474,-4.127659574468055,-80.07801418439718,0.3903381642512077,0
1.0333333333333334,1.0333333333333334,0,1,11,7.0,1.0,192.66666666666666,137.8368794326241,3.3687943262411295,-51.460992907801426,0.3893719806763285,0
1.0333333333333334,1.0333333333333334,0,1,11,3.0,0.38461538461538464,193.645390070922,146.82978723404256,100.32624113475178,53.51063829787235,0.38454106280193234,0
1.0333333333333334,1.0333333333333334,0,7,11,2.0,0.3125,193.8368794326241,145.46099290780143,119.09219858156027,70.71631205673759,0.37681159420289856,0
0.5666666666666667,1.0333333333333334,0,0,11,8.0,0.7142857142857143,192.59574468085108,145.24822695035462,75.14893617021279,27.80141843971633,0.370048309178744,0
0.36666666666666664,1.0333333333333334,1,0,11,10.0,1.0,158.82978723404256,146.8368794326241,9.638297872340416,-2.3546099290780376,0.3681159420289855,0
0.3333333333333333,0.2,0,3,11,11.0,1.0,151.70921985815605,135.07801418439718,-32.58865248226948,-49.21985815602835,0.43768115942028984,0
0.3333333333333333,0.2,0,3,11,11.0,1.0,160.39007092198582,110.94326241134752,-24.78014184397162,-74.22695035460993,0.41835748792270533,0
0.3333333333333333,0.23333333333333334,0,2,11,11.0,1.0,170.97872340425533,116.41843971631205,-11.361702127659555,-65.92198581560284,0.4144927536231884,0
1.0333333333333334,0.7,0,2,11,11.0,1.0,179.177304964539,133.76595744680853,-3.609929078014204,-49.021276595744666,0.40869565217391307,0
1.0333333333333334,0.7,0,2,11,8.0,0.8333333333333334,183.47517730496455,145.39716312056737,53.83687943262413,15.758865248226954,0.40096618357487923,0
1.0333333333333334,0.7,3,1,11,1.0,0.38461538461538464,183.93617021276597,145.63829787234044,91.1276595744681,52.82978723404257,0.3893719806763285,0
0.7666666666666667,0.7,4,1,11,8.0,1.0,183.43262411347519,147.46099290780143,73.04964539007094,37.078014184397176,0.38067632850241545,0
0.36666666666666664,0.7,5,0,11,9.0,1.0,164.92198581560282,149.88652482269504,18.858156028368768,3.822695035460981,0.3739130434782609,0
0.43333333333333335,0.3333333333333333,5,0,11,10.0,1.0,135.07801418439715,154.05673758865248,-9.773049645390074,9.20567375886526,0.3642512077294686,0
0.43333333333333335,0.3333333333333333,6,0,11,11.0,1.0,110.94326241134752,161.92198581560282,-34.33333333333334,16.645390070921962,0.36135265700483093,0
0.4,0.3333333333333333,6,0,11,10.0,1.0,116.41843971631208,174.25531914893614,-30.368794326241115,27.468085106382944,0.37971014492753624,0
0.4,0.3333333333333333,6,0,11,9.5,1.0,133.76595744680853,185.5390070921986,-16.553191489361694,35.21985815602838,0.39806763285024155,0
0.36666666666666664,0.3333333333333333,6,0,11,9.5,1.0,145.3971631205674,191.177304964539,-7.156028368794296,38.624113475177296,0.3932367149758454,0
0.4,0.3333333333333333,5,0,11,10.0,1.0,145.63829787234042,190.10638297872342,-13.659574468085111,30.80851063829789,0.38743961352657,0
0.4,0.3333333333333333,0,0,11,10.5,1.0,147.46099290780145,186.31205673758868,-26.453900709219823,12.397163120567399,0.38067632850241545,0
0.4,0.3333333333333333,0,0,11,11.0,0.8,149.88652482269504,172.51063829787233,-39.66666666666666,-17.04255319148936,0.3739130434782609,0
0.4,0.36666666666666664,0,0,11,11.0,0.8,154.05673758865248,144.354609929078,-39.0921985815603,-48.79432624113477,0.36231884057971014,0
0.43333333333333335,0.36666666666666664,0,0,11,11.0,1.0,161.92198581560282,120.74468085106383,-28.907801418439732,-70.08510638297872,0.3352657004830918,0
0.43333333333333335,0.4,0,0,11,6.0,1.0,174.2553191489362,138.94326241134752,-12.085106382978694,-47.39716312056737,0.3159420289855073,0
0.6666666666666666,0.9333333333333333,0,0,11,7.5,1.0,185.5390070921986,177.03546099290782,3.7730496453901026,-4.730496453900685,0.2995169082125604,0
1.0,0.9333333333333333,0,0,11,7.0,1.0,191.177304964539,212.2836879432624,41.75177304964538,62.858156028368796,0.28309178743961355,0
1.0,0.9,0,0,11,2.0,0.42857142857142855,190.10638297872342,216.51063829787233,88.2340425531915,114.63829787234042,0.26666666666666666,0
0.9666666666666667,0.9,0,0,11,2.0,0.42857142857142855,186.31205673758868,216.2624113475177,75.37588652482272,105.32624113475175,0.24830917874396136,0
0.26666666666666666,0.9,0,0,11,8.5,1.0,172.51063829787233,216.99290780141845,-31.51063829787236,12.97163120567376,0.23381642512077294,0
0.4,0.4666666666666667,0,0,11,11.0,1.0,232.54609929078015,179.7163120567376,-0.17730496453899036,-53.007092198581546,0.18067632850241547,0
0.5666666666666667,0.5,0,0,11,8.5,1.0,233.46808510638297,187.19148936170214,32.70212765957447,-13.57446808510636,0.18647342995169083,0
0.5666666666666667,0.5,11,0,11,6.0,0.625,234.29787234042553,187.1205673758865,96.95744680851064,49.78014184397162,0.1932367149758454,0
0.5666666666666667,0.5,0,0,11,7.0,0.8571428571428571,233.77304964539007,186.8794326241135,69.11347517730496,22.21985815602838,0.19903381642512077,0
0.4666666666666667,0.5,0,0,11,8.0,1.0,222.43262411347519,187.14184397163118,35.58156028368796,0.2907801418439533,0.20483091787439614,0
0.43333333333333335,0.36666666666666664,0,0,11,9.0,1.0,190.27659574468086,187.6595744680851,2.638297872340445,0.02127659574469476,0.2135265700483092,0
0.43333333333333335,0.36666666666666664,0,0,11,10.0,1.0,167.5886524822695,187.85106382978725,-19.496453900709213,0.7659574468085282,0.22318840579710145,0
0.43333333333333335,0.36666666666666664,0,0,11,11.0,1.0,162.95035460992906,188.2127659574468,-23.687943262411352,1.574468085106389,0.23671497584541062,0
0.43333333333333335,0.36666666666666664,0,0,11,11.0,1.0,179.7163120567376,188.9148936170213,-7.198581560283685,2.0000000000000284,0.2541062801932367,0
0.43333333333333335,0.36666666666666664,0,0,11,11.0,1.0,187.1914893617021,189.54609929078015,-0.680851063829806,1.6737588652482316,0.26570048309178745,0
0.4666666666666667,0.36666666666666664,0,0,11,11.0,1.0,187.1205673758865,189.4964539007092,-1.0709219858156303,1.3049645390070737,0.2763285024154589,0
0.43333333333333335,0.36666666666666664,0,0,11,11.0,1.0,186.8794326241135,188.8014184397163,-0.6099290780141757,1.3120567375886196,0.28695652173913044,0
0.43333333333333335,0.36666666666666664,0,0,11,11.0,1.0,187.14184397163123,185.53191489361703,-1.8156028368794068,-3.425531914893611,0.2975845410628019,0
0.4,0.36666666666666664,0,0,11,11.0,1.0,187.6595744680851,172.98581560283688,-2.6382978723404165,-17.312056737588648,0.30628019323671496,0
0.4666666666666667,0.36666666666666664,0,0,11,11.0,1.0,187.85106382978722,155.9290780141844,-1.531914893617028,-33.45390070921985,0.2985507246376812,0
0.4666666666666667,0.4,0,0,11,11.0,1.0,188.2127659574468,150.96453900709218,-0.5957446808510554,-37.843971631205676,0.2956521739130435,0
0.4666666666666667,0.4,0,0,11,11.0,1.0,188.91489361702125,157.8368794326241,0.7021276595744439,-30.375886524822704,0.2956521739130435,0
0.6666666666666666,0.43333333333333335,0,0,11,11.0,1.0,189.54609929078015,169.02836879432627,9.97163120567376,-10.54609929078012,0.2946859903381642,0
0.6666666666666666,0.43333333333333335,0,0,11,11.0,0.8571428571428571,189.4964539007092,170.95744680851064,38.32624113475177,19.787234042553195,0.293719806763285,0
0.6666666666666666,0.43333333333333335,0,0,11,11.0,0.75,188.8014184397163,170.92198581560282,51.758865248226925,33.87943262411346,0.293719806763285,0
0.4666666666666667,0.43333333333333335,0,0,11,11.0,1.0,185.53191489361703,171.9290780141844,20.85106382978725,7.248226950354621,0.29178743961352654,0
0.4666666666666667,0.43333333333333335,0,0,11,11.0,1.0,172.98581560283688,173.91489361702125,1.1985815602836851,2.127659574468055,0.29082125603864734,0
0.4666666666666667,0.4,0,0,11,11.0,1.0,155.9290780141844,178.24113475177305,-14.687943262411352,7.624113475177296,0.2898550724637681,0
0.4666666666666667,0.4,0,0,11,10.5,1.0,150.96453900709218,182.8794326241135,-19.503546099290787,12.411347517730519,0.3004830917874396,0
0.43333333333333335,0.36666666666666664,0,0,11,9.0,1.0,157.8368794326241,186.29787234042553,-13.843971631205676,14.61702127659575,0.3178743961352657,0
0.43333333333333335,0.36666666666666664,0,0,11,9.0,1.0,169.02836879432624,187.1560283687943,-4.609929078014176,13.51773049645388,0.32560386473429953,0
0.43333333333333335,0.36666666666666664,0,0,11,10.0,1.0,170.95744680851064,187.7872340425532,-5.468085106382972,11.361702127659584,0.3314009661835749,0
0.43333333333333335,0.36666666666666664,0,0,11,10.0,1.0,170.92198581560285,189.02127659574467,-13.737588652482259,4.361702127659555,0.33719806763285026,0
0.43333333333333335,0.36666666666666664,0,0,11,11.0,1.0,171.9290780141844,189.34751773049643,-15.624113475177296,1.7943262411347405,0.34396135265700484,0
0.43333333333333335,0.36666666666666664,0,0,11,11.0,1.0,173.91489361702125,173.43262411347519,-12.765957446808528,-13.248226950354592,0.3497584541062802,0
0.43333333333333335,0.36666666666666664,0,0,11,11.0,1.0,178.24113475177305,152.53191489361703,-8.992907801418454,-34.70212765957447,0.3507246376811594,0
0.43333333333333335,0.36666666666666664,0,0,11,11.0,1.0,182.8794326241135,137.39716312056737,-6.567375886524815,-52.049645390070935,0.3468599033816425,0
0.43333333333333335,0.36666666666666664,0,0,11,11.0,1.0,186.29787234042553,140.1985815602837,-4.085106382978722,-50.184397163120536,0.3458937198067633,0
0.7666666666666667,0.7333333333333333,0,0,11,11.0,1.0,187.15602836879432,147.36170212765958,-1.0567375886524815,-40.85106382978722,0.34202898550724636,0
0.7666666666666667,0.7333333333333333,1,0,11,6.0,0.6666666666666666,187.7872340425532,149.8794326241135,46.08510638297872,8.177304964539019,0.3391304347826087,0
0.7666666666666667,0.7333333333333333,3,0,11,6.0,0.5833333333333334,189.02127659574467,150.22695035460993,61.340425531914875,22.546099290780134,0.336231884057971,0
0.5666666666666667,0.7333333333333333,4,0,11,8.0,0.8571428571428571,189.34751773049643,152.5886524822695,46.539007092198574,9.780141843971649,0.3323671497584541,0
0.4666666666666667,0.7333333333333333,5,0,11,11.0,1.0,173.43262411347519,155.32624113475177,23.32624113475177,5.2198581560283515,0.32753623188405795,0
0.4666666666666667,0.4,5,0,11,10.5,1.0,152.53191489361703,160.92198581560282,3.3617021276595835,11.75177304964538,0.32657004830917874,0
0.43333333333333335,0.36666666666666664,6,0,11,11.0,1.0,137.39716312056737,169.67375886524823,-12.964539007092213,19.312056737588648,0.32657004830917874,0
0.43333333333333335,0.36666666666666664,6,0,11,11.0,1.0,140.19858156028369,180.7304964539007,-10.950354609929093,29.581560283687935,0.34106280193236715,0
0.43333333333333335,0.36666666666666664,6,0,11,11.0,1.0,147.36170212765958,189.4964539007092,-8.893617021276583,33.241134751773046,0.3526570048309179,0
0.43333333333333335,0.36666666666666664,5,0,11,11.0,1.0,149.8794326241135,193.56737588652481,-8.695035460992898,34.992907801418426,0.3526570048309179,0
0.4,0.36666666666666664,5,0,11,11.0,1.0,150.22695035460993,193.69503546099293,-17.70921985815602,25.758865248226982,0.3526570048309179,0
0.36666666666666664,0.3333333333333333,0,0,11,11.0,1.0,152.5886524822695,193.61702127659575,-29.921985815602824,11.106382978723417,0.3536231884057971,0
0.36666666666666664,0.3333333333333333,0,0,11,11.0,1.0,155.32624113475177,187.70921985815605,-36.418439716312065,-4.035460992907787,0.3536231884057971,0
0.4,0.3333333333333333,0,0,11,11.0,1.0,160.92198581560282,168.2695035460993,-33.31205673758868,-25.964539007092213,0.34202898550724636,0
0.4,0.36666666666666664,0,0,11,11.0,1.0,169.67375886524823,153.38297872340425,-25.049645390070907,-41.34042553191489,0.32367149758454106,0
0.4,0.36666666666666664,0,0,11,10.0,1.0,180.7304964539007,156.5531914893617,-11.39716312056737,-35.57446808510639,0.3120772946859903,0
0.5,0.7666666666666667,0,0,11,9.0,1.0,189.4964539007092,177.10638297872342,-4.503546099290787,-16.893617021276583,0.3004830917874396,0
0.8333333333333334,0.7666666666666667,0,0,11,8.0,1.0,193.56737588652481,192.23404255319147,16.567375886524815,15.234042553191472,0.28599033816425123,0
0.8333333333333334,0.7666666666666667,0,0,11,6.0,0.6923076923076923,193.6950354609929,194.53191489361703,59.88652482269504,60.72340425531917,0.26956521739130435,0
0.8,0.7666666666666667,0,0,11,6.0,0.8181818181818182,193.61702127659575,194.97872340425533,44.27659574468086,45.638297872340445,0.2541062801932367,0
0.3,0.7666666666666667,1,0,11,7.5,1.0,187.70921985815605,197.07801418439715,1.1985815602837135,10.567375886524815,0.2396135265700483,0
0.26666666666666666,0.4,1,0,11,9.0,1.0,168.2695035460993,201.822695035461,-27.198581560283685,6.354609929078038,0.22608695652173913,0
0.13333333333333333,0.4,0,0,2,2.0,0.0,221.36879432624116,138.3191489361702,-12.31205673758862,-95.36170212765958,0.2821256038647343,0
0.9333333333333333,0.7,0,0,6,6.0,1.0,231.0921985815603,147.82269503546098,-6.01418439716312,-89.28368794326244,0.2811594202898551,0
1.0333333333333334,0.7,0,0,7,2.0,0.45454545454545453,235.92198581560285,152.7304964539007,76.98581560283691,-6.205673758865231,0.28019323671497587,0
1.0333333333333334,0.7,0,0,8,5.5,0.5714285714285714,235.5531914893617,152.12765957446808,111.31914893617021,27.893617021276597,0.2782608695652174,0
0.6666666666666666,0.7,0,0,9,7.0,1.0,235.65248226950357,152.10638297872342,97.67375886524826,14.127659574468112,0.2792270531400966,0
0.6,0.7,0,0,10,8.0,1.0,209.9078014184397,155.21985815602838,57.16312056737587,2.4751773049645465,0.2792270531400966,0
0.6333333333333333,0.3333333333333333,0,0,11,9.0,1.0,173.42553191489364,163.6241134751773,20.680851063829806,10.879432624113463,0.28019323671497587,0
0.6333333333333333,0.3333333333333333,0,0,11,10.0,1.0,140.38297872340425,175.48226950354606,-12.319148936170222,22.78014184397159,0.28502415458937197,0
0.6,0.3333333333333333,0,0,11,10.0,0.8888888888888888,138.3191489361702,185.7517730496454,-12.61702127659575,34.815602836879464,0.30917874396135264,0
0.6,0.3333333333333333,0,0,11,9.0,0.8888888888888888,147.822695035461,190.60283687943263,-4.858156028368768,37.92198581560285,0.3342995169082126,0
0.6,0.3333333333333333,0,0,11,9.5,1.0,152.7304964539007,190.70212765957444,-9.312056737588648,28.659574468085083,0.3497584541062802,0
0.5333333333333333,0.3333333333333333,0,0,11,11.0,1.0,152.12765957446808,189.60283687943263,-24.021276595744695,13.453900709219852,0.3642512077294686,0
0.6666666666666666,0.3333333333333333,0,0,11,11.0,1.0,190.6028368794326,137.20567375886526,0.4539007092198233,-52.94326241134752,0.36618357487922704,0
1.0333333333333334,0.3333333333333333,0,0,11,11.0,1.0,190.70212765957444,154.67375886524823,37.38297872340422,1.3546099290780091,0.357487922705314,0
1.0333333333333334,0.3333333333333333,3,0,11,2.0,0.38461538461538464,189.60283687943263,155.1205673758865,83.36879432624114,48.88652482269502,0.3497584541062802,0
1.0333333333333334,0.3333333333333333,4,0,11,2.0,0.45454545454545453,189.41843971631204,156.12765957446808,86.31205673758863,53.02127659574468,0.34009661835748795,0
0.36666666666666664,0.3333333333333333,5,0,11,11.0,1.0,177.67375886524823,157.2482269503546,22.524822695035454,2.099290780141814,0.3333333333333333,0
0.36666666666666664,0.3333333333333333,5,0,11,11.0,1.0,149.90070921985816,159.95035460992906,-3.460992907801426,6.588652482269481,0.3352657004830918,0
0.8333333333333334,0.5666666666666667,0,0,11,11.0,1.0,177.14893617021275,130.14893617021278,-0.04255319148938952,-47.04255319148936,0.4028985507246377,0
0.9,0.5666666666666667,0,0,11,6.5,0.8,186.13475177304963,125.91489361702128,43.81560283687941,-16.404255319148945,0.40096618357487923,0
0.9,0.5666666666666667,1,0,11,7.0,0.6923076923076923,192.31205673758868,122.63120567375886,80.82269503546102,11.141843971631204,0.40096618357487923,0
0.8666666666666667,0.5666666666666667,1,0,11,7.0,0.75,187.2695035460993,137.3758865248227,72.71631205673758,22.822695035460995,0.40193236714975844,0
0.8333333333333334,0.5666666666666667,0,0,11,7.0,1.0,170.85815602836882,163.02127659574467,22.198581560283714,14.361702127659555,0.4048309178743961,0
0.8666666666666667,0.5333333333333333,0,0,11,7.0,0.8181818181818182,143.66666666666666,166.6950354609929,16.43262411347517,39.46099290780141,0.4067632850241546,0
0.8666666666666667,0.3333333333333333,2,0,11,7.0,0.75,122.78723404255318,148.56737588652484,20.936170212765944,46.71631205673761,0.4077294685990338,0
0.6666666666666666,0.3333333333333333,0,0,11,7.0,0.8888888888888888,124.90070921985817,142.1418439716312,-13.90780141843969,3.333333333333343,0.4096618357487923,0
0.6,0.36666666666666664,0,0,11,11.0,1.0,130.14893617021278,143.86524822695034,-41.319148936170194,-27.60283687943263,0.4096618357487923,0
0.8666666666666667,0.8666666666666667,0,0,11,11.0,1.0,125.91489361702128,155.90070921985816,-52.87234042553192,-22.886524822695037,0.4106280193236715,0
0.8666666666666667,0.9,0,0,11,6.0,0.5555555555555556,122.63120567375887,153.18439716312056,-27.198581560283685,3.354609929078009,0.4115942028985507,0
0.9,0.9333333333333333,0,0,11,2.0,0.46153846153846156,137.37588652482268,152.0709219858156,20.290780141843953,34.98581560283688,0.41256038647342996,0
0.6333333333333333,0.9333333333333333,0,0,11,11.0,1.0,163.02127659574467,152.7872340425532,3.510638297872333,-6.723404255319139,0.4115942028985507,0
0.6,0.9333333333333333,0,0,11,10.0,0.875,166.69503546099293,156.24113475177305,11.695035460992926,1.2411347517730462,0.4038647342995169,0
0.6333333333333333,0.26666666666666666,0,0,11,10.5,0.875,148.56737588652481,162.39716312056737,-4.6241134751773245,9.205673758865231,0.3855072463768116,0
0.6333333333333333,0.26666666666666666,0,0,11,11.0,0.875,142.1418439716312,172.12765957446808,-9.21985815602838,20.7659574468085,0.3681159420289855,0
0.6333333333333333,0.26666666666666666,0,0,11,11.0,1.0,143.86524822695034,181.14184397163118,-7.794326241134769,29.482269503546064,0.3642512077294686,0
0.6,0.26666666666666666,0,0,11,11.0,1.0,155.90070921985816,187.78014184397162,0.5602836879432687,32.43971631205673,0.37777777777777777,0
0.6,0.23333333333333334,0,0,11,11.0,1.0,153.18439716312056,189.75886524822695,-8.539007092198574,28.035460992907815,0.35942028985507246,0
0.5,0.23333333333333334,0,0,11,11.0,1.0,152.0709219858156,190.4609929078014,-18.05673758865248,20.333333333333314,0.34782608695652173,0
0.4666666666666667,0.2,0,0,11,11.0,1.0,152.7872340425532,191.01418439716312,-31.744680851063833,6.482269503546092,0.34396135265700484,0
0.5333333333333333,1.0333333333333334,0,0,9,8.0,1.0,189.75886524822695,192.39007092198582,2.226950354609926,4.858156028368796,0.28309178743961355,0
1.0333333333333334,1.0333333333333334,1,0,8,7.0,0.8,190.4609929078014,198.68085106382978,27.992907801418426,36.212765957446805,0.26570048309178745,0
1.0333333333333334,1.0333333333333334,3,0,7,1.0,0.25,191.01418439716312,198.04255319148936,109.63120567375887,116.65957446808511,0.25024154589371983,0
0.16666666666666666,1.0333333333333334,4,0,6,6.0,1.0,190.03546099290782,198.25531914893614,11.333333333333343,19.553191489361666,0.2357487922705314,0
0.13333333333333333,1.0333333333333334,5,0,0,0,0,180.56737588652481,199.79432624113474,-19.624113475177325,-0.39716312056739866,0.2222222222222222,0
0.4,0.9666666666666667,0,0,11,11.0,1.0,232.93617021276597,194.47517730496452,-2.319148936170194,-40.78014184397165,0.14589371980676327,1
0.7666666666666667,0.23333333333333334,0,0,11,11.0,1.0,232.2553191489362,139.7163120567376,5.148936170212778,-87.39007092198582,0.30434782608695654,0
0.8333333333333334,0.3,0,0,11,6.0,1.0,232.68794326241132,139.87234042553192,65.47517730496452,-27.34042553191489,0.3120772946859903,0
0.8333333333333334,0.3,0,4,11,6.0,0.5454545454545454,232.86524822695037,138.29078014184395,118.73758865248229,24.16312056737587,0.3207729468599034,0
0.5666666666666667,0.3,0,4,11,8.0,1.0,230.9716312056738,143.3404255319149,95.1843971631206,7.553191489361694,0.33043478260869563,0
0.5,0.3,0,4,11,9.0,1.0,209.11347517730496,150.97163120567376,64.43262411347519,6.290780141843982,0.3140096618357488,0
0.5333333333333333,0.26666666666666666,0,4,11,10.0,0.8571428571428571,169.48226950354612,161.26241134751774,30.801418439716343,22.581560283687963,0.2966183574879227,0
0.5333333333333333,0.26666666666666666,0,4,11,10.0,0.8571428571428571,139.04255319148936,170.98581560283688,2.7872340425531945,34.73049645390071,0.3140096618357488,0
0.5,0.26666666666666666,0,4,11,9.0,0.8571428571428571,131.53191489361703,181.4609929078014,-8.404255319148916,41.52482269503545,0.3352657004830918,0
0.4,0.26666666666666666,0,4,11,9.5,1.0,139.7163120567376,188.45390070921985,-14.113475177304963,34.624113475177296,0.3507246376811594,0
0.4,0.26666666666666666,0,4,11,11.0,1.0,139.87234042553192,190.58156028368793,-19.27659574468086,31.432624113475157,0.3671497584541063,0
0.36666666666666664,0.26666666666666666,0,4,11,11.0,1.0,138.29078014184395,190.01418439716312,-32.51773049645391,19.20567375886526,0.3826086956521739,0
0.3,0.2,0,4,11,11.0,1.0,143.3404255319149,188.70212765957444,-39.65957446808511,5.702127659574444,0.39806763285024155,0
0.2,0.2,0,4,11,11.0,1.0,181.4609929078014,138.4964539007092,-7.411347517730519,-50.375886524822704,0.4057971014492754,0
0.6333333333333333,0.6333333333333333,0,4,11,11.0,1.0,188.45390070921985,143.68794326241132,0.6028368794326298,-44.1631205673759,0.40096618357487923,0
0.6666666666666666,0.6666666666666666,0,4,11,6.0,0.5555555555555556,190.58156028368793,145.7872340425532,50.64539007092199,5.85106382978725,0.3903381642512077,0
0.7,0.7,0,4,11,6.0,0.5454545454545454,190.01418439716312,147.82269503546098,60.035460992907815,17.843971631205676,0.38067632850241545,0
0.5333333333333333,0.7,0,4,11,8.0,0.8571428571428571,188.70212765957444,149.45390070921985,49.48936170212764,10.241134751773046,0.37584541062801935,0
0.5,0.7,0,4,11,9.0,1.0,172.21985815602838,152.822695035461,25.921985815602852,6.524822695035482,0.3719806763285024,0
0.5,0.26666666666666666,0,4,11,10.0,1.0,152.58865248226948,156.46099290780143,7.035460992907787,10.907801418439732,0.370048309178744,0
0.5,0.26666666666666666,0,4,11,10.0,1.0,136.37588652482268,165.92198581560285,-9.134751773049658,20.41134751773052,0.3690821256038647,0
0.5,0.26666666666666666,0,3,11,10.0,1.0,138.4964539007092,177.6241134751773,-13.907801418439732,25.21985815602835,0.37971014492753624,0
0.5,0.26666666666666666,0,3,11,9.0,1.0,143.68794326241132,186.14184397163118,-6.758865248226982,35.69503546099287,0.3903381642512077,0
0.5,0.26666666666666666,0,3,11,9.5,1.0,145.7872340425532,187.5531914893617,-9.829787234042556,31.936170212765944,0.39903381642512076,0
0.43333333333333335,0.23333333333333334,0,3,11,11.0,1.0,147.822695035461,185.54609929078015,-15.496453900709213,22.226950354609926,0.4048309178743961,0
0.3333333333333333,0.2,0,3,11,11.0,1.0,149.45390070921985,182.89361702127658,-29.375886524822704,4.063829787234027,0.4096618357487923,0
0.8333333333333334,0.3,1,4,11,11.0,1.0,187.5531914893617,149.6950354609929,11.957446808510639,-25.900709219858157,0.3961352657004831,0
0.8333333333333334,0.3,1,4,11,6.0,0.7142857142857143,185.54609929078015,149.4964539007092,52.39716312056737,16.347517730496435,0.3884057971014493,0
0.8333333333333334,0.3,0,3,11,7.0,0.75,182.89361702127658,148.67375886524823,59.44680851063829,25.22695035460994,0.38067632850241545,0
0.43333333333333335,0.3,0,3,11,9.5,1.0,180.40425531914892,148.9716312056738,31.021276595744666,-0.4113475177304622,0.3739130434782609,0
0.43333333333333335,0.3,0,3,11,10.0,1.0,163.21985815602838,151.2340425531915,12.751773049645408,0.7659574468085282,0.3739130434782609,0
0.43333333333333335,0.26666666666666666,0,3,11,10.5,1.0,144.06382978723403,158.2482269503546,-5.170212765957473,9.014184397163092,0.3855072463768116,0
0.43333333333333335,0.26666666666666666,0,3,11,10.5,1.0,135.32624113475177,169.36170212765958,-13.460992907801426,20.57446808510639,0.3932367149758454,0
0.43333333333333335,0.26666666666666666,0,3,11,10.0,1.0,141.09929078014184,177.78014184397162,-6.900709219858157,29.78014184397162,0.40193236714975844,0
0.43333333333333335,0.26666666666666666,0,3,11,9.5,1.0,149.6950354609929,182.74468085106386,-0.43262411347518537,32.61702127659578,0.4115942028985507,0
0.43333333333333335,0.26666666666666666,0,3,11,8.5,1.0,149.4964539007092,177.7304964539007,-6.078014184397176,22.156028368794324,0.4260869565217391,0
0.36666666666666664,0.26666666666666666,0,3,11,9.0,1.0,148.67375886524823,163.79432624113474,-20.36879432624113,-5.248226950354621,0.42995169082125606,0
0.23333333333333334,0.26666666666666666,0,3,11,11.0,1.0,148.9716312056738,137.46099290780143,-34.496453900709184,-46.007092198581546,0.4280193236714976,0
0.23333333333333334,0.2,0,3,11,11.0,1.0,151.23404255319147,119.3404255319149,-29.595744680851084,-61.48936170212765,0.4222222222222222,0
0.6333333333333333,0.5666666666666667,0,3,11,11.0,1.0,169.36170212765958,128.52482269503545,0.9361702127659726,-39.90070921985816,0.4144927536231884,0
0.7666666666666667,0.5666666666666667,0,3,11,6.0,1.0,177.78014184397162,121.28368794326241,38.758865248226925,-17.737588652482287,0.4057971014492754,0
0.7666666666666667,0.5666666666666667,0,3,11,6.0,0.7272727272727273,182.7446808510638,121.7517730496454,77.80851063829785,16.815602836879435,0.39710144927536234,0
0.7666666666666667,0.5666666666666667,0,3,11,7.0,1.0,177.7304964539007,135.43262411347519,63.66666666666667,21.368794326241144,0.3893719806763285,0
0.6,0.5666666666666667,0,3,11,7.0,1.0,163.79432624113477,167.1985815602837,20.432624113475185,23.83687943262413,0.37971014492753624,0
0.7333333333333333,0.5333333333333333,0,3,11,7.0,0.875,137.46099290780143,173.54609929078015,9.312056737588648,45.39716312056737,0.3690821256038647,0
0.7333333333333333,0.5333333333333333,2,3,11,7.0,0.7,119.34042553191489,162.4468085106383,27.0,70.10638297872342,0.357487922705314,0
0.5333333333333333,0.5333333333333333,0,3,11,6.0,0.8571428571428571,120.78723404255318,150.90070921985816,-23.97872340425532,6.134751773049658,0.3458937198067633,0
0.43333333333333335,0.5333333333333333,0,3,11,9.0,1.0,128.52482269503545,162.64539007092196,-40.666666666666686,-6.546099290780177,0.3352657004830918,0
0.5666666666666667,0.3333333333333333,0,3,11,9.5,1.0,121.28368794326241,181.95744680851064,-66.35460992907801,-5.680851063829778,0.32753623188405795,0
0.8666666666666667,0.4,0,2,10,8.5,1.0,121.7517730496454,197.30496453900707,-42.05673758865247,33.49645390070921,0.3178743961352657,0
0.9,0.4,0,2,9,3.5,0.5,135.43262411347519,196.82978723404256,-0.4609929078013977,60.93617021276597,0.3101449275362319,0
0.9333333333333333,0.43333333333333335,0,0,8,6.5,0.8333333333333334,167.19858156028369,198.04964539007094,14.198581560283685,45.049645390070935,0.30241545893719807,0
0.36666666666666664,0.43333333333333335,0,0,8,7.0,1.0,173.54609929078015,198.9645390070922,-25.496453900709213,-0.0780141843971478,0.28888888888888886,0
0.4,0.26666666666666666,0,0,9,8.0,1.0,162.4468085106383,203.17021276595747,-31.38297872340425,9.340425531914917,0.2647342995169082,0
0.4,0.26666666666666666,0,0,10,8.5,1.0,150.90070921985816,210.97872340425533,-48.141843971631204,11.936170212765973,0.24830917874396136,0
0.4,0.26666666666666666,0,0,10,8.5,1.0,162.64539007092196,221.14893617021278,-34.97163120567379,23.531914893617028,0.25507246376811593,0
0.36666666666666664,0.26666666666666666,0,0,9,8.0,1.0,181.95744680851064,228.79432624113474,-15.531914893617028,31.304964539007074,0.2531400966183575,0
0.36666666666666664,0.23333333333333334,0,0,8,8.0,1.0,197.30496453900707,232.75886524822695,-4.482269503546121,30.97163120567376,0.242512077294686,0
0.3,0.23333333333333334,0,0,9,7.0,1.0,196.82978723404256,233.22695035460993,-13.404255319148945,22.992907801418426,0.24444444444444444,0
0.23333333333333334,0.2,0,0,10,6.0,1.0,198.04964539007094,233.05673758865248,-22.865248226950342,12.141843971631204,0.2492753623188406,0
0.9,0.9333333333333333,0,0,11,9.5,1.0,228.79432624113474,147.2553191489362,-3.8652482269503707,-85.40425531914892,0.26859903381642514,0
0.9666666666666667,0.9666666666666667,0,0,11,9.0,1.0,232.75886524822695,153.48936170212764,53.567375886524815,-25.7021276595745,0.26763285024154587,0
0.9666666666666667,0.9666666666666667,0,0,11,6.0,0.5714285714285714,233.22695035460993,153.66666666666666,126.97163120567376,47.41134751773049,0.26763285024154587,0
0.8666666666666667,1.0,0,0,11,7.0,0.8181818181818182,233.05673758865248,153.6241134751773,97.84397163120568,18.41134751773049,0.26956521739130435,0
0.6666666666666666,1.0,0,0,11,8.0,1.0,215.18439716312056,154.93617021276597,62.9290780141844,2.680851063829806,0.2714975845410628,0
0.6,0.4,0,0,11,9.0,1.0,172.70212765957447,159.04964539007094,18.404255319148945,4.751773049645408,0.2743961352657005,0
0.6,0.4,0,0,11,10.0,1.0,140.21985815602838,169.21985815602838,-13.695035460992898,15.304964539007102,0.2782608695652174,0
0.6333333333333333,0.36666666666666664,0,0,11,9.0,1.0,131.24113475177305,180.61702127659575,-21.54609929078015,27.829787234042556,0.293719806763285,0
0.6333333333333333,0.36666666666666664,0,0,11,8.0,1.0,147.25531914893614,189.94326241134752,-6.914893617021306,35.773049645390074,0.3101449275362319,0
0.6333333333333333,0.36666666666666664,0,0,11,7.0,1.0,153.48936170212764,191.9290780141844,-4.3617021276595835,34.078014184397176,0.32367149758454106,0
0.6,0.36666666666666664,0,0,11,7.0,1.0,153.66666666666666,190.70212765957447,-11.460992907801426,25.57446808510639,0.33816425120772947,0
0.5,0.3333333333333333,0,0,11,11.0,1.0,153.62411347517732,189.19148936170214,-31.056737588652453,4.510638297872362,0.3526570048309179,0
0.36666666666666664,0.3333333333333333,0,0,11,11.0,1.0,154.93617021276597,184.70921985815605,-37.10638297872339,-7.333333333333314,0.36618357487922704,0
0.36666666666666664,0.3333333333333333,0,0,11,11.0,1.0,159.04964539007094,168.59574468085108,-34.05673758865248,-24.510638297872333,0.37777777777777777,0
0.4,0.3333333333333333,0,0,11,11.0,1.0,169.21985815602838,150.95744680851064,-21.418439716312037,-39.68085106382978,0.3690821256038647,0
0.4,0.3333333333333333,0,0,11,11.0,1.0,180.61702127659575,141.70212765957447,-7.744680851063833,-46.65957446808511,0.3652173913043478,0
0.43333333333333335,0.3333333333333333,0,0,11,11.0,1.0,189.94326241134752,144.02127659574467,1.3687943262411295,-44.55319148936172,0.36231884057971014,0
0.8666666666666667,0.3333333333333333,0,0,11,10.5,1.0,191.9290780141844,146.709219858156,14.737588652482259,-30.48226950354615,0.35555555555555557,0
0.9,0.3333333333333333,0,0,11,8.5,0.8,190.70212765957447,144.82269503546098,50.68085106382978,4.8014184397162865,0.3468599033816425,0
0.9333333333333333,0.3333333333333333,0,0,11,8.5,0.9,189.19148936170214,144.18439716312056,53.53191489361703,8.524822695035454,0.34009661835748795,0
0.6333333333333333,0.3333333333333333,0,0,11,8.0,1.0,184.70921985815605,145.07801418439718,35.283687943262436,-4.347517730496435,0.3333333333333333,0
0.6666666666666666,0.3333333333333333,0,0,11,9.0,1.0,168.59574468085108,147.74468085106383,21.61702127659578,0.7659574468085282,0.32560386473429953,0
0.6666666666666666,0.3333333333333333,0,0,11,10.0,1.0,150.95744680851064,154.56737588652481,7.2340425531915,10.843971631205676,0.3217391304347826,0
0.6333333333333333,0.3333333333333333,0,0,11,11.0,1.0,141.70212765957447,164.7304964539007,-2.0638297872340274,20.964539007092213,0.3294685990338164,0
0.6,0.26666666666666666,0,0,11,10.0,1.0,144.02127659574467,174.88652482269504,-1.0425531914893895,29.82269503546098,0.34396135265700484,0
0.6,0.26666666666666666,0,0,11,9.0,1.0,146.70921985815602,180.01418439716312,0.30496453900707365,33.609929078014176,0.3526570048309179,0
0.4666666666666667,0.26666666666666666,0,0,11,8.0,1.0,144.822695035461,181.31205673758868,-6.94326241134749,29.546099290780177,0.35942028985507246,0
0.43333333333333335,0.26666666666666666,0,0,11,7.5,1.0,144.18439716312056,181.59574468085103,-21.347517730496463,16.063829787234,0.3671497584541063,0
0.3333333333333333,0.23333333333333334,0,0,11,9.0,1.0,145.07801418439718,179.88652482269504,-31.815602836879407,2.992907801418454,0.37681159420289856,0
0.3333333333333333,0.23333333333333334,0,0,11,10.0,1.0,147.74468085106383,167.48936170212764,-34.48936170212767,-14.744680851063862,0.3855072463768116,0
0.3333333333333333,0.23333333333333334,0,1,11,11.0,1.0,154.56737588652484,148.6950354609929,-26.347517730496435,-32.21985815602838,0.38454106280193234,0
0.3,0.3333333333333333,0,1,11,11.0,1.0,174.88652482269504,138.05673758865248,-8.198581560283685,-45.02836879432624,0.3855072463768116,0
0.7333333333333333,0.3333333333333333,0,2,11,11.0,0.6666666666666666,180.01418439716312,143.82978723404256,4.226950354609926,-31.95744680851064,0.3826086956521739,0
0.8,0.36666666666666664,0,2,11,2.0,0.2857142857142857,181.31205673758868,144.63120567375887,37.71631205673762,1.0354609929078151,0.37874396135265703,0
0.8333333333333334,0.36666666666666664,0,2,11,6.0,0.5555555555555556,181.59574468085103,144.41843971631207,54.893617021276555,17.716312056737593,0.3748792270531401,0
0.5666666666666667,0.36666666666666664,0,2,11,7.0,1.0,179.88652482269504,144.87943262411346,38.52482269503545,3.517730496453879,0.3710144927536232,0
0.5,0.36666666666666664,0,2,11,8.0,1.0,167.48936170212764,146.3191489361702,21.38297872340422,0.21276595744677707,0.3652173913043478,0
0.4666666666666667,0.26666666666666666,0,2,11,8.0,1.0,148.69503546099293,149.09929078014184,4.673758865248232,5.078014184397148,0.36135265700483093,0
0.4666666666666667,0.26666666666666666,2,2,11,8.0,1.0,137.21985815602838,157.05673758865248,-6.54609929078012,13.290780141843982,0.3710144927536232,0
0.4666666666666667,0.26666666666666666,1,3,11,8.0,1.0,138.05673758865248,167.65248226950357,-7.411347517730491,22.184397163120593,0.38743961352657,0
0.4666666666666667,0.26666666666666666,1,3,11,8.5,1.0,143.82978723404256,177.7375886524823,-1.574468085106389,32.33333333333334,0.38743961352657,0
0.43333333333333335,0.26666666666666666,1,3,11,8.5,1.0,144.6312056737589,183.24822695035462,-3.4539007092198233,35.1631205673759,0.3855072463768116,0
0.4,0.26666666666666666,0,3,11,11.0,1.0,144.41843971631204,185.04255319148933,-9.390070921985824,31.234042553191472,0.38357487922705313,0
0.3333333333333333,0.26666666666666666,0,3,11,11.0,1.0,144.87943262411346,183.9432624113475,-24.3971631205674,14.666666666666629,0.38357487922705313,0
0.23333333333333334,0.2,0,3,11,11.0,1.0,146.31914893617022,163.93617021276597,-33.553191489361694,-15.936170212765944,0.38067632850241545,0
0.23333333333333334,0.5,0,4,11,11.0,1.0,167.65248226950357,167.21985815602838,-17.6028368794326,-18.035460992907787,0.3458937198067633,0
0.7,0.6333333333333333,0,4,11,11.0,1.0,177.7375886524823,184.46808510638297,-3.0283687943262123,3.7021276595744723,0.3333333333333333,0
0.7666666666666667,0.6666666666666666,0,4,11,2.0,0.4,183.2482269503546,189.48226950354606,57.4609929078014,63.69503546099287,0.3188405797101449,0
0.8,0.6666666666666666,0,4,11,4.0,0.5,185.04255319148933,189.52482269503548,47.42553191489358,51.90780141843973,0.30241545893719807,0
0.6,0.7,0,0,11,8.0,1.0,183.94326241134752,190.92907801418437,10.730496453900713,17.716312056737564,0.28695652173913044,0
0.43333333333333335,0.7,0,0,11,8.0,1.0,163.93617021276594,195.2695035460993,-26.89361702127661,4.439716312056731,0.2714975845410628,0
0.43333333333333335,0.26666666666666666,0,0,11,9.0,1.0,148.05673758865248,201.354609929078,-41.3049645390071,11.992907801418426,0.2570048309178744,0
0.43333333333333335,0.26666666666666666,0,0,11,9.5,1.0,145.5390070921986,210.77304964539007,-42.716312056737564,22.517730496453908,0.242512077294686,0
0.4,0.26666666666666666,0,0,11,9.5,1.0,167.21985815602838,220.72340425531914,-23.73758865248226,29.7659574468085,0.23478260869565218,0
0.4,0.26666666666666666,0,0,11,8.5,1.0,184.46808510638297,228.56737588652481,-9.106382978723417,34.992907801418426,0.22995169082125605,0
0.36666666666666664,0.26666666666666666,0,0,11,8.0,1.0,189.48226950354612,232.1914893617021,-11.79432624113474,30.91489361702125,0.22705314009661837,0
0.3,0.26666666666666666,0,0,11,7.0,1.0,189.52482269503545,232.53191489361703,-19.687943262411352,23.319148936170222,0.22415458937198068,0
0.23333333333333334,0.2,0,0,11,11.0,1.0,190.92907801418437,232.51773049645388,-30.900709219858186,10.687943262411324,0.2222222222222222,0
0.3,0.23333333333333334,0,0,11,11.0,1.0,232.19148936170214,198.20567375886526,2.8936170212766115,-31.092198581560268,0.19903381642512077,0
0.36666666666666664,0.3,0,0,11,8.5,1.0,232.53191489361703,197.06382978723403,18.127659574468083,-17.340425531914917,0.1932367149758454,0
0.36666666666666664,0.3,0,0,11,7.0,1.0,232.51773049645388,196.4609929078014,30.411347517730462,-5.645390070922019,0.18840579710144928,0
0.36666666666666664,0.3,0,0,11,7.5,1.0,231.38297872340425,186.10638297872342,33.08510638297872,-12.19148936170211,0.18357487922705315,0
0.36666666666666664,0.3,0,0,11,8.5,1.0,225.46808510638297,169.6808510638298,27.170212765957444,-28.61702127659572,0.18067632850241547,0
0.36666666666666664,0.3,0,0,11,8.5,1.0,215.2695035460993,161.29078014184395,17.248226950354592,-36.73049645390074,0.17777777777777778,0
0.36666666666666664,0.3,0,0,11,8.5,1.0,204.93617021276597,177.95035460992906,10.063829787234056,-16.921985815602852,0.18067632850241547,0
0.6333333333333333,0.36666666666666664,0,0,11,8.0,1.0,199.56737588652481,202.2482269503546,3.078014184397148,5.758865248226925,0.18743961352657004,0
0.7333333333333333,0.36666666666666664,0,0,11,7.0,1.0,198.20567375886526,217.0709219858156,31.24822695035462,50.11347517730496,0.19516908212560385,0
0.7333333333333333,0.36666666666666664,12,0,11,6.0,0.5555555555555556,197.06382978723403,216.24113475177307,51.46808510638297,70.64539007092202,0.2028985507246377,0
0.6666666666666666,0.3,0,0,11,11.0,1.0,196.4609929078014,215.17021276595744,25.141843971631175,43.85106382978722,0.2106280193236715,0
0.13333333333333333,0.26666666666666666,0,0,11,10.5,1.0,186.10638297872342,214.9148936170213,-30.829787234042527,-2.021276595744638,0.21835748792270532,0
0.26666666666666666,0.2,0,0,11,11.0,1.0,217.07092198581563,181.54609929078015,2.0496453900709355,-33.47517730496455,0.242512077294686,0
0.3333333333333333,0.26666666666666666,0,0,11,6.0,1.0,216.24113475177305,180.43262411347519,12.092198581560268,-23.716312056737593,0.23768115942028986,0
0.3333333333333333,0.26666666666666666,0,0,11,7.0,1.0,215.17021276595744,179.46808510638297,25.638297872340416,-10.063829787234056,0.23285024154589373,0
0.3333333333333333,0.26666666666666666,0,0,11,8.0,1.0,214.9148936170213,179.54609929078015,32.14893617021281,-3.2198581560283515,0.22801932367149758,0
0.3333333333333333,0.26666666666666666,0,0,11,9.0,1.0,211.48226950354612,173.71631205673756,29.269503546099315,-8.496453900709241,0.22028985507246376,0
0.3333333333333333,0.26666666666666666,0,0,11,10.0,1.0,202.90070921985816,165.14893617021278,23.241134751773046,-14.510638297872333,0.20193236714975846,0
0.3333333333333333,0.26666666666666666,0,0,11,10.0,1.0,192.14893617021278,171.97163120567373,12.723404255319167,-7.45390070921988,0.19806763285024154,0
0.3333333333333333,0.26666666666666666,0,0,11,9.0,1.0,184.8368794326241,189.70212765957447,5.517730496453879,10.38297872340425,0.2028985507246377,0
0.5333333333333333,0.4666666666666667,0,0,11,8.0,1.0,181.54609929078015,210.5390070921986,1.6524822695035652,30.64539007092202,0.20869565217391303,0
0.5333333333333333,0.4666666666666667,0,0,11,7.0,0.8,180.43262411347519,215.42553191489364,18.49645390070924,53.489361702127695,0.21545893719806763,0
0.5,0.4666666666666667,12,0,11,6.0,0.5714285714285714,179.46808510638297,215.3049645390071,25.851063829787222,61.68794326241135,0.221256038647343,0
0.26666666666666666,0.4,0,0,11,11.0,1.0,179.54609929078015,215.07801418439718,-20.815602836879435,14.716312056737593,0.22705314009661837,0
0.13333333333333333,0.36666666666666664,0,0,11,11.0,1.0,173.7163120567376,213.0354609929078,-41.41134751773049,-2.0921985815602966,0.23381642512077294,0
0.26666666666666666,0.2,0,0,11,11.0,1.0,215.42553191489364,179.84397163120568,6.531914893617056,-29.049645390070907,0.24830917874396136,0
0.36666666666666664,0.23333333333333334,0,0,11,6.0,1.0,215.3049645390071,180.19148936170214,22.79432624113477,-12.319148936170194,0.242512077294686,0
0.36666666666666664,0.23333333333333334,0,0,11,7.0,1.0,215.07801418439715,181.11347517730496,33.97163120567373,0.007092198581545972,0.2357487922705314,0
0.36666666666666664,0.23333333333333334,0,0,11,8.0,1.0,213.0354609929078,173.59574468085108,33.29078014184395,-6.14893617021275,0.2289855072463768,0
0.4,0.23333333333333334,0,0,11,9.0,1.0,205.61702127659575,148.18439716312056,25.872340425531917,-31.56028368794327,0.21932367149758455,0
0.4,0.23333333333333334,0,0,11,9.0,1.0,194.17021276595744,144.8085106382979,14.127659574468083,-35.23404255319147,0.20579710144927535,0
0.36666666666666664,0.26666666666666666,0,0,11,9.0,1.0,184.45390070921985,163.53900709219857,3.666666666666657,-17.24822695035462,0.20676328502415459,0
0.43333333333333335,0.8333333333333334,0,0,11,8.0,1.0,180.1985815602837,201.34751773049643,-2.3120567375886196,18.8368794326241,0.21159420289855072,0
0.8333333333333334,0.8333333333333334,0,0,11,7.0,1.0,179.8439716312057,216.3758865248227,22.354609929078038,58.88652482269504,0.21739130434782608,0
0.8,0.8333333333333334,12,0,11,1.0,0.38461538461538464,180.19148936170214,217.30496453900707,75.63829787234043,112.75177304964537,0.22318840579710145,0
0.7666666666666667,0.8,0,0,11,9.5,1.0,181.11347517730496,215.92907801418437,8.730496453900713,43.54609929078012,0.2289855072463768,0
0.13333333333333333,0.7666666666666667,0,0,11,9.0,1.0,173.59574468085108,212.26241134751774,-40.085106382978694,-1.4184397163120366,0.23478260869565218,0
0.23333333333333334,0.2,0,0,11,11.0,1.0,201.34751773049643,183.58156028368793,-12.503546099290787,-30.269503546099287,0.24444444444444444,0
0.3333333333333333,0.23333333333333334,0,0,11,8.5,1.0,216.37588652482268,182.04255319148933,9.907801418439703,-24.42553191489364,0.23671497584541062,0
0.3333333333333333,0.26666666666666666,0,0,11,6.5,1.0,217.30496453900707,181.52482269503545,25.36879432624113,-10.41134751773049,0.2289855072463768,0
0.3333333333333333,0.26666666666666666,0,0,11,7.5,1.0,215.9290780141844,182.32624113475177,30.375886524822704,-3.226950354609926,0.22028985507246376,0
0.3333333333333333,0.26666666666666666,0,0,11,8.0,1.0,212.26241134751774,182.10638297872342,28.900709219858157,-1.2553191489361666,0.21159420289855072,0
0.3333333333333333,0.26666666666666666,0,0,11,9.0,1.0,204.0851063829787,172.09929078014184,22.255319148936138,-9.730496453900713,0.20193236714975846,0
0.3333333333333333,0.26666666666666666,0,0,11,9.0,1.0,194.65248226950357,185.0921985815603,13.716312056737621,4.1560283687943524,0.17391304347826086,0
0.3333333333333333,0.26666666666666666,0,0,11,9.0,1.0,186.95035460992906,202.24113475177305,5.141843971631204,20.432624113475185,0.1681159420289855,0
0.36666666666666664,0.4666666666666667,0,0,11,8.0,1.0,183.58156028368793,228.91489361702125,-0.6524822695035652,44.68085106382975,0.16618357487922705,0
0.5333333333333333,0.4666666666666667,0,0,11,7.0,1.0,182.04255319148936,232.25531914893614,1.7659574468084998,51.97872340425528,0.16231884057971013,0
0.5,0.4666666666666667,11,0,11,6.0,0.5714285714285714,181.52482269503545,233.27659574468086,29.73758865248226,81.48936170212767,0.15942028985507245,0
0.16666666666666666,0.4666666666666667,0,0,11,9.5,1.0,182.32624113475177,234.354609929078,-40.88652482269504,11.141843971631204,0.15845410628019324,0
0.13333333333333333,0.36666666666666664,0,0,11,9.0,1.0,182.10638297872342,235.13475177304963,-49.61702127659572,3.4113475177304906,0.15845410628019324,0
0.9666666666666667,0.9666666666666667,0,0,11,9.0,1.0,234.56737588652481,215.85815602836882,22.886524822695037,4.177304964539047,0.14009661835748793,1
0.3,0.2,0,0,11,8.5,1.0,230.07801418439718,187.95744680851064,-0.26241134751771256,-42.38297872340425,0.20193236714975846,0
0.36666666666666664,0.3,0,0,11,11.0,1.0,232.37588652482268,181.7517730496454,22.333333333333314,-28.290780141843953,0.20579710144927535,0
0.4,0.3,0,0,11,6.0,1.0,232.3758865248227,176.16312056737584,47.992907801418454,-8.219858156028408,0.20772946859903382,0
0.36666666666666664,0.3,0,0,11,7.0,1.0,231.7517730496454,176.20567375886526,39.36879432624116,-16.17730496453899,0.20772946859903382,0
0.4,0.3,0,0,11,8.0,1.0,224.37588652482268,180.6595744680851,33.52482269503545,-10.19148936170211,0.18647342995169083,0
0.4666666666666667,0.26666666666666666,0,0,11,9.0,0.8,208.25531914893614,186.5531914893617,27.61702127659572,5.914893617021278,0.16231884057971013,0
0.4666666666666667,0.26666666666666666,0,0,11,8.5,0.6666666666666666,195.60283687943263,194.95035460992906,21.83687943262413,21.184397163120565,0.17004830917874397,0
0.4666666666666667,0.26666666666666666,0,0,11,9.0,0.8,189.20567375886523,203.20567375886523,15.120567375886509,29.12056737588651,0.2,0
0.3333333333333333,0.26666666666666666,0,0,11,8.0,1.0,187.95744680851064,209.70921985815605,7.191489361702139,28.943262411347547,0.21256038647342995,0
0.3,0.26666666666666666,0,0,11,7.0,1.0,181.75177304964538,211.53191489361703,-5.375886524822704,24.404255319148945,0.2251207729468599,0
0.26666666666666666,0.26666666666666666,0,0,11,6.0,1.0,176.1631205673759,210.5531914893617,-15.602836879432601,18.787234042553195,0.23671497584541062,0
0.23333333333333334,0.26666666666666666,0,0,11,11.0,1.0,176.20567375886526,210.36170212765956,-29.75177304964538,4.404255319148916,0.24830917874396136,0
0.9333333333333333,0.9666666666666667,0,4,11,11.0,1.0,209.70921985815605,156.92907801418437,-0.9929078014184256,-53.7730496453901,0.28695652173913044,0
1.0333333333333334,1.0333333333333334,0,10,11,2.0,0.375,211.531914893617,163.822695035461,81.5531914893617,33.843971631205704,0.28405797101449276,0
1.0333333333333334,1.0333333333333334,0,9,11,2.0,0.26666666666666666,210.5531914893617,161.10638297872342,101.02127659574467,51.57446808510639,0.2792270531400966,0
0.4666666666666667,1.0333333333333334,0,9,11,8.0,1.0,210.36170212765956,159.24822695035462,68.89361702127658,17.78014184397165,0.2763285024154589,0
0.36666666666666664,1.0333333333333334,0,9,10,9.0,1.0,183.2127659574468,157.87234042553192,17.787234042553195,-7.553191489361694,0.2753623188405797,0
0.36666666666666664,0.23333333333333334,0,2,10,9.0,1.0,150.0709219858156,160.48226950354612,-13.822695035460981,-3.411347517730462,0.2743961352657005,0
0.4,0.23333333333333334,0,2,10,9.0,1.0,126.99290780141844,167.56737588652484,-35.15602836879434,5.418439716312065,0.2782608695652174,0
0.4,0.23333333333333334,0,2,9,9.0,1.0,138.80851063829786,178.4468085106383,-18.468085106383,21.170212765957444,0.2956521739130435,0
0.4,0.23333333333333334,0,7,9,8.0,1.0,156.9290780141844,187.6241134751773,-1.3900709219858243,29.304964539007074,0.3120772946859903,0
0.4,0.23333333333333334,0,1,8,7.0,1.0,163.82269503546098,192.0,5.8014184397162865,33.978723404255305,0.32463768115942027,0
0.36666666666666664,0.23333333333333334,0,1,7,6.0,1.0,161.10638297872342,191.41843971631207,-4.0,26.312056737588648,0.33719806763285026,0
0.3333333333333333,0.23333333333333334,0,1,8,7.0,1.0,159.24822695035462,190.17021276595744,-20.32624113475177,10.595744680851055,0.34782608695652173,0
0.43333333333333335,0.2,1,3,11,8.0,1.0,187.3687943262411,150.7304964539007,35.51773049645388,-1.120567375886509,0.32367149758454106,0
0.43333333333333335,0.2,1,2,11,9.0,1.0,164.43971631205673,153.4255319148936,15.056737588652481,4.042553191489361,0.3207729468599034,0
0.4,0.2,1,2,11,10.0,1.0,138.19858156028369,162.02836879432624,-12.546099290780148,11.283687943262407,0.3178743961352657,0
0.5,0.2,2,2,11,11.0,1.0,127.38297872340426,174.00709219858155,-24.78723404255318,21.8368794326241,0.32560386473429953,0
0.4666666666666667,0.23333333333333334,2,2,11,10.0,1.0,137.13475177304963,183.3758865248227,-11.63120567375887,34.609929078014204,0.3526570048309179,0
0.4666666666666667,0.23333333333333334,2,1,11,8.0,1.0,150.6595744680851,188.68085106382978,-0.5957446808510554,37.42553191489361,0.36135265700483093,0
0.43333333333333335,0.26666666666666666,1,1,11,7.5,1.0,150.76595744680853,189.47517730496452,-9.489361702127638,29.21985815602835,0.36038647342995167,0
0.4,0.26666666666666666,0,0,11,8.0,1.0,150.56028368794327,189.6312056737589,-24.01418439716312,15.05673758865251,0.35845410628019325,0
0.4,0.3,0,0,11,9.0,1.0,150.7304964539007,188.95744680851064,-36.460992907801426,1.7659574468084998,0.35845410628019325,0
0.36666666666666664,0.3333333333333333,0,0,11,10.5,1.0,153.4255319148936,169.468085106383,-34.93617021276597,-18.893617021276583,0.3536231884057971,0
0.4,0.3333333333333333,0,0,11,10.5,1.0,162.02836879432624,133.48226950354612,-28.460992907801426,-57.007092198581546,0.3391304347826087,0
0.4,0.3333333333333333,0,0,11,10.0,1.0,174.00709219858155,115.92198581560285,-15.567375886524843,-73.65248226950354,0.32463768115942027,0
0.43333333333333335,0.3333333333333333,0,0,11,9.0,1.0,183.3758865248227,138.42553191489364,-5.453900709219852,-50.404255319148916,0.3120772946859903,0
0.9666666666666667,1.0333333333333334,0,0,11,8.0,1.0,188.68085106382978,177.5390070921986,0.2127659574468055,-10.92907801418437,0.2975845410628019,0
1.0333333333333334,1.0333333333333334,0,0,11,7.0,0.8571428571428571,189.47517730496455,196.88652482269504,58.36879432624113,65.78014184397162,0.2821256038647343,0
1.0333333333333334,1.0333333333333334,2,0,11,1.5,0.375,189.6312056737589,196.0354609929078,108.75886524822698,115.16312056737587,0.26666666666666666,0
1.0333333333333334,1.0333333333333334,4,0,11,6.0,0.6,188.95744680851067,195.7163120567376,53.17021276595747,59.9290780141844,0.25120772946859904,0
0.2,1.0333333333333334,5,0,11,11.0,1.0,169.46808510638297,197.63829787234044,-29.148936170212778,-0.9787234042553052,0.23478260869565218,0
0.7666666666666667,0.7333333333333333,0,0,11,8.5,1.0,229.4468085106383,172.12765957446808,4.297872340425528,-53.021276595744695,0.21642512077294687,0
0.8,0.7333333333333333,0,0,11,4.5,0.5,233.01418439716312,174.92907801418437,58.86524822695034,0.7801418439715917,0.21835748792270532,0
0.8,0.7333333333333333,7,0,11,2.5,0.4166666666666667,231.88652482269504,175.02127659574467,131.82269503546098,74.95744680851062,0.22028985507246376,0
0.5,0.7333333333333333,0,0,11,7.0,0.8333333333333334,230.30496453900707,175.81560283687944,65.30496453900707,10.815602836879435,0.22415458937198068,0
0.4,0.7333333333333333,0,0,11,7.5,0.8333333333333334,210.7304964539007,178.06382978723403,35.83687943262413,3.1702127659574444,0.22705314009661837,0
0.43333333333333335,0.3333333333333333,0,0,11,9.0,1.0,166.45390070921988,180.4113475177305,-10.035460992907787,3.9219858156028238,0.22995169082125605,0
0.43333333333333335,0.36666666666666664,0,0,11,7.0,0.8571428571428571,146.40425531914894,183.56737588652481,-27.0,10.16312056737587,0.2357487922705314,0
0.4666666666666667,0.36666666666666664,0,0,11,9.0,1.0,146.65248226950354,187.68794326241132,-28.517730496453908,12.51773049645388,0.2618357487922705,0
0.4666666666666667,0.36666666666666664,0,0,11,9.5,1.0,172.12765957446808,189.94326241134752,-6.744680851063833,11.070921985815602,0.2772946859903382,0
0.4666666666666667,0.36666666666666664,0,0,11,11.0,1.0,174.9290780141844,190.48226950354612,-5.21985815602838,10.333333333333343,0.29178743961352654,0
0.43333333333333335,0.3333333333333333,0,0,11,11.0,1.0,175.02127659574467,190.06382978723403,-7.191489361702139,7.851063829787222,0.3072463768115942,0
0.43333333333333335,0.36666666666666664,0,0,11,11.0,1.0,178.06382978723403,184.72340425531914,-14.446808510638306,-7.7872340425531945,0.3352657004830918,0
0.4666666666666667,0.36666666666666664,0,0,11,11.0,1.0,180.4113475177305,152.92198581560282,-8.567375886524815,-36.05673758865248,0.34202898550724636,0
0.5,0.36666666666666664,0,0,11,11.0,1.0,183.56737588652481,138.645390070922,-6.390070921985824,-51.31205673758865,0.3294685990338164,0
0.5333333333333333,0.4,0,0,11,11.0,1.0,187.68794326241132,131.81560283687944,-3.567375886524843,-59.43971631205673,0.3314009661835749,0
0.5333333333333333,0.8333333333333334,0,0,11,11.0,1.0,189.94326241134752,149.74468085106386,-1.1205673758865373,-41.319148936170194,0.3323671497584541,0
0.9,0.8333333333333334,0,0,11,11.0,1.0,190.48226950354606,150.5390070921986,18.631205673758842,-21.31205673758862,0.3333333333333333,0
0.9,0.8333333333333334,2,0,11,7.0,0.5384615384615384,190.06382978723403,150.87234042553192,94.21276595744679,55.02127659574468,0.33043478260869563,0
0.5666666666666667,0.8333333333333334,4,0,11,11.0,1.0,190.75886524822695,151.5035460992908,42.52482269503545,3.269503546099287,0.32753623188405795,0
0.5333333333333333,0.8333333333333334,5,0,11,11.0,1.0,184.72340425531914,151.24113475177305,33.361702127659555,-0.12056737588653732,0.32560386473429953,0
0.5333333333333333,0.36666666666666664,5,0,11,11.0,1.0,152.92198581560282,153.46808510638297,3.2836879432624073,3.8297872340425556,0.32463768115942027,0
0.5333333333333333,0.36666666666666664,5,0,11,11.0,1.0,138.645390070922,162.2695035460993,-11.97163120567376,11.652482269503537,0.32463768115942027,0
0.5333333333333333,0.36666666666666664,5,0,11,11.0,1.0,131.81560283687944,174.354609929078,-20.54609929078015,21.992907801418426,0.3342995169082126,0
0.5333333333333333,0.2,6,0,11,11.0,1.0,149.74468085106383,183.53191489361703,-1.7872340425531945,32.0,0.3507246376811594,0
0.5333333333333333,0.36666666666666664,5,0,11,11.0,1.0,150.87234042553192,186.38297872340425,-8.170212765957444,27.34042553191489,0.36135265700483093,0
0.5333333333333333,0.36666666666666664,0,0,11,11.0,1.0,151.5035460992908,186.42553191489364,-26.432624113475157,8.489361702127695,0.3671497584541063,0
0.5666666666666667,0.36666666666666664,0,0,11,11.0,1.0,151.24113475177305,184.3049645390071,-34.843971631205676,-1.7801418439716201,0.37584541062801935,0
0.5666666666666667,0.36666666666666664,0,0,11,11.0,1.0,153.46808510638297,168.5531914893617,-33.10638297872342,-18.021276595744695,0.38164251207729466,0
0.5666666666666667,0.36666666666666664,0,0,11,11.0,1.0,162.2695035460993,147.9290780141844,-23.60283687943263,-37.94326241134752,0.370048309178744,0
0.5333333333333333,0.3333333333333333,0,0,11,11.0,1.0,174.354609929078,136.5390070921986,-12.347517730496463,-50.16312056737587,0.370048309178744,0
0.5333333333333333,0.5,0,0,11,10.5,1.0,183.53191489361703,141.68794326241132,-3.1702127659574444,-45.01418439716315,0.3671497584541063,0
0.9666666666666667,0.5666666666666667,0,0,11,11.0,1.0,186.17730496453905,151.07801418439715,6.666666666666714,-28.432624113475185,0.36038647342995167,0
1.0,0.5666666666666667,0,0,11,7.0,0.7272727272727273,186.38297872340425,153.64539007092196,46.936170212765944,14.198581560283657,0.35555555555555557,0
0.9666666666666667,0.5666666666666667,0,0,11,7.0,0.6923076923076923,186.42553191489364,153.37588652482268,61.595744680851084,28.54609929078012,0.3497584541062802,0
0.6666666666666666,0.5666666666666667,0,0,11,8.5,1.0,184.30496453900707,153.0212765957447,38.964539007092185,7.680851063829806,0.34202898550724636,0
0.6333333333333333,0.6,1,0,11,9.0,1.0,168.5531914893617,154.68085106382978,13.659574468085111,-0.2127659574468055,0.336231884057971,0
0.6333333333333333,0.3333333333333333,1,0,11,10.0,1.0,147.9290780141844,160.19148936170214,-5.070921985815602,7.191489361702139,0.3314009661835749,0
0.5666666666666667,0.3333333333333333,2,0,11,9.5,1.0,136.5390070921986,170.1985815602837,-16.50354609929076,17.156028368794352,0.34492753623188405,0
0.6,0.36666666666666664,2,0,11,9.0,1.0,141.68794326241132,180.7304964539007,-12.397163120567399,26.64539007092199,0.36038647342995167,0
0.5666666666666667,0.36666666666666664,2,0,11,8.0,1.0,151.07801418439715,187.92198581560285,-0.8581560283687963,35.98581560283691,0.36038647342995167,0
0.5333333333333333,0.36666666666666664,1,0,11,8.0,0.875,153.64539007092196,190.74468085106386,-4.375886524822732,32.72340425531917,0.3565217391304348,0
0.5,0.36666666666666664,1,0,11,9.5,1.0,153.3758865248227,190.39007092198582,-17.241134751773046,19.773049645390074,0.3536231884057971,0
0.5,0.36666666666666664,0,0,11,9.5,1.0,153.02127659574467,188.19148936170214,-28.936170212765973,6.2340425531915,0.3507246376811594,0
0.4666666666666667,0.3333333333333333,0,0,11,10.0,1.0,154.6808510638298,162.5744680851064,-34.936170212765944,-27.04255319148936,0.3468599033816425,0
0.43333333333333335,0.3333333333333333,0,0,11,10.5,1.0,160.19148936170214,141.6950354609929,-32.0,-50.49645390070924,0.3342995169082126,0
0.4666666666666667,0.36666666666666664,0,0,11,10.0,1.0,170.1985815602837,136.2127659574468,-20.226950354609897,-54.212765957446805,0.314975845410628,0
0.4666666666666667,0.9333333333333333,0,0,11,9.0,1.0,180.7304964539007,162.58156028368793,-7.822695035460981,-25.97163120567376,0.30434782608695654,0
0.9333333333333333,1.0,0,0,11,8.0,1.0,187.92198581560285,184.73758865248226,2.326241134751797,-0.8581560283687963,0.29082125603864734,0
1.0,1.0,0,0,11,5.0,0.5714285714285714,190.74468085106386,193.53900709219855,77.17021276595747,79.96453900709216,0.2763285024154589,0
1.0,1.0,0,0,11,6.0,0.6,190.39007092198582,194.86524822695037,64.47517730496455,68.9503546099291,0.2599033816425121,0
0.4666666666666667,1.0,0,0,11,7.5,0.8333333333333334,188.19148936170214,198.01418439716312,19.04255319148936,28.865248226950342,0.2492753623188406,0
0.4,0.9666666666666667,0,0,11,9.0,1.0,162.57446808510636,201.58156028368793,-30.106382978723417,8.900709219858157,0.24830917874396136,0
0.4,0.23333333333333334,0,0,11,9.5,1.0,141.6950354609929,208.66666666666666,-50.68794326241135,16.283687943262407,0.25024154589371983,0
0.4,0.23333333333333334,0,0,11,9.5,1.0,136.2127659574468,218.20567375886526,-59.34042553191489,22.652482269503565,0.24734299516908212,0
0.4,0.23333333333333334,0,0,11,9.0,1.0,162.58156028368793,228.4468085106383,-34.078014184397176,31.787234042553195,0.24734299516908212,0
0.3333333333333333,0.23333333333333334,0,0,11,8.0,1.0,184.73758865248226,233.2836879432624,-17.092198581560297,31.45390070921985,0.2541062801932367,0
0.3333333333333333,0.23333333333333334,0,0,11,7.0,1.0,193.5390070921986,227.01418439716312,-12.716312056737564,20.758865248226954,0.2647342995169082,0
0.26666666666666666,0.23333333333333334,0,0,11,6.0,1.0,194.86524822695034,204.96453900709218,-23.049645390070935,-12.950354609929093,0.26763285024154587,0
0.3333333333333333,0.26666666666666666,0,0,11,11.0,1.0,208.66666666666666,170.32624113475177,-23.758865248226954,-62.09929078014184,0.2541062801932367,0
0.7,0.6,0,0,11,6.0,1.0,218.20567375886526,173.73049645390074,6.567375886524843,-37.907801418439675,0.2560386473429952,0
0.7,0.6,0,0,11,6.5,0.75,228.4468085106383,163.14184397163123,57.61702127659575,-7.6879432624113235,0.2618357487922705,0
0.6666666666666666,0.6,1,0,11,7.0,0.6666666666666666,233.2836879432624,164.5531914893617,85.75177304964538,17.021276595744666,0.26956521739130435,0
0.6,0.6,0,0,11,7.0,1.0,227.01418439716312,186.19148936170214,48.09929078014184,7.276595744680861,0.2772946859903382,0
0.6333333333333333,0.5666666666666667,0,0,11,7.0,1.0,204.9645390070922,215.1205673758865,20.432624113475185,30.58865248226948,0.28599033816425123,0
0.6333333333333333,0.5333333333333333,0,0,11,7.0,0.875,176.66666666666666,195.32624113475177,18.921985815602824,37.581560283687935,0.2956521739130435,0
0.6,0.5333333333333333,2,0,11,6.0,0.875,165.75886524822695,159.822695035461,18.609929078014176,12.673758865248232,0.30434782608695654,0
0.4666666666666667,0.5333333333333333,0,0,11,6.0,0.8,170.32624113475177,128.97163120567373,-18.43971631205673,-59.79432624113477,0.314975845410628,0
0.26666666666666666,1.0333333333333334,0,0,11,6.0,1.0,173.73049645390074,137.2836879432624,-48.92907801418437,-85.3758865248227,0.3217391304347826,0
0.8333333333333334,0.8666666666666667,0,0,11,11.0,1.0,163.14184397163123,150.14893617021275,-70.79432624113471,-83.7872340425532,0.3294685990338164,0
0.9,0.9,0,2,11,2.0,0.46153846153846156,164.5531914893617,153.4964539007092,35.170212765957444,24.113475177304963,0.33816425120772947,0
0.9,0.9,0,3,11,2.0,0.46153846153846156,186.19148936170214,152.05673758865248,70.04255319148938,35.90780141843972,0.34492753623188405,0
0.6,0.9333333333333333,0,3,11,8.0,1.0,215.1205673758865,151.45390070921985,73.73758865248226,10.070921985815602,0.34782608695652173,0
0.5,0.6333333333333333,0,3,11,9.0,1.0,195.32624113475177,153.68794326241132,41.007092198581546,-0.6312056737588989,0.34009661835748795,0
0.5,0.26666666666666666,0,3,11,10.0,1.0,159.82269503546098,160.68794326241132,5.078014184397148,5.94326241134749,0.3294685990338164,0
0.5333333333333333,0.26666666666666666,0,3,11,11.0,1.0,128.97163120567373,170.75886524822695,-22.45390070921988,19.333333333333343,0.3352657004830918,0
0.5333333333333333,0.26666666666666666,0,3,11,11.0,1.0,137.2836879432624,181.08510638297875,-12.716312056737593,31.08510638297875,0.3536231884057971,0
0.4666666666666667,0.26666666666666666,0,3,11,11.0,1.0,150.14893617021278,187.90780141843973,-2.787234042553166,34.97163120567379,0.3545893719806763,0
0.4666666666666667,0.26666666666666666,0,3,11,11.0,1.0,153.4964539007092,190.27659574468086,-4.6312056737588705,32.14893617021278,0.3507246376811594,0
0.43333333333333335,0.23333333333333334,0,3,11,11.0,1.0,152.05673758865248,192.14893617021275,-18.94326241134752,21.14893617021275,0.3565217391304348,0
0.3333333333333333,0.23333333333333334,0,3,11,11.0,1.0,151.45390070921985,193.14184397163123,-31.695035460992926,9.992907801418454,0.370048309178744,0
1.0333333333333334,0.5666666666666667,0,3,11,11.0,1.0,187.9078014184397,148.38297872340425,-6.539007092198602,-46.063829787234056,0.3497584541062802,0
1.0333333333333334,0.5666666666666667,0,3,11,8.5,0.6666666666666666,190.27659574468086,153.56028368794327,58.87234042553192,22.156028368794324,0.34396135265700484,0
1.0333333333333334,0.5666666666666667,0,3,11,3.0,0.4166666666666667,192.14893617021278,151.2624113475177,85.87234042553193,44.985815602836865,0.3352657004830918,0
0.7333333333333333,0.5666666666666667,0,3,11,8.0,0.7142857142857143,193.14184397163118,151.90780141843973,59.73758865248223,18.503546099290787,0.32657004830917874,0
0.43333333333333335,0.5666666666666667,1,3,11,11.0,1.0,173.52482269503545,156.5177304964539,16.418439716312037,-0.5886524822695094,0.3188405797101449,0
0.5666666666666667,0.7333333333333333,0,3,11,11.0,1.0,190.10638297872342,145.04964539007094,-4.574468085106361,-49.63120567375884,0.3468599033816425,0
0.7666666666666667,0.7666666666666667,0,3,11,11.0,0.75,194.41134751773052,152.90070921985816,36.07092198581563,-5.439716312056731,0.3391304347826087,0
0.8333333333333334,0.8333333333333334,0,3,11,2.5,0.4166666666666667,195.89361702127658,153.354609929078,74.21276595744679,31.673758865248217,0.33043478260869563,0
0.8333333333333334,0.8333333333333334,0,3,11,7.0,0.6666666666666666,195.48936170212764,154.77304964539005,66.10638297872339,25.390070921985796,0.3207729468599034,0
0.4666666666666667,0.8333333333333334,0,3,11,9.5,1.0,182.85815602836877,156.21985815602838,28.921985815602824,2.2836879432624357,0.3140096618357488,0
0.4666666666666667,0.3,0,3,11,9.0,0.8571428571428571,158.23404255319147,158.92198581560282,6.404255319148916,7.092198581560268,0.30917874396135264,0
0.4666666666666667,0.3,0,3,11,10.5,1.0,136.46808510638297,165.645390070922,-16.468085106382972,12.709219858156047,0.3072463768115942,0
0.43333333333333335,0.3,0,3,11,10.5,1.0,135.0,176.2553191489362,-20.297872340425528,20.957446808510667,0.3333333333333333,0
0.43333333333333335,0.26666666666666666,0,3,11,10.0,1.0,145.04964539007094,184.68085106382978,-11.035460992907787,28.595744680851055,0.35942028985507246,0
0.43333333333333335,0.26666666666666666,0,3,11,9.5,1.0,152.90070921985816,189.8439716312057,-4.375886524822704,32.56737588652484,0.35942028985507246,0
0.43333333333333335,0.26666666666666666,0,3,11,9.0,1.0,153.354609929078,190.0921985815603,-10.049645390070935,26.687943262411352,0.35942028985507246,0
0.4,0.26666666666666666,0,3,11,11.0,1.0,154.77304964539005,190.5035460992908,-21.48226950354612,14.24822695035462,0.35942028985507246,0
0.26666666666666666,0.23333333333333334,0,3,11,11.0,1.0,156.21985815602838,181.60992907801418,-32.88652482269504,-7.496453900709241,0.36038647342995167,0
0.4,1.0333333333333334,0,3,11,9.0,1.0,184.68085106382978,153.31205673758868,-5.2340425531915,-36.6028368794326,0.3111111111111111,0
1.0333333333333334,1.0333333333333334,0,3,11,8.0,1.0,189.84397163120568,196.95744680851064,24.78014184397162,31.893617021276583,0.2946859903381642,0
1.0333333333333334,1.0333333333333334,0,3,11,2.0,0.3125,190.0921985815603,197.25531914893614,87.02836879432625,94.1914893617021,0.2792270531400966,0
1.0333333333333334,1.0333333333333334,0,3,11,2.0,0.3333333333333333,190.5035460992908,196.91489361702125,124.58865248226951,130.99999999999997,0.2647342995169082,0
0.3,1.0333333333333334,0,0,11,8.0,0.75,181.60992907801418,198.40425531914892,-13.21985815602838,3.5744680851063606,0.25024154589371983,0
0.26666666666666666,0.6666666666666666,1,0,11,9.0,1.0,152.6808510638298,200.98581560283688,-46.51063829787233,1.7943262411347405,0.2357487922705314,0
1.0,1.0,0,0,11,10.5,1.0,236.40425531914892,191.04255319148933,5.6382978723404165,-39.72340425531917,0.14589371980676327,1
0.23333333333333334,0.6,0,0,11,9.5,1.0,232.77304964539007,158.04255319148936,-0.05673758865248146,-74.7872340425532,0.242512077294686,0
0.6333333333333333,0.6333333333333333,0,0,11,9.5,1.0,234.54609929078015,155.08510638297875,31.886524822695037,-47.57446808510636,0.2463768115942029,0
0.7,0.6666666666666666,0,9,11,1.0,0.4,233.67375886524823,156.24113475177305,120.54609929078015,43.11347517730496,0.25024154589371983,0
0.5,0.7,0,9,11,7.0,1.0,232.4468085106383,162.87234042553192,70.4468085106383,0.8723404255319167,0.25217391304347825,0
0.5333333333333333,0.7,0,3,11,8.0,1.0,222.34751773049643,171.2482269503546,63.79432624113474,12.695035460992898,0.24734299516908212,0
0.5333333333333333,0.3,0,3,11,6.0,0.6666666666666666,182.87234042553192,179.51773049645388,29.297872340425528,25.94326241134749,0.22415458937198068,0
0.5333333333333333,0.3,0,3,11,8.0,0.7142857142857143,159.26241134751774,190.36170212765956,6.134751773049658,37.23404255319147,0.21159420289855072,0
0.43333333333333335,0.3,0,3,11,8.0,1.0,144.56028368794327,200.26241134751774,-17.460992907801426,38.241134751773046,0.22801932367149758,0
0.36666666666666664,0.26666666666666666,0,3,11,8.0,1.0,158.04255319148936,207.2127659574468,-15.425531914893611,33.74468085106383,0.24057971014492754,0
0.3333333333333333,0.26666666666666666,0,3,11,7.0,1.0,155.0851063829787,207.5035460992908,-23.170212765957473,29.24822695035462,0.2541062801932367,0
0.3333333333333333,0.26666666666666666,0,3,11,6.0,1.0,156.24113475177305,207.10638297872342,-30.58865248226951,20.27659574468086,0.26570048309178745,0
0.13333333333333333,0.2,0,3,10,7.0,1.0,162.87234042553192,203.61702127659575,-43.12765957446808,-2.38297872340425,0.2743961352657005,0
0.16666666666666666,0.2,0,3,6,6.0,1.0,200.26241134751774,154.94326241134752,-6.503546099290759,-51.82269503546098,0.2811594202898551,0
0.5,0.26666666666666666,0,3,6,6.0,1.0,207.2127659574468,163.30496453900707,10.0,-33.90780141843973,0.2753623188405797,0
0.6333333333333333,0.36666666666666664,0,8,7,2.0,0.4,207.5035460992908,164.85106382978722,44.418439716312065,1.7659574468084998,0.26570048309178745,0
0.6666666666666666,0.36666666666666664,0,9,8,6.0,0.7142857142857143,207.10638297872342,165.6241134751773,67.63829787234044,26.156028368794324,0.2579710144927536,0
0.4,0.36666666666666664,0,8,9,7.0,1.0,203.61702127659575,165.68085106382978,42.404255319148945,4.468085106382972,0.2541062801932367,0
0.36666666666666664,0.36666666666666664,0,8,10,8.0,1.0,189.02127659574467,164.12765957446808,24.87234042553189,-0.02127659574469476,0.25120772946859904,0
0.36666666666666664,0.3,0,3,10,9.0,1.0,166.58865248226948,168.5390070921986,2.0354609929077867,3.985815602836908,0.24830917874396136,0
0.36666666666666664,0.3,0,2,10,9.0,1.0,154.5886524822695,177.2482269503546,-11.262411347517713,11.39716312056737,0.2570048309178744,0
0.36666666666666664,0.3,0,3,11,8.5,1.0,154.94326241134752,187.37588652482268,-11.524822695035454,20.907801418439703,0.27246376811594203,0
0.4,0.3,0,2,11,8.0,1.0,163.30496453900707,191.33333333333334,-1.418439716312065,26.609929078014204,0.28405797101449276,0
0.43333333333333335,0.3,0,2,11,7.0,1.0,164.85106382978722,192.2482269503546,3.659574468085083,31.056737588652453,0.2966183574879227,0
0.4,0.3,0,2,11,6.0,0.8,165.6241134751773,193.39716312056737,-14.078014184397176,13.695035460992898,0.30917874396135264,0
0.2,0.23333333333333334,0,2,11,4.0,0.6666666666666666,165.68085106382978,192.51063829787236,-25.170212765957444,1.6595744680851396,0.31980676328502416,0
0.7,0.2,0,2,11,7.5,1.0,191.33333333333334,152.7872340425532,2.418439716312065,-36.12765957446808,0.32560386473429953,0
0.7333333333333333,0.26666666666666666,0,8,11,4.0,0.6666666666666666,192.2482269503546,152.7163120567376,44.31205673758865,4.7801418439716485,0.3207729468599034,0
0.7333333333333333,0.26666666666666666,0,8,11,4.0,0.6666666666666666,193.3971631205674,150.58156028368793,63.82269503546101,21.007092198581546,0.3178743961352657,0
0.4666666666666667,0.3,0,2,11,6.5,1.0,192.51063829787236,149.40425531914892,41.74468085106386,-1.3617021276595835,0.3140096618357488,0
0.43333333333333335,0.3,0,2,11,7.5,1.0,177.29078014184395,151.06382978723403,21.54609929078012,-4.680851063829806,0.3111111111111111,0
0.43333333333333335,0.3,0,2,11,8.0,1.0,155.47517730496455,156.0709219858156,3.6241134751773245,4.21985815602838,0.32657004830917874,0
0.4666666666666667,0.3,0,2,11,8.0,1.0,142.75886524822695,166.56737588652481,-7.7943262411347405,16.01418439716312,0.34396135265700484,0
0.43333333333333335,0.3,0,2,11,8.0,1.0,145.36170212765958,176.8368794326241,-3.9787234042553052,27.496453900709213,0.34879227053140094,0
0.4,0.26666666666666666,0,2,11,7.5,1.0,152.7872340425532,184.61702127659575,4.468085106382972,36.29787234042553,0.3536231884057971,0
0.36666666666666664,0.26666666666666666,1,2,11,6.5,1.0,152.71631205673756,187.96453900709218,-2.8156028368794637,32.43262411347516,0.357487922705314,0
0.3,0.26666666666666666,1,2,11,6.0,1.0,150.58156028368793,185.22695035460993,-13.780141843971649,20.865248226950342,0.36135265700483093,0
0.2,0.23333333333333334,1,2,11,8.0,1.0,149.40425531914892,158.2553191489362,-30.404255319148945,-21.553191489361666,0.3652173913043478,0
0.23333333333333334,0.7,2,2,11,11.0,1.0,166.56737588652481,162.63120567375884,-23.283687943262407,-27.21985815602838,0.3536231884057971,0
0.8,0.7666666666666667,0,2,11,8.5,1.0,176.8368794326241,179.8085106382979,-1.2907801418439817,1.680851063829806,0.34202898550724636,0
0.8666666666666667,0.8333333333333334,0,7,11,2.0,0.4166666666666667,184.61702127659575,183.99290780141845,77.82978723404256,77.20567375886526,0.3285024154589372,0
0.7333333333333333,0.8333333333333334,0,6,11,6.0,0.5454545454545454,187.96453900709218,183.7872340425532,55.36879432624113,51.19148936170214,0.3159420289855073,0
0.43333333333333335,0.8333333333333334,0,0,11,8.0,1.0,185.22695035460993,183.33333333333334,14.375886524822704,12.48226950354612,0.3072463768115942,0
0.4,0.36666666666666664,0,0,11,9.0,1.0,158.25531914893617,184.20567375886526,-26.19148936170214,-0.24113475177304622,0.3004830917874396,0
0.4,0.3,0,0,11,9.5,1.0,139.17021276595744,189.74468085106386,-44.95744680851064,5.6170212765957785,0.30821256038647343,0
0.4,0.3,0,0,11,9.5,1.0,136.7446808510638,201.1631205673759,-46.65957446808514,17.758865248226954,0.3111111111111111,0
0.43333333333333335,0.3,0,0,11,9.0,1.0,162.63120567375887,212.70212765957447,-21.198581560283685,28.872340425531917,0.3111111111111111,0
0.4,0.3,0,0,11,8.0,1.0,179.80851063829786,217.7163120567376,-2.957446808510639,34.95035460992909,0.3207729468599034,0
0.43333333333333335,0.3,0,0,11,7.0,1.0,183.99290780141845,213.1631205673759,-2.0283687943262407,27.141843971631204,0.3333333333333333,0
0.4,0.3,0,0,11,6.5,1.0,183.7872340425532,197.1205673758865,-16.65957446808511,-3.326241134751797,0.33816425120772947,0
0.23333333333333334,0.23333333333333334,0,0,11,8.5,1.0,183.33333333333334,163.7446808510638,-33.68794326241135,-53.27659574468089,0.33719806763285026,0
0.2,0.26666666666666666,0,0,11,11.0,1.0,184.20567375886526,144.81560283687944,-36.43262411347516,-75.82269503546098,0.3323671497584541,0
0.5,0.6333333333333333,0,0,11,7.0,1.0,201.1631205673759,155.67375886524823,-2.198581560283685,-47.68794326241135,0.3101449275362319,0
0.7333333333333333,0.6333333333333333,0,0,11,7.0,1.0,212.70212765957447,154.04964539007094,40.19148936170214,-18.460992907801398,0.3217391304347826,0
0.7333333333333333,0.6333333333333333,1,0,11,6.0,0.6363636363636364,217.7163120567376,152.02127659574467,102.35460992907802,36.6595744680851,0.3294685990338164,0
0.6,0.6333333333333333,0,0,11,7.0,0.875,213.1631205673759,165.90780141843973,66.58865248226951,19.333333333333343,0.336231884057971,0
0.6666666666666666,0.6333333333333333,0,0,11,7.0,1.0,197.1205673758865,189.65248226950357,26.333333333333314,18.86524822695037,0.34299516908212563,0
0.6666666666666666,0.5333333333333333,0,0,11,7.0,0.7777777777777778,163.7446808510638,201.39007092198582,14.085106382978694,51.73049645390071,0.3507246376811594,0
0.6666666666666666,0.5333333333333333,1,0,11,7.0,0.7777777777777778,144.81560283687944,176.84397163120568,3.113475177304963,35.141843971631204,0.35942028985507246,0
0.6,0.5333333333333333,0,0,11,7.0,0.8333333333333334,144.24113475177305,144.14893617021275,-20.460992907801426,-20.553191489361723,0.36618357487922704,0
0.4666666666666667,0.5,0,0,11,6.0,1.0,155.67375886524823,121.74468085106383,-35.64539007092199,-69.57446808510639,0.37294685990338167,0
0.4,0.8333333333333334,0,0,11,6.0,0.5,154.04964539007094,129.29078014184398,-58.88652482269501,-83.64539007092196,0.3826086956521739,0
0.8666666666666667,0.8333333333333334,0,0,11,6.0,1.0,152.0212765957447,137.4822695035461,-47.89361702127658,-62.432624113475185,0.3903381642512077,0
0.9,0.9,0,0,11,6.0,0.6923076923076923,165.9078014184397,139.18439716312056,48.22695035460991,21.503546099290773,0.39903381642512076,0
0.9333333333333333,0.9,0,0,11,7.0,0.8181818181818182,189.65248226950357,137.52482269503545,74.80141843971633,22.673758865248217,0.4038647342995169,0
0.7,0.9333333333333333,0,0,11,7.5,1.0,201.39007092198582,136.8368794326241,68.68794326241135,4.134751773049629,0.4038647342995169,0
0.6666666666666666,0.43333333333333335,0,0,11,9.0,1.0,176.84397163120568,138.13475177304963,36.52482269503545,-2.184397163120593,0.3903381642512077,0
0.6666666666666666,0.3333333333333333,0,0,11,9.0,1.0,144.14893617021278,143.5177304964539,4.723404255319167,4.092198581560297,0.3855072463768116,0
0.7,0.3333333333333333,0,0,11,8.5,0.9,121.74468085106383,151.4113475177305,-16.063829787234027,13.60283687943263,0.39903381642512076,0
0.7,0.3333333333333333,0,0,11,8.0,0.8888888888888888,129.29078014184395,160.7446808510638,-6.0496453900709355,25.404255319148916,0.40193236714975844,0
0.7,0.3333333333333333,0,0,11,10.5,1.0,137.48226950354612,169.39716312056737,0.12056737588653732,32.03546099290779,0.39903381642512076,0
0.6333333333333333,0.26666666666666666,0,0,11,10.0,1.0,139.18439716312056,174.89361702127658,-2.5177304964539076,33.19148936170211,0.4038647342995169,0
0.6,0.26666666666666666,0,0,11,9.5,1.0,137.52482269503545,177.56028368794327,-13.964539007092213,26.070921985815602,0.41352657004830917,0
0.5,0.26666666666666666,0,0,11,11.0,1.0,136.8368794326241,174.99290780141845,-24.20567375886526,13.950354609929093,0.4251207729468599,0
0.4,0.23333333333333334,0,1,11,11.0,1.0,138.13475177304966,154.3971631205674,-31.567375886524815,-15.304964539007074,0.43478260869565216,0
0.36666666666666664,0.23333333333333334,0,1,11,11.0,1.0,143.51773049645388,134.45390070921985,-33.92907801418443,-42.992907801418454,0.4241545893719807,0
0.3333333333333333,0.23333333333333334,0,1,11,10.5,1.0,151.4113475177305,124.79432624113474,-26.120567375886537,-52.73758865248229,0.4144927536231884,0
0.43333333333333335,0.7,0,1,11,11.0,1.0,160.74468085106383,132.8368794326241,-16.95744680851064,-44.86524822695037,0.4077294685990338,0
0.7666666666666667,0.7333333333333333,0,1,11,11.0,1.0,169.39716312056737,140.5531914893617,-0.3475177304964632,-29.19148936170214,0.40096618357487923,0
0.8333333333333334,0.8333333333333334,0,2,11,5.0,0.5833333333333334,174.89361702127658,142.94326241134752,59.14893617021275,27.198581560283685,0.39516908212560387,0
0.8333333333333334,0.8333333333333334,0,2,11,7.0,0.875,177.56028368794327,144.48226950354612,59.68794326241135,26.609929078014204,0.3864734299516908,0
0.5333333333333333,0.8333333333333334,0,2,11,8.0,1.0,174.99290780141845,147.76595744680853,34.226950354609954,7.000000000000028,0.37584541062801935,0
0.5,0.3333333333333333,0,2,11,8.0,1.0,154.39716312056737,151.0,14.524822695035454,11.127659574468083,0.3710144927536232,0
0.5,0.3,0,2,11,8.0,1.0,134.45390070921985,159.72340425531914,-6.567375886524843,18.702127659574444,0.3671497584541063,0
0.5,0.3,0,3,11,9.0,1.0,124.79432624113475,169.5390070921986,-23.14184397163119,21.602836879432658,0.3739130434782609,0
0.4666666666666667,0.3,0,3,11,8.0,0.8571428571428571,132.8368794326241,176.22695035460993,-11.652482269503565,31.73758865248226,0.3826086956521739,0
0.43333333333333335,0.3,0,3,11,8.5,1.0,140.5531914893617,179.8014184397163,-10.319148936170222,28.92907801418437,0.3884057971014493,0
0.43333333333333335,0.3,0,3,11,10.0,1.0,142.94326241134752,180.04964539007094,-14.695035460992898,22.41134751773052,0.39420289855072466,0
0.4,0.26666666666666666,0,3,11,11.0,1.0,144.48226950354612,177.85106382978725,-26.17730496453899,7.191489361702139,0.40193236714975844,0
0.23333333333333334,0.2,0,4,11,11.0,1.0,147.7659574468085,170.66666666666666,-32.55319148936172,-9.652482269503565,0.4067632850241546,0
0.3333333333333333,0.3333333333333333,1,5,11,11.0,1.0,176.22695035460993,139.4113475177305,5.120567375886509,-31.695035460992926,0.3826086956521739,0
0.6333333333333333,0.36666666666666664,1,5,11,11.0,1.0,179.8014184397163,145.41843971631207,19.97163120567373,-14.41134751773049,0.3710144927536232,0
0.6666666666666666,0.4,0,5,11,6.0,0.5555555555555556,180.04964539007094,148.0,47.007092198581574,14.957446808510639,0.35942028985507246,0
0.7,0.4,0,0,11,7.0,0.75,177.85106382978722,151.04255319148936,50.957446808510625,24.148936170212764,0.3497584541062802,0
0.4666666666666667,0.43333333333333335,0,0,11,8.0,1.0,170.66666666666666,155.5390070921986,25.262411347517713,10.134751773049658,0.34106280193236715,0
0.4666666666666667,0.3,0,0,10,8.0,0.8571428571428571,154.6595744680851,159.75886524822695,8.723404255319167,13.82269503546101,0.3333333333333333,0
0.4666666666666667,0.3,0,0,10,8.0,0.875,139.92198581560282,167.9078014184397,-4.992907801418454,22.992907801418426,0.33043478260869563,0
0.43333333333333335,0.3,0,0,10,8.0,1.0,135.11347517730496,179.87234042553192,-18.035460992907815,26.72340425531914,0.3333333333333333,0
0.43333333333333335,0.3,0,1,9,7.0,0.8571428571428571,139.4113475177305,189.65248226950357,-15.652482269503565,34.58865248226951,0.3314009661835749,0
0.43333333333333335,0.26666666666666666,0,1,8,6.0,0.8333333333333334,145.41843971631207,194.79432624113474,-12.98581560283688,36.390070921985796,0.3294685990338164,0
0.43333333333333335,0.26666666666666666,0,1,7,5.0,0.5,148.0,194.34751773049643,-17.80851063829786,28.539007092198574,0.3285024154589372,0
0.26666666666666666,0.23333333333333334,0,7,6,6.0,0.6,151.04255319148936,194.8368794326241,-28.468085106382972,15.326241134751768,0.33043478260869563,0
0.6,0.23333333333333334,0,8,11,6.5,0.5,189.65248226950357,190.9078014184397,-6.964539007092185,-5.709219858156047,0.2792270531400966,0
0.6333333333333333,0.26666666666666666,0,8,11,4.0,0.5,194.79432624113474,188.26950354609926,31.41134751773049,24.88652482269501,0.2647342995169082,0
0.7333333333333333,0.3333333333333333,0,8,11,6.0,0.8333333333333334,194.34751773049643,188.0,34.98581560283685,28.638297872340416,0.24830917874396136,0
0.43333333333333335,0.3333333333333333,0,0,11,7.0,1.0,194.8368794326241,190.43262411347519,0.8368794326241016,-3.5673758865248146,0.23478260869565218,0
0.43333333333333335,0.3333333333333333,0,0,11,8.0,1.0,184.31914893617022,194.93617021276592,-7.893617021276583,2.7234042553191102,0.21932367149758455,0
0.4666666666666667,0.3,0,0,11,9.0,1.0,173.1205673758865,201.99290780141845,-13.390070921985824,15.48226950354612,0.20579710144927535,0
0.4666666666666667,0.3,0,0,11,9.0,0.8571428571428571,172.2482269503546,213.10638297872342,-13.83687943262413,27.021276595744695,0.19710144927536233,0
0.4,0.3,0,0,11,8.5,1.0,181.85815602836877,224.12765957446808,-9.546099290780177,32.72340425531914,0.18840579710144928,0
0.36666666666666664,0.3,0,0,11,7.5,1.0,190.9078014184397,230.43971631205673,-2.9007092198581574,36.63120567375887,0.18840579710144928,0
0.36666666666666664,0.3,0,0,11,7.0,1.0,188.2695035460993,232.24113475177305,-11.326241134751768,32.64539007092199,0.19033816425120773,0
0.3333333333333333,0.3,0,0,11,6.0,1.0,188.0,232.73758865248226,-24.57446808510639,20.16312056737587,0.1932367149758454,0
0.2,0.23333333333333334,0,0,11,11.0,1.0,190.43262411347519,233.39716312056737,-36.71631205673759,6.248226950354592,0.19420289855072465,0
0.13333333333333333,0.2,0,0,11,7.0,0.5,194.93617021276592,231.59574468085108,-37.723404255319195,-1.0638297872340274,0.19516908212560385,0
0.3333333333333333,0.23333333333333334,0,0,11,7.0,1.0,232.73758865248226,194.8794326241135,17.12056737588651,-20.73758865248226,0.21739130434782608,0
0.36666666666666664,0.26666666666666666,0,0,11,8.0,1.0,233.39716312056737,195.08510638297875,29.482269503546092,-8.829787234042527,0.21642512077294687,0
0.36666666666666664,0.26666666666666666,0,0,11,9.0,1.0,231.59574468085108,187.5035460992908,34.19148936170214,-9.900709219858157,0.21545893719806763,0
0.36666666666666664,0.26666666666666666,0,0,11,9.0,1.0,225.41843971631207,161.90070921985816,29.929078014184398,-33.58865248226951,0.21545893719806763,0
0.4,0.26666666666666666,0,0,11,9.5,1.0,215.56028368794327,130.6950354609929,20.32624113475177,-64.5390070921986,0.21932367149758455,0
0.4,0.26666666666666666,0,0,11,9.0,1.0,205.645390070922,138.354609929078,11.730496453900713,-55.56028368794327,0.23091787439613526,0
0.43333333333333335,0.8666666666666667,0,0,11,8.5,1.0,198.93617021276597,165.91489361702125,2.8297872340425556,-30.191489361702168,0.242512077294686,0
0.8666666666666667,0.8333333333333334,0,0,11,8.0,1.0,196.04255319148936,198.78014184397162,23.553191489361694,26.290780141843953,0.2541062801932367,0
0.8333333333333334,0.8333333333333334,7,0,11,2.0,0.38461538461538464,194.8794326241135,200.76595744680853,77.77304964539009,83.65957446808513,0.26763285024154587,0
0.8,0.8,7,0,11,2.0,0.3333333333333333,195.08510638297875,200.80851063829786,92.5957446808511,98.31914893617021,0.2821256038647343,0
0.13333333333333333,0.7666666666666667,7,0,11,9.0,1.0,187.50354609929082,198.05673758865248,-7.9645390070921565,2.5886524822695094,0.2956521739130435,0
0.13333333333333333,0.6666666666666666,7,0,11,8.5,1.0,161.90070921985816,190.36879432624116,-37.88652482269504,-9.418439716312037,0.3072463768115942,0
0.3,0.23333333333333334,7,0,11,6.0,0.6666666666666666,198.78014184397162,161.17021276595744,5.9503546099290645,-31.65957446808511,0.3294685990338164,0
0.3333333333333333,0.23333333333333334,7,0,11,6.5,0.75,200.76595744680853,161.45390070921985,22.404255319148945,-16.907801418439732,0.3294685990338164,0
0.4,0.26666666666666666,7,0,11,7.5,1.0,200.80851063829786,163.20567375886523,32.0,-5.60283687943263,0.33043478260869563,0
0.4,0.26666666666666666,7,0,11,8.5,1.0,198.05673758865248,163.48936170212764,35.9290780141844,1.3617021276595551,0.33043478260869563,0
0.4,0.26666666666666666,7,0,11,8.0,0.8333333333333334,190.3687943262411,157.72340425531914,29.90070921985813,-2.7446808510638334,0.3294685990338164,0
0.36666666666666664,0.26666666666666666,7,0,11,8.0,0.8333333333333334,180.0,159.36879432624113,19.085106382978722,-1.5460992907801483,0.3111111111111111,0
0.36666666666666664,0.26666666666666666,7,0,11,8.0,1.0,169.76595744680853,170.72340425531914,6.787234042553223,7.744680851063833,0.2985507246376812,0
0.4,0.3,7,0,11,8.0,1.0,163.8014184397163,188.59574468085108,-1.9219858156028522,22.872340425531945,0.30434782608695654,0
0.6333333333333333,0.3,7,0,11,7.0,1.0,161.17021276595744,198.40425531914897,-0.5957446808510554,36.63829787234047,0.3101449275362319,0
0.6,0.3,7,0,11,6.0,0.8333333333333334,161.45390070921985,199.98581560283688,15.773049645390074,54.3049645390071,0.3169082125603865,0
0.5666666666666667,0.26666666666666666,7,0,11,5.0,0.6666666666666666,163.20567375886523,199.70921985815605,-7.45390070921988,29.049645390070935,0.32367149758454106,0
0.13333333333333333,0.23333333333333334,7,0,11,8.0,1.0,163.48936170212767,197.04255319148933,-32.34042553191489,1.212765957446777,0.3294685990338164,0
0.23333333333333334,0.2,7,0,11,11.0,1.0,188.59574468085108,165.36170212765958,-9.872340425531888,-33.10638297872339,0.3497584541062802,0
0.3333333333333333,0.26666666666666666,7,0,11,8.5,1.0,198.40425531914892,164.29078014184395,6.319148936170194,-27.79432624113477,0.34202898550724636,0
0.3333333333333333,0.26666666666666666,7,0,11,6.5,1.0,199.98581560283688,164.3758865248227,26.113475177304963,-9.496453900709213,0.3342995169082126,0
0.3333333333333333,0.26666666666666666,7,0,11,7.0,1.0,199.709219858156,164.3404255319149,32.47517730496449,-2.8936170212766115,0.32753623188405795,0
0.3333333333333333,0.26666666666666666,7,0,11,8.0,1.0,197.04255319148933,159.75177304964538,32.170212765957416,-5.120567375886537,0.3207729468599034,0
0.3333333333333333,0.26666666666666666,7,0,11,9.0,1.0,188.14184397163123,139.31914893617022,24.163120567375927,-24.659574468085083,0.3140096618357488,0
0.3333333333333333,0.26666666666666666,7,0,11,9.0,1.0,177.73049645390074,146.1631205673759,13.709219858156047,-17.858156028368796,0.30628019323671496,0
0.3333333333333333,0.26666666666666666,7,0,11,8.5,1.0,168.6595744680851,163.2127659574468,3.531914893617028,-1.9148936170212778,0.3101449275362319,0
0.5,0.9666666666666667,7,0,11,8.0,1.0,165.36170212765958,195.56028368794327,1.4893617021276668,31.687943262411352,0.3159420289855073,0
0.9666666666666667,0.9666666666666667,7,0,11,6.5,0.6666666666666666,164.29078014184395,200.90070921985816,14.035460992907787,50.64539007092199,0.3207729468599034,0
0.9333333333333333,0.9666666666666667,7,0,11,1.0,0.21428571428571427,164.3758865248227,201.07092198581563,60.54609929078015,97.24113475177307,0.32753623188405795,0
0.13333333333333333,0.9666666666666667,7,0,11,7.0,0.5,164.3404255319149,201.72340425531914,-20.063829787234056,17.319148936170194,0.3352657004830918,0
0.13333333333333333,0.8666666666666667,7,0,11,11.0,1.0,159.7517730496454,198.94326241134752,-41.65248226950354,-2.460992907801426,0.34299516908212563,0
0.2,0.2,2,0,11,11.0,1.0,195.56028368794327,164.1631205673759,-7.269503546099287,-38.66666666666666,0.3458937198067633,0
0.3333333333333333,0.23333333333333334,7,0,11,8.5,1.0,200.90070921985816,161.61702127659575,8.815602836879435,-30.468085106382972,0.3333333333333333,0
0.3333333333333333,0.23333333333333334,7,0,11,6.0,0.8,201.0709219858156,159.70212765957447,29.8368794326241,-11.531914893617028,0.3217391304347826,0
0.4,0.26666666666666666,7,0,11,7.0,0.8,201.72340425531914,159.24113475177305,35.212765957446805,-7.269503546099287,0.3101449275362319,0
0.4,0.26666666666666666,7,0,11,8.5,1.0,198.94326241134752,157.70921985815605,34.41134751773049,-6.822695035460981,0.2995169082125604,0
0.43333333333333335,0.26666666666666666,7,0,11,8.5,1.0,188.7163120567376,147.3758865248227,27.269503546099287,-14.070921985815602,0.28599033816425123,0
0.43333333333333335,0.26666666666666666,7,0,11,8.5,1.0,176.60992907801418,159.7375886524823,17.73758865248226,0.8652482269503707,0.2570048309178744,0
0.4,0.26666666666666666,7,0,11,8.5,1.0,167.4255319148936,184.73049645390074,8.638297872340416,25.943262411347547,0.25024154589371983,0
0.6,0.6,7,0,11,8.0,1.0,164.1631205673759,219.15602836879432,4.099290780141843,59.09219858156027,0.24444444444444444,0
0.6333333333333333,0.6,7,0,11,7.0,1.0,161.61702127659575,230.4964539007092,7.340425531914889,76.21985815602835,0.23864734299516907,0
0.5666666666666667,0.6,7,0,11,6.0,0.5555555555555556,159.70212765957447,230.48226950354612,31.914893617021278,102.69503546099293,0.23381642512077294,0
0.26666666666666666,0.5666666666666667,0,0,11,11.0,1.0,159.24113475177305,230.71631205673756,-37.90780141843973,33.567375886524786,0.2531400966183575,0
0.16666666666666666,0.5,0,0,11,11.0,1.0,157.70921985815605,230.60992907801418,-71.54609929078012,1.3546099290780091,0.27342995169082124,0
0.3,0.9666666666666667,0,0,9,9.0,1.0,230.60992907801418,181.80851063829786,-1.9858156028368796,-50.787234042553195,0.14589371980676327,1
0.4666666666666667,0.3,0,0,10,6.0,1.0,233.29787234042556,183.17021276595744,22.170212765957473,-27.95744680851064,0.12367149758454106,1
0.5,0.3,0,0,10,6.0,0.6666666666666666,226.75886524822695,194.7517730496454,41.88652482269504,9.879432624113491,0.15458937198067632,0
0.5,0.3,0,0,9,6.0,0.8333333333333334,220.51773049645394,202.8156028368794,37.58156028368799,19.879432624113463,0.1671497584541063,0
0.4666666666666667,0.3,0,0,8,7.0,1.0,209.41843971631207,207.27659574468086,28.226950354609926,26.085106382978722,0.1748792270531401,0
0.36666666666666664,0.2,0,0,7,7.0,1.0,196.75886524822695,204.82978723404256,11.375886524822704,19.446808510638306,0.178743961352657,0
0.43333333333333335,0.26666666666666666,0,0,7,5.5,1.0,187.36170212765958,192.19148936170214,-7.276595744680833,-2.4468085106382773,0.18164251207729468,0
0.36666666666666664,0.26666666666666666,0,0,6,5.0,1.0,183.0,176.49645390070918,-21.2340425531915,-27.737588652482316,0.18743961352657004,0
0.26666666666666666,0.3333333333333333,0,0,4,4.0,1.0,183.17021276595744,166.02127659574467,-26.404255319148945,-43.55319148936172,0.18937198067632852,0
0.36666666666666664,0.5,0,0,4,4.0,1.0,187.0709219858156,169.21985815602835,-20.950354609929093,-38.80141843971634,0.18647342995169083,0
0.6,0.6,0,0,5,4.5,1.0,194.75177304964538,183.11347517730496,-2.1418439716312037,-13.78014184397162,0.18357487922705315,0
0.6,0.5666666666666667,0,0,6,5.0,0.8571428571428571,202.81560283687944,200.79432624113474,31.156028368794324,29.13475177304963,0.18357487922705315,0
0.5333333333333333,0.5333333333333333,0,0,6,5.0,0.8571428571428571,207.2765957446809,212.27659574468086,46.340425531914946,51.34042553191492,0.18067632850241547,0
0.4666666666666667,0.5,0,0,7,5.0,0.8571428571428571,204.82978723404256,212.3687943262411,39.36170212765958,46.90070921985813,0.17391304347826086,0
0.5,0.4666666666666667,0,0,8,5.5,1.0,192.1914893617021,209.18439716312056,10.936170212765944,27.929078014184398,0.16618357487922705,0
0.3333333333333333,0.4666666666666667,0,0,8,6.0,1.0,176.4964539007092,213.0921985815603,-26.120567375886537,10.475177304964546,0.1565217391304348,0
0.4,0.43333333333333335,0,0,8,6.0,1.0,166.02127659574467,223.14893617021275,-52.48936170212767,4.6382978723404165,0.1468599033816425,0
0.36666666666666664,0.3333333333333333,0,0,8,5.5,0.5,169.21985815602835,230.17021276595744,-46.48226950354612,14.468085106382972,0.13623188405797101,0
0.36666666666666664,0.2,0,0,7,3.0,0.3333333333333333,183.11347517730496,230.468085106383,-19.78014184397162,27.574468085106417,0.1246376811594203,0
0.26666666666666666,0.2,0,0,0,0,0,231.7872340425532,189.48226950354612,-2.425531914893611,-44.730496453900685,0.1671497584541063,0
0.3,0.2,0,0,6,6.0,0.75,232.12765957446808,183.61702127659575,17.170212765957444,-31.34042553191489,0.17198067632850242,0
0.3333333333333333,0.23333333333333334,0,0,7,7.0,1.0,232.65248226950357,184.21985815602838,28.1631205673759,-20.269503546099287,0.17391304347826086,0
0.36666666666666664,0.23333333333333334,0,0,8,8.0,0.75,233.3758865248227,186.95035460992906,33.48226950354612,-12.943262411347519,0.1758454106280193,0
0.36666666666666664,0.26666666666666666,0,0,9,8.5,1.0,227.12765957446808,149.60283687943263,38.53191489361703,-38.992907801418426,0.178743961352657,0
0.4,0.26666666666666666,0,3,10,8.5,1.0,217.88652482269504,124.58156028368795,37.9290780141844,-55.37588652482269,0.1826086956521739,0
0.4,0.26666666666666666,0,3,10,8.0,1.0,206.4468085106383,121.64539007092198,24.148936170212778,-60.65248226950355,0.18743961352657004,0
0.4666666666666667,1.0333333333333334,0,0,9,7.0,1.0,197.6595744680851,167.39716312056737,7.255319148936167,-23.007092198581574,0.19903381642512077,0
1.0333333333333334,1.0333333333333334,0,0,8,7.0,1.0,189.48226950354606,198.51063829787233,1.333333333333286,10.361702127659555,0.2135265700483092,0
1.0,1.0333333333333334,9,0,7,2.0,0.26666666666666666,183.61702127659575,207.7517730496454,113.36170212765958,137.49645390070924,0.23091787439613526,0
0.9333333333333333,1.0333333333333334,9,0,6,2.0,0.23076923076923078,184.21985815602838,206.6950354609929,68.87943262411349,91.35460992907801,0.24830917874396136,0
0.3333333333333333,0.9666666666666667,9,0,6,6.0,1.0,186.95035460992906,202.8014184397163,7.609929078014176,23.460992907801398,0.26280193236714977,0
0.16666666666666666,0.8,9,0,0,0,0,149.60283687943263,198.2482269503546,-57.9078014184397,-9.262411347517741,0.28019323671497587,0
0.3333333333333333,0.2,4,10,6,6.0,1.0,206.6950354609929,148.645390070922,34.41843971631204,-23.63120567375887,0.30241545893719807,0
0.4,0.26666666666666666,4,7,7,7.0,1.0,202.8014184397163,144.63120567375884,52.29078014184395,-5.879432624113491,0.2975845410628019,0
0.43333333333333335,0.26666666666666666,10,6,8,7.5,1.0,198.2482269503546,145.52482269503545,54.29078014184395,1.5673758865248146,0.29178743961352654,0
0.43333333333333335,0.26666666666666666,10,4,9,8.0,0.8,187.56028368794327,152.29078014184395,36.64539007092199,1.3758865248226755,0.2599033816425121,0
0.43333333333333335,0.26666666666666666,10,1,10,8.0,0.8,172.06382978723408,157.5531914893617,17.872340425531945,3.361702127659555,0.23091787439613526,0
0.4666666666666667,0.3,0,6,11,8.0,0.8,155.58156028368796,162.7517730496454,14.751773049645408,21.921985815602852,0.22415458937198068,0
0.4666666666666667,0.3,10,5,10,8.0,1.0,148.4609929078014,180.0,9.588652482269481,41.12765957446808,0.22608695652173913,0
0.5,0.3,5,0,9,7.0,0.8,149.68794326241138,199.7163120567376,-7.184397163120536,42.843971631205676,0.23091787439613526,0
0.6666666666666666,0.26666666666666666,11,0,8,6.5,0.75,148.645390070922,213.89361702127658,-12.482269503546092,52.7659574468085,0.23671497584541062,0
0.6,0.26666666666666666,11,0,7,3.0,0.4,144.63120567375884,214.6595744680851,-10.02836879432627,60.0,0.24154589371980675,0
0.5333333333333333,0.2,11,0,6,3.0,0.25,145.52482269503545,214.87234042553192,-26.94326241134752,42.404255319148945,0.24444444444444444,0
0.43333333333333335,0.23333333333333334,0,0,0,0,0,213.89361702127658,182.70212765957447,4.617021276595722,-26.57446808510639,0.21642512077294687,0
0.43333333333333335,0.26666666666666666,0,0,6,6.0,1.0,214.6595744680851,184.7163120567376,18.212765957446805,-11.730496453900713,0.2,0
0.43333333333333335,0.26666666666666666,0,0,7,7.0,1.0,214.87234042553192,186.23404255319147,31.404255319148945,2.7659574468084998,0.18357487922705315,0
0.4,0.26666666666666666,0,0,8,8.0,1.0,212.9645390070922,186.51773049645388,32.0921985815603,5.645390070921962,0.1681159420289855,0
0.3333333333333333,0.26666666666666666,0,0,9,8.5,1.0,206.72340425531914,181.6595744680851,24.531914893617,-0.5319148936170279,0.157487922705314,0
0.3333333333333333,0.26666666666666666,0,0,10,9.0,1.0,196.39716312056737,175.25531914893614,11.35460992907801,-9.787234042553223,0.15072463768115943,0
0.3333333333333333,0.26666666666666666,0,0,10,9.0,1.0,186.9290780141844,187.95744680851064,0.014184397163120366,1.042553191489361,0.1565217391304348,0
0.36666666666666664,0.3,0,0,9,8.5,1.0,182.177304964539,205.30496453900707,-4.567375886524843,18.56028368794324,0.17294685990338166,0
0.5,0.43333333333333335,0,0,8,7.5,1.0,182.70212765957447,223.85106382978722,-3.1914893617021107,37.95744680851064,0.17681159420289855,0
0.4,0.43333333333333335,0,0,7,6.5,0.75,184.7163120567376,223.7304964539007,12.375886524822704,51.390070921985824,0.18357487922705315,0
0.36666666666666664,0.43333333333333335,12,0,6,2.0,0.4,186.23404255319147,219.09929078014184,18.702127659574444,51.567375886524815,0.2028985507246377,0
0.13333333333333333,0.3333333333333333,0,0,0,0,0,181.6595744680851,181.17021276595744,-42.72340425531914,-43.212765957446805,0.22318840579710145,0
0.4666666666666667,0.26666666666666666,0,0,0,0,0,205.30496453900707,165.82978723404256,-5.184397163120593,-44.65957446808511,0.20193236714975846,0
0.6666666666666666,0.5333333333333333,0,0,6,5.0,0.75,223.85106382978722,165.5886524822695,40.19148936170211,-18.070921985815602,0.19903381642512077,0
0.6666666666666666,0.5333333333333333,0,0,7,4.0,0.5714285714285714,223.7304964539007,154.51773049645388,74.36879432624113,5.156028368794296,0.19806763285024154,0
0.6666666666666666,0.5333333333333333,2,0,7,5.0,0.625,219.09929078014184,161.2836879432624,86.71631205673759,28.900709219858157,0.1961352657004831,0
0.5666666666666667,0.5333333333333333,0,0,7,6.0,1.0,205.9290780141844,191.8794326241135,17.907801418439703,3.8581560283687963,0.19516908212560385,0
0.6333333333333333,0.5333333333333333,0,0,7,6.5,1.0,181.17021276595744,214.94326241134752,4.085106382978722,37.858156028368796,0.1932367149758454,0
0.5666666666666667,0.5333333333333333,8,0,7,4.5,0.5,155.13475177304966,216.90070921985816,23.475177304964546,85.24113475177305,0.18937198067632852,0
0.5666666666666667,0.5333333333333333,8,0,7,6.0,0.6,156.5886524822695,206.85815602836882,1.7801418439716485,52.049645390070964,0.18067632850241547,0
0.3333333333333333,0.5333333333333333,0,0,6,6.0,0.6666666666666666,165.82978723404256,196.19148936170214,-31.553191489361694,-1.1914893617021107,0.19227053140096617,0
0.2,0.3333333333333333,0,0,0,0,0,165.5886524822695,192.1843971631206,-57.858156028368796,-31.262411347517713,0.19227053140096617,0
0.36666666666666664,0.26666666666666666,0,0,6,6.0,1.0,154.5177304964539,191.91489361702125,-69.48226950354609,-32.08510638297875,0.19130434782608696,0
0.4666666666666667,0.23333333333333334,0,0,7,6.0,1.0,161.2836879432624,193.2127659574468,-41.97163120567376,-10.042553191489361,0.19033816425120773,0
0.4666666666666667,0.23333333333333334,0,0,8,7.0,1.0,191.8794326241135,196.0992907801418,-1.4397163120567313,2.7801418439715917,0.18937198067632852,0
0.5,0.26666666666666666,0,0,9,7.0,0.8,214.94326241134752,197.4113475177305,22.94326241134752,5.411347517730491,0.17971014492753623,0
0.43333333333333335,0.26666666666666666,0,0,10,8.5,1.0,216.90070921985816,189.87234042553192,25.666666666666657,-1.3617021276595835,0.16231884057971013,0
0.36666666666666664,0.26666666666666666,0,0,10,8.5,1.0,206.85815602836882,200.40425531914897,14.347517730496492,7.89361702127664,0.14106280193236714,0
0.3333333333333333,0.26666666666666666,0,0,9,8.5,1.0,196.19148936170214,214.2695035460993,0.2978723404255561,18.375886524822704,0.14202898550724638,0
0.3333333333333333,0.3,0,0,8,8.0,1.0,192.1843971631206,234.82978723404256,-7.70921985815599,34.93617021276597,0.1565217391304348,0
0.3333333333333333,0.3,0,0,7,7.0,1.0,191.91489361702125,236.46808510638297,-4.531914893617056,40.021276595744666,0.15169082125603864,0
0.23333333333333334,0.3,15,0,6,6.0,0.75,193.2127659574468,236.88652482269504,19.936170212765944,63.609929078014176,0.15169082125603864,0
0.9,0.4666666666666667,0,0,0,0,0,236.46808510638297,151.76595744680853,2.7872340425531945,-81.91489361702125,0.2251207729468599,0
0.9333333333333333,0.4666666666666667,0,0,6,2.0,0.3333333333333333,236.88652482269504,152.31914893617022,53.09929078014184,-31.468085106382972,0.2251207729468599,0
0.9333333333333333,0.4666666666666667,0,0,7,6.0,0.5833333333333334,238.290780141844,150.68085106382978,104.24822695035465,16.638297872340416,0.22608695652173913,0
0.6666666666666666,0.4666666666666667,0,0,8,7.0,1.0,237.38297872340425,150.36170212765956,89.23404255319147,2.212765957446777,0.22705314009661837,0
0.5666666666666667,0.4666666666666667,0,0,9,8.0,1.0,218.8794326241135,154.02836879432627,63.70921985815605,-1.1418439716311752,0.2289855072463768,0
0.6333333333333333,0.2,0,0,10,9.0,1.0,183.8368794326241,160.7872340425532,31.858156028368796,8.80851063829789,0.22608695652173913,0
0.6666666666666666,0.4,0,0,11,9.0,1.0,155.32624113475177,172.68794326241132,5.517730496453908,22.879432624113463,0.23671497584541062,0
0.6666666666666666,0.4,0,0,11,9.0,1.0,145.7872340425532,183.76595744680853,-4.468085106382972,33.51063829787236,0.2647342995169082,0
0.6333333333333333,0.4,0,0,11,8.0,1.0,151.76595744680853,191.7517730496454,0.7446808510638334,40.73049645390071,0.28792270531400965,0
0.5666666666666667,0.4,0,0,11,7.0,1.0,152.3191489361702,194.2836879432624,-8.489361702127667,33.47517730496455,0.30434782608695654,0
0.5333333333333333,0.2,0,0,11,8.0,1.0,150.68085106382978,193.60992907801418,-19.85106382978725,23.078014184397148,0.3217391304347826,0
0.36666666666666664,0.3333333333333333,0,0,11,11.0,1.0,160.7872340425532,161.45390070921985,-33.70212765957447,-33.035460992907815,0.3652173913043478,0
0.4,0.36666666666666664,0,0,11,11.0,1.0,172.68794326241132,140.88652482269504,-21.6312056737589,-53.432624113475185,0.3565217391304348,0
0.4,0.36666666666666664,0,0,11,11.0,1.0,183.76595744680853,131.6950354609929,-8.255319148936167,-60.3262411347518,0.3516908212560386,0
0.43333333333333335,0.8666666666666667,0,0,11,11.0,1.0,191.75177304964538,143.04255319148936,2.7517730496453794,-45.95744680851064,0.3458937198067633,0
0.8666666666666667,0.8666666666666667,0,0,11,11.0,1.0,194.2836879432624,151.04255319148936,16.241134751773046,-27.0,0.33816425120772947,0
0.8666666666666667,0.8666666666666667,1,0,11,2.0,0.46153846153846156,193.60992907801418,150.90780141843973,76.29078014184397,33.588652482269524,0.3294685990338164,0
0.8333333333333334,0.8666666666666667,2,0,11,7.0,0.5454545454545454,191.78014184397162,152.2482269503546,64.48226950354609,24.950354609929065,0.3207729468599034,0
0.5,0.8333333333333334,2,0,11,10.5,1.0,186.354609929078,155.5390070921986,35.88652482269504,5.07092198581563,0.3120772946859903,0
0.5,0.43333333333333335,3,0,11,10.0,1.0,161.45390070921985,163.0283687943262,10.092198581560268,11.666666666666629,0.30628019323671496,0
0.5,0.4,3,0,11,9.5,1.0,140.88652482269504,172.07801418439715,-10.41134751773049,20.78014184397162,0.30241545893719807,0
0.5333333333333333,0.4,3,0,11,8.0,1.0,131.6950354609929,181.6595744680851,-18.368794326241158,31.595744680851055,0.30531400966183575,0
0.5,0.4,3,0,11,9.0,1.0,143.04255319148936,189.00709219858155,-12.340425531914889,33.624113475177296,0.31980676328502416,0
0.5,0.4,3,0,11,11.0,1.0,151.04255319148936,192.9716312056738,-10.127659574468083,31.801418439716343,0.3323671497584541,0
0.36666666666666664,0.36666666666666664,2,0,11,11.0,1.0,150.9078014184397,194.7517730496454,-21.624113475177325,22.21985815602838,0.3391304347826087,0
0.43333333333333335,0.36666666666666664,0,0,11,11.0,1.0,163.0283687943262,184.75886524822695,-31.546099290780177,-9.815602836879435,0.3526570048309179,0
0.43333333333333335,0.36666666666666664,0,0,11,11.0,1.0,172.07801418439718,163.58156028368793,-22.347517730496435,-30.843971631205676,0.3391304347826087,0
0.43333333333333335,0.36666666666666664,0,0,11,11.0,1.0,181.6595744680851,141.75886524822695,-13.595744680851055,-53.49645390070921,0.33043478260869563,0
0.43333333333333335,0.4,0,0,11,11.0,1.0,189.00709219858155,141.13475177304966,-5.524822695035482,-53.39716312056737,0.32560386473429953,0
0.5666666666666667,0.4666666666666667,0,0,11,11.0,1.0,192.9716312056738,153.01418439716312,0.35460992907803757,-39.60283687943263,0.3169082125603865,0
0.8333333333333334,0.4666666666666667,0,0,11,10.0,1.0,194.7517730496454,165.3687943262411,27.624113475177325,-1.7588652482269822,0.30821256038647343,0
0.8333333333333334,0.4666666666666667,4,0,11,8.0,0.6666666666666666,194.7375886524823,165.21985815602838,63.73758865248229,34.21985815602838,0.2975845410628019,0
0.8333333333333334,0.4666666666666667,5,0,11,9.5,0.75,194.13475177304963,164.22695035460993,66.98581560283687,37.07801418439716,0.2898550724637681,0
0.3333333333333333,0.4666666666666667,6,0,11,11.0,1.0,184.75886524822695,165.46099290780143,19.503546099290787,0.20567375886525952,0.28405797101449276,0
0.4,0.4666666666666667,6,0,11,11.0,1.0,163.58156028368796,169.98581560283688,-3.056737588652453,3.347517730496463,0.2811594202898551,0
0.4,0.36666666666666664,6,0,11,11.0,1.0,141.75886524822695,178.60992907801418,-22.45390070921985,14.39716312056737,0.28019323671497587,0
0.4,0.3333333333333333,6,0,11,11.0,1.0,141.13475177304966,187.58156028368793,-23.673758865248203,22.773049645390074,0.29178743961352654,0
0.4,0.3333333333333333,6,0,11,11.0,1.0,153.01418439716312,193.85106382978722,-10.64539007092199,30.19148936170211,0.30917874396135264,0
0.4,0.3333333333333333,6,0,11,11.0,1.0,165.36879432624113,194.73758865248226,-2.5460992907801483,26.82269503546098,0.3033816425120773,0
0.4666666666666667,0.3333333333333333,0,0,11,11.0,1.0,165.21985815602838,193.85106382978725,-13.16312056737587,15.468085106383,0.2946859903381642,0
0.4666666666666667,0.3333333333333333,0,0,11,11.0,1.0,164.22695035460993,192.41843971631204,-25.304964539007102,2.8865248226950087,0.28599033816425123,0
0.5,0.36666666666666664,0,0,11,11.0,1.0,178.60992907801418,145.89361702127658,-13.581560283687963,-46.297872340425556,0.24347826086956523,0
0.43333333333333335,0.36666666666666664,0,0,11,10.0,1.0,187.58156028368793,151.79432624113477,-4.588652482269509,-40.375886524822675,0.2222222222222222,0
0.4666666666666667,0.6333333333333333,0,0,10,9.0,1.0,193.85106382978722,179.33333333333334,0.9574468085106389,-13.56028368794324,0.20676328502415459,0
0.7666666666666667,0.7,0,0,9,8.0,0.8333333333333334,194.7375886524823,215.93617021276592,14.290780141843982,35.48936170212761,0.19227053140096617,0
0.7666666666666667,0.7,0,0,8,3.0,0.45454545454545453,193.85106382978722,224.58156028368793,51.744680851063805,82.47517730496452,0.17681159420289855,0
0.7333333333333333,0.7,9,0,7,3.0,0.45454545454545453,192.41843971631204,224.98581560283688,77.29078014184395,109.8581560283688,0.16135265700483092,0
0.5,0.7,0,0,6,6.0,1.0,188.5035460992908,226.63829787234042,-9.64539007092199,28.48936170212764,0.1468599033816425,0
0.16666666666666666,0.4666666666666667,0,0,0,0,0,235.99290780141845,183.82978723404256,-1.9858156028368512,-54.14893617021275,0.10434782608695652,0
0.5666666666666667,0.4666666666666667,0,0,0,0,0,235.59574468085103,192.1985815602837,18.936170212765916,-24.460992907801398,0.11207729468599034,0
0.6,0.4666666666666667,12,0,6,6.0,0.5714285714285714,235.75177304964538,192.9290780141844,103.51773049645388,60.6950354609929,0.11884057971014493,0
0.6,0.5,0,0,7,7.0,0.8,236.41843971631204,193.7446808510638,69.86524822695034,27.19148936170211,0.12657004830917876,0
0.4666666666666667,0.5,0,0,8,8.0,1.0,230.177304964539,194.7304964539007,39.156028368794296,3.7092198581560183,0.13526570048309178,0
0.4666666666666667,0.36666666666666664,0,0,9,9.0,1.0,195.6241134751773,194.09929078014184,1.7092198581560183,0.18439716312056476,0.14492753623188406,0
0.43333333333333335,0.2,0,0,10,10.0,1.0,171.81560283687944,192.78014184397162,-19.843971631205676,1.120567375886509,0.15458937198067632,0
0.4666666666666667,0.36666666666666664,0,0,11,11.0,1.0,163.2695035460993,192.20567375886526,-29.94326241134752,-1.007092198581546,0.1642512077294686,0
0.4,0.36666666666666664,0,0,11,11.0,1.0,183.82978723404256,193.42553191489364,-12.531914893617028,-2.936170212765944,0.18743961352657004,0
0.4,0.36666666666666664,0,0,11,11.0,0.8,192.1985815602837,194.39007092198582,-2.4184397163120366,-0.22695035460992585,0.20483091787439614,0
0.4666666666666667,0.3333333333333333,0,0,11,11.0,0.8,192.92907801418437,195.31205673758868,1.6099290780141473,3.992907801418454,0.2144927536231884,0
0.43333333333333335,0.3333333333333333,0,0,11,11.0,1.0,193.74468085106386,196.05673758865248,1.3404255319149172,3.652482269503537,0.22415458937198068,0
0.4666666666666667,0.3333333333333333,0,0,11,11.0,1.0,194.7304964539007,195.26950354609926,1.83687943262413,2.3758865248226755,0.23478260869565218,0
0.4,0.3333333333333333,0,0,11,11.0,1.0,194.09929078014184,193.68794326241132,-0.8794326241134627,-1.2907801418439817,0.24541062801932367,0
0.43333333333333335,0.36666666666666664,0,0,11,11.0,1.0,192.78014184397162,169.48936170212767,-2.5177304964539076,-25.80851063829786,0.2357487922705314,0
0.4666666666666667,0.5666666666666667,0,0,11,10.0,1.0,194.39007092198582,165.177304964539,1.4539007092198801,-27.758865248226954,0.2357487922705314,0
0.6666666666666666,0.5666666666666667,0,0,11,10.5,1.0,195.31205673758868,174.90070921985816,4.397163120567399,-16.01418439716312,0.2357487922705314,0
0.6666666666666666,0.5666666666666667,8,0,11,9.0,0.6666666666666666,196.05673758865248,178.15602836879432,71.43971631205673,53.539007092198574,0.2357487922705314,0
0.7,0.5666666666666667,0,0,11,11.0,0.8571428571428571,195.2695035460993,179.57446808510636,47.54609929078015,31.851063829787222,0.23671497584541062,0
0.5,0.6,0,0,11,11.0,1.0,193.68794326241132,182.66666666666666,21.8368794326241,10.815602836879435,0.2357487922705314,0
0.43333333333333335,0.43333333333333335,0,0,11,11.0,1.0,169.48936170212764,185.46808510638297,-6.4680851063830005,9.510638297872333,0.2357487922705314,0
0.43333333333333335,0.3333333333333333,0,0,11,11.0,1.0,154.41843971631207,189.58156028368793,-22.475177304964518,12.687943262411352,0.23768115942028986,0
0.4,0.3333333333333333,0,0,11,11.0,1.0,148.06382978723403,192.63829787234044,-33.55319148936172,11.021276595744695,0.24830917874396136,0
0.4,0.3333333333333333,0,0,11,11.0,1.0,165.177304964539,194.66666666666666,-15.035460992907815,14.453900709219852,0.26280193236714977,0
0.5,0.36666666666666664,0,0,11,11.0,1.0,174.90070921985816,195.14893617021278,-11.269503546099287,8.978723404255334,0.27053140096618356,0
0.5,0.4,0,0,11,11.0,1.0,178.15602836879432,195.290780141844,-11.86524822695037,5.269503546099315,0.2763285024154589,0
0.4666666666666667,0.4,0,0,11,11.0,1.0,179.57446808510636,193.95035460992906,-12.978723404255334,1.3971631205673702,0.2811594202898551,0
0.4666666666666667,0.36666666666666664,0,0,11,11.0,1.0,182.66666666666666,193.43971631205673,-12.673758865248232,-1.9007092198581574,0.28695652173913044,0
0.43333333333333335,0.36666666666666664,0,0,11,11.0,1.0,185.46808510638297,178.75886524822693,-10.638297872340445,-17.34751773049649,0.29178743961352654,0
0.43333333333333335,0.36666666666666664,0,0,11,11.0,1.0,189.58156028368793,159.85106382978722,-4.418439716312065,-34.14893617021278,0.28309178743961355,0
0.4666666666666667,0.4,0,0,11,11.0,1.0,192.63829787234042,145.04255319148936,-3.1276595744680833,-50.72340425531914,0.2792270531400966,0
0.4666666666666667,0.43333333333333335,0,0,11,11.0,1.0,194.66666666666666,148.75177304964538,2.581560283687935,-43.33333333333334,0.28019323671497587,0
0.7666666666666667,0.43333333333333335,0,0,11,10.0,1.0,195.14893617021278,157.79432624113474,2.680851063829806,-34.67375886524823,0.2792270531400966,0
0.7666666666666667,0.43333333333333335,0,0,11,7.5,0.6,195.29078014184395,162.43971631205673,43.567375886524815,10.716312056737593,0.2782608695652174,0
0.7666666666666667,0.43333333333333335,4,0,11,7.5,0.6,193.95035460992906,162.0709219858156,58.58865248226948,26.70921985815602,0.2772946859903382,0
0.5,0.43333333333333335,5,0,11,9.5,1.0,193.43971631205673,161.9290780141844,45.39716312056737,13.886524822695037,0.2763285024154589,0
0.4666666666666667,0.43333333333333335,6,0,11,11.0,1.0,178.75886524822695,164.33333333333334,15.907801418439732,1.4822695035461209,0.2772946859903382,0
0.43333333333333335,0.36666666666666664,6,0,11,11.0,1.0,159.85106382978722,170.38297872340425,-2.638297872340445,7.893617021276583,0.2782608695652174,0
0.4666666666666667,0.3333333333333333,6,0,11,11.0,1.0,145.04255319148936,179.2695035460993,-16.936170212765944,17.29078014184398,0.2782608695652174,0
0.4,0.36666666666666664,6,0,11,11.0,1.0,148.75177304964538,187.06382978723403,-12.992907801418454,25.319148936170194,0.28502415458937197,0
0.4666666666666667,0.36666666666666664,6,0,11,11.0,1.0,157.79432624113474,191.65248226950357,-4.269503546099315,29.58865248226951,0.30144927536231886,0
0.4666666666666667,0.36666666666666664,0,0,11,11.0,1.0,162.0709219858156,194.24822695035462,-17.82269503546098,14.354609929078038,0.30434782608695654,0
0.4666666666666667,0.3333333333333333,0,0,11,11.0,1.0,161.9290780141844,194.39007092198582,-26.79432624113474,5.666666666666686,0.30241545893719807,0
0.5,0.3333333333333333,0,0,11,11.0,1.0,164.33333333333334,192.29078014184395,-28.241134751773046,-0.28368794326243574,0.2995169082125604,0
0.5,0.36666666666666664,0,0,11,11.0,1.0,170.38297872340425,178.66666666666666,-23.27659574468086,-14.992907801418454,0.28792270531400965,0
0.43333333333333335,0.36666666666666664,0,0,11,11.0,1.0,179.2695035460993,154.1205673758865,-16.539007092198574,-41.68794326241135,0.27246376811594203,0
0.43333333333333335,0.36666666666666664,0,0,11,10.0,1.0,187.06382978723403,144.3049645390071,-6.212765957446834,-48.97163120567376,0.26280193236714977,0
0.4666666666666667,0.36666666666666664,0,0,10,9.0,1.0,191.65248226950357,159.1631205673759,-2.432624113475157,-34.921985815602824,0.2531400966183575,0
0.8666666666666667,0.7666666666666667,0,0,9,8.0,1.0,194.01418439716312,184.39007092198582,4.503546099290787,-5.120567375886509,0.24154589371980675,0
0.8666666666666667,0.7666666666666667,0,0,8,7.0,0.8571428571428571,194.2482269503546,196.4964539007092,41.84397163120565,44.09219858156027,0.22608695652173913,0
0.8666666666666667,0.7666666666666667,0,0,7,5.5,0.5833333333333334,194.39007092198582,195.91489361702125,73.94326241134753,75.46808510638296,0.21159420289855072,0
0.7666666666666667,0.7666666666666667,2,0,7,6.0,0.75,192.29078014184395,196.17730496453905,32.2269503546099,36.11347517730499,0.19710144927536233,0
0.3,0.7666666666666667,2,0,8,8.0,1.0,178.66666666666666,198.5886524822695,-18.312056737588648,1.6099290780142042,0.18357487922705315,0
0.9666666666666667,0.9333333333333333,0,0,0,0,0,234.5390070921986,187.53191489361703,-0.6312056737588421,-47.63829787234042,0.13623188405797101,1
0.5333333333333333,0.26666666666666666,0,0,0,0,0,187.53191489361703,147.70921985815605,-49.38297872340425,-89.20567375886523,0.242512077294686,0
0.7666666666666667,0.4,0,0,6,4.5,0.5,222.48936170212767,156.3971631205674,22.638297872340445,-43.45390070921982,0.25120772946859904,0
0.7666666666666667,0.4,3,0,7,6.0,0.6,235.60992907801418,157.1985815602837,89.31205673758865,10.900709219858186,0.2599033816425121,0
0.7666666666666667,0.4,5,0,8,7.0,0.75,236.0921985815603,156.7446808510638,102.92198581560285,23.57446808510636,0.26956521739130435,0
0.5,0.4,6,0,9,8.0,1.0,223.98581560283688,156.39716312056737,69.92198581560282,2.3333333333333144,0.2792270531400966,0
0.43333333333333335,0.36666666666666664,6,0,10,9.0,1.0,194.354609929078,160.03546099290782,38.460992907801426,4.141843971631232,0.28019323671497587,0
0.4,0.36666666666666664,6,0,11,10.0,1.0,159.77304964539007,168.95035460992906,0.5390070921985739,9.716312056737564,0.2599033816425121,0
0.5,0.36666666666666664,6,0,11,11.0,1.0,144.51063829787233,180.60283687943263,-11.957446808510639,24.134751773049658,0.24734299516908212,0
0.5,0.36666666666666664,6,0,11,11.0,1.0,147.70921985815605,188.7375886524823,-6.822695035460981,34.20567375886526,0.2579710144927536,0
0.5,0.36666666666666664,6,0,11,11.0,1.0,156.3971631205674,191.7163120567376,-1.7943262411347405,33.52482269503545,0.26956521739130435,0
0.4666666666666667,0.36666666666666664,6,0,11,11.0,1.0,157.19858156028366,191.19148936170214,-10.184397163120593,23.80851063829789,0.28019323671497587,0
0.4666666666666667,0.36666666666666664,0,0,11,11.0,1.0,156.74468085106383,191.4609929078014,-24.531914893617028,10.184397163120536,0.2898550724637681,0
0.4666666666666667,0.4,0,0,11,11.0,1.0,156.39716312056737,186.51063829787233,-36.75177304964541,-6.638297872340445,0.2995169082125604,0
0.5,0.2,0,0,11,11.0,1.0,160.03546099290782,172.2836879432624,-31.75177304964538,-19.503546099290787,0.30434782608695654,0
0.5333333333333333,0.4,0,0,11,11.0,1.0,188.7375886524823,168.177304964539,-3.858156028368768,-24.418439716312065,0.27342995169082124,0
0.7666666666666667,0.4,0,0,11,11.0,1.0,191.7163120567376,180.3404255319149,16.35460992907801,4.978723404255305,0.26666666666666666,0
0.7333333333333333,0.4,0,0,11,9.0,0.7142857142857143,191.19148936170214,181.08510638297875,42.297872340425556,32.19148936170217,0.2608695652173913,0
0.7666666666666667,0.4,0,0,11,8.0,0.7142857142857143,191.4609929078014,181.93617021276597,44.92907801418437,35.404255319148945,0.25507246376811593,0
0.5,0.4,0,0,11,11.0,1.0,186.51063829787236,181.60992907801418,6.808510638297889,1.9078014184397034,0.24734299516908212,0
0.5,0.4,0,0,11,11.0,1.0,172.2836879432624,182.76595744680853,-6.01418439716312,4.4680851063830005,0.24057971014492754,0
0.4,0.36666666666666664,0,0,11,11.0,1.0,156.9290780141844,185.48936170212767,-26.092198581560297,2.468085106382972,0.23381642512077294,0
0.36666666666666664,0.36666666666666664,0,0,11,11.0,1.0,158.3758865248227,188.3971631205674,-23.56028368794324,6.4609929078014545,0.23478260869565218,0
0.36666666666666664,0.3333333333333333,0,0,11,11.0,1.0,168.177304964539,189.290780141844,-12.673758865248232,8.439716312056788,0.24444444444444444,0
0.4,0.3333333333333333,0,0,11,11.0,1.0,180.3404255319149,188.87234042553192,-1.7021276595744723,6.829787234042556,0.24830917874396136,0
0.4,0.3333333333333333,0,0,11,11.0,1.0,181.08510638297875,188.58865248226948,-4.319148936170194,3.1843971631205363,0.24830917874396136,0
0.43333333333333335,0.3333333333333333,0,0,11,11.0,1.0,181.93617021276597,189.1914893617021,-7.085106382978722,0.17021276595741597,0.24830917874396136,0
0.4,0.3333333333333333,0,0,11,11.0,1.0,181.60992907801415,190.20567375886526,-9.156028368794352,-0.5602836879432402,0.24830917874396136,0
0.43333333333333335,0.3333333333333333,0,0,11,11.0,1.0,182.76595744680853,185.3404255319149,-5.319148936170194,-2.7446808510638334,0.2492753623188406,0
0.43333333333333335,0.3333333333333333,0,0,11,11.0,1.0,185.48936170212767,169.12765957446808,-2.276595744680833,-18.638297872340416,0.242512077294686,0
0.43333333333333335,0.3333333333333333,0,0,11,11.0,1.0,188.3971631205674,160.5390070921986,-1.5177304964538791,-29.375886524822675,0.23478260869565218,0
0.4666666666666667,0.3333333333333333,0,0,11,11.0,1.0,189.29078014184395,165.85106382978725,-0.6028368794326298,-24.042553191489333,0.23285024154589373,0
0.5333333333333333,0.4666666666666667,0,0,11,11.0,1.0,188.87234042553192,183.4468085106383,-1.9361702127659441,-7.361702127659555,0.23091787439613526,0
0.6666666666666666,0.4666666666666667,0,0,11,11.0,0.8333333333333334,188.58865248226948,192.68085106382978,13.269503546099259,17.361702127659555,0.22995169082125605,0
0.6666666666666666,0.4666666666666667,2,0,11,11.0,0.7142857142857143,189.19148936170214,192.95035460992912,47.93617021276597,51.695035460992955,0.22995169082125605,0
0.6666666666666666,0.4666666666666667,0,0,11,11.0,0.8333333333333334,190.20567375886526,192.32624113475177,25.1631205673759,27.283687943262407,0.22995169082125605,0
0.4666666666666667,0.4666666666666667,0,0,11,11.0,1.0,185.3404255319149,191.9645390070922,-5.914893617021278,0.7092198581560467,0.22995169082125605,0
0.43333333333333335,0.4,0,0,11,11.0,1.0,169.12765957446808,191.31914893617022,-24.914893617021278,-2.7234042553191387,0.22995169082125605,0
0.4666666666666667,0.36666666666666664,0,0,11,11.0,1.0,160.5390070921986,191.0212765957447,-32.20567375886523,-1.7234042553191387,0.22995169082125605,0
0.4666666666666667,0.36666666666666664,0,0,11,11.0,1.0,165.85106382978725,191.1631205673759,-26.212765957446805,-0.9007092198581574,0.242512077294686,0
0.4666666666666667,0.36666666666666664,0,0,11,11.0,1.0,192.32624113475177,192.76595744680853,1.049645390070907,1.4893617021276668,0.2289855072463768,0
0.4666666666666667,0.36666666666666664,0,0,11,11.0,1.0,191.9645390070922,188.38297872340425,-0.1205673758865089,-3.7021276595744723,0.221256038647343,0
0.43333333333333335,0.3333333333333333,0,0,11,11.0,1.0,191.31914893617022,171.2553191489362,-1.7446808510638334,-21.80851063829786,0.21159420289855072,0
0.4666666666666667,0.3333333333333333,0,0,11,11.0,1.0,191.02127659574467,162.7163120567376,-3.0851063829787506,-31.390070921985824,0.19420289855072465,0
0.4666666666666667,0.36666666666666664,0,0,10,10.0,1.0,191.1631205673759,173.21985815602838,-2.0283687943262407,-19.97163120567376,0.18164251207729468,0
0.4666666666666667,0.5333333333333333,0,0,9,9.0,1.0,192.14184397163123,200.06382978723403,1.141843971631232,9.063829787234027,0.17198067632850242,0
0.6333333333333333,0.5333333333333333,0,0,8,8.0,1.0,193.08510638297875,218.66666666666666,12.127659574468112,37.70921985815602,0.16231884057971013,0
0.6333333333333333,0.5333333333333333,8,0,7,4.0,0.5,193.45390070921985,222.12765957446808,51.64539007092199,80.31914893617022,0.15265700483091788,0
0.6,0.5333333333333333,9,0,6,2.0,0.42857142857142855,192.76595744680853,223.2482269503546,27.38297872340428,57.86524822695034,0.14299516908212562,0
0.2,0.5333333333333333,0,0,0,0,0,188.38297872340425,225.68794326241132,-24.085106382978722,13.219858156028351,0.13333333333333333,0
0.2,0.4666666666666667,0,0,0,0,0,171.25531914893614,229.46808510638297,-51.08510638297875,7.127659574468083,0.12367149758454106,0
0.23333333333333334,0.8,0,0,0,0,0,235.25531914893614,146.29078014184395,1.5106382978723047,-87.45390070921988,0.17101449275362318,0
0.8666666666666667,0.8,0,0,6,6.0,1.0,234.9078014184397,156.39007092198582,2.120567375886509,-76.39716312056737,0.178743961352657,0
0.9,0.8,3,0,7,2.0,0.3333333333333333,234.91489361702125,156.5035460992908,118.21276595744678,39.801418439716315,0.18743961352657004,0
0.9,0.8,5,0,8,4.5,0.5,234.64539007092196,155.40425531914892,108.56028368794324,29.319148936170194,0.1961352657004831,0
0.5666666666666667,0.8,5,0,9,8.0,1.0,233.8368794326241,156.29787234042553,79.87943262411346,2.340425531914889,0.20483091787439614,0
0.5333333333333333,0.4,6,0,10,9.0,1.0,194.41134751773052,159.5390070921986,35.58156028368796,0.7092198581560467,0.21256038647342995,0
0.5333333333333333,0.2,6,0,11,10.0,1.0,158.52482269503545,166.78723404255322,2.1418439716312037,10.404255319148973,0.22028985507246376,0
0.5666666666666667,0.2,6,0,11,11.0,1.0,132.2482269503546,176.52482269503548,-22.049645390070935,22.226950354609954,0.23285024154589373,0
0.5333333333333333,0.2,6,0,11,10.0,1.0,146.29078014184398,185.36879432624116,-9.241134751773046,29.83687943262413,0.2589371980676328,0
0.5,0.2,6,0,11,9.5,1.0,156.39007092198582,188.86524822695037,-2.6737588652482316,29.801418439716315,0.28019323671497587,0
0.5333333333333333,0.2,6,0,11,10.0,1.0,156.5035460992908,188.68085106382978,-7.517730496453908,24.659574468085083,0.2975845410628019,0
0.5333333333333333,0.36666666666666664,0,0,11,10.0,1.0,155.40425531914892,188.72340425531914,-21.872340425531945,11.446808510638277,0.3159420289855073,0
0.5,0.36666666666666664,0,0,11,11.0,1.0,156.29787234042556,190.29078014184395,-31.978723404255305,2.014184397163092,0.3342995169082126,0
0.43333333333333335,0.36666666666666664,0,0,11,11.0,1.0,159.5390070921986,182.81560283687944,-31.014184397163092,-7.737588652482259,0.3507246376811594,0
0.43333333333333335,0.3333333333333333,0,0,11,11.0,1.0,166.7872340425532,162.9078014184397,-20.978723404255305,-24.858156028368796,0.3391304347826087,0
0.43333333333333335,0.3333333333333333,0,0,11,11.0,1.0,176.52482269503548,141.77304964539007,-11.198581560283657,-45.950354609929065,0.3333333333333333,0
0.43333333333333335,0.3333333333333333,0,0,11,11.0,1.0,185.36879432624116,137.6241134751773,-5.31205673758862,-53.05673758865248,0.3333333333333333,0
0.8,0.5666666666666667,0,0,11,11.0,1.0,188.86524822695037,143.98581560283688,-3.6028368794326013,-48.48226950354609,0.33043478260869563,0
0.9,0.5666666666666667,0,0,11,11.0,0.8333333333333334,188.68085106382978,150.85106382978722,23.38297872340425,-14.446808510638306,0.32657004830917874,0
0.9333333333333333,0.6,0,0,11,3.0,0.46153846153846156,188.7234042553191,151.10638297872342,57.76595744680847,20.148936170212778,0.31980676328502416,0
0.9333333333333333,0.6,1,0,11,7.5,0.6,190.29078014184395,153.05673758865248,61.2269503546099,23.992907801418426,0.3120772946859903,0
0.5666666666666667,0.6,2,0,11,11.0,1.0,182.8156028368794,156.00709219858155,29.964539007092185,3.156028368794324,0.3072463768115942,0
0.6,0.4666666666666667,2,0,11,11.0,0.8571428571428571,162.9078014184397,160.89361702127658,12.865248226950342,10.851063829787222,0.30434782608695654,0
0.6,0.36666666666666664,3,0,11,11.0,1.0,141.77304964539007,169.29078014184398,-7.886524822695037,19.63120567375887,0.3033816425120773,0
0.5333333333333333,0.36666666666666664,3,0,11,11.0,1.0,137.6241134751773,179.1914893617021,-15.992907801418454,25.57446808510636,0.3120772946859903,0
0.5333333333333333,0.36666666666666664,3,0,11,11.0,1.0,143.98581560283688,187.03546099290782,-11.907801418439703,31.141843971631232,0.3285024154589372,0
0.5333333333333333,0.3333333333333333,2,0,11,11.0,1.0,150.85106382978722,191.3404255319149,-7.659574468085111,32.829787234042556,0.33719806763285026,0
0.5,0.4,2,0,11,11.0,1.0,151.10638297872342,192.21985815602838,-17.170212765957444,23.94326241134752,0.34396135265700484,0
0.4666666666666667,0.4,0,0,11,11.0,1.0,153.05673758865248,191.6241134751773,-28.02836879432624,10.539007092198574,0.35555555555555557,0
0.5,0.4,0,0,11,11.0,0.8333333333333334,156.00709219858155,189.10638297872342,-32.20567375886526,0.8936170212766115,0.3671497584541063,0
0.5333333333333333,0.4,0,0,11,11.0,1.0,160.89361702127658,176.5390070921986,-30.914893617021278,-15.269503546099259,0.3748792270531401,0
0.5,0.2,0,0,11,11.0,1.0,169.29078014184395,152.9503546099291,-24.709219858156047,-41.04964539007091,0.3671497584541063,0
0.4666666666666667,0.2,0,0,11,11.0,1.0,179.19148936170214,141.56737588652481,-11.659574468085083,-49.28368794326241,0.36231884057971014,0
0.4666666666666667,0.4,0,0,11,10.5,1.0,187.0354609929078,140.8014184397163,-2.985815602836908,-49.21985815602841,0.36038647342995167,0
0.9333333333333333,0.9,0,0,11,10.0,1.0,191.3404255319149,149.1205673758865,4.893617021276583,-37.3262411347518,0.3526570048309179,0
0.9666666666666667,0.9333333333333333,0,0,11,8.0,0.7777777777777778,192.21985815602838,144.14893617021275,39.0709219858156,-9.000000000000028,0.34492753623188405,0
0.9666666666666667,0.9333333333333333,0,0,11,6.0,0.6153846153846154,191.6241134751773,139.68085106382978,72.36879432624113,20.42553191489361,0.33816425120772947,0
0.7333333333333333,0.9333333333333333,0,0,11,8.0,0.8888888888888888,189.10638297872342,140.4964539007092,36.80851063829789,-11.801418439716315,0.3294685990338164,0
0.6333333333333333,0.9333333333333333,0,0,11,11.0,1.0,176.5390070921986,147.6808510638298,25.68794326241138,-3.170212765957416,0.3217391304347826,0
0.6333333333333333,0.36666666666666664,0,0,11,11.0,1.0,152.95035460992906,158.5390070921986,8.737588652482259,14.326241134751797,0.3159420289855073,0
0.6,0.2,0,0,11,11.0,1.0,141.56737588652481,172.03546099290782,4.184397163120565,34.652482269503565,0.314975845410628,0
0.6,0.2,0,0,11,11.0,1.0,140.80141843971631,183.31205673758868,3.354609929078009,45.86524822695037,0.3323671497584541,0
0.6,0.2,0,0,11,11.0,1.0,149.1205673758865,190.6595744680851,2.4609929078013977,44.0,0.3536231884057971,0
0.6,0.36666666666666664,0,0,11,11.0,1.0,144.14893617021275,193.1985815602837,-14.787234042553195,34.26241134751777,0.3536231884057971,0
0.5666666666666667,0.36666666666666664,0,0,11,11.0,1.0,139.68085106382978,193.95035460992906,-30.340425531914917,23.92907801418437,0.3507246376811594,0
0.5333333333333333,0.36666666666666664,0,0,11,11.0,0.8,140.4964539007092,194.57446808510636,-46.652482269503565,7.4255319148935826,0.3468599033816425,0
0.5333333333333333,0.36666666666666664,0,0,11,11.0,0.8,147.68085106382978,188.69503546099293,-45.08510638297872,-4.070921985815573,0.34396135265700484,0
0.5,0.36666666666666664,0,0,11,11.0,0.8,158.5390070921986,167.354609929078,-33.52482269503545,-24.709219858156047,0.3342995169082126,0
0.4666666666666667,0.36666666666666664,0,0,11,11.0,1.0,172.0354609929078,144.63120567375887,-22.730496453900713,-50.13475177304963,0.314975845410628,0
0.4666666666666667,0.36666666666666664,0,0,10,10.0,1.0,183.31205673758868,148.67375886524823,-11.709219858156018,-46.34751773049646,0.30241545893719807,0
0.5,0.8333333333333334,0,0,9,9.0,1.0,190.6595744680851,170.95744680851064,-3.276595744680833,-22.978723404255305,0.28888888888888886,0
0.9666666666666667,0.8333333333333334,0,0,8,8.0,1.0,193.1985815602837,194.97163120567373,16.07092198581563,17.843971631205648,0.26956521739130435,0
0.9666666666666667,0.9333333333333333,0,0,7,4.0,0.5384615384615384,193.95035460992912,198.13475177304963,62.95035460992912,67.13475177304963,0.25024154589371983,0
0.9666666666666667,0.9333333333333333,1,0,7,4.0,0.5384615384615384,194.57446808510636,199.34751773049643,68.80851063829785,73.58156028368792,0.22995169082125605,0
0.3333333333333333,0.9333333333333333,2,0,8,4.0,0.6666666666666666,188.6950354609929,201.93617021276597,-0.5602836879432687,12.680851063829806,0.21159420289855072,0
0.26666666666666666,0.9333333333333333,2,0,9,5.5,0.5,167.354609929078,205.32624113475177,-30.496453900709213,7.4751773049645465,0.19516908212560385,0
0.26666666666666666,0.6666666666666666,0,0,0,0,0,230.24113475177305,143.43262411347519,-4.120567375886537,-90.9290780141844,0.22318840579710145,0
0.8,0.7,0,0,4,4.0,1.0,235.3758865248227,152.822695035461,15.141843971631204,-67.41134751773049,0.2251207729468599,0
0.8333333333333334,0.7,0,0,6,3.0,0.5,236.0709219858156,155.12765957446808,87.17730496453902,6.2340425531915,0.2289855072463768,0
0.8333333333333334,0.7,4,0,7,3.0,0.5,235.0921985815603,154.89361702127658,108.0921985815603,27.893617021276583,0.23091787439613526,0
0.5,0.7,5,0,8,7.5,1.0,229.7872340425532,156.00709219858155,82.31914893617022,8.539007092198574,0.2318840579710145,0
0.5,0.7,6,0,9,8.5,1.0,201.1631205673759,159.40425531914894,45.33333333333334,3.574468085106389,0.23285024154589373,0
0.5,0.3333333333333333,6,0,10,9.5,1.0,165.37588652482268,166.04964539007094,10.205673758865231,10.879432624113491,0.23671497584541062,0
0.5,0.36666666666666664,6,0,11,10.5,1.0,141.1205673758865,174.9645390070922,-13.262411347517741,20.581560283687963,0.24734299516908212,0
0.5,0.36666666666666664,6,0,11,11.0,1.0,143.43262411347519,183.2553191489362,-11.695035460992898,28.12765957446811,0.2753623188405797,0
0.5333333333333333,0.36666666666666664,6,0,11,11.0,1.0,152.822695035461,188.75886524822695,-5.6879432624113235,30.24822695035462,0.2956521739130435,0
0.4666666666666667,0.36666666666666664,6,0,11,11.0,1.0,155.12765957446808,191.85815602836877,-9.446808510638306,27.28368794326238,0.3120772946859903,0
0.5,0.36666666666666664,0,0,11,10.5,1.0,154.89361702127658,193.8085106382979,-20.170212765957473,18.744680851063833,0.3285024154589372,0
0.5,0.4,0,0,11,9.0,1.0,156.00709219858155,193.43971631205673,-29.24822695035462,8.184397163120565,0.34492753623188405,0
0.5333333333333333,0.4,0,0,11,7.5,0.8333333333333334,159.40425531914892,187.84397163120568,-30.04255319148939,-1.6028368794326298,0.36038647342995167,0
0.5333333333333333,0.36666666666666664,0,0,11,7.5,1.0,166.04964539007094,161.9078014184397,-25.524822695035454,-29.666666666666686,0.3536231884057971,0
0.5,0.36666666666666664,0,0,11,9.0,1.0,174.9645390070922,142.92198581560282,-19.58865248226948,-51.63120567375887,0.34106280193236715,0
0.4666666666666667,0.36666666666666664,0,0,11,10.5,1.0,183.25531914893614,134.36170212765958,-12.04255319148939,-60.936170212765944,0.34009661835748795,0
0.5333333333333333,0.8333333333333334,0,0,11,11.0,0.8,188.75886524822695,145.5390070921986,-1.7092198581560183,-44.92907801418437,0.33719806763285026,0
0.9,0.8333333333333334,0,0,11,10.0,0.7142857142857143,191.85815602836882,153.0212765957447,14.092198581560325,-24.744680851063805,0.33043478260869563,0
0.9,0.8333333333333334,0,0,11,3.0,0.42857142857142855,193.80851063829786,153.95035460992906,76.31914893617021,36.46099290780141,0.32270531400966185,0
0.9,0.8666666666666667,1,0,11,8.0,0.6666666666666666,193.43971631205673,155.24822695035462,59.9290780141844,21.737588652482287,0.3159420289855073,0
0.5666666666666667,0.8666666666666667,2,0,11,11.0,0.8571428571428571,187.84397163120568,156.48226950354612,35.758865248226954,4.397163120567399,0.3101449275362319,0
0.5,0.36666666666666664,2,0,11,10.5,1.0,161.9078014184397,160.01418439716312,10.886524822695009,8.992907801418426,0.30628019323671496,0
0.43333333333333335,0.3333333333333333,2,0,11,10.5,1.0,142.92198581560282,168.41134751773052,-13.035460992907815,12.45390070921988,0.30241545893719807,0
0.5666666666666667,0.3333333333333333,3,0,11,10.0,1.0,134.36170212765958,178.6312056737589,-20.510638297872333,23.758865248226982,0.3130434782608696,0
0.6,0.4,3,0,11,9.5,1.0,145.5390070921986,186.88652482269504,-9.375886524822675,31.97163120567376,0.3207729468599034,0
0.5333333333333333,0.4,3,0,11,9.0,1.0,153.0212765957447,190.1631205673759,-6.6382978723404165,30.503546099290787,0.3285024154589372,0
0.5333333333333333,0.4,2,0,11,11.0,1.0,153.95035460992906,190.85106382978722,-11.517730496453908,25.38297872340425,0.33816425120772947,0
0.43333333333333335,0.4,1,0,11,11.0,1.0,155.24822695035462,191.22695035460993,-24.858156028368796,11.120567375886509,0.3497584541062802,0
0.43333333333333335,0.36666666666666664,0,0,11,11.0,1.0,156.48226950354612,192.18439716312056,-33.8368794326241,1.8652482269503423,0.35555555555555557,0
0.4666666666666667,0.36666666666666664,0,0,11,11.0,1.0,168.4113475177305,159.3049645390071,-21.524822695035454,-30.631205673758842,0.34782608695652173,0
0.4666666666666667,0.36666666666666664,0,0,11,11.0,1.0,178.6312056737589,148.9716312056738,-13.751773049645351,-43.41134751773046,0.34299516908212563,0
0.43333333333333335,0.36666666666666664,0,0,11,11.0,1.0,186.88652482269504,153.48226950354612,-4.4751773049645465,-37.87943262411346,0.3391304347826087,0
0.9333333333333333,0.36666666666666664,0,0,11,11.0,1.0,190.1631205673759,159.31914893617022,-2.6453900709219624,-33.48936170212764,0.3314009661835749,0
0.9666666666666667,0.36666666666666664,0,0,11,7.0,0.8,190.85106382978725,158.48226950354612,44.89361702127661,12.524822695035482,0.32463768115942027,0
0.9666666666666667,0.36666666666666664,0,0,11,7.0,0.8181818181818182,191.22695035460993,158.02836879432627,52.07801418439715,18.87943262411349,0.3159420289855073,0
0.6333333333333333,0.36666666666666664,0,0,11,8.0,1.0,192.18439716312056,158.4113475177305,30.375886524822704,-3.3971631205673702,0.3072463768115942,0
0.6666666666666666,0.36666666666666664,0,0,11,9.0,1.0,176.70921985815605,159.81560283687944,17.21985815602838,0.3262411347517684,0.3004830917874396,0
0.7,0.36666666666666664,0,0,11,9.0,1.0,159.3049645390071,166.60283687943263,2.645390070921991,9.943262411347519,0.293719806763285,0
0.6666666666666666,0.36666666666666664,0,0,11,9.0,1.0,148.9716312056738,178.14184397163118,-10.32624113475174,18.843971631205648,0.2946859903381642,0
0.6666666666666666,0.36666666666666664,0,0,11,10.0,1.0,153.48226950354612,187.6241134751773,-4.645390070921962,29.496453900709213,0.3101449275362319,0
0.6666666666666666,0.2,0,0,11,10.0,1.0,159.31914893617022,192.51773049645388,1.5106382978723616,34.70921985815602,0.3169082125603865,0
0.6333333333333333,0.2,0,0,11,9.0,1.0,158.48226950354612,192.94326241134752,-5.028368794326212,29.432624113475185,0.314975845410628,0
0.6333333333333333,0.36666666666666664,0,0,11,11.0,1.0,158.02836879432624,192.97872340425533,-20.460992907801426,14.489361702127667,0.3140096618357488,0
0.4666666666666667,0.3333333333333333,0,0,11,11.0,1.0,158.4113475177305,192.45390070921985,-34.01418439716312,0.02836879432624073,0.3130434782608696,0
0.5,0.36666666666666664,0,0,11,11.0,1.0,159.81560283687944,183.5531914893617,-32.141843971631204,-8.404255319148945,0.3111111111111111,0
0.5,0.36666666666666664,0,0,11,11.0,1.0,166.60283687943263,166.65248226950357,-26.567375886524815,-26.51773049645388,0.2975845410628019,0
0.43333333333333335,0.36666666666666664,0,0,11,10.0,1.0,178.14184397163118,153.8794326241135,-15.560283687943297,-39.82269503546098,0.28695652173913044,0
0.4666666666666667,0.36666666666666664,0,0,11,9.0,1.0,187.6241134751773,163.2695035460993,-4.43971631205676,-28.79432624113477,0.2753623188405797,0
0.5666666666666667,0.8666666666666667,0,0,10,8.0,1.0,192.51773049645394,178.82978723404256,0.9219858156028806,-12.7659574468085,0.2618357487922705,0
0.9,0.9,0,0,9,6.5,0.75,192.94326241134752,191.89361702127658,25.94326241134752,24.893617021276583,0.242512077294686,0
0.9333333333333333,0.9333333333333333,0,0,8,6.0,0.5384615384615384,192.97872340425533,191.95035460992906,51.61702127659575,50.58865248226948,0.22705314009661837,0
0.9333333333333333,0.9666666666666667,0,0,8,6.0,0.6666666666666666,192.45390070921985,195.23404255319147,39.17730496453899,41.95744680851061,0.2106280193236715,0
0.4666666666666667,0.9666666666666667,0,0,9,7.5,1.0,183.5531914893617,197.75177304964538,-11.61702127659575,2.581560283687935,0.1932367149758454,0
0.43333333333333335,0.26666666666666666,0,0,10,8.0,1.0,166.65248226950354,201.40425531914892,-21.390070921985824,13.361702127659555,0.17777777777777778,0
0.4666666666666667,0.26666666666666666,0,0,11,8.5,1.0,153.8794326241135,209.48226950354612,-38.58865248226948,17.01418439716315,0.16521739130434782,0
0.4666666666666667,0.26666666666666666,0,0,10,8.5,1.0,163.2695035460993,222.46808510638297,-32.0709219858156,27.127659574468083,0.1565217391304348,0
0.4,0.26666666666666666,0,0,9,8.0,1.0,178.82978723404256,233.75886524822695,-19.063829787234027,35.86524822695037,0.14782608695652175,0
0.4666666666666667,0.23333333333333334,0,0,8,7.0,0.8,191.89361702127658,239.8368794326241,-8.127659574468112,39.81560283687941,0.1391304347826087,0
0.4,0.23333333333333334,0,0,7,7.0,1.0,191.95035460992906,240.0,-14.347517730496463,33.70212765957447,0.13043478260869565,0
0.23333333333333334,0.23333333333333334,0,0,6,6.0,1.0,195.23404255319147,239.79432624113474,-26.89361702127661,17.666666666666657,0.12173913043478261,0
0.13333333333333333,0.2,0,0,0,0,0,197.7517730496454,239.0354609929078,-41.2269503546099,0.05673758865248146,0.1178743961352657,0
0.8666666666666667,0.9333333333333333,0,0,0,0,0,236.82978723404256,175.1205673758865,-1.8085106382978609,-63.51773049645391,0.10338164251207729,1
0.26666666666666666,0.7333333333333333,0,0,0,0,0,216.60283687943263,132.31914893617022,-22.39716312056737,-106.68085106382978,0.27053140096618356,0
0.8,0.7666666666666667,0,0,0,0,0,237.51063829787233,145.43971631205673,24.65957446808511,-67.41134751773049,0.28019323671497587,0
0.8333333333333334,0.8333333333333334,0,1,6,2.0,0.45454545454545453,239.40425531914892,145.33333333333334,85.93617021276594,-8.13475177304963,0.29082125603864734,0
0.8666666666666667,0.8333333333333334,0,2,7,6.0,0.5384615384615384,239.75177304964538,148.14184397163123,134.1560283687943,42.54609929078016,0.3004830917874396,0
0.6,0.8333333333333334,0,2,8,8.0,1.0,230.7446808510638,150.95744680851064,82.0851063829787,2.2978723404255277,0.30531400966183575,0
0.6,0.8333333333333334,0,2,9,9.0,1.0,201.77304964539007,153.5886524822695,59.0709219858156,10.886524822695037,0.28695652173913044,0
0.5666666666666667,0.26666666666666666,0,2,10,9.0,0.875,157.3049645390071,158.39007092198582,12.347517730496463,13.432624113475185,0.26956521739130435,0
0.5666666666666667,0.26666666666666666,0,2,11,10.0,1.0,135.9078014184397,170.39007092198582,-12.432624113475185,22.049645390070935,0.27342995169082124,0
0.5,0.26666666666666666,0,2,11,9.0,1.0,132.3191489361702,180.73049645390074,-18.80851063829789,29.602836879432658,0.30917874396135264,0
0.5,0.26666666666666666,0,2,11,8.0,1.0,145.43971631205673,187.27659574468086,-7.964539007092213,33.87234042553192,0.33043478260869563,0
0.43333333333333335,0.26666666666666666,1,2,11,7.0,1.0,145.33333333333334,186.41843971631207,-10.900709219858157,30.184397163120565,0.3497584541062802,0
0.36666666666666664,0.23333333333333334,1,2,11,7.0,1.0,148.14184397163123,186.6595744680851,-17.390070921985796,21.127659574468083,0.3690821256038647,0
0.23333333333333334,0.23333333333333334,1,2,11,11.0,1.0,150.95744680851064,186.8085106382979,-38.446808510638306,-2.5957446808510554,0.3884057971014493,0
0.36666666666666664,1.0333333333333334,0,3,11,11.0,1.0,187.27659574468086,140.70212765957444,1.6595744680851112,-44.914893617021306,0.3855072463768116,0
1.0333333333333334,1.0333333333333334,0,3,11,11.0,0.6666666666666666,186.41843971631207,144.42553191489364,17.54609929078015,-24.446808510638277,0.37584541062801935,0
1.0333333333333334,1.0333333333333334,0,3,11,1.0,0.3125,186.6595744680851,143.36879432624113,127.51063829787235,84.21985815602837,0.3681159420289855,0
0.5333333333333333,1.0333333333333334,0,3,11,7.0,0.7142857142857143,186.80851063829786,143.02127659574467,55.0,11.212765957446805,0.36038647342995167,0
0.43333333333333335,1.0333333333333334,0,4,11,8.0,1.0,180.822695035461,143.67375886524823,34.90780141843973,-2.241134751773046,0.3526570048309179,0
0.43333333333333335,0.23333333333333334,0,4,11,9.0,1.0,137.8794326241135,148.0354609929078,-6.503546099290759,3.652482269503537,0.34492753623188405,0
0.43333333333333335,0.2,0,4,11,10.0,1.0,119.94326241134752,156.89361702127658,-23.035460992907787,13.914893617021278,0.34202898550724636,0
0.36666666666666664,0.2,0,4,11,10.0,1.0,112.29078014184397,167.6241134751773,-30.453900709219866,24.879432624113463,0.35942028985507246,0
0.4,0.2,0,4,11,9.0,1.0,140.70212765957447,174.89361702127658,-2.6382978723404165,31.553191489361694,0.38164251207729466,0
0.4,0.2,0,4,11,8.0,1.0,144.4255319148936,176.65248226950357,-0.5106382978723332,31.71631205673762,0.3932367149758454,0
0.3,0.2,0,4,11,8.5,1.0,143.3687943262411,175.94326241134752,-12.460992907801455,20.113475177304963,0.4,0
0.2,0.2,0,4,11,9.0,1.0,143.02127659574467,176.52482269503545,-26.89361702127661,6.609929078014176,0.4057971014492754,0
0.26666666666666666,0.4666666666666667,0,5,11,11.0,1.0,174.89361702127658,122.87943262411348,-4.489361702127667,-56.50354609929077,0.391304347826087,0
0.8,0.7666666666666667,0,5,11,7.5,1.0,176.65248226950357,136.2836879432624,2.375886524822704,-37.992907801418454,0.3864734299516908,0
0.8,0.8333333333333334,0,5,11,2.5,0.4,175.94326241134752,141.56737588652481,72.28368794326241,37.9078014184397,0.37681159420289856,0
0.8666666666666667,0.8333333333333334,0,5,11,3.0,0.46153846153846156,176.52482269503545,141.80851063829786,76.18439716312056,41.46808510638297,0.3681159420289855,0
0.5333333333333333,0.8333333333333334,0,6,11,7.0,0.8571428571428571,176.21985815602838,144.38297872340425,49.411347517730505,17.574468085106375,0.35845410628019325,0
0.4666666666666667,0.8333333333333334,0,0,11,9.0,1.0,152.43971631205673,147.80141843971631,10.950354609929065,6.312056737588648,0.3545893719806763,0
0.4666666666666667,0.26666666666666666,0,0,10,9.0,1.0,126.0921985815603,153.39007092198582,-14.460992907801398,12.83687943262413,0.36135265700483093,0
0.4666666666666667,0.26666666666666666,0,6,10,9.5,0.8333333333333334,110.2695035460993,160.78014184397162,-32.39007092198581,18.12056737588651,0.37777777777777777,0
0.4666666666666667,0.26666666666666666,3,6,10,9.0,1.0,122.87943262411348,170.51063829787233,-19.33333333333333,28.297872340425528,0.3855072463768116,0
0.36666666666666664,0.26666666666666666,3,6,9,8.0,1.0,136.2836879432624,180.354609929078,-11.992907801418454,32.07801418439715,0.3932367149758454,0
0.3,0.26666666666666666,2,6,8,7.0,1.0,141.56737588652481,186.36879432624116,-11.347517730496463,33.45390070921988,0.4096618357487923,0
0.3,0.23333333333333334,2,6,7,7.0,1.0,141.80851063829786,181.6595744680851,-17.170212765957444,22.680851063829806,0.4270531400966184,0
0.23333333333333334,0.23333333333333334,2,6,6,6.0,1.0,144.38297872340425,157.66666666666666,-26.063829787234056,-12.780141843971649,0.4318840579710145,0
0.4,0.3333333333333333,0,7,0,0,0,160.78014184397162,126.39007092198581,-27.709219858156047,-62.09929078014186,0.39806763285024155,0
0.8,0.7666666666666667,0,7,6,6.0,1.0,170.51063829787233,129.14893617021275,2.531914893617028,-38.829787234042556,0.3932367149758454,0
0.8,0.7666666666666667,0,7,7,6.0,0.5555555555555556,180.35460992907804,119.59574468085107,63.82269503546101,3.0638297872340416,0.3864734299516908,0
0.8333333333333334,0.7666666666666667,0,7,8,2.5,0.4166666666666667,186.36879432624116,127.82978723404256,83.90070921985819,25.361702127659584,0.37971014492753624,0
0.6666666666666666,0.8,0,7,8,7.0,0.8333333333333334,181.6595744680851,154.20567375886526,46.25531914893617,18.801418439716315,0.3719806763285024,0
0.8333333333333334,0.8,0,7,8,7.0,0.8333333333333334,157.66666666666666,181.04964539007094,16.36879432624113,39.75177304964541,0.36135265700483093,0
0.8666666666666667,0.7,0,7,8,3.0,0.45454545454545453,128.99290780141845,171.95035460992906,18.24822695035462,61.20567375886523,0.3516908212560386,0
0.8333333333333334,0.7,0,8,7,3.0,0.45454545454545453,118.13475177304964,159.26241134751774,11.39007092198581,52.51773049645391,0.34396135265700484,0
0.4666666666666667,0.7,0,8,6,6.0,0.6,126.39007092198581,159.72340425531914,-39.60992907801419,-6.276595744680861,0.33816425120772947,0
0.4,0.8666666666666667,0,8,2,2.0,0.0,129.14893617021278,177.41843971631207,-60.72340425531914,-12.453900709219852,0.3294685990338164,0
0.6666666666666666,0.5333333333333333,0,8,3,2.5,0.0,119.59574468085107,190.7375886524823,-67.68085106382979,3.460992907801426,0.3207729468599034,0
0.7666666666666667,0.6,0,8,6,2.0,0.2857142857142857,127.82978723404256,193.31205673758862,-10.872340425531917,54.60992907801415,0.3111111111111111,0
0.7666666666666667,0.6,0,0,7,3.0,0.42857142857142855,154.20567375886523,194.9290780141844,2.3971631205673702,43.12056737588654,0.30241545893719807,0
0.5,0.6333333333333333,0,0,8,7.0,0.8,181.04964539007094,195.8156028368794,-7.609929078014176,7.156028368794296,0.28695652173913044,0
0.5,0.36666666666666664,0,0,9,8.0,0.8,171.95035460992906,196.29787234042553,-19.83687943262413,4.510638297872333,0.26280193236714977,0
0.4666666666666667,0.3,0,0,9,8.5,0.6666666666666666,159.26241134751774,201.07801418439715,-32.50354609929076,9.312056737588648,0.2318840579710145,0
0.4666666666666667,0.3,0,0,9,9.0,1.0,159.72340425531914,211.68085106382978,-36.65957446808511,15.297872340425528,0.21739130434782608,0
0.43333333333333335,0.3,0,0,9,8.0,0.8,177.41843971631207,223.27659574468086,-19.21985815602835,26.638297872340445,0.20483091787439614,0
0.43333333333333335,0.3,0,0,8,7.0,0.8,190.73758865248226,230.4964539007092,-3.687943262411352,36.0709219858156,0.1855072463768116,0
0.43333333333333335,0.3,0,0,7,6.5,1.0,193.31205673758868,233.7517730496454,-4.517730496453879,35.92198581560285,0.16618357487922705,0
0.43333333333333335,0.3,0,0,6,6.0,1.0,194.92907801418437,234.68794326241132,-16.049645390070935,23.70921985815602,0.15845410628019324,0
0.26666666666666666,0.26666666666666666,0,0,0,0,0,195.8156028368794,234.41843971631207,-30.418439716312093,8.184397163120565,0.15942028985507245,0
0.36666666666666664,0.2,0,0,0,0,0,230.4964539007092,198.29787234042553,-1.3333333333333428,-33.53191489361703,0.17777777777777778,0
0.43333333333333335,0.26666666666666666,0,0,6,6.0,1.0,233.7517730496454,195.08510638297875,14.304964539007102,-24.361702127659555,0.17777777777777778,0
0.4,0.26666666666666666,0,0,7,7.0,1.0,234.68794326241132,193.1985815602837,27.453900709219823,-14.035460992907787,0.18164251207729468,0
0.4,0.26666666666666666,0,0,8,7.5,1.0,234.41843971631207,186.6595744680851,32.86524822695037,-14.893617021276583,0.18454106280193236,0
0.4,0.26666666666666666,0,0,9,8.0,1.0,228.90070921985816,166.10638297872342,31.049645390070935,-31.744680851063805,0.18647342995169083,0
0.4,0.26666666666666666,0,0,10,8.5,1.0,219.5035460992908,142.02836879432627,24.01418439716312,-53.4609929078014,0.18840579710144928,0
0.36666666666666664,0.26666666666666666,0,0,10,8.5,1.0,209.41134751773052,143.59574468085108,17.49645390070924,-48.319148936170194,0.1961352657004831,0
0.4666666666666667,0.6,0,0,9,8.5,1.0,202.2127659574468,161.14893617021275,10.021276595744666,-31.04255319148939,0.2106280193236715,0
0.9666666666666667,0.9333333333333333,0,0,8,8.0,1.0,198.29787234042553,181.31914893617022,22.42553191489361,5.446808510638306,0.2289855072463768,0
0.9666666666666667,0.9333333333333333,0,0,7,6.0,0.5833333333333334,195.08510638297875,181.0283687943262,64.82978723404258,50.773049645390046,0.2492753623188406,0
0.9,0.9333333333333333,0,0,7,6.0,0.5384615384615384,193.1985815602837,180.21985815602838,73.24113475177307,60.26241134751774,0.26763285024154587,0
0.4,0.8666666666666667,0,0,8,8.0,1.0,186.6595744680851,180.51773049645388,6.085106382978722,-0.056737588652509885,0.28792270531400965,0
0.4,0.8333333333333334,0,0,9,9.0,1.0,166.10638297872342,178.1205673758865,-16.80851063829786,-4.794326241134769,0.30917874396135264,0
0.4,0.23333333333333334,1,0,10,9.5,1.0,142.02836879432624,169.43262411347516,-38.43971631205673,-11.035460992907815,0.32657004830917874,0
0.4,0.23333333333333334,1,0,11,10.0,1.0,143.59574468085106,156.20567375886523,-36.10638297872342,-23.49645390070924,0.34396135265700484,0
0.4,0.23333333333333334,1,0,11,11.0,1.0,161.14893617021278,143.1914893617021,-19.34042553191489,-37.297872340425556,0.3671497584541063,0
0.4666666666666667,0.23333333333333334,1,0,11,11.0,1.0,181.31914893617022,137.36879432624116,-0.0425531914893611,-43.992907801418426,0.37971014492753624,0
0.5333333333333333,0.23333333333333334,2,0,11,8.5,1.0,181.0283687943262,134.40425531914892,8.51773049645388,-38.10638297872342,0.38357487922705313,0
0.6333333333333333,0.26666666666666666,2,0,11,9.0,1.0,180.21985815602838,133.41843971631207,25.79432624113477,-21.007092198581546,0.3855072463768116,0
0.6333333333333333,0.26666666666666666,2,1,11,7.5,1.0,180.51773049645388,132.85815602836882,38.8368794326241,-8.822695035460953,0.3893719806763285,0
0.6666666666666666,0.3,2,1,11,8.5,1.0,178.1205673758865,129.07801418439718,44.65248226950354,-4.390070921985796,0.3922705314009662,0
0.6666666666666666,0.3,2,1,11,9.0,1.0,169.43262411347519,115.75177304964541,32.47517730496455,-21.20567375886523,0.37584541062801935,0
0.6666666666666666,0.3,2,1,11,8.0,1.0,156.20567375886523,112.43262411347519,23.418439716312037,-20.35460992907801,0.35942028985507246,0
0.6666666666666666,0.3,2,1,11,8.0,1.0,143.19148936170214,127.50354609929077,12.680851063829806,-3.00709219858156,0.36618357487922704,0
0.8333333333333334,0.8333333333333334,3,1,11,8.0,1.0,137.36879432624113,154.04255319148936,2.092198581560268,18.7659574468085,0.3748792270531401,0
0.8333333333333334,0.8,3,1,11,7.5,0.875,134.40425531914892,169.43971631205673,12.957446808510625,47.99290780141844,0.38067632850241545,0
0.8,0.8,3,1,11,5.0,0.5454545454545454,133.41843971631207,170.59574468085108,42.88652482269504,80.06382978723406,0.3864734299516908,0
0.8,0.7666666666666667,3,1,11,6.0,0.6666666666666666,132.85815602836882,170.42553191489364,7.5390070921986165,45.10638297872343,0.39420289855072466,0
0.4,0.7333333333333333,3,0,11,11.0,1.0,129.07801418439718,168.40425531914892,-37.581560283687935,1.744680851063805,0.4028985507246377,0
0.3,0.23333333333333334,3,0,11,11.0,1.0,115.75177304964541,161.01418439716312,-54.39716312056737,-9.134751773049658,0.4096618357487923,0
0.4666666666666667,0.26666666666666666,4,0,11,9.0,1.0,169.43971631205673,140.95744680851064,3.9929078014184256,-24.489361702127667,0.41545893719806765,0
0.5666666666666667,0.26666666666666666,5,0,11,6.0,1.0,170.59574468085108,140.87234042553192,22.638297872340445,-7.085106382978722,0.4038647342995169,0
0.5666666666666667,0.3,5,0,11,7.0,1.0,170.4255319148936,140.3758865248227,27.42553191489361,-2.624113475177296,0.391304347826087,0
0.5666666666666667,0.3,5,0,11,8.0,1.0,168.40425531914892,139.85106382978722,28.468085106382972,-0.0851063829787222,0.37874396135265703,0
0.5666666666666667,0.3,0,0,11,8.0,1.0,161.01418439716312,136.2624113475177,19.20567375886526,-5.546099290780148,0.36328502415458935,0
0.5666666666666667,0.3,0,0,11,8.0,1.0,152.13475177304966,133.34751773049646,11.007092198581574,-7.78014184397162,0.3391304347826087,0
0.5666666666666667,0.3,0,0,11,8.0,1.0,143.63120567375884,147.53191489361703,3.9503546099290645,7.85106382978725,0.32657004830917874,0
0.5666666666666667,0.3,0,0,11,7.0,1.0,141.58156028368793,168.18439716312056,1.2624113475177126,27.865248226950342,0.32753623188405795,0
0.8333333333333334,0.7,6,0,11,7.0,0.875,140.95744680851064,187.2482269503546,1.4042553191489446,47.6950354609929,0.3314009661835749,0
0.8,0.7,6,0,10,7.0,0.5555555555555556,140.87234042553192,190.00709219858155,11.957446808510639,61.09219858156027,0.3323671497584541,0
0.7,0.7,6,0,9,4.5,0.5,140.3758865248227,190.97872340425533,8.801418439716315,59.404255319148945,0.3333333333333333,0
0.26666666666666666,0.6,1,0,8,7.0,1.0,139.85106382978722,192.52482269503548,-42.255319148936195,10.418439716312065,0.3342995169082126,0
0.3,0.5666666666666667,1,0,7,5.0,0.5,136.26241134751774,191.29078014184395,-54.609929078014176,0.4184397163120366,0.3352657004830918,0
0.4,0.23333333333333334,2,0,2,2.0,0.0,187.24822695035462,164.39716312056737,-6.156028368794324,-29.007092198581574,0.32753623188405795,0
0.4666666666666667,0.23333333333333334,2,0,0,0,0,190.00709219858155,166.00709219858155,3.3262411347517684,-20.67375886524823,0.30917874396135264,0
0.4666666666666667,0.23333333333333334,2,0,6,6.0,0.6666666666666666,190.97872340425533,167.31914893617022,20.2340425531915,-3.425531914893611,0.2898550724637681,0
0.5,0.26666666666666666,2,0,7,5.5,0.6666666666666666,192.52482269503545,168.645390070922,30.141843971631204,6.262411347517741,0.26956521739130435,0
0.4666666666666667,0.26666666666666666,2,0,8,7.0,0.8,191.29078014184395,170.09219858156027,27.248226950354592,6.049645390070907,0.24830917874396136,0
0.43333333333333335,0.26666666666666666,3,0,9,8.0,0.8,183.60992907801418,158.2836879432624,16.843971631205676,-8.482269503546092,0.2251207729468599,0
0.4,0.26666666666666666,3,0,10,9.0,1.0,173.2695035460993,158.65248226950354,6.0567375886524815,-8.560283687943269,0.2,0
0.4,0.26666666666666666,3,0,10,9.0,1.0,165.72340425531914,173.71631205673756,-2.2553191489361666,5.737588652482259,0.19227053140096617,0
0.4666666666666667,0.5666666666666667,3,0,9,8.5,0.75,164.39716312056737,208.04964539007094,-6.347517730496463,37.3049645390071,0.18357487922705315,0
0.6666666666666666,0.5666666666666667,3,0,8,7.5,0.75,166.00709219858155,229.56737588652481,-5.546099290780148,58.01418439716312,0.1748792270531401,0
0.6,0.5333333333333333,9,0,7,2.5,0.375,167.3191489361702,236.1631205673759,34.7659574468085,103.6099290780142,0.1671497584541063,0
0.5666666666666667,0.5333333333333333,0,0,6,2.5,0.3333333333333333,168.64539007092196,236.04255319148936,-3.2056737588652595,64.19148936170214,0.1855072463768116,0
0.23333333333333334,0.5,0,0,3,3.0,0.0,170.0921985815603,235.95744680851067,-46.65248226950354,19.212765957446834,0.2,0
0.16666666666666666,0.43333333333333335,0,0,0,0,0,158.2836879432624,235.21985815602838,-77.26950354609929,-0.3333333333333144,0.20966183574879227,0
0.3,0.7666666666666667,0,0,0,0,0,235.95744680851064,140.10638297872342,-0.1702127659574444,-96.02127659574467,0.23864734299516907,0
0.8,0.7666666666666667,0,0,3,3.0,0.0,235.21985815602838,148.59574468085108,26.326241134751797,-60.2978723404255,0.23768115942028986,0
0.8666666666666667,0.8333333333333334,0,1,6,3.5,0.5,235.21985815602838,147.3404255319149,85.8581560283688,-2.0212765957446948,0.22705314009661837,0
0.8666666666666667,0.8333333333333334,0,2,7,7.0,0.875,235.2127659574468,147.23404255319147,114.85106382978724,26.872340425531902,0.22318840579710145,0
0.5666666666666667,0.8333333333333334,0,2,8,8.0,1.0,226.73758865248226,149.82269503546098,76.41843971631204,-0.4964539007092412,0.23381642512077294,0
0.5666666666666667,0.26666666666666666,0,2,9,9.0,1.0,198.12765957446808,155.29787234042553,48.48936170212767,5.659574468085111,0.24444444444444444,0
0.5333333333333333,0.26666666666666666,0,2,10,9.0,0.8571428571428571,159.5390070921986,163.709219858156,13.709219858156047,17.879432624113434,0.2560386473429952,0
0.5333333333333333,0.26666666666666666,0,2,11,9.5,1.0,140.01418439716312,173.80851063829786,-6.539007092198574,27.255319148936167,0.2714975845410628,0
0.5333333333333333,0.26666666666666666,0,2,11,9.0,1.0,140.10638297872342,181.97163120567373,-9.212765957446805,32.65248226950351,0.3033816425120773,0
0.5,0.26666666666666666,0,2,11,8.0,1.0,148.59574468085108,185.39007092198582,-4.999999999999972,31.79432624113477,0.3207729468599034,0
0.4666666666666667,0.26666666666666666,0,2,11,7.0,1.0,147.3404255319149,185.0354609929078,-15.638297872340416,22.05673758865248,0.33719806763285026,0
0.36666666666666664,0.23333333333333334,0,2,11,8.5,1.0,147.23404255319147,183.59574468085108,-27.319148936170222,9.04255319148939,0.35555555555555557,0
0.23333333333333334,0.2,1,2,11,11.0,1.0,155.29787234042553,173.645390070922,-32.170212765957444,-13.822695035460981,0.391304347826087,0
0.3,0.2,2,2,11,11.0,1.0,163.70921985815602,146.03546099290782,-21.099290780141843,-38.773049645390046,0.3826086956521739,0
0.3333333333333333,0.2,0,2,11,11.0,1.0,181.97163120567373,130.02127659574467,-1.1773049645390472,-53.12765957446811,0.3748792270531401,0
0.6,0.9,0,2,11,11.0,1.0,185.39007092198582,145.21985815602838,6.198581560283685,-33.97163120567376,0.3690821256038647,0
0.9333333333333333,0.9333333333333333,0,2,11,7.0,0.6,185.03546099290782,146.33333333333334,26.43971631205676,-12.262411347517713,0.36038647342995167,0
0.9333333333333333,0.9666666666666667,0,2,11,1.5,0.35714285714285715,183.59574468085108,145.8368794326241,83.27659574468088,45.51773049645389,0.3536231884057971,0
0.5666666666666667,0.9666666666666667,0,2,11,9.0,1.0,181.72340425531914,146.41134751773052,39.0,3.6879432624113804,0.3468599033816425,0
0.5666666666666667,0.9666666666666667,0,2,11,9.0,1.0,173.645390070922,147.60992907801418,26.624113475177296,0.588652482269481,0.34106280193236715,0
0.5333333333333333,0.26666666666666666,0,2,11,10.0,1.0,146.03546099290782,153.36879432624116,0.12056737588653732,7.45390070921988,0.33719806763285026,0
0.5333333333333333,0.26666666666666666,0,2,11,10.0,1.0,133.87943262411346,163.0,-12.184397163120593,16.936170212765944,0.3391304347826087,0
0.5333333333333333,0.26666666666666666,0,2,11,10.0,1.0,130.0212765957447,174.38297872340425,-15.510638297872333,28.851063829787222,0.36328502415458935,0
0.5333333333333333,0.26666666666666666,0,2,11,9.0,1.0,145.21985815602838,180.95744680851064,-2.4184397163120366,33.31914893617022,0.3748792270531401,0
0.5,0.26666666666666666,0,2,11,9.0,1.0,146.33333333333334,182.78014184397162,-3.3262411347517684,33.12056737588651,0.38164251207729466,0
0.36666666666666664,0.23333333333333334,0,2,11,9.5,1.0,145.83687943262413,183.40425531914892,-16.97163120567373,20.595744680851055,0.38743961352657,0
0.3,0.2,0,2,11,11.0,1.0,146.4113475177305,181.97872340425533,-30.120567375886537,5.446808510638306,0.3961352657004831,0
0.6,1.0,0,2,11,11.0,1.0,180.95744680851064,136.1985815602837,2.7021276595744723,-42.05673758865245,0.3884057971014493,0
1.0,1.0333333333333334,0,2,11,7.5,0.75,182.78014184397162,146.57446808510636,32.567375886524815,-3.638297872340445,0.3826086956521739,0
1.0333333333333334,1.0333333333333334,0,2,11,1.0,0.3333333333333333,183.40425531914892,146.73758865248226,119.51063829787232,82.84397163120566,0.37584541062801935,0
1.0333333333333334,1.0333333333333334,0,2,11,6.5,0.75,181.97872340425533,146.68085106382978,67.25531914893618,31.957446808510625,0.3681159420289855,0
0.5,1.0333333333333334,0,2,11,8.0,1.0,171.38297872340425,147.79432624113474,24.553191489361694,0.9645390070921849,0.36038647342995167,0
0.5,0.23333333333333334,0,2,11,9.0,1.0,130.7872340425532,150.87234042553192,-16.255319148936167,3.8297872340425556,0.3565217391304348,0
0.5,0.23333333333333334,0,2,11,9.0,1.0,109.60992907801419,158.5531914893617,-36.24113475177303,12.702127659574472,0.3565217391304348,0
0.5333333333333333,0.23333333333333334,0,2,11,9.0,1.0,108.4822695035461,168.53191489361703,-38.836879432624116,21.212765957446805,0.37294685990338167,0
0.5333333333333333,0.23333333333333334,0,2,11,8.0,0.8333333333333334,136.19858156028369,177.75177304964538,-10.673758865248232,30.879432624113463,0.37971014492753624,0
0.5,0.23333333333333334,0,2,11,7.0,1.0,146.57446808510636,183.91489361702125,-2.6170212765957785,34.72340425531911,0.37681159420289856,0
0.5333333333333333,0.23333333333333334,0,2,11,8.5,1.0,146.73758865248226,187.14184397163123,-9.815602836879435,30.588652482269538,0.3739130434782609,0
0.4666666666666667,0.2,2,2,11,11.0,1.0,146.68085106382978,187.56737588652481,-23.2340425531915,17.652482269503537,0.3710144927536232,0
0.3333333333333333,0.2,1,2,11,10.5,1.0,158.5531914893617,141.12765957446808,-29.85106382978725,-47.27659574468086,0.33043478260869563,0
0.36666666666666664,0.2,0,2,10,9.5,1.0,168.531914893617,149.68794326241135,-20.27659574468086,-39.12056737588651,0.3140096618357488,0
0.6,0.7666666666666667,0,2,9,8.0,1.0,177.7517730496454,176.9716312056738,-7.737588652482259,-8.51773049645388,0.2995169082125604,0
0.8,0.8333333333333334,0,2,8,6.5,1.0,183.9148936170213,194.53191489361703,20.106382978723445,30.723404255319167,0.2821256038647343,0
0.8666666666666667,0.8333333333333334,0,2,7,3.0,0.5,187.14184397163118,197.00709219858155,74.05673758865245,83.92198581560282,0.26280193236714977,0
0.9,0.8333333333333334,0,1,8,6.0,0.8571428571428571,187.56737588652481,198.99290780141845,41.07801418439715,52.50354609929079,0.24347826086956523,0
0.4666666666666667,0.8333333333333334,0,0,9,8.0,1.0,179.36879432624116,201.00709219858155,-10.120567375886509,11.51773049645388,0.22318840579710145,0
0.43333333333333335,0.26666666666666666,0,0,9,9.0,0.8,154.12765957446808,205.0283687943262,-40.80851063829786,10.092198581560268,0.20579710144927535,0
0.43333333333333335,0.26666666666666666,0,0,10,9.0,1.0,141.12765957446808,212.3687943262411,-58.04255319148936,13.198581560283657,0.19033816425120773,0
0.43333333333333335,0.26666666666666666,0,0,10,9.0,0.8,149.68794326241135,223.0283687943262,-47.226950354609926,26.113475177304935,0.17681159420289855,0
0.43333333333333335,0.26666666666666666,0,0,9,8.5,1.0,176.9716312056738,233.40425531914897,-23.921985815602795,32.51063829787239,0.1642512077294686,0
0.3333333333333333,0.26666666666666666,0,0,8,7.5,1.0,194.53191489361703,238.89361702127658,-10.680851063829778,33.68085106382978,0.15265700483091788,0
0.3,0.26666666666666666,0,0,7,7.0,1.0,197.00709219858155,239.68794326241132,-11.97163120567376,30.70921985815602,0.14202898550724638,0
0.26666666666666666,0.23333333333333334,0,0,6,6.0,1.0,198.99290780141845,238.87234042553192,-23.921985815602824,15.957446808510639,0.14009661835748793,0
0.9666666666666667,0.9333333333333333,0,0,0,0,0,236.91489361702125,184.177304964539,10.276595744680833,-42.460992907801426,0.10434782608695652,1
0.13333333333333333,0.8333333333333334,0,0,0,0,0,222.8085106382979,142.1205673758865,-14.787234042553166,-95.47517730496455,0.2541062801932367,0
0.9,0.8666666666666667,0,0,0,0,0,237.1843971631206,150.37588652482268,1.141843971631232,-85.66666666666669,0.263768115942029,0
0.9333333333333333,0.9,0,0,6,4.5,0.5,239.00709219858155,152.95744680851064,91.19858156028369,5.148936170212778,0.27342995169082124,0
0.9666666666666667,0.9333333333333333,0,0,7,6.0,0.5384615384615384,239.08510638297875,153.8014184397163,111.2553191489362,25.97163120567373,0.2821256038647343,0
0.7333333333333333,0.9333333333333333,0,0,8,8.0,0.7777777777777778,237.9078014184397,155.3758865248227,92.31205673758865,9.780141843971649,0.28309178743961355,0
0.7333333333333333,0.9333333333333333,0,0,9,9.0,1.0,207.14893617021275,158.7304964539007,54.212765957446805,5.794326241134769,0.26280193236714977,0
0.7333333333333333,0.3333333333333333,0,0,10,10.0,1.0,170.56028368794327,165.9645390070922,17.964539007092213,13.368794326241158,0.242512077294686,0
0.7333333333333333,0.3333333333333333,0,0,11,11.0,1.0,140.4113475177305,176.53191489361703,-12.929078014184398,23.19148936170214,0.26956521739130435,0
0.7,0.3333333333333333,0,0,11,10.0,1.0,142.1205673758865,186.0354609929078,-13.347517730496463,30.567375886524815,0.3004830917874396,0
0.7,0.3333333333333333,0,0,11,9.0,1.0,150.37588652482268,191.21985815602838,-6.943262411347547,33.90070921985816,0.3101449275362319,0
0.6333333333333333,0.3333333333333333,0,0,11,9.5,1.0,152.95744680851064,192.36879432624116,-10.446808510638306,28.964539007092213,0.3188405797101449,0
0.6333333333333333,0.3333333333333333,0,0,11,11.0,1.0,153.80141843971631,192.9078014184397,-23.36879432624113,15.737588652482259,0.32753623188405795,0
0.5,0.3333333333333333,0,0,11,11.0,1.0,155.3758865248227,193.58865248226948,-33.64539007092199,4.567375886524786,0.33719806763285026,0
0.4666666666666667,0.3,0,0,11,11.0,1.0,158.7304964539007,167.22695035460993,-33.184397163120565,-24.687943262411352,0.3458937198067633,0
0.5,0.3,0,0,11,11.0,1.0,165.9645390070922,140.2695035460993,-26.758865248226925,-52.45390070921985,0.33043478260869563,0
0.5,0.3,0,0,11,11.0,1.0,176.53191489361703,137.6595744680851,-15.936170212765944,-54.80851063829786,0.3130434782608696,0
0.4666666666666667,0.9666666666666667,0,0,11,11.0,1.0,186.03546099290782,164.76595744680853,-7.496453900709213,-28.7659574468085,0.30144927536231886,0
1.0333333333333334,0.9666666666666667,0,0,11,11.0,1.0,191.21985815602838,192.290780141844,-3.54609929078012,-2.4751773049644896,0.29178743961352654,0
1.0333333333333334,0.9666666666666667,1,0,11,2.0,0.2857142857142857,192.3687943262411,194.06382978723408,78.98581560283685,80.68085106382983,0.2821256038647343,0
1.0333333333333334,0.9666666666666667,1,0,11,2.0,0.2857142857142857,192.9078014184397,193.80851063829786,80.24822695035459,81.14893617021275,0.27342995169082124,0
0.5333333333333333,0.9666666666666667,0,0,11,11.0,0.8,193.5886524822695,193.21985815602838,6.652482269503565,6.283687943262436,0.26570048309178745,0
0.5,0.8666666666666667,0,0,11,11.0,1.0,167.22695035460993,193.53900709219855,-27.475177304964546,-1.1631205673759268,0.2579710144927536,0
0.5,0.3,0,0,11,11.0,1.0,140.2695035460993,193.6950354609929,-54.96453900709221,-1.5390070921986023,0.2531400966183575,0
0.4666666666666667,0.3,0,0,11,11.0,1.0,137.6595744680851,194.15602836879432,-54.595744680851055,1.9007092198581574,0.27053140096618356,0
0.4666666666666667,0.3,0,0,11,11.0,1.0,164.76595744680853,194.0,-29.170212765957416,0.06382978723405586,0.2927536231884058,0
0.4666666666666667,0.3,0,0,11,11.0,1.0,192.290780141844,193.8014184397163,-1.177304964538962,0.3333333333333144,0.2975845410628019,0
0.5,0.3,0,0,11,11.0,1.0,194.06382978723403,193.43262411347519,0.851063829787222,0.21985815602837988,0.30628019323671496,0
0.5,0.3,0,0,11,11.0,1.0,193.80851063829786,194.11347517730496,-0.5957446808510838,-0.2907801418439817,0.3140096618357488,0
0.4666666666666667,0.3,0,0,11,11.0,1.0,193.21985815602838,188.1205673758865,-1.631205673758842,-6.730496453900713,0.32270531400966185,0
0.5,0.3,0,0,11,11.0,1.0,193.5390070921986,164.46099290780143,0.7943262411347689,-28.283687943262407,0.3294685990338164,0
0.5,0.3,0,0,11,11.0,1.0,193.69503546099293,134.02127659574467,-0.1134751773049345,-59.787234042553195,0.3140096618357488,0
0.4666666666666667,0.3333333333333333,0,0,11,11.0,1.0,194.15602836879432,129.14893617021278,0.4113475177304906,-64.59574468085106,0.2975845410628019,0
0.5,0.6,0,0,11,11.0,1.0,194.0,139.70212765957447,-0.7872340425531945,-55.08510638297872,0.3004830917874396,0
1.0333333333333334,1.0,0,0,11,11.0,0.8333333333333334,193.8014184397163,157.20567375886526,17.97163120567373,-18.624113475177296,0.30144927536231886,0
1.0333333333333334,1.0,0,0,11,2.5,0.42857142857142855,193.43262411347519,155.7446808510638,70.66666666666667,32.97872340425529,0.30144927536231886,0
1.0333333333333334,1.0,0,0,11,2.0,0.4,194.11347517730496,157.29078014184398,90.64539007092199,53.82269503546101,0.2995169082125604,0
0.6,1.0,1,0,11,11.0,1.0,188.1205673758865,159.1985815602837,26.907801418439703,-2.014184397163092,0.3004830917874396,0
0.6,1.0,2,0,11,11.0,0.8571428571428571,164.4609929078014,162.82978723404256,10.035460992907787,8.404255319148945,0.30144927536231886,0
0.5666666666666667,0.3,2,0,11,11.0,0.8571428571428571,134.0212765957447,169.5390070921986,-21.95744680851061,13.560283687943297,0.30531400966183575,0
0.5666666666666667,0.3,3,0,11,11.0,0.8571428571428571,129.14893617021275,179.79432624113474,-27.680851063829806,22.964539007092185,0.32270531400966185,0
0.5,0.3,0,0,11,11.0,0.8,162.82978723404256,169.54609929078015,-31.638297872340416,-24.921985815602824,0.34299516908212563,0
0.5,0.3333333333333333,0,0,11,11.0,1.0,169.5390070921986,146.05673758865248,-26.056737588652453,-49.539007092198574,0.31980676328502416,0
0.5,0.36666666666666664,0,0,10,10.0,1.0,179.79432624113474,146.39007092198582,-12.97163120567376,-46.375886524822675,0.2946859903381642,0
0.5,0.8666666666666667,0,0,9,9.0,0.8333333333333334,188.70921985815605,161.2836879432624,-2.78014184397162,-30.20567375886526,0.28599033816425123,0
0.9,0.9,0,0,8,8.0,0.8571428571428571,194.177304964539,179.4964539007092,18.241134751773046,3.5602836879432687,0.27053140096618356,0
0.9333333333333333,0.9333333333333333,0,0,9,4.0,0.5384615384615384,194.27659574468086,178.97163120567373,53.063829787234056,37.758865248226925,0.25507246376811593,0
0.9666666666666667,0.9666666666666667,0,0,10,6.0,0.6153846153846154,193.2836879432624,178.13475177304963,72.26241134751773,57.11347517730495,0.23768115942028986,0
0.7,0.9666666666666667,0,0,11,7.5,1.0,186.7304964539007,184.03546099290782,9.794326241134769,7.099290780141871,0.22318840579710145,0
0.4666666666666667,0.9333333333333333,0,0,11,8.5,1.0,169.54609929078015,192.9290780141844,-16.347517730496435,7.035460992907815,0.20772946859903382,0
0.5,0.26666666666666666,0,0,11,9.0,1.0,146.05673758865248,202.43262411347519,-29.60283687943263,26.773049645390074,0.19420289855072465,0
0.5,0.26666666666666666,0,0,11,9.0,0.8,146.39007092198582,213.63120567375884,-28.97163120567376,38.26950354609926,0.18357487922705315,0
0.5,0.26666666666666666,0,0,11,8.0,0.8,161.2836879432624,223.43262411347519,-22.099290780141843,40.049645390070935,0.2,0
0.5,0.26666666666666666,0,0,10,7.5,1.0,179.49645390070918,230.43262411347519,-13.8652482269504,37.0709219858156,0.20869565217391303,0
0.43333333333333335,0.26666666666666666,0,0,9,7.0,1.0,178.97163120567373,232.12765957446808,-23.07092198581563,30.085106382978722,0.21739130434782608,0
0.4,0.23333333333333334,0,0,8,6.0,1.0,178.13475177304963,232.67375886524823,-33.758865248226954,20.78014184397165,0.2251207729468599,0
0.3,0.23333333333333334,0,0,7,7.0,1.0,184.03546099290782,233.21985815602838,-42.921985815602824,6.262411347517741,0.23285024154589373,0
0.26666666666666666,0.2,0,0,6,6.0,1.0,192.9290780141844,227.79432624113474,-38.51773049645391,-3.6524822695035652,0.2396135265700483,0
0.23333333333333334,0.6333333333333333,0,0,5,5.0,1.0,230.43262411347519,139.60992907801418,-4.099290780141843,-94.92198581560285,0.24541062801932367,0
0.7,0.6666666666666666,0,0,5,5.0,1.0,232.12765957446808,140.30496453900707,16.361702127659584,-75.46099290780143,0.24444444444444444,0
0.7666666666666667,0.7,0,4,6,5.0,0.5454545454545454,232.67375886524823,139.60283687943263,88.03546099290782,-5.035460992907787,0.24444444444444444,0
0.6666666666666666,0.7,0,5,7,7.0,0.8333333333333334,233.21985815602838,140.3404255319149,96.3262411347518,3.4468085106383057,0.2463768115942029,0
0.6,0.7333333333333333,0,5,8,8.0,1.0,227.79432624113474,142.7446808510638,85.19858156028369,0.14893617021274963,0.25217391304347825,0
0.6666666666666666,0.3,0,5,9,9.0,1.0,198.31205673758862,146.29787234042553,58.97163120567373,6.957446808510639,0.2579710144927536,0
0.6666666666666666,0.3,0,4,10,8.0,0.875,165.7659574468085,157.02127659574467,26.787234042553195,18.04255319148936,0.2647342995169082,0
0.6333333333333333,0.3,0,4,11,9.0,1.0,141.3758865248227,168.82978723404256,0.8865248226950371,28.34042553191489,0.28405797101449276,0
0.6,0.26666666666666666,0,4,11,7.5,0.875,139.60992907801418,178.87234042553192,-1.9432624113475185,37.31914893617022,0.30917874396135264,0
0.5666666666666667,0.26666666666666666,0,4,11,7.0,0.8571428571428571,140.3049645390071,180.56028368794327,-5.886524822695037,34.36879432624113,0.3294685990338164,0
0.5333333333333333,0.26666666666666666,0,4,11,6.0,0.8571428571428571,139.60283687943263,178.72340425531914,-11.546099290780148,27.57446808510636,0.3468599033816425,0
0.4,0.23333333333333334,0,3,11,8.5,1.0,140.3404255319149,176.3049645390071,-33.38297872340425,2.5815602836879634,0.36328502415458935,0
0.4,0.2,1,2,11,8.5,1.0,178.87234042553192,129.84397163120568,4.851063829787222,-44.17730496453902,0.3903381642512077,0
0.8,0.4666666666666667,2,2,11,9.0,1.0,180.56028368794327,139.8368794326241,6.134751773049658,-34.58865248226951,0.3855072463768116,0
0.8666666666666667,0.5333333333333333,2,2,11,6.0,0.625,178.72340425531914,143.13475177304963,48.787234042553195,13.198581560283685,0.37874396135265703,0
0.8666666666666667,0.5333333333333333,0,2,11,6.0,0.6363636363636364,176.3049645390071,142.79432624113474,62.94326241134753,29.43262411347517,0.3719806763285024,0
0.5333333333333333,0.5333333333333333,0,2,11,8.0,1.0,174.85106382978725,141.4822695035461,42.57446808510639,9.205673758865231,0.36328502415458935,0
0.5666666666666667,0.5333333333333333,0,1,11,9.0,1.0,159.4609929078014,141.76595744680853,15.567375886524815,-2.127659574468055,0.35555555555555557,0
0.6,0.26666666666666666,0,1,11,9.5,1.0,139.24113475177305,144.290780141844,-4.099290780141843,0.9503546099291214,0.34782608695652173,0
0.6,0.3,0,1,11,9.0,1.0,125.19148936170212,152.33333333333334,-16.97872340425532,10.163120567375898,0.357487922705314,0
0.5666666666666667,0.3,0,1,11,9.0,1.0,129.84397163120568,161.9290780141844,-13.02836879432624,19.05673758865248,0.37584541062801935,0
0.6,0.3,0,0,11,8.0,1.0,139.8368794326241,169.31205673758865,0.43262411347515695,29.907801418439703,0.3855072463768116,0
0.6,0.3,0,0,11,8.0,1.0,143.13475177304963,171.8794326241135,0.1134751773049345,28.858156028368796,0.391304347826087,0
0.6,0.3,0,0,11,10.0,1.0,142.79432624113474,171.77304964539007,-7.652482269503565,21.32624113475177,0.39710144927536234,0
0.5333333333333333,0.26666666666666666,0,0,11,11.0,1.0,141.48226950354612,171.41843971631207,-22.049645390070907,7.886524822695037,0.4028985507246377,0
0.4666666666666667,0.26666666666666666,0,0,11,11.0,1.0,141.76595744680853,156.33333333333334,-30.042553191489333,-15.475177304964518,0.40869565217391307,0
0.4666666666666667,0.26666666666666666,0,0,11,11.0,1.0,144.29078014184398,135.6950354609929,-28.304964539007074,-36.90070921985816,0.4048309178743961,0
0.4666666666666667,0.26666666666666666,0,0,11,11.0,1.0,152.33333333333334,120.14893617021278,-18.900709219858157,-51.08510638297872,0.39516908212560387,0
0.4666666666666667,0.36666666666666664,0,0,11,11.0,1.0,161.9290780141844,124.58865248226952,-9.560283687943269,-46.90070921985814,0.3893719806763285,0
0.8666666666666667,0.9,0,0,11,11.0,1.0,169.31205673758862,133.90070921985816,-2.2198581560284083,-37.63120567375887,0.38454106280193234,0
0.9,0.9333333333333333,0,0,11,6.0,0.6363636363636364,171.8794326241135,137.48936170212767,45.90070921985817,11.510638297872347,0.37874396135265703,0
0.9333333333333333,0.9666666666666667,0,0,11,6.5,0.5714285714285714,171.77304964539007,137.0921985815603,62.198581560283685,27.517730496453908,0.3719806763285024,0
0.8,0.9666666666666667,0,0,11,8.0,0.8,171.41843971631207,138.290780141844,46.52482269503547,13.397163120567413,0.3642512077294686,0
0.7,0.9666666666666667,0,0,11,10.0,1.0,156.33333333333334,143.06382978723403,17.035460992907815,3.7659574468084998,0.35555555555555557,0
0.7333333333333333,0.36666666666666664,0,0,11,10.5,1.0,135.69503546099293,151.57446808510636,-1.8156028368794068,14.063829787234027,0.34782608695652173,0
0.7333333333333333,0.3333333333333333,0,0,11,11.0,1.0,120.14893617021278,163.354609929078,-15.510638297872333,27.695035460992898,0.35942028985507246,0
0.7333333333333333,0.3333333333333333,0,0,11,10.0,1.0,124.5886524822695,174.5531914893617,-13.517730496453922,36.44680851063828,0.37584541062801935,0
0.7,0.3333333333333333,0,0,11,9.0,1.0,133.90070921985816,181.70212765957444,-7.2056737588652595,40.59574468085103,0.37584541062801935,0
0.6666666666666666,0.3333333333333333,0,0,11,8.0,1.0,137.48936170212767,185.0,-12.489361702127638,35.021276595744695,0.37294685990338167,0
0.6333333333333333,0.36666666666666664,0,0,11,9.0,1.0,137.0921985815603,185.13475177304963,-26.54609929078012,21.496453900709213,0.3690821256038647,0
0.5333333333333333,0.36666666666666664,0,0,11,9.5,1.0,138.29078014184398,184.89361702127658,-38.156028368794324,8.446808510638277,0.3652173913043478,0
0.4666666666666667,0.36666666666666664,0,0,11,11.0,1.0,143.06382978723403,163.19148936170214,-40.51063829787236,-20.38297872340425,0.36135265700483093,0
0.5,0.36666666666666664,0,0,11,9.0,0.8333333333333334,151.57446808510636,144.0354609929078,-33.51063829787236,-41.049645390070935,0.3458937198067633,0
0.5,0.36666666666666664,0,0,10,10.0,0.8,163.354609929078,140.18439716312056,-22.98581560283688,-46.156028368794324,0.32367149758454106,0
0.5,0.9666666666666667,0,0,9,9.0,1.0,174.5531914893617,165.8581560283688,-9.425531914893611,-18.12056737588651,0.3072463768115942,0
0.9666666666666667,1.0,0,0,8,8.0,0.8,181.70212765957447,190.21985815602838,-2.659574468085111,5.858156028368796,0.28888888888888886,0
0.9666666666666667,1.0,0,0,7,3.5,0.5,185.0,198.88652482269504,63.765957446808514,77.65248226950355,0.27053140096618356,0
0.9666666666666667,0.9666666666666667,0,0,7,4.0,0.5333333333333333,185.13475177304963,199.354609929078,58.62411347517728,72.84397163120566,0.25217391304347825,0
0.4666666666666667,0.9666666666666667,0,0,8,7.0,0.8,184.89361702127658,200.2695035460993,12.085106382978722,27.460992907801426,0.23381642512077294,0
0.3333333333333333,0.7,0,0,9,8.0,1.0,163.1914893617021,203.07801418439718,-35.063829787234056,4.82269503546101,0.21642512077294687,0
0.3333333333333333,0.23333333333333334,0,0,10,9.0,1.0,144.03546099290782,209.98581560283688,-55.56028368794324,10.390070921985824,0.2,0
0.36666666666666664,0.23333333333333334,0,0,10,9.0,1.0,140.18439716312056,220.41134751773052,-58.624113475177296,21.602836879432658,0.19033816425120773,0
0.36666666666666664,0.2,0,0,9,9.0,1.0,165.85815602836877,230.0709219858156,-33.80141843971634,30.41134751773049,0.19903381642512077,0
0.3333333333333333,0.2,0,0,8,8.0,1.0,190.21985815602838,234.66666666666666,-12.120567375886509,32.32624113475177,0.20772946859903382,0
0.3333333333333333,0.2,0,0,7,7.0,1.0,198.88652482269504,234.6241134751773,-8.347517730496463,27.390070921985796,0.21256038647342995,0
0.3,0.2,0,0,6,6.0,1.0,199.354609929078,235.31914893617022,-21.02836879432624,14.936170212765973,0.21932367149758455,0
0.5,0.4666666666666667,0,0,0,0,0,234.66666666666666,148.11347517730496,-5.354609929078038,-91.90780141843973,0.2135265700483092,0
0.8333333333333334,0.4666666666666667,0,0,6,3.0,0.3333333333333333,234.6241134751773,152.1205673758865,36.56028368794324,-45.94326241134755,0.2144927536231884,0
0.8666666666666667,0.4666666666666667,0,0,7,5.5,0.6,235.31914893617022,151.9290780141844,85.87234042553192,2.4822695035460924,0.2144927536231884,0
0.8666666666666667,0.4666666666666667,1,0,8,6.0,0.6,237.2695035460993,153.70921985815602,100.35460992907801,16.79432624113474,0.21545893719806763,0
0.6333333333333333,0.4666666666666667,2,0,9,8.0,1.0,225.46099290780145,157.86524822695034,70.20567375886529,2.6099290780141757,0.21739130434782608,0
0.6333333333333333,0.36666666666666664,2,0,10,9.0,0.8571428571428571,195.84397163120568,162.97872340425533,43.67375886524823,10.80851063829789,0.21932367149758455,0
0.6333333333333333,0.3333333333333333,3,0,11,9.0,0.75,161.47517730496455,171.13475177304966,12.539007092198602,22.198581560283714,0.22608695652173913,0
0.6,0.3333333333333333,3,0,11,11.0,1.0,147.20567375886526,181.4468085106383,-7.475177304964518,26.765957446808528,0.2541062801932367,0
0.5333333333333333,0.3333333333333333,3,0,11,11.0,1.0,148.11347517730496,188.92198581560285,-9.39716312056737,31.41134751773052,0.28019323671497587,0
0.5333333333333333,0.3333333333333333,3,0,11,11.0,0.8333333333333334,152.1205673758865,192.66666666666666,-9.283687943262436,31.262411347517713,0.2956521739130435,0
0.5333333333333333,0.3333333333333333,2,0,11,11.0,0.8,151.9290780141844,192.89361702127658,-18.092198581560297,22.87234042553189,0.3101449275362319,0
0.5333333333333333,0.3333333333333333,0,0,11,11.0,0.8,153.70921985815602,192.90070921985816,-28.269503546099287,10.921985815602852,0.32463768115942027,0
0.5,0.3333333333333333,0,0,11,11.0,1.0,157.86524822695034,183.9716312056738,-34.47517730496455,-8.368794326241101,0.3391304347826087,0
0.5,0.3333333333333333,0,0,11,11.0,1.0,162.97872340425533,161.31205673758862,-29.468085106382972,-31.134751773049686,0.34782608695652173,0
0.5,0.3333333333333333,0,0,11,11.0,1.0,171.13475177304963,136.0921985815603,-22.078014184397176,-57.12056737588651,0.33816425120772947,0
0.4666666666666667,0.36666666666666664,0,0,11,11.0,0.8,181.4468085106383,132.78014184397162,-11.574468085106389,-60.241134751773075,0.33043478260869563,0
0.5,0.7666666666666667,0,0,11,11.0,1.0,188.92198581560285,144.31205673758868,-3.54609929078012,-48.156028368794296,0.32560386473429953,0
0.8333333333333334,0.7666666666666667,0,0,11,11.0,0.7142857142857143,192.66666666666666,158.3404255319149,26.241134751773046,-8.085106382978722,0.3159420289855073,0
0.8,0.7666666666666667,3,0,11,3.0,0.4166666666666667,192.89361702127658,160.27659574468086,67.85106382978722,35.2340425531915,0.30434782608695654,0
0.8666666666666667,0.7666666666666667,4,0,11,3.5,0.5,192.90070921985816,162.51063829787233,76.09219858156028,45.70212765957446,0.2975845410628019,0
0.5,0.7666666666666667,5,0,11,11.0,0.8333333333333334,183.97163120567373,165.90780141843973,27.482269503546064,9.418439716312065,0.2927536231884058,0
0.5,0.6666666666666666,6,0,11,11.0,0.8,161.31205673758868,169.00709219858155,1.67375886524826,9.36879432624113,0.28695652173913044,0
0.5333333333333333,0.3333333333333333,0,0,11,11.0,1.0,165.9078014184397,192.0354609929078,-31.241134751773075,-5.113475177304991,0.31980676328502416,0
0.5,0.3333333333333333,0,0,11,11.0,1.0,169.00709219858155,186.30496453900707,-26.418439716312065,-9.120567375886537,0.3188405797101449,0
0.4,0.3333333333333333,0,0,11,11.0,1.0,172.9078014184397,153.2127659574468,-21.02836879432624,-40.72340425531914,0.2995169082125604,0
0.4,0.3333333333333333,0,0,11,11.0,1.0,182.2624113475177,144.20567375886523,-8.609929078014204,-46.666666666666686,0.2811594202898551,0
0.4,0.36666666666666664,0,0,11,11.0,1.0,190.20567375886526,145.1631205673759,-1.3475177304964348,-46.390070921985796,0.2743961352657005,0
0.4666666666666667,0.7666666666666667,0,0,11,11.0,1.0,195.5035460992908,172.79432624113474,1.8226950354610096,-20.886524822695037,0.26956521739130435,0
0.8666666666666667,0.7666666666666667,0,0,11,11.0,0.7142857142857143,193.41134751773052,175.75177304964538,19.73049645390074,2.070921985815602,0.2647342995169082,0
0.8666666666666667,0.7666666666666667,8,0,11,2.5,0.4166666666666667,192.1205673758865,176.52482269503545,99.84397163120566,84.2482269503546,0.2599033816425121,0
0.5333333333333333,0.7666666666666667,0,0,11,11.0,0.8333333333333334,192.0354609929078,179.51063829787233,25.375886524822675,12.851063829787222,0.2560386473429952,0
0.4666666666666667,0.7666666666666667,0,0,11,11.0,1.0,186.30496453900707,184.54609929078015,9.75177304964538,7.992907801418454,0.25217391304347825,0
0.4666666666666667,0.3333333333333333,0,0,11,11.0,1.0,153.2127659574468,188.43262411347519,-21.95744680851064,13.262411347517741,0.24734299516908212,0
0.4666666666666667,0.3333333333333333,0,0,11,11.0,1.0,144.20567375886523,190.60992907801418,-31.326241134751797,15.078014184397148,0.2463768115942029,0
0.5,0.3333333333333333,0,0,11,11.0,1.0,145.16312056737587,190.39007092198582,-33.70921985815605,11.517730496453908,0.2647342995169082,0
0.5,0.3333333333333333,0,0,11,11.0,1.0,172.79432624113474,190.0,-11.333333333333343,5.872340425531917,0.2782608695652174,0
0.5333333333333333,0.3333333333333333,0,0,11,11.0,1.0,175.75177304964538,189.5035460992908,-14.886524822695037,-1.1347517730496293,0.2772946859903382,0
0.5333333333333333,0.3333333333333333,0,0,11,11.0,1.0,176.52482269503548,189.4609929078014,-14.007092198581546,-1.0709219858156303,0.2753623188405797,0
0.5,0.3333333333333333,0,0,11,11.0,1.0,179.51063829787233,189.3404255319149,-11.148936170212778,-1.3191489361702224,0.27246376811594203,0
0.5,0.3333333333333333,0,0,11,11.0,1.0,184.54609929078015,184.7446808510638,-5.432624113475157,-5.2340425531915,0.27053140096618356,0
0.5,0.3333333333333333,0,0,11,11.0,1.0,188.43262411347519,159.56028368794327,-0.9290780141843982,-29.801418439716315,0.26763285024154587,0
0.5,0.3333333333333333,0,0,11,11.0,1.0,190.60992907801418,146.85815602836877,1.4397163120567313,-42.31205673758868,0.24734299516908212,0
0.5333333333333333,0.3333333333333333,0,0,10,10.0,1.0,190.39007092198582,150.85106382978722,0.5390070921986023,-39.0,0.23864734299516907,0
0.6333333333333333,0.7666666666666667,0,0,9,9.0,1.0,190.0,178.27659574468086,1.0,-10.723404255319139,0.23091787439613526,0
0.8666666666666667,0.7666666666666667,0,0,8,8.0,0.8333333333333334,189.5035460992908,192.54609929078015,14.120567375886537,17.1631205673759,0.2222222222222222,0
0.8666666666666667,0.7666666666666667,0,0,7,4.0,0.5384615384615384,189.4609929078014,195.42553191489364,75.16312056737587,81.12765957446811,0.2106280193236715,0
0.7666666666666667,0.7666666666666667,1,0,7,6.0,0.7777777777777778,189.3404255319149,195.85106382978722,38.446808510638306,44.95744680851064,0.20096618357487922,0
0.4,0.7666666666666667,1,0,8,5.0,1.0,184.7446808510638,197.60283687943263,-2.6170212765957785,10.241134751773046,0.1932367149758454,0
0.3333333333333333,0.4,2,0,8,5.0,1.0,159.56028368794327,201.69503546099293,-37.01418439716312,5.120567375886537,0.18743961352657004,0
0.6666666666666666,0.9666666666666667,0,0,4,4.0,1.0,228.78014184397162,178.51773049645388,-0.13475177304965769,-50.3971631205674,0.11014492753623188,1
0.5666666666666667,0.36666666666666664,0,0,8,6.0,0.75,234.6595744680851,190.36170212765956,33.680851063829806,-10.61702127659575,0.1111111111111111,1
0.6,0.36666666666666664,0,0,8,5.0,0.6666666666666666,234.5886524822695,200.2553191489362,47.09929078014184,12.765957446808528,0.12657004830917876,0
0.5666666666666667,0.36666666666666664,0,0,8,5.0,0.6666666666666666,229.92198581560285,210.1631205673759,43.68794326241135,23.929078014184398,0.1391304347826087,0
0.5666666666666667,0.36666666666666664,0,0,7,4.0,0.7142857142857143,218.23404255319147,213.45390070921985,33.787234042553166,29.007092198581546,0.1468599033816425,0
0.5,0.2,0,0,7,5.0,0.8333333333333334,203.0,209.23404255319147,16.744680851063833,22.978723404255305,0.14879227053140096,0
0.43333333333333335,0.2,0,0,7,6.0,1.0,191.56737588652481,199.30496453900707,-8.815602836879435,-1.0780141843971762,0.15169082125603864,0
0.43333333333333335,0.26666666666666666,0,0,6,4.0,1.0,186.05673758865248,182.0283687943262,-28.070921985815602,-32.09929078014187,0.1565217391304348,0
0.43333333333333335,0.3,0,0,4,4.0,1.0,185.645390070922,169.8368794326241,-30.333333333333314,-46.141843971631204,0.16135265700483092,0
0.4,0.3333333333333333,0,0,5,4.0,1.0,190.36170212765958,165.19148936170214,-19.893617021276583,-45.06382978723403,0.16231884057971013,0
0.5666666666666667,0.6666666666666666,0,0,5,4.5,1.0,200.25531914893614,177.12765957446808,-1.212765957446834,-24.34042553191489,0.16135265700483092,0
0.7,0.6666666666666666,0,0,5,4.0,1.0,210.1631205673759,193.87234042553192,23.97163120567376,7.680851063829778,0.15942028985507245,0
0.6666666666666666,0.6333333333333333,0,0,5,4.0,1.0,213.45390070921985,209.2836879432624,55.02836879432624,50.858156028368796,0.1565217391304348,0
0.6333333333333333,0.6,0,0,5,4.0,1.0,209.23404255319147,213.52482269503548,44.34042553191489,48.6312056737589,0.14879227053140096,0
0.6333333333333333,0.5666666666666667,0,0,5,4.0,1.0,199.3049645390071,210.66666666666666,27.049645390070935,38.41134751773049,0.13816425120772946,0
0.5,0.5333333333333333,0,0,5,4.0,1.0,182.02836879432627,213.1985815602837,-12.205673758865231,18.964539007092213,0.12753623188405797,0
0.5,0.43333333333333335,0,0,5,5.0,1.0,169.8368794326241,222.14184397163123,-45.29078014184398,7.014184397163149,0.11594202898550725,0
0.36666666666666664,0.3333333333333333,0,0,3,3.0,0.0,165.19148936170214,231.68794326241132,-53.29787234042553,13.198581560283657,0.10531400966183575,0
0.5,0.8333333333333334,0,0,0,0,0,235.7446808510638,147.22695035460993,8.2978723404255,-80.21985815602838,0.1758454106280193,0
0.8333333333333334,0.8333333333333334,0,0,6,6.0,0.6,236.13475177304963,152.68085106382978,48.43262411347516,-35.021276595744695,0.18357487922705315,0
0.8333333333333334,0.8333333333333334,0,0,7,4.0,0.5384615384615384,235.95035460992906,154.3404255319149,133.73758865248226,52.12765957446808,0.19227053140096617,0
0.6666666666666666,0.8333333333333334,2,0,8,7.0,0.7777777777777778,232.58865248226948,155.4468085106383,94.24822695035459,17.106382978723417,0.20096618357487922,0
0.5666666666666667,0.8333333333333334,2,0,9,8.0,0.875,216.58156028368793,159.29078014184398,67.00709219858155,9.716312056737593,0.2106280193236715,0
0.5666666666666667,0.36666666666666664,2,0,10,9.0,1.0,172.45390070921985,167.822695035461,18.687943262411352,14.05673758865251,0.2222222222222222,0
0.5333333333333333,0.36666666666666664,3,0,11,10.0,1.0,142.75177304964538,181.7517730496454,-11.950354609929093,27.049645390070935,0.23381642512077294,0
0.5,0.2,3,0,11,11.0,1.0,130.04255319148936,192.60283687943263,-24.510638297872333,38.049645390070935,0.26666666666666666,0
0.36666666666666664,0.36666666666666664,0,0,11,11.0,1.0,155.4468085106383,191.4964539007092,-43.42553191489361,-7.375886524822704,0.3130434782608696,0
0.43333333333333335,0.3333333333333333,0,0,11,11.0,1.0,159.29078014184395,183.4113475177305,-39.49645390070924,-15.375886524822704,0.32560386473429953,0
0.4,0.9,0,0,11,10.0,1.0,197.89361702127658,168.9290780141844,13.57446808510636,-15.390070921985824,0.2956521739130435,0
0.9,0.9,0,0,11,10.5,1.0,197.14184397163123,175.04255319148936,24.78014184397165,2.6808510638297776,0.29082125603864734,0
0.9333333333333333,0.9,8,0,11,1.0,0.42857142857142855,195.39716312056737,175.02127659574467,115.09929078014184,94.72340425531914,0.28405797101449276,0
0.5333333333333333,0.9,0,0,11,11.0,1.0,191.4964539007092,174.32624113475177,34.347517730496435,17.17730496453899,0.2763285024154589,0
0.5,0.9333333333333333,0,0,11,11.0,1.0,183.4113475177305,174.81560283687944,9.02836879432624,0.43262411347518537,0.2714975845410628,0
0.4,0.4,0,0,11,11.0,1.0,145.6595744680851,177.24113475177305,-29.595744680851055,1.9858156028368796,0.26666666666666666,0
0.4,0.2,0,0,11,11.0,1.0,136.60283687943263,180.0709219858156,-38.88652482269504,4.581560283687935,0.26570048309178745,0
0.4,0.2,0,0,11,11.0,1.0,137.27659574468086,182.02127659574467,-37.04255319148936,7.702127659574444,0.28405797101449276,0
0.43333333333333335,0.2,0,0,11,11.0,1.0,168.9290780141844,184.32624113475177,-4.241134751773046,11.156028368794324,0.3072463768115942,0
0.4666666666666667,0.2,0,0,11,11.0,1.0,175.04255319148936,188.14184397163123,-1.9148936170212778,11.184397163120593,0.3169082125603865,0
0.5,0.4,0,0,11,11.0,1.0,175.02127659574467,191.09929078014184,-6.574468085106389,9.503546099290787,0.32463768115942027,0
0.5,0.36666666666666664,0,0,11,11.0,1.0,174.32624113475177,191.48226950354612,-7.333333333333343,9.82269503546101,0.3314009661835749,0
0.5,0.36666666666666664,0,0,11,11.0,1.0,174.81560283687944,189.24113475177305,-7.992907801418426,6.432624113475185,0.33719806763285026,0
0.4666666666666667,0.4,0,0,11,11.0,1.0,177.24113475177305,165.73758865248226,-11.269503546099287,-22.773049645390074,0.34299516908212563,0
0.5,0.43333333333333335,0,0,11,11.0,1.0,180.0709219858156,139.14184397163118,-13.035460992907815,-53.96453900709224,0.32753623188405795,0
0.5,0.36666666666666664,0,0,11,10.0,1.0,182.02127659574467,122.30496453900709,-9.659574468085111,-69.37588652482269,0.3323671497584541,0
0.5,0.5333333333333333,0,0,11,10.5,1.0,184.32624113475177,133.4113475177305,-5.333333333333343,-56.24822695035462,0.336231884057971,0
0.9666666666666667,0.9666666666666667,0,0,11,11.0,1.0,188.14184397163123,148.01418439716312,1.7588652482269822,-38.36879432624113,0.3342995169082126,0
0.9666666666666667,0.9666666666666667,0,0,11,3.0,0.46153846153846156,191.09929078014184,153.85106382978722,69.9290780141844,32.68085106382978,0.33043478260869563,0
0.9666666666666667,0.9666666666666667,0,0,11,3.0,0.4666666666666667,191.48226950354612,153.48936170212764,81.6099290780142,43.61702127659572,0.32657004830917874,0
0.6666666666666666,1.0,1,0,11,11.0,0.75,189.24113475177305,154.80141843971634,53.36879432624113,18.929078014184427,0.32367149758454106,0
0.5333333333333333,1.0,2,0,11,11.0,1.0,165.73758865248226,157.01418439716312,11.248226950354592,2.5248226950354535,0.32367149758454106,0
0.5666666666666667,0.36666666666666664,2,0,11,11.0,1.0,139.1418439716312,161.04964539007094,-14.539007092198574,7.368794326241158,0.33043478260869563,0
0.5333333333333333,0.36666666666666664,3,0,11,11.0,1.0,122.30496453900709,168.80851063829786,-31.078014184397162,15.425531914893611,0.3507246376811594,0
0.5666666666666667,0.3333333333333333,3,0,11,11.0,1.0,133.4113475177305,179.73758865248226,-19.992907801418454,26.333333333333314,0.3690821256038647,0
0.5333333333333333,0.3333333333333333,3,0,11,11.0,1.0,148.01418439716312,188.645390070922,-9.60283687943263,31.02836879432624,0.37681159420289856,0
0.5333333333333333,0.3333333333333333,3,0,11,11.0,1.0,153.85106382978722,192.23404255319147,-6.170212765957473,32.21276595744678,0.3864734299516908,0
0.5,0.3333333333333333,2,0,11,11.0,1.0,153.48936170212767,187.8794326241135,-12.021276595744666,22.368794326241158,0.4067632850241546,0
0.5,0.36666666666666664,0,0,11,11.0,1.0,154.8014184397163,175.4609929078014,-26.092198581560297,-5.432624113475185,0.41352657004830917,0
0.5,0.36666666666666664,0,0,11,11.0,1.0,157.01418439716312,145.47517730496452,-35.79432624113474,-47.33333333333334,0.41545893719806765,0
0.5,0.36666666666666664,0,0,11,11.0,1.0,161.04964539007094,124.08510638297872,-31.184397163120565,-68.14893617021278,0.39903381642512076,0
0.6333333333333333,0.36666666666666664,0,0,11,11.0,1.0,168.80851063829786,123.30496453900709,-22.85106382978725,-68.35460992907802,0.38164251207729466,0
0.8,0.5666666666666667,0,0,11,11.0,1.0,179.73758865248226,137.12765957446808,-0.007092198581574394,-42.61702127659575,0.38454106280193234,0
0.9,0.5666666666666667,0,0,11,8.0,0.875,188.64539007092196,131.3404255319149,33.66666666666666,-23.638297872340416,0.38164251207729466,0
0.9,0.5666666666666667,2,0,11,7.0,0.6923076923076923,192.23404255319147,129.66666666666666,90.531914893617,27.964539007092185,0.3739130434782609,0
0.9,0.5666666666666667,1,0,11,7.0,0.6923076923076923,187.8794326241135,141.53191489361703,72.3049645390071,25.95744680851064,0.3681159420289855,0
0.8333333333333334,0.5666666666666667,0,0,11,9.0,1.0,175.4609929078014,172.4468085106383,22.82269503546098,19.80851063829789,0.36231884057971014,0
0.9333333333333333,0.5666666666666667,0,0,11,10.0,1.0,145.47517730496455,177.5035460992908,2.304964539007102,34.33333333333334,0.3565217391304348,0
0.9333333333333333,0.5666666666666667,3,0,11,7.0,0.6923076923076923,124.08510638297872,166.11347517730496,25.872340425531917,67.90070921985816,0.3497584541062802,0
0.7,0.5666666666666667,0,0,11,10.0,1.0,123.30496453900707,156.58865248226948,-24.312056737588676,8.97163120567373,0.34396135265700484,0
0.5666666666666667,0.6,0,0,10,9.0,1.0,137.12765957446808,166.07801418439718,-41.63829787234042,-12.687943262411324,0.34009661835748795,0
0.8666666666666667,0.36666666666666664,0,0,9,8.5,0.8333333333333334,131.3404255319149,179.07801418439718,-59.61702127659575,-11.879432624113463,0.3333333333333333,0
0.9666666666666667,0.36666666666666664,0,0,8,7.0,0.8571428571428571,129.66666666666666,184.6595744680851,-33.12056737588654,21.872340425531917,0.32560386473429953,0
1.0,0.36666666666666664,0,0,7,6.0,0.7272727272727273,141.531914893617,181.45390070921985,-3.063829787234056,36.858156028368796,0.3169082125603865,0
0.8,0.36666666666666664,0,0,8,6.0,1.0,172.4468085106383,183.1914893617021,10.063829787234056,20.80851063829786,0.30628019323671496,0
0.4666666666666667,0.36666666666666664,0,0,9,8.0,1.0,177.5035460992908,189.47517730496452,-13.75177304964538,-1.7801418439716485,0.2898550724637681,0
0.4666666666666667,0.3,1,0,9,8.5,1.0,166.11347517730496,199.14184397163118,-17.482269503546092,15.54609929078012,0.2599033816425121,0
0.5,0.3,1,0,9,9.0,1.0,156.5886524822695,210.73758865248226,-22.539007092198574,31.609929078014176,0.23478260869565218,0
0.4666666666666667,0.3,1,0,9,8.5,1.0,166.07801418439718,221.3404255319149,-15.56028368794324,39.70212765957447,0.242512077294686,0
0.4666666666666667,0.3,0,0,9,7.5,1.0,179.07801418439715,227.30496453900707,-9.730496453900713,38.49645390070921,0.242512077294686,0
0.4666666666666667,0.3,0,0,8,6.5,1.0,184.6595744680851,229.41843971631207,-13.319148936170194,31.43971631205676,0.2289855072463768,0
0.4,0.3,0,0,7,6.5,1.0,181.45390070921985,229.77304964539007,-29.184397163120565,19.134751773049658,0.22995169082125605,0
0.4,0.26666666666666666,0,0,6,6.0,1.0,183.1914893617021,230.73758865248226,-40.404255319148945,7.141843971631204,0.23768115942028986,0
0.7666666666666667,0.4,0,0,0,0,0,227.3049645390071,142.9645390070922,-4.120567375886509,-88.4609929078014,0.2570048309178744,0
0.8333333333333334,0.4,0,0,6,6.0,0.6666666666666666,229.41843971631207,145.95744680851064,42.141843971631204,-41.31914893617022,0.2608695652173913,0
0.8333333333333334,0.4,0,5,7,6.0,0.5555555555555556,229.77304964539007,142.4468085106383,92.11347517730496,4.7872340425531945,0.26280193236714977,0
0.7333333333333333,0.4,0,5,8,7.0,0.8571428571428571,230.73758865248226,141.68085106382978,99.6950354609929,10.638297872340416,0.2618357487922705,0
0.5666666666666667,0.4,0,5,9,8.0,1.0,216.51773049645388,146.01418439716312,66.77304964539005,-3.730496453900713,0.263768115942029,0
0.6666666666666666,0.3,0,5,10,8.0,0.8571428571428571,185.45390070921985,152.94326241134752,37.347517730496435,4.836879432624102,0.2714975845410628,0
0.6666666666666666,0.3,0,5,11,8.5,0.75,151.99290780141845,160.61702127659575,11.97163120567376,20.595744680851055,0.2956521739130435,0
0.6,0.3,0,4,11,8.5,0.75,139.48226950354612,167.08510638297872,0.26950354609931537,27.872340425531917,0.32657004830917874,0
0.5666666666666667,0.3,0,4,11,7.5,0.75,142.96453900709218,172.45390070921985,-2.843971631205676,26.64539007092199,0.3516908212560386,0
0.5666666666666667,0.3,0,4,11,8.0,1.0,145.95744680851064,175.8794326241135,-7.063829787234056,22.858156028368796,0.3710144927536232,0
0.5333333333333333,0.3,0,4,11,7.0,0.8,142.4468085106383,178.9716312056738,-17.553191489361694,18.971631205673788,0.4028985507246377,0
0.5333333333333333,0.26666666666666666,0,4,11,8.5,0.75,141.68085106382978,171.62411347517732,-27.148936170212778,2.794326241134769,0.4289855072463768,0
0.43333333333333335,0.2,0,4,11,7.0,0.5,146.01418439716312,146.85106382978725,-26.41134751773049,-25.57446808510636,0.4473429951690821,0
0.5666666666666667,0.6,0,3,11,11.0,1.0,167.08510638297872,111.1063829787234,-14.61702127659575,-70.59574468085107,0.45314009661835747,0
0.9,0.7,0,3,11,6.0,1.0,172.45390070921985,110.73758865248227,18.390070921985796,-43.32624113475178,0.4570048309178744,0
0.9,0.7,1,3,11,6.0,0.7272727272727273,175.8794326241135,106.83687943262412,71.0921985815603,2.0496453900709213,0.4599033816425121,0
0.9333333333333333,0.7,1,3,11,4.0,0.6153846153846154,178.9716312056738,109.74468085106383,98.14184397163123,28.914893617021278,0.45893719806763283,0
0.7666666666666667,0.7,2,3,11,7.0,0.8888888888888888,171.62411347517732,138.7163120567376,52.75177304964541,19.843971631205676,0.4570048309178744,0
0.9,0.7,2,3,11,7.0,1.0,146.85106382978722,152.53191489361703,13.234042553191472,18.914893617021278,0.45603864734299515,0
0.8666666666666667,0.6333333333333333,0,3,11,6.0,0.5384615384615384,113.22695035460993,136.85106382978722,33.50354609929077,57.12765957446807,0.4570048309178744,0
0.8333333333333334,0.6333333333333333,0,3,11,7.0,0.6,101.49645390070923,124.31205673758866,-5.673758865248217,17.141843971631218,0.45893719806763283,0
0.6,0.6333333333333333,0,2,11,6.0,1.0,111.1063829787234,119.83687943262412,-31.234042553191486,-22.503546099290773,0.45893719806763283,0
0.9,0.7666666666666667,0,2,11,10.5,1.0,110.73758865248226,133.72340425531914,-55.90070921985816,-32.91489361702128,0.45410628019323673,0
0.8333333333333334,0.8333333333333334,0,2,11,7.5,0.75,106.83687943262412,136.7517730496454,-41.780141843971634,-11.865248226950342,0.4492753623188406,0
0.9,0.8666666666666667,0,2,11,4.0,0.5833333333333334,109.74468085106383,138.41843971631207,14.446808510638306,43.12056737588654,0.4463768115942029,0
0.7,0.8666666666666667,0,2,11,6.5,1.0,138.7163120567376,140.99290780141845,9.695035460992898,11.97163120567376,0.4444444444444444,0
0.6666666666666666,0.8666666666666667,0,1,11,7.5,1.0,152.53191489361703,145.61702127659575,17.34042553191489,10.425531914893611,0.43671497584541064,0
0.6666666666666666,0.26666666666666666,0,1,11,8.0,1.0,136.85106382978722,153.14893617021278,-0.10638297872341695,16.19148936170214,0.4144927536231884,0
0.6,0.26666666666666666,0,1,11,8.0,1.0,124.31205673758866,166.39716312056737,-13.794326241134755,28.290780141843953,0.39516908212560387,0
0.6,0.26666666666666666,0,1,11,8.0,1.0,119.83687943262412,177.65248226950357,-20.354609929078023,37.460992907801426,0.39903381642512076,0
0.6,0.26666666666666666,0,1,11,8.0,1.0,133.72340425531914,186.54609929078015,-10.957446808510639,41.86524822695037,0.3961352657004831,0
0.6,0.26666666666666666,0,1,11,8.0,1.0,136.7517730496454,187.2836879432624,-15.226950354609897,35.3049645390071,0.37971014492753624,0
0.5666666666666667,0.23333333333333334,0,1,11,8.5,1.0,138.41843971631207,187.0709219858156,-24.36879432624113,24.283687943262407,0.3690821256038647,0
0.43333333333333335,0.2,0,0,11,10.0,1.0,140.99290780141845,185.09929078014184,-43.43262411347516,0.6737588652482316,0.3671497584541063,0
0.4666666666666667,0.26666666666666666,0,0,11,11.0,1.0,145.61702127659575,177.3758865248227,-40.12765957446808,-8.36879432624113,0.37294685990338167,0
0.43333333333333335,0.26666666666666666,0,0,11,11.0,1.0,153.14893617021275,152.0,-36.31914893617022,-37.46808510638297,0.3748792270531401,0
0.4666666666666667,0.23333333333333334,0,0,11,11.0,0.75,166.39716312056737,140.78014184397162,-20.241134751773046,-45.858156028368796,0.36135265700483093,0
0.4666666666666667,0.23333333333333334,0,0,11,11.0,1.0,177.65248226950357,138.17021276595744,-7.453900709219852,-46.93617021276597,0.3545893719806763,0
0.6333333333333333,0.9666666666666667,0,0,11,11.0,1.0,186.54609929078015,153.07801418439715,2.992907801418454,-30.475177304964546,0.34396135265700484,0
1.0,1.0,0,0,11,8.5,0.8333333333333334,187.2836879432624,153.1205673758865,23.815602836879435,-10.347517730496463,0.3352657004830918,0
1.0,1.0,0,0,11,2.0,0.4666666666666667,187.0709219858156,151.2836879432624,78.09219858156028,42.30496453900709,0.32753623188405795,0
0.6333333333333333,1.0,0,0,11,8.0,1.0,185.09929078014184,151.33333333333334,35.20567375886526,1.4397163120567598,0.3188405797101449,0
0.6333333333333333,1.0,0,0,11,9.0,1.0,177.3758865248227,153.69503546099293,21.737588652482287,-1.9432624113474901,0.3111111111111111,0
0.6333333333333333,0.3,0,0,11,9.0,1.0,152.0,160.6595744680851,-1.7021276595744723,6.957446808510639,0.30628019323671496,0
0.7,0.3,0,0,11,9.0,1.0,140.78014184397162,171.42553191489364,-9.241134751773075,21.404255319148945,0.31980676328502416,0
0.7,0.3,0,0,11,9.0,1.0,138.17021276595744,181.22695035460993,-11.957446808510639,31.099290780141843,0.33719806763285026,0
0.7,0.3,0,0,11,8.0,1.0,153.07801418439715,186.56737588652481,-0.7730496453900741,32.71631205673759,0.34009661835748795,0
0.6666666666666666,0.3,0,0,11,8.0,1.0,153.1205673758865,187.34751773049643,-3.985815602836908,30.241134751773018,0.34202898550724636,0
0.5666666666666667,0.3,0,0,11,8.5,0.875,151.2836879432624,187.89361702127658,-19.737588652482287,16.87234042553189,0.34202898550724636,0
0.43333333333333335,0.3,0,0,11,10.0,0.8333333333333334,151.33333333333334,183.81560283687944,-34.815602836879435,-2.333333333333343,0.34202898550724636,0
0.43333333333333335,0.3,0,0,11,10.5,0.8333333333333334,153.69503546099293,164.67375886524823,-32.81560283687941,-21.8368794326241,0.34396135265700484,0
0.4666666666666667,0.3,0,0,11,11.0,1.0,160.6595744680851,142.70212765957447,-26.38297872340425,-44.34042553191489,0.34009661835748795,0
0.4666666666666667,0.3333333333333333,0,0,11,10.0,1.0,171.42553191489364,142.94326241134752,-17.063829787234027,-45.54609929078015,0.3169082125603865,0
0.4666666666666667,0.6,0,0,10,9.0,1.0,181.22695035460993,163.2127659574468,-6.921985815602852,-24.936170212765973,0.30434782608695654,0
1.0,0.6,0,0,9,8.0,0.8333333333333334,186.56737588652481,186.34751773049643,11.758865248226954,11.539007092198574,0.2898550724637681,0
1.0333333333333334,0.6,0,0,8,6.0,0.5384615384615384,187.34751773049643,191.3049645390071,56.28368794326238,60.241134751773046,0.2753623188405797,0
1.0333333333333334,0.6,0,0,9,6.0,0.6153846153846154,187.89361702127658,191.07801418439715,65.6595744680851,68.84397163120566,0.2599033816425121,0
0.43333333333333335,0.6,0,0,10,8.0,1.0,183.81560283687944,192.0921985815603,8.283687943262407,16.56028368794327,0.24444444444444444,0
0.43333333333333335,0.6,0,0,11,8.5,1.0,164.67375886524823,196.90070921985816,-27.198581560283685,5.028368794326241,0.22801932367149758,0
0.43333333333333335,0.2,0,0,11,9.0,1.0,142.70212765957447,206.39007092198582,-48.936170212765944,14.751773049645408,0.2135265700483092,0
0.43333333333333335,0.2,0,0,11,9.0,1.0,142.94326241134752,217.4609929078014,-47.460992907801426,27.056737588652453,0.20483091787439614,0
0.4,0.2,0,0,11,8.5,1.0,163.2127659574468,225.27659574468086,-27.978723404255334,34.08510638297872,0.2135265700483092,0
0.8666666666666667,0.36666666666666664,0,0,0,0,0,228.68085106382978,150.24113475177305,-3.2765957446808613,-81.71631205673759,0.2144927536231884,0
0.8666666666666667,0.36666666666666664,0,0,6,6.0,1.0,230.95744680851064,152.39716312056737,44.36170212765958,-34.198581560283685,0.21256038647342995,0
0.8666666666666667,0.36666666666666664,1,0,7,6.0,0.75,233.97163120567373,151.9078014184397,100.24822695035459,18.184397163120565,0.21159420289855072,0
0.6,0.36666666666666664,2,0,8,7.0,0.8571428571428571,234.66666666666666,153.07801418439718,90.02836879432624,8.43971631205676,0.2106280193236715,0
0.5666666666666667,0.36666666666666664,2,0,9,8.0,1.0,218.6241134751773,156.21985815602838,64.47517730496452,2.070921985815602,0.20869565217391303,0
0.43333333333333335,0.8,0,0,11,11.0,1.0,193.88652482269504,150.53900709219857,5.482269503546092,-37.86524822695037,0.30144927536231886,0
0.8666666666666667,0.8,0,0,11,11.0,0.8,195.0921985815603,163.84397163120568,13.539007092198602,-17.70921985815602,0.2975845410628019,0
0.8666666666666667,0.8,5,0,11,2.0,0.3333333333333333,194.60283687943263,163.66666666666666,84.98581560283688,54.04964539007091,0.293719806763285,0
0.8666666666666667,0.8,6,0,11,11.0,0.5714285714285714,192.24113475177305,164.97872340425533,68.79432624113475,41.53191489361704,0.28792270531400965,0
0.5,0.8,7,0,11,11.0,1.0,188.08510638297875,167.03546099290782,24.42553191489364,3.375886524822704,0.28309178743961355,0
0.5333333333333333,0.36666666666666664,7,0,11,11.0,1.0,159.8581560283688,170.65248226950357,-4.652482269503537,6.141843971631232,0.2811594202898551,0
0.4666666666666667,0.8,0,0,11,11.0,1.0,181.63829787234044,154.58156028368796,-1.5744680851063606,-28.631205673758842,0.32367149758454106,0
0.8333333333333334,0.8,0,0,11,11.0,1.0,186.0283687943262,171.63829787234042,7.347517730496435,-7.042553191489361,0.32367149758454106,0
0.8333333333333334,0.8,9,0,11,2.0,0.46153846153846156,189.2624113475177,171.86524822695037,63.985815602836865,46.588652482269524,0.3217391304347826,0
0.8333333333333334,0.8,10,0,11,2.0,0.46153846153846156,188.86524822695037,173.06382978723408,68.33333333333334,52.531914893617056,0.31980676328502416,0
0.5333333333333333,0.8,0,0,11,11.0,1.0,184.42553191489358,174.47517730496452,11.851063829787194,1.900709219858129,0.3169082125603865,0
0.5333333333333333,0.8,0,0,11,11.0,1.0,162.39007092198582,175.88652482269504,-8.248226950354592,5.248226950354621,0.3159420289855073,0
0.6333333333333333,0.6,0,0,11,9.0,1.0,180.24113475177305,167.4468085106383,-6.39716312056737,-19.19148936170211,0.2985507246376812,0
0.8333333333333334,0.6,0,0,11,8.0,1.0,183.7872340425532,185.75886524822695,13.80851063829789,15.780141843971649,0.28888888888888886,0
0.8333333333333334,0.6,1,0,11,6.5,0.5833333333333334,187.14893617021278,185.70212765957444,51.063829787234056,49.61702127659572,0.2792270531400966,0
0.8333333333333334,0.6,2,0,11,6.0,0.5833333333333334,187.79432624113474,186.32624113475177,57.390070921985796,55.921985815602824,0.26956521739130435,0
0.3333333333333333,0.6,2,0,11,8.0,1.0,181.68794326241132,187.8085106382979,-5.375886524822732,0.7446808510638334,0.2599033816425121,0
0.3333333333333333,0.6,3,0,11,8.0,1.0,164.23404255319147,191.4468085106383,-20.638297872340445,6.574468085106389,0.25024154589371983,0
0.5,1.0,0,0,11,11.0,1.0,221.6595744680851,170.63829787234042,-6.744680851063833,-57.76595744680853,0.1671497584541063,1
0.4,0.5666666666666667,0,0,11,9.0,1.0,209.91489361702125,143.95035460992906,-6.510638297872362,-72.47517730496455,0.26956521739130435,0
0.7,0.6,0,0,11,8.0,0.6666666666666666,228.47517730496452,157.0709219858156,38.17730496453899,-33.226950354609926,0.2763285024154589,0
0.7333333333333333,0.6,6,0,11,6.0,0.6,225.3687943262411,156.73758865248226,83.19858156028366,14.567375886524815,0.2811594202898551,0
0.7333333333333333,0.6333333333333333,6,0,11,7.0,0.6,220.92907801418437,157.56028368794327,104.1205673758865,40.751773049645394,0.28888888888888886,0
0.5666666666666667,0.6333333333333333,7,0,11,8.0,1.0,208.82978723404253,159.19148936170214,50.19148936170211,0.5531914893617227,0.2946859903381642,0
0.5333333333333333,0.6333333333333333,8,0,11,9.0,1.0,182.9645390070922,161.7872340425532,26.56028368794327,5.38297872340425,0.2763285024154589,0
0.5,0.2,0,0,11,11.0,1.0,161.7872340425532,176.04964539007094,-24.063829787234027,-9.801418439716286,0.32560386473429953,0
0.5333333333333333,0.2,0,0,11,11.0,1.0,165.62411347517732,154.43971631205673,-24.58865248226948,-35.773049645390074,0.314975845410628,0
0.5666666666666667,0.2,0,0,11,11.0,1.0,170.37588652482268,151.77304964539007,-19.56028368794327,-38.16312056737587,0.30241545893719807,0
0.5333333333333333,0.2,0,0,11,11.0,1.0,177.18439716312056,155.81560283687944,-8.964539007092213,-30.333333333333343,0.2995169082125604,0
0.5666666666666667,0.6666666666666666,0,0,11,11.0,1.0,183.79432624113474,174.1985815602837,4.475177304964518,-5.120567375886509,0.293719806763285,0
0.8,0.6666666666666666,0,0,11,11.0,0.8333333333333334,188.66666666666666,175.59574468085103,25.98581560283688,12.91489361702125,0.28792270531400965,0
0.8,0.6666666666666666,11,0,11,2.0,0.45454545454545453,188.76595744680853,174.76595744680853,67.44680851063832,53.44680851063832,0.2821256038647343,0
0.5666666666666667,0.6666666666666666,0,0,11,11.0,1.0,185.13475177304963,172.95744680851064,13.815602836879407,1.6382978723404165,0.2763285024154589,0
0.5666666666666667,0.7,0,0,11,11.0,1.0,176.04964539007094,172.14184397163118,1.2411347517730746,-2.6666666666666856,0.27246376811594203,0
0.6,0.4,0,0,11,11.0,1.0,154.43971631205673,173.62411347517732,-22.02836879432624,-2.8439716312056476,0.27246376811594203,0
0.6,0.4,0,0,11,10.5,1.0,151.77304964539007,176.31914893617022,-23.73758865248226,0.8085106382978893,0.2792270531400966,0
0.6,0.36666666666666664,0,0,11,9.0,1.0,155.81560283687944,179.7304964539007,-16.503546099290787,7.411347517730491,0.2966183574879227,0
0.6,0.36666666666666664,0,0,11,8.0,1.0,174.1985815602837,181.9078014184397,3.1560283687943524,10.865248226950342,0.30628019323671496,0
0.6,0.36666666666666664,0,0,11,9.0,1.0,175.59574468085108,182.76595744680853,2.531914893617028,9.702127659574472,0.3130434782608696,0
0.6,0.36666666666666664,0,0,11,10.0,1.0,174.76595744680853,181.27659574468086,-1.9999999999999716,4.510638297872362,0.314975845410628,0
0.5666666666666667,0.36666666666666664,0,0,11,11.0,1.0,172.95744680851064,176.22695035460993,-6.170212765957444,-2.9007092198581574,0.3169082125603865,0
0.6,0.3333333333333333,0,0,11,11.0,1.0,176.31914893617022,124.97872340425532,-5.38297872340425,-56.72340425531915,0.3072463768115942,0
0.5666666666666667,0.43333333333333335,0,0,11,11.0,1.0,179.7304964539007,130.7304964539007,0.9007092198581574,-48.09929078014184,0.3072463768115942,0
0.8,0.8,0,0,11,11.0,1.0,181.9078014184397,152.9148936170213,13.758865248226925,-15.234042553191472,0.3072463768115942,0
0.8333333333333334,0.7666666666666667,0,0,11,9.0,0.7777777777777778,182.76595744680853,160.76595744680853,42.2340425531915,20.2340425531915,0.30917874396135264,0
0.8333333333333334,0.7666666666666667,6,0,11,5.0,0.5384615384615384,181.27659574468086,161.67375886524823,85.87234042553193,66.2695035460993,0.30821256038647343,0
0.6666666666666666,0.7666666666666667,7,0,11,9.5,0.875,176.22695035460993,161.09219858156027,37.226950354609926,22.092198581560268,0.3072463768115942,0
0.5666666666666667,0.7666666666666667,7,0,11,11.0,1.0,162.5035460992908,162.52482269503545,4.716312056737593,4.737588652482259,0.30434782608695654,0
0.5666666666666667,0.4,8,0,11,11.0,1.0,134.6950354609929,167.43971631205673,-27.26241134751774,5.482269503546092,0.30144927536231886,0
0.5,0.4,8,0,11,11.0,1.0,124.97872340425533,172.10638297872342,-37.57446808510636,9.553191489361723,0.30144927536231886,0
0.5333333333333333,0.2,8,0,11,11.0,0.8571428571428571,130.7304964539007,174.32624113475177,-29.78014184397162,13.815602836879435,0.31980676328502416,0
0.5666666666666667,0.2,0,0,11,8.5,1.0,162.52482269503545,184.6241134751773,-10.98581560283688,11.113475177304963,0.336231884057971,0
0.5666666666666667,0.2,0,0,11,8.0,1.0,167.43971631205673,160.97163120567376,-12.964539007092213,-19.432624113475185,0.3285024154589372,0
0.5333333333333333,0.2,0,0,11,9.0,1.0,172.10638297872342,145.85815602836882,-15.297872340425528,-41.54609929078012,0.3111111111111111,0
0.5,0.2,0,0,11,10.0,1.0,174.32624113475177,145.48226950354612,-11.141843971631204,-39.98581560283685,0.3004830917874396,0
0.6,0.8,0,0,11,10.0,1.0,176.04255319148936,169.82978723404256,-12.744680851063833,-18.95744680851064,0.28888888888888886,0
0.8333333333333334,0.8,0,0,11,8.0,1.0,180.43971631205673,184.29078014184395,0.8226950354609812,4.673758865248203,0.2772946859903382,0
0.8333333333333334,0.8,1,0,10,7.0,0.5384615384615384,184.42553191489364,186.59574468085103,69.91489361702129,72.08510638297868,0.26570048309178745,0
0.8333333333333334,0.8,2,0,9,7.0,0.875,187.21985815602838,186.04255319148936,43.773049645390074,42.595744680851055,0.2541062801932367,0
0.3,0.8,3,0,9,8.0,1.0,184.6241134751773,188.468085106383,6.134751773049629,9.978723404255334,0.24154589371980675,0
0.3,0.36666666666666664,4,0,10,9.0,1.0,160.9716312056738,194.3049645390071,-26.581560283687907,6.751773049645408,0.22995169082125605,0
0.26666666666666666,1.0333333333333334,0,0,11,11.0,1.0,226.53191489361703,135.2553191489362,-7.808510638297861,-99.0851063829787,0.28405797101449276,0
1.0333333333333334,1.0333333333333334,0,0,11,6.0,1.0,230.68085106382978,146.84397163120568,3.7872340425531945,-80.0496453900709,0.28502415458937197,0
1.0333333333333334,1.0333333333333334,0,0,11,5.0,0.5625,231.29787234042553,147.0,101.0,16.702127659574472,0.28502415458937197,0
1.0333333333333334,1.0333333333333334,0,0,11,6.5,0.75,231.53191489361703,145.177304964539,119.19148936170214,32.8368794326241,0.28502415458937197,0
0.6333333333333333,1.0333333333333334,0,0,11,8.0,1.0,230.85106382978722,145.75177304964538,86.23404255319147,1.1347517730496293,0.28502415458937197,0
0.6333333333333333,0.5333333333333333,0,0,11,9.0,1.0,197.177304964539,148.76595744680853,48.36879432624113,-0.042553191489332676,0.28599033816425123,0
0.6333333333333333,0.3,0,0,11,10.0,1.0,156.51063829787233,156.31914893617022,9.404255319148916,9.212765957446805,0.2956521739130435,0
0.6333333333333333,0.3,0,0,11,11.0,1.0,129.08510638297875,166.3758865248227,-15.999999999999972,21.29078014184398,0.3140096618357488,0
0.6333333333333333,0.3,0,0,11,11.0,1.0,135.25531914893617,175.61702127659575,-8.085106382978722,32.27659574468086,0.3333333333333333,0
0.5666666666666667,0.2,0,0,11,11.0,1.0,146.84397163120568,180.7446808510638,-1.9858156028368796,31.91489361702125,0.3526570048309179,0
0.5,0.2,0,0,11,11.0,1.0,147.0,183.10638297872342,-7.127659574468083,28.978723404255334,0.370048309178744,0
0.5,0.3,0,0,11,11.0,0.8333333333333334,145.177304964539,182.9716312056738,-20.82269503546101,16.971631205673788,0.38743961352657,0
0.4666666666666667,0.3,0,0,11,11.0,0.8333333333333334,145.75177304964538,171.13475177304963,-33.24822695035462,-7.865248226950371,0.4057971014492754,0
0.4666666666666667,0.3,0,0,11,11.0,1.0,148.76595744680853,150.18439716312056,-33.085106382978694,-31.666666666666657,0.4222222222222222,0
0.43333333333333335,0.3,0,0,11,11.0,1.0,156.31914893617022,131.47517730496455,-25.063829787234027,-49.9078014184397,0.4096618357487923,0
0.4,0.3,0,1,11,11.0,1.0,166.3758865248227,127.9858156028369,-19.70921985815602,-58.09929078014183,0.4,0
0.8666666666666667,0.3,0,1,11,11.0,1.0,175.61702127659575,132.1631205673759,-5.829787234042556,-49.28368794326241,0.3961352657004831,0
0.9,0.3,0,1,11,10.5,0.625,180.7446808510638,135.75886524822695,34.87234042553189,-10.113475177304963,0.3884057971014493,0
0.9333333333333333,0.3,0,1,11,6.0,0.6666666666666666,183.10638297872342,136.2482269503546,59.87234042553193,13.014184397163106,0.3826086956521739,0
0.7,0.3,0,1,11,9.0,0.8,182.97163120567373,136.7872340425532,57.65248226950352,11.468085106382986,0.37681159420289856,0
0.6666666666666666,0.3,0,2,11,10.5,1.0,171.13475177304963,139.645390070922,35.730496453900685,4.241134751773046,0.3739130434782609,0
0.6333333333333333,0.3,0,2,11,9.0,1.0,150.18439716312056,145.9078014184397,14.418439716312065,10.141843971631204,0.3690821256038647,0
0.6333333333333333,0.3,0,2,11,10.0,1.0,131.47517730496455,155.8581560283688,-4.6312056737588705,19.75177304964538,0.3652173913043478,0
0.5666666666666667,0.3,0,2,11,9.5,1.0,127.9858156028369,166.177304964539,-8.886524822695023,29.304964539007074,0.370048309178744,0
0.6,0.26666666666666666,0,2,11,8.5,1.0,132.1631205673759,172.4964539007092,-5.2198581560283515,35.11347517730496,0.37971014492753624,0
0.5666666666666667,0.26666666666666666,0,2,11,8.0,1.0,135.75886524822695,176.45390070921985,-8.921985815602824,31.773049645390074,0.3884057971014493,0
0.43333333333333335,0.26666666666666666,0,3,11,11.0,1.0,136.24822695035462,176.9078014184397,-19.41134751773049,21.248226950354592,0.4,0
0.36666666666666664,0.23333333333333334,0,3,11,11.0,1.0,136.7872340425532,178.06382978723408,-30.446808510638306,10.829787234042584,0.4077294685990338,0
0.4,0.2,0,4,11,11.0,1.0,172.4964539007092,129.8368794326241,-5.588652482269509,-48.24822695035462,0.40096618357487923,0
0.8666666666666667,0.3,0,4,11,10.0,1.0,176.45390070921985,138.11347517730496,21.02836879432624,-17.312056737588648,0.3884057971014493,0
0.8666666666666667,0.3,0,4,11,6.5,0.75,176.90780141843973,138.9078014184397,52.90780141843973,14.907801418439703,0.37874396135265703,0
0.8666666666666667,0.3333333333333333,2,4,11,7.0,0.875,178.06382978723403,140.34751773049643,62.04255319148935,24.326241134751754,0.3690821256038647,0
0.5333333333333333,0.3333333333333333,2,4,11,8.0,1.0,170.17021276595744,142.27659574468086,32.04255319148936,4.148936170212778,0.35845410628019325,0
0.5333333333333333,0.3333333333333333,2,5,11,9.0,1.0,152.5035460992908,147.61702127659575,17.141843971631204,12.255319148936167,0.3526570048309179,0
0.5,0.3,1,0,11,9.0,1.0,131.81560283687944,156.4964539007092,-9.035460992907787,15.64539007092199,0.3507246376811594,0
0.5,0.3,1,0,11,9.0,1.0,126.04964539007092,171.36170212765956,-14.460992907801412,30.851063829787222,0.36231884057971014,0
0.4666666666666667,0.26666666666666666,0,0,11,9.0,1.0,129.8368794326241,182.5035460992908,-9.843971631205676,42.82269503546101,0.36231884057971014,0
0.4666666666666667,0.26666666666666666,0,0,11,8.0,1.0,138.11347517730496,190.95035460992906,-8.524822695035454,44.31205673758865,0.36135265700483093,0
0.43333333333333335,0.26666666666666666,0,6,11,7.0,1.0,138.9078014184397,190.76595744680853,-17.624113475177325,34.2340425531915,0.36135265700483093,0
0.4,0.26666666666666666,0,0,11,6.0,1.0,140.34751773049643,189.38297872340425,-25.971631205673788,23.063829787234027,0.35942028985507246,0
0.2,0.2,0,0,11,11.0,1.0,142.27659574468086,175.41843971631207,-48.95744680851064,-15.815602836879435,0.357487922705314,0
0.7333333333333333,0.5666666666666667,0,7,11,10.0,0.75,182.5035460992908,175.97872340425533,-3.3049645390070737,-9.829787234042527,0.3159420289855073,0
0.7666666666666667,0.6,0,7,11,10.5,1.0,190.95035460992912,181.63120567375884,41.18439716312062,31.865248226950342,0.2985507246376812,0
0.8,0.6333333333333333,0,7,11,6.0,0.5454545454545454,190.76595744680853,181.68085106382978,72.87234042553193,63.78723404255318,0.28502415458937197,0
0.6333333333333333,0.6333333333333333,0,0,11,8.0,0.8571428571428571,189.38297872340425,183.8368794326241,25.127659574468083,19.581560283687935,0.2714975845410628,0
0.6333333333333333,0.6666666666666666,0,0,11,8.5,0.875,175.41843971631204,187.94326241134752,-7.900709219858186,4.624113475177296,0.2560386473429952,0
0.6,0.3,0,0,11,9.5,0.875,151.15602836879432,194.97163120567373,-29.20567375886526,14.609929078014147,0.24154589371980675,0
0.6,0.3,0,0,11,10.0,1.0,143.97163120567376,204.80851063829786,-37.241134751773046,23.595744680851055,0.2289855072463768,0
0.5666666666666667,0.3,0,0,11,10.0,1.0,155.15602836879432,214.57446808510636,-28.312056737588648,31.10638297872339,0.21932367149758455,0
0.5666666666666667,0.3,0,0,11,9.0,1.0,175.97872340425533,220.5531914893617,-10.851063829787222,33.72340425531914,0.21835748792270532,0
0.5,0.26666666666666666,0,0,11,9.5,1.0,181.6312056737589,223.56028368794327,-11.900709219858129,30.02836879432624,0.21835748792270532,0
0.43333333333333335,0.26666666666666666,0,0,11,8.5,1.0,181.68085106382978,224.56737588652481,-22.872340425531917,20.01418439716312,0.21932367149758455,0
0.36666666666666664,0.23333333333333334,0,0,11,10.0,1.0,183.8368794326241,225.2624113475177,-32.50354609929079,8.921985815602824,0.21932367149758455,0
0.4666666666666667,0.26666666666666666,0,0,11,11.0,0.6666666666666666,224.56737588652481,185.86524822695037,-0.3049645390071021,-39.007092198581546,0.22415458937198068,0
0.5,0.26666666666666666,0,0,11,8.5,1.0,225.26241134751774,184.6312056737589,21.79432624113477,-18.836879432624073,0.22415458937198068,0
0.5,0.26666666666666666,0,0,11,7.0,1.0,225.14893617021278,185.39007092198582,31.38297872340428,-8.375886524822675,0.22415458937198068,0
0.5666666666666667,0.26666666666666666,0,0,11,8.0,0.8333333333333334,224.822695035461,185.96453900709218,35.886524822695065,-2.9716312056737593,0.22415458937198068,0
0.6,0.26666666666666666,0,0,11,9.0,1.0,217.7872340425532,164.1631205673759,32.95744680851064,-20.666666666666657,0.22705314009661837,0
0.6,0.26666666666666666,0,0,11,9.0,1.0,207.3687943262411,148.531914893617,23.539007092198545,-35.297872340425556,0.23285024154589373,0
0.5333333333333333,0.26666666666666666,0,0,10,9.0,0.8333333333333334,195.39007092198582,142.56737588652481,10.156028368794324,-42.666666666666686,0.24541062801932367,0
0.5333333333333333,0.7666666666666667,0,0,9,9.0,1.0,189.177304964539,162.34751773049643,2.0709219858155734,-24.758865248226982,0.2589371980676328,0
0.8666666666666667,0.7666666666666667,0,0,8,8.0,1.0,185.86524822695037,175.68794326241132,0.31205673758867647,-9.86524822695037,0.27342995169082124,0
0.8333333333333334,0.7666666666666667,4,0,7,5.0,0.5833333333333334,184.6312056737589,179.9716312056738,64.80141843971634,60.14184397163123,0.2898550724637681,0
0.7,0.7,4,0,7,6.0,0.6666666666666666,185.39007092198582,180.48226950354612,45.17730496453902,40.269503546099315,0.30434782608695654,0
0.36666666666666664,0.6666666666666666,4,0,8,8.0,1.0,185.9645390070922,178.87234042553192,18.304964539007102,11.212765957446805,0.31980676328502416,0
0.3333333333333333,0.2,4,0,9,9.0,1.0,164.1631205673759,170.92198581560285,-15.007092198581546,-8.248226950354592,0.3352657004830918,0
0.5333333333333333,0.23333333333333334,3,2,11,11.0,1.0,175.68794326241132,138.9645390070922,0.2836879432623789,-36.43971631205673,0.37777777777777777,0
0.5666666666666667,0.26666666666666666,3,2,11,9.0,1.0,179.9716312056738,136.78014184397162,23.312056737588676,-19.87943262411349,0.37777777777777777,0
0.5666666666666667,0.26666666666666666,3,0,11,7.5,1.0,180.48226950354606,137.77304964539007,31.07801418439712,-11.63120567375887,0.37584541062801935,0
0.5666666666666667,0.26666666666666666,2,0,11,8.5,1.0,178.87234042553192,139.87234042553192,36.063829787234056,-2.936170212765944,0.37584541062801935,0
0.6,0.3,2,0,11,8.0,1.0,170.92198581560285,126.95035460992908,32.75177304964541,-11.219858156028366,0.37681159420289856,0
0.6333333333333333,0.3,2,0,11,8.0,1.0,160.48936170212767,127.12056737588652,24.57446808510639,-8.794326241134755,0.35845410628019325,0
0.6666666666666666,0.3,2,0,11,8.0,0.8571428571428571,149.6241134751773,137.81560283687944,13.36879432624113,1.5602836879432687,0.34879227053140094,0
0.5666666666666667,0.9,2,0,11,9.0,0.8571428571428571,143.46099290780143,165.95035460992906,2.312056737588648,24.801418439716286,0.3536231884057971,0
0.9,0.8666666666666667,2,0,11,8.0,1.0,138.96453900709218,179.85815602836877,-3.2482269503546206,37.64539007092196,0.36135265700483093,0
0.8666666666666667,0.8666666666666667,2,0,11,3.0,0.5,136.78014184397162,182.6950354609929,39.29078014184397,85.20567375886525,0.3690821256038647,0
0.8333333333333334,0.8333333333333334,2,0,11,6.0,0.7142857142857143,137.77304964539007,183.2695035460993,-3.886524822695037,41.609929078014176,0.37681159420289856,0
0.3333333333333333,0.8,1,0,11,8.5,1.0,139.87234042553192,181.15602836879432,-34.42553191489361,6.858156028368796,0.3826086956521739,0
0.3333333333333333,0.3,1,0,11,11.0,1.0,126.95035460992908,175.0,-54.943262411347504,-6.893617021276583,0.3884057971014493,0
0.3333333333333333,0.2,1,0,11,11.0,1.0,127.12056737588652,164.79432624113474,-56.26241134751773,-18.58865248226951,0.3884057971014493,0
0.3333333333333333,0.2,1,0,11,11.0,1.0,137.81560283687944,154.82978723404256,-44.992907801418426,-27.978723404255305,0.39903381642512076,0
0.43333333333333335,0.2,1,0,11,11.0,1.0,165.95035460992906,149.2553191489362,-17.666666666666686,-34.361702127659555,0.3961352657004831,0
0.5333333333333333,0.26666666666666666,1,0,11,11.0,1.0,179.85815602836877,148.67375886524823,2.815602836879407,-28.36879432624113,0.3855072463768116,0
0.5666666666666667,0.26666666666666666,0,0,11,8.0,1.0,182.6950354609929,150.37588652482268,18.35460992907801,-13.964539007092213,0.37584541062801935,0
0.6,0.26666666666666666,0,0,11,7.0,0.8888888888888888,183.2695035460993,151.43262411347519,30.269503546099287,-1.5673758865248146,0.3681159420289855,0
0.6,0.26666666666666666,0,0,11,8.0,0.8888888888888888,181.15602836879432,150.4255319148936,34.007092198581546,3.276595744680833,0.36038647342995167,0
0.6,0.26666666666666666,0,0,11,8.0,0.8888888888888888,175.0,135.52482269503545,27.38297872340425,-12.092198581560297,0.3516908212560386,0
0.6,0.26666666666666666,0,0,11,9.0,1.0,164.79432624113474,132.80141843971634,13.539007092198574,-18.453900709219823,0.3352657004830918,0
0.6,0.26666666666666666,0,0,11,9.0,1.0,154.82978723404256,145.19858156028369,2.574468085106389,-7.0567375886524815,0.33043478260869563,0
0.6333333333333333,1.0,0,0,11,8.5,1.0,149.2553191489362,171.14893617021275,-1.5319148936169995,20.361702127659555,0.3352657004830918,0
1.0,1.0,0,0,11,8.0,1.0,148.67375886524823,184.90070921985816,0.43971631205673134,36.66666666666666,0.34299516908212563,0
0.9666666666666667,1.0,0,0,11,4.0,0.5,150.3758865248227,184.48936170212767,42.822695035460995,76.93617021276596,0.3516908212560386,0
0.9333333333333333,1.0,0,0,11,9.0,0.7142857142857143,151.43262411347516,183.3758865248227,8.815602836879407,40.758865248226954,0.35942028985507246,0
0.4,0.9,0,0,11,11.0,1.0,150.4255319148936,180.31205673758868,-35.0,-5.1134751773049345,0.3652173913043478,0
0.4,0.3,0,0,11,11.0,1.0,135.52482269503548,173.12765957446808,-49.87943262411346,-12.276595744680861,0.3719806763285024,0
0.6666666666666666,0.3333333333333333,0,0,11,10.0,1.0,163.58156028368793,155.88652482269504,15.326241134751768,7.6312056737588705,0.26280193236714977,0
0.6666666666666666,0.36666666666666664,0,0,11,9.0,1.0,155.32624113475177,190.12765957446808,2.9007092198581574,37.70212765957447,0.24830917874396136,0
1.0333333333333334,0.36666666666666664,0,0,11,8.0,0.8888888888888888,150.89361702127658,217.60992907801418,-3.340425531914917,63.375886524822675,0.24057971014492754,0
1.0333333333333334,0.36666666666666664,0,0,11,7.0,0.7272727272727273,149.17021276595744,229.06382978723403,23.085106382978722,102.9787234042553,0.23285024154589373,0
1.0333333333333334,0.36666666666666664,0,0,11,6.0,0.6666666666666666,150.00709219858155,228.7872340425532,4.283687943262407,83.06382978723406,0.22318840579710145,0
0.5,0.36666666666666664,0,0,11,7.0,0.6666666666666666,151.63829787234042,229.822695035461,-44.212765957446805,33.97163120567379,0.21642512077294687,0
0.2,0.36666666666666664,0,0,11,8.5,1.0,144.24822695035462,229.41843971631207,-84.56028368794324,0.6099290780142042,0.23478260869565218,0
0.4,1.0,0,0,11,11.0,1.0,229.4468085106383,159.99290780141845,2.148936170212778,-67.30496453900707,0.13816425120772946,1
0.3,0.36666666666666664,0,3,11,10.0,1.0,192.26241134751774,149.7872340425532,2.0070921985815744,-40.46808510638297,0.23768115942028986,0
1.0,0.9,0,3,11,10.0,1.0,187.82269503546095,181.15602836879432,3.5035460992907304,-3.1631205673758984,0.2541062801932367,0
1.0333333333333334,0.9,0,2,11,6.0,0.6666666666666666,186.3758865248227,188.45390070921985,57.801418439716315,59.87943262411346,0.26859903381642514,0
1.0333333333333334,0.9,0,1,11,2.0,0.375,187.94326241134752,187.6595744680851,93.98581560283688,93.70212765957447,0.28309178743961355,0
0.5,0.9,0,0,11,8.0,0.8571428571428571,187.1631205673759,186.3758865248227,20.758865248226954,19.97163120567376,0.2985507246376812,0
0.43333333333333335,0.9,0,0,11,9.0,1.0,167.7163120567376,182.36879432624116,-21.283687943262407,-6.631205673758842,0.3130434782608696,0
0.4666666666666667,0.3,0,0,11,10.0,1.0,135.61702127659575,174.5035460992908,-52.446808510638306,-13.560283687943269,0.32753623188405795,0
0.5666666666666667,0.2,0,0,11,10.0,1.0,181.15602836879432,155.70212765957447,-3.0567375886524815,-28.510638297872333,0.3671497584541063,0
0.6,0.26666666666666666,0,0,11,8.0,1.0,188.45390070921985,155.17021276595744,12.17730496453899,-21.106382978723417,0.3671497584541063,0
0.6333333333333333,0.26666666666666666,0,0,11,8.0,1.0,187.6595744680851,154.5390070921986,24.638297872340416,-8.482269503546092,0.36618357487922704,0
0.6333333333333333,0.26666666666666666,0,0,11,8.0,1.0,186.3758865248227,150.2695035460993,30.141843971631204,-5.964539007092213,0.3681159420289855,0
0.6,0.26666666666666666,0,0,11,10.0,1.0,182.36879432624116,137.8581560283688,27.156028368794352,-17.35460992907801,0.3690821256038647,0
0.6,0.26666666666666666,0,0,11,10.5,1.0,174.5035460992908,121.67375886524822,18.843971631205676,-33.985815602836894,0.35942028985507246,0
0.6,0.26666666666666666,0,0,11,10.0,1.0,165.17730496453905,134.8581560283688,10.53900709219863,-19.78014184397162,0.34202898550724636,0
0.6666666666666666,0.5666666666666667,0,0,11,9.0,1.0,158.15602836879432,157.73758865248226,4.836879432624102,4.418439716312037,0.34396135265700484,0
1.0,1.0,0,0,11,8.0,1.0,155.70212765957447,184.9645390070922,12.85106382978725,42.11347517730499,0.3536231884057971,0
1.0,1.0,0,0,11,7.0,0.6666666666666666,155.17021276595744,186.1985815602837,37.765957446808514,68.79432624113478,0.3642512077294686,0
0.9666666666666667,1.0,0,0,11,6.0,0.5714285714285714,154.5390070921986,185.95744680851067,49.77304964539009,81.19148936170215,0.3739130434782609,0
0.4,0.9333333333333333,0,0,11,11.0,1.0,150.2695035460993,182.88652482269504,-32.13475177304966,0.48226950354609244,0.38164251207729466,0
0.4,0.9,0,0,11,11.0,1.0,137.8581560283688,175.645390070922,-48.184397163120565,-10.39716312056737,0.3893719806763285,0
0.4,0.26666666666666666,0,0,11,10.0,1.0,121.67375886524822,167.67375886524823,-64.77304964539009,-18.773049645390074,0.39516908212560387,0
0.4,0.2,0,0,11,9.0,1.0,134.8581560283688,157.99290780141845,-51.24822695035462,-28.113475177304963,0.40193236714975844,0
0.4666666666666667,0.2,0,0,11,8.0,1.0,157.7375886524823,150.9716312056738,-27.581560283687935,-34.347517730496435,0.40193236714975844,0
0.5,0.2,1,0,11,7.0,1.0,184.9645390070922,144.8794326241135,7.730496453900713,-32.35460992907801,0.39903381642512076,0
0.5333333333333333,0.26666666666666666,1,0,11,7.0,1.0,186.1985815602837,143.21985815602838,21.815602836879464,-21.16312056737587,0.39516908212560387,0
0.5666666666666667,0.3,1,0,11,8.0,1.0,185.95744680851067,143.91489361702128,24.553191489361723,-17.489361702127667,0.3893719806763285,0
0.6,0.3,1,0,11,8.5,0.75,182.88652482269504,142.17021276595744,34.6950354609929,-6.021276595744695,0.391304347826087,0
0.6,0.3,1,0,11,8.0,0.7777777777777778,175.645390070922,134.354609929078,32.32624113475177,-8.964539007092213,0.4057971014492754,0
0.6,0.3,1,0,11,9.5,0.875,167.67375886524823,132.76595744680853,24.54609929078015,-10.361702127659555,0.40869565217391307,0
0.5666666666666667,0.3,2,0,11,10.0,1.0,157.99290780141845,142.53191489361703,14.780141843971649,-0.6808510638297776,0.39903381642512076,0
0.6333333333333333,0.3,2,0,11,9.0,1.0,150.97163120567376,161.25531914893617,5.567375886524815,15.851063829787222,0.4057971014492754,0
0.8666666666666667,0.3,2,0,11,7.5,1.0,144.8794326241135,169.5177304964539,6.985815602836908,31.624113475177325,0.4241545893719807,0
0.8333333333333334,0.3,2,0,11,7.0,0.7777777777777778,143.21985815602838,158.68085106382978,23.453900709219866,38.914893617021264,0.43285024154589374,0
0.8,0.3,2,0,11,7.5,0.8333333333333334,143.9148936170213,134.13475177304963,3.2765957446808898,-6.503546099290787,0.4396135265700483,0
0.36666666666666664,0.3,2,0,11,9.5,1.0,142.17021276595744,112.65957446808511,-25.021276595744695,-54.53191489361703,0.4434782608695652,0
0.4666666666666667,0.26666666666666666,2,0,11,10.0,1.0,134.354609929078,115.24113475177303,-41.581560283687935,-60.69503546099291,0.44154589371980674,0
0.6,0.43333333333333335,2,0,11,11.0,1.0,132.76595744680853,121.3758865248227,-32.65957446808508,-44.04964539007091,0.4386473429951691,0
0.9666666666666667,0.43333333333333335,2,0,11,6.0,1.0,142.53191489361703,117.68085106382979,7.85106382978725,-16.999999999999986,0.442512077294686,0
0.9666666666666667,0.43333333333333335,3,0,11,6.0,0.5833333333333334,161.2553191489362,115.86524822695036,58.95744680851067,13.567375886524829,0.4434782608695652,0
0.9666666666666667,0.43333333333333335,3,2,11,6.0,0.6,169.51773049645388,129.56737588652481,68.51773049645388,28.567375886524815,0.44154589371980674,0
0.9333333333333333,0.7,3,2,11,8.0,0.8571428571428571,158.68085106382978,157.75886524822695,16.255319148936167,15.333333333333343,0.44154589371980674,0
0.9666666666666667,0.6333333333333333,3,1,11,8.5,1.0,134.13475177304963,172.36170212765958,13.432624113475157,51.65957446808511,0.44154589371980674,0
0.9333333333333333,0.6333333333333333,3,0,11,6.0,0.5454545454545454,112.65957446808511,173.3758865248227,22.744680851063833,83.46099290780143,0.4405797101449275,0
0.6666666666666666,0.6333333333333333,3,0,11,7.5,0.6666666666666666,115.24113475177303,163.45390070921985,-21.737588652482273,26.475177304964546,0.4396135265700483,0
0.5,0.6333333333333333,4,0,11,6.5,0.6666666666666666,121.3758865248227,149.66666666666666,-40.43262411347516,-12.141843971631204,0.4396135265700483,0
0.36666666666666664,0.2,4,0,11,8.5,0.75,117.68085106382978,141.78014184397162,-56.80851063829789,-32.70921985815605,0.44154589371980674,0
0.5333333333333333,0.23333333333333334,4,0,11,11.0,0.6666666666666666,115.86524822695036,142.12765957446808,-64.92198581560284,-38.65957446808511,0.4318840579710145,0
0.6333333333333333,0.3,4,0,11,6.0,0.8,129.56737588652481,144.8368794326241,-35.28368794326241,-20.01418439716312,0.421256038647343,0
0.6666666666666666,0.3,4,0,11,6.5,0.875,157.75886524822695,147.07801418439718,13.035460992907815,2.3546099290780376,0.4115942028985507,0
0.6333333333333333,0.3,4,0,11,7.5,0.875,172.36170212765958,145.93617021276597,32.93617021276597,6.510638297872362,0.39516908212560387,0
0.6,0.3,5,0,11,8.0,0.875,173.3758865248227,139.24822695035462,32.184397163120565,-1.9432624113475185,0.36618357487922704,0
0.5,0.3,5,0,11,9.0,1.0,163.45390070921985,140.76595744680853,17.687943262411352,-4.999999999999972,0.3391304347826087,0
0.5,0.3,5,0,10,9.0,1.0,149.66666666666666,166.5035460992908,2.113475177304963,18.950354609929093,0.32270531400966185,0
0.5,0.3333333333333333,5,0,10,9.0,1.0,141.78014184397162,200.8794326241135,-6.134751773049658,52.96453900709221,0.30628019323671496,0
0.7,0.7666666666666667,5,0,9,8.0,1.0,142.12765957446808,226.3758865248227,-0.2127659574468055,84.03546099290782,0.2811594202898551,0
0.8,0.7666666666666667,5,0,8,7.0,0.8571428571428571,144.8368794326241,228.84397163120568,17.34751773049645,101.35460992907802,0.26666666666666666,0
0.7666666666666667,0.7666666666666667,0,0,7,3.0,0.5,147.07801418439718,227.48226950354612,-5.390070921985796,75.01418439716315,0.26570048309178745,0
0.2,0.7333333333333333,0,0,6,5.0,1.0,145.93617021276597,226.85815602836882,-73.61702127659572,7.3049645390071305,0.2714975845410628,0
0.2,0.5666666666666667,0,0,0,0,0,139.24822695035462,226.2695035460993,-91.36879432624113,-4.347517730496463,0.2763285024154589,0
0.6666666666666666,0.2,0,0,11,11.0,1.0,226.2695035460993,146.31914893617022,3.205673758865231,-76.74468085106383,0.2589371980676328,0
0.7,0.23333333333333334,0,0,11,6.0,0.6,226.6595744680851,143.24113475177305,59.63829787234042,-23.78014184397165,0.24830917874396136,0
0.7666666666666667,0.26666666666666666,0,6,11,6.0,0.6666666666666666,226.822695035461,142.22695035460993,94.24822695035462,9.652482269503537,0.24057971014492754,0
0.5333333333333333,0.26666666666666666,0,0,11,8.0,1.0,226.11347517730496,144.70212765957447,74.64539007092199,-6.7659574468085,0.24830917874396136,0
0.6333333333333333,0.26666666666666666,0,0,11,9.0,1.0,205.88652482269504,150.29787234042553,60.567375886524815,4.978723404255305,0.2579710144927536,0
0.6,0.3,0,0,11,9.0,1.0,174.21985815602838,159.7517730496454,32.049645390070935,17.581560283687963,0.26859903381642514,0
0.6,0.3,0,0,11,9.0,1.0,150.354609929078,171.04255319148936,8.120567375886509,28.80851063829786,0.29082125603864734,0
0.6,0.3,0,0,11,8.0,0.8333333333333334,143.12056737588654,178.78014184397162,0.843971631205676,36.50354609929076,0.3178743961352657,0
0.5333333333333333,0.3,0,0,11,8.0,1.0,146.31914893617022,182.31914893617022,-3.276595744680833,32.72340425531917,0.3314009661835749,0
0.43333333333333335,0.26666666666666666,0,0,11,7.0,1.0,143.24113475177305,181.5531914893617,-15.780141843971649,22.531914893617,0.3458937198067633,0
0.4,0.2,0,0,11,8.5,1.0,142.22695035460993,181.43971631205673,-28.41134751773049,10.801418439716315,0.36135265700483093,0
0.26666666666666666,0.2,0,0,11,11.0,1.0,144.70212765957447,177.531914893617,-38.7659574468085,-5.936170212765973,0.37584541062801935,0
0.3,0.3333333333333333,0,0,11,11.0,1.0,178.78014184397162,125.46099290780143,-3.113475177304963,-56.43262411347516,0.3893719806763285,0
0.7666666666666667,0.7333333333333333,0,0,11,11.0,0.6666666666666666,182.31914893617022,140.82978723404256,12.787234042553195,-28.702127659574472,0.38454106280193234,0
0.8333333333333334,0.8,0,6,11,2.5,0.375,181.5531914893617,138.85106382978722,57.148936170212764,14.446808510638292,0.37971014492753624,0
0.8333333333333334,0.8,0,6,11,2.0,0.36363636363636365,181.43971631205673,138.9787234042553,88.6950354609929,46.23404255319147,0.3739130434782609,0
0.43333333333333335,0.8,0,0,11,8.0,1.0,177.53191489361703,139.60992907801418,33.04255319148936,-4.879432624113491,0.36618357487922704,0
0.43333333333333335,0.8,1,6,11,9.0,1.0,158.60992907801418,141.5531914893617,19.460992907801398,2.404255319148916,0.36135265700483093,0
0.43333333333333335,0.26666666666666666,1,6,11,9.0,1.0,128.89361702127658,147.0709219858156,-9.957446808510639,8.21985815602838,0.35845410628019325,0
0.43333333333333335,0.26666666666666666,1,6,11,9.0,1.0,120.54609929078015,159.39716312056737,-18.007092198581546,20.843971631205676,0.37294685990338167,0
0.43333333333333335,0.26666666666666666,1,0,11,9.0,1.0,125.46099290780143,168.63829787234044,-14.070921985815602,29.106382978723417,0.39420289855072466,0
0.43333333333333335,0.26666666666666666,2,0,11,8.0,1.0,140.82978723404256,174.7517730496454,0.0851063829787222,34.007092198581574,0.39903381642512076,0
0.43333333333333335,0.26666666666666666,2,6,11,7.0,1.0,138.85106382978722,174.2127659574468,-5.531914893617028,29.829787234042556,0.4048309178743961,0
0.4,0.26666666666666666,2,0,11,8.5,1.0,138.9787234042553,175.84397163120568,-17.106382978723417,19.758865248226954,0.4106280193236715,0
0.23333333333333334,0.2,2,0,11,11.0,1.0,139.60992907801418,170.19148936170214,-38.11347517730496,-7.5319148936169995,0.41835748792270533,0
0.3,0.4,2,0,11,11.0,1.0,168.63829787234042,124.72340425531915,-8.361702127659584,-52.27659574468085,0.39806763285024155,0
0.8333333333333334,0.8666666666666667,1,6,11,11.0,0.6666666666666666,174.75177304964538,144.69503546099293,17.283687943262407,-12.773049645390046,0.391304347826087,0
0.8666666666666667,0.8666666666666667,1,6,11,2.0,0.36363636363636365,174.2127659574468,144.46099290780143,61.06382978723404,31.312056737588662,0.38164251207729466,0
0.9,0.9,1,6,11,2.5,0.4166666666666667,175.8439716312057,145.70212765957447,92.14184397163123,62.0,0.3719806763285024,0
0.43333333333333335,0.9333333333333333,1,0,11,8.0,1.0,170.19148936170214,147.54609929078015,23.744680851063833,1.0992907801418426,0.36328502415458935,0
0.4666666666666667,0.7666666666666667,1,0,11,9.0,1.0,149.20567375886523,149.93617021276597,5.184397163120536,5.914893617021278,0.3545893719806763,0
0.4666666666666667,0.26666666666666666,0,0,11,9.5,1.0,118.1063829787234,155.3049645390071,-25.510638297872347,11.687943262411352,0.3468599033816425,0
0.43333333333333335,0.26666666666666666,0,0,11,9.5,1.0,114.43262411347519,166.65248226950357,-31.312056737588648,20.907801418439732,0.35555555555555557,0
0.43333333333333335,0.26666666666666666,0,0,11,8.5,1.0,124.72340425531915,178.32624113475177,-23.02127659574468,30.581560283687935,0.3545893719806763,0
0.43333333333333335,0.26666666666666666,0,0,11,8.0,1.0,144.69503546099293,186.5390070921986,-4.453900709219852,37.390070921985824,0.3507246376811594,0
0.4,0.26666666666666666,0,0,11,7.0,1.0,144.4609929078014,188.36170212765956,-8.45390070921988,35.44680851063828,0.34879227053140094,0
0.3333333333333333,0.23333333333333334,0,0,11,6.5,1.0,145.70212765957447,188.1985815602837,-18.14893617021275,24.34751773049649,0.3468599033816425,0
0.36666666666666664,0.5666666666666667,0,0,8,5.0,0.5,178.32624113475177,181.45390070921985,-9.120567375886537,-5.992907801418454,0.28019323671497587,0
0.7,0.6333333333333333,0,0,7,4.5,0.5,186.5390070921986,189.1631205673759,23.666666666666686,26.29078014184398,0.2647342995169082,0
0.8,0.6333333333333333,0,6,6,2.0,0.4444444444444444,188.36170212765956,190.21985815602838,75.29787234042551,77.15602836879434,0.2492753623188406,0
0.6666666666666666,0.6666666666666666,0,0,7,6.0,0.8,188.1985815602837,192.1985815602837,21.581560283687963,25.581560283687963,0.2318840579710145,0
0.5,0.6666666666666666,0,0,8,7.5,1.0,179.6595744680851,195.12765957446808,-9.659574468085111,5.808510638297861,0.21545893719806763,0
0.5333333333333333,0.26666666666666666,0,0,9,8.0,1.0,154.4609929078014,201.12765957446808,-33.96453900709221,12.702127659574472,0.20096618357487922,0
0.4666666666666667,0.26666666666666666,0,0,10,8.5,1.0,147.51773049645388,210.6950354609929,-42.226950354609954,20.950354609929065,0.19227053140096617,0
0.4666666666666667,0.26666666666666666,0,0,11,9.0,1.0,156.33333333333334,221.39007092198582,-36.156028368794324,28.900709219858157,0.21256038647342995,0
0.43333333333333335,0.26666666666666666,0,0,10,9.0,1.0,181.45390070921985,228.2695035460993,-12.907801418439732,33.9078014184397,0.22028985507246376,0
0.43333333333333335,0.23333333333333334,0,0,9,8.0,1.0,189.1631205673759,231.20567375886526,-9.36879432624113,32.67375886524823,0.22995169082125605,0
0.36666666666666664,0.23333333333333334,0,0,8,7.5,1.0,190.21985815602838,231.65248226950357,-20.269503546099287,21.1631205673759,0.23864734299516907,0
0.3,0.2,0,0,7,6.5,1.0,192.1985815602837,230.2482269503546,-30.865248226950342,7.184397163120536,0.2463768115942029,0
0.36666666666666664,1.0333333333333334,0,0,7,7.0,1.0,228.2695035460993,149.09929078014184,1.3546099290780091,-77.81560283687944,0.25507246376811593,0
1.0333333333333334,1.0333333333333334,1,0,8,5.5,0.5,231.20567375886526,150.9716312056738,34.20567375886526,-46.02836879432621,0.25217391304347825,0
1.0333333333333334,1.0333333333333334,2,0,9,1.0,0.3125,231.65248226950357,150.57446808510636,151.75886524822698,70.68085106382976,0.2531400966183575,0
0.5333333333333333,1.0333333333333334,4,0,10,7.0,0.7142857142857143,230.2482269503546,150.91489361702125,85.37588652482268,6.042553191489333,0.2618357487922705,0
0.4666666666666667,1.0333333333333334,4,0,11,8.0,0.8571428571428571,218.6241134751773,152.87234042553192,67.21985815602835,1.468085106382972,0.2811594202898551,0
0.43333333333333335,0.36666666666666664,5,0,10,9.0,1.0,167.93617021276597,158.74468085106383,16.914893617021278,7.723404255319139,0.30241545893719807,0
0.43333333333333335,0.36666666666666664,5,0,10,10.0,1.0,140.5886524822695,171.92907801418437,-9.900709219858157,21.439716312056703,0.3140096618357488,0
0.4,0.3333333333333333,5,0,11,11.0,1.0,125.39007092198584,184.6950354609929,-24.822695035460967,34.48226950354609,0.3294685990338164,0
0.4,0.3333333333333333,0,0,11,11.0,1.0,150.91489361702128,120.822695035461,-40.68085106382978,-70.77304964539006,0.4038647342995169,0
0.5,0.3,0,0,11,10.5,1.0,152.87234042553192,122.78723404255318,-41.787234042553195,-71.87234042553193,0.4144927536231884,0
0.6333333333333333,0.5,0,0,11,9.0,1.0,158.7446808510638,132.1205673758865,-22.765957446808528,-49.390070921985824,0.4405797101449275,0
0.8333333333333334,0.5,0,0,11,6.5,0.9,171.9290780141844,129.72340425531914,21.482269503546092,-20.723404255319167,0.4260869565217391,0
0.8333333333333334,0.5,2,0,11,7.0,0.6923076923076923,184.6950354609929,118.09929078014186,72.65248226950354,6.056737588652496,0.4270531400966184,0
0.8333333333333334,0.5,4,0,11,7.0,0.6666666666666666,189.25531914893614,126.41843971631205,89.27659574468082,26.43971631205673,0.4270531400966184,0
0.7666666666666667,0.5,0,0,11,9.0,1.0,175.5390070921986,156.48226950354612,19.198581560283714,0.14184397163123208,0.4289855072463768,0
0.7666666666666667,0.5,0,0,11,10.0,1.0,148.0,168.79432624113477,7.957446808510639,28.751773049645408,0.4318840579710145,0
0.7666666666666667,0.5,5,0,11,7.0,0.6363636363636364,120.822695035461,139.8014184397163,28.0354609929078,47.01418439716309,0.43381642512077295,0
0.8,0.5,5,0,11,11.0,0.875,122.78723404255318,121.75886524822694,1.3191489361702082,0.2907801418439675,0.4318840579710145,0
0.4,0.5,0,0,11,10.5,1.0,132.1205673758865,117.86524822695033,-32.87943262411349,-47.13475177304967,0.4280193236714976,0
0.4666666666666667,0.9666666666666667,0,0,11,10.0,1.0,129.72340425531914,142.11347517730493,-53.25531914893617,-40.86524822695037,0.4241545893719807,0
0.9666666666666667,1.0,0,0,11,9.0,1.0,118.09929078014186,149.53191489361703,-40.30496453900709,-8.872340425531917,0.4260869565217391,0
1.0333333333333334,1.0333333333333334,0,1,11,6.0,0.5333333333333333,126.41843971631208,150.57446808510636,48.3971631205674,72.55319148936168,0.4289855072463768,0
0.9666666666666667,1.0333333333333334,0,1,11,7.0,0.8888888888888888,156.48226950354612,150.51063829787236,27.6312056737589,21.65957446808514,0.4289855072463768,0
0.6,1.0333333333333334,0,1,11,8.0,0.875,168.79432624113474,152.6595744680851,22.070921985815602,5.936170212765973,0.42318840579710143,0
0.5666666666666667,0.26666666666666666,0,1,11,9.0,1.0,139.8014184397163,156.99290780141845,-10.964539007092213,6.226950354609954,0.4077294685990338,0
0.5333333333333333,0.26666666666666666,0,2,11,9.5,1.0,121.75886524822694,167.80851063829786,-29.347517730496477,16.702127659574444,0.39516908212560387,0
0.5,0.26666666666666666,0,2,11,9.5,1.0,117.86524822695033,177.8794326241135,-31.985815602836894,28.02836879432627,0.41739130434782606,0
0.5,0.26666666666666666,0,2,11,8.5,1.0,142.11347517730496,186.4609929078014,-8.460992907801426,35.88652482269501,0.41545893719806765,0
0.5333333333333333,0.26666666666666666,0,2,11,7.5,1.0,149.531914893617,188.1985815602837,-8.021276595744695,30.64539007092202,0.40096618357487923,0
0.5,0.26666666666666666,0,2,11,7.0,1.0,150.5744680851064,188.11347517730496,-12.276595744680833,25.26241134751774,0.3932367149758454,0
0.4,0.23333333333333334,0,2,11,6.5,1.0,150.51063829787233,185.70921985815605,-32.51063829787236,2.687943262411352,0.39710144927536234,0
0.5333333333333333,1.0333333333333334,0,3,11,7.5,1.0,186.4609929078014,146.56028368794327,5.078014184397148,-34.82269503546098,0.3681159420289855,0
1.0333333333333334,1.0333333333333334,0,3,11,4.0,0.8,188.1985815602837,149.63120567375884,34.11347517730499,-4.45390070921988,0.36038647342995167,0
1.0333333333333334,1.0333333333333334,0,4,11,1.0,0.375,188.11347517730496,149.56028368794327,112.28368794326241,73.73049645390071,0.3516908212560386,0
0.4,1.0333333333333334,0,4,11,7.0,1.0,185.709219858156,150.09929078014184,45.645390070921934,10.035460992907787,0.34202898550724636,0
0.4,1.0333333333333334,1,4,11,8.5,1.0,174.32624113475177,150.85815602836877,23.517730496453908,0.04964539007090707,0.3342995169082126,0
0.23333333333333334,0.6,1,0,8,6.5,1.0,179.96453900709218,180.90780141843973,-1.5035460992907872,-0.5602836879432402,0.28888888888888886,0
0.6666666666666666,0.6333333333333333,0,1,7,6.5,1.0,182.01418439716312,189.40425531914897,-1.9858156028368796,5.404255319148973,0.2763285024154589,0
0.7,0.6666666666666666,0,7,7,2.0,0.4,182.61702127659578,188.95744680851067,73.10638297872343,79.44680851063832,0.2618357487922705,0
0.6333333333333333,0.6666666666666666,0,0,8,6.5,0.6666666666666666,182.468085106383,189.3404255319149,19.80851063829789,26.680851063829778,0.2492753623188406,0
0.4666666666666667,0.7,0,0,9,8.0,1.0,182.65248226950357,191.2836879432624,-8.304964539007074,0.3262411347517684,0.23671497584541062,0
0.4666666666666667,0.3,0,0,10,8.0,0.8,158.32624113475177,193.7304964539007,-30.78014184397165,4.624113475177296,0.22608695652173913,0
0.5,0.26666666666666666,0,0,11,9.0,1.0,152.05673758865248,200.63120567375884,-36.0921985815603,12.482269503546064,0.21642512077294687,0
0.43333333333333335,0.26666666666666666,0,0,11,8.5,1.0,154.3758865248227,210.39716312056737,-35.241134751773046,20.78014184397162,0.20869565217391303,0
0.43333333333333335,0.26666666666666666,0,0,11,8.0,1.0,180.9078014184397,221.20567375886526,-9.347517730496463,30.950354609929093,0.20193236714975846,0
0.36666666666666664,0.26666666666666666,0,0,11,8.0,1.0,189.40425531914897,228.11347517730496,-4.574468085106332,34.13475177304966,0.1961352657004831,0
0.36666666666666664,0.23333333333333334,0,0,11,7.0,1.0,188.95744680851067,230.85815602836877,-7.999999999999972,33.90070921985813,0.21545893719806763,0
0.3,0.23333333333333334,0,0,11,8.0,1.0,189.3404255319149,230.11347517730496,-21.61702127659575,19.156028368794324,0.23381642512077294,0
0.23333333333333334,0.2,0,0,11,11.0,1.0,191.2836879432624,229.20567375886526,-31.992907801418454,5.929078014184398,0.24347826086956523,0
0.23333333333333334,0.9666666666666667,0,0,11,10.5,1.0,230.11347517730496,161.822695035461,0.8794326241134627,-67.41134751773049,0.1826086956521739,1
0.43333333333333335,1.0333333333333334,0,6,11,11.0,1.0,194.48936170212767,145.2127659574468,10.148936170212778,-39.12765957446808,0.2811594202898551,0
1.0333333333333334,1.0333333333333334,0,6,11,7.5,1.0,190.70212765957447,168.54609929078015,25.319148936170222,3.1631205673758984,0.2946859903381642,0
1.0333333333333334,1.0333333333333334,2,5,11,2.0,0.3125,187.42553191489364,176.92907801418437,149.72340425531917,139.2269503546099,0.30821256038647343,0
0.8,1.0333333333333334,2,4,11,2.0,0.45454545454545453,185.12765957446808,180.7163120567376,78.95744680851064,74.54609929078015,0.31980676328502416,0
0.3333333333333333,1.0333333333333334,2,0,11,8.0,1.0,177.9787234042553,180.74468085106386,21.063829787234027,23.829787234042584,0.33043478260869563,0
0.3333333333333333,0.4,3,0,11,9.0,1.0,129.1418439716312,173.72340425531914,-43.41134751773049,1.1702127659574444,0.34009661835748795,0
0.3,0.23333333333333334,3,0,11,9.5,1.0,103.08510638297872,163.26241134751774,-73.08510638297872,-12.907801418439703,0.3516908212560386,0
0.4666666666666667,0.2,5,0,11,11.0,1.0,168.54609929078012,151.31914893617022,-7.709219858156047,-24.936170212765944,0.38067632850241545,0
0.5333333333333333,0.26666666666666666,5,0,11,6.0,1.0,176.9290780141844,152.5390070921986,15.929078014184398,-8.460992907801398,0.38164251207729466,0
0.5333333333333333,0.26666666666666666,6,0,11,7.0,1.0,180.7163120567376,153.39716312056737,28.184397163120565,0.8652482269503423,0.38164251207729466,0
0.5333333333333333,0.3,0,0,11,8.0,1.0,180.74468085106386,148.0709219858156,31.021276595744723,-1.6524822695035368,0.38357487922705313,0
0.4666666666666667,0.3,0,0,11,8.5,1.0,173.72340425531914,126.70212765957446,22.638297872340416,-24.382978723404264,0.38357487922705313,0
0.5,0.3,0,0,11,8.0,1.0,163.2624113475177,123.48936170212767,10.113475177304935,-29.65957446808511,0.3516908212560386,0
0.4666666666666667,0.3,1,0,11,8.0,1.0,154.41843971631207,139.8794326241135,1.0354609929078151,-13.503546099290759,0.3314009661835749,0
0.5666666666666667,0.8666666666666667,7,0,11,8.0,1.0,151.11347517730496,173.79432624113474,-2.5460992907801483,20.13475177304963,0.33043478260869563,0
0.8666666666666667,0.8333333333333334,8,0,11,7.0,0.6666666666666666,151.31914893617022,188.90070921985816,14.148936170212778,51.73049645390071,0.3314009661835749,0
0.8,0.8333333333333334,8,0,11,2.0,0.3076923076923077,152.53900709219857,190.0,63.26241134751773,100.72340425531915,0.3333333333333333,0
0.7666666666666667,0.8,3,0,11,3.0,0.4,153.39716312056737,189.47517730496455,9.375886524822675,45.45390070921985,0.3352657004830918,0
0.13333333333333333,0.7666666666666667,3,0,11,11.0,1.0,148.0709219858156,187.29078014184395,-38.26950354609929,0.9503546099290645,0.336231884057971,0
0.3333333333333333,0.23333333333333334,5,3,11,11.0,1.0,188.90070921985816,159.19858156028366,6.113475177304963,-23.588652482269538,0.34106280193236715,0
0.36666666666666664,0.23333333333333334,0,2,11,6.0,1.0,190.0,160.8368794326241,19.19148936170214,-9.97163120567376,0.3314009661835749,0
0.36666666666666664,0.26666666666666666,0,2,11,7.0,1.0,189.47517730496452,165.85815602836877,26.79432624113474,3.1773049645389904,0.3217391304347826,0
0.4666666666666667,0.26666666666666666,0,1,11,8.0,1.0,187.29078014184395,170.7304964539007,29.39716312056737,12.83687943262413,0.3111111111111111,0
0.5,0.26666666666666666,0,0,11,8.0,1.0,181.01418439716312,160.77304964539005,23.35460992907801,3.1134751773049345,0.2975845410628019,0
0.5,0.26666666666666666,0,0,11,8.0,1.0,172.0921985815603,153.38297872340425,10.049645390070935,-8.659574468085111,0.2743961352657005,0
0.5,0.26666666666666666,0,0,11,9.0,1.0,163.79432624113474,160.8581560283688,0.9858156028368796,-1.9503546099290645,0.2714975845410628,0
0.4666666666666667,0.6,0,0,11,8.0,1.0,159.4113475177305,188.79432624113474,-13.312056737588648,16.070921985815602,0.2743961352657005,0
0.7333333333333333,0.5666666666666667,0,0,11,7.0,1.0,159.19858156028366,210.9290780141844,-17.460992907801455,34.26950354609929,0.2772946859903382,0
0.7,0.5666666666666667,15,0,11,6.0,0.5555555555555556,160.8368794326241,216.63829787234042,27.900709219858157,83.70212765957447,0.2811594202898551,0
0.7,0.5666666666666667,3,0,11,3.0,0.4444444444444444,165.85815602836877,218.22695035460993,15.304964539007074,67.67375886524823,0.28405797101449276,0
0.36666666666666664,0.5333333333333333,0,0,11,9.0,0.6666666666666666,170.7304964539007,215.5035460992908,-28.35460992907801,16.418439716312065,0.28599033816425123,0
0.3,0.4666666666666667,0,0,11,5.5,0.5,160.77304964539007,207.54609929078015,-55.97163120567376,-9.198581560283685,0.28695652173913044,0
0.3,0.3,0,0,11,7.0,0.6666666666666666,153.38297872340425,195.27659574468086,-63.57446808510639,-21.680851063829778,0.28599033816425123,0
0.3,0.26666666666666666,0,0,11,6.0,0.6666666666666666,160.8581560283688,186.4468085106383,-55.35460992907801,-29.7659574468085,0.28019323671497587,0
0.36666666666666664,0.3,0,0,11,2.0,0.3333333333333333,188.79432624113474,181.31914893617022,-32.71631205673759,-40.19148936170211,0.26956521739130435,0
0.36666666666666664,0.23333333333333334,0,0,11,6.0,0.6666666666666666,210.92907801418437,179.13475177304963,2.1418439716311752,-29.652482269503565,0.2570048309178744,0
0.43333333333333335,0.2,0,0,11,6.5,0.75,216.63829787234044,181.66666666666666,24.297872340425556,-10.673758865248232,0.24541062801932367,0
0.4,0.4666666666666667,0,0,11,9.0,1.0,203.1631205673759,176.8014184397163,-15.815602836879407,-42.17730496453902,0.2946859903381642,0
0.5333333333333333,0.4666666666666667,0,0,11,7.0,1.0,214.88652482269504,169.39007092198582,17.950354609929093,-27.54609929078012,0.30144927536231886,0
0.5333333333333333,0.4666666666666667,5,0,11,4.0,0.5,224.58865248226948,168.43971631205673,79.9078014184397,23.758865248226954,0.30628019323671496,0
0.5333333333333333,0.4666666666666667,4,0,11,6.0,0.6666666666666666,226.06382978723403,182.32624113475177,63.787234042553166,20.049645390070907,0.3111111111111111,0
0.5333333333333333,0.4666666666666667,0,0,11,8.5,1.0,214.9432624113475,213.12765957446808,22.581560283687907,20.7659574468085,0.3188405797101449,0
0.5333333333333333,0.4666666666666667,1,0,11,6.0,0.8,186.86524822695034,190.95744680851064,11.099290780141843,15.19148936170214,0.32657004830917874,0
0.5333333333333333,0.4666666666666667,6,0,11,4.0,0.5,167.9645390070922,150.3758865248227,27.921985815602852,10.333333333333343,0.3333333333333333,0
0.36666666666666664,0.4666666666666667,1,0,11,11.0,0.6666666666666666,166.43971631205673,117.32624113475178,-23.070921985815602,-72.18439716312055,0.34009661835748795,0
0.2,1.0333333333333334,0,0,11,11.0,1.0,176.80141843971634,126.45390070921985,-40.62411347517727,-90.97163120567376,0.34396135265700484,0
1.0,1.0,0,0,11,11.0,1.0,169.39007092198582,143.13475177304963,-63.05673758865248,-89.31205673758868,0.34879227053140094,0
1.0333333333333334,1.0333333333333334,0,2,11,2.0,0.3333333333333333,168.43971631205673,145.08510638297872,45.43971631205673,22.085106382978722,0.3545893719806763,0
1.0333333333333334,1.0333333333333334,0,2,11,2.0,0.3333333333333333,182.32624113475177,143.0851063829787,86.64539007092198,47.4042553191489,0.36038647342995167,0
0.5333333333333333,1.0333333333333334,0,2,11,8.0,1.0,213.12765957446808,144.5035460992908,79.82978723404256,11.20567375886526,0.3652173913043478,0
0.5,1.0333333333333334,0,2,11,9.0,1.0,190.95744680851067,150.59574468085106,40.57446808510642,0.2127659574468055,0.3652173913043478,0
0.5,0.23333333333333334,0,2,11,10.0,1.0,150.3758865248227,160.51063829787233,4.652482269503565,14.787234042553195,0.3536231884057971,0
0.5,0.23333333333333334,0,2,11,9.0,0.8571428571428571,117.32624113475178,174.4113475177305,-21.822695035460995,35.26241134751771,0.36135265700483093,0
0.4666666666666667,0.23333333333333334,0,2,11,8.5,1.0,126.45390070921985,187.14893617021278,-17.929078014184398,42.76595744680853,0.38067632850241545,0
0.5,0.23333333333333334,0,2,11,8.0,1.0,143.13475177304963,192.14893617021278,-6.843971631205676,42.17021276595747,0.3855072463768116,0
0.5,0.23333333333333334,0,2,11,7.0,1.0,145.0851063829787,190.94326241134752,-12.340425531914917,33.51773049645391,0.38067632850241545,0
0.4666666666666667,0.23333333333333334,0,2,11,8.5,1.0,143.0851063829787,188.92907801418437,-31.04255319148939,14.801418439716286,0.38743961352657,0
0.3,0.23333333333333334,0,2,11,11.0,1.0,144.5035460992908,187.6595744680851,-47.17730496453899,-4.021276595744666,0.3961352657004831,0
0.3333333333333333,0.23333333333333334,0,2,11,11.0,1.0,187.14893617021278,132.40425531914892,-2.4468085106382773,-57.19148936170214,0.36328502415458935,0
1.0333333333333334,0.23333333333333334,0,2,11,11.0,1.0,192.14893617021275,150.89361702127658,6.829787234042527,-34.42553191489364,0.3545893719806763,0
1.0333333333333334,0.23333333333333334,2,2,11,2.0,0.2,190.94326241134752,150.3191489361702,79.19858156028369,38.57446808510636,0.3458937198067633,0
1.0333333333333334,0.23333333333333334,4,2,11,2.0,0.18181818181818182,188.9290780141844,151.7163120567376,95.33333333333333,58.12056737588652,0.3352657004830918,0
0.3,0.23333333333333334,5,2,11,11.0,1.0,187.6595744680851,154.76595744680853,33.021276595744695,0.12765957446811171,0.32560386473429953,0
0.3,0.23333333333333334,6,2,11,11.0,1.0,162.21985815602838,159.24113475177305,13.241134751773075,10.262411347517741,0.3178743961352657,0
0.5666666666666667,0.2,0,2,11,11.0,1.0,186.40425531914892,137.4113475177305,-5.170212765957473,-54.1631205673759,0.3545893719806763,0
0.8333333333333334,0.2,0,2,11,11.0,1.0,190.72340425531914,138.27659574468086,22.680851063829778,-29.7659574468085,0.34782608695652173,0
0.8666666666666667,0.26666666666666666,0,2,11,6.0,0.5714285714285714,190.87234042553192,135.41843971631207,53.08510638297872,-2.3687943262411295,0.34396135265700484,0
0.8666666666666667,0.26666666666666666,0,2,11,7.0,0.7142857142857143,191.13475177304963,137.75886524822693,61.304964539007074,7.92907801418437,0.34009661835748795,0
0.5,0.26666666666666666,0,2,11,8.0,1.0,183.48936170212767,142.95035460992906,37.61702127659575,-2.921985815602852,0.336231884057971,0
0.5666666666666667,0.26666666666666666,0,2,11,8.5,1.0,165.80141843971631,148.1063829787234,29.269503546099287,11.57446808510636,0.3323671497584541,0
0.5666666666666667,0.26666666666666666,0,2,11,9.0,0.8571428571428571,145.21985815602838,154.77304964539007,12.794326241134769,22.347517730496463,0.3342995169082126,0
0.5333333333333333,0.26666666666666666,0,2,11,9.0,1.0,137.82978723404256,166.177304964539,0.5319148936170279,28.879432624113463,0.3565217391304348,0
0.5333333333333333,0.26666666666666666,0,2,11,8.5,1.0,137.4113475177305,175.2695035460993,-6.141843971631204,31.716312056737593,0.36618357487922704,0
0.5333333333333333,0.26666666666666666,0,2,11,8.0,1.0,138.27659574468086,181.07801418439715,-9.723404255319139,33.07801418439715,0.3671497584541063,0
0.5,0.26666666666666666,1,2,11,7.0,0.8333333333333334,135.41843971631204,181.33333333333334,-17.347517730496463,28.567375886524843,0.3671497584541063,0
0.4666666666666667,0.26666666666666666,1,2,11,6.0,0.8,137.75886524822695,182.47517730496452,-25.79432624113474,18.921985815602824,0.3690821256038647,0
0.3,0.2,2,2,11,11.0,1.0,142.95035460992906,166.77304964539007,-39.26241134751774,-15.439716312056731,0.3710144927536232,0
0.3,0.2,0,2,11,10.5,1.0,166.177304964539,131.85106382978725,-16.801418439716315,-51.127659574468055,0.3507246376811594,0
0.9333333333333333,1.0,0,2,10,9.5,1.0,175.2695035460993,170.18439716312056,-8.198581560283685,-13.283687943262407,0.3342995169082126,0
1.0333333333333334,1.0333333333333334,0,2,9,7.0,0.75,181.07801418439715,193.24113475177305,47.20567375886523,59.36879432624113,0.3188405797101449,0
1.0333333333333334,1.0333333333333334,0,2,8,1.0,0.3333333333333333,181.33333333333334,194.04964539007094,103.09929078014186,115.81560283687945,0.3033816425120773,0
1.0,1.0333333333333334,0,2,8,6.5,0.75,182.47517730496452,195.80851063829786,57.730496453900685,71.06382978723403,0.28792270531400965,0
0.36666666666666664,1.0333333333333334,0,0,9,8.0,1.0,166.77304964539007,198.57446808510636,-25.801418439716315,5.999999999999972,0.2743961352657005,0
0.36666666666666664,0.23333333333333334,0,0,9,9.0,1.0,131.85815602836877,202.51063829787233,-61.37588652482273,9.276595744680833,0.2599033816425121,0
0.36666666666666664,0.23333333333333334,0,0,9,8.5,0.6666666666666666,112.28368794326241,210.02127659574467,-81.63120567375887,16.10638297872339,0.25120772946859904,0
0.36666666666666664,0.23333333333333334,0,0,9,8.0,0.8,131.85106382978725,219.76595744680853,-63.14893617021275,24.765957446808528,0.263768115942029,0
0.3333333333333333,0.23333333333333334,0,0,8,8.0,0.8,170.18439716312056,228.58156028368793,-28.32624113475177,30.070921985815602,0.2714975845410628,0
0.3333333333333333,0.23333333333333334,0,0,7,7.0,1.0,193.24113475177305,232.4468085106383,-8.97163120567376,30.2340425531915,0.2763285024154589,0
0.3333333333333333,0.23333333333333334,0,0,6,6.0,1.0,194.04964539007094,232.7872340425532,-12.758865248226925,25.978723404255334,0.2792270531400966,0
0.3,0.23333333333333334,0,0,7,7.0,1.0,195.80851063829786,229.68085106382978,-25.2340425531915,8.638297872340416,0.28309178743961355,0
0.4666666666666667,0.7333333333333333,0,0,11,8.0,1.0,228.58156028368793,152.57446808510636,4.645390070921991,-71.36170212765958,0.26280193236714977,0
0.7666666666666667,0.7333333333333333,2,0,11,5.0,0.6666666666666666,232.4468085106383,154.95035460992906,53.404255319148945,-24.092198581560297,0.2608695652173913,0
0.7666666666666667,0.7333333333333333,4,0,11,4.0,0.5,232.7872340425532,155.77304964539007,127.25531914893617,50.241134751773046,0.2599033816425121,0
0.4666666666666667,0.7333333333333333,5,0,11,7.0,0.8571428571428571,229.68085106382978,155.74468085106386,80.27659574468083,6.340425531914917,0.2589371980676328,0
0.43333333333333335,0.7333333333333333,6,0,11,8.0,0.8571428571428571,211.81560283687944,156.39007092198582,58.70921985815602,3.2836879432624073,0.2589371980676328,0
0.43333333333333335,0.36666666666666664,6,0,11,9.0,1.0,169.5035460992908,159.89361702127658,14.290780141843982,4.680851063829778,0.2599033816425121,0
0.4666666666666667,0.36666666666666664,6,0,11,9.5,0.8333333333333334,144.6595744680851,170.82978723404253,-11.872340425531917,14.2978723404255,0.2811594202898551,0
0.4666666666666667,0.36666666666666664,6,0,11,10.0,1.0,136.01418439716312,183.0921985815603,-19.56028368794327,27.517730496453908,0.2927536231884058,0
0.4666666666666667,0.36666666666666664,6,0,11,9.5,1.0,152.5744680851064,192.14184397163118,-2.5531914893616943,37.01418439716309,0.30144927536231886,0
0.4666666666666667,0.36666666666666664,6,0,11,9.5,1.0,154.95035460992906,193.88652482269504,-3.5177304964539076,35.418439716312065,0.30917874396135264,0
0.43333333333333335,0.3333333333333333,5,0,11,10.0,1.0,155.77304964539007,192.7517730496454,-10.312056737588648,26.666666666666686,0.3159420289855073,0
0.4666666666666667,0.36666666666666664,0,0,11,11.0,1.0,155.7446808510638,182.85815602836877,-32.19148936170214,-5.078014184397176,0.32367149758454106,0
0.43333333333333335,0.36666666666666664,0,0,11,11.0,1.0,156.39007092198582,154.95035460992906,-38.86524822695034,-40.3049645390071,0.3294685990338164,0
0.43333333333333335,0.36666666666666664,0,0,11,11.0,1.0,170.82978723404256,147.53900709219857,-22.34042553191489,-45.63120567375887,0.3111111111111111,0
0.5,0.6666666666666666,0,0,11,11.0,1.0,183.0921985815603,173.54609929078015,-8.758865248226925,-18.304964539007074,0.30434782608695654,0
0.8666666666666667,0.6666666666666666,0,0,11,10.5,1.0,192.14184397163118,186.07801418439715,28.58865248226948,22.524822695035454,0.2985507246376812,0
0.8666666666666667,0.7,11,0,11,3.0,0.46153846153846156,193.88652482269504,184.61702127659575,84.43971631205675,75.17021276595746,0.2956521739130435,0
0.8666666666666667,0.7,0,0,11,8.0,0.8571428571428571,192.7517730496454,182.56737588652481,45.666666666666686,35.48226950354609,0.29082125603864734,0
0.4666666666666667,0.7,0,0,11,9.0,0.8571428571428571,182.85815602836877,182.2127659574468,-3.2269503546099543,-3.8723404255319167,0.28599033816425123,0
0.5,0.4,0,0,11,8.0,1.0,154.95035460992906,182.290780141844,-32.51773049645391,-5.177304964538962,0.2821256038647343,0
0.5,0.4,0,0,11,9.5,1.0,140.0283687943262,182.45390070921985,-44.652482269503565,-2.226950354609926,0.2763285024154589,0
0.5,0.4,0,0,11,10.0,1.0,147.53900709219857,182.177304964539,-34.1631205673759,0.47517730496451804,0.2946859903381642,0
0.5,0.23333333333333334,0,0,11,11.0,1.0,173.54609929078015,182.51773049645388,-7.773049645390074,1.1985815602836567,0.2995169082125604,0
0.4666666666666667,0.23333333333333334,0,0,11,11.0,1.0,186.07801418439718,183.00709219858155,2.460992907801426,-0.6099290780142042,0.3033816425120773,0
0.5,0.36666666666666664,0,0,11,11.0,1.0,182.56737588652481,183.9078014184397,0.7588652482269538,2.0992907801418426,0.3072463768115942,0
0.5,0.36666666666666664,0,0,11,11.0,1.0,182.2127659574468,178.96453900709218,-0.574468085106389,-3.8226950354610096,0.3101449275362319,0
0.5,0.36666666666666664,0,0,11,11.0,1.0,182.29078014184395,144.07801418439715,-0.6666666666666856,-38.87943262411349,0.3111111111111111,0
0.5,0.3333333333333333,0,0,11,11.0,1.0,182.45390070921985,135.24113475177305,-0.8226950354610096,-48.035460992907815,0.2927536231884058,0
0.5,0.3333333333333333,0,0,11,11.0,1.0,182.177304964539,135.4822695035461,-1.5035460992907872,-48.198581560283685,0.28792270531400965,0
0.5,0.9,0,0,11,10.0,1.0,182.51773049645388,165.60283687943263,-2.2482269503546206,-19.16312056737587,0.28695652173913044,0
0.9333333333333333,0.9,0,0,11,10.5,1.0,183.00709219858155,168.78014184397162,14.56028368794324,0.3333333333333144,0.28599033816425123,0
0.9333333333333333,0.9,7,0,11,2.5,0.5,183.3049645390071,168.4113475177305,104.28368794326242,89.39007092198581,0.28599033816425123,0
0.5,0.9,0,0,11,10.5,1.0,183.9078014184397,169.4468085106383,25.652482269503537,11.19148936170214,0.28502415458937197,0
0.5,0.9,0,0,11,11.0,1.0,178.96453900709218,172.98581560283688,9.79432624113474,3.8156028368794352,0.28405797101449276,0
0.5,0.36666666666666664,0,0,11,11.0,1.0,144.07801418439718,178.822695035461,-25.304964539007074,9.43971631205676,0.28502415458937197,0
0.5,0.4,0,0,11,11.0,1.0,135.24113475177305,182.29078014184395,-32.54609929078015,14.503546099290759,0.28888888888888886,0
0.5,0.4,0,0,11,11.0,1.0,135.4822695035461,183.8439716312057,-32.58156028368796,15.780141843971649,0.30434782608695654,0
0.5,0.4,0,0,11,11.0,1.0,165.6028368794326,184.24113475177305,-6.8865248226950655,11.75177304964538,0.30821256038647343,0
0.4666666666666667,0.4,0,0,11,11.0,1.0,168.78014184397162,186.7304964539007,-9.624113475177325,8.326241134751768,0.30821256038647343,0
0.4666666666666667,0.36666666666666664,0,0,11,10.0,1.0,168.4113475177305,189.5531914893617,-17.1631205673759,3.9787234042553052,0.30917874396135264,0
0.4666666666666667,0.36666666666666664,0,0,11,9.0,1.0,169.4468085106383,189.11347517730496,-13.446808510638277,6.21985815602838,0.3101449275362319,0
0.43333333333333335,0.36666666666666664,0,0,11,10.0,1.0,182.290780141844,139.10638297872342,-8.070921985815573,-51.25531914893617,0.28792270531400965,0
0.43333333333333335,0.3333333333333333,0,0,11,9.5,1.0,183.8439716312057,150.4113475177305,-7.6879432624113235,-41.12056737588654,0.2821256038647343,0
0.8666666666666667,0.9333333333333333,0,0,11,8.0,0.8333333333333334,184.24113475177305,180.57446808510636,-1.2056737588652595,-4.872340425531945,0.2763285024154589,0
0.9333333333333333,0.9666666666666667,0,0,11,7.0,0.625,186.73049645390074,192.33333333333334,31.64539007092202,37.24822695035462,0.26763285024154587,0
0.9666666666666667,0.9666666666666667,0,0,11,4.5,0.5,189.5531914893617,194.3758865248227,85.80851063829786,90.63120567375887,0.2589371980676328,0
0.7,0.9666666666666667,0,0,10,7.0,0.8571428571428571,189.11347517730496,194.0354609929078,30.624113475177296,35.54609929078012,0.2492753623188406,0
0.36666666666666664,0.9666666666666667,0,0,10,8.0,1.0,177.354609929078,194.77304964539007,-11.64539007092199,5.773049645390074,0.24057971014492754,0
0.3333333333333333,0.23333333333333334,0,0,10,8.0,1.0,148.0921985815603,196.85815602836877,-46.141843971631204,2.6241134751772677,0.23285024154589373,0
0.3333333333333333,0.23333333333333334,0,0,10,9.0,1.0,139.10638297872342,203.822695035461,-54.65957446808508,10.05673758865251,0.22705314009661837,0
0.36666666666666664,0.23333333333333334,0,0,10,8.0,1.0,150.4113475177305,213.12765957446808,-44.71631205673759,18.0,0.22028985507246376,0
0.36666666666666664,0.23333333333333334,0,0,9,8.0,1.0,180.57446808510636,221.7304964539007,-12.638297872340445,28.517730496453908,0.2144927536231884,0
0.3333333333333333,0.23333333333333334,0,0,8,7.0,1.0,192.33333333333334,226.2836879432624,-3.6453900709219624,30.304964539007102,0.2106280193236715,0
0.36666666666666664,0.23333333333333334,0,0,7,7.0,1.0,194.37588652482268,228.1843971631206,-7.007092198581574,26.801418439716343,0.22995169082125605,0
0.3333333333333333,0.23333333333333334,0,0,6,6.0,1.0,194.0354609929078,228.15602836879432,-20.07092198581563,14.049645390070907,0.25024154589371983,0
0.9333333333333333,0.9666666666666667,0,0,5,4.5,1.0,228.1560283687943,189.57446808510636,3.0283687943262123,-35.55319148936172,0.13429951690821257,1
0.4090909090909091,0.22727272727272727,0,0,7,6.5,1.0,228.80952380952382,160.55238095238096,26.46666666666667,-41.7904761904762,0.16755793226381463,1
0.45454545454545453,0.2727272727272727,2,0,9,7.0,1.0,221.66666666666666,172.82857142857142,52.35238095238094,3.5142857142857054,0.1889483065953654,0
0.5,0.2727272727272727,4,0,9,7.0,1.0,213.90476190476193,185.63809523809527,51.44761904761907,23.18095238095242,0.20499108734402852,0
0.5,0.2727272727272727,0,0,9,7.0,1.0,200.61904761904762,193.8952380952381,40.7904761904762,34.06666666666669,0.23351158645276293,0
0.5454545454545454,0.2727272727272727,0,0,8,6.0,1.0,185.65714285714284,191.8952380952381,26.285714285714278,32.52380952380955,0.25668449197860965,0
0.5454545454545454,0.2727272727272727,0,0,7,6.0,1.0,172.36190476190475,180.92380952380952,3.561904761904742,12.123809523809513,0.27807486631016043,0
0.5454545454545454,0.36363636363636365,0,0,6,5.5,1.0,163.86666666666667,158.77142857142857,-26.447619047619042,-31.542857142857144,0.29590017825311943,0
0.5,0.4090909090909091,0,0,5,4.5,1.0,160.55238095238096,141.84761904761905,-37.247619047619054,-55.95238095238096,0.3065953654188948,0
0.5,0.4090909090909091,0,0,5,4.5,1.0,162.66666666666666,134.9904761904762,-30.904761904761926,-58.5809523809524,0.30303030303030304,0
0.5454545454545454,0.6818181818181818,0,0,6,5.0,1.0,172.82857142857142,146.86666666666667,-11.485714285714295,-37.44761904761904,0.29590017825311943,0
0.6818181818181818,0.6363636363636364,0,0,6,5.0,1.0,185.63809523809527,167.06666666666663,20.752380952381003,2.1809523809523625,0.28698752228163993,0
0.6363636363636364,0.5909090909090909,4,0,6,5.0,1.0,193.8952380952381,188.18095238095236,66.7809523809524,61.06666666666665,0.26916221033868093,0
0.5909090909090909,0.5909090909090909,3,0,6,5.0,1.0,191.8952380952381,196.5142857142857,58.35238095238097,62.97142857142856,0.24777183600713013,0
0.5454545454545454,0.5454545454545454,2,0,6,5.0,1.0,180.92380952380952,193.07619047619048,36.60952380952381,48.76190476190476,0.22638146167557932,0
0.5454545454545454,0.45454545454545453,1,0,6,5.0,1.0,158.77142857142857,194.26666666666665,-3.971428571428561,31.52380952380952,0.20855614973262032,0
0.4090909090909091,0.45454545454545453,0,0,5,5.0,1.0,141.84761904761902,207.59047619047615,-52.29523809523812,13.447619047619014,0.19607843137254902,0
0.36363636363636365,0.4090909090909091,0,0,0,0,0,134.9904761904762,223.7619047619048,-72.66666666666666,16.104761904761943,0.18716577540106952,0
0.36363636363636365,0.3181818181818182,1,0,2,2.0,0.0,146.86666666666665,230.52380952380952,-40.87619047619049,42.780952380952385,0.17647058823529413,0
0.3181818181818182,0.45454545454545453,0,0,0,0,0,230.0190476190476,145.79047619047617,-0.09523809523813043,-84.32380952380956,0.15508021390374332,0
1.0454545454545454,0.45454545454545453,0,0,3,3.0,0.0,229.73333333333332,168.05714285714285,43.076190476190476,-18.599999999999994,0.16755793226381463,0
1.0454545454545454,0.45454545454545453,5,8,3,1.0,0.0,229.88571428571427,172.36190476190475,184.54285714285714,127.01904761904761,0.17647058823529413,0
1.0454545454545454,0.45454545454545453,6,9,3,2.5,0.0,229.87619047619046,174.0666666666667,124.73333333333332,68.92380952380955,0.1836007130124777,0
0.2727272727272727,0.45454545454545453,7,3,0,0,0,215.51428571428573,176.84761904761908,54.514285714285734,15.847619047619077,0.19073083778966132,0
0.5454545454545454,0.6363636363636364,0,3,5,4.5,1.0,188.02857142857138,116.66666666666667,1.0857142857142321,-70.27619047619048,0.35650623885918004,0
0.8636363636363636,0.9545454545454546,0,3,6,5.5,1.0,195.0190476190476,122.88571428571429,38.81904761904761,-33.3142857142857,0.35294117647058826,0
0.9545454545454546,0.9545454545454546,0,3,7,5.5,0.75,200.0,109.39047619047619,86.05714285714286,-4.552380952380943,0.3493761140819964,0
0.9545454545454546,0.9545454545454546,0,8,7,4.0,0.5454545454545454,197.03809523809525,111.60952380952381,132.3809523809524,46.95238095238095,0.37254901960784315,0
0.7272727272727273,0.9545454545454546,0,3,7,7.0,1.0,182.0190476190476,147.77142857142857,44.219047619047586,9.97142857142856,0.3850267379679144,0
0.9090909090909091,0.9545454545454546,0,3,7,7.0,1.0,152.36190476190475,179.43809523809523,4.819047619047609,31.895238095238085,0.39928698752228164,0
0.9090909090909091,0.9090909090909091,0,3,7,3.0,0.5,111.59999999999998,170.03809523809525,28.285714285714263,86.72380952380954,0.41711229946524064,0
0.9090909090909091,0.9090909090909091,0,3,7,3.0,0.5,105.46666666666665,152.83809523809524,8.152380952380938,55.52380952380952,0.43493761140819964,0
0.5454545454545454,0.9090909090909091,0,3,6,6.0,1.0,116.66666666666667,136.3904761904762,-37.53333333333332,-17.809523809523796,0.45098039215686275,0
0.36363636363636365,0.7272727272727273,0,3,0,0,0,122.88571428571429,141.9809523809524,-68.91428571428573,-49.81904761904761,0.46345811051693403,0
0.7727272727272727,0.7727272727272727,0,3,0,0,0,109.39047619047619,142.0095238095238,-82.92380952380952,-50.304761904761904,0.46345811051693403,0
0.8636363636363636,0.7727272727272727,0,8,6,3.5,0.5,111.60952380952381,141.95238095238093,-14.390476190476193,15.952380952380935,0.4474153297682709,0
0.7272727272727273,0.8181818181818182,0,3,7,6.5,0.8333333333333334,147.77142857142857,145.0857142857143,7.571428571428584,4.8857142857143,0.41532976827094475,0
0.6363636363636364,0.8181818181818182,0,3,8,7.0,1.0,179.43809523809523,150.7619047619048,36.46666666666667,7.790476190476227,0.39928698752228164,0
0.6363636363636364,0.36363636363636365,0,3,9,8.0,1.0,170.03809523809522,158.25714285714284,27.26666666666665,15.485714285714266,0.3868092691622103,0
0.5909090909090909,0.36363636363636365,0,3,10,9.0,1.0,152.83809523809524,168.94285714285715,12.552380952380958,28.657142857142873,0.3493761140819964,0
0.5454545454545454,0.36363636363636365,0,3,11,9.0,1.0,136.3904761904762,182.11428571428573,-6.409523809523819,39.31428571428572,0.3155080213903743,0
0.5,0.36363636363636365,0,3,10,8.5,1.0,141.98095238095237,192.79999999999998,-10.190476190476204,40.628571428571405,0.3083778966131907,0
0.5,0.36363636363636365,0,7,9,8.0,1.0,142.00952380952378,196.07619047619048,-15.304761904761932,38.76190476190476,0.3582887700534759,0
0.5,0.36363636363636365,0,7,8,7.0,1.0,141.95238095238096,195.16190476190476,-23.333333333333314,29.876190476190487,0.3689839572192513,0
0.4090909090909091,0.3181818181818182,0,2,7,6.5,1.0,145.0857142857143,185.37142857142854,-39.14285714285714,1.1428571428571104,0.34759358288770054,0
0.3181818181818182,0.2727272727272727,0,2,6,6.0,1.0,150.76190476190476,132.27619047619046,-46.06666666666666,-64.55238095238096,0.33868092691622104,0
0.36363636363636365,1.0454545454545454,0,7,0,0,0,182.11428571428573,162.55238095238096,-11.97142857142856,-31.53333333333333,0.31016042780748665,0
1.0454545454545454,1.0454545454545454,0,7,3,2.5,0.0,192.79999999999998,169.3238095238095,24.828571428571422,1.3523809523809405,0.2994652406417112,0
1.0454545454545454,1.0454545454545454,5,7,3,1.0,0.0,196.07619047619048,169.34285714285713,161.3047619047619,134.57142857142856,0.2887700534759358,0
0.4090909090909091,1.0454545454545454,6,7,3,2.5,0.0,195.16190476190476,170.0095238095238,46.87619047619049,21.723809523809535,0.27807486631016043,0
0.18181818181818182,1.0454545454545454,7,7,0,0,0,185.37142857142854,172.57142857142858,16.19999999999996,3.4000000000000057,0.26916221033868093,0
0.5909090909090909,1.0454545454545454,0,2,9,9.0,1.0,195.25714285714287,174.5142857142857,2.8857142857143003,-17.85714285714286,0.21746880570409982,0
1.0454545454545454,1.0454545454545454,0,2,8,4.0,0.6666666666666666,194.41904761904763,215.27619047619046,34.93333333333334,55.79047619047617,0.20499108734402852,0
1.0454545454545454,1.0454545454545454,9,7,7,2.0,0.16666666666666666,194.66666666666666,226.24761904761905,159.86666666666667,191.44761904761907,0.1925133689839572,0
1.0454545454545454,1.0454545454545454,0,6,6,2.0,0.2222222222222222,194.1047619047619,226.20000000000002,90.16190476190475,122.25714285714288,0.18181818181818182,0
0.3181818181818182,1.0454545454545454,0,0,4,4.0,1.0,182.80000000000004,226.8952380952381,-11.399999999999949,32.695238095238125,0.1711229946524064,0
0.22727272727272727,0.36363636363636365,0,0,0,0,0,128.88571428571427,228.42857142857142,-96.51428571428573,3.0285714285714107,0.16042780748663102,0
0.5909090909090909,1.0454545454545454,0,0,0,0,0,230.84761904761902,137.11428571428573,2.9333333333333087,-90.79999999999998,0.18181818181818182,0
1.0454545454545454,1.0454545454545454,0,0,4,3.0,0.3333333333333333,231.38095238095238,166.25714285714287,56.46666666666667,-8.657142857142844,0.1925133689839572,0
1.0454545454545454,1.0454545454545454,5,7,4,2.0,0.08333333333333333,231.46666666666667,169.8190476190476,175.26666666666665,113.6190476190476,0.20320855614973263,0
1.0454545454545454,1.0454545454545454,6,8,4,2.0,0.14285714285714285,229.6952380952381,171.57142857142858,147.6952380952381,89.57142857142858,0.21212121212121213,0
0.2727272727272727,1.0454545454545454,7,3,4,4.0,1.0,211.05714285714285,174.9809523809524,49.17142857142858,13.09523809523813,0.22103386809269163,0
0.22727272727272727,0.36363636363636365,8,3,0,0,0,153.0095238095238,180.47619047619048,-14.447619047619042,13.019047619047626,0.22994652406417113,0
0.2727272727272727,0.2727272727272727,0,3,0,0,0,196.84761904761902,132.53333333333333,-1.8380952380952635,-66.15238095238095,0.27807486631016043,0
0.7727272727272727,0.3181818181818182,0,3,6,6.0,1.0,196.13333333333335,139.81904761904764,-2.723809523809507,-59.038095238095224,0.28698752228163993,0
0.9090909090909091,0.36363636363636365,0,7,7,6.0,0.75,197.01904761904765,139.27619047619046,50.59047619047624,-7.152380952380952,0.29233511586452765,0
0.9090909090909091,0.4090909090909091,0,7,8,4.5,0.5,197.23809523809527,143.04761904761907,80.15238095238098,25.961904761904776,0.29590017825311943,0
0.6818181818181818,0.4090909090909091,0,3,9,7.5,1.0,199.21904761904761,147.01904761904765,54.73333333333332,2.53333333333336,0.29590017825311943,0
0.6818181818181818,0.4090909090909091,0,7,10,7.5,1.0,181.3238095238095,152.7904761904762,45.29523809523806,16.76190476190476,0.29590017825311943,0
0.6363636363636364,0.36363636363636365,0,2,11,8.0,1.0,154.12380952380954,162.8857142857143,15.180952380952391,23.94285714285715,0.29590017825311943,0
0.5454545454545454,0.36363636363636365,0,7,10,8.0,1.0,136.0,177.45714285714288,-6.857142857142861,34.60000000000002,0.29590017825311943,0
0.5909090909090909,0.36363636363636365,0,7,9,7.5,1.0,132.53333333333333,189.14285714285714,-14.809523809523824,41.79999999999998,0.29590017825311943,0
0.5454545454545454,0.36363636363636365,0,7,8,8.0,1.0,139.81904761904764,195.4,-11.038095238095224,44.542857142857144,0.3065953654188948,0
0.5,0.36363636363636365,0,7,7,7.0,1.0,139.27619047619046,195.48571428571427,-20.895238095238113,35.31428571428569,0.34581105169340465,0
0.4090909090909091,0.3181818181818182,0,7,6,6.0,1.0,143.04761904761907,195.66666666666666,-34.58095238095237,18.038095238095224,0.34581105169340465,0
0.3181818181818182,0.22727272727272727,0,7,0,0,0,147.01904761904765,175.44761904761904,-47.55238095238093,-19.12380952380954,0.32798573975044565,0
0.8636363636363636,0.5909090909090909,0,7,0,0,0,189.14285714285714,144.93333333333337,-6.628571428571433,-50.83809523809521,0.28698752228163993,0
1.0454545454545454,0.5909090909090909,0,2,3,3.0,0.0,195.4,165.50476190476192,59.65714285714287,29.761904761904788,0.27629233511586454,0
1.0454545454545454,0.5909090909090909,5,2,3,1.0,0.0,195.48571428571427,167.17142857142858,112.99999999999999,84.6857142857143,0.2638146167557932,0
1.0454545454545454,0.5909090909090909,6,7,3,3.0,0.0,195.66666666666666,169.6952380952381,90.26666666666665,64.29523809523809,0.2531194295900178,0
0.3181818181818182,0.5909090909090909,7,7,0,0,0,175.44761904761904,173.03809523809525,10.647619047619031,8.23809523809524,0.24777183600713013,0
0.6363636363636364,1.0454545454545454,0,2,8,8.0,1.0,195.4095238095238,189.76190476190473,-1.4761904761904816,-7.123809523809541,0.18538324420677363,0
1.0454545454545454,1.0454545454545454,0,2,8,3.0,0.3333333333333333,195.6095238095238,229.41904761904763,50.980952380952374,84.7904761904762,0.17290552584670232,0
1.0454545454545454,1.0454545454545454,9,7,7,1.0,0.08333333333333333,196.97142857142856,229.49523809523808,122.79999999999998,155.3238095238095,0.16042780748663102,0
1.0454545454545454,1.0454545454545454,0,2,6,3.0,0.2,196.92380952380952,227.8761904761905,85.80952380952381,116.76190476190477,0.15151515151515152,0
0.2727272727272727,1.0454545454545454,0,0,0,0,0,179.74285714285716,227.07619047619048,-47.05714285714285,0.27619047619046455,0.1443850267379679,0
0.3181818181818182,0.2727272727272727,0,0,0,0,0,227.96190476190475,123.95238095238096,1.0190476190475977,-102.99047619047619,0.1800356506238859,0
0.9090909090909091,1.0454545454545454,0,0,6,6.0,1.0,228.78095238095239,161.4095238095238,26.980952380952374,-40.39047619047622,0.1925133689839572,0
1.0454545454545454,1.0454545454545454,5,0,6,2.0,0.14285714285714285,229.53333333333333,167.11428571428573,101.61904761904762,39.20000000000002,0.20499108734402852,0
1.0454545454545454,1.0454545454545454,6,8,6,2.0,0.08333333333333333,228.7714285714286,169.0095238095238,174.62857142857146,114.86666666666667,0.21568627450980393,0
0.3181818181818182,1.0454545454545454,7,3,6,6.0,1.0,219.33333333333334,172.40952380952385,68.1904761904762,21.26666666666671,0.22459893048128343,0
0.2727272727272727,1.0454545454545454,7,3,6,6.0,1.0,185.55238095238096,177.0952380952381,18.980952380952374,10.523809523809518,0.23351158645276293,0
0.7272727272727273,0.2727272727272727,0,3,0,0,0,197.47619047619048,141.63809523809525,2.019047619047626,-53.81904761904761,0.2727272727272727,0
0.8181818181818182,0.3181818181818182,0,7,6,4.5,0.5,198.19047619047618,143.31428571428572,42.247619047619025,-12.628571428571433,0.2798573975044563,0
0.8636363636363636,0.36363636363636365,0,7,7,4.0,0.5,198.90476190476193,143.34285714285716,85.8761904761905,30.31428571428573,0.28342245989304815,0
0.6363636363636364,0.36363636363636365,0,7,8,6.0,0.8,198.1047619047619,145.22857142857143,61.36190476190475,8.485714285714295,0.28342245989304815,0
0.5454545454545454,0.36363636363636365,0,3,9,7.5,1.0,184.03809523809522,149.94285714285715,38.35238095238094,4.257142857142867,0.28342245989304815,0
0.5909090909090909,0.36363636363636365,0,3,10,8.0,1.0,154.80952380952382,158.39999999999998,12.32380952380953,15.914285714285683,0.28342245989304815,0
0.5909090909090909,0.36363636363636365,0,3,11,8.0,1.0,135.2380952380952,171.68571428571428,-6.53333333333336,29.91428571428571,0.28342245989304815,0
0.5909090909090909,0.36363636363636365,0,7,10,8.0,1.0,131.8190476190476,184.2857142857143,-13.952380952380963,38.514285714285734,0.28342245989304815,0
0.5454545454545454,0.36363636363636365,0,7,9,8.0,1.0,141.63809523809525,192.07619047619048,-6.504761904761892,43.93333333333334,0.28342245989304815,0
0.5454545454545454,0.3181818181818182,0,7,8,7.0,1.0,143.31428571428572,194.75238095238095,-12.599999999999994,38.838095238095235,0.31907308377896615,0
0.45454545454545453,0.3181818181818182,0,7,7,6.5,1.0,143.34285714285716,195.11428571428573,-27.799999999999983,23.97142857142859,0.3600713012477718,0
0.36363636363636365,0.2727272727272727,0,7,6,6.0,1.0,145.22857142857143,194.21904761904761,-42.77142857142857,6.219047619047615,0.35472370766488415,0
0.3181818181818182,0.2727272727272727,0,7,0,0,0,184.2857142857143,118.11428571428571,-10.514285714285705,-76.6857142857143,0.3226381461675579,0
1.0454545454545454,1.0454545454545454,0,7,0,0,0,192.07619047619048,150.23809523809524,0.24761904761905384,-41.59047619047618,0.3137254901960784,0
1.0454545454545454,1.0454545454545454,6,7,4,2.0,0.125,194.75238095238095,163.6285714285714,122.80952380952381,91.68571428571427,0.30303030303030304,0
1.0454545454545454,1.0454545454545454,7,7,4,2.0,0.08333333333333333,195.11428571428573,167.3047619047619,128.22857142857146,100.41904761904762,0.29233511586452765,0
0.4090909090909091,1.0454545454545454,7,7,4,3.0,0.3333333333333333,194.21904761904761,169.85714285714286,68.24761904761904,43.885714285714286,0.28520499108734404,0
0.3181818181818182,1.0454545454545454,8,7,4,4.0,1.0,152.85714285714286,174.0095238095238,-8.628571428571433,12.523809523809518,0.28342245989304815,0
0.3181818181818182,1.0454545454545454,0,2,9,9.0,1.0,191.78095238095239,169.4095238095238,0.03809523809525217,-22.333333333333343,0.2281639928698752,0
1.0454545454545454,1.0454545454545454,0,2,8,5.5,0.5,192.65714285714284,213.7142857142857,8.771428571428572,29.828571428571422,0.21390374331550802,0
1.0454545454545454,1.0454545454545454,9,7,7,2.0,0.08333333333333333,192.1047619047619,226.79999999999998,146.9333333333333,181.6285714285714,0.2014260249554367,0
1.0454545454545454,1.0454545454545454,10,6,6,2.0,0.08333333333333333,191.76190476190473,226.9333333333333,97.99047619047616,133.16190476190474,0.19073083778966132,0
0.36363636363636365,1.0454545454545454,0,0,3,3.0,0.0,189.1428571428571,227.3904761904762,1.2571428571428385,39.50476190476192,0.18181818181818182,0
0.22727272727272727,1.0454545454545454,0,0,0,0,0,140.26666666666665,228.2095238095238,-86.30476190476193,1.638095238095218,0.17290552584670232,0
0.5454545454545454,1.0454545454545454,0,0,0,0,0,229.75238095238095,136.96190476190478,7.752380952380946,-85.03809523809522,0.1443850267379679,1
0.8181818181818182,0.7727272727272727,0,0,0,0,0,201.6952380952381,157.1238095238095,-33.04761904761904,-77.61904761904762,0.28698752228163993,0
1.0454545454545454,0.7727272727272727,0,0,3,3.0,0.0,231.47619047619048,180.7142857142857,57.76190476190476,6.999999999999972,0.28520499108734404,0
1.0454545454545454,0.7727272727272727,0,5,6,1.0,0.16666666666666666,232.30476190476188,183.21904761904761,142.5047619047619,93.41904761904762,0.24598930481283424,0
1.0454545454545454,0.7727272727272727,0,6,7,3.0,0.4,232.8190476190476,184.55238095238096,119.73333333333332,71.46666666666667,0.20855614973262032,0
0.4090909090909091,0.7727272727272727,0,6,8,6.5,1.0,213.09523809523807,185.44761904761904,35.895238095238085,8.247619047619054,0.20677361853832443,0
0.4090909090909091,0.2727272727272727,0,6,11,11.0,1.0,182.2857142857143,119.98095238095237,5.971428571428589,-56.33333333333334,0.3582887700534759,0
0.9545454545454546,0.6818181818181818,0,6,11,11.0,1.0,182.94285714285715,133.8190476190476,14.314285714285717,-34.809523809523824,0.37254901960784315,0
1.0454545454545454,0.7272727272727273,0,6,11,6.0,0.625,182.33333333333334,131.36190476190475,68.07619047619049,17.1047619047619,0.3850267379679144,0
1.0454545454545454,0.7272727272727273,0,6,11,6.5,0.6,179.50476190476192,130.15238095238098,89.13333333333335,39.780952380952414,0.39215686274509803,0
0.6363636363636364,0.7727272727272727,0,0,11,8.0,1.0,174.63809523809525,131.54285714285712,39.723809523809535,-3.371428571428595,0.39037433155080214,0
0.6363636363636364,0.7727272727272727,0,0,11,8.5,1.0,153.0666666666667,136.96190476190478,18.409523809523847,2.304761904761932,0.38859180035650626,0
0.6363636363636364,0.4090909090909091,0,0,11,9.0,1.0,124.41904761904762,145.85714285714286,-7.466666666666654,13.97142857142859,0.39215686274509803,0
0.6363636363636364,0.4090909090909091,0,0,11,9.0,1.0,113.18095238095238,158.50476190476192,-14.361904761904768,30.961904761904776,0.39037433155080214,0
0.6363636363636364,0.4090909090909091,0,0,11,9.0,1.0,119.98095238095237,169.1047619047619,-11.047619047619065,38.07619047619045,0.38859180035650626,0
0.6363636363636364,0.4090909090909091,0,0,11,8.0,1.0,133.8190476190476,174.7142857142857,-2.238095238095241,38.657142857142844,0.3850267379679144,0
0.6363636363636364,0.4090909090909091,0,0,11,7.0,1.0,131.36190476190475,176.24761904761905,-12.438095238095258,32.44761904761904,0.39037433155080214,0
0.5909090909090909,0.36363636363636365,0,0,11,8.5,1.0,130.15238095238092,177.66666666666666,-27.5619047619048,19.952380952380935,0.41532976827094475,0
0.36363636363636365,0.2727272727272727,0,0,11,11.0,1.0,131.54285714285714,179.12380952380954,-42.457142857142856,5.123809523809541,0.40819964349376114,0
0.4090909090909091,0.22727272727272727,0,0,11,11.0,1.0,136.96190476190478,157.25714285714287,-38.63809523809522,-18.342857142857127,0.4028520499108734,0
1.0454545454545454,1.0454545454545454,0,0,11,11.0,1.0,174.7142857142857,126.57142857142856,-4.200000000000017,-52.342857142857156,0.35650623885918004,0
1.0454545454545454,1.0454545454545454,0,0,11,4.0,0.6,176.24761904761905,152.0190476190476,63.247619047619054,39.0190476190476,0.34581105169340465,0
1.0454545454545454,1.0454545454545454,6,6,11,1.5,0.25,177.66666666666666,155.26666666666668,158.32380952380953,135.92380952380955,0.33868092691622104,0
1.0454545454545454,1.0454545454545454,7,5,11,3.5,0.5,179.12380952380954,157.16190476190476,100.12380952380954,78.16190476190476,0.3333333333333333,0
0.4090909090909091,1.0454545454545454,7,0,11,11.0,1.0,157.25714285714287,160.3238095238095,10.742857142857162,13.809523809523796,0.33511586452762926,0
1.0454545454545454,1.0454545454545454,0,5,9,5.5,0.5,176.98095238095235,221.2095238095238,34.60952380952378,78.83809523809524,0.27629233511586454,0
1.0454545454545454,1.0454545454545454,8,5,8,2.0,0.16666666666666666,176.74285714285716,223.37142857142854,113.57142857142858,160.19999999999996,0.2638146167557932,0
1.0454545454545454,1.0454545454545454,10,5,7,2.0,0.16666666666666666,176.53333333333333,223.47619047619048,149.36190476190475,196.3047619047619,0.25133689839572193,0
0.3181818181818182,1.0454545454545454,0,0,6,6.0,1.0,164.78095238095239,224.24761904761905,-51.44761904761904,8.019047619047626,0.23885918003565063,0
0.3181818181818182,1.0454545454545454,0,0,6,6.0,1.0,127.31428571428573,225.16190476190476,-96.34285714285711,1.5047619047619207,0.2281639928698752,0
0.3181818181818182,0.45454545454545453,0,0,11,11.0,1.0,224.9333333333333,130.35238095238094,-2.352380952380969,-96.93333333333334,0.21212121212121213,0
0.9090909090909091,0.5,0,0,11,11.0,1.0,224.6095238095238,165.6,19.695238095238096,-39.31428571428572,0.22459893048128343,0
1.0,0.5,5,0,11,2.0,0.25,224.97142857142856,171.9047619047619,94.34285714285713,41.276190476190465,0.23707664884135474,0
0.9545454545454546,0.5,15,5,11,2.0,0.3,225.95238095238096,173.08571428571426,159.4952380952381,106.6285714285714,0.24955436720142601,0
0.4090909090909091,0.5,0,5,11,8.0,1.0,219.42857142857142,174.72380952380954,65.57142857142856,20.866666666666674,0.2638146167557932,0
0.4090909090909091,0.5,0,5,11,9.0,1.0,187.6095238095238,175.35238095238094,16.866666666666674,4.609523809523807,0.27807486631016043,0
0.36363636363636365,0.9090909090909091,0,0,11,11.0,1.0,176.17142857142858,114.25714285714287,-2.6857142857142833,-64.6,0.39928698752228164,0
1.0,1.0454545454545454,0,0,11,11.0,1.0,175.9809523809524,125.65714285714286,9.780952380952414,-40.54285714285713,0.40641711229946526,0
1.0454545454545454,1.0454545454545454,0,5,11,5.0,0.5454545454545454,176.05714285714285,128.15238095238098,84.48571428571428,36.58095238095241,0.40998217468805703,0
1.0454545454545454,1.0454545454545454,0,5,11,5.5,0.5833333333333334,176.54285714285712,129.6095238095238,84.0285714285714,37.09523809523809,0.41354723707664887,0
0.6363636363636364,1.0454545454545454,0,0,11,8.0,1.0,173.45714285714283,133.42857142857144,51.828571428571394,11.800000000000011,0.40998217468805703,0
0.6363636363636364,1.0454545454545454,0,0,11,8.0,1.0,145.54285714285712,141.26666666666668,16.914285714285683,12.638095238095246,0.40463458110516937,0
0.6363636363636364,0.4090909090909091,0,0,11,9.0,1.0,116.76190476190476,150.49523809523808,-9.952380952380949,23.78095238095237,0.39928698752228164,0
0.6363636363636364,0.4090909090909091,0,0,11,9.5,1.0,101.90476190476191,163.09523809523807,-27.209523809523816,33.980952380952345,0.3939393939393939,0
0.5909090909090909,0.4090909090909091,0,0,11,9.0,1.0,114.25714285714287,172.7142857142857,-18.742857142857133,39.714285714285694,0.38859180035650626,0
0.5909090909090909,0.36363636363636365,0,0,11,8.0,1.0,125.65714285714286,179.24761904761905,-12.51428571428572,41.076190476190476,0.39037433155080214,0
0.5,0.36363636363636365,0,0,11,9.0,1.0,128.15238095238095,180.53333333333333,-24.47619047619048,27.904761904761898,0.43493761140819964,0
0.45454545454545453,0.36363636363636365,0,0,11,6.0,1.0,129.60952380952384,179.3904761904762,-31.076190476190447,18.70476190476191,0.4474153297682709,0
0.3181818181818182,0.2727272727272727,0,0,11,11.0,1.0,133.42857142857144,178.26666666666665,-42.542857142857116,2.2952380952380906,0.42424242424242425,0
0.3181818181818182,0.22727272727272727,0,0,11,11.0,1.0,141.26666666666668,127.87619047619046,-40.219047619047615,-53.609523809523836,0.41354723707664887,0
0.36363636363636365,1.0454545454545454,0,0,11,11.0,1.0,172.7142857142857,110.08571428571429,-5.342857142857156,-67.97142857142856,0.37967914438502676,0
1.0454545454545454,1.0454545454545454,0,0,11,11.0,1.0,179.24761904761905,142.09523809523807,2.333333333333343,-34.81904761904764,0.3689839572192513,0
1.0454545454545454,1.0454545454545454,6,5,11,2.0,0.25,180.53333333333333,154.05714285714285,151.87619047619046,125.39999999999999,0.3600713012477718,0
1.0454545454545454,1.0454545454545454,7,5,11,2.0,0.25,179.3904761904762,157.0952380952381,122.36190476190475,100.06666666666666,0.35294117647058826,0
0.5,1.0454545454545454,8,5,11,11.0,0.75,178.26666666666665,160.75238095238095,56.66666666666666,39.15238095238095,0.34581105169340465,0
0.3181818181818182,1.0454545454545454,0,0,11,9.0,1.0,178.0857142857143,191.3714285714286,-2.914285714285711,10.371428571428595,0.2549019607843137,0
1.0454545454545454,1.0454545454545454,0,0,11,8.0,1.0,179.3142857142857,229.31428571428572,3.599999999999966,53.599999999999994,0.24242424242424243,0
1.0454545454545454,1.0454545454545454,10,5,11,2.0,0.25,180.77142857142857,228.16190476190476,106.71428571428571,154.10476190476192,0.2281639928698752,0
1.0454545454545454,1.0454545454545454,0,5,11,2.0,0.2727272727272727,181.52380952380952,229.0666666666667,68.66666666666666,116.20952380952383,0.2192513368983957,0
0.2727272727272727,1.0454545454545454,0,0,11,11.0,1.0,179.36190476190475,230.64761904761906,-52.5809523809524,-1.2952380952380906,0.2103386809269162,0
0.3181818181818182,0.8636363636363636,0,0,11,11.0,1.0,143.5904761904762,231.6095238095238,-85.7238095238095,2.2952380952380906,0.19964349376114082,0
1.0454545454545454,0.7272727272727273,0,0,11,11.0,1.0,230.04761904761904,167.07619047619048,-2.0666666666666913,-65.03809523809525,0.1746880570409982,0
1.0454545454545454,0.7272727272727273,0,0,11,3.0,0.4,228.77142857142857,178.82857142857142,96.62857142857143,46.68571428571428,0.18716577540106952,0
1.0454545454545454,0.7272727272727273,0,5,11,2.0,0.3333333333333333,228.9142857142857,176.86666666666667,137.05714285714285,85.00952380952381,0.19786096256684493,0
0.7727272727272727,0.7272727272727273,0,5,11,7.5,0.75,229.53333333333333,176.2095238095238,88.36190476190475,35.038095238095224,0.20855614973262032,0
0.36363636363636365,0.7272727272727273,0,0,11,9.0,1.0,197.9809523809524,175.82857142857142,15.980952380952402,-6.171428571428578,0.21746880570409982,0
1.0,0.9090909090909091,0,0,11,11.0,1.0,180.02857142857144,132.79999999999998,3.428571428571445,-43.80000000000001,0.3600713012477718,0
1.0454545454545454,1.0454545454545454,0,5,11,4.0,0.5,178.2380952380952,132.7047619047619,60.26666666666664,14.733333333333334,0.37076648841354726,0
1.0454545454545454,1.0454545454545454,0,5,11,3.0,0.45454545454545453,178.31428571428572,133.0190476190476,95.68571428571428,50.390476190476164,0.37967914438502676,0
0.6363636363636364,1.0454545454545454,0,0,11,7.0,0.8571428571428571,178.54285714285712,133.5904761904762,46.742857142857105,1.7904761904761983,0.3778966131907308,0
0.6363636363636364,1.0454545454545454,0,0,11,8.0,1.0,158.34285714285713,137.6095238095238,26.799999999999983,6.066666666666663,0.3778966131907308,0
0.6363636363636364,0.4090909090909091,0,0,11,9.0,1.0,125.73333333333335,145.19047619047618,-9.323809523809501,10.133333333333326,0.37967914438502676,0
0.6363636363636364,0.4090909090909091,0,0,11,8.5,0.8333333333333334,110.80000000000001,157.20000000000002,-20.714285714285694,25.68571428571431,0.37967914438502676,0
0.6363636363636364,0.4090909090909091,0,0,11,8.0,0.7142857142857143,115.32380952380953,169.63809523809525,-17.161904761904765,37.15238095238095,0.37967914438502676,0
0.6363636363636364,0.4090909090909091,0,0,11,8.0,1.0,132.8,177.20952380952383,-3.971428571428561,40.43809523809526,0.38146167557932265,0
0.6363636363636364,0.4090909090909091,0,0,11,7.0,1.0,132.7047619047619,179.27619047619046,-10.866666666666674,35.70476190476188,0.3868092691622103,0
0.5454545454545454,0.36363636363636365,0,0,11,6.0,0.8,133.0190476190476,178.80000000000004,-22.20952380952383,23.571428571428612,0.41532976827094475,0
0.5,0.36363636363636365,0,0,11,11.0,1.0,133.5904761904762,179.05714285714285,-39.2095238095238,6.2571428571428385,0.40106951871657753,0
0.36363636363636365,0.2727272727272727,0,0,11,11.0,1.0,137.6095238095238,167.16190476190476,-43.276190476190465,-13.723809523809507,0.3868092691622103,0
0.5,1.0454545454545454,0,0,11,11.0,1.0,177.2095238095238,143.56190476190477,-1.5047619047619207,-35.15238095238095,0.33689839572192515,0
1.0454545454545454,1.0454545454545454,0,0,11,11.0,1.0,179.27619047619046,172.73333333333332,35.96190476190475,29.419047619047603,0.3244206773618538,0
1.0454545454545454,1.0454545454545454,10,5,11,1.5,0.25,178.79999999999998,174.3904761904762,100.22857142857141,95.81904761904762,0.31194295900178254,0
1.0454545454545454,1.0454545454545454,0,5,11,6.5,0.5,179.05714285714285,175.04761904761904,92.5142857142857,88.50476190476189,0.30303030303030304,0
0.4090909090909091,1.0454545454545454,0,0,11,11.0,1.0,167.16190476190476,176.1809523809524,-2.809523809523796,6.20952380952383,0.3048128342245989,0
0.4090909090909091,0.4090909090909091,0,0,11,9.0,1.0,176.2857142857143,183.7142857142857,-0.4857142857142662,6.942857142857122,0.23707664884135474,0
1.0454545454545454,0.4090909090909091,0,0,11,8.0,1.0,175.0095238095238,221.54285714285712,22.038095238095252,68.57142857142856,0.22638146167557932,0
1.0454545454545454,0.4090909090909091,0,5,11,2.0,0.3,175.16190476190476,226.82857142857142,97.47619047619048,149.14285714285714,0.21746880570409982,0
1.0454545454545454,0.4090909090909091,0,4,11,4.0,0.5,175.96190476190478,225.9333333333333,63.07619047619049,113.04761904761902,0.20855614973262032,0
0.2727272727272727,0.4090909090909091,0,0,11,11.0,1.0,168.68571428571428,225.78095238095239,-40.91428571428571,16.18095238095239,0.19786096256684493,0
0.3181818181818182,0.36363636363636365,0,0,11,11.0,1.0,135.80952380952382,225.78095238095239,-92.84761904761902,-2.876190476190459,0.18716577540106952,0
0.36363636363636365,1.0454545454545454,0,0,11,11.0,1.0,231.33333333333334,160.61904761904762,2.6761904761904987,-68.03809523809522,0.15508021390374332,1
0.22727272727272727,1.0454545454545454,0,0,11,11.0,1.0,221.44761904761904,166.25714285714284,-11.38095238095238,-66.57142857142858,0.28698752228163993,0
1.0454545454545454,1.0454545454545454,0,0,11,11.0,1.0,228.41904761904763,176.50476190476192,14.876190476190487,-37.038095238095224,0.29233511586452765,0
1.0454545454545454,1.0454545454545454,16,4,11,1.0,0.25,229.16190476190476,178.7619047619048,184.9904761904762,134.5904761904762,0.2549019607843137,0
0.45454545454545453,1.0454545454545454,0,5,11,7.0,1.0,231.0190476190476,180.12380952380954,83.36190476190475,32.4666666666667,0.21568627450980393,0
0.3181818181818182,1.0454545454545454,0,5,11,8.0,1.0,226.12380952380954,179.04761904761904,51.38095238095241,4.304761904761904,0.22459893048128343,0
0.9545454545454546,0.9545454545454546,0,0,11,11.0,1.0,181.55238095238096,125.91428571428571,9.066666666666663,-46.571428571428584,0.3600713012477718,0
1.0454545454545454,1.0454545454545454,0,5,11,6.0,0.5714285714285714,180.9333333333333,132.84761904761908,49.87619047619046,1.7904761904762267,0.37433155080213903,0
1.0454545454545454,1.0454545454545454,0,5,11,4.5,0.5,179.6095238095238,132.05714285714285,107.66666666666667,60.114285714285714,0.37967914438502676,0
0.7727272727272727,1.0454545454545454,0,5,11,8.0,0.8571428571428571,176.6952380952381,130.36190476190475,64.8952380952381,18.561904761904756,0.38146167557932265,0
0.5909090909090909,1.0454545454545454,0,5,11,10.0,1.0,160.52380952380952,132.38095238095238,27.58095238095237,-0.5619047619047706,0.38146167557932265,0
0.6363636363636364,0.36363636363636365,0,5,11,10.5,1.0,125.16190476190475,138.9333333333333,-7.838095238095249,5.933333333333309,0.38324420677361853,0
0.6363636363636364,0.36363636363636365,0,0,11,10.5,1.0,104.93333333333332,153.88571428571427,-27.66666666666667,21.285714285714278,0.3850267379679144,0
0.6363636363636364,0.36363636363636365,0,4,11,9.5,1.0,105.56190476190476,167.38095238095238,-25.009523809523827,36.809523809523796,0.38859180035650626,0
0.6363636363636364,0.36363636363636365,0,5,11,8.5,1.0,125.91428571428573,175.9904761904762,-1.9999999999999858,48.076190476190476,0.38859180035650626,0
0.5909090909090909,0.36363636363636365,0,5,11,8.0,1.0,132.84761904761908,177.77142857142857,-5.809523809523768,39.11428571428573,0.3939393939393939,0
0.5,0.36363636363636365,0,5,11,7.0,1.0,132.05714285714285,177.7619047619048,-18.171428571428578,27.53333333333336,0.41889483065953653,0
0.5,0.2727272727272727,0,4,11,11.0,1.0,130.36190476190475,180.04761904761904,-42.40952380952382,7.2761904761904646,0.39750445632798576,0
0.36363636363636365,0.22727272727272727,0,4,11,11.0,1.0,132.38095238095238,176.80952380952382,-46.76190476190476,-2.3333333333333144,0.38324420677361853,0
0.45454545454545453,0.7727272727272727,0,5,11,11.0,1.0,175.9904761904762,151.2857142857143,-6.923809523809524,-31.628571428571405,0.3333333333333333,0
0.9545454545454546,0.7727272727272727,0,5,11,11.0,0.6666666666666666,177.77142857142857,174.82857142857142,9.371428571428567,6.428571428571416,0.32085561497326204,0
0.9545454545454546,0.7727272727272727,10,5,11,2.0,0.18181818181818182,177.7619047619048,176.75238095238095,111.04761904761908,110.03809523809524,0.31016042780748665,0
0.9545454545454546,0.7727272727272727,0,4,11,2.5,0.3333333333333333,180.04761904761907,176.9809523809524,71.64761904761906,68.5809523809524,0.3048128342245989,0
0.4090909090909091,0.7727272727272727,0,4,11,11.0,1.0,176.80952380952382,175.92380952380952,6.180952380952391,5.295238095238091,0.3048128342245989,0
1.0454545454545454,1.0454545454545454,0,0,11,8.5,1.0,225.22857142857143,145.8952380952381,4.428571428571416,-74.9047619047619,0.2549019607843137,0
1.0454545454545454,1.0454545454545454,0,0,11,3.0,0.4,225.34285714285716,169.41904761904763,98.85714285714288,42.93333333333335,0.26916221033868093,0
1.0454545454545454,1.0454545454545454,16,4,11,2.0,0.25,224.16190476190476,169.5142857142857,189.24761904761905,134.6,0.28342245989304815,0
1.0454545454545454,1.0454545454545454,0,5,11,5.0,0.5,222.6952380952381,169.41904761904763,123.75238095238096,70.4761904761905,0.2976827094474153,0
0.36363636363636365,1.0454545454545454,0,5,11,10.0,1.0,189.79999999999998,169.3238095238095,20.571428571428555,0.09523809523807358,0.31194295900178254,0
0.9090909090909091,0.9545454545454546,0,5,11,11.0,1.0,168.18095238095236,125.47619047619048,-1.0476190476190652,-43.752380952380946,0.42424242424242425,0
1.0454545454545454,1.0454545454545454,0,5,11,6.0,0.6,168.3047619047619,124.90476190476191,36.304761904761904,-7.095238095238088,0.43315508021390375,0
1.0454545454545454,1.0454545454545454,0,5,11,3.0,0.45454545454545453,169.27619047619046,124.13333333333333,101.19047619047618,56.04761904761904,0.43672014260249553,0
0.6363636363636364,1.0454545454545454,0,5,11,7.0,0.8333333333333334,169.3238095238095,124.21904761904761,43.63809523809522,-1.4666666666666686,0.43315508021390375,0
0.6363636363636364,1.0454545454545454,0,4,11,8.0,1.0,156.8190476190476,127.05714285714286,31.419047619047603,1.6571428571428584,0.4295900178253119,0
0.6363636363636364,0.36363636363636365,0,5,11,9.0,1.0,123.1047619047619,133.9904761904762,-2.238095238095241,8.647619047619045,0.42780748663101603,0
0.6363636363636364,0.36363636363636365,0,5,11,9.0,1.0,108.5904761904762,147.54285714285714,-15.38095238095238,23.57142857142857,0.42780748663101603,0
0.6363636363636364,0.36363636363636365,0,4,11,9.0,1.0,106.39047619047619,160.92380952380952,-16.695238095238096,37.838095238095235,0.42780748663101603,0
0.5909090909090909,0.36363636363636365,0,4,11,9.0,1.0,125.47619047619048,170.82857142857142,-0.12380952380951271,45.22857142857143,0.42602495543672014,0
0.5909090909090909,0.36363636363636365,0,4,11,11.0,1.0,124.90476190476191,172.6285714285714,-7.580952380952382,40.14285714285711,0.42780748663101603,0
0.5454545454545454,0.36363636363636365,0,4,11,11.0,1.0,124.13333333333334,172.36190476190475,-19.752380952380932,28.47619047619048,0.46345811051693403,0
0.4090909090909091,0.2727272727272727,0,5,11,11.0,1.0,124.21904761904761,171.64761904761903,-42.03809523809525,5.390476190476164,0.43315508021390375,0
0.3181818181818182,0.22727272727272727,0,5,11,11.0,1.0,127.05714285714286,160.5142857142857,-45.57142857142857,-12.114285714285728,0.41889483065953653,0
0.5,1.0454545454545454,0,5,11,11.0,0.75,170.82857142857142,175.13333333333335,-0.6285714285714334,3.6761904761904987,0.36363636363636365,0
1.0454545454545454,1.0454545454545454,0,5,11,11.0,0.75,172.62857142857146,178.75238095238095,34.371428571428595,40.49523809523808,0.3493761140819964,0
1.0454545454545454,1.0454545454545454,11,4,11,1.0,0.25,172.36190476190475,179.35238095238097,141.61904761904762,148.60952380952384,0.33689839572192515,0
0.2727272727272727,1.0454545454545454,0,4,11,11.0,1.0,171.64761904761903,179.4857142857143,3.1904761904761756,11.02857142857144,0.32798573975044565,0
0.2727272727272727,1.0454545454545454,0,4,11,9.5,0.75,160.5142857142857,177.9142857142857,-17.97142857142859,-0.5714285714285836,0.32798573975044565,0
0.4090909090909091,0.8181818181818182,0,4,11,8.5,1.0,175.54285714285712,172.38095238095238,8.257142857142838,5.095238095238102,0.29411764705882354,0
1.0454545454545454,0.8181818181818182,0,4,11,8.0,0.8,174.45714285714288,215.54285714285712,28.571428571428612,69.65714285714284,0.28520499108734404,0
1.0454545454545454,0.8181818181818182,0,4,10,2.0,0.36363636363636365,172.6761904761905,225.48571428571427,102.6761904761905,155.48571428571427,0.2727272727272727,0
1.0454545454545454,0.8181818181818182,0,4,11,2.0,0.36363636363636365,169.8,228.24761904761905,74.91428571428573,133.36190476190478,0.26024955436720143,0
0.3181818181818182,0.8181818181818182,0,0,11,8.0,1.0,160.82857142857142,229.84761904761908,-37.22857142857143,31.790476190476227,0.24777183600713013,0
0.2727272727272727,0.7727272727272727,0,0,11,9.0,1.0,127.72380952380952,230.14285714285714,-96.47619047619047,5.94285714285715,0.23707664884135474,0
0.22727272727272727,0.6818181818181818,0,0,11,11.0,1.0,228.16190476190476,145.41904761904763,1.7904761904761983,-80.95238095238093,0.22459893048128343,0
0.8181818181818182,0.7272727272727273,0,0,11,6.0,1.0,226.52380952380952,148.07619047619048,9.666666666666657,-68.78095238095239,0.24420677361853832,0
0.8181818181818182,0.7272727272727273,16,0,11,4.0,0.5555555555555556,225.26666666666665,149.14285714285714,95.18095238095236,19.05714285714285,0.2620320855614973,0
0.6363636363636364,0.7272727272727273,0,0,11,7.0,0.8333333333333334,225.37142857142854,149.00952380952378,83.51428571428568,7.152380952380923,0.27450980392156865,0
0.5909090909090909,0.7272727272727273,0,0,11,8.0,0.8333333333333334,222.8952380952381,154.78095238095239,76.20952380952383,8.095238095238102,0.28698752228163993,0
0.6363636363636364,0.5,0,5,11,9.5,1.0,191.1047619047619,162.46666666666667,43.390476190476164,14.752380952380946,0.30124777183600715,0
0.5909090909090909,0.5454545454545454,0,3,11,10.0,1.0,162.93333333333337,171.1809523809524,13.104761904761943,21.35238095238097,0.3155080213903743,0
0.5454545454545454,0.5,0,3,11,9.0,1.0,139.54285714285714,174.0,-10.342857142857127,24.114285714285728,0.3315508021390374,0
0.5454545454545454,0.22727272727272727,0,3,11,8.0,1.0,145.41904761904763,174.4095238095238,-1.895238095238085,27.095238095238074,0.3493761140819964,0
0.5909090909090909,0.22727272727272727,0,0,11,7.0,1.0,148.07619047619048,173.43809523809523,-19.066666666666663,6.295238095238091,0.3672014260249554,0
0.5909090909090909,0.22727272727272727,0,0,11,8.0,1.0,149.14285714285714,171.48571428571427,-23.80000000000001,-1.457142857142884,0.3868092691622103,0
0.6363636363636364,0.5,0,0,11,10.0,1.0,149.0095238095238,170.44761904761904,-24.447619047619042,-3.009523809523813,0.39215686274509803,0
0.6363636363636364,0.5,0,0,11,10.5,1.0,154.78095238095239,168.83809523809524,-20.81904761904761,-6.761904761904759,0.39572192513368987,0
0.6363636363636364,0.5,0,0,11,11.0,1.0,162.46666666666667,153.23809523809524,-11.70476190476191,-20.933333333333337,0.39215686274509803,0
0.6363636363636364,0.5,0,0,11,11.0,1.0,171.18095238095236,125.17142857142858,0.6380952380952181,-45.37142857142857,0.39215686274509803,0
0.6363636363636364,0.5,0,0,11,11.0,1.0,174.0,110.94285714285714,4.257142857142867,-58.8,0.39215686274509803,0
0.6363636363636364,0.5454545454545454,0,0,11,11.0,1.0,174.40952380952385,124.83809523809525,3.3523809523809973,-46.2190476190476,0.39037433155080214,0
0.9090909090909091,0.8181818181818182,0,0,11,11.0,1.0,173.43809523809523,151.46666666666667,7.723809523809507,-14.247619047619054,0.38324420677361853,0
0.9545454545454546,0.8636363636363636,0,0,11,11.0,0.75,171.48571428571427,165.7904761904762,48.54285714285713,42.84761904761906,0.3850267379679144,0
0.9545454545454546,0.8636363636363636,11,0,11,10.5,0.6,170.44761904761904,164.83809523809524,83.59047619047618,77.98095238095237,0.3868092691622103,0
0.9545454545454546,0.8636363636363636,0,0,11,11.0,0.7777777777777778,168.83809523809524,163.35238095238097,45.80952380952381,40.323809523809544,0.3939393939393939,0
0.6818181818181818,0.8636363636363636,0,0,11,11.0,1.0,153.2380952380952,161.46666666666667,-11.390476190476221,-3.161904761904765,0.4028520499108734,0
0.6818181818181818,0.5909090909090909,0,0,11,11.0,1.0,125.17142857142858,160.32380952380953,-41.571428571428555,-6.419047619047603,0.40819964349376114,0
0.7272727272727273,0.5454545454545454,0,0,11,11.0,1.0,110.94285714285714,158.80952380952382,-55.057142857142864,-7.190476190476176,0.4117647058823529,0
0.7272727272727273,0.5909090909090909,0,0,11,11.0,1.0,124.83809523809525,157.7142857142857,-36.93333333333332,-4.057142857142878,0.4206773618538324,0
0.7272727272727273,0.5909090909090909,0,0,11,11.0,1.0,151.46666666666667,157.2380952380952,-10.819047619047609,-5.047619047619065,0.43137254901960786,0
0.7272727272727273,0.5909090909090909,0,0,11,11.0,1.0,165.7904761904762,158.59047619047618,5.4476190476190425,-1.7523809523809746,0.45276292335115864,0
0.6818181818181818,0.5,0,0,11,11.0,1.0,164.83809523809524,154.62857142857143,6.495238095238079,-3.7142857142857224,0.4563279857397504,0
0.6818181818181818,0.5,0,0,11,11.0,1.0,163.35238095238094,141.33333333333334,5.609523809523807,-16.40952380952379,0.44385026737967914,0
0.7272727272727273,0.5,0,0,11,11.0,1.0,161.46666666666667,117.39047619047619,4.409523809523819,-39.66666666666666,0.44563279857397503,0
0.7272727272727273,0.6363636363636364,0,0,11,11.0,1.0,160.32380952380953,107.37142857142857,3.4095238095238187,-49.542857142857144,0.46702317290552586,0
0.8181818181818182,0.6363636363636364,0,0,11,11.0,1.0,158.80952380952382,115.82857142857142,-2.990476190476187,-45.97142857142859,0.47058823529411764,0
0.9545454545454546,0.5909090909090909,0,0,11,9.5,1.0,157.7142857142857,127.03809523809525,12.542857142857116,-18.133333333333326,0.4741532976827095,0
0.9090909090909091,0.5909090909090909,0,0,11,7.0,0.8888888888888888,157.2380952380952,118.82857142857142,40.20952380952379,1.7999999999999972,0.4741532976827095,0
0.9545454545454546,0.5909090909090909,13,0,11,8.0,0.8,158.5904761904762,120.78095238095239,68.61904761904763,30.80952380952381,0.49376114081996436,0
0.9545454545454546,0.5454545454545454,0,0,11,10.0,0.875,154.62857142857143,132.58095238095237,39.51428571428572,17.466666666666654,0.5044563279857398,0
0.8181818181818182,0.5454545454545454,0,0,11,11.0,1.0,141.33333333333334,154.20000000000002,-1.0666666666666629,11.800000000000011,0.5115864527629234,0
0.9090909090909091,0.5454545454545454,0,0,11,11.0,1.0,117.39047619047619,139.75238095238095,-6.209523809523802,16.152380952380952,0.5187165775401069,0
0.9090909090909091,0.5454545454545454,14,0,11,9.0,0.7,107.37142857142857,121.36190476190477,16.885714285714286,30.876190476190487,0.5240641711229946,0
0.6363636363636364,0.5454545454545454,0,0,11,11.0,1.0,115.82857142857144,113.85714285714285,-32.42857142857143,-34.40000000000002,0.5294117647058824,0
0.6818181818181818,0.5454545454545454,0,0,11,11.0,0.8333333333333334,127.03809523809524,122.54285714285713,-31.961904761904762,-36.45714285714287,0.5347593582887701,0
1.0454545454545454,0.5454545454545454,0,0,11,11.0,1.0,118.82857142857142,131.64761904761903,-36.514285714285734,-23.695238095238125,0.5311942959001783,0
1.0454545454545454,0.5454545454545454,3,0,11,7.0,0.6666666666666666,120.78095238095239,131.6285714285714,15.866666666666674,26.714285714285694,0.5240641711229946,0
1.0454545454545454,0.5454545454545454,4,0,11,9.0,0.875,132.58095238095237,133.6095238095238,28.752380952380946,29.780952380952385,0.5044563279857398,0
0.5454545454545454,0.5454545454545454,6,0,11,10.0,1.0,154.20000000000002,135.05714285714285,21.371428571428595,2.2285714285714278,0.49554367201426025,0
0.5454545454545454,0.5,6,0,11,9.5,1.0,139.75238095238095,138.28571428571428,8.780952380952385,7.314285714285717,0.48484848484848486,0
0.5454545454545454,0.45454545454545453,6,0,11,10.0,1.0,121.36190476190477,145.85714285714286,-9.780952380952371,14.714285714285722,0.4741532976827095,0
0.5454545454545454,0.45454545454545453,6,0,11,10.5,1.0,113.85714285714285,158.83809523809524,-18.914285714285725,26.066666666666663,0.45811051693404636,0
0.5454545454545454,0.45454545454545453,6,0,11,11.0,1.0,122.54285714285713,169.33333333333334,-14.37142857142858,32.41904761904763,0.47237076648841353,0
0.5454545454545454,0.45454545454545453,6,0,11,11.0,1.0,131.64761904761903,173.45714285714288,-3.8380952380952635,37.97142857142859,0.49019607843137253,0
0.5454545454545454,0.45454545454545453,6,0,11,11.0,1.0,131.6285714285714,162.41904761904763,-10.82857142857145,19.961904761904776,0.5044563279857398,0
0.5,0.45454545454545453,0,0,11,11.0,1.0,133.6095238095238,138.07619047619048,-26.019047619047626,-21.552380952380958,0.49732620320855614,0
0.5,0.4090909090909091,0,0,11,11.0,1.0,135.05714285714285,109.66666666666667,-39.37142857142857,-64.76190476190474,0.5044563279857398,0
0.5,0.4090909090909091,0,0,11,11.0,1.0,138.2857142857143,96.91428571428571,-35.657142857142844,-77.02857142857144,0.5169340463458111,0
0.5909090909090909,0.4090909090909091,0,0,11,11.0,1.0,145.85714285714286,101.03809523809524,-26.14285714285714,-70.96190476190476,0.5151515151515151,0
0.9090909090909091,0.4090909090909091,2,0,11,11.0,1.0,158.83809523809524,102.90476190476191,17.52380952380952,-38.409523809523805,0.5062388591800356,0
0.9090909090909091,0.4090909090909091,4,0,11,8.0,0.7777777777777778,169.33333333333334,93.98095238095237,68.41904761904763,-6.933333333333337,0.5044563279857398,0
0.9090909090909091,0.4090909090909091,8,0,11,7.5,0.8,173.45714285714288,99.11428571428571,86.68571428571431,12.342857142857142,0.5240641711229946,0
0.8181818181818182,0.4090909090909091,6,0,11,9.5,1.0,162.41904761904763,121.8952380952381,59.36190476190477,18.838095238095235,0.5204991087344029,0
0.8636363636363636,0.4090909090909091,0,0,11,11.0,1.0,138.07619047619048,140.06666666666666,24.790476190476184,26.78095238095237,0.5151515151515151,0
0.8636363636363636,0.4090909090909091,7,0,11,8.0,0.7777777777777778,109.66666666666667,132.43809523809526,17.295238095238105,40.06666666666669,0.5115864527629234,0
0.8636363636363636,0.4090909090909091,10,0,11,7.0,0.7777777777777778,96.91428571428571,122.5904761904762,20.62857142857142,46.304761904761904,0.5098039215686274,0
0.6363636363636364,0.4090909090909091,0,0,11,9.0,1.0,101.03809523809525,137.40952380952382,-27.64761904761903,8.723809523809535,0.5098039215686274,0
1.0454545454545454,0.5909090909090909,0,1,11,8.5,1.0,102.90476190476191,161.27619047619046,-57.80952380952381,0.5619047619047421,0.5098039215686274,0
1.0454545454545454,0.5909090909090909,0,1,11,7.0,0.8333333333333334,93.98095238095237,174.98095238095235,-36.81904761904764,44.180952380952334,0.49910873440285203,0
1.0454545454545454,0.5909090909090909,0,1,11,5.5,0.5833333333333334,99.11428571428571,171.6857142857143,-6.685714285714283,65.88571428571431,0.4741532976827095,0
1.0,0.5909090909090909,1,0,11,7.0,1.0,121.89523809523808,169.6,-9.276190476190493,38.428571428571416,0.44206773618538325,0
0.36363636363636365,0.5909090909090909,2,0,11,7.5,1.0,140.0666666666667,171.61904761904762,-35.190476190476176,-3.6380952380952465,0.4117647058823529,0
0.7727272727272727,1.0,0,0,11,11.0,1.0,223.74285714285716,150.3714285714286,2.028571428571439,-71.34285714285713,0.16934046345811052,1
0.9545454545454546,0.9545454545454546,0,0,11,11.0,1.0,222.64761904761906,97.90476190476191,1.5619047619047706,-123.18095238095238,0.39037433155080214,0
1.0,1.0,0,0,11,6.0,0.75,222.50476190476192,106.93333333333334,82.33333333333334,-33.23809523809524,0.37433155080213903,0
1.0454545454545454,1.0454545454545454,0,5,11,3.0,0.45454545454545453,222.04761904761904,105.55238095238094,172.9047619047619,56.4095238095238,0.35650623885918004,0
1.0454545454545454,1.0454545454545454,0,5,11,7.5,0.8333333333333334,221.80952380952382,106.52380952380952,141.4666666666667,26.180952380952377,0.37076648841354726,0
0.5909090909090909,1.0454545454545454,0,5,11,8.5,1.0,194.48571428571427,106.70476190476192,83.59999999999998,-4.1809523809523625,0.38324420677361853,0
0.5909090909090909,0.36363636363636365,0,5,11,9.0,0.8571428571428571,136.79999999999998,109.60000000000001,34.3142857142857,7.114285714285728,0.39572192513368987,0
0.5909090909090909,0.3181818181818182,0,4,11,10.0,1.0,89.88571428571429,118.02857142857142,-17.542857142857144,10.599999999999994,0.40998217468805703,0
0.5909090909090909,0.3181818181818182,0,4,11,10.5,1.0,80.12380952380953,137.27619047619046,-26.61904761904762,30.533333333333317,0.42602495543672014,0
0.5909090909090909,0.3181818181818182,0,4,11,10.0,1.0,97.90476190476191,153.68571428571428,-7.4952380952380935,48.28571428571428,0.44206773618538325,0
0.5909090909090909,0.3181818181818182,0,4,11,9.5,1.0,106.93333333333334,164.86666666666667,-1.038095238095238,56.8952380952381,0.46167557932263814,0
0.5909090909090909,0.3181818181818182,0,4,11,9.0,1.0,105.55238095238094,164.13333333333333,-9.876190476190487,48.704761904761895,0.49376114081996436,0
0.5454545454545454,0.3181818181818182,0,4,11,11.0,1.0,106.52380952380953,163.75238095238095,-24.16190476190475,33.06666666666666,0.47950089126559714,0
0.36363636363636365,0.22727272727272727,0,4,11,11.0,1.0,106.7047619047619,154.15238095238092,-59.00952380952383,-11.561904761904799,0.46524064171123,0
0.36363636363636365,0.22727272727272727,0,4,11,11.0,1.0,109.60000000000001,124.83809523809522,-55.057142857142836,-39.81904761904762,0.45276292335115864,0
0.36363636363636365,0.22727272727272727,0,4,11,11.0,1.0,118.02857142857142,103.13333333333333,-46.2,-61.0952380952381,0.43672014260249553,0
0.36363636363636365,0.22727272727272727,0,4,11,10.5,1.0,137.27619047619046,111.57142857142857,-26.23809523809524,-51.942857142857136,0.42424242424242425,0
0.45454545454545453,0.3181818181818182,0,3,11,10.0,1.0,153.68571428571428,141.68571428571428,-9.828571428571422,-21.828571428571422,0.4117647058823529,0
1.0454545454545454,0.3181818181818182,0,3,11,8.0,1.0,164.86666666666665,163.54285714285712,29.43809523809523,28.1142857142857,0.39928698752228164,0
1.0454545454545454,0.3181818181818182,1,3,11,3.0,0.5,164.13333333333333,164.16190476190476,88.56190476190476,88.5904761904762,0.3850267379679144,0
1.0454545454545454,0.3181818181818182,0,3,11,8.0,0.8333333333333334,163.75238095238095,163.2952380952381,65.35238095238094,64.89523809523808,0.37433155080213903,0
0.36363636363636365,0.3181818181818182,0,3,11,11.0,1.0,154.15238095238092,163.68571428571428,-6.59047619047621,2.94285714285715,0.3672014260249554,0
0.36363636363636365,0.2727272727272727,0,3,11,11.0,1.0,124.83809523809525,164.38095238095238,-41.07619047619046,-1.5333333333333314,0.37076648841354726,0
0.36363636363636365,0.22727272727272727,0,3,11,11.0,1.0,103.13333333333333,163.6952380952381,-60.838095238095235,-0.27619047619046455,0.3761140819964349,0
0.36363636363636365,0.22727272727272727,0,3,11,11.0,1.0,111.57142857142856,162.07619047619048,-51.02857142857144,-0.5238095238095184,0.37967914438502676,0
0.36363636363636365,0.22727272727272727,0,3,11,11.0,1.0,141.68571428571428,161.2952380952381,-21.628571428571433,-2.019047619047626,0.38146167557932265,0
0.4090909090909091,0.2727272727272727,0,3,11,11.0,1.0,163.54285714285712,161.16190476190476,-1.6000000000000227,-3.980952380952374,0.3868092691622103,0
0.4090909090909091,0.2727272727272727,0,2,11,11.0,1.0,164.16190476190476,160.52380952380955,-0.5238095238095184,-4.1619047619047365,0.39037433155080214,0
0.45454545454545453,0.2727272727272727,0,2,11,11.0,1.0,163.2952380952381,159.31428571428572,2.0380952380952237,-1.9428571428571502,0.39928698752228164,0
0.45454545454545453,0.3181818181818182,0,2,11,11.0,1.0,163.68571428571428,156.5904761904762,3.4000000000000057,-3.695238095238068,0.3939393939393939,0
0.45454545454545453,0.3181818181818182,0,2,11,11.0,1.0,164.38095238095238,140.47619047619045,2.0380952380952237,-21.866666666666703,0.39572192513368987,0
0.4090909090909091,0.3181818181818182,0,2,11,11.0,1.0,163.6952380952381,97.08571428571429,2.838095238095235,-63.77142857142857,0.39928698752228164,0
0.45454545454545453,0.3181818181818182,0,2,11,11.0,1.0,162.07619047619048,85.13333333333333,3.7047619047619094,-73.23809523809524,0.40106951871657753,0
1.0,1.0454545454545454,0,2,11,10.0,1.0,161.16190476190476,136.56190476190477,8.476190476190482,-16.123809523809513,0.40463458110516937,0
1.0454545454545454,1.0454545454545454,0,1,11,10.5,1.0,160.52380952380952,148.12380952380954,50.49523809523809,38.095238095238116,0.4028520499108734,0
1.0454545454545454,1.0454545454545454,8,1,11,2.5,0.5,159.31428571428572,151.27619047619046,130.77142857142857,122.73333333333332,0.40463458110516937,0
0.5909090909090909,1.0454545454545454,0,1,11,11.0,1.0,156.59047619047618,153.82857142857142,39.76190476190476,37.0,0.40463458110516937,0
0.5,1.0454545454545454,0,1,11,11.0,1.0,140.47619047619048,157.0,-4.466666666666669,12.05714285714285,0.40641711229946526,0
0.5,0.2727272727272727,0,1,11,11.0,1.0,85.13333333333333,162.1904761904762,-66.38095238095238,10.676190476190499,0.41354723707664887,0
0.5,0.2727272727272727,0,1,11,11.0,1.0,96.77142857142859,162.27619047619046,-57.62857142857142,7.876190476190459,0.42245989304812837,0
0.5,0.2727272727272727,0,1,11,11.0,0.8,136.56190476190477,160.47619047619048,-19.009523809523813,4.904761904761898,0.4385026737967914,0
0.5,0.2727272727272727,0,0,11,11.0,1.0,148.12380952380954,155.41904761904763,-12.904761904761898,-5.609523809523807,0.4385026737967914,0
0.5,0.4090909090909091,0,0,11,11.0,1.0,151.27619047619046,143.36190476190475,-12.066666666666691,-19.980952380952402,0.43672014260249553,0
0.5,0.4090909090909091,0,0,11,11.0,1.0,153.82857142857142,123.77142857142859,-8.371428571428567,-38.4285714285714,0.41889483065953653,0
0.5454545454545454,0.4090909090909091,0,0,11,11.0,1.0,157.0,123.07619047619046,-4.285714285714278,-38.209523809523816,0.43137254901960786,0
0.6363636363636364,0.4090909090909091,0,0,11,11.0,1.0,159.9809523809524,129.84761904761905,2.038095238095252,-28.095238095238102,0.43493761140819964,0
0.7727272727272727,0.4090909090909091,0,0,11,11.0,1.0,162.19047619047618,132.55238095238096,15.161904761904736,-14.476190476190482,0.4385026737967914,0
0.8181818181818182,0.4090909090909091,0,0,11,11.0,0.7777777777777778,162.27619047619046,120.72380952380952,37.16190476190475,-4.390476190476193,0.44028520499108736,0
0.7727272727272727,0.4090909090909091,13,0,11,11.0,0.7777777777777778,160.47619047619045,119.21904761904761,61.304761904761875,20.047619047619037,0.4474153297682709,0
0.6818181818181818,0.3181818181818182,0,0,11,11.0,1.0,155.41904761904763,137.56190476190477,10.476190476190482,-7.38095238095238,0.47593582887700536,0
0.7727272727272727,0.45454545454545453,0,0,11,11.0,1.0,143.36190476190475,155.8095238095238,-2.066666666666663,10.38095238095238,0.4741532976827095,0
0.7727272727272727,0.45454545454545453,9,0,11,11.0,0.7777777777777778,123.77142857142856,148.12380952380954,16.485714285714266,40.83809523809525,0.47058823529411764,0
0.7727272727272727,0.45454545454545453,14,0,11,11.0,0.7777777777777778,123.07619047619049,116.03809523809524,13.619047619047635,6.580952380952382,0.46702317290552586,0
0.5909090909090909,0.45454545454545453,1,0,11,10.0,1.0,129.84761904761905,111.56190476190477,-11.066666666666663,-29.35238095238094,0.46167557932263814,0
0.5454545454545454,0.5,0,0,11,9.0,1.0,132.55238095238096,134.9809523809524,-29.76190476190476,-27.333333333333314,0.45454545454545453,0
1.0454545454545454,1.0454545454545454,0,0,11,8.0,1.0,120.72380952380952,175.3714285714286,-43.47619047619047,11.171428571428606,0.44563279857397503,0
1.0454545454545454,1.0454545454545454,0,0,11,7.0,0.75,119.21904761904761,186.3714285714286,1.3619047619047535,68.51428571428573,0.42780748663101603,0
1.0454545454545454,1.0454545454545454,4,0,11,4.0,0.5,137.56190476190474,184.6,71.50476190476188,118.54285714285713,0.39928698752228164,0
0.5,1.0454545454545454,5,0,11,11.0,1.0,155.80952380952382,184.0857142857143,5.038095238095252,33.31428571428572,0.38146167557932265,0
0.18181818181818182,1.0454545454545454,7,0,11,10.5,1.0,148.1238095238095,188.42857142857142,-39.990476190476215,0.3142857142856883,0.36363636363636365,0
0.22727272727272727,0.7272727272727273,0,0,11,6.5,0.5,217.01904761904765,137.9809523809524,-1.7809523809523569,-80.81904761904761,0.25668449197860965,0
0.8636363636363636,0.7727272727272727,0,0,11,11.0,1.0,217.88571428571427,150.19047619047618,-0.08571428571428896,-67.78095238095239,0.2620320855614973,0
0.8636363636363636,0.7727272727272727,7,0,11,4.0,0.5,216.9238095238095,151.4857142857143,101.86666666666663,36.42857142857143,0.26916221033868093,0
0.9090909090909091,0.7727272727272727,0,0,11,7.0,0.7142857142857143,217.45714285714283,152.98095238095235,100.0285714285714,35.552380952380915,0.2798573975044563,0
0.6363636363636364,0.7727272727272727,0,0,11,8.0,1.0,217.81904761904764,155.83809523809524,71.70476190476191,9.723809523809507,0.29411764705882354,0
0.5909090909090909,0.5454545454545454,0,0,10,9.0,1.0,183.94285714285715,162.13333333333333,33.542857142857144,11.73333333333332,0.3048128342245989,0
0.5909090909090909,0.2727272727272727,0,0,10,10.0,1.0,150.15238095238095,167.0,-3.904761904761898,12.94285714285715,0.3155080213903743,0
0.5909090909090909,0.2727272727272727,0,0,11,11.0,1.0,126.2,168.3904761904762,-23.799999999999997,18.390476190476193,0.32976827094474154,0
0.5909090909090909,0.2727272727272727,0,0,11,11.0,1.0,137.9809523809524,167.0857142857143,-16.90476190476187,12.200000000000017,0.34402852049910876,0
0.5909090909090909,0.2727272727272727,0,0,11,11.0,1.0,150.19047619047618,165.9142857142857,-12.438095238095258,3.2857142857142776,0.38146167557932265,0
0.6363636363636364,0.5454545454545454,0,0,11,11.0,1.0,151.48571428571427,165.48571428571427,-17.400000000000006,-3.4000000000000057,0.41711229946524064,0
0.6363636363636364,0.5454545454545454,0,0,11,11.0,1.0,152.98095238095235,165.47619047619048,-16.50476190476195,-4.009523809523813,0.4028520499108734,0
0.6818181818181818,0.5,0,0,11,11.0,0.8,155.83809523809524,141.2952380952381,-10.961904761904776,-25.50476190476192,0.39215686274509803,0
0.6818181818181818,0.5,0,0,11,11.0,1.0,162.13333333333333,121.33333333333333,-2.838095238095235,-43.63809523809523,0.3868092691622103,0
0.6818181818181818,0.5454545454545454,0,0,11,11.0,1.0,167.0,115.35238095238095,1.0285714285714391,-50.619047619047606,0.3868092691622103,0
0.6363636363636364,0.8636363636363636,0,0,11,11.0,1.0,168.3904761904762,140.1238095238095,2.8761904761904873,-25.390476190476193,0.3868092691622103,0
0.9545454545454546,0.8636363636363636,0,0,11,10.5,1.0,167.0857142857143,161.64761904761903,2.142857142857139,-3.295238095238119,0.39037433155080214,0
0.9545454545454546,0.8636363636363636,15,0,11,7.5,0.6,165.9142857142857,166.98095238095237,72.48571428571428,73.55238095238094,0.38859180035650626,0
0.9545454545454546,0.8636363636363636,16,0,11,8.0,0.6,165.48571428571427,164.88571428571427,59.85714285714283,59.25714285714284,0.3868092691622103,0
0.6363636363636364,0.8636363636363636,0,0,11,10.0,0.8571428571428571,165.47619047619048,162.77142857142857,18.47619047619048,15.771428571428572,0.3868092691622103,0
0.5909090909090909,0.8636363636363636,0,0,11,10.5,1.0,141.2952380952381,162.97142857142856,-26.447619047619042,-4.771428571428572,0.3868092691622103,0
0.6363636363636364,0.5,0,0,11,11.0,1.0,121.33333333333333,163.72380952380954,-48.86666666666666,-6.476190476190453,0.3850267379679144,0
0.6818181818181818,0.5454545454545454,0,0,11,11.0,1.0,115.35238095238095,163.96190476190475,-47.647619047619045,0.9619047619047478,0.3868092691622103,0
0.6818181818181818,0.5,0,0,11,11.0,1.0,140.1238095238095,164.43809523809526,-21.333333333333343,2.9809523809524023,0.38859180035650626,0
0.5909090909090909,0.5,0,0,11,11.0,1.0,161.64761904761903,164.85714285714286,-2.20952380952383,1.0,0.39037433155080214,0
0.5909090909090909,0.5,0,0,11,11.0,1.0,166.98095238095237,166.14285714285714,3.3809523809523796,2.5428571428571445,0.41532976827094475,0
0.5909090909090909,0.5,0,0,11,11.0,1.0,164.88571428571427,167.74285714285713,1.1714285714285495,4.028571428571411,0.41711229946524064,0
0.5909090909090909,0.22727272727272727,0,0,11,11.0,1.0,162.77142857142857,168.20000000000002,-1.8000000000000114,3.6285714285714334,0.39750445632798576,0
0.5909090909090909,0.22727272727272727,0,0,11,11.0,1.0,162.97142857142856,146.5904761904762,-2.0571428571428783,-18.43809523809523,0.39572192513368987,0
0.5909090909090909,0.22727272727272727,0,0,11,11.0,1.0,163.72380952380954,124.51428571428573,-1.2476190476190254,-40.45714285714283,0.39928698752228164,0
0.6363636363636364,0.3181818181818182,0,0,11,11.0,1.0,163.96190476190478,118.87619047619046,-4.46666666666664,-49.55238095238096,0.40641711229946526,0
0.6363636363636364,0.6363636363636364,0,0,11,11.0,1.0,164.43809523809526,135.2095238095238,-5.390476190476164,-34.61904761904762,0.40998217468805703,0
1.0,1.0,0,0,11,11.0,1.0,164.85714285714286,150.98095238095237,-1.4857142857142946,-15.361904761904782,0.41354723707664887,0
1.0,1.0,7,0,11,7.5,0.6,166.14285714285714,153.63809523809525,62.542857142857144,50.03809523809525,0.41354723707664887,0
1.0,1.0,8,0,11,8.5,0.7,167.74285714285713,154.78095238095239,64.14285714285714,51.18095238095239,0.41889483065953653,0
0.6363636363636364,1.0,0,0,11,10.0,1.0,168.20000000000002,156.34285714285716,18.7714285714286,6.9142857142857395,0.42424242424242425,0
0.5909090909090909,0.5909090909090909,0,0,11,11.0,1.0,146.5904761904762,156.64761904761906,-6.009523809523785,4.047619047619065,0.42424242424242425,0
0.5909090909090909,0.2727272727272727,0,0,11,11.0,1.0,124.51428571428572,158.6,-26.39999999999999,7.685714285714283,0.42424242424242425,0
0.5909090909090909,0.2727272727272727,0,0,11,11.0,1.0,118.87619047619046,161.75238095238095,-38.52380952380955,4.3523809523809405,0.42424242424242425,0
0.5909090909090909,0.2727272727272727,0,0,11,11.0,1.0,135.2095238095238,165.25714285714284,-20.819047619047637,9.2285714285714,0.4295900178253119,0
0.6363636363636364,0.5454545454545454,0,0,11,11.0,1.0,150.9809523809524,167.66666666666666,-4.619047619047592,12.066666666666663,0.43493761140819964,0
0.6363636363636364,0.5,0,0,11,11.0,1.0,153.63809523809525,168.6761904761905,-4.67619047619047,10.361904761904782,0.4474153297682709,0
0.5909090909090909,0.5,0,0,11,11.0,1.0,154.78095238095239,168.20952380952383,-7.104761904761887,6.323809523809558,0.44919786096256686,0
0.5909090909090909,0.5,0,0,11,11.0,1.0,156.34285714285716,166.61904761904762,-8.714285714285694,1.5619047619047706,0.42780748663101603,0
0.5909090909090909,0.5,0,0,11,11.0,1.0,156.64761904761906,146.96190476190478,-12.180952380952363,-21.866666666666646,0.41711229946524064,0
0.5909090909090909,0.5,0,0,11,11.0,1.0,158.6,115.55238095238094,-10.514285714285734,-53.561904761904785,0.40641711229946526,0
0.5909090909090909,0.5,0,0,11,11.0,1.0,161.75238095238095,104.18095238095238,-6.333333333333343,-63.90476190476191,0.39750445632798576,0
0.5454545454545454,0.5,0,0,11,10.0,1.0,165.25714285714284,130.61904761904762,-2.171428571428578,-36.809523809523796,0.3868092691622103,0
1.0,1.0,0,0,11,9.0,1.0,167.66666666666666,169.9047619047619,3.3238095238095013,5.561904761904742,0.3761140819964349,0
1.0,1.0,1,0,11,7.5,0.75,168.6761904761905,189.41904761904763,59.561904761904785,80.30476190476192,0.36541889483065954,0
1.0,1.0,4,0,11,4.0,0.5454545454545454,168.20952380952383,188.37142857142854,95.00952380952383,115.17142857142854,0.34759358288770054,0
0.9090909090909091,1.0,7,0,11,6.0,1.0,166.61904761904762,187.38095238095238,36.39047619047619,57.15238095238095,0.32798573975044565,0
0.18181818181818182,1.0,7,0,11,11.0,1.0,146.96190476190475,190.13333333333333,-41.46666666666667,1.7047619047619094,0.3083778966131907,0
0.22727272727272727,0.22727272727272727,7,0,10,10.0,1.0,115.55238095238094,197.8952380952381,-75.5047619047619,6.8380952380952635,0.29411764705882354,0
0.8636363636363636,0.7727272727272727,0,0,10,10.0,1.0,221.2952380952381,136.83809523809524,1.6666666666666572,-82.7904761904762,0.2709447415329768,0
0.9090909090909091,0.8181818181818182,0,0,9,7.5,1.0,222.49523809523808,149.16190476190476,53.3238095238095,-20.009523809523813,0.27629233511586454,0
0.9090909090909091,0.8181818181818182,8,0,8,6.0,0.5555555555555556,221.96190476190475,150.24761904761905,139.1047619047619,67.39047619047619,0.28342245989304815,0
0.9090909090909091,0.8181818181818182,1,0,8,7.0,0.7142857142857143,220.64761904761906,152.4857142857143,107.70476190476192,39.54285714285716,0.29590017825311943,0
0.6818181818181818,0.8181818181818182,0,0,9,8.0,1.0,202.9809523809524,155.88571428571427,54.20952380952383,7.1142857142857,0.31016042780748665,0
0.6363636363636364,0.5909090909090909,0,0,10,9.0,1.0,157.21904761904761,159.75238095238095,8.419047619047603,10.952380952380935,0.32798573975044565,0
0.6818181818181818,0.5454545454545454,0,0,11,10.0,1.0,121.65714285714286,162.3047619047619,-28.257142857142853,12.390476190476193,0.34581105169340465,0
0.6818181818181818,0.5454545454545454,0,0,11,11.0,0.8333333333333334,114.85714285714285,163.3714285714286,-37.17142857142859,11.342857142857156,0.36363636363636365,0
0.6818181818181818,0.5909090909090909,0,0,11,11.0,0.8333333333333334,136.83809523809524,162.9333333333333,-18.67619047619047,7.419047619047603,0.3761140819964349,0
0.6818181818181818,0.5909090909090909,0,0,11,11.0,0.8333333333333334,149.16190476190476,160.80952380952382,-10.952380952380963,0.6952380952380963,0.39572192513368987,0
0.6363636363636364,0.5909090909090909,0,0,11,11.0,1.0,150.24761904761905,159.60000000000002,-13.38095238095238,-4.028571428571411,0.42780748663101603,0
0.6818181818181818,0.5,0,0,11,11.0,1.0,152.4857142857143,160.84761904761902,-10.685714285714283,-2.323809523809558,0.41354723707664887,0
0.6363636363636364,0.5,0,0,11,11.0,1.0,155.88571428571427,156.13333333333333,-7.428571428571445,-7.180952380952391,0.40106951871657753,0
0.6818181818181818,0.5,0,0,11,11.0,1.0,159.75238095238095,125.20952380952379,-2.5619047619047706,-37.10476190476193,0.39037433155080214,0
0.6818181818181818,0.5,0,0,11,11.0,1.0,162.3047619047619,110.76190476190476,5.504761904761892,-46.03809523809525,0.38324420677361853,0
0.6363636363636364,0.5454545454545454,0,0,11,11.0,1.0,163.37142857142857,115.42857142857143,3.6857142857142833,-44.25714285714285,0.37967914438502676,0
0.6818181818181818,0.9090909090909091,0,0,11,11.0,1.0,162.93333333333334,149.11428571428573,-3.1238095238095127,-16.94285714285712,0.37967914438502676,0
1.0,0.9090909090909091,0,0,11,11.0,1.0,160.80952380952382,163.98095238095235,18.15238095238098,21.3238095238095,0.37967914438502676,0
1.0,0.9090909090909091,15,0,11,5.5,0.6,159.6,166.6952380952381,92.68571428571428,99.78095238095239,0.38324420677361853,0
1.0,0.9090909090909091,0,0,11,11.0,0.8571428571428571,160.84761904761905,165.5809523809524,38.13333333333334,42.86666666666669,0.3850267379679144,0
0.6363636363636364,0.9090909090909091,0,0,11,11.0,1.0,156.13333333333333,164.93333333333334,-0.5238095238095184,8.276190476190493,0.38324420677361853,0
0.6363636363636364,0.6363636363636364,0,0,11,11.0,1.0,125.20952380952379,164.65714285714284,-42.76190476190477,-3.3142857142857167,0.37967914438502676,0
0.5909090909090909,0.3181818181818182,0,0,11,11.0,1.0,110.76190476190476,166.3047619047619,-56.55238095238096,-1.009523809523813,0.3761140819964349,0
0.6363636363636364,0.2727272727272727,0,0,11,11.0,1.0,115.42857142857143,168.02857142857144,-49.37142857142858,3.2285714285714278,0.37433155080213903,0
0.6818181818181818,0.2727272727272727,0,0,11,11.0,1.0,149.1142857142857,170.0761904761905,-15.514285714285734,5.447619047619071,0.37433155080213903,0
0.6818181818181818,0.2727272727272727,0,0,11,9.5,0.8333333333333334,163.98095238095237,168.84761904761902,-1.3904761904761926,3.476190476190453,0.38146167557932265,0
0.6818181818181818,0.2727272727272727,0,0,11,9.0,0.8571428571428571,166.6952380952381,166.3238095238095,2.7238095238095354,2.3523809523809405,0.40641711229946526,0
0.6363636363636364,0.2727272727272727,0,0,11,10.5,0.8333333333333334,165.58095238095237,164.38095238095238,-3.9904761904762154,-5.190476190476204,0.40998217468805703,0
0.5909090909090909,0.2727272727272727,0,0,11,11.0,1.0,164.93333333333334,161.13333333333333,-5.609523809523807,-9.409523809523819,0.40819964349376114,0
0.6363636363636364,0.5,0,0,11,11.0,1.0,164.65714285714287,137.7619047619048,-5.4571428571428555,-32.35238095238094,0.4117647058823529,0
0.6363636363636364,0.5,0,0,11,11.0,1.0,166.3047619047619,116.60952380952381,0.41904761904763177,-49.276190476190465,0.4206773618538324,0
0.6363636363636364,0.5,0,0,11,11.0,1.0,168.02857142857144,111.4952380952381,5.057142857142878,-51.47619047619047,0.42424242424242425,0
0.6363636363636364,1.0,0,0,11,11.0,1.0,170.07619047619048,132.38095238095238,5.790476190476198,-31.904761904761898,0.42424242424242425,0
1.0,1.0,0,0,11,11.0,1.0,168.84761904761905,150.26666666666665,12.70476190476191,-5.876190476190487,0.42245989304812837,0
1.0,1.0,7,0,11,10.0,0.5454545454545454,166.3238095238095,155.42857142857142,73.46666666666664,62.571428571428555,0.42602495543672014,0
1.0,1.0,9,0,11,11.0,0.5454545454545454,164.38095238095238,157.35238095238097,63.55238095238096,56.52380952380955,0.42424242424242425,0
0.5909090909090909,1.0,0,0,11,11.0,1.0,161.13333333333333,161.67619047619047,20.333333333333314,20.87619047619046,0.42424242424242425,0
0.5454545454545454,1.0,0,0,11,11.0,1.0,137.76190476190476,166.14285714285714,-17.752380952380946,10.628571428571433,0.4295900178253119,0
0.5454545454545454,0.45454545454545453,0,0,11,11.0,1.0,116.60952380952381,168.98095238095237,-37.87619047619049,14.49523809523808,0.43672014260249553,0
0.5454545454545454,0.45454545454545453,0,0,11,11.0,1.0,111.4952380952381,169.79999999999998,-44.790476190476184,13.514285714285705,0.44919786096256686,0
0.5454545454545454,0.45454545454545453,0,0,11,11.0,1.0,132.38095238095238,170.20000000000002,-28.904761904761898,8.91428571428574,0.46167557932263814,0
0.5454545454545454,0.45454545454545453,0,0,11,11.0,1.0,150.26666666666668,168.26666666666665,-17.190476190476176,0.809523809523796,0.48128342245989303,0
0.5909090909090909,0.5,0,0,11,11.0,0.8333333333333334,155.42857142857144,159.33333333333334,-14.257142857142838,-10.35238095238094,0.4919786096256685,0
0.5909090909090909,0.5,0,0,11,11.0,1.0,157.35238095238094,140.60000000000002,-12.447619047619071,-29.19999999999999,0.47593582887700536,0
0.5909090909090909,0.5,0,0,11,11.0,1.0,161.67619047619047,109.91428571428571,-8.23809523809524,-60.0,0.46702317290552586,0
0.5454545454545454,0.45454545454545453,0,0,11,11.0,1.0,166.14285714285714,99.5047619047619,-4.742857142857133,-71.38095238095237,0.483065953654189,0
0.6363636363636364,0.45454545454545453,0,0,11,9.5,1.0,168.98095238095237,102.6190476190476,4.980952380952374,-61.380952380952394,0.48663101604278075,0
0.6818181818181818,0.45454545454545453,3,0,11,9.0,1.0,169.79999999999998,111.84761904761905,26.685714285714255,-31.26666666666668,0.483065953654189,0
0.9545454545454546,0.45454545454545453,4,0,11,10.0,1.0,170.2,109.09523809523809,55.514285714285705,-5.5904761904761955,0.48484848484848486,0
0.9545454545454546,0.45454545454545453,10,0,11,9.0,0.7777777777777778,168.26666666666665,114.44761904761906,96.32380952380952,42.50476190476192,0.5080213903743316,0
0.7272727272727273,0.45454545454545453,5,0,11,10.0,1.0,159.33333333333334,132.47619047619048,47.44761904761906,20.590476190476195,0.5276292335115864,0
0.8636363636363636,0.45454545454545453,0,0,11,10.0,1.0,140.6,148.88571428571427,16.57142857142857,24.857142857142847,0.5222816399286988,0
0.8636363636363636,0.45454545454545453,0,0,11,8.0,0.8888888888888888,109.91428571428571,126.47619047619048,10.285714285714278,26.847619047619048,0.5204991087344029,0
0.8636363636363636,0.45454545454545453,0,0,11,9.0,0.8888888888888888,99.5047619047619,112.70476190476192,-4.123809523809527,9.07619047619049,0.5169340463458111,0
0.7272727272727273,0.45454545454545453,0,0,10,9.5,0.875,102.6190476190476,115.20952380952382,-37.46666666666668,-24.876190476190473,0.5115864527629234,0
0.6818181818181818,1.0454545454545454,0,0,9,9.0,1.0,111.84761904761905,149.64761904761906,-41.866666666666674,-4.066666666666663,0.5026737967914439,0
1.0454545454545454,1.0454545454545454,0,0,8,8.0,1.0,109.09523809523809,170.42857142857142,-43.76190476190477,17.571428571428555,0.48484848484848486,0
1.0454545454545454,1.0454545454545454,0,0,7,6.0,0.6666666666666666,114.44761904761906,176.07619047619048,41.590476190476195,103.21904761904761,0.46345811051693403,0
1.0454545454545454,1.0454545454545454,1,0,7,6.0,0.8,132.47619047619048,176.5333333333333,20.076190476190476,64.1333333333333,0.4295900178253119,0
0.4090909090909091,1.0454545454545454,2,0,8,6.0,1.0,148.88571428571427,178.05714285714285,-11.485714285714295,17.685714285714283,0.39928698752228164,0
0.4090909090909091,0.45454545454545453,3,0,9,6.0,1.0,126.47619047619048,181.6095238095238,-49.695238095238096,5.438095238095229,0.37433155080213903,0
0.8636363636363636,1.0,0,0,0,0,0,221.27619047619046,165.9904761904762,-2.3238095238095298,-57.60952380952381,0.16755793226381463,1
0.4666666666666667,0.4,0,0,10,8.0,0.8,233.58865248226948,180.3758865248227,36.609929078014176,-16.6028368794326,0.17391304347826086,1
0.5666666666666667,0.4,0,0,11,6.0,0.7142857142857143,224.46808510638297,193.0709219858156,45.65957446808511,14.262411347517741,0.20483091787439614,0
0.6,0.4,0,0,11,8.5,0.8333333333333334,212.5035460992908,197.85815602836882,32.843971631205676,18.198581560283714,0.21835748792270532,0
0.5666666666666667,0.4,0,0,11,8.5,1.0,197.95744680851067,197.57446808510636,21.12765957446811,20.744680851063805,0.22705314009661837,0
0.5333333333333333,0.23333333333333334,0,0,11,8.5,1.0,186.0921985815603,191.41843971631207,1.4539007092198801,6.7801418439716485,0.23381642512077294,0
0.5,0.3,0,0,11,10.0,1.0,180.31914893617022,176.57446808510642,-14.595744680851055,-18.34042553191486,0.24154589371980675,0
0.4666666666666667,0.3333333333333333,0,0,11,9.0,1.0,178.43262411347519,164.68794326241135,-21.226950354609926,-34.97163120567376,0.2463768115942029,0
0.4666666666666667,0.4,0,0,11,8.0,1.0,180.3758865248227,160.51063829787233,-18.624113475177296,-38.48936170212767,0.24541062801932367,0
0.5333333333333333,0.7,0,0,11,6.0,1.0,185.4609929078014,169.86524822695037,-8.602836879432658,-24.198581560283685,0.2463768115942029,0
0.7,0.6666666666666666,0,0,11,5.5,1.0,193.0709219858156,184.4113475177305,11.879432624113463,3.2198581560283515,0.24347826086956523,0
0.6666666666666666,0.6333333333333333,0,0,11,5.0,1.0,197.85815602836882,199.78014184397162,43.39007092198585,45.31205673758865,0.24154589371980675,0
0.6,0.6333333333333333,0,0,11,5.5,1.0,197.57446808510636,209.94326241134752,39.170212765957416,51.539007092198574,0.24347826086956523,0
0.5666666666666667,0.6,0,0,11,5.5,1.0,191.41843971631207,214.12765957446808,22.758865248226954,45.46808510638297,0.25217391304347825,0
0.5333333333333333,0.5333333333333333,0,0,11,6.0,1.0,176.57446808510636,218.17021276595744,-5.957446808510667,35.63829787234042,0.2608695652173913,0
0.43333333333333335,0.4666666666666667,0,0,11,8.5,1.0,164.68794326241132,223.2695035460993,-37.35460992907804,21.226950354609926,0.2599033816425121,0
0.3333333333333333,0.43333333333333335,0,0,11,8.5,0.75,160.51063829787233,229.39007092198582,-54.25531914893617,14.624113475177325,0.2618357487922705,0
0.3333333333333333,0.26666666666666666,0,0,11,2.0,0.4,169.86524822695034,226.31914893617022,-43.15602836879435,13.297872340425528,0.2753623188405797,0
0.5,0.7,0,0,11,6.0,1.0,218.17021276595744,161.84397163120568,0.48936170212766683,-55.8368794326241,0.29178743961352654,0
0.7666666666666667,0.7666666666666667,0,0,11,6.5,0.8333333333333334,223.26950354609926,160.98581560283685,38.97163120567373,-23.312056737588676,0.2975845410628019,0
0.8,0.7666666666666667,0,0,11,6.0,0.6363636363636364,229.39007092198582,150.43262411347516,81.26241134751774,2.3049645390070737,0.30144927536231886,0
0.8,0.7666666666666667,0,0,11,7.0,0.5384615384615384,226.31914893617022,158.31205673758862,92.0212765957447,24.014184397163092,0.30628019323671496,0
0.7333333333333333,0.8,0,0,11,8.0,1.0,211.645390070922,182.92198581560282,25.134751773049658,-3.5886524822695094,0.3120772946859903,0
0.8,0.8,0,0,11,7.5,0.875,183.3687943262411,193.354609929078,18.645390070921962,28.63120567375887,0.32270531400966185,0
0.8,0.7666666666666667,0,0,11,7.0,0.5833333333333334,155.57446808510636,164.95744680851064,23.851063829787222,33.2340425531915,0.336231884057971,0
0.8333333333333334,0.7666666666666667,0,0,11,6.0,0.6363636363636364,156.31205673758868,138.21985815602838,1.4609929078014545,-16.631205673758842,0.3497584541062802,0
0.4666666666666667,0.7666666666666667,0,0,11,8.5,1.0,161.84397163120568,122.66666666666667,-26.517730496453908,-65.69503546099291,0.36328502415458935,0
0.3,0.5,0,0,11,11.0,1.0,160.98581560283688,135.09929078014184,-44.567375886524815,-70.45390070921985,0.3748792270531401,0
0.6,0.5333333333333333,0,0,11,11.0,1.0,150.43262411347516,139.94326241134752,-35.71631205673762,-46.20567375886526,0.38357487922705313,0
0.6333333333333333,0.5666666666666667,0,8,11,4.5,0.5,158.31205673758862,140.38297872340425,55.141843971631175,37.212765957446805,0.391304347826087,0
0.6666666666666666,0.5666666666666667,0,9,11,7.0,0.625,182.92198581560282,140.645390070922,57.581560283687935,15.304964539007102,0.3961352657004831,0
0.4666666666666667,0.6,0,9,11,8.0,0.8571428571428571,193.354609929078,141.16312056737587,53.86524822695034,1.6737588652482032,0.3932367149758454,0
0.4666666666666667,0.3,0,8,11,9.0,1.0,164.95744680851064,144.4964539007092,24.489361702127667,4.028368794326241,0.3826086956521739,0
0.4666666666666667,0.26666666666666666,0,8,11,9.5,1.0,138.21985815602838,152.6524822695035,-1.6524822695035368,12.780141843971592,0.3932367149758454,0
0.43333333333333335,0.26666666666666666,0,8,11,9.5,1.0,122.66666666666667,164.48936170212764,-18.14184397163119,23.680851063829778,0.421256038647343,0
0.4,0.26666666666666666,2,8,11,8.5,1.0,135.09929078014184,175.46808510638297,-6.156028368794324,34.212765957446805,0.42318840579710143,0
0.4,0.26666666666666666,2,7,11,7.5,1.0,139.94326241134752,182.97872340425533,-1.4822695035460924,41.55319148936172,0.41642512077294686,0
0.4,0.26666666666666666,2,7,11,6.5,1.0,140.38297872340425,187.18439716312056,-10.425531914893611,36.375886524822704,0.4144927536231884,0
0.3333333333333333,0.23333333333333334,1,7,11,7.5,1.0,140.64539007092196,181.97872340425533,-25.078014184397176,16.255319148936195,0.42028985507246375,0
0.23333333333333334,0.2,1,7,11,8.0,1.0,141.1631205673759,151.79432624113474,-35.773049645390046,-25.141843971631204,0.4270531400966184,0
0.23333333333333334,0.36666666666666664,0,1,11,9.0,1.0,164.48936170212767,113.822695035461,-25.063829787234027,-75.7304964539007,0.4106280193236715,0
1.0,0.8666666666666667,0,6,11,9.5,1.0,175.46808510638297,146.0709219858156,7.340425531914889,-22.05673758865248,0.4048309178743961,0
1.0333333333333334,0.8666666666666667,4,6,11,2.0,0.36363636363636365,182.97872340425533,151.45390070921985,85.27659574468086,53.75177304964538,0.39903381642512076,0
1.0333333333333334,0.8666666666666667,5,6,11,2.0,0.26666666666666666,187.1843971631206,152.33333333333334,132.88652482269507,98.03546099290782,0.391304347826087,0
0.26666666666666666,0.8666666666666667,6,0,11,9.5,1.0,181.97872340425533,154.45390070921988,45.91489361702128,18.390070921985824,0.38357487922705313,0
0.26666666666666666,0.8666666666666667,6,0,11,10.0,1.0,151.79432624113474,158.67375886524823,0.6879432624113235,7.567375886524815,0.3748792270531401,0
0.36666666666666664,1.0,0,3,11,11.0,1.0,173.93617021276597,142.1985815602837,-9.659574468085083,-41.39716312056734,0.37971014492753624,0
1.0,1.0333333333333334,0,3,11,11.0,0.75,176.65248226950357,146.58156028368793,6.482269503546121,-23.58865248226951,0.3739130434782609,0
1.0333333333333334,1.0333333333333334,0,3,11,1.0,0.3333333333333333,178.6241134751773,145.95035460992906,106.15602836879432,73.48226950354609,0.3690821256038647,0
0.6333333333333333,1.0333333333333334,0,3,11,7.0,0.75,180.97872340425533,147.0709219858156,49.255319148936195,15.347517730496463,0.3642512077294686,0
0.5666666666666667,1.0333333333333334,0,2,11,9.5,1.0,178.38297872340425,149.61702127659575,30.638297872340416,1.8723404255319167,0.3642512077294686,0
0.5666666666666667,0.2,0,2,11,10.0,1.0,142.07801418439715,154.89361702127658,-5.0496453900709355,7.7659574468085,0.36618357487922704,0
0.5666666666666667,0.23333333333333334,0,2,11,10.0,1.0,124.78723404255318,163.77304964539007,-20.085106382978736,18.900709219858157,0.38164251207729466,0
0.5333333333333333,0.23333333333333334,0,2,11,9.5,1.0,117.31205673758866,174.9645390070922,-28.53900709219856,29.11347517730499,0.39710144927536234,0
0.5333333333333333,0.23333333333333334,0,2,11,9.0,1.0,142.19858156028366,184.3687943262411,-8.29078014184401,33.879432624113434,0.4,0
0.5,0.23333333333333334,0,1,11,8.0,1.0,146.58156028368793,188.5390070921986,-5.929078014184398,36.02836879432627,0.4048309178743961,0
0.4666666666666667,0.23333333333333334,0,1,11,7.5,1.0,145.95035460992906,186.73758865248226,-15.730496453900713,25.05673758865248,0.4260869565217391,0
0.43333333333333335,0.23333333333333334,0,1,11,9.0,1.0,147.0709219858156,175.14893617021278,-30.05673758865248,-1.9787234042553052,0.43478260869565216,0
0.36666666666666664,0.23333333333333334,0,1,11,10.5,1.0,149.61702127659575,148.97163120567376,-36.46808510638297,-37.11347517730496,0.4405797101449275,0
0.36666666666666664,0.23333333333333334,0,1,11,11.0,1.0,154.89361702127658,128.9290780141844,-35.0,-60.964539007092185,0.4405797101449275,0
0.43333333333333335,0.23333333333333334,0,0,11,11.0,1.0,163.77304964539007,127.53900709219859,-25.865248226950342,-62.09929078014183,0.43285024154589374,0
0.5666666666666667,0.6,0,0,11,10.0,1.0,174.96453900709218,133.9290780141844,-5.716312056737593,-46.75177304964538,0.4318840579710145,0
0.8333333333333334,0.6,0,0,11,8.5,0.75,184.36879432624116,130.43971631205673,29.241134751773075,-24.687943262411352,0.4241545893719807,0
0.8666666666666667,0.6,1,0,11,6.0,0.6153846153846154,188.5390070921986,123.7304964539007,77.4326241134752,12.624113475177296,0.41739130434782606,0
0.8666666666666667,0.6,1,0,11,8.0,0.6666666666666666,186.73758865248226,136.79432624113474,66.18439716312055,16.241134751773032,0.4096618357487923,0
0.8666666666666667,0.6,0,0,11,10.0,1.0,175.14893617021278,159.62411347517732,24.19148936170214,8.666666666666686,0.40096618357487923,0
0.8666666666666667,0.6,0,0,11,10.0,1.0,148.97163120567376,152.90070921985816,18.695035460992898,22.624113475177296,0.3903381642512077,0
0.8666666666666667,0.6,3,0,11,7.0,0.6153846153846154,128.9290780141844,148.8581560283688,18.843971631205676,38.773049645390074,0.38164251207729466,0
0.9,0.6,1,0,11,7.0,0.8888888888888888,127.53900709219857,152.00709219858155,-3.2907801418439817,21.17730496453899,0.37294685990338167,0
0.6333333333333333,1.0333333333333334,0,0,10,7.5,1.0,133.9290780141844,180.51063829787233,-35.539007092198574,11.042553191489361,0.3671497584541063,0
0.9,0.9,0,0,9,8.0,0.8,130.43971631205673,193.31914893617022,-48.13475177304966,14.744680851063833,0.35845410628019325,0
0.9333333333333333,1.0333333333333334,0,0,8,3.0,0.46153846153846156,123.7304964539007,195.79432624113474,13.070921985815588,85.13475177304963,0.34879227053140094,0
0.8,0.9666666666666667,0,0,7,6.0,0.7,136.79432624113477,195.59574468085103,-20.54609929078012,38.25531914893614,0.34009661835748795,0
0.43333333333333335,0.9666666666666667,0,0,8,7.0,1.0,159.6241134751773,195.65248226950357,-28.3971631205674,7.6312056737588705,0.32753623188405795,0
0.4,0.3,0,0,9,8.0,1.0,152.90070921985816,197.86524822695037,-43.26950354609929,1.6950354609929263,0.3120772946859903,0
0.4,0.26666666666666666,0,0,10,8.5,1.0,148.8581560283688,203.354609929078,-46.9078014184397,7.588652482269509,0.29178743961352654,0
0.4,0.26666666666666666,0,0,10,9.0,1.0,152.00709219858155,213.02127659574467,-43.43971631205676,17.57446808510636,0.2898550724637681,0
0.4,0.26666666666666666,0,0,9,9.0,1.0,180.51063829787233,223.07092198581563,-15.063829787234056,27.49645390070924,0.2927536231884058,0
0.4,0.26666666666666666,0,0,9,8.0,1.0,193.31914893617022,230.14893617021278,-2.6170212765957217,34.212765957446834,0.2927536231884058,0
0.4,0.26666666666666666,0,0,8,7.0,1.0,195.79432624113474,233.0283687943262,-6.290780141843982,30.94326241134749,0.2792270531400966,0
0.3333333333333333,0.26666666666666666,0,0,7,6.0,1.0,195.59574468085103,231.77304964539007,-16.446808510638334,19.730496453900713,0.28019323671497587,0
0.26666666666666666,0.2,0,0,6,6.0,1.0,195.65248226950357,212.68794326241132,-29.28368794326238,-12.24822695035462,0.2811594202898551,0
0.8333333333333334,0.9,0,0,6,6.0,1.0,223.0709219858156,146.14184397163123,-5.39716312056737,-82.32624113475174,0.26859903381642514,0
0.9,0.9,0,0,7,3.0,0.4,230.14893617021275,149.04255319148936,54.127659574468055,-26.978723404255334,0.26859903381642514,0
0.9,0.9,0,0,8,4.5,0.5,233.0283687943262,147.88652482269504,110.53900709219856,25.397163120567384,0.27053140096618356,0
0.8333333333333334,0.9333333333333333,0,0,9,7.0,0.7,231.77304964539007,149.2836879432624,93.45390070921985,10.964539007092185,0.27342995169082124,0
0.7,0.9333333333333333,0,0,10,8.0,0.875,212.68794326241132,153.23404255319147,61.04964539007091,1.5957446808510554,0.2792270531400966,0
0.7,0.4,0,0,11,9.0,0.875,175.6595744680851,159.57446808510636,27.19148936170214,11.106382978723389,0.28502415458937197,0
0.6666666666666666,0.36666666666666664,0,0,11,10.0,0.7777777777777778,145.60992907801418,168.45390070921985,-1.411347517730519,21.432624113475157,0.3120772946859903,0
0.6666666666666666,0.36666666666666664,0,0,11,11.0,1.0,137.48226950354612,178.0283687943262,-10.687943262411324,29.858156028368768,0.34202898550724636,0
0.6666666666666666,0.36666666666666664,0,0,11,11.0,1.0,146.1418439716312,185.19858156028366,-6.517730496453908,32.539007092198545,0.35942028985507246,0
0.6,0.2,0,0,11,11.0,1.0,149.04255319148936,187.08510638297875,-9.829787234042556,28.212765957446834,0.3739130434782609,0
0.6,0.2,0,0,11,11.0,1.0,147.88652482269504,183.70921985815605,-19.304964539007102,16.517730496453908,0.3884057971014493,0
0.5666666666666667,0.2,0,0,11,11.0,1.0,149.2836879432624,179.02127659574467,-30.01418439716312,-0.27659574468086134,0.40193236714975844,0
0.4666666666666667,0.4,0,0,11,11.0,1.0,153.23404255319147,145.07801418439715,-34.36170212765958,-42.51773049645391,0.41545893719806765,0
0.4666666666666667,0.4,0,0,11,11.0,1.0,159.5744680851064,113.5886524822695,-29.127659574468083,-75.11347517730498,0.41835748792270533,0
0.4666666666666667,0.4,0,0,11,10.5,1.0,168.45390070921985,96.33333333333333,-16.503546099290787,-88.62411347517731,0.4048309178743961,0
0.4666666666666667,0.9666666666666667,0,0,11,10.0,1.0,178.0283687943262,118.17021276595744,0.5602836879432402,-59.29787234042553,0.39806763285024155,0
0.9666666666666667,0.9666666666666667,0,0,11,10.0,1.0,185.1985815602837,140.75886524822695,10.560283687943297,-33.87943262411346,0.3922705314009662,0
0.9666666666666667,0.9666666666666667,4,0,11,2.0,0.4,187.08510638297875,150.5035460992908,103.95744680851067,67.3758865248227,0.38743961352657,0
0.9666666666666667,0.9666666666666667,5,0,11,2.0,0.4,183.70921985815605,152.15602836879432,100.70921985815605,69.15602836879432,0.37971014492753624,0
0.6333333333333333,0.9666666666666667,6,0,11,11.0,0.8333333333333334,179.02127659574467,154.25531914893617,56.14893617021275,31.38297872340425,0.37294685990338167,0
0.5,0.9666666666666667,6,0,11,11.0,1.0,145.07801418439715,157.91489361702128,-3.5602836879432687,9.276595744680861,0.3671497584541063,0
0.4666666666666667,0.36666666666666664,7,0,11,11.0,1.0,113.5886524822695,163.20567375886526,-37.177304964539005,12.43971631205676,0.36328502415458935,0
0.5,0.36666666666666664,7,0,11,11.0,1.0,96.33333333333333,169.0354609929078,-55.77304964539009,16.92907801418437,0.37681159420289856,0
0.5,0.36666666666666664,7,0,11,11.0,1.0,118.17021276595744,173.68794326241132,-35.42553191489361,20.092198581560268,0.39516908212560387,0
0.4666666666666667,0.36666666666666664,7,0,11,11.0,1.0,140.75886524822693,176.47517730496452,-16.30496453900713,19.411347517730462,0.4057971014492754,0
0.4666666666666667,0.36666666666666664,0,0,11,11.0,1.0,150.5035460992908,178.63120567375884,-12.581560283687935,15.54609929078012,0.4115942028985507,0
0.5,0.3333333333333333,0,0,11,11.0,1.0,152.15602836879432,181.12765957446808,-17.312056737588648,11.659574468085111,0.41642512077294686,0
0.5,0.3333333333333333,0,0,11,11.0,1.0,154.2553191489362,183.06382978723403,-20.2978723404255,8.510638297872333,0.42028985507246375,0
0.5,0.36666666666666664,0,0,11,11.0,1.0,157.91489361702128,164.84397163120568,-19.127659574468083,-12.198581560283685,0.4222222222222222,0
0.4666666666666667,0.36666666666666664,0,0,11,11.0,1.0,163.20567375886523,140.80141843971631,-14.624113475177325,-37.02836879432624,0.4038647342995169,0
0.5,0.36666666666666664,0,0,11,11.0,1.0,169.0354609929078,124.9078014184397,-11.985815602836908,-56.11347517730499,0.38357487922705313,0
0.5,0.5333333333333333,0,0,11,11.0,1.0,173.68794326241132,132.9078014184397,-10.843971631205704,-51.624113475177325,0.37681159420289856,0
1.0,0.5333333333333333,0,0,11,10.0,1.0,176.47517730496452,145.19148936170214,-7.163120567375898,-38.44680851063828,0.3710144927536232,0
1.0333333333333334,0.5333333333333333,0,0,11,7.0,0.5714285714285714,178.63120567375884,148.85106382978725,52.26950354609927,22.48936170212768,0.3652173913043478,0
1.0333333333333334,0.5333333333333333,0,0,11,7.0,0.6,181.12765957446808,148.13475177304963,68.72340425531915,35.7304964539007,0.36038647342995167,0
0.8,0.5333333333333333,0,0,11,9.5,0.9,183.06382978723403,148.8085106382979,47.10638297872339,12.85106382978725,0.3545893719806763,0
0.6666666666666666,0.5333333333333333,0,0,11,11.0,1.0,164.84397163120568,153.177304964539,14.482269503546092,2.815602836879407,0.3516908212560386,0
0.6666666666666666,0.36666666666666664,0,0,11,11.0,1.0,140.8014184397163,162.5035460992908,-8.45390070921988,13.24822695035462,0.3526570048309179,0
0.6666666666666666,0.3333333333333333,0,0,11,11.0,0.875,124.9078014184397,175.14893617021278,-22.02836879432624,28.212765957446834,0.36618357487922704,0
0.6666666666666666,0.2,0,0,11,11.0,1.0,132.90780141843973,185.13475177304963,-15.304964539007074,36.921985815602824,0.3690821256038647,0
0.6,0.2,0,0,11,11.0,1.0,145.19148936170214,189.65248226950357,-6.085106382978722,38.375886524822704,0.36328502415458935,0
0.4666666666666667,0.2,0,0,11,10.0,1.0,175.14893617021278,162.3475177304965,-13.80851063829786,-26.609929078014147,0.3072463768115942,0
0.8333333333333334,0.8666666666666667,0,0,11,9.0,1.0,185.13475177304963,180.6312056737589,-4.333333333333343,-8.836879432624073,0.29178743961352654,0
0.9333333333333333,0.9666666666666667,0,0,11,7.0,0.75,189.65248226950357,193.2553191489362,27.737588652482287,31.340425531914917,0.2763285024154589,0
0.9666666666666667,0.9666666666666667,0,0,11,4.5,0.5,189.56737588652481,192.98581560283688,51.9078014184397,55.32624113475177,0.2608695652173913,0
0.9666666666666667,0.9666666666666667,0,0,11,6.5,0.75,189.39007092198582,193.8156028368794,34.28368794326241,38.70921985815599,0.24347826086956523,0
0.4,0.9666666666666667,0,0,11,9.0,1.0,180.11347517730496,195.95035460992906,-14.163120567375898,1.6737588652482032,0.22801932367149758,0
0.4,0.3,0,0,11,9.0,1.0,163.01418439716312,200.96453900709218,-29.496453900709213,8.453900709219852,0.2135265700483092,0
0.4,0.26666666666666666,0,0,11,9.0,1.0,151.56028368794327,209.99290780141845,-41.41843971631204,17.01418439716315,0.21642512077294687,0
0.36666666666666664,0.26666666666666666,0,0,11,9.0,1.0,162.34751773049646,221.48936170212767,-31.12056737588651,28.021276595744695,0.2251207729468599,0
0.36666666666666664,0.26666666666666666,0,0,11,9.0,1.0,180.6312056737589,229.645390070922,-14.368794326241101,34.64539007092199,0.23285024154589373,0
0.3333333333333333,0.26666666666666666,0,0,11,8.0,1.0,193.2553191489362,232.78014184397162,-6.127659574468055,33.39716312056737,0.24057971014492754,0
0.3333333333333333,0.26666666666666666,0,0,11,9.0,1.0,192.98581560283688,231.3049645390071,-15.524822695035454,22.79432624113477,0.24541062801932367,0
0.26666666666666666,0.26666666666666666,0,0,11,11.0,1.0,193.81560283687944,225.6808510638298,-28.269503546099287,3.595744680851084,0.25120772946859904,0
0.3333333333333333,0.4,0,0,11,11.0,1.0,221.48936170212767,140.52482269503545,-7.957446808510639,-88.92198581560285,0.24734299516908212,0
0.9333333333333333,0.43333333333333335,0,0,11,11.0,1.0,229.645390070922,147.0709219858156,13.539007092198574,-69.03546099290782,0.25024154589371983,0
0.9333333333333333,0.43333333333333335,0,0,11,6.0,0.7,232.78014184397162,146.42553191489364,74.50354609929076,-11.851063829787222,0.25217391304347825,0
0.9333333333333333,0.43333333333333335,0,0,11,6.5,0.6666666666666666,231.3049645390071,145.85815602836877,104.26241134751774,18.815602836879407,0.2531400966183575,0
0.6666666666666666,0.43333333333333335,0,0,11,8.0,0.8888888888888888,225.68085106382978,146.7517730496454,78.5531914893617,-0.3758865248226755,0.25507246376811593,0
0.6666666666666666,0.43333333333333335,0,0,11,9.0,1.0,201.27659574468086,151.5035460992908,53.87234042553192,4.099290780141843,0.2589371980676328,0
0.6666666666666666,0.4,0,0,11,10.0,1.0,167.14184397163123,161.43971631205673,20.460992907801455,14.758865248226954,0.263768115942029,0
0.6666666666666666,0.36666666666666664,0,0,11,11.0,1.0,144.14893617021278,174.6312056737589,-1.042553191489361,29.43971631205676,0.2927536231884058,0
0.6666666666666666,0.2,0,0,11,10.0,1.0,140.52482269503545,183.3404255319149,-5.177304964539019,37.63829787234042,0.32270531400966185,0
0.6666666666666666,0.4,0,0,11,9.0,1.0,147.0709219858156,187.24113475177305,-2.2907801418439817,37.87943262411346,0.3352657004830918,0
0.6333333333333333,0.4,0,0,11,8.5,1.0,146.4255319148936,184.99290780141845,-13.021276595744695,25.54609929078015,0.34879227053140094,0
0.5666666666666667,0.4,0,0,11,8.5,1.0,145.8581560283688,181.60283687943263,-29.652482269503537,6.092198581560297,0.36231884057971014,0
0.5,0.4,0,0,11,10.5,1.0,146.7517730496454,169.48936170212767,-42.184397163120536,-19.446808510638277,0.37584541062801935,0
0.4666666666666667,0.4,0,0,11,11.0,1.0,151.5035460992908,141.5035460992908,-34.0709219858156,-44.0709219858156,0.3903381642512077,0
0.43333333333333335,0.3333333333333333,0,0,11,11.0,1.0,161.43971631205673,108.39716312056737,-25.773049645390074,-78.81560283687944,0.38743961352657,0
0.4666666666666667,0.3333333333333333,0,0,11,11.0,1.0,174.63120567375884,107.87943262411348,-7.560283687943297,-74.31205673758866,0.37874396135265703,0
0.5666666666666667,0.9666666666666667,0,0,11,11.0,1.0,183.3404255319149,125.72340425531915,7.936170212765944,-49.68085106382979,0.37294685990338167,0
1.0,0.9666666666666667,0,0,11,11.0,1.0,187.24113475177305,151.822695035461,36.36879432624113,0.9503546099290929,0.3681159420289855,0
1.0,0.9666666666666667,5,0,11,2.0,0.4,184.99290780141845,152.95744680851064,86.75886524822697,54.72340425531915,0.36618357487922704,0
1.0,1.0333333333333334,6,0,11,2.0,0.4,181.60283687943263,153.177304964539,105.51773049645391,77.09219858156027,0.3642512077294686,0
0.5333333333333333,1.0333333333333334,6,0,11,11.0,1.0,169.48936170212767,154.10638297872342,20.170212765957444,4.7872340425531945,0.35942028985507246,0
0.5,1.0333333333333334,7,0,11,11.0,1.0,141.5035460992908,157.79432624113474,-10.262411347517713,6.028368794326241,0.3545893719806763,0
0.43333333333333335,0.36666666666666664,7,0,11,11.0,1.0,108.39716312056737,162.85106382978725,-45.98581560283688,8.468085106383,0.3526570048309179,0
0.5333333333333333,0.36666666666666664,0,0,11,11.0,1.0,154.10638297872342,179.40425531914892,-15.7659574468085,9.531914893617,0.4077294685990338,0
0.5666666666666667,0.36666666666666664,0,0,11,11.0,1.0,157.79432624113477,166.32624113475177,-12.652482269503537,-4.120567375886537,0.4096618357487923,0
0.5333333333333333,0.36666666666666664,0,0,11,11.0,1.0,162.85106382978722,136.36879432624113,-9.063829787234056,-35.54609929078015,0.391304347826087,0
0.5,0.3333333333333333,0,0,11,11.0,0.8571428571428571,167.08510638297875,127.82978723404256,-12.787234042553166,-52.04255319148936,0.3719806763285024,0
0.5333333333333333,0.6,0,0,11,11.0,1.0,169.3049645390071,130.1914893617021,-14.16312056737587,-53.27659574468086,0.3710144927536232,0
0.8666666666666667,1.0333333333333334,0,0,11,11.0,0.8333333333333334,170.7446808510638,147.89361702127658,-4.127659574468112,-26.978723404255334,0.36618357487922704,0
1.0333333333333334,1.0333333333333334,0,0,11,11.0,0.5555555555555556,174.07801418439718,147.9787234042553,33.43971631205676,7.340425531914889,0.36231884057971014,0
1.0333333333333334,1.0333333333333334,0,0,11,2.5,0.4375,178.41843971631207,149.29787234042553,84.822695035461,55.70212765957446,0.35942028985507246,0
0.7333333333333333,1.0333333333333334,0,0,11,11.0,1.0,179.40425531914892,152.09929078014184,30.14893617021275,2.843971631205676,0.3545893719806763,0
0.6666666666666666,1.0333333333333334,0,0,11,11.0,1.0,166.32624113475177,156.78014184397162,18.60283687943263,9.056737588652481,0.3642512077294686,0
0.6666666666666666,0.3333333333333333,0,0,11,11.0,1.0,136.36879432624116,164.0212765957447,-10.333333333333314,17.319148936170222,0.38067632850241545,0
0.6,0.3333333333333333,0,0,11,11.0,1.0,127.82978723404256,173.80141843971634,-21.680851063829778,24.29078014184401,0.391304347826087,0
0.6666666666666666,0.3333333333333333,0,0,11,11.0,1.0,130.19148936170214,181.88652482269504,-21.48936170212764,30.20567375886526,0.39420289855072466,0
0.5666666666666667,0.3,0,0,11,10.5,1.0,147.89361702127658,186.6241134751773,-7.212765957446834,31.51773049645388,0.39903381642512076,0
0.5,0.3,0,0,11,11.0,1.0,149.29787234042553,165.65248226950357,-24.106382978723417,-7.751773049645379,0.4280193236714976,0
0.5,0.3,0,0,11,11.0,1.0,152.09929078014184,134.57446808510636,-32.34751773049646,-49.872340425531945,0.42995169082125606,0
0.43333333333333335,0.3,0,0,11,11.0,1.0,156.78014184397162,117.7517730496454,-31.02836879432624,-70.05673758865247,0.4405797101449275,0
0.5333333333333333,0.3,0,0,11,11.0,1.0,164.0212765957447,125.9078014184397,-23.595744680851055,-61.70921985815605,0.4492753623188406,0
0.9,0.5666666666666667,0,0,11,11.0,1.0,173.8014184397163,144.48936170212767,-2.7092198581560467,-32.021276595744666,0.43671497584541064,0
0.8666666666666667,0.5666666666666667,0,0,11,6.0,0.75,181.88652482269504,138.22695035460993,49.05673758865248,5.39716312056737,0.4318840579710145,0
0.8666666666666667,0.5666666666666667,1,0,11,7.0,0.6923076923076923,186.6241134751773,127.95035460992908,92.24113475177305,33.56737588652483,0.4280193236714976,0
0.8333333333333334,0.5666666666666667,0,0,11,7.0,0.7272727272727273,183.97872340425533,127.99290780141844,57.93617021276597,1.9503546099290787,0.4222222222222222,0
0.7,0.7,0,0,11,11.0,1.0,165.65248226950357,136.7304964539007,8.354609929078038,-20.567375886524815,0.41642512077294686,0
0.9666666666666667,0.6666666666666666,0,0,11,11.0,1.0,134.57446808510636,129.5035460992908,-15.553191489361723,-20.624113475177296,0.4144927536231884,0
1.0,0.6333333333333333,0,0,11,7.0,0.6428571428571429,117.7517730496454,126.02127659574467,10.496453900709227,18.7659574468085,0.4106280193236715,0
0.9333333333333333,0.6333333333333333,0,0,11,6.0,0.6428571428571429,125.9078014184397,138.18439716312056,-0.5602836879432687,11.716312056737593,0.4057971014492754,0
0.7666666666666667,0.9666666666666667,0,0,11,8.5,1.0,144.48936170212767,160.2836879432624,-5.7659574468085,10.02836879432624,0.39903381642512076,0
0.8333333333333334,0.9666666666666667,0,0,11,6.5,0.9,138.22695035460993,169.96453900709218,4.758865248226954,36.49645390070921,0.39516908212560387,0
0.8666666666666667,0.8333333333333334,0,0,11,6.0,0.6923076923076923,127.95035460992908,169.46808510638297,23.163120567375884,64.68085106382978,0.38743961352657,0
0.8333333333333334,0.8666666666666667,0,0,11,8.0,1.0,127.99290780141843,170.06382978723403,-11.815602836879435,30.255319148936167,0.37874396135265703,0
0.4666666666666667,0.8666666666666667,0,0,11,9.0,1.0,136.7304964539007,173.57446808510636,-33.226950354609926,3.6170212765957217,0.3690821256038647,0
0.5,0.3,0,0,11,10.0,1.0,129.5035460992908,179.40425531914892,-41.581560283687935,8.319148936170194,0.3458937198067633,0
0.5,0.3,0,0,11,10.5,1.0,126.02127659574467,190.10638297872342,-42.829787234042556,21.255319148936195,0.3188405797101449,0
0.4666666666666667,0.3,0,0,11,9.5,1.0,138.18439716312056,200.38297872340425,-30.283687943262407,31.914893617021278,0.2985507246376812,0
0.43333333333333335,0.26666666666666666,3,0,11,8.5,1.0,160.2836879432624,210.75886524822695,-12.58865248226951,37.88652482269504,0.28405797101449276,0
0.36666666666666664,0.26666666666666666,3,0,11,8.0,1.0,169.96453900709218,215.47517730496455,-9.418439716312065,36.0921985815603,0.26763285024154587,0
0.3333333333333333,0.26666666666666666,3,0,11,7.0,1.0,169.46808510638297,219.75886524822695,-16.489361702127667,33.801418439716315,0.24444444444444444,0
0.26666666666666666,0.23333333333333334,2,0,11,7.0,1.0,170.06382978723403,223.354609929078,-34.91489361702128,18.375886524822704,0.2318840579710145,0
1.0,1.0,0,0,6,5.5,1.0,228.7446808510638,158.84397163120568,5.14893617021275,-64.75177304964538,0.2463768115942029,1
0.7333333333333333,0.8333333333333334,0,0,8,7.0,1.0,158.84397163120568,178.0709219858156,-36.539007092198574,-17.312056737588648,0.3458937198067633,0
0.7666666666666667,0.7,0,0,9,3.0,0.375,166.56028368794327,161.72340425531917,-4.5248226950354535,-9.361702127659555,0.36328502415458935,0
0.7333333333333333,0.7,0,0,10,3.0,0.2727272727272727,162.6241134751773,131.3758865248227,21.390070921985796,-9.858156028368796,0.37874396135265703,0
0.7333333333333333,0.7,0,0,11,3.0,0.3333333333333333,173.56737588652481,117.41843971631205,20.801418439716315,-35.34751773049645,0.3932367149758454,0
0.6333333333333333,0.7666666666666667,0,0,11,11.0,1.0,182.45390070921985,125.63829787234043,-27.120567375886537,-83.93617021276596,0.40193236714975844,0
0.6666666666666666,0.5666666666666667,0,0,11,4.5,0.5,169.23404255319147,127.99290780141843,-2.638297872340445,-43.87943262411349,0.39710144927536234,0
0.7333333333333333,0.6,0,7,11,3.0,0.4444444444444444,155.02836879432624,125.78014184397163,51.30496453900709,22.05673758865248,0.37874396135265703,0
0.7666666666666667,0.6333333333333333,0,7,11,7.0,0.6666666666666666,167.8581560283688,126.08510638297872,49.32624113475177,7.553191489361694,0.36038647342995167,0
0.5333333333333333,0.6333333333333333,1,7,11,8.5,1.0,178.07092198581563,131.34751773049643,48.07092198581563,1.3475177304964348,0.36231884057971014,0
0.5333333333333333,0.3,1,7,11,9.0,1.0,161.72340425531914,141.59574468085108,33.34042553191489,13.212765957446834,0.3642512077294686,0
0.5333333333333333,0.26666666666666666,1,7,11,10.0,1.0,131.3758865248227,154.04255319148936,5.780141843971634,28.44680851063829,0.38454106280193234,0
0.5333333333333333,0.26666666666666666,1,7,11,10.0,1.0,117.41843971631205,165.18439716312056,-5.9432624113475185,41.822695035460995,0.39516908212560387,0
0.5,0.26666666666666666,4,1,11,9.0,1.0,125.6382978723404,173.48226950354606,-3.6595744680851254,44.184397163120536,0.4057971014492754,0
0.43333333333333335,0.26666666666666666,3,1,11,8.0,1.0,127.99290780141844,178.70921985815605,-13.39007092198581,37.3262411347518,0.4106280193236715,0
0.36666666666666664,0.26666666666666666,3,1,11,11.0,1.0,125.78014184397163,180.354609929078,-28.326241134751783,26.248226950354592,0.4077294685990338,0
0.3333333333333333,0.23333333333333334,3,1,11,11.0,1.0,126.08510638297872,161.86524822695037,-40.553191489361694,-4.773049645390046,0.4067632850241546,0
1.0333333333333334,1.0333333333333334,0,6,11,10.0,1.0,165.18439716312056,134.0,-14.560283687943269,-45.74468085106383,0.4067632850241546,0
1.0333333333333334,1.0333333333333334,0,6,11,4.5,0.5,173.48226950354612,147.0496453900709,49.95035460992909,23.51773049645388,0.39806763285024155,0
1.0333333333333334,1.0333333333333334,1,6,11,1.5,0.25,178.70921985815605,148.23404255319147,142.68794326241135,112.21276595744679,0.3884057971014493,0
0.43333333333333335,1.0333333333333334,2,0,11,8.0,0.8,180.354609929078,149.29787234042553,71.90780141843972,40.851063829787236,0.38164251207729466,0
0.36666666666666664,1.0333333333333334,2,0,11,8.5,1.0,161.86524822695037,151.68794326241135,15.163120567375898,4.98581560283688,0.37777777777777777,0
0.5,0.5666666666666667,0,4,11,6.0,1.0,164.67375886524823,138.14184397163118,-9.347517730496463,-35.87943262411352,0.4241545893719807,0
0.7333333333333333,0.5666666666666667,0,4,11,6.0,0.8,175.20567375886526,130.7446808510638,23.375886524822704,-21.08510638297875,0.4251207729468599,0
0.7333333333333333,0.5666666666666667,2,4,11,6.0,0.6666666666666666,182.60992907801418,125.84397163120566,96.2482269503546,39.48226950354609,0.4270531400966184,0
0.6333333333333333,0.5666666666666667,0,4,11,7.0,1.0,181.24113475177305,138.75886524822695,46.17730496453899,3.695035460992898,0.4289855072463768,0
0.7333333333333333,0.5666666666666667,0,4,11,7.0,1.0,169.7304964539007,161.5531914893617,13.751773049645408,5.574468085106389,0.4318840579710145,0
0.7333333333333333,0.2,0,4,11,7.0,1.0,137.40425531914892,148.82978723404253,14.021276595744666,25.446808510638277,0.4357487922705314,0
0.7666666666666667,0.2,3,3,11,7.0,0.875,124.41843971631205,128.2127659574468,11.546099290780134,15.340425531914889,0.43671497584541064,0
0.5333333333333333,0.2,0,3,11,7.0,0.8333333333333334,125.8014184397163,112.1418439716312,-15.47517730496456,-29.134751773049658,0.43671497584541064,0
0.5,0.4666666666666667,0,3,11,6.0,1.0,138.1418439716312,126.78723404255318,-23.98581560283688,-35.3404255319149,0.4357487922705314,0
0.9333333333333333,0.9333333333333333,0,3,11,11.0,1.0,130.7446808510638,141.56028368794327,-50.51063829787236,-39.6950354609929,0.4357487922705314,0
1.0,1.0333333333333334,0,3,11,2.5,0.4166666666666667,125.84397163120566,145.65248226950357,22.73758865248226,42.54609929078016,0.43768115942028984,0
1.0,1.0,0,3,11,2.5,0.42857142857142855,138.75886524822695,144.645390070922,38.48226950354611,44.368794326241144,0.4396135265700483,0
0.6,1.0,0,3,11,8.0,0.875,161.5531914893617,144.48226950354612,28.510638297872333,11.43971631205676,0.4396135265700483,0
0.5666666666666667,1.0,0,3,11,9.0,1.0,148.82978723404256,146.63120567375887,1.7872340425531945,-0.4113475177304906,0.4444444444444444,0
0.5666666666666667,0.3,0,3,11,9.0,1.0,128.2127659574468,151.7163120567376,-16.38297872340425,7.120567375886537,0.4444444444444444,0
0.6,0.3,0,3,11,9.0,1.0,112.1418439716312,160.87234042553192,-33.17730496453902,15.553191489361694,0.4463768115942029,0
0.6333333333333333,0.3,0,3,11,9.0,1.0,126.78723404255318,169.90070921985816,-17.234042553191514,25.879432624113463,0.4473429951690821,0
0.6333333333333333,0.3,0,2,11,8.0,1.0,141.56028368794327,176.1205673758865,-2.5460992907801483,32.01418439716309,0.4473429951690821,0
0.5666666666666667,0.3,0,2,11,9.0,1.0,145.65248226950357,174.84397163120568,-6.1134751773049345,23.078014184397176,0.45217391304347826,0
0.5333333333333333,0.26666666666666666,0,2,11,11.0,1.0,144.645390070922,158.63120567375884,-14.63120567375887,-0.6453900709220193,0.45603864734299515,0
0.5333333333333333,0.2,0,2,11,11.0,1.0,144.48226950354612,126.45390070921987,-27.092198581560268,-45.12056737588652,0.45893719806763283,0
0.8333333333333334,0.6666666666666666,0,2,11,11.0,1.0,160.87234042553192,127.76595744680851,-6.872340425531917,-39.97872340425532,0.45217391304347826,0
0.9666666666666667,0.6666666666666666,0,2,11,8.0,1.0,169.90070921985816,124.75886524822694,39.68794326241135,-5.453900709219866,0.44154589371980674,0
0.9666666666666667,0.6666666666666666,0,1,11,6.0,0.6153846153846154,176.1205673758865,121.8581560283688,94.71631205673758,40.453900709219866,0.43285024154589374,0
0.8666666666666667,0.6666666666666666,0,1,11,8.0,0.8,174.84397163120568,131.75886524822695,55.71631205673759,12.63120567375887,0.4241545893719807,0
0.9,0.6666666666666666,0,1,11,10.0,1.0,158.63120567375887,139.60283687943263,17.482269503546092,-1.5460992907801483,0.4144927536231884,0
0.9,0.5666666666666667,0,1,11,10.0,1.0,126.45390070921985,138.2836879432624,3.432624113475171,15.262411347517727,0.4038647342995169,0
0.9,0.5666666666666667,0,1,11,7.0,0.75,110.24822695035459,145.6808510638298,0.14184397163118945,35.5744680851064,0.39420289855072466,0
0.8,1.0333333333333334,0,1,11,9.0,0.8888888888888888,113.89361702127661,164.42553191489364,-18.553191489361694,31.978723404255334,0.38454106280193234,0
0.9,1.0333333333333334,0,1,11,8.0,1.0,127.76595744680851,183.58156028368796,-24.957446808510625,30.858156028368825,0.3748792270531401,0
0.8666666666666667,1.0333333333333334,0,1,11,6.0,0.6363636363636364,124.75886524822697,187.0,-8.879432624113448,53.36170212765958,0.3671497584541063,0
0.8666666666666667,1.0,0,0,11,6.0,0.6666666666666666,121.8581560283688,186.38297872340425,-6.6312056737588705,57.89361702127658,0.35942028985507246,0
0.5,0.8666666666666667,0,0,11,7.0,1.0,131.75886524822695,188.2482269503546,-43.156028368794324,13.333333333333314,0.3507246376811594,0
0.5,0.8666666666666667,0,0,11,9.0,1.0,139.60283687943263,193.34751773049643,-50.26950354609929,3.475177304964518,0.3391304347826087,0
0.5333333333333333,0.26666666666666666,0,0,11,8.0,1.0,138.2836879432624,199.92907801418437,-47.67375886524823,13.97163120567373,0.32270531400966185,0
0.5,0.26666666666666666,0,0,11,8.0,1.0,145.68085106382978,208.92907801418437,-39.48936170212767,23.758865248226925,0.3072463768115942,0
0.5,0.26666666666666666,0,0,11,8.0,1.0,164.42553191489364,217.03546099290782,-23.595744680851055,29.01418439716312,0.3120772946859903,0
0.4666666666666667,0.26666666666666666,0,0,11,8.5,1.0,183.58156028368793,222.98581560283688,-7.971631205673759,31.432624113475185,0.3130434782608696,0
0.4,0.26666666666666666,0,0,11,7.5,1.0,187.0,225.47517730496455,-13.468085106382972,25.007092198581574,0.3101449275362319,0
0.36666666666666664,0.23333333333333334,0,0,11,7.0,1.0,186.38297872340425,226.75886524822695,-21.38297872340425,18.992907801418454,0.2995169082125604,0
0.3,0.2,0,0,11,8.5,1.0,188.2482269503546,225.68085106382978,-30.304964539007102,7.127659574468083,0.2975845410628019,0
0.9666666666666667,0.9333333333333333,0,0,11,8.5,1.0,222.98581560283688,144.38297872340425,0.6028368794326298,-78.0,0.28405797101449276,0
1.0,1.0,0,0,11,6.0,0.8571428571428571,225.47517730496455,151.95035460992906,69.92198581560285,-3.6028368794326298,0.28309178743961355,0
1.0,1.0,0,0,11,6.0,0.5714285714285714,226.75886524822695,152.03546099290782,112.75886524822695,38.035460992907815,0.28309178743961355,0
1.0,1.0,0,0,11,8.0,1.0,225.68085106382978,152.86524822695034,95.0,22.184397163120565,0.28309178743961355,0
0.7,1.0,0,0,11,9.0,1.0,202.1914893617021,154.9290780141844,51.63829787234042,4.375886524822704,0.28405797101449276,0
0.7,0.3,0,0,11,10.0,1.0,163.9787234042553,160.8581560283688,12.063829787234027,8.943262411347519,0.28502415458937197,0
0.7333333333333333,0.3333333333333333,0,0,11,10.0,1.0,133.4113475177305,170.92198581560282,-19.97163120567376,17.539007092198574,0.3101449275362319,0
0.7333333333333333,0.3333333333333333,0,0,11,11.0,1.0,131.7446808510638,182.0921985815603,-19.063829787234056,31.283687943262436,0.336231884057971,0
0.7333333333333333,0.3333333333333333,0,0,11,9.5,1.0,144.38297872340425,189.0283687943262,-10.021276595744695,34.62411347517727,0.3536231884057971,0
0.7,0.3333333333333333,0,0,11,9.0,1.0,151.95035460992906,190.63829787234044,-7.6241134751773245,31.063829787234056,0.3681159420289855,0
0.6666666666666666,0.3,0,0,11,11.0,1.0,152.0354609929078,189.38297872340425,-16.56028368794327,20.787234042553195,0.38357487922705313,0
0.5666666666666667,0.3,0,0,11,11.0,1.0,152.86524822695034,189.05673758865248,-31.730496453900713,4.460992907801426,0.4,0
0.43333333333333335,0.36666666666666664,0,0,11,11.0,1.0,182.0921985815603,125.88652482269504,-7.226950354609926,-63.432624113475185,0.40096618357487923,0
1.0333333333333334,0.36666666666666664,0,0,11,11.0,1.0,189.0283687943262,141.0,0.6028368794326013,-47.42553191489361,0.3932367149758454,0
1.0333333333333334,0.36666666666666664,1,0,11,2.5,0.42857142857142855,190.63829787234044,144.67375886524823,87.38297872340428,41.418439716312065,0.3855072463768116,0
1.0333333333333334,0.36666666666666664,2,0,11,2.5,0.42857142857142855,189.38297872340425,144.7446808510638,89.38297872340425,44.744680851063805,0.37874396135265703,0
0.5333333333333333,0.36666666666666664,3,0,11,11.0,0.8571428571428571,189.05673758865248,146.15602836879432,57.375886524822704,14.475177304964546,0.3739130434782609,0
0.4666666666666667,0.36666666666666664,3,0,11,11.0,1.0,160.33333333333334,150.41134751773052,14.354609929078038,4.432624113475214,0.370048309178744,0
0.4666666666666667,0.26666666666666666,3,0,11,11.0,1.0,130.56028368794327,157.531914893617,-14.78014184397162,12.19148936170211,0.3826086956521739,0
0.4666666666666667,0.26666666666666666,4,0,11,11.0,1.0,111.64539007092198,168.13475177304963,-31.056737588652496,25.432624113475157,0.39806763285024155,0
0.4666666666666667,0.26666666666666666,4,0,11,11.0,1.0,125.88652482269504,179.15602836879432,-20.304964539007102,32.964539007092185,0.4106280193236715,0
0.43333333333333335,0.26666666666666666,3,0,11,11.0,1.0,141.0,185.3049645390071,-8.574468085106389,35.73049645390071,0.41835748792270533,0
0.43333333333333335,0.26666666666666666,3,0,11,11.0,1.0,144.67375886524823,186.2836879432624,-10.79432624113474,30.815602836879435,0.4280193236714976,0
0.4,0.26666666666666666,3,0,11,11.0,1.0,144.74468085106383,184.85106382978725,-22.80851063829786,17.297872340425556,0.4473429951690821,0
0.4,0.26666666666666666,0,0,11,11.0,1.0,146.15602836879432,162.40425531914894,-35.226950354609926,-18.978723404255305,0.4599033816425121,0
0.43333333333333335,0.26666666666666666,0,0,11,11.0,1.0,150.4113475177305,138.33333333333334,-38.12056737588654,-50.198581560283685,0.4628019323671498,0
0.43333333333333335,0.26666666666666666,0,1,11,11.0,1.0,157.53191489361703,122.30496453900709,-28.468085106382972,-63.69503546099291,0.45410628019323673,0
0.4666666666666667,0.4666666666666667,0,1,11,11.0,1.0,168.13475177304963,132.1631205673759,-16.184397163120593,-52.156028368794324,0.4492753623188406,0
0.8333333333333334,0.5666666666666667,0,1,11,11.0,1.0,179.15602836879432,139.98581560283688,-5.078014184397176,-44.24822695035462,0.4492753623188406,0
0.8333333333333334,0.5666666666666667,1,1,11,6.0,0.75,185.30496453900707,129.43262411347519,66.64539007092196,10.773049645390074,0.45120772946859905,0
0.8333333333333334,0.5666666666666667,1,1,11,6.0,0.6923076923076923,186.2836879432624,123.25531914893618,74.177304964539,11.148936170212778,0.45217391304347826,0
0.8,0.5666666666666667,0,1,11,6.5,0.8,184.85106382978725,134.0709219858156,48.70212765957447,-2.0780141843971762,0.45410628019323673,0
0.7333333333333333,0.6666666666666666,0,1,11,7.0,1.0,162.40425531914894,144.2695035460993,14.170212765957444,-3.9645390070922133,0.45507246376811594,0
0.9666666666666667,0.7,0,1,11,6.5,1.0,138.33333333333334,141.1631205673759,2.758865248226954,5.588652482269509,0.45603864734299515,0
0.9666666666666667,0.6666666666666666,0,2,11,6.0,0.5833333333333334,122.30496453900709,128.95035460992906,17.815602836879435,24.460992907801412,0.4570048309178744,0
0.9666666666666667,0.6666666666666666,0,2,11,6.0,0.5555555555555556,132.1631205673759,130.6595744680851,2.460992907801426,0.9574468085106389,0.45603864734299515,0
0.8333333333333334,0.6666666666666666,0,2,11,11.0,1.0,139.98581560283688,137.36879432624113,-28.035460992907815,-30.652482269503565,0.4570048309178744,0
0.9,0.5,0,2,11,6.0,0.6666666666666666,129.43262411347519,140.20567375886523,-5.652482269503537,5.120567375886509,0.4579710144927536,0
0.9333333333333333,0.5,0,2,11,7.0,0.6363636363636364,123.25531914893617,140.2127659574468,2.8723404255319167,19.829787234042556,0.4579710144927536,0
0.7,0.5,0,2,11,8.0,0.8888888888888888,134.0709219858156,141.33333333333334,2.687943262411352,9.950354609929093,0.4579710144927536,0
0.6666666666666666,0.5333333333333333,0,2,11,9.0,1.0,144.2695035460993,145.822695035461,4.0567375886524815,5.609929078014204,0.45507246376811594,0
0.6666666666666666,0.3,0,2,11,9.5,1.0,141.1631205673759,154.45390070921985,0.6524822695035652,13.943262411347519,0.4405797101449275,0
0.6333333333333333,0.3,0,2,11,9.0,0.8888888888888888,128.95035460992906,165.31205673758868,-10.943262411347519,25.418439716312093,0.43671497584541064,0
0.6,0.3,0,3,11,11.0,1.0,130.6595744680851,174.24113475177305,-9.574468085106389,34.007092198581546,0.43478260869565216,0
0.6333333333333333,0.3,0,3,11,11.0,1.0,137.3687943262411,178.85106382978725,-6.503546099290816,34.978723404255334,0.4289855072463768,0
0.5666666666666667,0.26666666666666666,0,3,11,11.0,1.0,140.20567375886523,179.1205673758865,-13.156028368794352,25.758865248226925,0.42028985507246375,0
0.5,0.23333333333333334,0,3,11,11.0,1.0,140.2127659574468,179.22695035460993,-25.914893617021278,13.099290780141843,0.40096618357487923,0
0.43333333333333335,0.23333333333333334,0,3,11,11.0,1.0,141.33333333333334,173.0709219858156,-35.11347517730496,-3.375886524822704,0.3884057971014493,0
0.6333333333333333,0.6666666666666666,0,3,11,11.0,1.0,174.24113475177307,173.0921985815603,-6.226950354609897,-7.3758865248226755,0.3352657004830918,0
0.8,0.7666666666666667,0,3,11,8.5,0.6666666666666666,178.85106382978725,188.6595744680851,17.361702127659584,27.170212765957444,0.3169082125603865,0
0.8333333333333334,0.7666666666666667,0,3,11,6.0,0.5454545454545454,179.1205673758865,189.66666666666666,47.184397163120565,57.73049645390071,0.2995169082125604,0
0.8333333333333334,0.7666666666666667,0,3,11,7.0,0.6666666666666666,179.22695035460993,192.0921985815603,33.88652482269504,46.75177304964541,0.2821256038647343,0
0.5,0.7666666666666667,0,0,11,8.0,1.0,173.07092198581563,194.51773049645394,-14.992907801418426,6.45390070921988,0.26570048309178745,0
0.5,0.3,0,0,11,8.0,1.0,157.96453900709218,199.68085106382978,-27.907801418439732,13.80851063829786,0.25024154589371983,0
0.4666666666666667,0.3,0,0,11,9.0,1.0,146.25531914893617,207.95035460992906,-45.787234042553195,15.907801418439703,0.24057971014492754,0
0.5,0.3,0,0,11,9.0,1.0,155.11347517730496,218.78014184397162,-35.97163120567376,27.695035460992898,0.2463768115942029,0
0.5,0.3,0,0,11,9.0,1.0,173.0921985815603,227.52482269503545,-20.05673758865248,34.375886524822675,0.25507246376811593,0
0.4,0.3,0,0,11,8.0,1.0,188.6595744680851,231.54609929078015,-10.659574468085111,32.226950354609926,0.263768115942029,0
0.4,0.26666666666666666,0,0,11,7.0,1.0,189.66666666666666,230.6595744680851,-16.907801418439732,24.085106382978722,0.27053140096618356,0
0.3333333333333333,0.26666666666666666,0,0,11,6.0,1.0,192.0921985815603,229.60992907801418,-25.865248226950342,11.652482269503537,0.2772946859903382,0
0.2,0.2,0,0,11,11.0,1.0,194.51773049645394,214.2836879432624,-37.290780141843925,-17.524822695035454,0.28502415458937197,0
0.8666666666666667,0.3333333333333333,0,0,11,9.5,1.0,227.52482269503545,143.70212765957447,-2.1347517730496577,-85.95744680851064,0.27342995169082124,0
0.9,0.3333333333333333,0,0,11,7.5,0.75,231.54609929078015,144.08510638297872,47.50354609929079,-39.95744680851064,0.27053140096618356,0
0.9333333333333333,0.3333333333333333,0,0,11,6.0,0.7777777777777778,230.6595744680851,144.39716312056737,86.38297872340425,0.1205673758865089,0.26956521739130435,0
0.7,0.3333333333333333,0,0,11,7.0,0.8,229.60992907801418,145.63120567375887,86.99290780141843,3.0141843971631204,0.26859903381642514,0
0.7,0.3333333333333333,0,0,11,8.0,0.8888888888888888,214.2836879432624,148.69503546099293,70.02836879432624,4.43971631205676,0.26956521739130435,0
0.7,0.3,0,0,11,9.0,1.0,185.99290780141845,155.09929078014184,41.758865248226954,10.865248226950342,0.2772946859903382,0
0.7,0.3,0,0,11,9.0,0.8888888888888888,156.97872340425533,165.9290780141844,13.212765957446834,22.1631205673759,0.3004830917874396,0
0.6666666666666666,0.3,0,0,11,9.0,0.875,143.7163120567376,177.48226950354612,-1.4751773049645465,32.29078014184398,0.32657004830917874,0
0.6666666666666666,0.3,0,0,11,8.0,0.875,143.70212765957447,185.0921985815603,-4.234042553191472,37.15602836879435,0.34106280193236715,0
0.6333333333333333,0.26666666666666666,0,1,11,7.0,1.0,144.08510638297872,187.6241134751773,-8.872340425531917,34.66666666666666,0.357487922705314,0
0.5333333333333333,0.26666666666666666,0,1,11,6.0,1.0,144.3971631205674,186.290780141844,-20.007092198581546,21.886524822695065,0.3739130434782609,0
0.4666666666666667,0.2,0,1,11,11.0,1.0,145.63120567375887,175.58156028368796,-34.79432624113474,-4.8439716312056476,0.3922705314009662,0
0.43333333333333335,0.26666666666666666,0,1,11,11.0,1.0,165.9290780141844,114.0141843971631,-22.092198581560297,-74.00709219858159,0.41835748792270533,0
0.5333333333333333,0.5666666666666667,0,2,11,11.0,1.0,177.48226950354606,128.0709219858156,-6.134751773049686,-55.54609929078015,0.4115942028985507,0
1.0333333333333334,0.5666666666666667,0,2,11,7.0,0.5,185.0921985815603,145.68085106382978,29.98581560283688,-9.42553191489364,0.4028985507246377,0
1.0333333333333334,0.5666666666666667,0,2,11,3.0,0.3333333333333333,187.62411347517732,142.18439716312056,83.49645390070924,38.05673758865248,0.3961352657004831,0
1.0333333333333334,0.5666666666666667,1,2,11,3.0,0.3076923076923077,186.290780141844,139.48936170212767,98.4184397163121,51.61702127659575,0.38743961352657,0
0.4666666666666667,0.5666666666666667,2,2,11,11.0,1.0,175.58156028368796,140.0709219858156,25.539007092198602,-9.97163120567376,0.37971014492753624,0
0.43333333333333335,0.5666666666666667,3,2,11,11.0,1.0,147.61702127659575,143.8581560283688,1.3191489361702224,-2.4397163120567313,0.3739130434782609,0
0.5,0.6666666666666666,0,3,11,11.0,1.0,175.75886524822695,134.2695035460993,-5.730496453900713,-47.21985815602838,0.4144927536231884,0
0.8333333333333334,0.7666666666666667,0,4,11,11.0,0.75,183.2127659574468,147.36170212765956,21.702127659574472,-14.148936170212778,0.40869565217391307,0
0.8666666666666667,0.7666666666666667,0,4,11,4.5,0.5,183.2624113475177,147.13475177304966,59.58156028368792,23.453900709219866,0.40193236714975844,0
0.8666666666666667,0.7666666666666667,0,4,11,6.5,0.5833333333333334,182.51063829787233,147.40425531914892,73.40425531914893,38.29787234042551,0.3932367149758454,0
0.6,0.7666666666666667,0,4,11,8.0,1.0,174.82978723404256,147.89361702127658,26.872340425531917,-0.06382978723405586,0.38357487922705313,0
0.6,0.3,0,4,11,9.0,1.0,155.56028368794327,151.14184397163118,9.815602836879435,5.397163120567342,0.37294685990338167,0
0.5666666666666667,0.26666666666666666,0,5,11,10.0,1.0,131.43262411347519,158.1205673758865,-16.950354609929065,9.737588652482259,0.3671497584541063,0
0.5666666666666667,0.26666666666666666,0,5,11,10.0,1.0,126.91489361702128,169.3049645390071,-20.361702127659584,22.02836879432624,0.37777777777777777,0
0.5666666666666667,0.26666666666666666,0,5,11,9.0,0.875,134.2695035460993,177.39007092198582,-12.283687943262407,30.83687943262413,0.3903381642512077,0
0.5666666666666667,0.26666666666666666,0,5,11,8.0,0.875,147.36170212765958,182.60992907801418,-2.4893617021276384,32.758865248226954,0.3903381642512077,0
0.5666666666666667,0.26666666666666666,0,0,11,7.0,1.0,147.13475177304966,183.78014184397162,-9.886524822695037,26.758865248226925,0.391304347826087,0
0.5,0.26666666666666666,0,0,11,11.0,1.0,147.40425531914892,186.0921985815603,-20.08510638297875,18.60283687943263,0.391304347826087,0
0.36666666666666664,0.26666666666666666,0,0,11,11.0,0.75,147.89361702127658,183.48226950354612,-35.51063829787236,0.07801418439717622,0.391304347826087,0
0.4,0.5666666666666667,0,0,11,11.0,1.0,177.39007092198582,170.4609929078014,-10.822695035460981,-17.751773049645408,0.3468599033816425,0
0.7,0.5666666666666667,0,0,11,11.0,1.0,182.60992907801423,186.74468085106386,7.29078014184401,11.42553191489364,0.3333333333333333,0
0.7333333333333333,0.6333333333333333,0,6,11,6.0,0.6363636363636364,183.78014184397162,186.33333333333334,38.39716312056737,40.95035460992909,0.31980676328502416,0
0.7666666666666667,0.6333333333333333,0,6,11,7.0,0.6363636363636364,186.0921985815603,184.86524822695037,48.666666666666686,47.43971631205676,0.3072463768115942,0
0.5333333333333333,0.6666666666666666,0,0,11,8.0,1.0,183.48226950354606,185.45390070921985,-1.8581560283688248,0.11347517730496293,0.2927536231884058,0
0.5666666666666667,0.6666666666666666,0,0,11,9.0,1.0,169.63829787234042,189.07801418439715,-18.978723404255334,0.4609929078013977,0.2772946859903382,0
0.5666666666666667,0.3,0,0,11,10.0,1.0,152.70921985815605,195.93617021276597,-33.567375886524815,9.659574468085111,0.2647342995169082,0
0.5333333333333333,0.3,0,0,11,10.0,1.0,156.04964539007094,207.27659574468086,-28.05673758865248,23.170212765957444,0.25507246376811593,0
0.5333333333333333,0.26666666666666666,0,0,11,9.0,1.0,170.46099290780143,217.06382978723403,-13.75177304964538,32.85106382978722,0.2463768115942029,0
0.5333333333333333,0.26666666666666666,0,0,11,8.0,1.0,186.74468085106386,223.0709219858156,-1.2978723404254993,35.02836879432624,0.23671497584541062,0
0.5,0.26666666666666666,0,0,11,9.0,1.0,186.33333333333334,223.54609929078015,-8.645390070921962,28.567375886524843,0.22705314009661837,0
0.43333333333333335,0.23333333333333334,0,0,11,9.0,1.0,184.86524822695037,223.74468085106386,-19.921985815602824,18.957446808510667,0.23381642512077294,0
0.3333333333333333,0.23333333333333334,0,0,11,11.0,1.0,185.45390070921985,224.0921985815603,-36.609929078014204,2.0283687943262407,0.2531400966183575,0
1.0333333333333334,1.0333333333333334,0,0,11,8.0,1.0,224.08510638297875,188.97872340425533,-1.4680851063829436,-36.57446808510636,0.18840579710144928,1
0.43333333333333335,0.2,0,0,11,10.5,1.0,228.00709219858155,192.73758865248226,5.858156028368768,-29.41134751773052,0.26763285024154587,0
0.5,0.26666666666666666,0,0,11,10.0,1.0,227.05673758865248,191.84397163120568,14.907801418439703,-20.304964539007102,0.2743961352657005,0
0.5,0.26666666666666666,0,0,11,10.5,1.0,225.77304964539007,190.68085106382978,26.198581560283685,-8.893617021276611,0.28405797101449276,0
0.5,0.26666666666666666,0,0,11,11.0,1.0,224.02836879432627,185.2695035460993,30.83687943262413,-7.921985815602852,0.2772946859903382,0
0.5,0.26666666666666666,0,0,11,10.0,1.0,219.645390070922,166.4468085106383,27.134751773049658,-26.063829787234027,0.2589371980676328,0
0.5333333333333333,0.3,0,0,11,9.0,1.0,211.290780141844,145.01418439716312,18.780141843971677,-47.49645390070921,0.24347826086956523,0
0.5333333333333333,0.3,0,0,11,9.0,1.0,201.63829787234044,146.82978723404256,11.127659574468112,-43.68085106382978,0.25217391304347825,0
0.5333333333333333,0.3,0,0,11,8.0,1.0,195.0921985815603,165.10638297872342,6.070921985815602,-23.914893617021278,0.26956521739130435,0
0.7,0.7666666666666667,0,0,11,7.5,1.0,192.73758865248226,185.95744680851064,16.460992907801398,9.680851063829778,0.28309178743961355,0
0.8666666666666667,0.7666666666666667,6,0,11,6.0,0.6666666666666666,191.84397163120568,187.3404255319149,57.801418439716315,53.29787234042553,0.2975845410628019,0
0.8,0.7666666666666667,6,0,11,3.0,0.5,190.68085106382978,184.31914893617022,65.95744680851062,59.59574468085107,0.3130434782608696,0
0.3333333333333333,0.7666666666666667,6,0,11,6.0,1.0,185.2695035460993,177.51773049645388,3.5460992907801483,-4.2056737588652595,0.3285024154589372,0
0.36666666666666664,0.6666666666666666,6,0,11,9.0,1.0,166.4468085106383,166.20567375886523,-22.42553191489361,-22.666666666666686,0.34202898550724636,0
0.4666666666666667,0.2,1,0,11,10.0,1.0,165.10638297872342,143.82978723404256,-14.702127659574444,-35.978723404255305,0.3903381642512077,0
0.5,0.3,1,0,11,9.0,1.0,185.95744680851064,142.85106382978722,19.085106382978722,-24.021276595744695,0.38743961352657,0
0.5333333333333333,0.3,1,0,11,8.5,1.0,187.3404255319149,141.7446808510638,35.404255319148945,-10.19148936170214,0.38454106280193234,0
0.5333333333333333,0.3,7,0,11,8.0,0.875,184.31914893617022,137.822695035461,40.91489361702128,-5.581560283687935,0.38164251207729466,0
0.5333333333333333,0.3,1,0,11,9.0,1.0,177.51773049645388,121.39716312056737,33.390070921985796,-22.730496453900713,0.37777777777777777,0
0.5333333333333333,0.3,1,0,11,10.0,1.0,166.20567375886526,108.20567375886526,22.24822695035462,-35.75177304964538,0.3739130434782609,0
0.5333333333333333,0.3,1,0,11,10.0,0.875,154.0709219858156,125.22695035460993,13.60283687943263,-15.241134751773046,0.36231884057971014,0
0.5333333333333333,1.0333333333333334,1,0,11,9.0,0.875,146.48936170212764,160.79432624113474,5.680851063829778,19.98581560283688,0.34782608695652173,0
1.0333333333333334,1.0333333333333334,7,0,11,8.0,1.0,143.82978723404256,192.87234042553192,11.638297872340416,60.68085106382978,0.3507246376811594,0
1.0333333333333334,1.0333333333333334,7,0,11,2.0,0.4375,142.85106382978722,197.53191489361703,51.6595744680851,106.3404255319149,0.3565217391304348,0
1.0,1.0333333333333334,7,0,11,2.0,0.46153846153846156,141.7446808510638,197.60283687943263,40.51063829787232,96.36879432624114,0.36038647342995167,0
0.3333333333333333,1.0333333333333334,2,0,11,11.0,1.0,137.822695035461,197.0283687943262,-45.43262411347516,13.773049645390046,0.36618357487922704,0
0.3,0.7666666666666667,2,0,11,11.0,1.0,121.39716312056737,190.24113475177305,-76.49645390070921,-7.652482269503537,0.370048309178744,0
0.5,0.2,2,0,11,6.5,0.5,192.87234042553192,164.0709219858156,-2.8723404255319167,-31.67375886524823,0.37584541062801935,0
0.5,0.3,3,0,11,8.5,1.0,197.531914893617,161.822695035461,20.659574468085083,-15.049645390070907,0.3652173913043478,0
0.5,0.3333333333333333,2,0,11,9.0,1.0,197.60283687943263,161.24822695035462,25.581560283687935,-10.773049645390074,0.3507246376811594,0
0.5,0.3,3,0,11,8.0,1.0,197.0283687943262,160.38297872340425,29.94326241134749,-6.702127659574472,0.336231884057971,0
0.5333333333333333,0.3333333333333333,3,0,11,9.0,1.0,190.24113475177307,144.12765957446808,26.34751773049649,-19.7659574468085,0.32463768115942027,0
0.5333333333333333,0.3333333333333333,3,0,11,9.0,1.0,181.54609929078015,141.82269503546098,20.312056737588648,-19.41134751773052,0.2946859903381642,0
0.5333333333333333,0.3333333333333333,3,0,11,8.0,0.875,171.99290780141845,152.34751773049643,11.652482269503565,-7.992907801418454,0.27246376811594203,0
0.5333333333333333,0.8,3,0,11,8.0,1.0,167.66666666666666,182.3404255319149,5.496453900709213,20.170212765957444,0.2763285024154589,0
0.8666666666666667,0.8,9,0,10,7.5,0.875,164.0709219858156,199.00709219858155,5.432624113475185,40.36879432624113,0.2811594202898551,0
0.8666666666666667,0.8,9,0,10,4.5,0.5,161.822695035461,204.88652482269504,50.24822695035462,93.31205673758865,0.28695652173913044,0
0.7,0.8,10,0,11,6.0,0.7142857142857143,161.24822695035462,205.66666666666666,5.992907801418454,50.41134751773049,0.293719806763285,0
0.3333333333333333,0.7,4,0,11,7.0,0.6666666666666666,160.38297872340425,203.58865248226948,-29.829787234042556,13.375886524822675,0.30144927536231886,0
0.3333333333333333,0.2,4,0,11,8.5,1.0,144.12765957446808,195.11347517730496,-57.42553191489361,-6.439716312056731,0.30821256038647343,0
0.36666666666666664,0.2,5,0,11,6.5,0.5,182.3404255319149,169.09219858156027,-21.553191489361694,-34.801418439716315,0.3159420289855073,0
0.4666666666666667,0.26666666666666666,10,0,11,6.5,0.5,199.00709219858155,167.7304964539007,-0.014184397163148788,-31.29078014184398,0.3033816425120773,0
0.5333333333333333,0.26666666666666666,10,0,11,6.0,1.0,204.88652482269504,166.80851063829786,22.460992907801426,-15.61702127659575,0.29082125603864734,0
0.5333333333333333,0.26666666666666666,11,0,11,7.0,1.0,205.66666666666666,165.2695035460993,33.45390070921985,-6.9432624113475185,0.2772946859903382,0
0.5,0.3,0,0,11,8.0,1.0,203.58865248226948,162.41843971631207,36.58865248226948,-4.581560283687935,0.26570048309178745,0
0.5,0.3,0,0,11,8.0,1.0,195.11347517730496,152.45390070921985,27.049645390070907,-15.609929078014204,0.2541062801932367,0
0.6,0.3,0,0,11,8.0,1.0,184.5531914893617,163.74468085106383,16.42553191489361,-4.38297872340425,0.2357487922705314,0
0.6,0.3,0,0,11,8.0,1.0,173.8794326241135,185.2695035460993,9.64539007092199,21.035460992907787,0.22608695652173913,0
0.6,0.5333333333333333,0,0,10,8.0,1.0,169.0921985815603,216.01418439716312,5.645390070921991,52.567375886524815,0.22705314009661837,0
0.7,0.5333333333333333,0,0,10,7.5,1.0,167.7304964539007,226.06382978723403,8.156028368794324,66.48936170212764,0.23091787439613526,0
0.7,0.5333333333333333,10,0,10,6.0,0.5555555555555556,166.80851063829786,226.54609929078015,32.46808510638297,92.20567375886526,0.23768115942028986,0
0.4666666666666667,0.5,0,0,9,6.5,0.75,165.2695035460993,226.0851063829787,-32.049645390070935,28.76595744680847,0.24347826086956523,0
0.3333333333333333,0.43333333333333335,0,0,8,7.0,1.0,162.41843971631207,219.3971631205674,-61.73049645390071,-4.751773049645379,0.24734299516908212,0
0.43333333333333335,0.2,0,0,9,8.0,0.6666666666666666,216.01418439716312,191.21985815602838,-9.177304964539019,-33.97163120567376,0.28019323671497587,0
0.4666666666666667,0.3,0,0,10,6.0,0.6666666666666666,226.06382978723403,189.06382978723403,18.659574468085083,-18.340425531914917,0.2792270531400966,0
0.5333333333333333,0.3,0,0,11,8.5,1.0,226.54609929078015,190.39007092198582,23.1631205673759,-12.992907801418426,0.2763285024154589,0
0.5333333333333333,0.3,0,0,11,8.0,1.0,226.08510638297875,192.1560283687943,30.148936170212806,-3.7801418439716485,0.27246376811594203,0
0.5666666666666667,0.3,0,0,11,9.0,1.0,219.3971631205674,175.82978723404256,29.460992907801455,-14.106382978723389,0.26956521739130435,0
0.5666666666666667,0.3,0,0,11,9.0,0.8571428571428571,211.99290780141845,145.98581560283688,24.20567375886526,-41.801418439716315,0.27053140096618356,0
0.5333333333333333,0.3,0,0,11,9.5,1.0,202.24113475177305,130.2836879432624,12.773049645390074,-59.184397163120565,0.2647342995169082,0
0.5333333333333333,0.3,0,0,11,9.0,1.0,196.41843971631204,144.67375886524823,2.5035460992907588,-49.241134751773046,0.2763285024154589,0
0.8666666666666667,0.7666666666666667,0,0,11,9.0,1.0,191.21985815602838,172.2553191489362,-1.8652482269503423,-20.829787234042527,0.2927536231884058,0
0.8666666666666667,0.7666666666666667,0,0,11,6.5,0.7,189.06382978723403,186.0212765957447,48.57446808510636,45.53191489361703,0.3072463768115942,0
0.8333333333333334,0.7666666666666667,6,0,11,4.5,0.5,190.39007092198582,186.14893617021278,86.00709219858157,81.76595744680853,0.3217391304347826,0
0.8,0.7666666666666667,6,0,11,9.5,0.6666666666666666,192.15602836879432,180.87234042553192,46.17730496453902,34.89361702127661,0.33719806763285026,0
0.36666666666666664,0.6666666666666666,6,0,11,11.0,1.0,175.82978723404256,171.91489361702125,-7.829787234042556,-11.744680851063862,0.3507246376811594,0
0.5,0.23333333333333334,7,0,11,11.0,1.0,144.67375886524823,153.39007092198582,-39.36879432624113,-30.652482269503537,0.39420289855072466,0
0.5333333333333333,0.3,7,0,11,11.0,1.0,172.2553191489362,152.04255319148936,0.9574468085106673,-19.255319148936167,0.39516908212560387,0
0.5333333333333333,0.3,1,0,11,8.0,1.0,186.02127659574467,151.4468085106383,25.61702127659572,-8.957446808510639,0.39420289855072466,0
0.5333333333333333,0.3,1,0,11,8.0,1.0,186.14893617021278,152.02127659574467,30.297872340425556,-3.8297872340425556,0.3932367149758454,0
0.5333333333333333,0.3,7,0,11,9.0,1.0,180.87234042553192,143.3404255319149,28.106382978723417,-9.425531914893611,0.39516908212560387,0
0.5333333333333333,0.3333333333333333,7,0,11,10.5,1.0,171.91489361702125,120.85106382978724,20.361702127659555,-30.702127659574458,0.3961352657004831,0
0.5333333333333333,0.3333333333333333,7,0,11,10.5,1.0,162.51773049645388,116.95035460992908,10.709219858156018,-34.85815602836878,0.3903381642512077,0
0.5333333333333333,0.3333333333333333,7,0,11,10.0,1.0,156.3404255319149,138.43262411347519,5.3617021276595835,-12.54609929078012,0.37584541062801935,0
0.8333333333333334,0.36666666666666664,7,0,11,9.5,1.0,153.39007092198582,174.88652482269504,0.11347517730496293,21.609929078014176,0.3748792270531401,0
1.0,0.36666666666666664,8,0,11,7.0,0.6666666666666666,152.04255319148936,192.60992907801418,26.276595744680847,66.84397163120566,0.37681159420289856,0
1.0,0.36666666666666664,8,0,11,3.0,0.35714285714285715,151.4468085106383,193.31914893617022,67.93617021276596,109.80851063829788,0.38067632850241545,0
0.8666666666666667,0.36666666666666664,8,0,11,7.0,0.5,152.02127659574467,191.46808510638297,10.446808510638277,49.89361702127658,0.38454106280193234,0
0.3333333333333333,0.3333333333333333,2,0,11,11.0,1.0,143.3404255319149,185.14893617021278,-46.87234042553192,-5.063829787234027,0.38743961352657,0
0.4666666666666667,0.2,9,0,11,11.0,1.0,174.88652482269504,164.4468085106383,-12.432624113475185,-22.872340425531917,0.39710144927536234,0
0.5,0.3,3,0,11,11.0,1.0,192.60992907801418,164.01418439716312,16.82269503546098,-11.773049645390074,0.38743961352657,0
0.5,0.3,3,0,11,11.0,1.0,193.31914893617022,163.34751773049643,23.680851063829806,-6.290780141843982,0.37777777777777777,0
0.5,0.3,3,0,11,9.5,1.0,191.46808510638297,162.92198581560282,25.829787234042556,-2.7163120567375927,0.3681159420289855,0
0.5,0.3,3,0,11,10.0,1.0,185.14893617021278,143.80851063829786,21.446808510638306,-19.89361702127661,0.357487922705314,0
0.5,0.3,9,0,11,10.5,1.0,177.58156028368793,136.4609929078014,13.581560283687935,-27.539007092198602,0.34299516908212563,0
0.5,0.3,9,0,11,10.5,1.0,170.354609929078,144.645390070922,6.01418439716312,-19.695035460992898,0.31980676328502416,0
0.5333333333333333,0.7666666666666667,10,0,11,10.0,1.0,166.32624113475177,176.56028368794327,4.624113475177296,14.858156028368796,0.3169082125603865,0
0.8666666666666667,0.7666666666666667,10,0,11,8.0,0.8571428571428571,164.4468085106383,197.72340425531914,1.723404255319167,35.0,0.3188405797101449,0
0.8666666666666667,0.7666666666666667,10,0,11,3.0,0.46153846153846156,164.01418439716312,203.13475177304963,57.01418439716312,96.13475177304963,0.3217391304347826,0
0.8333333333333334,0.7666666666666667,10,0,11,6.0,0.5555555555555556,163.34751773049643,203.14893617021278,23.687943262411324,63.48936170212767,0.32560386473429953,0
0.36666666666666664,0.7666666666666667,10,0,11,11.0,1.0,162.92198581560282,203.1985815602837,-24.354609929078038,15.921985815602852,0.32753623188405795,0
0.3,0.3,10,0,11,11.0,1.0,143.80851063829786,198.40425531914892,-58.93617021276597,-4.340425531914917,0.3285024154589372,0
0.43333333333333335,0.3,0,0,11,11.0,1.0,197.72340425531914,170.60283687943263,-5.574468085106389,-32.6950354609929,0.32657004830917874,0
0.4666666666666667,0.3,0,0,11,11.0,1.0,203.13475177304963,169.59574468085108,14.007092198581546,-19.531914893617,0.3159420289855073,0
0.4666666666666667,0.3,0,0,11,9.0,1.0,203.14893617021278,169.92198581560282,24.89361702127661,-8.333333333333343,0.30531400966183575,0
0.5,0.3,0,0,11,9.5,1.0,203.1985815602837,170.9078014184397,30.49645390070924,-1.794326241134769,0.293719806763285,0
0.5,0.3,0,0,11,10.0,1.0,198.40425531914892,163.64539007092196,28.87234042553189,-5.8865248226950655,0.28405797101449276,0
0.5,0.3,0,0,11,10.0,1.0,190.22695035460993,165.14893617021278,20.652482269503537,-4.425531914893611,0.2608695652173913,0
0.5,0.3,0,0,11,10.0,1.0,180.02836879432627,182.17021276595744,10.347517730496492,12.489361702127667,0.242512077294686,0
0.5,0.3333333333333333,0,0,11,10.0,1.0,173.4964539007092,208.10638297872342,2.9858156028368796,37.595744680851084,0.23768115942028986,0
0.7,0.3333333333333333,0,0,11,9.5,1.0,170.60283687943263,224.56028368794327,-1.9290780141843982,52.02836879432624,0.23381642512077294,0
0.7,0.3333333333333333,12,0,11,7.0,0.75,169.59574468085108,222.99290780141845,21.7021276595745,75.09929078014187,0.2289855072463768,0
0.6666666666666666,0.3333333333333333,9,0,11,6.0,0.7142857142857143,169.92198581560282,219.5390070921986,-5.099290780141871,44.51773049645391,0.22608695652173913,0
0.36666666666666664,0.3333333333333333,0,0,11,11.0,1.0,170.9078014184397,216.05673758865245,-52.68794326241135,-7.539007092198602,0.24830917874396136,0
0.3333333333333333,0.2,0,0,11,10.0,1.0,163.645390070922,215.06382978723403,-62.05673758865248,-10.638297872340445,0.27053140096618356,0
0.36666666666666664,1.0333333333333334,0,0,11,9.0,1.0,215.06382978723403,128.81560283687944,-7.276595744680861,-93.52482269503545,0.31980676328502416,0
1.0333333333333334,1.0333333333333334,0,0,11,8.0,0.6666666666666666,215.46808510638297,138.1276595744681,1.0851063829787222,-76.25531914893614,0.314975845410628,0
1.0333333333333334,1.0333333333333334,0,0,11,3.0,0.5,216.51773049645394,137.76595744680853,119.17730496453905,40.42553191489364,0.3101449275362319,0
1.0333333333333334,1.0333333333333334,0,0,11,4.0,0.5333333333333333,218.6595744680851,136.88652482269504,109.48936170212767,27.716312056737593,0.3159420289855073,0
0.7,1.0333333333333334,0,0,11,8.0,1.0,217.93617021276592,139.3191489361702,83.14893617021272,4.5319148936169995,0.32270531400966185,0
0.7,0.6333333333333333,0,0,11,9.0,1.0,178.02127659574467,146.29787234042553,35.531914893617,3.808510638297861,0.3294685990338164,0
0.7,0.36666666666666664,1,0,11,10.0,0.8888888888888888,140.29787234042553,153.20567375886523,3.1914893617021107,16.099290780141814,0.33816425120772947,0
0.7,0.36666666666666664,1,0,11,11.0,1.0,113.76595744680851,162.68794326241132,-19.93617021276596,28.98581560283685,0.3526570048309179,0
0.6333333333333333,0.3333333333333333,1,0,11,10.5,1.0,128.81560283687944,172.8368794326241,-11.035460992907787,32.98581560283688,0.370048309178744,0
0.6333333333333333,0.3333333333333333,1,0,11,10.0,1.0,138.1276595744681,182.7517730496454,-6.276595744680833,38.34751773049646,0.38164251207729466,0
0.6,0.3333333333333333,1,0,11,10.0,1.0,137.76595744680853,188.40425531914892,-16.87234042553189,33.7659574468085,0.3932367149758454,0
0.5333333333333333,0.3333333333333333,0,0,11,11.0,1.0,136.88652482269504,188.27659574468086,-23.687943262411352,27.702127659574472,0.4057971014492754,0
0.5,0.3333333333333333,0,0,11,11.0,1.0,139.31914893617022,184.41843971631207,-33.531914893617,11.567375886524843,0.41739130434782606,0
0.5333333333333333,0.3333333333333333,0,0,11,11.0,1.0,146.29787234042553,161.22695035460995,-38.787234042553195,-23.858156028368768,0.4251207729468599,0
0.5,0.3333333333333333,0,0,11,11.0,1.0,153.20567375886523,135.70921985815605,-37.11347517730499,-54.609929078014176,0.4067632850241546,0
0.5,0.3333333333333333,0,0,11,11.0,1.0,162.68794326241132,122.13475177304964,-27.120567375886537,-67.67375886524822,0.3903381642512077,0
0.5,0.3333333333333333,0,0,11,11.0,1.0,172.8368794326241,136.58156028368793,-11.86524822695037,-48.12056737588654,0.3855072463768116,0
1.0333333333333334,0.3333333333333333,0,0,11,11.0,1.0,182.7517730496454,153.99290780141845,4.007092198581574,-24.75177304964538,0.37874396135265703,0
1.0333333333333334,0.3333333333333333,0,0,11,10.0,0.6666666666666666,188.40425531914897,161.39007092198582,68.17021276595749,41.15602836879434,0.3690821256038647,0
1.0333333333333334,0.3333333333333333,0,0,11,9.5,0.6,188.27659574468086,161.23404255319147,80.1276595744681,53.08510638297871,0.36231884057971014,0
0.6,0.3333333333333333,0,0,11,11.0,1.0,184.41843971631207,164.68085106382978,46.39716312056737,26.659574468085083,0.3536231884057971,0
0.5,0.3333333333333333,0,0,11,11.0,1.0,161.22695035460993,169.4113475177305,-2.347517730496463,5.836879432624102,0.3468599033816425,0
0.5,0.3,9,0,11,11.0,1.0,135.70921985815605,172.79432624113474,-24.673758865248203,12.41134751773049,0.34009661835748795,0
0.5,0.3,0,0,11,11.0,1.0,122.13475177304964,173.31914893617022,-38.07801418439716,13.106382978723417,0.34106280193236715,0
0.5,0.3,0,0,11,11.0,1.0,136.58156028368796,172.66666666666666,-26.524822695035454,9.56028368794324,0.36038647342995167,0
0.4,0.3,0,0,11,11.0,1.0,153.99290780141845,172.2127659574468,-16.730496453900685,1.4893617021276668,0.370048309178744,0
0.4,0.3,0,0,11,11.0,1.0,161.39007092198582,174.20567375886526,-13.01418439716312,-0.19858156028368512,0.37777777777777777,0
0.5,0.3,0,0,11,9.0,0.8333333333333334,161.23404255319147,176.2127659574468,-12.021276595744695,2.957446808510639,0.38454106280193234,0
0.5,0.3,0,0,11,11.0,0.8,164.68085106382978,178.5390070921986,-7.61702127659575,6.241134751773075,0.391304347826087,0
0.4666666666666667,0.3,0,1,11,11.0,1.0,169.41134751773052,163.13475177304966,-3.0354609929077867,-9.312056737588648,0.4,0
0.43333333333333335,0.2,0,1,11,11.0,1.0,172.79432624113474,137.24113475177307,0.9007092198581574,-34.65248226950351,0.39903381642512076,0
0.43333333333333335,0.2,0,1,11,11.0,1.0,173.31914893617022,116.52482269503547,-4.957446808510639,-61.751773049645394,0.39420289855072466,0
0.4666666666666667,0.2,0,1,11,11.0,1.0,172.66666666666666,122.21985815602837,-5.801418439716315,-56.248226950354606,0.39516908212560387,0
1.0,0.6,0,1,11,11.0,1.0,172.2127659574468,136.76595744680853,-6.659574468085111,-42.10638297872339,0.391304347826087,0
1.0333333333333334,0.6,0,1,11,9.0,0.75,174.20567375886526,144.19148936170214,42.141843971631204,12.127659574468083,0.3864734299516908,0
1.0333333333333334,0.6,0,2,11,3.0,0.4666666666666667,176.2127659574468,140.65248226950357,75.42553191489361,39.86524822695037,0.38454106280193234,0
1.0333333333333334,0.6,0,2,11,8.0,0.7777777777777778,178.5390070921986,140.31205673758865,61.81560283687945,23.588652482269495,0.3826086956521739,0
0.5666666666666667,0.6,0,2,11,10.0,1.0,163.13475177304966,143.38297872340425,13.98581560283688,-5.765957446808528,0.3826086956521739,0
0.36666666666666664,0.6333333333333333,0,3,11,10.0,1.0,173.6241134751773,154.07801418439715,-8.907801418439732,-28.45390070921988,0.36328502415458935,0
0.8333333333333334,0.7,0,4,11,9.0,1.0,180.73758865248226,180.98581560283688,0.4609929078013977,0.7092198581560183,0.3497584541062802,0
0.8666666666666667,0.8,0,4,11,4.0,0.5454545454545454,182.99290780141845,192.2482269503546,48.269503546099315,57.52482269503545,0.3333333333333333,0
0.8666666666666667,0.8,0,4,11,5.0,0.5833333333333334,182.27659574468086,190.9148936170213,71.87234042553193,80.51063829787238,0.3169082125603865,0
0.8,0.8,0,0,11,6.5,1.0,181.9645390070922,190.72340425531914,24.751773049645408,33.51063829787233,0.2975845410628019,0
0.4666666666666667,0.8,0,0,11,9.0,1.0,165.84397163120568,191.02127659574467,-28.773049645390074,-3.595744680851084,0.28019323671497587,0
0.4666666666666667,0.3333333333333333,0,0,10,9.0,1.0,141.8014184397163,193.645390070922,-49.3262411347518,2.5177304964539076,0.26280193236714977,0
0.4666666666666667,0.3,0,0,10,9.0,1.0,134.11347517730496,201.10638297872342,-56.88652482269504,10.106382978723417,0.24830917874396136,0
0.43333333333333335,0.3,0,0,10,8.5,1.0,154.07801418439718,212.72340425531914,-36.539007092198574,22.10638297872339,0.23864734299516907,0
0.43333333333333335,0.3,0,0,9,7.5,1.0,180.98581560283688,222.51773049645388,-9.567375886524815,31.964539007092185,0.2289855072463768,0
0.43333333333333335,0.3,0,0,8,7.5,1.0,192.24822695035462,227.53191489361703,0.35460992907803757,35.638297872340445,0.21835748792270532,0
0.43333333333333335,0.3,0,0,9,7.0,1.0,190.9148936170213,228.15602836879432,-7.574468085106361,29.666666666666657,0.21932367149758455,0
0.36666666666666664,0.3,0,0,10,6.0,1.0,190.72340425531914,228.22695035460993,-22.212765957446805,15.290780141843982,0.23671497584541062,0
0.23333333333333334,0.26666666666666666,0,0,11,11.0,1.0,191.02127659574467,228.23404255319147,-35.72340425531917,1.4893617021276384,0.25217391304347825,0
1.0,1.0,0,0,11,11.0,1.0,228.23404255319147,184.3049645390071,-0.14893617021277805,-44.07801418439715,0.157487922705314,1
0.36666666666666664,0.2,0,0,9,9.0,1.0,225.70921985815605,177.8014184397163,18.709219858156047,-29.198581560283714,0.2589371980676328,0
0.4,0.26666666666666666,0,0,10,6.0,1.0,221.43262411347519,173.85815602836882,28.347517730496463,-19.226950354609897,0.26666666666666666,0
0.4666666666666667,0.26666666666666666,0,0,11,7.0,1.0,217.22695035460993,174.1205673758865,30.375886524822704,-12.730496453900713,0.2647342995169082,0
0.4666666666666667,0.26666666666666666,0,0,11,8.0,1.0,212.67375886524823,168.75886524822695,29.269503546099287,-14.64539007092199,0.24444444444444444,0
0.4666666666666667,0.26666666666666666,0,0,11,8.0,1.0,205.48936170212767,149.85815602836877,25.319148936170222,-30.312056737588676,0.2222222222222222,0
0.4666666666666667,0.26666666666666666,0,0,11,9.0,1.0,195.645390070922,133.7375886524823,25.815602836879435,-36.09219858156027,0.22608695652173913,0
0.4666666666666667,0.3,0,0,11,9.0,1.0,187.78014184397162,145.1631205673759,16.20567375886523,-26.41134751773049,0.23478260869565218,0
0.6666666666666666,0.7333333333333333,0,0,11,8.0,1.0,183.47517730496452,169.04964539007094,2.517730496453879,-11.907801418439703,0.2463768115942029,0
0.8,0.7333333333333333,0,0,11,7.5,1.0,177.8014184397163,185.74468085106386,24.056737588652453,32.00000000000003,0.2599033816425121,0
0.7666666666666667,0.7333333333333333,6,0,11,4.0,0.5,173.85815602836882,185.177304964539,58.98581560283691,70.30496453900707,0.27342995169082124,0
0.7333333333333333,0.7333333333333333,6,0,11,6.0,0.6666666666666666,174.1205673758865,186.17021276595744,41.52482269503545,53.57446808510639,0.28599033816425123,0
0.3,0.6666666666666666,1,0,11,9.0,1.0,168.75886524822695,186.04964539007094,-19.26241134751774,-1.9716312056737593,0.2966183574879227,0
0.3,0.23333333333333334,1,0,11,9.0,1.0,149.85815602836882,179.74468085106386,-36.6737588652482,-6.787234042553166,0.30821256038647343,0
0.4,0.2,1,0,11,8.5,1.0,169.04964539007094,157.77304964539007,-20.460992907801398,-31.73758865248226,0.3468599033816425,0
0.43333333333333335,0.3,1,0,11,7.0,1.0,185.7446808510638,156.29787234042553,3.4255319148935826,-26.021276595744695,0.3391304347826087,0
0.4,0.3,1,0,11,7.5,1.0,185.177304964539,157.7872340425532,17.773049645390046,-9.61702127659575,0.3333333333333333,0
0.4,0.3,1,0,11,8.0,1.0,186.17021276595744,154.41843971631207,24.893617021276583,-6.858156028368796,0.33043478260869563,0
0.4,0.3,1,0,11,9.0,1.0,186.04964539007094,137.4964539007092,30.60283687943263,-17.950354609929093,0.32560386473429953,0
0.4,0.3,7,0,11,10.0,1.0,179.74468085106386,112.12056737588652,23.148936170212806,-44.47517730496453,0.3169082125603865,0
0.4,0.3,8,0,10,10.0,1.0,170.33333333333334,126.53900709219859,13.48226950354612,-30.312056737588634,0.2966183574879227,0
0.5,0.3,2,0,9,9.0,1.0,161.3758865248227,158.78014184397162,1.460992907801426,-1.1347517730496577,0.28792270531400965,0
1.0,1.0,2,0,8,8.0,1.0,157.77304964539007,196.177304964539,11.283687943262407,49.68794326241132,0.2927536231884058,0
1.0,1.0,8,0,7,2.0,0.4166666666666667,156.29787234042553,198.06382978723403,50.212765957446805,91.9787234042553,0.2956521739130435,0
0.9666666666666667,1.0,8,0,6,2.0,0.3333333333333333,157.7872340425532,196.8368794326241,74.0,113.0496453900709,0.2975845410628019,0
0.3333333333333333,1.0,2,0,0,0,0,154.41843971631207,199.14184397163118,-35.32624113475177,9.397163120567342,0.30241545893719807,0
0.2,0.9,2,0,0,0,0,137.4964539007092,199.82978723404256,-65.31205673758865,-2.9787234042553052,0.30917874396135264,0
0.43333333333333335,0.26666666666666666,3,0,0,0,0,198.06382978723403,161.63120567375884,0.5957446808510554,-35.83687943262413,0.3072463768115942,0
0.4666666666666667,0.26666666666666666,3,0,6,6.0,0.6666666666666666,196.8368794326241,161.5886524822695,21.6028368794326,-13.64539007092199,0.2975845410628019,0
0.43333333333333335,0.26666666666666666,3,0,7,6.5,1.0,199.14184397163118,162.19858156028369,34.03546099290776,-2.907801418439732,0.28888888888888886,0
0.43333333333333335,0.26666666666666666,4,0,8,7.5,1.0,199.82978723404256,159.61702127659575,38.10638297872342,-2.1063829787233885,0.2792270531400966,0
0.4666666666666667,0.26666666666666666,9,0,9,8.0,1.0,191.86524822695034,142.6808510638298,29.54609929078012,-19.638297872340416,0.2589371980676328,0
0.4666666666666667,0.26666666666666666,4,0,9,8.0,0.8,179.2695035460993,151.7517730496454,18.418439716312065,-9.099290780141814,0.23478260869565218,0
0.4666666666666667,0.3,4,0,9,8.0,0.8,167.354609929078,168.14893617021278,5.758865248226954,6.553191489361723,0.23864734299516907,0
0.5333333333333333,0.7333333333333333,4,0,8,8.0,1.0,163.04964539007094,197.9645390070922,-1.0992907801418426,33.815602836879435,0.24541062801932367,0
0.8333333333333334,0.7333333333333333,5,0,7,7.0,0.8,161.63120567375884,200.88652482269504,8.524822695035425,47.78014184397162,0.25024154589371983,0
0.8333333333333334,0.7333333333333333,10,0,6,1.0,0.3,161.5886524822695,200.2482269503546,50.801418439716315,89.4609929078014,0.25217391304347825,0
0.3333333333333333,0.7333333333333333,4,0,3,3.0,0.0,162.19858156028369,199.354609929078,-29.1631205673759,7.992907801418426,0.2570048309178744,0
0.26666666666666666,0.6666666666666666,4,0,0,0,0,159.61702127659575,196.76595744680853,-42.68085106382978,-5.5319148936169995,0.2618357487922705,0
0.43333333333333335,0.3,11,0,6,6.0,1.0,200.88652482269504,171.39007092198582,8.524822695035454,-20.97163120567376,0.2560386473429952,0
0.43333333333333335,0.3,0,0,6,6.0,1.0,200.2482269503546,172.99290780141845,25.226950354609897,-2.0283687943262407,0.24444444444444444,0
0.43333333333333335,0.3,0,0,7,6.5,0.75,199.354609929078,172.56737588652481,25.54609929078015,-1.2411347517730462,0.23285024154589373,0
0.4,0.3,0,0,8,7.0,0.8,196.76595744680853,165.32624113475177,26.829787234042584,-4.609929078014176,0.22028985507246376,0
0.4,0.3,0,0,9,8.0,1.0,188.31205673758868,159.15602836879432,17.6312056737589,-11.524822695035454,0.20579710144927535,0
0.43333333333333335,0.3,0,0,9,8.0,1.0,180.39716312056737,173.36879432624116,6.843971631205676,-0.18439716312053633,0.17971014492753623,0
0.4666666666666667,0.3,0,0,9,8.5,1.0,172.92198581560282,198.2553191489362,-1.8226950354610096,23.51063829787236,0.178743961352657,0
0.6333333333333333,0.4666666666666667,0,0,10,8.0,1.0,171.47517730496452,221.39716312056737,2.0709219858155734,51.992907801418426,0.17971014492753623,0
0.6333333333333333,0.4666666666666667,12,0,11,7.0,0.8,171.39007092198577,226.10638297872342,19.560283687943212,74.27659574468086,0.18067632850241547,0
0.5333333333333333,0.4666666666666667,11,0,11,4.0,0.5,172.99290780141845,226.7517730496454,16.758865248226954,70.51773049645391,0.18164251207729468,0
0.26666666666666666,0.4666666666666667,0,0,11,11.0,1.0,172.56737588652481,227.90070921985816,-39.47517730496455,15.858156028368796,0.18454106280193236,0
0.2,0.36666666666666664,0,0,10,10.0,1.0,165.32624113475177,227.80851063829786,-61.1631205673759,1.319148936170194,0.1855072463768116,0
0.3333333333333333,0.2,0,0,2,2.0,0.0,226.10638297872342,194.4609929078014,0.2127659574468339,-31.432624113475185,0.2038647342995169,0
0.4,0.26666666666666666,0,0,6,6.0,0.6666666666666666,226.7517730496454,193.15602836879432,16.858156028368825,-16.73758865248226,0.2,0
0.4,0.26666666666666666,0,0,7,7.0,1.0,227.90070921985816,193.6950354609929,24.64539007092199,-9.560283687943269,0.1961352657004831,0
0.4,0.26666666666666666,0,0,8,7.5,1.0,227.80851063829786,189.91489361702125,30.212765957446805,-7.680851063829806,0.19227053140096617,0
0.43333333333333335,0.26666666666666666,0,0,9,8.0,1.0,221.63120567375884,163.2695035460993,28.20567375886523,-30.156028368794324,0.18164251207729468,0
0.43333333333333335,0.26666666666666666,0,0,9,8.0,0.8,213.01418439716312,143.0921985815603,20.652482269503537,-49.26950354609929,0.1748792270531401,0
0.4,0.26666666666666666,0,0,9,9.0,0.8,203.58156028368793,140.05673758865248,9.900709219858157,-53.624113475177296,0.18357487922705315,0
0.4,0.7333333333333333,0,0,9,8.0,0.8,198.0921985815603,165.54609929078015,3.0496453900709355,-29.496453900709213,0.1961352657004831,0
0.7666666666666667,0.7333333333333333,0,0,9,7.5,1.0,194.4609929078014,185.03546099290782,13.439716312056703,4.01418439716312,0.20772946859903382,0
0.8,0.7333333333333333,6,0,8,2.5,0.4,193.1560283687943,191.85106382978722,79.41134751773046,78.10638297872339,0.21835748792270532,0
0.7333333333333333,0.7333333333333333,6,0,7,3.0,0.42857142857142855,193.6950354609929,192.22695035460993,59.184397163120565,57.71631205673759,0.2318840579710145,0
0.3333333333333333,0.6333333333333333,0,0,8,6.0,0.6666666666666666,189.91489361702125,187.23404255319147,17.99999999999997,15.319148936170194,0.24541062801932367,0
0.23333333333333334,0.43333333333333335,7,0,9,9.0,1.0,163.2695035460993,178.63829787234044,-26.94326241134752,-11.57446808510636,0.2589371980676328,0
0.36666666666666664,0.2,1,0,9,9.0,1.0,165.54609929078015,160.79432624113477,-25.79432624113474,-30.54609929078012,0.3101449275362319,0
0.43333333333333335,0.3,1,0,8,6.0,1.0,185.0354609929078,161.06382978723403,7.035460992907787,-16.936170212765973,0.30628019323671496,0
0.43333333333333335,0.3,1,0,7,7.0,1.0,191.85106382978722,161.41843971631207,25.276595744680833,-5.156028368794324,0.3004830917874396,0
0.43333333333333335,0.3,1,0,8,7.0,1.0,192.22695035460993,161.76595744680853,31.54609929078015,1.0851063829787506,0.2956521739130435,0
0.43333333333333335,0.3,1,0,9,9.0,1.0,187.23404255319147,134.3758865248227,27.10638297872339,-25.75177304964538,0.29082125603864734,0
0.43333333333333335,0.3,1,0,10,9.0,1.0,178.63829787234044,120.64539007092198,17.063829787234056,-40.92907801418441,0.28792270531400965,0
0.43333333333333335,0.3,1,0,10,9.0,1.0,168.41843971631207,126.24113475177306,6.929078014184398,-35.248226950354606,0.27342995169082124,0
0.43333333333333335,0.9666666666666667,1,0,9,8.0,1.0,162.46099290780143,168.06382978723403,1.269503546099287,6.872340425531888,0.26570048309178745,0
1.0,0.9666666666666667,8,0,8,8.0,1.0,160.79432624113474,196.42553191489364,-1.8226950354610096,33.80851063829789,0.26859903381642514,0
1.0,0.9666666666666667,8,0,7,2.0,0.3333333333333333,161.06382978723403,204.95744680851064,81.74468085106382,125.63829787234043,0.2743961352657005,0
0.9666666666666667,0.9666666666666667,2,0,6,2.0,0.3333333333333333,161.41843971631207,204.84397163120568,41.418439716312065,84.84397163120568,0.2811594202898551,0
0.3,0.9,2,0,3,3.0,0.0,161.76595744680853,202.9290780141844,-17.638297872340416,23.524822695035454,0.28888888888888886,0
0.13333333333333333,0.7333333333333333,2,0,0,0,0,134.3758865248227,196.3971631205674,-70.41134751773049,-8.390070921985796,0.2966183574879227,0
0.3333333333333333,0.26666666666666666,3,0,6,6.0,1.0,196.42553191489364,169.77304964539007,-2.9148936170212494,-29.567375886524815,0.314975845410628,0
0.4,0.26666666666666666,3,0,7,6.0,1.0,204.95744680851064,169.80141843971634,19.553191489361694,-15.602836879432601,0.30531400966183575,0
0.43333333333333335,0.26666666666666666,3,0,8,7.0,1.0,204.8439716312057,169.74468085106383,28.971631205673788,-6.127659574468083,0.2946859903381642,0
0.43333333333333335,0.26666666666666666,3,0,8,8.0,1.0,202.9290780141844,169.20567375886526,33.73758865248226,0.014184397163120366,0.28405797101449276,0
0.43333333333333335,0.26666666666666666,3,0,9,8.0,1.0,196.39716312056737,152.77304964539007,28.375886524822675,-15.24822695035462,0.27342995169082124,0
0.43333333333333335,0.26666666666666666,3,0,10,9.0,1.0,186.87234042553192,142.43971631205673,14.7659574468085,-29.666666666666686,0.24347826086956523,0
0.43333333333333335,0.26666666666666666,4,0,10,9.0,1.0,176.822695035461,147.86524822695034,7.546099290780148,-21.41134751773052,0.21932367149758455,0
0.43333333333333335,0.7333333333333333,4,0,9,8.5,1.0,171.02836879432627,177.60283687943263,3.177304964539047,9.751773049645408,0.22028985507246376,0
0.7666666666666667,0.7333333333333333,4,0,8,8.0,1.0,169.77304964539007,201.90070921985816,-0.7163120567375927,31.41134751773049,0.2289855072463768,0
0.7666666666666667,0.7333333333333333,10,0,7,2.0,0.45454545454545453,169.80141843971634,209.36170212765958,49.822695035461024,89.38297872340426,0.2357487922705314,0
0.7333333333333333,0.7333333333333333,10,0,6,2.0,0.4,169.74468085106386,209.82978723404256,32.89361702127664,72.97872340425533,0.242512077294686,0
0.23333333333333334,0.7333333333333333,4,0,6,6.0,1.0,169.20567375886526,209.9290780141844,-17.56028368794324,23.1631205673759,0.25120772946859904,0
0.13333333333333333,0.6333333333333333,5,0,0,0,0,152.77304964539007,207.24113475177305,-56.418439716312065,-1.950354609929093,0.2599033816425121,0
0.3,0.2,5,0,0,0,0,201.90070921985816,173.95035460992906,-8.141843971631204,-36.0921985815603,0.2570048309178744,0
0.43333333333333335,0.26666666666666666,0,0,0,0,0,209.36170212765958,173.1914893617021,8.276595744680861,-27.89361702127661,0.24541062801932367,0
0.43333333333333335,0.26666666666666666,0,0,6,6.0,0.75,209.82978723404256,170.85106382978725,26.021276595744695,-12.95744680851061,0.23381642512077294,0
0.43333333333333335,0.26666666666666666,0,0,7,7.0,0.8,209.9290780141844,169.43262411347519,37.43971631205673,-3.0567375886524815,0.2222222222222222,0
0.36666666666666664,0.26666666666666666,0,0,8,8.0,1.0,207.24113475177305,163.70921985815605,32.156028368794324,-11.375886524822675,0.21159420289855072,0
0.4666666666666667,0.26666666666666666,0,0,9,8.5,1.0,198.31205673758862,164.18439716312056,24.03546099290776,-10.092198581560297,0.18743961352657004,0
0.4666666666666667,0.26666666666666666,0,0,9,9.0,1.0,185.79432624113474,179.93617021276597,15.581560283687935,9.723404255319167,0.1671497584541063,0
0.4666666666666667,0.3,0,0,10,8.5,0.8333333333333334,177.12765957446808,204.42553191489364,9.063829787234027,36.36170212765958,0.16618357487922705,0
0.6333333333333333,0.3,0,0,10,8.0,1.0,173.95035460992906,222.42553191489364,3.9290780141843697,52.404255319148945,0.16521739130434782,0
0.6,0.3,0,0,9,6.5,0.8333333333333334,173.19148936170214,222.0709219858156,20.148936170212778,69.02836879432624,0.1642512077294686,0
0.5666666666666667,0.3,0,0,8,6.0,0.8,170.85106382978725,218.41843971631204,1.3617021276595835,48.92907801418437,0.16231884057971013,0
0.3333333333333333,0.3,0,0,7,7.0,1.0,169.43262411347519,216.4113475177305,-47.843971631205676,-0.8652482269503707,0.15845410628019324,0
0.23333333333333334,0.23333333333333334,0,0,6,6.0,1.0,163.70921985815605,215.38297872340425,-62.80141843971629,-11.127659574468083,0.16231884057971013,0
0.8333333333333334,0.8333333333333334,0,0,0,0,0,213.00709219858155,121.73758865248226,-18.43971631205676,-109.70921985815605,0.24734299516908212,0
0.9,0.8333333333333334,0,0,6,5.5,1.0,215.13475177304963,127.36879432624114,30.17730496453899,-57.588652482269495,0.2541062801932367,0
0.9333333333333333,0.8333333333333334,0,0,7,5.5,0.6428571428571429,217.30496453900707,131.34751773049643,84.87943262411346,-1.0780141843971762,0.263768115942029,0
0.9333333333333333,0.8333333333333334,0,0,8,7.0,0.9,222.51773049645388,133.60992907801418,106.79432624113473,17.886524822695023,0.2714975845410628,0
0.7,0.8666666666666667,1,0,9,7.5,0.9,211.0,132.9078014184397,86.04255319148936,7.9503546099290645,0.2782608695652174,0
0.6666666666666666,0.43333333333333335,1,0,10,9.0,1.0,182.94326241134752,136.93617021276597,58.41134751773049,12.404255319148945,0.28599033816425123,0
0.6333333333333333,0.4,1,0,11,10.0,1.0,144.36879432624116,151.1205673758865,11.751773049645408,18.50354609929076,0.2995169082125604,0
0.6,0.4,2,0,11,11.0,1.0,124.36879432624113,168.84397163120568,-12.524822695035454,31.950354609929093,0.32753623188405795,0
0.6,0.4,2,0,11,11.0,1.0,121.73758865248227,178.70212765957444,-9.58156028368795,47.38297872340422,0.34299516908212563,0
0.6,0.3333333333333333,2,0,11,10.0,0.8571428571428571,127.36879432624114,181.12765957446808,-3.1418439716311894,50.61702127659575,0.3545893719806763,0
0.5,0.3333333333333333,1,0,11,10.0,1.0,131.34751773049643,180.63829787234042,-17.63120567375887,31.65957446808511,0.3652173913043478,0
0.4666666666666667,0.36666666666666664,0,0,11,11.0,1.0,133.60992907801418,181.20567375886526,-40.26241134751774,7.333333333333343,0.37584541062801935,0
0.5,0.36666666666666664,0,0,11,11.0,1.0,132.9078014184397,165.47517730496455,-50.773049645390074,-18.20567375886523,0.38743961352657,0
0.5,0.36666666666666664,0,0,11,11.0,0.8571428571428571,136.93617021276597,139.80851063829786,-41.61702127659572,-38.74468085106383,0.3932367149758454,0
0.5,0.36666666666666664,0,0,11,11.0,0.8333333333333334,151.1205673758865,122.61702127659574,-30.02836879432627,-58.53191489361704,0.37681159420289856,0
0.5,0.36666666666666664,0,0,11,11.0,1.0,168.84397163120568,132.53900709219857,-13.36879432624113,-49.67375886524823,0.3642512077294686,0
0.9333333333333333,0.9,0,0,11,10.0,1.0,178.70212765957444,152.95744680851064,-1.5531914893617227,-27.297872340425528,0.3536231884057971,0
0.9666666666666667,0.9666666666666667,0,0,11,9.0,0.75,181.12765957446808,164.75886524822695,47.170212765957444,30.801418439716315,0.34299516908212563,0
0.9666666666666667,0.9666666666666667,7,0,11,2.5,0.42857142857142855,180.63829787234042,164.65248226950354,75.42553191489361,59.43971631205673,0.3333333333333333,0
0.9,0.9666666666666667,0,0,11,9.0,0.7777777777777778,181.20567375886526,163.63829787234042,52.52482269503548,34.95744680851064,0.32367149758454106,0
0.5,0.9666666666666667,0,0,11,11.0,1.0,165.47517730496452,165.95035460992906,1.7517730496453794,2.226950354609926,0.3120772946859903,0
0.5,0.4,0,0,11,11.0,1.0,139.80851063829786,171.0,-26.65957446808511,4.531914893617028,0.30241545893719807,0
0.5,0.4,0,0,11,11.0,1.0,122.61702127659574,176.20567375886526,-41.468085106382986,12.120567375886537,0.30144927536231886,0
0.5333333333333333,0.36666666666666664,0,0,11,11.0,1.0,132.53900709219855,180.14893617021275,-30.8652482269504,16.744680851063805,0.3188405797101449,0
0.5,0.36666666666666664,0,0,11,10.0,1.0,152.95744680851064,182.47517730496452,-10.468085106382972,19.049645390070907,0.3294685990338164,0
0.5,0.36666666666666664,0,0,11,9.0,1.0,164.75886524822693,185.5390070921986,-6.262411347517769,14.517730496453908,0.3342995169082126,0
0.5,0.36666666666666664,0,0,11,8.0,1.0,164.65248226950357,188.1205673758865,-13.900709219858129,9.567375886524815,0.34202898550724636,0
0.5,0.36666666666666664,0,0,11,9.0,1.0,163.63829787234042,188.87234042553192,-15.404255319148945,9.829787234042556,0.34879227053140094,0
0.5,0.36666666666666664,0,0,11,10.5,1.0,165.9503546099291,173.77304964539007,-16.90070921985813,-9.078014184397148,0.35555555555555557,0
0.5,0.36666666666666664,0,0,11,11.0,0.8,171.0,144.29078014184395,-14.531914893617028,-41.241134751773075,0.3565217391304348,0
0.43333333333333335,0.36666666666666664,0,0,11,11.0,0.8,176.20567375886526,128.53191489361703,-12.02836879432624,-59.70212765957447,0.34106280193236715,0
0.5333333333333333,0.3333333333333333,0,0,11,11.0,1.0,180.14893617021275,132.52482269503545,-10.446808510638306,-58.0709219858156,0.3352657004830918,0
1.0,0.9666666666666667,0,0,11,11.0,1.0,182.47517730496452,148.7446808510638,-5.3120567375886765,-39.04255319148939,0.3352657004830918,0
1.0,1.0,0,0,11,11.0,0.8571428571428571,185.5390070921986,152.39007092198582,42.60283687943266,9.45390070921988,0.3342995169082126,0
1.0,1.0,0,0,11,4.0,0.5333333333333333,188.1205673758865,151.68794326241132,85.97163120567375,49.53900709219856,0.3333333333333333,0
0.8,1.0,0,0,11,8.0,0.8888888888888888,188.87234042553192,152.9078014184397,48.36170212765958,12.39716312056737,0.3333333333333333,0
0.6,1.0,1,0,11,11.0,1.0,173.77304964539007,155.31205673758865,18.858156028368796,0.39716312056737024,0.3323671497584541,0
0.6,0.36666666666666664,2,0,11,10.5,0.875,144.29078014184395,159.61702127659575,-6.517730496453908,8.80851063829789,0.3333333333333333,0
0.5666666666666667,0.36666666666666664,2,0,11,11.0,0.875,152.39007092198582,184.85106382978725,-6.269503546099287,26.19148936170214,0.36038647342995167,0
0.5333333333333333,0.36666666666666664,1,0,11,11.0,1.0,151.68794326241132,184.56737588652481,-14.035460992907815,18.843971631205676,0.36135265700483093,0
0.5333333333333333,0.36666666666666664,0,0,11,11.0,1.0,152.9078014184397,182.97872340425533,-20.17730496453902,9.893617021276611,0.3642512077294686,0
0.5,0.36666666666666664,0,0,11,11.0,0.8571428571428571,155.31205673758868,175.34751773049643,-27.79432624113474,-7.758865248226982,0.3652173913043478,0
0.4666666666666667,0.36666666666666664,0,0,11,11.0,0.8571428571428571,159.61702127659575,154.34751773049646,-26.57446808510639,-31.843971631205676,0.36038647342995167,0
0.5,0.36666666666666664,0,0,11,11.0,0.8571428571428571,165.822695035461,140.67375886524823,-19.432624113475157,-44.581560283687935,0.34106280193236715,0
0.4666666666666667,0.36666666666666664,0,0,11,10.0,1.0,173.97163120567373,149.31914893617022,-8.283687943262436,-32.936170212765944,0.33043478260869563,0
0.7333333333333333,0.8333333333333334,0,0,11,9.0,1.0,180.79432624113474,172.60283687943263,-0.6312056737588705,-8.822695035460981,0.32270531400966185,0
0.8666666666666667,0.8666666666666667,0,0,11,8.0,0.8571428571428571,184.85106382978725,187.84397163120568,22.489361702127667,25.482269503546092,0.3101449275362319,0
0.9,0.9,0,0,11,6.0,0.6153846153846154,184.56737588652481,187.0709219858156,65.31205673758865,67.81560283687944,0.2975845410628019,0
0.9333333333333333,0.9333333333333333,0,0,11,6.0,0.6666666666666666,182.97872340425533,186.77304964539007,42.57446808510639,46.36879432624113,0.2821256038647343,0
0.4666666666666667,0.9333333333333333,0,0,11,7.0,1.0,175.34751773049643,188.58156028368793,-12.950354609929093,0.2836879432624073,0.26666666666666666,0
0.4666666666666667,0.6,0,0,11,9.0,1.0,154.34751773049646,192.2127659574468,-34.758865248226954,3.1063829787233885,0.25217391304347825,0
0.4666666666666667,0.26666666666666666,0,0,11,9.0,1.0,140.67375886524823,200.04964539007094,-45.45390070921985,13.921985815602852,0.24154589371980675,0
0.4666666666666667,0.26666666666666666,0,0,11,9.0,1.0,149.3191489361702,210.22695035460993,-36.65957446808511,24.24822695035462,0.2318840579710145,0
0.4666666666666667,0.26666666666666666,0,0,10,9.0,1.0,172.60283687943263,219.9716312056738,-15.609929078014176,31.758865248226982,0.22318840579710145,0
0.43333333333333335,0.26666666666666666,0,0,9,8.5,1.0,187.84397163120568,225.40425531914892,-3.7092198581560183,33.85106382978722,0.2144927536231884,0
0.43333333333333335,0.23333333333333334,0,0,8,7.5,1.0,187.0709219858156,226.98581560283688,-9.801418439716315,30.113475177304963,0.20579710144927535,0
0.3333333333333333,0.23333333333333334,0,0,7,6.5,0.75,186.77304964539007,226.70212765957444,-24.950354609929065,14.978723404255305,0.19806763285024154,0
0.3,0.23333333333333334,0,0,6,6.0,0.6666666666666666,188.58156028368793,226.27659574468086,-33.50354609929079,4.191489361702139,0.20966183574879227,0
1.0,0.9666666666666667,0,0,9,6.5,1.0,225.5390070921986,204.33333333333334,15.581560283687963,-5.624113475177296,0.13140096618357489,1
0.5666666666666667,0.36666666666666664,0,0,11,7.0,0.8,223.3049645390071,174.42553191489358,32.94326241134752,-15.936170212766001,0.1671497584541063,1
0.6,0.36666666666666664,0,0,11,6.5,0.8333333333333334,221.67375886524823,182.36879432624116,41.09929078014184,1.794326241134769,0.18454106280193236,0
0.6333333333333333,0.36666666666666664,0,0,11,6.0,0.7142857142857143,214.86524822695037,192.80851063829786,45.56737588652484,23.510638297872333,0.19903381642512077,0
0.6,0.36666666666666664,0,0,11,6.5,0.8333333333333334,204.07092198581563,198.85106382978722,32.60283687943266,27.38297872340425,0.2106280193236715,0
0.6,0.2,0,0,11,6.5,1.0,191.83687943262416,197.72340425531914,21.07092198581566,26.95744680851064,0.21932367149758455,0
0.5666666666666667,0.3,0,0,11,6.0,1.0,180.07801418439715,187.84397163120568,-0.9645390070922133,6.801418439716315,0.22415458937198068,0
0.5333333333333333,0.3,0,0,11,11.0,1.0,173.78014184397162,172.1631205673759,-21.517730496453908,-23.13475177304963,0.22995169082125605,0
0.43333333333333335,0.3,0,0,11,6.0,1.0,170.51063829787233,160.42553191489364,-31.57446808510639,-41.65957446808508,0.23478260869565218,0
0.4666666666666667,0.3333333333333333,0,0,11,8.5,1.0,174.42553191489364,158.45390070921985,-24.744680851063805,-40.71631205673759,0.23381642512077294,0
0.6,0.6666666666666666,0,0,11,7.0,1.0,182.3687943262411,168.06382978723403,-9.546099290780177,-23.85106382978725,0.23381642512077294,0
0.7333333333333333,0.6333333333333333,0,0,11,5.0,1.0,192.80851063829786,182.58156028368793,20.361702127659555,10.13475177304963,0.23285024154589373,0
0.6666666666666666,0.6333333333333333,0,0,11,5.0,1.0,198.85106382978722,197.177304964539,46.72340425531914,45.04964539007091,0.2289855072463768,0
0.6666666666666666,0.6,0,0,11,5.0,1.0,197.72340425531914,199.9716312056738,41.021276595744666,43.269503546099315,0.22318840579710145,0
0.6666666666666666,0.5666666666666667,0,0,11,5.0,1.0,187.84397163120568,197.4964539007092,21.312056737588648,30.964539007092185,0.21545893719806763,0
0.5666666666666667,0.5333333333333333,0,0,11,5.0,1.0,172.1631205673759,197.95744680851064,-8.79432624113474,17.0,0.20483091787439614,0
0.5333333333333333,0.4666666666666667,0,0,11,6.0,1.0,160.42553191489364,208.27659574468086,-39.82978723404253,8.021276595744695,0.1961352657004831,0
0.5333333333333333,0.3333333333333333,0,0,11,8.0,0.6666666666666666,158.45390070921985,218.04255319148936,-51.86524822695037,7.723404255319139,0.18743961352657004,0
0.5333333333333333,0.3333333333333333,0,0,11,3.0,0.4,168.06382978723403,220.7517730496454,-21.27659574468086,31.41134751773052,0.178743961352657,0
0.26666666666666666,0.3,0,0,11,11.0,1.0,220.29078014184395,159.99290780141845,-2.921985815602852,-63.21985815602835,0.18647342995169083,0
0.5,0.3333333333333333,0,0,11,11.0,1.0,220.60283687943263,165.43971631205673,8.092198581560297,-47.0709219858156,0.19033816425120773,0
0.6,0.36666666666666664,0,1,11,6.0,0.8333333333333334,221.354609929078,164.5744680851064,45.184397163120565,-11.595744680851055,0.1932367149758454,0
0.5666666666666667,0.4,0,12,11,7.0,0.8571428571428571,222.14893617021278,163.46808510638297,74.21276595744683,15.531914893617028,0.1961352657004831,0
0.5333333333333333,0.4,0,0,11,8.0,1.0,219.33333333333334,162.92198581560285,52.67375886524823,-3.737588652482259,0.19903381642512077,0
0.5333333333333333,0.43333333333333335,0,0,11,8.5,1.0,203.96453900709218,165.10638297872342,38.581560283687935,-0.2765957446808329,0.20193236714975846,0
0.5333333333333333,0.3,0,0,11,9.0,1.0,178.87234042553192,172.7872340425532,14.595744680851055,8.510638297872333,0.20579710144927535,0
0.5333333333333333,0.3,0,0,11,9.0,1.0,163.5886524822695,183.822695035461,-0.47517730496454647,19.758865248226954,0.21932367149758455,0
0.5333333333333333,0.3,0,0,11,8.5,1.0,159.99290780141843,192.7446808510638,-2.0709219858156303,30.68085106382975,0.22705314009661837,0
0.5,0.3,0,0,11,7.5,1.0,165.43971631205673,196.8439716312057,2.801418439716315,34.20567375886529,0.23671497584541062,0
0.4666666666666667,0.3,0,0,11,7.0,1.0,164.57446808510636,197.8368794326241,-6.0425531914893895,27.21985815602835,0.2463768115942029,0
0.36666666666666664,0.26666666666666666,0,0,11,11.0,1.0,163.468085106383,198.40425531914897,-21.638297872340416,13.297872340425556,0.2579710144927536,0
0.3,0.2,0,0,11,11.0,1.0,162.92198581560282,196.70212765957447,-32.82269503546101,0.9574468085106389,0.26859903381642514,0
0.26666666666666666,0.3,0,0,11,11.0,1.0,192.74468085106386,164.77304964539007,-6.34042553191486,-34.31205673758865,0.26956521739130435,0
0.4666666666666667,0.3333333333333333,0,0,11,11.0,1.0,196.8439716312057,162.39716312056737,4.546099290780177,-29.900709219858157,0.2647342995169082,0
0.5333333333333333,0.36666666666666664,0,10,11,6.5,0.8333333333333334,197.8368794326241,159.00709219858155,43.90070921985816,5.070921985815602,0.2599033816425121,0
0.4666666666666667,0.36666666666666664,0,0,11,8.0,1.0,198.40425531914897,156.85815602836877,32.446808510638334,-9.099290780141871,0.2531400966183575,0
0.5,0.4,0,0,11,8.5,1.0,196.70212765957444,157.18439716312056,30.978723404255305,-8.539007092198574,0.24734299516908212,0
0.5,0.3,0,0,11,9.5,1.0,181.77304964539007,162.95744680851064,19.134751773049658,0.31914893617022244,0.242512077294686,0
0.5333333333333333,0.3333333333333333,0,10,11,10.0,1.0,170.7304964539007,173.1985815602837,11.900709219858157,14.368794326241158,0.24057971014492754,0
0.5333333333333333,0.3333333333333333,0,10,11,10.0,1.0,161.87234042553192,184.74468085106386,6.319148936170222,29.191489361702168,0.2492753623188406,0
0.5,0.3333333333333333,0,10,11,7.5,0.75,164.77304964539007,192.53191489361703,8.581560283687935,36.34042553191489,0.26763285024154587,0
0.5,0.3,0,10,11,8.5,0.8333333333333334,162.39716312056737,195.42553191489364,2.5886524822695094,35.61702127659578,0.2811594202898551,0
0.43333333333333335,0.3,0,4,11,9.0,1.0,159.00709219858155,195.645390070922,-13.86524822695037,22.773049645390074,0.29082125603864734,0
0.36666666666666664,0.23333333333333334,0,4,11,11.0,1.0,156.8581560283688,195.3404255319149,-30.05673758865248,8.425531914893611,0.2995169082125604,0
0.6666666666666666,0.5666666666666667,0,9,11,11.0,1.0,195.42553191489364,147.6241134751773,4.914893617021306,-42.88652482269504,0.3140096618357488,0
0.7,0.6,0,9,11,6.0,0.7142857142857143,195.645390070922,153.2695035460993,43.21985815602838,0.843971631205676,0.30917874396135264,0
0.7333333333333333,0.6333333333333333,0,9,11,6.0,0.5454545454545454,195.3404255319149,152.89361702127658,79.12765957446808,36.68085106382978,0.30434782608695654,0
0.7666666666666667,0.6333333333333333,0,9,11,7.0,0.6666666666666666,193.645390070922,153.82978723404256,58.92198581560285,19.106382978723417,0.2975845410628019,0
0.5,0.6333333333333333,0,9,11,8.0,1.0,179.41843971631207,155.7872340425532,23.652482269503565,0.02127659574469476,0.293719806763285,0
0.5333333333333333,0.3,0,3,11,9.0,1.0,153.04964539007094,159.5744680851064,0.6666666666666856,7.191489361702139,0.29178743961352654,0
0.5333333333333333,0.26666666666666666,0,3,11,10.0,1.0,134.45390070921985,167.6241134751773,-17.20567375886526,15.964539007092185,0.293719806763285,0
0.5333333333333333,0.26666666666666666,0,3,11,9.5,1.0,135.56737588652481,178.07801418439715,-19.070921985815602,23.43971631205673,0.3101449275362319,0
0.5333333333333333,0.26666666666666666,0,3,11,8.5,1.0,147.6241134751773,186.177304964539,-7.567375886524843,30.98581560283685,0.32270531400966185,0
0.5,0.26666666666666666,0,3,11,8.0,1.0,153.2695035460993,189.59574468085103,-4.262411347517741,32.063829787234,0.32560386473429953,0
0.43333333333333335,0.23333333333333334,0,8,11,7.0,1.0,152.89361702127658,187.98581560283688,-13.106382978723417,21.98581560283688,0.32753623188405795,0
0.36666666666666664,0.2,0,8,11,8.5,0.75,153.82978723404256,186.2482269503546,-25.510638297872333,6.907801418439703,0.3294685990338164,0
0.4,0.23333333333333334,0,8,11,11.0,1.0,186.177304964539,168.09929078014184,1.0921985815602682,-16.98581560283688,0.2927536231884058,0
1.0333333333333334,0.3333333333333333,0,8,11,11.0,0.6666666666666666,189.59574468085103,188.177304964539,20.468085106382944,19.049645390070907,0.2821256038647343,0
1.0333333333333334,0.3,0,7,11,3.0,0.4444444444444444,187.98581560283688,187.4468085106383,74.0709219858156,73.53191489361703,0.27053140096618356,0
1.0333333333333334,0.3,0,7,11,7.0,0.7142857142857143,186.2482269503546,186.57446808510636,59.14184397163119,59.46808510638296,0.2599033816425121,0
0.43333333333333335,0.3,0,0,11,8.0,1.0,179.42553191489364,186.90070921985816,-9.57446808510636,-2.0992907801418426,0.25024154589371983,0
0.43333333333333335,0.3333333333333333,0,0,11,9.0,1.0,156.04255319148936,189.8794326241135,-32.14893617021278,1.687943262411352,0.24154589371980675,0
0.43333333333333335,0.3,0,0,11,10.0,1.0,136.7163120567376,197.56737588652481,-50.624113475177296,10.226950354609926,0.23285024154589373,0
0.43333333333333335,0.3,0,0,11,9.5,0.8333333333333334,143.3404255319149,208.47517730496452,-43.46808510638297,21.666666666666657,0.2289855072463768,0
0.43333333333333335,0.3,0,0,11,9.0,0.8333333333333334,168.09929078014184,217.07801418439715,-17.475177304964546,31.50354609929076,0.24347826086956523,0
0.43333333333333335,0.3,0,0,11,8.0,0.8333333333333334,188.177304964539,220.1631205673759,-0.14184397163123208,31.843971631205676,0.25217391304347825,0
0.43333333333333335,0.3,0,0,11,7.0,1.0,187.4468085106383,219.8156028368794,-8.297872340425528,24.070921985815573,0.2541062801932367,0
0.36666666666666664,0.3,0,0,11,8.5,1.0,186.57446808510636,219.05673758865248,-22.063829787234056,10.418439716312065,0.2560386473429952,0
0.23333333333333334,0.23333333333333334,0,0,11,11.0,1.0,186.90070921985816,219.51773049645394,-34.141843971631204,-1.5248226950354251,0.2589371980676328,0
0.6666666666666666,0.5666666666666667,0,0,11,11.0,1.0,220.1631205673759,159.33333333333334,0.8865248226950371,-59.94326241134752,0.23478260869565218,0
0.7,0.6,0,0,11,8.5,0.6666666666666666,219.8156028368794,170.8368794326241,42.51773049645388,-6.460992907801426,0.22995169082125605,0
0.7333333333333333,0.6,0,12,11,6.0,0.5454545454545454,219.05673758865248,169.3758865248227,93.71631205673759,44.035460992907815,0.22415458937198068,0
0.7666666666666667,0.6333333333333333,0,13,11,8.0,0.8571428571428571,219.51773049645394,169.51063829787233,84.26241134751777,34.25531914893617,0.21835748792270532,0
0.5333333333333333,0.6333333333333333,0,0,11,10.0,1.0,205.2836879432624,170.9716312056738,31.900709219858157,-2.411347517730462,0.2135265700483092,0
0.5333333333333333,0.26666666666666666,0,0,11,10.0,1.0,173.9716312056738,175.52482269503548,4.609929078014204,6.163120567375898,0.2106280193236715,0
0.5333333333333333,0.3,0,0,11,10.0,1.0,145.96453900709218,183.7872340425532,-23.801418439716315,14.021276595744695,0.20966183574879227,0
0.5333333333333333,0.3,0,0,11,10.0,1.0,144.6595744680851,194.41843971631204,-24.34042553191489,25.418439716312037,0.2144927536231884,0
0.5,0.3,0,0,11,9.0,1.0,159.33333333333334,203.0,-10.432624113475157,33.2340425531915,0.2289855072463768,0
0.5,0.3,0,0,11,9.5,1.0,170.8368794326241,207.3758865248227,-3.3120567375886765,33.226950354609926,0.23768115942028986,0
0.4666666666666667,0.26666666666666666,0,0,11,9.0,1.0,169.3758865248227,207.3758865248227,-13.283687943262407,24.716312056737593,0.24734299516908212,0
0.4,0.23333333333333334,0,0,11,11.0,1.0,169.51063829787233,206.1914893617021,-25.04255319148936,11.638297872340416,0.2579710144927536,0
0.36666666666666664,0.3333333333333333,0,0,11,11.0,1.0,207.3758865248227,165.3758865248227,8.716312056737593,-33.28368794326241,0.2618357487922705,0
0.5666666666666667,0.36666666666666664,0,0,11,11.0,1.0,207.37588652482268,163.20567375886523,29.39716312056737,-14.773049645390074,0.2570048309178744,0
0.6,0.4,0,12,11,8.0,0.8571428571428571,206.1914893617021,161.84397163120568,62.29787234042553,17.950354609929093,0.25024154589371983,0
0.5666666666666667,0.4,0,0,11,9.0,1.0,203.18439716312056,162.30496453900707,35.460992907801426,-5.418439716312065,0.24444444444444444,0
0.5666666666666667,0.4,0,0,11,10.0,1.0,193.82978723404256,165.54609929078012,29.2340425531915,0.9503546099290645,0.2396135265700483,0
0.5666666666666667,0.3,0,0,11,10.0,1.0,173.51063829787233,172.04964539007094,9.702127659574472,8.241134751773075,0.23671497584541062,0
0.5333333333333333,0.3,0,0,11,10.0,1.0,163.19858156028366,182.85106382978725,1.9858156028368512,21.638297872340445,0.2541062801932367,0
0.5333333333333333,0.3,0,0,11,8.0,0.8888888888888888,158.73758865248226,194.35460992907804,-1.7730496453900741,33.843971631205704,0.2618357487922705,0
0.5333333333333333,0.3,0,0,11,10.0,1.0,165.37588652482268,203.79432624113474,0.18439716312053633,38.6028368794326,0.2714975845410628,0
0.5,0.3,0,0,11,9.0,1.0,163.20567375886523,206.62411347517732,-7.730496453900713,35.68794326241138,0.28019323671497587,0
0.43333333333333335,0.23333333333333334,0,0,11,8.5,1.0,161.84397163120568,206.2836879432624,-18.17730496453902,26.262411347517713,0.28695652173913044,0
0.26666666666666666,0.2,0,0,11,9.5,1.0,162.30496453900707,200.60283687943263,-35.29078014184398,3.0070921985815744,0.293719806763285,0
0.26666666666666666,0.5666666666666667,0,0,11,11.0,1.0,194.354609929078,164.8085106382979,-10.070921985815602,-39.61702127659572,0.28888888888888886,0
0.7,0.6,0,0,11,8.0,1.0,203.79432624113474,165.66666666666666,12.496453900709213,-25.63120567375887,0.2811594202898551,0
0.7333333333333333,0.6333333333333333,0,11,11,5.0,0.6363636363636364,206.6241134751773,164.12056737588654,85.85815602836878,43.35460992907802,0.27246376811594203,0
0.5333333333333333,0.6333333333333333,0,0,11,7.0,1.0,206.2836879432624,163.7517730496454,45.36879432624113,2.83687943262413,0.263768115942029,0
0.5,0.6666666666666666,0,0,11,7.5,1.0,200.6028368794326,166.2553191489362,33.90070921985813,-0.4468085106382773,0.2531400966183575,0
0.5,0.3,0,0,11,9.0,1.0,172.1631205673759,171.67375886524823,5.354609929078038,4.865248226950371,0.24444444444444444,0
0.5,0.3,0,0,11,9.5,1.0,157.6595744680851,179.6241134751773,-5.829787234042556,16.13475177304963,0.23864734299516907,0
0.5,0.3,0,0,11,9.0,0.8571428571428571,149.46099290780143,189.531914893617,-12.60283687943263,27.468085106382944,0.23671497584541062,0
0.4666666666666667,0.3,0,0,11,8.0,0.8571428571428571,164.80851063829786,197.75886524822695,-0.8936170212766115,32.05673758865248,0.26280193236714977,0
0.5,0.26666666666666666,0,0,11,8.0,1.0,165.66666666666666,202.20567375886523,-5.333333333333343,31.20567375886523,0.28405797101449276,0
0.43333333333333335,0.26666666666666666,0,5,11,7.0,1.0,164.1205673758865,203.67375886524823,-14.198581560283714,25.35460992907801,0.29082125603864734,0
0.36666666666666664,0.23333333333333334,0,5,11,11.0,1.0,163.7517730496454,204.60992907801418,-25.801418439716286,15.056737588652481,0.2966183574879227,0
0.36666666666666664,0.9333333333333333,0,4,11,11.0,1.0,202.20567375886523,156.1205673758865,6.439716312056731,-39.64539007092199,0.2772946859903382,0
1.0,1.0333333333333334,0,4,11,8.5,0.75,203.67375886524823,181.91489361702125,19.843971631205676,-1.9148936170213062,0.26956521739130435,0
1.0333333333333334,1.0333333333333334,0,10,11,2.0,0.4,204.60992907801418,189.48226950354606,126.1418439716312,111.01418439716309,0.2608695652173913,0
1.0333333333333334,1.0333333333333334,0,8,11,6.0,0.5833333333333334,202.23404255319147,189.6312056737589,88.78723404255318,76.18439716312061,0.2541062801932367,0
0.5666666666666667,1.0333333333333334,0,0,11,8.0,1.0,195.13475177304963,190.85106382978725,28.432624113475157,24.148936170212778,0.24734299516908212,0
0.43333333333333335,0.4,0,0,11,8.0,1.0,152.68794326241135,192.08510638297875,-35.52482269503545,3.872340425531945,0.24057971014492754,0
0.43333333333333335,0.3,0,0,11,9.0,1.0,125.2482269503546,194.28368794326244,-65.58156028368795,3.45390070921988,0.23671497584541062,0
0.4666666666666667,0.3,0,0,11,9.5,1.0,119.53900709219859,197.88652482269504,-69.86524822695036,8.482269503546092,0.24830917874396136,0
0.43333333333333335,0.3,0,0,11,9.0,1.0,156.1205673758865,205.11347517730496,-32.5390070921986,16.45390070921985,0.26666666666666666,0
0.43333333333333335,0.3,0,0,11,8.0,1.0,181.91489361702125,211.59574468085108,-12.574468085106417,17.106382978723417,0.2811594202898551,0
0.4,0.3,0,0,11,7.5,1.0,189.48226950354612,213.47517730496452,-3.624113475177296,20.3687943262411,0.2946859903381642,0
0.36666666666666664,0.3,0,0,11,6.0,1.0,189.6312056737589,214.1631205673759,-5.624113475177268,18.907801418439732,0.3072463768115942,0
0.3,0.2,0,0,11,6.0,1.0,190.85106382978725,214.01418439716312,-14.446808510638277,8.716312056737593,0.3188405797101449,0
0.8,0.5333333333333333,0,0,11,10.0,1.0,211.59574468085108,132.9148936170213,-2.659574468085083,-81.34042553191486,0.3130434782608696,0
0.8666666666666667,0.5333333333333333,0,0,11,5.0,0.625,213.47517730496455,132.60992907801418,66.66666666666669,-14.198581560283685,0.314975845410628,0
0.8666666666666667,0.5666666666666667,2,0,11,6.0,0.6363636363636364,214.1631205673759,131.43262411347519,95.22695035460994,12.496453900709227,0.3169082125603865,0
0.6333333333333333,0.5666666666666667,3,0,11,7.5,0.875,214.01418439716312,132.0921985815603,85.31205673758865,3.3900709219858243,0.3188405797101449,0
0.5333333333333333,0.5666666666666667,4,0,11,9.0,1.0,192.63829787234042,137.4113475177305,56.57446808510636,1.3475177304964348,0.3207729468599034,0
0.5333333333333333,0.36666666666666664,4,0,11,10.0,1.0,160.0,143.99290780141845,26.021276595744695,10.014184397163149,0.32367149758454106,0
0.5666666666666667,0.3333333333333333,4,0,11,11.0,0.8571428571428571,131.48226950354612,152.61702127659575,3.6950354609929263,24.829787234042556,0.3294685990338164,0
0.5333333333333333,0.3333333333333333,4,0,11,11.0,0.8571428571428571,127.90070921985817,162.47517730496455,-4.631205673758856,29.94326241134752,0.3526570048309179,0
0.5333333333333333,0.3333333333333333,4,0,11,11.0,1.0,132.91489361702125,172.02127659574467,-3.0425531914893895,36.06382978723403,0.37681159420289856,0
0.5333333333333333,0.36666666666666664,4,0,11,11.0,1.0,132.60992907801418,178.3758865248227,-11.134751773049658,34.63120567375887,0.3826086956521739,0
0.5666666666666667,0.36666666666666664,3,0,11,11.0,1.0,131.43262411347519,181.14184397163123,-20.843971631205676,28.86524822695037,0.3893719806763285,0
0.5666666666666667,0.36666666666666664,0,0,11,9.0,1.0,132.0921985815603,179.6950354609929,-29.73758865248226,17.865248226950342,0.39903381642512076,0
0.5666666666666667,0.36666666666666664,0,0,11,10.5,1.0,137.4113475177305,169.00709219858155,-35.90780141843973,-4.3120567375886765,0.4096618357487923,0
0.5666666666666667,0.36666666666666664,0,0,11,11.0,1.0,143.99290780141845,144.66666666666666,-36.921985815602824,-36.24822695035462,0.4028985507246377,0
0.5333333333333333,0.36666666666666664,0,0,11,11.0,1.0,152.61702127659575,120.97163120567376,-28.276595744680833,-59.921985815602824,0.391304347826087,0
0.5,0.36666666666666664,0,0,11,11.0,1.0,162.47517730496455,128.2695035460993,-19.141843971631204,-53.34751773049646,0.38357487922705313,0
0.6333333333333333,0.36666666666666664,0,0,11,11.0,1.0,172.02127659574467,150.17021276595744,-4.553191489361723,-26.404255319148945,0.37584541062801935,0
0.9333333333333333,0.36666666666666664,0,0,11,11.0,0.875,178.3758865248227,171.60283687943263,29.54609929078015,22.773049645390074,0.370048309178744,0
0.9333333333333333,0.36666666666666664,9,0,11,9.0,0.5833333333333334,181.14184397163118,171.87234042553192,72.5460992907801,63.27659574468085,0.36135265700483093,0
0.9333333333333333,0.36666666666666664,11,0,11,9.0,0.5833333333333334,179.6950354609929,171.8014184397163,74.20567375886525,66.31205673758863,0.35555555555555557,0
0.5666666666666667,0.4,0,0,11,11.0,1.0,169.00709219858155,173.27659574468086,-1.7163120567375927,2.5531914893617227,0.3497584541062802,0
0.5666666666666667,0.36666666666666664,0,0,11,11.0,1.0,144.66666666666666,174.03546099290782,-29.63120567375887,-0.26241134751771256,0.34299516908212563,0
0.5666666666666667,0.36666666666666664,0,0,11,11.0,1.0,120.97163120567376,174.10638297872342,-48.815602836879435,4.319148936170222,0.3391304347826087,0
0.5666666666666667,0.36666666666666664,0,0,11,11.0,0.875,128.2695035460993,173.354609929078,-43.26241134751774,1.8226950354609812,0.3536231884057971,0
0.5666666666666667,0.4,0,0,11,11.0,1.0,150.17021276595744,176.27659574468086,-23.914893617021278,2.191489361702139,0.3710144927536232,0
0.5,0.4,0,0,11,11.0,0.875,171.60283687943263,178.34751773049643,-2.6099290780141757,4.134751773049629,0.37681159420289856,0
0.5,0.4,0,0,11,11.0,0.875,171.87234042553192,180.75886524822695,-1.9361702127659441,6.950354609929093,0.3826086956521739,0
0.5666666666666667,0.4,0,0,11,11.0,1.0,171.80141843971634,180.354609929078,-2.4964539007091844,6.0567375886524815,0.3893719806763285,0
0.5666666666666667,0.4,0,0,11,11.0,0.8571428571428571,173.27659574468086,172.31914893617022,1.3191489361702224,0.36170212765958354,0.39806763285024155,0
0.6,0.4,0,0,11,11.0,1.0,174.0354609929078,148.43971631205676,-8.539007092198602,-34.13475177304963,0.4038647342995169,0
0.6333333333333333,0.3333333333333333,0,0,11,11.0,0.875,174.10638297872342,118.09929078014186,-6.404255319148916,-62.411347517730476,0.3961352657004831,0
0.6333333333333333,0.36666666666666664,0,0,11,11.0,0.875,173.354609929078,114.04255319148938,-5.83687943262413,-65.14893617021276,0.3855072463768116,0
0.7,0.9333333333333333,0,0,11,11.0,1.0,176.27659574468086,125.29078014184397,-5.085106382978722,-56.070921985815616,0.3893719806763285,0
1.0,0.9333333333333333,0,0,11,11.0,1.0,178.34751773049643,141.56028368794327,21.94326241134749,-14.843971631205676,0.3922705314009662,0
1.0,0.9333333333333333,1,0,11,6.0,0.5,180.75886524822695,140.34042553191492,73.20567375886525,32.78723404255321,0.3922705314009662,0
1.0,0.9333333333333333,2,0,11,6.5,0.5,180.354609929078,140.31914893617022,90.01418439716312,49.978723404255334,0.3884057971014493,0
0.6,0.9333333333333333,3,0,11,11.0,1.0,172.31914893617022,142.31205673758868,28.085106382978722,-1.9219858156028238,0.3893719806763285,0
0.6333333333333333,0.5,4,0,11,11.0,1.0,148.43971631205673,147.09929078014184,7.141843971631204,5.801418439716315,0.3884057971014493,0
0.6,0.43333333333333335,4,0,11,11.0,1.0,118.09929078014186,153.97163120567373,-21.04964539007092,14.822695035460953,0.3893719806763285,0
0.5666666666666667,0.43333333333333335,4,0,11,11.0,1.0,114.04255319148938,165.177304964539,-26.531914893617014,24.6028368794326,0.39516908212560387,0
0.5666666666666667,0.43333333333333335,4,0,11,11.0,1.0,125.29078014184397,174.67375886524823,-15.943262411347533,33.43971631205673,0.4106280193236715,0
0.5333333333333333,0.43333333333333335,4,0,11,11.0,1.0,141.56028368794327,182.85815602836882,-3.5673758865248146,37.73049645390074,0.41256038647342996,0
0.6,0.43333333333333335,4,0,11,11.0,1.0,140.3404255319149,184.68794326241132,-14.595744680851055,29.75177304964538,0.41256038647342996,0
0.6,0.43333333333333335,3,0,11,11.0,1.0,140.31914893617022,184.7375886524823,-21.531914893617,22.886524822695065,0.4115942028985507,0
0.5333333333333333,0.4,0,0,11,11.0,1.0,142.31205673758865,181.65248226950357,-36.432624113475185,2.907801418439732,0.4115942028985507,0
0.5333333333333333,0.4,0,0,11,11.0,1.0,147.09929078014184,169.18439716312056,-36.32624113475177,-14.241134751773046,0.4096618357487923,0
0.5333333333333333,0.4,0,0,11,11.0,1.0,153.97163120567373,143.56028368794327,-32.432624113475214,-42.843971631205676,0.3922705314009662,0
0.5333333333333333,0.4,0,0,11,10.0,1.0,165.177304964539,143.48936170212767,-19.05673758865251,-40.74468085106383,0.3739130434782609,0
0.5666666666666667,0.4,0,0,11,9.0,1.0,174.67375886524823,157.01418439716312,-8.900709219858157,-26.56028368794327,0.36618357487922704,0
0.8,0.9666666666666667,0,0,11,8.0,1.0,182.85815602836882,184.39007092198582,5.709219858156047,7.241134751773046,0.3545893719806763,0
1.0333333333333334,1.0333333333333334,0,0,11,7.0,0.9090909090909091,184.68794326241132,187.70921985815605,37.85815602836877,40.87943262411349,0.34106280193236715,0
1.0333333333333334,1.0333333333333334,0,0,11,6.0,0.75,184.7375886524823,186.90070921985816,78.03546099290782,80.19858156028369,0.32657004830917874,0
0.5,1.0333333333333334,0,0,11,8.0,1.0,181.65248226950357,186.47517730496452,4.716312056737621,9.539007092198574,0.3120772946859903,0
0.4666666666666667,1.0333333333333334,0,0,11,9.0,1.0,169.18439716312056,188.61702127659575,-18.21985815602838,1.2127659574468055,0.2975845410628019,0
0.4666666666666667,0.3,0,0,11,9.5,1.0,143.56028368794327,193.43262411347519,-45.26950354609929,4.60283687943263,0.28599033816425123,0
0.4666666666666667,0.3,0,0,11,11.0,1.0,143.48936170212767,202.86524822695037,-43.404255319148916,15.971631205673788,0.2772946859903382,0
0.4666666666666667,0.3,0,0,11,11.0,1.0,157.01418439716312,212.48226950354606,-27.964539007092185,27.50354609929076,0.26956521739130435,0
0.4666666666666667,0.3,0,0,11,9.5,1.0,184.39007092198582,219.822695035461,-3.16312056737587,32.269503546099315,0.26280193236714977,0
0.4666666666666667,0.3,0,0,11,9.0,1.0,187.709219858156,221.43262411347519,-5.609929078014233,28.113475177304963,0.2579710144927536,0
0.43333333333333335,0.3,0,0,11,11.0,1.0,186.90070921985816,221.29787234042556,-12.524822695035454,21.872340425531945,0.25217391304347825,0
0.3333333333333333,0.3,0,0,11,11.0,1.0,186.47517730496452,221.12765957446808,-29.375886524822704,5.276595744680861,0.24734299516908212,0
1.0333333333333334,1.0333333333333334,0,0,11,11.0,1.0,219.91489361702125,190.4468085106383,24.893617021276555,-4.574468085106389,0.24057971014492754,1
0.2,0.8333333333333334,0,0,11,11.0,1.0,216.67375886524823,142.1205673758865,-6.049645390070907,-80.60283687943263,0.3217391304347826,0
0.8666666666666667,0.8666666666666667,0,0,11,11.0,1.0,220.63120567375884,162.75886524822695,3.7163120567375643,-54.156028368794324,0.31980676328502416,0
0.9,0.8666666666666667,0,3,11,2.0,0.42857142857142855,221.40425531914892,167.7304964539007,132.38297872340422,78.70921985815603,0.3178743961352657,0
0.9333333333333333,0.9,0,11,11,2.0,0.42857142857142855,222.38297872340425,166.7446808510638,116.31914893617021,60.68085106382976,0.3159420289855073,0
0.5,0.9,0,0,11,9.5,1.0,220.95035460992906,168.354609929078,70.65248226950354,18.05673758865248,0.293719806763285,0
0.4666666666666667,0.9333333333333333,0,0,11,9.0,1.0,176.21985815602838,171.65248226950357,6.21985815602838,1.6524822695035652,0.26956521739130435,0
0.4666666666666667,0.3,0,0,11,10.0,1.0,137.33333333333334,179.29787234042553,-30.645390070921962,11.319148936170222,0.25120772946859904,0
0.4666666666666667,0.3,0,0,11,10.0,1.0,115.12765957446807,189.29787234042553,-50.085106382978736,24.085106382978722,0.25217391304347825,0
0.4666666666666667,0.3,0,0,11,9.0,1.0,142.12056737588654,199.75177304964538,-24.921985815602824,32.70921985815602,0.26570048309178745,0
0.43333333333333335,0.3,0,0,11,8.0,1.0,162.75886524822695,204.80851063829786,-10.049645390070907,32.0,0.2811594202898551,0
0.4,0.26666666666666666,0,0,11,7.0,1.0,167.7304964539007,205.9645390070922,-7.375886524822704,30.858156028368796,0.2898550724637681,0
0.3333333333333333,0.26666666666666666,0,0,11,6.0,1.0,166.7446808510638,206.13475177304966,-23.2340425531915,16.156028368794352,0.2995169082125604,0
0.23333333333333334,0.2,0,0,11,11.0,1.0,168.354609929078,207.47517730496452,-34.45390070921985,4.666666666666657,0.3101449275362319,0
0.26666666666666666,0.3333333333333333,0,0,11,11.0,1.0,204.8085106382979,155.99290780141843,-4.361702127659555,-53.17730496453902,0.2811594202898551,0
0.43333333333333335,0.36666666666666664,0,0,11,8.5,1.0,205.9645390070922,159.54609929078015,12.198581560283714,-34.21985815602835,0.2772946859903382,0
0.5,0.4,0,10,11,4.0,0.5,206.13475177304963,159.75177304964538,50.47517730496452,4.092198581560268,0.2714975845410628,0
0.5333333333333333,0.4,0,10,11,6.0,0.625,207.47517730496455,161.90070921985816,57.34751773049646,11.773049645390074,0.26666666666666666,0
0.5,0.43333333333333335,0,0,11,8.0,1.0,203.30496453900707,163.96453900709218,42.36879432624113,3.0283687943262407,0.2608695652173913,0
0.4666666666666667,0.43333333333333335,0,0,11,8.0,0.8333333333333334,186.1985815602837,168.3049645390071,29.283687943262436,11.390070921985824,0.25507246376811593,0
0.43333333333333335,0.3,0,0,11,9.0,0.8571428571428571,166.5177304964539,175.39007092198582,5.730496453900713,14.60283687943263,0.2541062801932367,0
0.4666666666666667,0.3,0,10,11,9.5,1.0,155.57446808510636,184.31205673758868,-5.978723404255334,22.758865248226982,0.26956521739130435,0
0.43333333333333335,0.3,0,0,11,10.0,1.0,155.99290780141845,192.4113475177305,-7.3687943262411295,29.049645390070907,0.2956521739130435,0
0.36666666666666664,0.26666666666666666,0,0,11,9.5,1.0,159.54609929078012,197.54609929078015,-7.432624113475185,30.567375886524843,0.3072463768115942,0
0.4,0.23333333333333334,0,10,11,10.5,1.0,159.75177304964538,200.70921985815605,-14.82269503546101,26.134751773049658,0.3169082125603865,0
0.3,0.23333333333333334,0,10,11,9.5,1.0,161.90070921985816,202.29787234042556,-22.716312056737593,17.680851063829806,0.3285024154589372,0
0.2,0.2,0,10,11,11.0,1.0,192.41134751773052,144.354609929078,-11.226950354609897,-59.28368794326241,0.3323671497584541,0
0.8666666666666667,0.36666666666666664,0,4,11,8.5,1.0,197.54609929078015,161.93617021276597,-4.7943262411347405,-40.404255319148916,0.32753623188405795,0
0.9,0.36666666666666664,0,10,11,2.5,0.375,200.70921985815605,163.31914893617022,60.70921985815605,23.319148936170222,0.3207729468599034,0
0.9333333333333333,0.36666666666666664,0,10,11,2.5,0.4166666666666667,202.29787234042553,163.09929078014184,92.42553191489361,53.226950354609926,0.3140096618357488,0
0.4666666666666667,0.36666666666666664,0,4,11,7.0,0.8333333333333334,203.07092198581563,163.82978723404256,42.39007092198585,3.148936170212778,0.30917874396135264,0
0.5,0.36666666666666664,0,4,11,7.5,1.0,181.99290780141845,166.41843971631207,19.48226950354612,3.907801418439732,0.30241545893719807,0
0.4666666666666667,0.3,0,4,11,7.0,0.8571428571428571,150.73758865248226,172.89361702127658,-11.879432624113491,10.276595744680833,0.2975845410628019,0
0.4666666666666667,0.3,0,4,11,8.5,0.8333333333333334,136.85106382978722,181.04964539007094,-27.978723404255334,16.21985815602838,0.2975845410628019,0
0.4666666666666667,0.3,0,9,11,9.0,1.0,144.354609929078,188.75886524822695,-17.496453900709213,26.907801418439732,0.32270531400966185,0
0.43333333333333335,0.3,0,9,11,8.0,1.0,161.93617021276597,192.9716312056738,-2.8723404255318883,28.163120567375927,0.3507246376811594,0
0.4,0.26666666666666666,0,9,11,7.5,1.0,163.31914893617022,195.77304964539007,-9.276595744680833,23.17730496453902,0.3536231884057971,0
0.36666666666666664,0.26666666666666666,0,9,11,6.0,0.8333333333333334,163.09929078014184,197.47517730496452,-18.17730496453902,16.198581560283657,0.3565217391304348,0
0.3,0.23333333333333334,0,9,11,5.5,0.75,163.82978723404256,199.14184397163118,-25.446808510638306,9.865248226950314,0.36038647342995167,0
0.43333333333333335,0.9333333333333333,0,3,11,11.0,1.0,192.9716312056738,146.26241134751774,-5.94326241134749,-52.65248226950354,0.314975845410628,0
1.0333333333333334,1.0333333333333334,0,3,11,6.0,1.0,195.77304964539007,188.81560283687944,36.60283687943263,29.64539007092199,0.30144927536231886,0
1.0333333333333334,1.0333333333333334,0,9,11,2.0,0.3333333333333333,197.47517730496452,190.95035460992906,111.36879432624112,104.84397163120566,0.28888888888888886,0
1.0333333333333334,1.0333333333333334,0,9,11,2.0,0.375,199.14184397163118,192.3404255319149,135.0992907801418,128.29787234042553,0.2792270531400966,0
0.43333333333333335,1.0333333333333334,0,0,11,8.0,1.0,186.3049645390071,194.2695035460993,0.7517730496454078,8.716312056737593,0.27053140096618356,0
0.43333333333333335,1.0333333333333334,0,0,11,8.0,1.0,148.06382978723403,198.10638297872342,-41.12765957446811,8.914893617021278,0.26280193236714977,0
0.4,0.26666666666666666,0,0,11,9.0,1.0,103.1063829787234,204.8794326241135,-88.59574468085107,13.177304964539019,0.2560386473429952,0
0.4,0.26666666666666666,0,0,11,9.0,1.0,111.90070921985814,213.2127659574468,-80.0567375886525,21.255319148936167,0.27342995169082124,0
0.4,0.26666666666666666,0,0,11,8.0,1.0,146.26241134751774,221.53191489361703,-47.09929078014184,28.170212765957444,0.2975845410628019,0
0.36666666666666664,0.26666666666666666,0,0,11,7.5,1.0,188.81560283687944,225.85106382978722,-8.673758865248232,28.361702127659555,0.30144927536231886,0
0.36666666666666664,0.26666666666666666,0,0,11,7.0,1.0,190.95035460992906,226.531914893617,-12.517730496453908,23.063829787234027,0.30531400966183575,0
0.3333333333333333,0.26666666666666666,0,0,11,6.0,1.0,192.3404255319149,225.66666666666666,-21.34042553191489,11.98581560283688,0.3111111111111111,0
0.2,0.2,0,0,11,9.0,1.0,194.2695035460993,219.9078014184397,-28.21985815602838,-2.5815602836879634,0.314975845410628,0
0.2,0.8,0,0,11,11.0,1.0,221.53191489361703,152.63829787234042,-4.297872340425528,-73.19148936170214,0.263768115942029,0
0.8666666666666667,0.8666666666666667,0,0,11,11.0,1.0,225.85106382978722,177.70212765957447,16.48936170212764,-31.65957446808511,0.2618357487922705,0
0.9,0.8666666666666667,0,0,11,2.0,0.38461538461538464,226.53191489361703,180.01418439716312,79.95744680851064,33.43971631205673,0.2599033816425121,0
0.9333333333333333,0.9,0,13,11,2.0,0.42857142857142855,225.66666666666666,179.29078014184395,121.34751773049645,74.97163120567375,0.2570048309178744,0
0.4666666666666667,0.9333333333333333,0,0,11,7.5,1.0,219.9078014184397,179.23404255319147,47.4609929078014,6.787234042553166,0.25507246376811593,0
0.4666666666666667,0.9333333333333333,0,0,11,7.5,1.0,193.92198581560285,181.77304964539007,12.773049645390074,0.6241134751772961,0.25507246376811593,0
0.4666666666666667,0.3,0,0,11,7.0,0.8571428571428571,153.41843971631207,188.34751773049643,-26.092198581560268,8.836879432624102,0.25507246376811593,0
0.5,0.3,0,0,11,8.0,0.8333333333333334,141.11347517730496,197.97872340425533,-38.26950354609929,18.595744680851084,0.2589371980676328,0
0.4666666666666667,0.26666666666666666,0,0,11,7.0,1.0,152.63829787234044,205.07801418439718,-26.34042553191486,26.09929078014187,0.2743961352657005,0
0.43333333333333335,0.26666666666666666,0,0,11,7.0,1.0,177.70212765957447,208.36170212765956,-1.6382978723404165,29.021276595744666,0.28599033816425123,0
0.4,0.26666666666666666,0,0,11,7.0,0.8333333333333334,180.01418439716312,208.1631205673759,-6.98581560283688,21.1631205673759,0.2956521739130435,0
0.3,0.23333333333333334,0,0,11,8.5,0.75,179.29078014184395,206.96453900709218,-19.41134751773052,8.262411347517713,0.30531400966183575,0
0.4666666666666667,0.36666666666666664,0,0,11,11.0,1.0,208.36170212765956,162.7730496453901,4.808510638297861,-40.78014184397159,0.28792270531400965,0
0.4666666666666667,0.4,0,0,11,9.0,0.8,208.1631205673759,165.57446808510642,30.035460992907815,-12.553191489361666,0.2811594202898551,0
0.5333333333333333,0.4,0,12,11,6.5,0.625,206.96453900709218,165.7446808510638,65.79432624113474,24.57446808510636,0.2753623188405797,0
0.5666666666666667,0.43333333333333335,0,0,11,8.0,0.7142857142857143,205.29787234042553,166.1205673758865,47.23404255319147,8.056737588652453,0.2714975845410628,0
0.4666666666666667,0.43333333333333335,0,0,11,10.0,1.0,195.4609929078014,167.53191489361703,30.439716312056703,2.510638297872333,0.26956521739130435,0
0.5,0.3333333333333333,0,0,11,9.0,1.0,174.2836879432624,172.6241134751773,9.049645390070907,7.390070921985796,0.26859903381642514,0
0.4666666666666667,0.3,0,0,11,9.0,1.0,159.1205673758865,182.4113475177305,-7.347517730496463,15.943262411347519,0.29082125603864734,0
0.4666666666666667,0.3,0,0,11,9.0,1.0,154.7517730496454,192.97163120567373,-10.78014184397162,27.439716312056703,0.314975845410628,0
0.4666666666666667,0.3,0,0,11,8.0,1.0,162.7730496453901,200.39007092198582,-3.588652482269481,34.02836879432624,0.32270531400966185,0
0.43333333333333335,0.3,0,0,11,7.0,1.0,165.57446808510636,202.73049645390074,-5.127659574468112,32.02836879432627,0.3314009661835749,0
0.36666666666666664,0.26666666666666666,0,0,11,7.0,1.0,165.74468085106383,201.9290780141844,-15.063829787234027,21.120567375886537,0.34009661835748795,0
0.26666666666666666,0.23333333333333334,0,0,11,11.0,1.0,166.1205673758865,200.73758865248226,-29.60283687943263,5.01418439716312,0.34782608695652173,0
0.23333333333333334,0.8333333333333334,0,0,11,9.0,1.0,192.97163120567373,136.75177304964538,-7.007092198581574,-63.226950354609926,0.3516908212560386,0
0.8666666666666667,0.8666666666666667,0,0,11,9.5,1.0,200.39007092198582,155.94326241134752,0.9007092198581574,-43.54609929078015,0.34879227053140094,0
0.9,0.9,0,12,11,2.0,0.42857142857142855,202.7304964539007,160.7163120567376,108.28368794326242,66.2695035460993,0.34299516908212563,0
0.9333333333333333,0.9,0,12,11,2.0,0.42857142857142855,201.92907801418437,159.8014184397163,99.29078014184394,57.163120567375856,0.33816425120772947,0
0.5666666666666667,0.9333333333333333,0,0,11,10.0,1.0,200.7375886524823,161.29078014184395,56.71631205673759,17.26950354609926,0.3323671497584541,0
0.4666666666666667,0.9333333333333333,0,0,11,11.0,1.0,164.63829787234042,165.14893617021275,1.042553191489361,1.5531914893616943,0.32657004830917874,0
0.5,0.3,0,0,11,11.0,1.0,132.19148936170214,171.46808510638297,-28.021276595744666,11.255319148936167,0.3217391304347826,0
0.5,0.3,0,0,11,11.0,1.0,113.70212765957446,180.37588652482268,-44.63829787234043,22.035460992907787,0.31980676328502416,0
0.5,0.3,0,0,11,10.0,1.0,136.7517730496454,190.38297872340422,-24.099290780141814,29.531914893617,0.34299516908212563,0
0.4666666666666667,0.3,0,0,11,10.0,1.0,155.94326241134752,197.22695035460993,-8.737588652482259,32.54609929078015,0.3536231884057971,0
0.4,0.26666666666666666,0,0,11,9.5,1.0,160.71631205673756,198.12765957446808,-9.198581560283714,28.212765957446805,0.35942028985507246,0
0.3333333333333333,0.23333333333333334,0,0,11,9.0,1.0,159.8014184397163,198.17021276595747,-20.007092198581574,18.361702127659612,0.36328502415458935,0
0.3,0.23333333333333334,0,0,11,11.0,1.0,161.29078014184395,196.29787234042553,-30.11347517730499,4.893617021276583,0.3652173913043478,0
0.6333333333333333,0.36666666666666664,0,10,11,11.0,1.0,197.22695035460993,168.0212765957447,2.503546099290787,-26.702127659574444,0.3111111111111111,0
1.0333333333333334,0.36666666666666664,0,10,11,11.0,1.0,198.12765957446808,187.07801418439715,37.936170212765944,26.88652482269501,0.3004830917874396,0
1.0333333333333334,0.36666666666666664,0,10,11,2.0,0.46153846153846156,198.17021276595744,186.41843971631207,91.02127659574468,79.2695035460993,0.2898550724637681,0
1.0333333333333334,0.36666666666666664,0,0,11,7.0,0.8571428571428571,196.29787234042556,186.66666666666666,65.9148936170213,56.28368794326241,0.28019323671497587,0
0.43333333333333335,0.36666666666666664,0,0,11,9.5,1.0,184.99290780141845,187.87234042553192,-2.241134751773046,0.6382978723404165,0.2714975845410628,0
0.4,0.26666666666666666,0,0,11,10.0,1.0,154.02127659574467,190.90070921985816,-32.42553191489364,4.453900709219852,0.2618357487922705,0
0.4,0.26666666666666666,0,0,11,10.5,1.0,132.57446808510636,196.354609929078,-54.978723404255334,8.801418439716315,0.2560386473429952,0
0.4,0.26666666666666666,0,0,11,10.5,1.0,141.5886524822695,204.47517730496452,-43.66666666666666,19.21985815602835,0.263768115942029,0
0.4,0.26666666666666666,0,0,11,10.0,1.0,168.02127659574467,211.85106382978722,-19.170212765957473,24.659574468085083,0.2821256038647343,0
0.4,0.26666666666666666,0,0,11,11.0,1.0,187.07801418439718,215.53191489361703,-4.092198581560268,24.361702127659584,0.29082125603864734,0
0.36666666666666664,0.26666666666666666,0,0,11,11.0,1.0,186.41843971631207,215.354609929078,-7.921985815602824,21.01418439716312,0.30144927536231886,0
0.3333333333333333,0.2,0,0,11,11.0,1.0,186.66666666666666,215.2695035460993,-16.886524822695037,11.716312056737593,0.3140096618357488,0
0.23333333333333334,0.3333333333333333,0,0,11,11.0,1.0,211.85106382978722,131.6595744680851,-4.3617021276595835,-84.5531914893617,0.3333333333333333,0
0.8666666666666667,0.8666666666666667,0,0,11,11.0,1.0,215.531914893617,136.354609929078,10.14893617021275,-69.02836879432624,0.336231884057971,0
0.9,0.8666666666666667,0,0,11,6.0,0.8,215.354609929078,132.4609929078014,62.843971631205676,-20.049645390070935,0.33816425120772947,0
0.9333333333333333,0.9,0,0,11,7.0,0.7142857142857143,215.26950354609926,131.9290780141844,98.97163120567373,15.63120567375887,0.34009661835748795,0
0.7,0.9333333333333333,0,0,11,8.0,1.0,212.1985815602837,134.645390070922,69.24113475177307,-8.312056737588648,0.34202898550724636,0
0.7,0.9333333333333333,0,0,11,9.0,1.0,191.3687943262411,138.6241134751773,55.64539007092196,2.9007092198581574,0.3458937198067633,0
0.7333333333333333,0.3333333333333333,0,0,11,10.0,1.0,158.06382978723403,144.02836879432624,27.680851063829778,13.64539007092199,0.3497584541062802,0
0.7666666666666667,0.3333333333333333,0,0,11,11.0,1.0,137.25531914893617,152.51773049645388,5.978723404255305,21.241134751773018,0.35555555555555557,0
0.7333333333333333,0.3,0,0,11,11.0,1.0,131.6595744680851,163.87234042553192,-2.468085106382972,29.744680851063833,0.3855072463768116,0
0.7,0.26666666666666666,0,0,11,11.0,1.0,136.354609929078,174.59574468085108,-2.177304964539019,36.063829787234056,0.40193236714975844,0
0.6666666666666666,0.3333333333333333,0,0,11,11.0,1.0,132.4609929078014,180.7163120567376,-10.751773049645408,37.50354609929079,0.4106280193236715,0
0.6,0.3333333333333333,0,0,11,11.0,1.0,131.9290780141844,181.59574468085103,-18.41134751773049,31.255319148936138,0.41642512077294686,0
0.5,0.3333333333333333,0,0,11,11.0,1.0,134.645390070922,179.85106382978725,-29.35460992907801,15.85106382978725,0.421256038647343,0
0.43333333333333335,0.3333333333333333,0,0,11,11.0,1.0,138.6241134751773,162.09929078014184,-38.652482269503565,-15.177304964539019,0.4241545893719807,0
0.4666666666666667,0.3333333333333333,0,0,11,11.0,1.0,144.0283687943262,120.14893617021278,-38.48226950354612,-62.361702127659555,0.41545893719806765,0
0.4666666666666667,0.3333333333333333,0,0,11,11.0,1.0,152.51773049645388,98.04964539007092,-29.843971631205704,-84.31205673758866,0.40096618357487923,0
0.4666666666666667,0.3333333333333333,0,0,11,11.0,0.875,163.87234042553192,111.19858156028369,-16.04255319148936,-68.71631205673759,0.39420289855072466,0
1.0333333333333334,1.0333333333333334,0,0,11,11.0,1.0,174.59574468085108,152.58156028368793,-2.6808510638297776,-24.695035460992926,0.38454106280193234,0
1.0333333333333334,1.0333333333333334,0,0,11,11.0,1.0,180.7163120567376,175.47517730496452,51.609929078014176,46.3687943262411,0.3739130434782609,0
1.0333333333333334,1.0333333333333334,10,0,11,3.5,0.5,181.59574468085108,178.98581560283688,127.53191489361704,124.92198581560284,0.3652173913043478,0
1.0333333333333334,1.0333333333333334,0,0,11,11.0,0.8,179.85106382978722,178.6312056737589,68.8723404255319,67.65248226950358,0.357487922705314,0
0.4666666666666667,1.0333333333333334,0,0,11,11.0,1.0,162.09929078014184,176.97872340425533,-6.453900709219852,8.42553191489364,0.34782608695652173,0
0.4666666666666667,0.36666666666666664,0,0,11,11.0,1.0,120.14893617021278,175.34751773049643,-58.06382978723403,-2.8652482269503707,0.3391304347826087,0
0.4666666666666667,0.3333333333333333,0,0,11,11.0,1.0,98.04964539007092,174.8794326241135,-81.60992907801419,-4.78014184397162,0.3342995169082126,0
0.5,0.36666666666666664,0,0,11,11.0,0.8571428571428571,175.34751773049643,160.66666666666666,-8.078014184397176,-22.758865248226954,0.39806763285024155,0
0.5,0.36666666666666664,0,0,11,11.0,0.875,174.8794326241135,129.85106382978722,-10.205673758865231,-55.2340425531915,0.38067632850241545,0
0.5,0.36666666666666664,0,0,11,11.0,1.0,176.07801418439715,117.95744680851062,-10.198581560283714,-68.31914893617024,0.37584541062801935,0
0.4666666666666667,0.5333333333333333,0,0,11,11.0,1.0,179.1560283687943,126.1418439716312,-8.503546099290816,-61.51773049645391,0.37681159420289856,0
1.0333333333333334,0.5333333333333333,0,0,11,10.5,1.0,182.2695035460993,142.11347517730496,8.503546099290787,-31.652482269503537,0.37681159420289856,0
1.0333333333333334,0.5333333333333333,1,0,11,7.0,0.6,184.92907801418437,144.0921985815603,64.35460992907798,23.517730496453908,0.37874396135265703,0
1.0333333333333334,0.5333333333333333,3,0,11,8.0,0.6,186.3404255319149,144.7304964539007,91.12765957446808,49.51773049645391,0.38067632850241545,0
0.5,0.5333333333333333,4,0,11,11.0,1.0,182.56737588652481,147.05673758865248,44.48226950354609,8.97163120567376,0.3826086956521739,0
0.5,0.5333333333333333,5,0,11,11.0,1.0,160.66666666666666,150.56737588652481,15.539007092198574,5.439716312056731,0.38164251207729466,0
0.5,0.36666666666666664,5,0,11,11.0,1.0,129.85106382978722,157.60992907801418,-13.276595744680861,14.482269503546092,0.38164251207729466,0
0.4666666666666667,0.36666666666666664,5,0,11,11.0,1.0,117.95744680851062,168.7304964539007,-26.06382978723407,24.70921985815602,0.39710144927536234,0
0.43333333333333335,0.3333333333333333,5,0,11,11.0,1.0,126.14184397163119,179.60992907801418,-20.90070921985817,32.567375886524815,0.41352657004830917,0
0.43333333333333335,0.3333333333333333,6,0,11,11.0,1.0,142.11347517730496,185.46808510638297,-7.992907801418454,35.361702127659555,0.41256038647342996,0
0.43333333333333335,0.3333333333333333,5,0,11,11.0,1.0,144.0921985815603,186.04255319148936,-10.460992907801398,31.489361702127667,0.4106280193236715,0
0.43333333333333335,0.3333333333333333,4,0,11,11.0,1.0,144.7304964539007,185.52482269503548,-23.43971631205673,17.354609929078038,0.4115942028985507,0
0.43333333333333335,0.3333333333333333,0,0,11,11.0,1.0,147.05673758865248,183.5035460992908,-36.41134751773049,0.035460992907815125,0.4106280193236715,0
0.43333333333333335,0.3333333333333333,0,0,11,11.0,1.0,150.56737588652481,164.68085106382978,-36.624113475177325,-22.51063829787236,0.4067632850241546,0
0.4666666666666667,0.3333333333333333,0,0,11,11.0,1.0,157.60992907801418,145.05673758865245,-28.134751773049658,-40.68794326241138,0.3855072463768116,0
0.4666666666666667,0.3333333333333333,0,0,11,10.0,1.0,168.7304964539007,142.00709219858155,-16.460992907801426,-43.18439716312059,0.36231884057971014,0
0.4666666666666667,0.9333333333333333,0,0,11,9.0,1.0,179.60992907801418,162.2340425531915,-6.028368794326241,-23.404255319148916,0.3497584541062802,0
0.9666666666666667,0.9666666666666667,0,0,11,8.0,1.0,185.468085106383,182.60992907801418,5.787234042553223,2.929078014184398,0.3333333333333333,0
1.0,1.0,0,0,11,6.5,0.6428571428571429,186.04255319148936,188.62411347517732,57.31914893617022,59.900709219858186,0.3188405797101449,0
1.0,1.0,0,0,11,6.0,0.6428571428571429,185.52482269503548,189.89361702127658,58.75886524822697,63.12765957446807,0.30144927536231886,0
0.5333333333333333,1.0,0,0,11,8.0,1.0,183.5035460992908,191.27659574468086,12.97163120567376,20.744680851063833,0.28405797101449276,0
0.4,0.9666666666666667,0,0,11,9.0,1.0,164.68085106382978,193.9078014184397,-24.723404255319167,4.503546099290759,0.26859903381642514,0
0.4,0.26666666666666666,0,0,11,9.5,1.0,145.05673758865248,199.46808510638297,-42.8368794326241,11.574468085106389,0.2541062801932367,0
0.4,0.26666666666666666,0,0,11,10.0,1.0,142.00709219858155,208.11347517730496,-46.56737588652484,19.539007092198574,0.24154589371980675,0
0.4,0.26666666666666666,0,0,11,9.0,1.0,162.2340425531915,216.8014184397163,-30.978723404255305,23.58865248226948,0.2318840579710145,0
0.4,0.26666666666666666,0,0,10,8.0,1.0,182.60992907801418,222.19148936170214,-9.432624113475185,30.148936170212778,0.2222222222222222,0
0.4,0.26666666666666666,0,0,9,7.0,1.0,188.62411347517732,225.28368794326244,-7.8439716312056476,28.815602836879464,0.2135265700483092,0
0.4,0.26666666666666666,0,0,8,7.0,1.0,189.89361702127658,225.73758865248226,-20.0,15.843971631205676,0.2028985507246377,0
0.23333333333333334,0.26666666666666666,0,0,7,7.0,1.0,191.27659574468086,225.14184397163123,-26.702127659574444,7.163120567375927,0.1932367149758454,0
0.8666666666666667,0.9666666666666667,0,0,6,6.0,1.0,224.8014184397163,165.24822695035462,3.7375886524822306,-55.815602836879435,0.18067632850241547,1
0.7,0.7333333333333333,0,0,4,3.0,0.5,165.24822695035462,144.56028368794327,-54.304964539007074,-74.99290780141843,0.2763285024154589,0
0.8,0.8333333333333334,0,0,6,4.0,0.6666666666666666,209.66666666666666,151.8085106382979,35.198581560283685,-22.659574468085083,0.28309178743961355,0
0.8333333333333334,0.8333333333333334,0,7,7,1.0,0.2727272727272727,227.26950354609926,151.84397163120568,129.6312056737588,54.205673758865245,0.29082125603864734,0
0.7,0.8333333333333334,0,7,8,6.0,0.8333333333333334,225.531914893617,152.0921985815603,95.25531914893614,21.815602836879435,0.3004830917874396,0
0.4,0.8333333333333334,0,7,9,7.5,1.0,207.51063829787233,153.4113475177305,56.14893617021275,2.049645390070907,0.30917874396135264,0
0.4,0.3,0,7,9,8.5,1.0,163.88652482269504,157.53900709219857,11.843971631205676,5.496453900709213,0.314975845410628,0
0.4,0.26666666666666666,0,7,9,9.0,1.0,134.12765957446808,165.7163120567376,-17.89361702127661,13.695035460992898,0.2985507246376812,0
0.4,0.26666666666666666,0,7,10,9.0,1.0,126.42553191489363,174.3758865248227,-25.042553191489347,22.907801418439732,0.29178743961352654,0
0.4,0.26666666666666666,0,7,11,8.5,1.0,144.56028368794327,180.04255319148936,-8.226950354609926,27.255319148936167,0.30434782608695654,0
0.4,0.26666666666666666,0,7,11,7.5,1.0,151.8085106382979,181.65248226950357,-4.170212765957416,25.67375886524826,0.3188405797101449,0
0.3333333333333333,0.26666666666666666,0,7,11,7.0,1.0,151.84397163120568,182.14893617021278,-12.007092198581546,18.297872340425556,0.3352657004830918,0
0.3333333333333333,0.23333333333333334,0,7,11,8.5,1.0,152.0921985815603,183.23404255319153,-25.226950354609926,5.914893617021306,0.3507246376811594,0
0.26666666666666666,0.2,0,6,11,11.0,1.0,153.4113475177305,179.89361702127658,-28.54609929078015,-2.063829787234056,0.36618357487922704,0
0.3333333333333333,0.4666666666666667,0,6,11,10.0,1.0,180.04255319148936,143.13475177304963,-4.063829787234056,-40.97163120567379,0.36231884057971014,0
0.6,0.5666666666666667,0,6,11,10.0,0.6666666666666666,181.65248226950357,147.4255319148936,9.524822695035482,-24.702127659574472,0.357487922705314,0
0.6333333333333333,0.5666666666666667,0,6,11,4.5,0.5,182.14893617021278,146.78014184397165,51.72340425531917,16.354609929078038,0.3526570048309179,0
0.6333333333333333,0.5666666666666667,0,6,11,6.5,0.75,183.23404255319147,146.6595744680851,50.021276595744666,13.446808510638306,0.3468599033816425,0
0.43333333333333335,0.5666666666666667,0,6,11,8.0,1.0,179.89361702127658,148.41843971631207,31.72340425531914,0.2482269503546206,0.34106280193236715,0
0.43333333333333335,0.3333333333333333,0,6,11,8.5,1.0,162.21985815602838,150.84397163120568,14.198581560283685,2.822695035460981,0.33719806763285026,0
0.43333333333333335,0.3,0,6,11,9.0,1.0,145.2553191489362,156.07801418439715,-0.8297872340425272,9.992907801418426,0.3342995169082126,0
0.43333333333333335,0.3,0,6,11,9.0,1.0,137.2695035460993,164.00709219858155,-8.964539007092213,17.773049645390046,0.336231884057971,0
0.43333333333333335,0.3,0,6,11,9.0,1.0,143.13475177304963,172.90070921985816,-4.524822695035482,25.241134751773046,0.3497584541062802,0
0.43333333333333335,0.3,0,6,11,8.0,1.0,147.42553191489364,178.86524822695037,-3.936170212765944,27.503546099290787,0.3681159420289855,0
0.43333333333333335,0.3,0,6,11,7.0,1.0,146.78014184397162,180.58156028368796,-6.730496453900713,27.07092198581563,0.37584541062801935,0
0.36666666666666664,0.3,0,6,11,8.5,1.0,146.6595744680851,179.92907801418437,-16.702127659574472,16.567375886524786,0.3826086956521739,0
0.23333333333333334,0.2,0,6,11,11.0,1.0,148.41843971631207,178.82978723404256,-26.730496453900713,3.6808510638297776,0.3893719806763285,0
0.23333333333333334,0.2,0,6,11,11.0,1.0,178.86524822695037,125.09929078014186,0.9078014184397318,-52.85815602836878,0.38164251207729466,0
0.7333333333333333,0.7333333333333333,0,5,11,7.5,1.0,180.58156028368793,139.21985815602835,7.2198581560283515,-34.14184397163123,0.37294685990338167,0
0.8,0.7666666666666667,0,5,11,4.0,0.6666666666666666,179.92907801418437,141.36170212765956,49.01418439716309,10.446808510638277,0.3652173913043478,0
0.8,0.8333333333333334,0,5,11,3.0,0.5,178.82978723404256,142.02836879432627,80.59574468085107,43.79432624113478,0.35845410628019325,0
0.5333333333333333,0.8333333333333334,0,5,11,8.0,1.0,176.51773049645394,143.33333333333334,40.751773049645436,7.567375886524843,0.3516908212560386,0
0.43333333333333335,0.8333333333333334,0,5,11,9.0,1.0,160.74468085106386,144.69503546099293,19.446808510638334,3.3971631205673987,0.3468599033816425,0
0.43333333333333335,0.3,0,5,11,10.0,1.0,134.17021276595744,148.29078014184398,-6.425531914893611,7.695035460992926,0.3458937198067633,0
0.43333333333333335,0.26666666666666666,0,0,11,10.0,1.0,121.63829787234043,158.177304964539,-20.55319148936171,15.985815602836851,0.370048309178744,0
0.43333333333333335,0.26666666666666666,0,0,11,9.0,1.0,125.09929078014183,168.94326241134752,-18.1985815602837,25.64539007092199,0.3884057971014493,0
0.43333333333333335,0.26666666666666666,0,0,11,8.0,1.0,139.21985815602835,178.1631205673759,-5.290780141843982,33.652482269503565,0.3864734299516908,0
0.43333333333333335,0.26666666666666666,0,0,11,7.0,1.0,141.36170212765958,180.645390070922,-4.914893617021278,34.36879432624113,0.38454106280193234,0
0.43333333333333335,0.26666666666666666,0,5,11,8.5,1.0,142.02836879432624,181.8368794326241,-12.056737588652481,27.75177304964538,0.38164251207729466,0
0.36666666666666664,0.26666666666666666,0,0,11,11.0,1.0,143.33333333333334,171.68794326241138,-30.8368794326241,-2.482269503546064,0.37874396135265703,0
0.26666666666666666,0.2,0,5,11,11.0,1.0,144.69503546099293,144.7872340425532,-33.87943262411346,-33.787234042553195,0.3739130434782609,0
0.4,0.9666666666666667,0,4,11,9.0,1.0,168.94326241134752,161.1914893617021,-13.20567375886526,-20.957446808510667,0.32270531400966185,0
1.0,1.0,0,4,11,6.0,0.75,178.1631205673759,193.38297872340422,26.86524822695037,42.085106382978694,0.3072463768115942,0
1.0333333333333334,1.0333333333333334,0,4,11,2.0,0.3333333333333333,180.645390070922,193.57446808510636,79.73049645390071,92.65957446808508,0.29178743961352654,0
1.0333333333333334,1.0333333333333334,0,4,11,2.5,0.4166666666666667,181.83687943262416,193.64539007092196,84.64539007092203,96.45390070921984,0.2772946859903382,0
0.43333333333333335,1.0333333333333334,0,0,11,8.0,1.0,171.68794326241138,193.95744680851064,-21.716312056737564,0.5531914893616943,0.263768115942029,0
0.43333333333333335,0.26666666666666666,0,0,10,9.0,1.0,144.7872340425532,195.88652482269504,-48.19148936170211,2.907801418439732,0.25024154589371983,0
0.4,0.23333333333333334,0,0,10,9.0,1.0,116.46808510638296,200.4964539007092,-77.29787234042554,6.730496453900713,0.2357487922705314,0
0.4,0.23333333333333334,0,0,10,8.5,1.0,130.5035460992908,210.39007092198582,-63.47517730496452,16.41134751773052,0.22318840579710145,0
0.4,0.23333333333333334,0,0,9,8.0,1.0,161.1914893617021,218.7163120567376,-32.00000000000003,25.524822695035454,0.24347826086956523,0
0.4,0.23333333333333334,0,0,8,7.5,1.0,193.38297872340422,225.29787234042556,-1.3191489361702509,30.595744680851084,0.2492753623188406,0
0.4,0.23333333333333334,0,0,7,7.0,1.0,193.57446808510636,225.96453900709218,-6.191489361702139,26.198581560283685,0.2531400966183575,0
0.36666666666666664,0.23333333333333334,0,0,6,6.0,1.0,193.645390070922,225.8085106382979,-13.375886524822704,18.787234042553195,0.2560386473429952,0
0.23333333333333334,0.7333333333333333,0,0,11,11.0,1.0,225.29787234042553,156.0354609929078,0.8085106382978609,-68.45390070921988,0.22608695652173913,0
0.8,0.8333333333333334,0,0,11,7.0,0.5,225.9645390070922,156.8368794326241,24.751773049645408,-44.375886524822704,0.2251207729468599,0
0.8333333333333334,0.8333333333333334,0,9,11,1.0,0.25,225.80851063829786,156.72340425531914,137.17021276595744,68.08510638297871,0.22415458937198068,0
0.43333333333333335,0.8333333333333334,0,9,11,6.5,0.6666666666666666,225.04964539007094,158.15602836879432,71.39007092198582,4.496453900709213,0.22318840579710145,0
0.43333333333333335,0.8333333333333334,0,9,11,8.0,1.0,216.6595744680851,161.0709219858156,59.14893617021278,3.5602836879432687,0.221256038647343,0
0.43333333333333335,0.3,0,9,11,8.5,1.0,171.4468085106383,164.4468085106383,14.510638297872362,7.510638297872362,0.221256038647343,0
0.43333333333333335,0.26666666666666666,0,3,11,9.0,1.0,147.8368794326241,171.9078014184397,-8.226950354609954,15.843971631205648,0.22608695652173913,0
0.4,0.26666666666666666,0,3,11,9.0,1.0,133.2695035460993,181.63120567375884,-23.900709219858157,24.460992907801398,0.24541062801932367,0
0.4,0.26666666666666666,0,3,11,8.5,1.0,156.0354609929078,191.1914893617021,-5.1985815602837135,29.95744680851061,0.2608695652173913,0
0.4,0.26666666666666666,0,3,11,7.5,1.0,156.8368794326241,194.85106382978722,-7.971631205673759,30.04255319148936,0.27342995169082124,0
0.4,0.26666666666666666,0,3,11,7.0,1.0,156.72340425531914,195.6241134751773,-10.574468085106389,28.32624113475177,0.28502415458937197,0
0.3,0.26666666666666666,0,3,11,8.5,1.0,158.15602836879432,195.26950354609926,-25.460992907801426,11.652482269503508,0.2975845410628019,0
0.2,0.2,0,3,11,11.0,1.0,161.0709219858156,185.29787234042553,-32.9078014184397,-8.680851063829778,0.3111111111111111,0
0.5666666666666667,0.5,0,3,11,11.0,1.0,191.1914893617021,156.09929078014184,-3.723404255319167,-38.815602836879435,0.30144927536231886,0
0.6,0.6,0,8,11,6.0,0.6666666666666666,194.85106382978722,159.354609929078,30.170212765957444,-5.326241134751768,0.2956521739130435,0
0.6333333333333333,0.6,0,8,11,3.0,0.4444444444444444,195.6241134751773,158.29787234042553,77.177304964539,39.851063829787236,0.2898550724637681,0
0.43333333333333335,0.6,0,8,11,7.0,0.8333333333333334,195.26950354609926,157.7375886524823,46.97163120567373,9.43971631205676,0.28405797101449276,0
0.4,0.6,0,8,11,8.0,1.0,185.29787234042553,158.7375886524823,25.468085106382972,-1.0921985815602682,0.2792270531400966,0
0.4,0.3,0,2,11,9.0,1.0,159.34751773049643,160.9645390070922,-0.8226950354610096,0.7943262411347689,0.2743961352657005,0
0.4,0.3,0,2,11,9.0,1.0,143.80851063829786,167.9645390070922,-14.255319148936195,9.900709219858157,0.2714975845410628,0
0.4,0.3,0,2,11,9.0,0.8333333333333334,142.19148936170214,176.8014184397163,-14.468085106382972,20.141843971631175,0.29178743961352654,0
0.4,0.3,0,2,11,9.0,1.0,156.09929078014184,185.0921985815603,-2.3900709219858243,26.60283687943263,0.3120772946859903,0
0.4,0.3,0,2,11,8.0,1.0,159.354609929078,187.95744680851067,-1.7092198581560467,26.89361702127661,0.32367149758454106,0
0.4,0.3,0,2,11,7.0,1.0,158.29787234042553,188.68085106382978,-5.042553191489361,25.34042553191489,0.3323671497584541,0
0.3,0.3,0,2,11,6.0,1.0,157.7375886524823,188.94326241134752,-21.75177304964538,9.453900709219852,0.34202898550724636,0
0.2,0.23333333333333334,0,2,11,11.0,1.0,158.7375886524823,188.6950354609929,-28.8368794326241,1.120567375886509,0.3516908212560386,0
0.2,0.7333333333333333,0,7,11,11.0,1.0,185.0921985815603,131.4609929078014,-3.9078014184397034,-57.5390070921986,0.3497584541062802,0
0.7666666666666667,0.7666666666666667,0,7,11,11.0,1.0,187.95744680851067,144.52482269503545,0.6170212765957785,-42.815602836879435,0.3458937198067633,0
0.8,0.8333333333333334,0,7,11,2.0,0.25,188.68085106382978,147.68085106382978,86.7659574468085,45.7659574468085,0.34106280193236715,0
0.8333333333333334,0.8333333333333334,0,7,11,3.0,0.36363636363636365,188.94326241134752,147.66666666666666,80.45390070921987,39.177304964539005,0.3352657004830918,0
0.5,0.8333333333333334,0,6,11,7.5,0.6666666666666666,188.6950354609929,147.70921985815605,51.801418439716315,10.815602836879464,0.33043478260869563,0
0.4666666666666667,0.5333333333333333,0,6,11,9.0,1.0,159.41843971631207,149.04964539007094,10.418439716312065,0.04964539007093549,0.32560386473429953,0
0.4666666666666667,0.3,0,6,11,9.5,1.0,132.58156028368793,153.11347517730496,-15.099290780141843,5.432624113475185,0.31980676328502416,0
0.4666666666666667,0.26666666666666666,0,6,11,9.5,1.0,115.7659574468085,161.94326241134752,-30.595744680851084,15.581560283687935,0.32657004830917874,0
0.43333333333333335,0.26666666666666666,0,6,11,9.0,1.0,131.4609929078014,172.43262411347519,-17.49645390070924,23.475177304964546,0.3507246376811594,0
0.43333333333333335,0.26666666666666666,0,6,11,8.0,1.0,144.52482269503545,179.20567375886526,-3.2836879432624073,31.3971631205674,0.3565217391304348,0
0.4,0.26666666666666666,0,6,11,7.0,1.0,147.68085106382978,181.60283687943263,-2.7021276595744723,31.21985815602838,0.357487922705314,0
0.43333333333333335,0.26666666666666666,0,6,11,6.0,1.0,147.66666666666666,181.68794326241138,-13.48226950354612,20.539007092198602,0.3565217391304348,0
0.26666666666666666,0.26666666666666666,0,6,11,9.0,1.0,147.70921985815605,183.02836879432627,-26.58865248226948,8.730496453900741,0.35555555555555557,0
0.23333333333333334,0.2,0,6,11,9.5,1.0,149.04964539007094,166.00709219858157,-32.80141843971629,-15.843971631205648,0.3545893719806763,0
0.9666666666666667,0.5666666666666667,0,6,11,9.5,1.0,179.20567375886526,171.90070921985816,-6.283687943262407,-13.58865248226951,0.28888888888888886,0
1.0333333333333334,0.6,0,6,11,5.0,0.6666666666666666,181.60283687943263,190.63829787234044,51.17730496453902,60.212765957446834,0.2743961352657005,0
1.0333333333333334,0.6,0,5,11,3.0,0.38461538461538464,181.68794326241138,191.6028368794326,81.64539007092202,91.56028368794324,0.2599033816425121,0
0.9,0.6,0,0,11,6.0,0.7142857142857143,183.02836879432627,192.4113475177305,47.7730496453901,57.156028368794324,0.24541062801932367,0
0.43333333333333335,0.6,0,0,11,8.0,1.0,166.00709219858155,193.177304964539,-24.354609929078038,2.815602836879407,0.23285024154589373,0
0.4,0.23333333333333334,0,0,11,9.0,1.0,138.65248226950357,198.04255319148933,-51.43262411347516,7.9574468085106105,0.2289855072463768,0
0.4,0.23333333333333334,0,0,11,9.0,1.0,121.9078014184397,209.20567375886526,-69.56028368794327,17.737588652482287,0.2222222222222222,0
0.4,0.23333333333333334,0,0,11,8.5,1.0,141.88652482269504,222.17021276595744,-51.36879432624113,28.914893617021278,0.22028985507246376,0
0.4,0.23333333333333334,0,0,11,8.0,1.0,171.90070921985816,229.95035460992906,-20.609929078014176,37.43971631205673,0.21932367149758455,0
0.4,0.23333333333333334,0,0,11,7.0,0.8,190.63829787234042,230.91489361702125,-3.1276595744680833,37.14893617021275,0.21835748792270532,0
0.36666666666666664,0.23333333333333334,0,0,11,6.0,1.0,191.6028368794326,219.11347517730496,-16.24822695035462,11.262411347517741,0.21545893719806763,0
0.23333333333333334,0.23333333333333334,0,0,11,11.0,1.0,192.4113475177305,199.3758865248227,-33.58865248226951,-26.624113475177296,0.2106280193236715,0
0.7666666666666667,0.36666666666666664,0,3,11,11.0,1.0,191.86524822695037,131.07801418439715,-25.624113475177296,-86.41134751773052,0.2714975845410628,0
0.8,0.4,0,0,11,8.5,1.0,189.8156028368794,129.87234042553192,22.32624113475174,-37.61702127659575,0.28019323671497587,0
0.8,0.4,3,0,11,6.0,0.8571428571428571,193.09929078014184,134.22695035460993,57.460992907801426,-1.4113475177304906,0.28792270531400965,0
0.4666666666666667,0.4,4,2,11,7.0,0.875,203.58156028368793,137.46808510638297,66.70921985815602,0.5957446808510554,0.2946859903381642,0
0.43333333333333335,0.4,5,10,11,8.0,1.0,194.51773049645394,136.88652482269504,64.62411347517735,6.992907801418454,0.2995169082125604,0
0.4666666666666667,0.36666666666666664,5,7,11,9.0,1.0,173.5390070921986,138.30496453900707,47.07092198581563,11.836879432624102,0.2956521739130435,0
0.4666666666666667,0.3333333333333333,6,7,11,10.0,1.0,146.66666666666666,151.43262411347516,13.41134751773049,18.17730496453899,0.2966183574879227,0
0.43333333333333335,0.3333333333333333,6,1,11,11.0,1.0,134.13475177304963,170.9148936170213,-8.82269503546101,27.957446808510667,0.30144927536231886,0
0.43333333333333335,0.2,6,6,11,11.0,1.0,129.8723404255319,191.3404255319149,-1.6382978723404449,59.829787234042556,0.3352657004830918,0
0.43333333333333335,0.3333333333333333,0,0,11,11.0,1.0,170.91489361702125,131.90780141843973,-21.404255319148973,-60.41134751773049,0.34106280193236715,0
0.43333333333333335,0.4,0,0,11,11.0,1.0,185.4964539007092,137.72340425531914,-2.907801418439732,-50.680851063829806,0.3294685990338164,0
0.5333333333333333,0.8333333333333334,0,0,11,11.0,1.0,191.3404255319149,160.4468085106383,5.531914893617028,-25.361702127659555,0.3188405797101449,0
0.8666666666666667,0.8333333333333334,0,0,11,11.0,1.0,192.1276595744681,179.33333333333334,33.489361702127695,20.695035460992926,0.30917874396135264,0
0.8666666666666667,0.8333333333333334,11,0,11,7.0,0.5384615384615384,191.27659574468086,182.08510638297875,80.00000000000001,70.8085106382979,0.3033816425120773,0
0.8666666666666667,0.8333333333333334,0,0,11,8.5,0.7,188.84397163120568,183.31205673758868,63.0354609929078,57.5035460992908,0.2975845410628019,0
0.4666666666666667,0.8333333333333334,0,0,11,11.0,1.0,177.61702127659575,182.88652482269504,1.531914893617028,6.801418439716315,0.28888888888888886,0
0.4666666666666667,0.43333333333333335,0,0,11,11.0,1.0,151.9078014184397,182.23404255319147,-27.539007092198602,2.787234042553166,0.28309178743961355,0
0.4666666666666667,0.36666666666666664,0,0,11,11.0,1.0,131.9078014184397,182.23404255319147,-50.56028368794327,-0.23404255319150025,0.28309178743961355,0
0.4666666666666667,0.36666666666666664,0,0,11,11.0,1.0,137.72340425531914,183.59574468085108,-46.61702127659575,-0.744680851063805,0.2985507246376812,0
0.5,0.36666666666666664,0,0,11,11.0,1.0,160.4468085106383,185.24113475177305,-22.680851063829778,2.113475177304963,0.3217391304347826,0
0.5,0.36666666666666664,0,0,11,11.0,0.875,179.33333333333334,185.83687943262416,-1.8581560283687963,4.645390070922019,0.3314009661835749,0
0.5,0.36666666666666664,0,0,11,11.0,1.0,182.08510638297875,185.45390070921985,-0.29787234042549926,3.070921985815602,0.34106280193236715,0
0.4666666666666667,0.4,0,0,11,11.0,1.0,183.31205673758868,184.8156028368794,0.18439716312059318,1.6879432624113235,0.3507246376811594,0
0.43333333333333335,0.3333333333333333,0,0,11,11.0,1.0,182.88652482269504,181.45390070921985,-2.3900709219858243,-3.8226950354610096,0.35942028985507246,0
0.43333333333333335,0.3333333333333333,0,0,11,11.0,1.0,182.23404255319147,164.75886524822695,-5.085106382978751,-22.56028368794327,0.3642512077294686,0
0.43333333333333335,0.3333333333333333,0,0,11,11.0,1.0,182.23404255319147,135.21985815602838,-2.680851063829806,-49.6950354609929,0.3507246376811594,0
0.4666666666666667,0.3333333333333333,0,0,11,11.0,1.0,183.59574468085108,123.68085106382978,-0.5319148936169995,-60.446808510638306,0.34492753623188405,0
0.5,0.5,0,0,11,11.0,1.0,185.24113475177307,129.5390070921986,-0.16312056737587,-55.86524822695034,0.34782608695652173,0
0.9333333333333333,0.9,0,0,11,11.0,1.0,185.8368794326241,147.99290780141845,11.007092198581546,-26.8368794326241,0.34782608695652173,0
0.9333333333333333,0.9,0,0,11,6.5,0.5714285714285714,185.45390070921985,151.43971631205673,51.41134751773049,17.39716312056737,0.34879227053140094,0
0.9666666666666667,0.9666666666666667,3,0,11,6.0,0.5333333333333333,184.8156028368794,150.59574468085106,88.02836879432621,53.80851063829786,0.34879227053140094,0
0.5333333333333333,0.9666666666666667,5,0,11,11.0,1.0,181.45390070921985,150.13475177304966,41.241134751773046,9.921985815602852,0.34782608695652173,0
0.5,0.9666666666666667,5,0,11,11.0,1.0,164.75886524822695,151.9290780141844,13.141843971631204,0.31205673758864805,0.3458937198067633,0
0.4666666666666667,0.4,6,0,11,11.0,1.0,135.21985815602838,155.57446808510636,-16.929078014184398,3.4255319148935826,0.3458937198067633,0
0.4666666666666667,0.4,6,0,11,11.0,1.0,123.68085106382978,165.7304964539007,-26.872340425531917,15.177304964539019,0.34782608695652173,0
0.4666666666666667,0.4,6,0,11,11.0,1.0,129.5390070921986,176.82978723404258,-19.54609929078012,27.744680851063862,0.3642512077294686,0
0.4666666666666667,0.4,6,0,11,11.0,1.0,147.99290780141845,186.90070921985816,-2.7730496453900457,36.13475177304966,0.3681159420289855,0
0.4666666666666667,0.4,6,0,11,11.0,1.0,151.43971631205673,189.43971631205673,-4.496453900709213,33.50354609929079,0.3671497584541063,0
0.4666666666666667,0.4,5,0,11,11.0,1.0,150.59574468085108,188.7163120567376,-9.425531914893611,28.695035460992898,0.36618357487922704,0
0.4666666666666667,0.4,0,0,11,11.0,1.0,150.13475177304963,187.8368794326241,-31.09929078014187,6.602836879432601,0.36618357487922704,0
0.4666666666666667,0.4,0,0,11,11.0,1.0,151.9290780141844,177.89361702127658,-37.3049645390071,-11.340425531914917,0.36328502415458935,0
0.4666666666666667,0.36666666666666664,0,0,11,11.0,1.0,155.5744680851064,151.26241134751774,-34.65957446808511,-38.97163120567376,0.3458937198067633,0
0.4666666666666667,0.36666666666666664,0,0,11,10.5,1.0,165.7304964539007,140.9078014184397,-23.12056737588651,-47.94326241134752,0.32270531400966185,0
0.43333333333333335,0.36666666666666664,0,0,10,10.0,1.0,176.82978723404256,151.24113475177305,-10.2340425531915,-35.82269503546101,0.3130434782608696,0
0.8666666666666667,0.9333333333333333,0,0,11,9.0,1.0,186.90070921985816,180.70212765957447,-0.6950354609928979,-6.893617021276583,0.30144927536231886,0
0.9666666666666667,0.9666666666666667,0,0,11,8.0,1.0,189.43971631205673,193.77304964539007,30.418439716312037,34.75177304964538,0.28599033816425123,0
0.9666666666666667,0.9666666666666667,0,0,11,6.0,0.6428571428571429,188.7163120567376,195.90070921985816,81.54609929078015,88.73049645390071,0.27053140096618356,0
0.9666666666666667,0.9666666666666667,0,0,11,6.0,1.0,187.8368794326241,196.07092198581563,31.304964539007074,39.5390070921986,0.25507246376811593,0
0.4,0.9666666666666667,0,0,11,8.0,1.0,177.89361702127658,196.7517730496454,-12.127659574468112,6.730496453900713,0.24057971014492754,0
0.36666666666666664,0.23333333333333334,0,0,11,9.0,1.0,151.2624113475177,198.86524822695037,-44.29078014184398,3.3120567375886765,0.22608695652173913,0
0.36666666666666664,0.23333333333333334,0,0,11,9.0,1.0,140.9078014184397,205.82269503546095,-54.83687943262413,10.07801418439712,0.2135265700483092,0
0.36666666666666664,0.23333333333333334,0,0,11,9.5,1.0,151.24113475177305,215.645390070922,-45.1631205673759,19.241134751773046,0.2038647342995169,0
0.36666666666666664,0.23333333333333334,0,0,11,9.0,1.0,180.70212765957447,224.51063829787233,-15.361702127659584,28.446808510638277,0.19516908212560385,0
0.36666666666666664,0.23333333333333334,0,0,11,8.0,0.8,193.77304964539007,228.08510638297875,-4.01418439716312,30.297872340425556,0.1855072463768116,0
0.36666666666666664,0.23333333333333334,0,0,11,7.0,1.0,195.90070921985816,228.2695035460993,-6.843971631205676,25.524822695035454,0.17777777777777778,0
0.3333333333333333,0.23333333333333334,0,0,11,6.0,0.75,196.07092198581563,228.2836879432624,-20.865248226950314,11.347517730496463,0.17294685990338166,0
0.3,0.9666666666666667,0,0,8,7.0,1.0,229.0921985815603,171.61702127659575,-0.05673758865248146,-57.53191489361703,0.14589371980676327,1
0.8,0.7666666666666667,0,0,7,7.0,1.0,229.85815602836882,142.88652482269504,-3.056737588652453,-90.02836879432624,0.2956521739130435,0
0.8333333333333334,0.8666666666666667,0,0,8,3.0,0.42857142857142855,230.27659574468086,153.0354609929078,68.57446808510639,-8.666666666666686,0.30628019323671496,0
0.8666666666666667,0.8666666666666667,0,6,9,2.5,0.4166666666666667,229.5390070921986,153.43971631205673,124.9858156028369,48.88652482269502,0.314975845410628,0
0.8666666666666667,0.8666666666666667,0,6,10,7.0,0.8571428571428571,230.29787234042556,153.27659574468086,107.17021276595747,30.148936170212778,0.31980676328502416,0
0.43333333333333335,0.8666666666666667,0,6,10,8.0,1.0,207.5035460992908,154.07801418439718,55.652482269503565,2.2269503546099543,0.30241545893719807,0
0.4,0.3,0,6,9,9.0,1.0,166.39007092198582,156.90070921985816,12.709219858156047,3.21985815602838,0.28405797101449276,0
0.4,0.3,0,6,10,9.0,1.0,129.79432624113474,163.39007092198582,-23.78014184397165,9.815602836879435,0.28792270531400965,0
0.4,0.3,0,6,10,8.5,1.0,126.51063829787235,172.18439716312056,-26.55319148936171,19.12056737588651,0.2995169082125604,0
0.4,0.3,0,6,9,7.5,1.0,142.88652482269504,180.22695035460993,-10.304964539007102,27.035460992907787,0.3188405797101449,0
0.4,0.3,0,6,8,7.5,1.0,153.0354609929078,185.39007092198582,-2.9432624113475185,29.41134751773052,0.3352657004830918,0
0.4,0.3,0,6,7,6.0,1.0,153.43971631205673,186.56737588652481,-8.092198581560297,25.035460992907787,0.3516908212560386,0
0.3333333333333333,0.3,0,6,7,6.0,1.0,153.27659574468086,186.4964539007092,-19.38297872340425,13.836879432624102,0.3681159420289855,0
0.2,0.23333333333333334,0,6,8,6.0,1.0,154.07801418439718,186.2836879432624,-28.283687943262407,3.9219858156028238,0.38454106280193234,0
0.6,0.26666666666666666,0,6,11,11.0,1.0,185.39007092198582,146.87234042553192,-2.120567375886509,-40.63829787234042,0.37294685990338167,0
0.6333333333333333,0.3333333333333333,0,6,11,11.0,1.0,186.56737588652481,148.23404255319147,29.567375886524815,-8.765957446808528,0.3652173913043478,0
0.6333333333333333,0.3333333333333333,0,6,11,6.0,0.7142857142857143,186.4964539007092,147.36879432624116,49.51773049645391,10.390070921985853,0.35845410628019325,0
0.5,0.3333333333333333,0,6,11,7.5,1.0,186.2836879432624,147.34751773049643,43.17730496453899,4.241134751773018,0.3507246376811594,0
0.4666666666666667,0.3333333333333333,0,6,11,8.5,1.0,176.65248226950357,148.9078014184397,28.333333333333343,0.588652482269481,0.34492753623188405,0
0.4666666666666667,0.3,0,6,11,9.5,1.0,160.4964539007092,153.01418439716312,11.304964539007074,3.822695035460981,0.3391304347826087,0
0.4666666666666667,0.26666666666666666,0,6,11,9.5,1.0,145.6950354609929,160.1631205673759,-1.4964539007092412,12.97163120567376,0.34106280193236715,0
0.4666666666666667,0.26666666666666666,0,6,11,9.0,1.0,142.80141843971634,170.32624113475177,-2.9219858156027954,24.60283687943263,0.35845410628019325,0
0.4666666666666667,0.26666666666666666,0,0,11,8.0,1.0,146.87234042553192,178.22695035460993,-2.2553191489361666,29.099290780141843,0.3710144927536232,0
0.43333333333333335,0.26666666666666666,0,0,11,7.0,1.0,148.2340425531915,182.0,-3.6382978723404165,30.127659574468083,0.38067632850241545,0
0.43333333333333335,0.26666666666666666,0,0,11,6.0,1.0,147.36879432624116,181.60283687943263,-10.673758865248203,23.56028368794327,0.3884057971014493,0
0.3,0.26666666666666666,0,5,11,11.0,1.0,147.34751773049643,180.9787234042553,-23.226950354609954,10.404255319148916,0.3961352657004831,0
0.2,0.26666666666666666,0,0,11,11.0,1.0,148.9078014184397,168.95035460992906,-33.45390070921988,-13.411347517730519,0.4048309178743961,0
0.6333333333333333,0.7333333333333333,0,0,11,11.0,1.0,178.22695035460993,134.09929078014184,-1.6453900709219909,-45.773049645390074,0.40193236714975844,0
0.8333333333333334,0.7666666666666667,0,5,11,11.0,1.0,182.0,145.822695035461,36.19148936170214,0.014184397163148788,0.3961352657004831,0
0.8666666666666667,0.8666666666666667,0,5,11,2.0,0.45454545454545453,181.6028368794326,146.45390070921985,77.04964539007089,41.90070921985814,0.3893719806763285,0
0.8666666666666667,0.8666666666666667,0,5,11,6.0,0.7777777777777778,180.9787234042553,147.10638297872342,69.53191489361701,35.659574468085125,0.3826086956521739,0
0.4666666666666667,0.8666666666666667,0,5,11,8.0,1.0,168.95035460992906,147.53900709219857,23.88652482269501,2.475177304964518,0.37681159420289856,0
0.4666666666666667,0.3,0,5,11,9.0,1.0,143.4113475177305,147.98581560283688,-2.375886524822704,2.198581560283685,0.3710144927536232,0
0.4666666666666667,0.3,0,5,11,9.5,1.0,120.60283687943263,150.4964539007092,-26.01418439716312,3.8794326241134627,0.36618357487922704,0
0.4666666666666667,0.3,0,4,11,9.5,1.0,120.35460992907802,158.98581560283688,-26.602836879432616,12.02836879432624,0.3671497584541063,0
0.4666666666666667,0.3,0,4,11,9.0,1.0,134.09929078014184,170.10638297872342,-13.64539007092199,22.361702127659584,0.37681159420289856,0
0.4666666666666667,0.3,0,5,11,8.0,1.0,145.822695035461,179.73758865248226,-2.092198581560268,31.82269503546098,0.4028985507246377,0
0.5,0.3,0,4,11,7.0,1.0,146.45390070921985,182.51773049645388,-1.843971631205676,34.21985815602835,0.4048309178743961,0
0.5,0.3,0,4,11,7.5,1.0,147.10638297872342,181.99290780141845,-8.170212765957444,26.716312056737593,0.4048309178743961,0
0.3333333333333333,0.3,0,4,11,11.0,1.0,147.5390070921986,180.5390070921986,-25.843971631205648,7.1560283687943524,0.4048309178743961,0
0.26666666666666666,0.2,0,4,11,11.0,1.0,147.98581560283688,176.51773049645388,-33.67375886524823,-5.141843971631232,0.40096618357487923,0
0.9666666666666667,1.0333333333333334,0,4,11,11.0,1.0,182.51773049645388,182.5035460992908,12.858156028368768,12.843971631205676,0.3333333333333333,0
1.0333333333333334,1.0333333333333334,0,4,11,6.0,0.5714285714285714,181.99290780141845,193.71631205673756,54.84397163120569,66.5673758865248,0.314975845410628,0
1.0333333333333334,1.0333333333333334,0,4,11,2.0,0.375,180.53900709219855,194.58156028368793,126.43262411347514,140.47517730496452,0.2985507246376812,0
0.4666666666666667,1.0333333333333334,0,0,11,7.5,0.8333333333333334,176.51773049645394,194.85106382978722,14.900709219858186,33.23404255319147,0.28309178743961355,0
0.4,1.0333333333333334,0,0,11,9.0,1.0,158.87234042553192,193.9716312056738,-33.12765957446808,1.9716312056737877,0.26763285024154587,0
0.3333333333333333,0.23333333333333334,0,0,11,10.0,1.0,116.97163120567376,195.43971631205673,-76.92198581560282,1.5460992907801483,0.25217391304347825,0
0.36666666666666664,0.2,0,0,11,10.0,1.0,114.29078014184398,204.19148936170214,-80.96453900709218,8.936170212765973,0.24154589371980675,0
0.4,0.2,0,0,10,10.0,1.0,135.90780141843973,217.04255319148936,-58.68794326241132,22.446808510638306,0.2541062801932367,0
0.4,0.2,0,0,9,9.0,1.0,182.5035460992908,228.3971631205674,-12.198581560283685,33.695035460992926,0.27246376811594203,0
0.4,0.2,0,0,8,8.0,1.0,193.7163120567376,232.13475177304963,1.0992907801418426,39.51773049645388,0.2782608695652174,0
0.36666666666666664,0.2,0,0,7,7.0,1.0,194.58156028368793,231.7517730496454,-4.418439716312065,32.75177304964541,0.2821256038647343,0
0.26666666666666666,0.2,0,0,6,6.0,1.0,194.85106382978725,231.48936170212767,-26.10638297872339,10.531914893617028,0.28502415458937197,0
0.16666666666666666,0.4,0,0,8,8.0,1.0,228.39716312056737,136.0354609929078,-3.879432624113491,-96.24113475177307,0.27342995169082124,0
0.8,0.7666666666666667,0,0,9,9.0,1.0,232.13475177304963,151.95744680851064,1.9432624113474901,-78.2340425531915,0.2743961352657005,0
0.8666666666666667,0.8666666666666667,0,2,10,2.0,0.3,231.7517730496454,159.73758865248226,100.98581560283691,28.97163120567376,0.27342995169082124,0
0.8666666666666667,0.8666666666666667,0,8,11,2.0,0.3333333333333333,231.48936170212767,160.08510638297872,120.00000000000001,48.59574468085107,0.27246376811594203,0
0.43333333333333335,0.8666666666666667,0,8,11,7.5,0.8333333333333334,230.82978723404256,160.31205673758865,92.85106382978725,22.333333333333343,0.2714975845410628,0
0.36666666666666664,0.8666666666666667,0,8,11,9.0,1.0,197.74468085106386,161.60992907801418,39.106382978723445,2.9716312056737593,0.2714975845410628,0
0.36666666666666664,0.3,0,2,11,9.0,1.0,157.48226950354612,166.24822695035462,-1.7730496453900457,6.992907801418454,0.27246376811594203,0
0.36666666666666664,0.3,0,2,11,9.0,1.0,126.74468085106382,175.26241134751774,-34.5744680851064,13.943262411347519,0.2792270531400966,0
0.36666666666666664,0.3,0,2,11,9.0,1.0,136.0354609929078,186.1560283687943,-23.64539007092199,26.475177304964518,0.2975845410628019,0
0.36666666666666664,0.3,0,2,11,8.0,1.0,151.95744680851064,194.531914893617,-7.978723404255305,34.595744680851055,0.3140096618357488,0
0.36666666666666664,0.3,0,2,11,7.0,1.0,159.73758865248226,198.07801418439715,-5.4751773049645465,32.86524822695034,0.32753623188405795,0
0.3333333333333333,0.3,0,2,11,6.0,1.0,160.08510638297872,197.31205673758868,-13.510638297872333,23.71631205673762,0.34106280193236715,0
0.26666666666666666,0.3,0,2,11,6.0,1.0,160.31205673758865,196.0921985815603,-26.666666666666657,9.113475177304991,0.35555555555555557,0
0.16666666666666666,0.2,0,2,11,11.0,1.0,161.60992907801418,190.6241134751773,-36.28368794326241,-7.269503546099287,0.3710144927536232,0
0.2,0.2,0,7,11,11.0,1.0,194.531914893617,152.61702127659575,-0.5319148936170564,-42.446808510638306,0.3468599033816425,0
0.6,0.3,0,7,11,8.5,1.0,198.07801418439715,156.30496453900707,16.865248226950342,-24.907801418439732,0.34202898550724636,0
0.6333333333333333,0.3,0,7,11,6.0,0.6666666666666666,197.31205673758862,152.5531914893617,49.9929078014184,5.234042553191472,0.33719806763285026,0
0.6333333333333333,0.3,0,7,11,7.0,1.0,196.0921985815603,151.79432624113477,56.47517730496455,12.177304964539019,0.3314009661835749,0
0.43333333333333335,0.3,0,1,11,8.0,1.0,190.62411347517732,153.91489361702125,28.73049645390074,-7.978723404255334,0.32560386473429953,0
0.4666666666666667,0.26666666666666666,0,1,11,9.0,1.0,174.53191489361703,157.8936170212766,18.19148936170214,1.5531914893617227,0.31980676328502416,0
0.4666666666666667,0.26666666666666666,0,1,11,10.0,1.0,156.04964539007094,164.31205673758868,5.368794326241158,13.631205673758899,0.3159420289855073,0
0.43333333333333335,0.26666666666666666,0,6,11,9.0,1.0,149.60992907801418,173.6595744680851,-1.0283687943262407,23.021276595744695,0.3207729468599034,0
0.43333333333333335,0.26666666666666666,0,6,11,9.0,1.0,152.61702127659575,181.42553191489364,-1.4468085106383057,27.361702127659584,0.34202898550724636,0
0.4,0.26666666666666666,0,6,11,8.0,1.0,156.30496453900707,185.48936170212767,-0.7375886524822874,28.446808510638306,0.3545893719806763,0
0.36666666666666664,0.26666666666666666,0,6,11,7.0,1.0,152.5531914893617,185.6241134751773,-10.021276595744695,23.049645390070907,0.3652173913043478,0
0.3,0.26666666666666666,0,6,11,6.0,1.0,151.79432624113474,185.58865248226948,-21.524822695035482,12.269503546099259,0.3739130434782609,0
0.16666666666666666,0.26666666666666666,0,6,11,9.0,1.0,153.9148936170213,185.0283687943262,-31.170212765957416,-0.056737588652509885,0.3826086956521739,0
0.7666666666666667,0.7666666666666667,0,6,11,11.0,1.0,185.48936170212764,136.9290780141844,1.6595744680850828,-46.90070921985816,0.3855072463768116,0
0.8,0.8666666666666667,0,6,11,8.5,1.0,185.6241134751773,147.81560283687944,44.304964539007074,6.496453900709213,0.37874396135265703,0
0.8666666666666667,0.8666666666666667,0,6,11,2.5,0.5,185.58865248226948,147.33333333333334,96.39716312056736,58.14184397163122,0.370048309178744,0
0.8666666666666667,0.8666666666666667,0,6,11,7.0,1.0,185.0283687943262,146.26241134751774,69.709219858156,30.943262411347533,0.36231884057971014,0
0.43333333333333335,0.8666666666666667,0,6,11,8.0,1.0,170.3049645390071,146.13475177304966,23.326241134751797,-0.8439716312056476,0.35555555555555557,0
0.43333333333333335,0.3,0,6,11,9.0,1.0,138.11347517730496,148.354609929078,-10.375886524822704,-0.13475177304965769,0.3497584541062802,0
0.43333333333333335,0.3,0,6,11,9.5,1.0,115.27659574468085,154.48936170212767,-32.70212765957446,6.510638297872362,0.34782608695652173,0
0.43333333333333335,0.3,0,6,11,9.5,1.0,117.16312056737587,166.58156028368793,-28.368794326241158,21.049645390070907,0.3497584541062802,0
0.43333333333333335,0.3,0,0,11,9.0,1.0,136.9290780141844,178.12765957446808,-8.347517730496463,32.85106382978722,0.3748792270531401,0
0.43333333333333335,0.3,0,0,11,8.0,1.0,147.81560283687944,185.95035460992906,0.21985815602837988,38.35460992907801,0.38454106280193234,0
0.43333333333333335,0.3,0,0,11,7.0,1.0,147.33333333333334,186.43262411347519,-4.858156028368796,34.241134751773046,0.38164251207729466,0
0.36666666666666664,0.3,0,0,11,6.0,1.0,146.26241134751774,185.1205673758865,-17.418439716312037,21.43971631205673,0.37874396135265703,0
0.2,0.23333333333333334,0,0,11,11.0,1.0,146.13475177304963,183.36170212765956,-37.73758865248229,-0.5106382978723616,0.37584541062801935,0
0.3333333333333333,1.0,0,5,9,7.5,1.0,185.95035460992906,179.3049645390071,4.078014184397148,-2.5673758865248146,0.3101449275362319,0
1.0333333333333334,1.0333333333333334,0,5,8,6.0,0.6666666666666666,186.43262411347519,198.31914893617022,22.815602836879435,34.70212765957447,0.2966183574879227,0
1.0333333333333334,1.0333333333333334,0,5,7,1.0,0.26666666666666666,185.1205673758865,201.41134751773052,133.58865248226948,149.8794326241135,0.2811594202898551,0
0.7666666666666667,1.0333333333333334,0,3,7,6.0,0.7142857142857143,183.36170212765956,201.1205673758865,39.27659574468083,57.03546099290779,0.26666666666666666,0
0.3,1.0333333333333334,0,0,8,8.0,1.0,176.12765957446808,201.2553191489362,-15.042553191489361,10.08510638297875,0.2541062801932367,0
0.3,0.2,0,0,9,9.0,1.0,132.3404255319149,200.67375886524823,-70.31914893617022,-1.9858156028368796,0.24154589371980675,0
0.3,0.2,0,0,9,9.0,1.0,119.74468085106383,202.5390070921986,-81.38297872340425,1.411347517730519,0.23091787439613526,0
0.3,0.2,0,0,9,9.0,1.0,128.9290780141844,206.3049645390071,-71.51773049645391,5.858156028368796,0.23671497584541062,0
0.26666666666666666,0.2,0,0,9,8.0,1.0,179.3049645390071,213.68085106382978,-22.482269503546092,11.893617021276583,0.2531400966183575,0
0.26666666666666666,0.2,0,0,8,7.0,1.0,198.31914893617022,217.68085106382978,-3.2127659574468055,16.14893617021275,0.2589371980676328,0
0.26666666666666666,0.2,0,0,7,6.0,1.0,201.41134751773052,217.29787234042553,2.7092198581560467,18.595744680851055,0.2608695652173913,0
0.23333333333333334,0.2,0,0,6,6.0,1.0,201.1205673758865,216.1205673758865,-6.262411347517741,8.737588652482259,0.263768115942029,0
0.13333333333333333,0.2,0,0,0,0,0,213.68085106382978,142.79432624113474,-3.61702127659575,-74.50354609929079,0.24734299516908212,0
0.7333333333333333,0.7,0,0,0,0,0,217.68085106382978,163.1205673758865,-1.9148936170212778,-56.47517730496455,0.25120772946859904,0
0.7666666666666667,0.7,0,0,6,3.0,0.4,217.29787234042553,168.08510638297872,71.40425531914894,22.19148936170214,0.25507246376811593,0
0.7666666666666667,0.7,8,0,7,3.5,0.5,216.1205673758865,161.80851063829786,108.65248226950354,54.34042553191489,0.2579710144927536,0
0.7,0.7,0,0,8,6.0,0.8571428571428571,216.1914893617021,155.33333333333334,69.34042553191489,8.48226950354612,0.2608695652173913,0
0.4,0.7,0,0,9,7.5,1.0,194.26241134751774,153.68794326241138,20.198581560283685,-20.375886524822675,0.263768115942029,0
0.43333333333333335,0.36666666666666664,0,0,10,8.5,1.0,157.65248226950354,158.0709219858156,-10.794326241134769,-10.375886524822704,0.2647342995169082,0
0.43333333333333335,0.36666666666666664,0,0,11,10.0,1.0,133.40425531914892,166.24113475177305,-28.340425531914917,4.496453900709213,0.2743961352657005,0
0.43333333333333335,0.36666666666666664,0,8,11,11.0,1.0,142.79432624113474,173.0,-12.43971631205676,17.7659574468085,0.2811594202898551,0
0.43333333333333335,0.36666666666666664,0,5,11,11.0,1.0,163.1205673758865,178.1843971631206,14.099290780141814,29.1631205673759,0.2898550724637681,0
0.43333333333333335,0.3333333333333333,0,0,11,11.0,1.0,158.0709219858156,170.9645390070922,-25.865248226950342,-12.97163120567373,0.32657004830917874,0
0.43333333333333335,0.3333333333333333,0,0,11,11.0,1.0,166.24113475177305,169.99290780141845,-24.43971631205673,-20.687943262411324,0.3159420289855073,0
0.43333333333333335,0.36666666666666664,0,0,11,11.0,1.0,173.0,173.5035460992908,-16.297872340425528,-15.79432624113474,0.33043478260869563,0
0.4666666666666667,0.36666666666666664,0,0,11,11.0,1.0,178.18439716312056,169.8368794326241,-4.453900709219852,-12.801418439716315,0.33816425120772947,0
0.4666666666666667,0.36666666666666664,16,0,11,11.0,1.0,183.90070921985816,166.4468085106383,25.390070921985824,7.936170212765973,0.3391304347826087,0
0.4666666666666667,0.36666666666666664,0,0,11,11.0,1.0,187.9716312056738,168.0709219858156,16.226950354609954,-3.6737588652482316,0.34009661835748795,0
0.43333333333333335,0.3333333333333333,1,0,11,11.0,1.0,187.5390070921986,176.5531914893617,7.815602836879464,-3.1702127659574444,0.34202898550724636,0
0.4666666666666667,0.3333333333333333,2,0,11,11.0,1.0,176.81560283687944,169.40425531914897,7.773049645390074,0.36170212765961196,0.34492753623188405,0
0.4666666666666667,0.36666666666666664,8,0,11,11.0,1.0,170.96453900709218,149.75886524822695,10.219858156028351,-10.98581560283688,0.34879227053140094,0
0.4666666666666667,0.36666666666666664,0,0,11,11.0,1.0,169.99290780141845,129.3758865248227,0.43971631205675976,-40.17730496453899,0.34782608695652173,0
0.5,0.4,0,0,11,11.0,1.0,173.5035460992908,131.61702127659575,-0.4113475177304906,-42.29787234042553,0.3497584541062802,0
0.8333333333333334,0.8,0,0,11,11.0,1.0,169.8368794326241,144.82978723404256,-16.354609929078038,-41.36170212765958,0.3507246376811594,0
0.8333333333333334,0.8,0,0,11,9.5,0.625,166.4468085106383,154.31205673758868,18.34042553191489,6.2056737588652595,0.3507246376811594,0
0.8333333333333334,0.8,4,0,11,3.0,0.4166666666666667,168.0709219858156,154.15602836879432,53.09219858156028,39.177304964539005,0.3507246376811594,0
0.8333333333333334,0.8,5,0,11,11.0,0.7142857142857143,176.5531914893617,154.75177304964538,51.51063829787233,29.70921985815602,0.3497584541062802,0
0.4666666666666667,0.8,6,0,11,11.0,1.0,169.40425531914894,156.28368794326244,14.574468085106389,1.4539007092198801,0.3497584541062802,0
0.5,0.4666666666666667,7,0,11,11.0,1.0,149.75886524822695,159.2695035460993,-4.858156028368796,4.652482269503537,0.34396135265700484,0
0.5,0.4,7,0,11,11.0,1.0,129.3758865248227,164.82978723404256,-24.113475177304963,11.340425531914889,0.34396135265700484,0
0.5,0.4,7,0,11,9.5,1.0,131.61702127659575,172.88652482269504,-22.744680851063833,18.524822695035454,0.3468599033816425,0
0.5,0.4,7,0,11,10.0,1.0,144.82978723404256,179.5035460992908,-11.574468085106389,23.099290780141843,0.36231884057971014,0
0.4666666666666667,0.43333333333333335,7,0,11,11.0,1.0,154.31205673758868,183.13475177304963,-3.7730496453900457,25.049645390070907,0.37584541062801935,0
0.4666666666666667,0.43333333333333335,0,0,11,11.0,1.0,154.15602836879432,183.34751773049643,-9.163120567375898,20.028368794326212,0.37971014492753624,0
0.5,0.3333333333333333,0,0,11,11.0,0.8333333333333334,154.7517730496454,184.00709219858155,-18.333333333333314,10.921985815602824,0.3855072463768116,0
0.5,0.3333333333333333,0,0,11,11.0,1.0,156.2836879432624,184.67375886524823,-25.97163120567376,2.418439716312065,0.3922705314009662,0
0.4666666666666667,0.36666666666666664,0,0,11,11.0,1.0,159.2695035460993,176.95744680851067,-23.900709219858157,-6.212765957446777,0.3961352657004831,0
0.5333333333333333,0.36666666666666664,0,0,11,11.0,1.0,164.82978723404256,153.4468085106383,-19.14893617021275,-30.531914893617,0.3864734299516908,0
0.5333333333333333,0.4,0,0,11,11.0,1.0,172.88652482269504,124.56737588652481,-10.007092198581546,-58.32624113475177,0.3864734299516908,0
0.5333333333333333,0.36666666666666664,0,0,11,11.0,1.0,179.5035460992908,121.44680851063829,-5.645390070921991,-63.70212765957449,0.3893719806763285,0
0.7,0.9,0,0,11,11.0,1.0,183.13475177304963,132.01418439716312,-2.843971631205676,-53.964539007092185,0.3884057971014493,0
0.9333333333333333,0.9,0,0,11,10.5,0.75,183.34751773049643,148.04964539007094,23.6028368794326,-11.695035460992898,0.38357487922705313,0
0.9333333333333333,0.9,0,0,11,4.5,0.5,184.00709219858155,147.0921985815603,69.3900709219858,32.47517730496455,0.37681159420289856,0
0.9333333333333333,0.9,1,0,11,5.0,0.5,184.67375886524823,147.79432624113477,85.33333333333334,48.45390070921988,0.3710144927536232,0
0.6,0.9333333333333333,2,0,11,11.0,1.0,176.95744680851064,148.91489361702125,26.57446808510639,-1.4680851063830005,0.3681159420289855,0
0.6333333333333333,0.5,3,0,11,10.5,0.875,153.4468085106383,151.95035460992906,7.127659574468083,5.631205673758842,0.3642512077294686,0
0.6,0.4,3,0,11,11.0,1.0,124.56737588652481,159.3404255319149,-22.87943262411349,11.893617021276583,0.36231884057971014,0
0.5666666666666667,0.4,3,0,11,11.0,1.0,121.44680851063829,170.58865248226948,-26.06382978723404,23.078014184397148,0.3681159420289855,0
0.5333333333333333,0.36666666666666664,3,0,11,11.0,1.0,132.01418439716312,181.0921985815603,-16.41134751773049,32.666666666666686,0.3864734299516908,0
0.5333333333333333,0.36666666666666664,3,0,11,11.0,1.0,148.04964539007094,186.6595744680851,-2.7588652482269254,35.85106382978725,0.3884057971014493,0
0.5,0.36666666666666664,3,0,11,11.0,1.0,147.0921985815603,187.85815602836882,-9.524822695035454,31.241134751773075,0.38743961352657,0
0.4666666666666667,0.36666666666666664,2,0,11,11.0,1.0,147.79432624113474,188.47517730496455,-22.801418439716315,17.87943262411349,0.3855072463768116,0
0.5,0.36666666666666664,0,0,11,11.0,1.0,148.91489361702125,187.27659574468086,-35.638297872340445,2.723404255319167,0.3826086956521739,0
0.5333333333333333,0.36666666666666664,0,0,11,11.0,1.0,151.95035460992906,176.66666666666666,-36.17730496453902,-11.460992907801426,0.37681159420289856,0
0.5,0.36666666666666664,0,0,11,11.0,1.0,159.3404255319149,149.06382978723403,-27.95744680851064,-38.2340425531915,0.357487922705314,0
0.5,0.36666666666666664,0,0,11,10.0,1.0,170.5886524822695,148.82978723404256,-17.56028368794327,-39.31914893617022,0.33719806763285026,0
0.5,0.4,0,0,11,9.0,1.0,181.0921985815603,161.60283687943263,-8.886524822695009,-28.375886524822675,0.32753623188405795,0
0.7333333333333333,0.9666666666666667,0,0,11,8.0,1.0,186.6595744680851,191.08510638297875,2.957446808510639,7.382978723404278,0.3111111111111111,0
0.9666666666666667,0.9666666666666667,0,0,11,7.0,0.75,187.85815602836882,194.96453900709218,31.539007092198602,38.64539007092196,0.2946859903381642,0
0.9666666666666667,0.9666666666666667,0,0,11,6.0,0.6,188.47517730496455,194.7872340425532,81.3049645390071,87.61702127659575,0.2772946859903382,0
0.4,0.9666666666666667,0,0,11,7.0,1.0,187.27659574468086,194.53191489361703,4.276595744680861,11.531914893617028,0.2589371980676328,0
0.36666666666666664,0.9666666666666667,0,0,11,8.0,1.0,176.66666666666666,195.12765957446808,-17.97163120567376,0.48936170212766683,0.24154589371980675,0
0.3333333333333333,0.2,0,0,11,9.0,1.0,149.06382978723403,198.07801418439715,-46.55319148936172,2.4609929078013977,0.22705314009661837,0
0.3333333333333333,0.2,0,0,11,9.0,1.0,148.82978723404256,206.58865248226948,-45.80851063829786,11.950354609929065,0.21642512077294687,0
0.3333333333333333,0.2,0,0,10,9.0,1.0,161.60283687943263,218.3758865248227,-32.50354609929079,24.269503546099287,0.20772946859903382,0
0.36666666666666664,0.2,0,0,9,8.0,1.0,191.08510638297875,228.60283687943263,-3.7659574468084713,33.75177304964541,0.2,0
0.3333333333333333,0.2,0,0,8,7.5,1.0,194.96453900709218,232.13475177304963,-1.460992907801426,35.70921985815602,0.19130434782608696,0
0.36666666666666664,0.2,0,0,7,7.0,1.0,194.7872340425532,230.89361702127658,-8.170212765957444,27.936170212765944,0.18357487922705315,0
0.26666666666666666,0.2,0,0,6,6.0,1.0,194.53191489361703,228.38297872340425,-25.851063829787222,8.0,0.18164251207729468,0
0.9666666666666667,0.9333333333333333,0,0,5,5.0,1.0,225.78014184397162,184.23404255319147,-0.9219858156028522,-42.468085106383,0.1111111111111111,1
0.5517241379310345,0.3793103448275862,0,0,11,6.0,1.0,218.469696969697,166.0151515151515,18.26515151515153,-34.189393939393966,0.1634199134199134,1
0.6206896551724138,0.41379310344827586,0,0,11,5.5,0.8333333333333334,218.78787878787878,182.62878787878788,49.833333333333314,13.674242424242408,0.2002164502164502,0
0.6551724137931034,0.41379310344827586,0,0,11,6.0,1.0,211.37121212121212,190.24242424242425,48.82575757575759,27.696969696969717,0.2196969696969697,0
0.6551724137931034,0.41379310344827586,0,0,11,5.5,0.8333333333333334,198.530303030303,192.0757575757576,34.80303030303028,28.348484848484873,0.23484848484848486,0
0.6206896551724138,0.2413793103448276,0,0,11,5.5,1.0,183.0757575757576,187.08333333333334,11.303030303030312,15.310606060606062,0.24675324675324675,0
0.5862068965517241,0.3103448275862069,0,0,11,5.5,1.0,170.52272727272728,173.06060606060603,-12.75,-10.212121212121247,0.24891774891774893,0
0.4827586206896552,0.3103448275862069,0,0,11,5.0,1.0,165.0757575757576,158.52272727272725,-27.7651515151515,-34.31818181818184,0.2532467532467532,0
0.41379310344827586,0.3793103448275862,0,0,11,5.5,1.0,166.0151515151515,150.41666666666666,-28.598484848484873,-44.19696969696972,0.26082251082251084,0
0.5172413793103449,0.4827586206896552,0,0,11,5.5,1.0,172.9242424242424,155.81060606060603,-15.848484848484873,-32.96212121212125,0.26731601731601734,0
0.7241379310344828,0.6896551724137931,0,0,11,5.0,1.0,182.62878787878788,171.25757575757575,4.765151515151501,-6.606060606060623,0.2662337662337662,0
0.6896551724137931,0.6551724137931034,0,0,11,5.0,1.0,190.24242424242425,188.31818181818184,37.69696969696972,35.77272727272731,0.2619047619047619,0
0.6551724137931034,0.6551724137931034,0,0,10,5.0,1.0,192.0757575757576,197.65151515151516,46.916666666666686,52.49242424242425,0.2532467532467532,0
0.5862068965517241,0.6206896551724138,0,0,9,5.0,1.0,187.08333333333334,196.81818181818184,33.53787878787881,43.27272727272731,0.24134199134199133,0
0.5862068965517241,0.5517241379310345,0,0,8,5.0,1.0,173.06060606060603,193.69696969696972,4.333333333333314,24.969696969696997,0.23160173160173161,0
0.4827586206896552,0.5517241379310345,0,0,8,6.0,1.0,158.52272727272728,199.91666666666666,-32.97727272727272,8.416666666666657,0.22077922077922077,0
0.5172413793103449,0.41379310344827586,0,0,8,7.0,1.0,150.41666666666666,210.4242424242424,-54.31060606060606,5.696969696969688,0.20995670995670995,0
0.5172413793103449,0.3448275862068966,0,0,8,5.5,0.5,155.81060606060603,219.20454545454547,-40.916666666666686,22.477272727272748,0.2002164502164502,0
0.27586206896551724,1.0344827586206897,0,0,11,11.0,1.0,225.8560606060606,125.16666666666667,-1.257575757575779,-101.9469696969697,0.26515151515151514,0
1.0344827586206897,1.0344827586206897,0,0,11,7.0,0.5,226.87121212121212,134.87121212121212,40.50757575757575,-51.49242424242425,0.27705627705627706,0
1.0344827586206897,1.0344827586206897,0,2,11,2.0,0.3333333333333333,226.82575757575754,134.27272727272728,167.89393939393935,75.3409090909091,0.28679653679653677,0
1.0344827586206897,1.0344827586206897,0,4,11,7.0,0.625,226.84848484848484,134.59090909090912,123.25757575757575,31.00000000000003,0.2943722943722944,0
0.4827586206896552,1.0344827586206897,0,3,11,8.0,1.0,213.53787878787878,138.1590909090909,78.37878787878788,3.0,0.30303030303030304,0
0.4482758620689655,0.20689655172413793,0,4,11,9.0,1.0,157.46969696969697,146.03030303030303,20.71969696969697,9.280303030303031,0.3116883116883117,0
0.8275862068965517,0.2413793103448276,0,4,11,11.0,1.0,185.2651515151515,139.6893939393939,3.469696969696969,-42.10606060606062,0.38636363636363635,0
0.896551724137931,0.27586206896551724,0,4,11,6.0,0.6,185.31818181818184,143.98484848484847,43.54545454545456,2.2121212121211897,0.37554112554112556,0
0.9310344827586207,0.27586206896551724,0,4,11,3.5,0.5,185.45454545454547,144.16666666666666,78.95454545454547,37.66666666666666,0.3647186147186147,0
0.5862068965517241,0.3103448275862069,0,4,11,8.0,1.0,184.54545454545453,144.55303030303034,54.15909090909091,14.166666666666714,0.354978354978355,0
0.5517241379310345,0.3103448275862069,0,4,11,8.0,1.0,170.1060606060606,146.7651515151515,25.46969696969697,2.1287878787878753,0.3474025974025974,0
0.5517241379310345,0.3103448275862069,0,5,11,8.5,1.0,143.3560606060606,151.77272727272728,-0.6893939393939377,7.727272727272748,0.3430735930735931,0
0.5517241379310345,0.3103448275862069,0,5,11,8.5,1.0,126.21969696969695,161.40151515151516,-17.053030303030326,18.128787878787875,0.3409090909090909,0
0.5862068965517241,0.3103448275862069,0,5,11,9.0,1.0,127.17424242424242,172.16666666666666,-18.007575757575765,26.98484848484847,0.34415584415584416,0
0.5862068965517241,0.3103448275862069,0,5,11,7.0,0.8333333333333334,139.6893939393939,179.75,-5.515151515151558,34.54545454545453,0.3625541125541126,0
0.5517241379310345,0.27586206896551724,0,5,11,9.0,0.75,143.98484848484847,181.9848484848485,-5.924242424242436,32.07575757575759,0.3722943722943723,0
0.4482758620689655,0.2413793103448276,0,5,11,8.5,0.75,144.16666666666666,181.12121212121212,-16.03787878787881,20.916666666666657,0.3787878787878788,0
0.6896551724137931,0.6896551724137931,0,5,11,11.0,1.0,179.75,141.24242424242425,-1.2272727272727195,-39.73484848484847,0.36904761904761907,0
0.7931034482758621,0.7586206896551724,0,5,11,8.5,0.75,181.9848484848485,150.13636363636363,34.7348484848485,2.886363636363626,0.3625541125541126,0
0.8275862068965517,0.7586206896551724,0,6,11,6.0,0.5454545454545454,181.12121212121212,148.18181818181816,81.00757575757576,48.0681818181818,0.3528138528138528,0
0.8275862068965517,0.7586206896551724,0,6,11,7.0,0.8571428571428571,180.46212121212122,147.58333333333334,58.80303030303031,25.924242424242436,0.3430735930735931,0
0.4827586206896552,0.7586206896551724,0,0,11,8.5,1.0,169.28030303030303,150.03787878787878,18.00757575757575,-1.2348484848484986,0.33766233766233766,0
0.4827586206896552,0.3448275862068966,0,0,11,9.5,1.0,142.78030303030303,155.0606060606061,-8.015151515151501,4.265151515151558,0.3333333333333333,0
0.5172413793103449,0.3103448275862069,0,6,11,10.0,1.0,123.00757575757575,163.8257575757576,-25.333333333333343,15.484848484848499,0.3333333333333333,0
0.5172413793103449,0.3103448275862069,0,0,11,9.5,1.0,124.34848484848486,175.4090909090909,-21.060606060606048,30.0,0.3344155844155844,0
0.5172413793103449,0.3103448275862069,0,0,11,8.5,1.0,141.24242424242425,186.54545454545453,-7.757575757575751,37.54545454545453,0.3430735930735931,0
0.5172413793103449,0.3103448275862069,0,0,11,7.5,1.0,150.13636363636363,192.219696969697,-5.568181818181841,36.51515151515153,0.3538961038961039,0
0.4827586206896552,0.3103448275862069,0,0,11,7.0,1.0,148.18181818181816,192.25,-12.295454545454561,31.77272727272728,0.3528138528138528,0
0.41379310344827586,0.3103448275862069,0,0,11,11.0,1.0,147.58333333333334,189.7348484848485,-27.71212121212119,14.439393939393966,0.35173160173160173,0
0.8620689655172413,0.20689655172413793,0,0,11,8.0,1.0,192.21969696969697,183.93181818181816,5.492424242424249,-2.795454545454561,0.29004329004329005,0
0.896551724137931,0.27586206896551724,0,6,11,6.5,0.6666666666666666,192.25,187.12878787878788,55.0,49.878787878787875,0.2727272727272727,0
0.9310344827586207,0.27586206896551724,0,6,11,6.0,0.5714285714285714,189.7348484848485,185.62878787878788,58.96212121212122,54.856060606060595,0.2554112554112554,0
0.4827586206896552,0.27586206896551724,0,0,11,7.0,1.0,187.87121212121212,187.6590909090909,11.553030303030312,11.340909090909093,0.23809523809523808,0
0.4827586206896552,0.3103448275862069,0,0,11,7.5,0.75,170.10606060606062,191.5606060606061,-20.303030303030283,1.1515151515151842,0.22402597402597402,0
0.4827586206896552,0.3103448275862069,0,0,11,8.0,0.75,151.58333333333334,198.8560606060606,-33.48484848484847,13.787878787878782,0.21428571428571427,0
0.4827586206896552,0.3103448275862069,0,0,11,8.0,0.75,148.11363636363637,208.780303030303,-37.79545454545453,22.871212121212096,0.20887445887445888,0
0.4482758620689655,0.3103448275862069,0,0,11,7.0,0.6,165.83333333333334,218.66666666666666,-20.075757575757564,32.75757575757575,0.20887445887445888,0
0.4482758620689655,0.27586206896551724,0,0,10,6.0,0.6,183.93181818181816,225.0,-7.227272727272748,33.84090909090909,0.22727272727272727,0
0.41379310344827586,0.27586206896551724,0,0,9,7.0,0.6666666666666666,187.12878787878788,226.08333333333334,-10.484848484848499,28.46969696969697,0.237012987012987,0
0.3448275862068966,0.2413793103448276,0,0,8,7.0,1.0,185.62878787878788,224.90151515151516,-22.166666666666657,17.106060606060623,0.24567099567099568,0
0.9655172413793104,0.9310344827586207,0,0,7,6.5,1.0,225.0,133.33333333333334,2.2954545454545325,-89.37121212121212,0.2824675324675325,0
1.0344827586206897,1.0,0,0,8,4.5,0.5,226.08333333333334,141.91666666666666,60.53787878787881,-23.628787878787875,0.28679653679653677,0
1.0344827586206897,1.0,0,0,9,6.0,0.5384615384615384,224.90151515151513,142.74242424242425,124.21969696969694,42.06060606060606,0.28679653679653677,0
1.0344827586206897,1.0,0,0,10,7.0,0.8888888888888888,223.53787878787878,142.66666666666666,106.33333333333333,25.462121212121204,0.2878787878787879,0
0.6896551724137931,1.0,0,0,11,8.0,1.0,203.99242424242425,143.03030303030303,63.26515151515153,2.3030303030303116,0.29004329004329005,0
0.6896551724137931,0.3448275862068966,0,0,11,9.0,1.0,162.97727272727275,146.23484848484847,20.909090909090935,4.166666666666657,0.2943722943722944,0
0.6896551724137931,0.3448275862068966,0,0,11,9.0,1.0,127.81060606060605,153.8939393939394,-15.14393939393942,10.939393939393938,0.3041125541125541,0
0.6896551724137931,0.3448275862068966,0,0,11,9.0,1.0,119.5378787878788,165.6590909090909,-23.66666666666667,22.45454545454544,0.31493506493506496,0
0.6896551724137931,0.3448275862068966,0,0,11,9.0,1.0,133.33333333333331,174.30303030303028,-8.507575757575779,32.46212121212119,0.32792207792207795,0
0.6896551724137931,0.3448275862068966,0,0,11,8.0,1.0,141.91666666666666,179.93939393939397,-2.1287878787878753,35.893939393939434,0.3582251082251082,0
0.6896551724137931,0.3448275862068966,0,0,11,10.5,1.0,142.74242424242425,181.41666666666666,-10.075757575757564,28.598484848484844,0.37554112554112556,0
0.6551724137931034,0.3448275862068966,0,0,11,11.0,1.0,142.66666666666666,183.1439393939394,-22.151515151515156,18.325757575757592,0.38961038961038963,0
0.5172413793103449,0.3448275862068966,0,0,11,11.0,1.0,143.03030303030303,182.6742424242424,-36.31060606060606,3.3333333333333144,0.4015151515151515,0
0.5172413793103449,0.3448275862068966,0,0,11,11.0,1.0,146.2348484848485,174.03787878787878,-32.5151515151515,-4.712121212121218,0.39285714285714285,0
0.4827586206896552,0.3793103448275862,0,0,11,11.0,1.0,153.89393939393938,143.16666666666666,-27.833333333333343,-38.56060606060606,0.3939393939393939,0
0.4827586206896552,0.3793103448275862,0,0,11,11.0,1.0,165.6590909090909,128.4090909090909,-18.113636363636374,-55.363636363636374,0.3961038961038961,0
0.4827586206896552,0.3448275862068966,0,0,11,11.0,1.0,174.30303030303034,122.8030303030303,-9.628787878787847,-61.12878787878789,0.3961038961038961,0
0.6206896551724138,1.0,0,0,11,11.0,1.0,179.93939393939397,138.46212121212122,-0.3787878787878469,-41.856060606060595,0.3939393939393939,0
1.0,1.0,0,0,11,11.0,1.0,181.41666666666666,138.20454545454547,23.553030303030283,-19.659090909090907,0.3874458874458874,0
1.0,1.0,0,0,11,6.0,0.6,183.1439393939394,136.36363636363637,91.82575757575759,45.04545454545456,0.3787878787878788,0
0.6896551724137931,1.0,0,0,11,8.0,0.8888888888888888,182.6742424242424,136.4848484848485,46.628787878787875,0.4393939393939661,0.36796536796536794,0
0.6551724137931034,1.0,0,0,11,11.0,1.0,174.03787878787878,138.75757575757575,32.99242424242425,-2.287878787878782,0.3625541125541126,0
0.6551724137931034,0.3448275862068966,0,0,11,10.5,1.0,143.16666666666666,143.43939393939394,4.871212121212125,5.143939393939405,0.3582251082251082,0
0.6551724137931034,0.3448275862068966,0,0,11,10.5,1.0,128.4090909090909,154.80303030303028,-6.863636363636374,19.530303030303003,0.35714285714285715,0
0.6206896551724138,0.3448275862068966,1,0,11,10.0,1.0,122.8030303030303,167.47727272727272,-12.719696969696983,31.95454545454544,0.3560606060606061,0
0.5862068965517241,0.3448275862068966,1,0,11,9.5,1.0,138.46212121212122,178.44696969696972,-0.19696969696968836,39.78787878787881,0.36147186147186144,0
0.6206896551724138,0.3448275862068966,0,0,11,10.0,1.0,138.20454545454547,182.21212121212122,-3.886363636363626,40.121212121212125,0.3841991341991342,0
0.5517241379310345,0.3793103448275862,0,0,11,11.0,1.0,136.36363636363637,184.02272727272725,-13.204545454545439,34.45454545454544,0.3939393939393939,0
0.4827586206896552,0.3793103448275862,0,0,11,11.0,1.0,136.4848484848485,185.1060606060606,-36.2651515151515,12.356060606060595,0.4015151515151515,0
0.5172413793103449,0.3793103448275862,0,0,11,11.0,1.0,138.75757575757575,184.12121212121212,-41.35606060606062,4.007575757575751,0.4069264069264069,0
0.5172413793103449,0.3793103448275862,0,0,11,11.0,1.0,143.4393939393939,168.78787878787878,-39.03787878787881,-13.689393939393938,0.3939393939393939,0
0.5172413793103449,0.3793103448275862,0,0,11,11.0,1.0,154.80303030303028,134.68939393939394,-29.24242424242425,-49.356060606060595,0.3917748917748918,0
0.4827586206896552,0.3448275862068966,0,0,11,11.0,1.0,167.47727272727272,113.7878787878788,-18.068181818181813,-71.75757575757574,0.3917748917748918,0
0.5172413793103449,0.41379310344827586,0,0,11,11.0,1.0,178.44696969696972,115.84090909090908,-7.280303030303003,-69.88636363636364,0.38961038961038963,0
0.8275862068965517,0.9310344827586207,0,0,11,11.0,1.0,182.21212121212122,136.26515151515153,1.1212121212121247,-44.825757575757564,0.38636363636363635,0
0.9310344827586207,0.9310344827586207,0,0,11,8.5,0.875,184.02272727272725,143.83333333333334,44.47727272727272,4.28787878787881,0.3787878787878788,0
0.9310344827586207,0.896551724137931,2,0,11,4.0,0.5384615384615384,185.1060606060606,143.04545454545453,101.67424242424241,59.613636363636346,0.36796536796536794,0
0.896551724137931,0.896551724137931,2,0,11,11.0,1.0,184.12121212121212,142.4090909090909,65.73484848484848,24.022727272727266,0.3593073593073593,0
0.4827586206896552,0.896551724137931,3,0,11,11.0,1.0,168.78787878787878,146.0,23.083333333333314,0.29545454545453254,0.35064935064935066,0
0.4827586206896552,0.3793103448275862,4,0,11,11.0,1.0,134.68939393939394,150.71212121212122,-10.01515151515153,6.007575757575751,0.3474025974025974,0
0.4827586206896552,0.3793103448275862,4,0,11,11.0,1.0,113.7878787878788,160.08333333333334,-27.303030303030297,18.99242424242425,0.3463203463203463,0
0.4827586206896552,0.3793103448275862,4,0,11,11.0,1.0,115.84090909090911,169.90151515151516,-27.499999999999986,26.560606060606062,0.3528138528138528,0
0.4482758620689655,0.3793103448275862,4,0,11,11.0,1.0,136.26515151515153,178.87121212121212,-6.530303030303003,36.07575757575759,0.37554112554112556,0
0.4482758620689655,0.3448275862068966,4,0,11,11.0,1.0,143.83333333333334,183.4242424242424,-8.030303030303031,31.560606060606034,0.39285714285714285,0
0.4482758620689655,0.3448275862068966,3,0,11,11.0,1.0,143.04545454545453,183.68181818181816,-14.431818181818187,26.20454545454544,0.38961038961038963,0
0.4482758620689655,0.3448275862068966,2,0,11,11.0,1.0,142.4090909090909,182.1742424242424,-28.5,11.265151515151501,0.38311688311688313,0
0.4482758620689655,0.3448275862068966,0,0,11,11.0,1.0,146.0,165.3106060606061,-35.31818181818181,-16.007575757575722,0.37337662337662336,0
0.4482758620689655,0.3448275862068966,0,0,11,11.0,1.0,150.71212121212122,133.11363636363637,-33.67424242424241,-51.27272727272725,0.3463203463203463,0
0.4482758620689655,0.3448275862068966,0,0,11,11.0,1.0,160.08333333333334,115.97727272727273,-24.48484848484847,-68.59090909090908,0.32792207792207795,0
0.4827586206896552,0.3793103448275862,0,0,11,10.0,1.0,169.90151515151516,135.25757575757575,-12.189393939393938,-46.83333333333334,0.30952380952380953,0
0.8275862068965517,0.8275862068965517,0,0,10,9.0,1.0,178.87121212121212,174.780303030303,-0.9924242424242493,-5.083333333333371,0.2922077922077922,0
0.896551724137931,0.8275862068965517,0,0,9,8.0,0.7142857142857143,183.4242424242424,199.31060606060603,49.44696969696969,65.33333333333331,0.2748917748917749,0
0.8275862068965517,0.8275862068965517,6,0,8,3.0,0.4166666666666667,183.68181818181816,203.80303030303028,98.18181818181816,118.30303030303028,0.25865800865800864,0
0.8275862068965517,0.8275862068965517,7,0,7,3.5,0.5,182.1742424242424,207.49242424242425,53.71969696969694,79.03787878787878,0.2435064935064935,0
0.2413793103448276,0.8275862068965517,8,0,6,5.0,1.0,165.3106060606061,212.4545454545454,-26.507575757575722,20.636363636363598,0.2261904761904762,0
0.1724137931034483,0.5862068965517241,8,0,0,0,0,133.11363636363637,215.83333333333334,-70.95454545454544,11.76515151515153,0.20887445887445888,0
0.20689655172413793,0.7931034482758621,0,0,0,0,0,223.00757575757575,154.77272727272728,0.0757575757575637,-68.1590909090909,0.17965367965367965,0
0.8275862068965517,0.7931034482758621,0,0,6,3.0,0.3333333333333333,226.1590909090909,178.1742424242424,34.79545454545453,-13.189393939393966,0.18614718614718614,0
0.8620689655172413,0.8275862068965517,0,0,7,2.5,0.3333333333333333,229.14393939393938,179.49242424242425,94.98484848484847,45.33333333333334,0.1958874458874459,0
0.8620689655172413,0.8275862068965517,0,0,8,2.5,0.3333333333333333,228.03030303030303,178.2348484848485,119.25757575757576,69.46212121212123,0.2067099567099567,0
0.5172413793103449,0.8275862068965517,0,0,9,8.0,1.0,215.03030303030303,177.36363636363637,40.50757575757575,2.8409090909090935,0.21753246753246752,0
0.4827586206896552,0.8275862068965517,0,0,10,8.5,1.0,182.81818181818184,176.11363636363637,1.795454545454561,-4.9090909090909065,0.22943722943722944,0
0.4827586206896552,0.20689655172413793,0,0,11,9.0,1.0,144.76515151515153,174.30303030303034,-34.21212121212119,-4.6742424242423795,0.24134199134199133,0
0.5172413793103449,0.41379310344827586,0,0,11,9.5,1.0,139.15151515151516,172.8257575757576,-39.325757575757564,-5.651515151515127,0.25216450216450215,0
0.4827586206896552,0.20689655172413793,0,0,11,7.0,1.0,154.77272727272728,172.27272727272725,-22.47727272727272,-4.977272727272748,0.2662337662337662,0
0.5172413793103449,0.41379310344827586,0,0,11,7.0,1.0,178.1742424242424,174.40151515151516,1.810606060606034,-1.9621212121212182,0.29545454545454547,0
0.5517241379310345,0.41379310344827586,0,0,11,9.5,1.0,179.49242424242425,176.37878787878788,4.76515151515153,1.6515151515151558,0.3181818181818182,0
0.5862068965517241,0.20689655172413793,0,0,11,9.0,1.0,178.2348484848485,177.25757575757578,6.416666666666686,5.439393939393966,0.3398268398268398,0
0.5517241379310345,0.41379310344827586,0,0,11,10.0,1.0,177.36363636363637,175.68939393939397,5.431818181818187,3.757575757575779,0.354978354978355,0
0.5517241379310345,0.4482758620689655,0,0,11,9.5,1.0,176.11363636363637,167.66666666666666,3.045454545454561,-5.401515151515156,0.3474025974025974,0
0.5172413793103449,0.4482758620689655,0,0,11,9.0,1.0,174.30303030303028,144.8560606060606,-3.9015151515151842,-33.34848484848487,0.3398268398268398,0
0.5517241379310345,0.4482758620689655,0,0,11,10.0,1.0,172.8257575757576,126.62121212121212,-5.037878787878782,-51.24242424242425,0.35173160173160173,0
0.5862068965517241,0.4827586206896552,0,0,11,11.0,1.0,172.27272727272725,119.63636363636363,-3.4318181818182154,-56.06818181818184,0.36147186147186144,0
0.6551724137931034,0.5172413793103449,0,0,11,10.0,1.0,174.40151515151516,128.5151515151515,0.9015151515151558,-44.9848484848485,0.36904761904761907,0
1.0344827586206897,0.5172413793103449,0,0,11,9.5,1.0,176.3787878787879,133.5151515151515,22.58333333333337,-20.28030303030303,0.3777056277056277,0
1.0344827586206897,0.5517241379310345,0,0,11,7.0,0.6666666666666666,177.25757575757578,133.79545454545453,69.98484848484851,26.522727272727266,0.37987012987012986,0
1.0344827586206897,0.5517241379310345,0,0,11,8.0,0.9090909090909091,175.68939393939397,134.20454545454547,56.89393939393942,15.40909090909092,0.38311688311688313,0
0.6896551724137931,0.5517241379310345,0,0,11,9.0,1.0,167.66666666666666,136.38636363636363,34.825757575757564,3.5454545454545325,0.38961038961038963,0
0.6896551724137931,0.41379310344827586,0,0,11,10.0,1.0,144.8560606060606,141.5530303030303,10.946969696969688,7.643939393939405,0.3917748917748918,0
0.6551724137931034,0.41379310344827586,1,0,11,10.0,1.0,126.62121212121212,151.21212121212122,-7.174242424242408,17.416666666666686,0.3939393939393939,0
0.6551724137931034,0.3793103448275862,1,0,11,9.5,1.0,119.63636363636363,164.8409090909091,-14.045454545454561,31.159090909090907,0.3971861471861472,0
0.6206896551724138,0.3793103448275862,1,0,11,9.0,1.0,128.51515151515153,175.60606060606062,-6.621212121212096,40.469696969697,0.4145021645021645,0
0.6206896551724138,0.3448275862068966,1,0,11,11.0,1.0,133.5151515151515,181.06060606060603,-6.825757575757592,40.71969696969694,0.4264069264069264,0
0.5862068965517241,0.3448275862068966,0,0,11,11.0,0.8333333333333334,133.79545454545453,180.0,-15.386363636363654,30.818181818181813,0.43506493506493504,0
0.4827586206896552,0.3448275862068966,0,0,11,11.0,1.0,134.20454545454547,177.74242424242425,-29.909090909090907,13.628787878787875,0.44372294372294374,0
0.4482758620689655,0.3103448275862069,0,0,11,11.0,1.0,136.38636363636365,173.53787878787878,-44.840909090909065,-7.689393939393938,0.4556277056277056,0
0.41379310344827586,0.3103448275862069,0,0,11,11.0,1.0,141.55303030303028,151.9090909090909,-39.924242424242436,-29.568181818181813,0.45346320346320346,0
0.41379310344827586,0.27586206896551724,0,0,11,11.0,1.0,151.21212121212122,134.0909090909091,-29.2651515151515,-46.386363636363626,0.4523809523809524,0
0.41379310344827586,0.27586206896551724,0,0,11,11.0,1.0,164.8409090909091,120.86363636363637,-13.204545454545439,-57.18181818181816,0.4491341991341991,0
0.41379310344827586,0.8275862068965517,0,0,11,10.5,1.0,175.6060606060606,123.93181818181819,0.9015151515151274,-50.77272727272728,0.4458874458874459,0
0.896551724137931,0.8620689655172413,0,1,11,10.5,1.0,181.06060606060603,122.83333333333333,13.19696969696966,-45.030303030303045,0.4393939393939394,0
0.896551724137931,0.896551724137931,0,1,11,6.0,0.6153846153846154,180.0,120.43939393939394,66.8409090909091,7.280303030303031,0.43073593073593075,0
0.8620689655172413,0.896551724137931,0,1,11,7.0,0.7272727272727273,177.74242424242425,122.7878787878788,56.49242424242425,1.537878787878796,0.4199134199134199,0
0.6551724137931034,0.9310344827586207,0,2,11,8.0,1.0,173.53787878787878,131.3939393939394,45.356060606060595,3.212121212121218,0.4134199134199134,0
0.6551724137931034,0.4482758620689655,1,2,11,10.0,1.0,151.9090909090909,140.91666666666666,29.545454545454547,18.553030303030297,0.4101731601731602,0
0.6206896551724138,0.3103448275862069,2,2,11,9.5,1.0,134.0909090909091,153.46212121212122,16.13636363636364,35.507575757575765,0.40476190476190477,0
0.6206896551724138,0.3103448275862069,1,3,11,8.5,1.0,120.86363636363637,164.24242424242425,-0.13636363636362603,43.24242424242425,0.4036796536796537,0
0.6206896551724138,0.3103448275862069,0,3,11,8.0,1.0,123.93181818181819,174.45454545454547,-5.4772727272727195,45.04545454545456,0.4166666666666667,0
0.5172413793103449,0.3103448275862069,0,3,11,8.0,1.0,122.83333333333333,179.7954545454546,-20.939393939393952,36.02272727272731,0.4296536796536797,0
0.4827586206896552,0.27586206896551724,0,4,11,8.5,1.0,120.43939393939394,182.69696969696966,-29.128787878787875,33.12878787878785,0.4264069264069264,0
0.4482758620689655,0.2413793103448276,0,4,11,10.5,1.0,122.7878787878788,184.00757575757575,-44.25757575757574,16.962121212121218,0.4231601731601732,0
0.3103448275862069,0.20689655172413793,0,5,11,11.0,1.0,131.3939393939394,184.13636363636363,-44.71969696969697,8.022727272727252,0.420995670995671,0
0.27586206896551724,0.5517241379310345,0,6,11,11.0,1.0,174.45454545454547,158.08333333333334,-9.681818181818159,-26.053030303030283,0.3658008658008658,0
0.6551724137931034,0.5862068965517241,0,0,11,11.0,1.0,179.79545454545453,168.50757575757575,-3.659090909090935,-14.946969696969717,0.3463203463203463,0
0.6896551724137931,0.6206896551724138,0,7,11,6.0,0.5555555555555556,182.69696969696972,167.62878787878788,60.85606060606062,45.78787878787878,0.3246753246753247,0
0.7241379310344828,0.6551724137931034,0,6,11,4.5,0.5,184.00757575757575,166.6590909090909,50.75757575757575,33.40909090909091,0.30627705627705626,0
0.6206896551724138,0.6551724137931034,0,0,11,8.5,1.0,184.13636363636365,173.63636363636363,17.681818181818187,7.181818181818159,0.2911255411255411,0
0.6206896551724138,0.6551724137931034,0,0,11,9.5,1.0,163.1439393939394,182.78787878787878,-11.401515151515127,8.24242424242425,0.27705627705627706,0
0.6551724137931034,0.3103448275862069,0,0,11,8.5,0.75,146.1818181818182,192.12121212121212,-18.340909090909093,27.598484848484844,0.26515151515151514,0
0.6206896551724138,0.27586206896551724,0,0,11,8.5,0.75,140.51515151515153,201.530303030303,-23.303030303030283,37.71212121212119,0.2554112554112554,0
0.5517241379310345,0.27586206896551724,0,0,11,8.0,0.75,158.08333333333334,211.96969696969697,-13.553030303030283,40.33333333333334,0.25,0
0.4482758620689655,0.27586206896551724,0,0,11,9.0,1.0,168.50757575757575,219.5757575757576,-16.946969696969717,34.121212121212125,0.24242424242424243,0
0.41379310344827586,0.27586206896551724,0,0,11,8.0,1.0,167.62878787878788,222.11363636363637,-23.643939393939405,30.840909090909093,0.23376623376623376,0
0.3793103448275862,0.2413793103448276,0,0,11,9.0,1.0,166.6590909090909,221.75757575757575,-32.97727272727272,22.121212121212125,0.22727272727272727,0
0.27586206896551724,0.20689655172413793,0,0,11,11.0,1.0,173.63636363636365,220.84848484848484,-40.04545454545453,7.166666666666657,0.22077922077922077,0
0.4827586206896552,1.0344827586206897,0,0,11,11.0,1.0,220.77272727272728,155.40151515151516,-4.25,-69.62121212121212,0.17424242424242425,1
0.2413793103448276,0.7241379310344828,0,0,11,11.0,1.0,204.29545454545453,124.78030303030302,-18.79545454545456,-98.31060606060608,0.3409090909090909,0
1.0,0.8275862068965517,0,0,11,11.0,1.0,225.3409090909091,130.52272727272725,6.7727272727272805,-88.04545454545456,0.354978354978355,0
1.0344827586206897,0.8275862068965517,0,0,11,4.0,0.5,224.06818181818184,126.69696969696969,96.38636363636365,-0.9848484848484986,0.3658008658008658,0
1.0344827586206897,0.8275862068965517,0,4,11,7.0,0.7,223.05303030303034,128.9469696969697,118.0075757575758,23.90151515151514,0.37445887445887444,0
0.5517241379310345,0.8275862068965517,0,4,11,8.0,1.0,221.13636363636363,137.49242424242425,85.1590909090909,1.5151515151515298,0.3560606060606061,0
0.4827586206896552,0.3103448275862069,1,4,11,9.0,1.0,189.78030303030303,146.50757575757575,56.46212121212122,13.189393939393938,0.33766233766233766,0
0.4827586206896552,0.27586206896551724,2,4,11,10.0,1.0,150.4318181818182,153.97727272727272,28.15909090909092,31.704545454545453,0.3409090909090909,0
0.4827586206896552,0.27586206896551724,2,4,11,11.0,1.0,122.90151515151514,163.90151515151516,-1.5984848484848584,39.401515151515156,0.35064935064935066,0
0.4827586206896552,0.27586206896551724,0,4,11,11.0,1.0,124.78030303030302,174.4090909090909,-15.287878787878796,34.34090909090909,0.36038961038961037,0
0.4827586206896552,0.27586206896551724,0,4,11,11.0,1.0,130.52272727272725,180.83333333333334,-17.386363636363654,32.924242424242436,0.38095238095238093,0
0.4827586206896552,0.27586206896551724,0,5,11,11.0,1.0,126.69696969696969,182.93181818181816,-24.848484848484844,31.386363636363626,0.3971861471861472,0
0.4482758620689655,0.27586206896551724,0,5,11,11.0,1.0,128.9469696969697,182.9848484848485,-33.53030303030303,20.50757575757578,0.4101731601731602,0
0.27586206896551724,0.27586206896551724,0,5,11,11.0,1.0,137.49242424242425,183.6893939393939,-40.18939393939394,6.007575757575722,0.4253246753246753,0
0.41379310344827586,0.27586206896551724,0,5,11,11.0,1.0,180.83333333333334,137.24242424242425,-3.030303030303031,-46.621212121212125,0.38852813852813856,0
0.7931034482758621,0.3103448275862069,0,5,11,11.0,1.0,182.93181818181816,145.76515151515153,20.590909090909065,-16.575757575757564,0.37662337662337664,0
0.7931034482758621,0.3793103448275862,0,5,11,8.5,0.75,182.9848484848485,147.8257575757576,52.689393939393966,17.53030303030306,0.36796536796536794,0
0.8275862068965517,0.3793103448275862,0,5,11,11.0,1.0,183.68939393939397,150.15151515151516,63.189393939393966,29.651515151515156,0.36038961038961037,0
0.4482758620689655,0.3793103448275862,0,5,11,11.0,1.0,176.47727272727275,153.95454545454547,31.79545454545456,9.27272727272728,0.3528138528138528,0
0.4482758620689655,0.3103448275862069,0,5,11,10.0,1.0,158.83333333333334,157.81060606060606,12.28787878787881,11.26515151515153,0.3463203463203463,0
0.4482758620689655,0.27586206896551724,0,0,11,10.0,1.0,137.71212121212122,162.1060606060606,-8.356060606060595,16.037878787878782,0.34523809523809523,0
0.4482758620689655,0.27586206896551724,0,0,11,9.0,1.0,131.8257575757576,169.88636363636365,-19.037878787878782,19.02272727272728,0.341991341991342,0
0.41379310344827586,0.27586206896551724,0,0,11,8.0,1.0,137.24242424242425,174.5151515151515,-16.28030303030303,20.99242424242422,0.3430735930735931,0
0.41379310344827586,0.27586206896551724,0,0,11,8.0,1.0,145.76515151515153,180.0909090909091,-11.71212121212119,22.613636363636374,0.3582251082251082,0
0.4482758620689655,0.27586206896551724,0,0,11,7.0,1.0,147.8257575757576,181.56818181818184,-14.606060606060595,19.136363636363654,0.36363636363636365,0
0.41379310344827586,0.27586206896551724,0,0,11,8.5,1.0,150.15151515151516,183.93181818181816,-16.25757575757575,17.522727272727252,0.36904761904761907,0
0.2413793103448276,0.20689655172413793,0,0,11,11.0,1.0,153.95454545454547,182.84848484848484,-26.863636363636346,2.030303030303031,0.37554112554112556,0
0.4827586206896552,0.5862068965517241,0,0,11,8.0,1.0,180.0909090909091,144.40151515151516,0.20454545454546746,-35.48484848484847,0.36147186147186144,0
0.6551724137931034,0.6206896551724138,0,0,11,7.5,1.0,181.56818181818184,144.0681818181818,23.159090909090935,-14.340909090909093,0.354978354978355,0
0.6896551724137931,0.6551724137931034,0,6,11,6.0,0.6666666666666666,183.93181818181816,145.97727272727272,78.88636363636361,40.93181818181817,0.3484848484848485,0
0.4827586206896552,0.6896551724137931,0,0,11,7.0,1.0,182.84848484848484,149.68181818181816,36.46212121212122,3.2954545454545325,0.3409090909090909,0
0.4482758620689655,0.6896551724137931,0,0,11,7.5,1.0,173.90151515151513,154.31818181818178,30.083333333333314,10.499999999999972,0.3365800865800866,0
0.4482758620689655,0.3103448275862069,0,0,11,8.0,1.0,147.78030303030303,160.72727272727272,4.780303030303031,17.72727272727272,0.3365800865800866,0
0.4482758620689655,0.3103448275862069,0,0,11,8.0,1.0,136.61363636363637,171.81818181818184,-8.772727272727252,26.431818181818215,0.33766233766233766,0
0.4482758620689655,0.3103448275862069,0,0,11,8.0,1.0,131.75,182.31818181818178,-17.795454545454533,32.77272727272725,0.33766233766233766,0
0.41379310344827586,0.3103448275862069,0,0,11,7.5,1.0,144.40151515151516,189.780303030303,-9.712121212121218,35.66666666666663,0.3560606060606061,0
0.3793103448275862,0.27586206896551724,0,0,11,7.0,1.0,144.0681818181818,190.5909090909091,-15.22727272727272,31.29545454545456,0.3777056277056277,0
0.3103448275862069,0.27586206896551724,0,0,11,7.0,1.0,145.97727272727272,189.8257575757576,-22.79545454545456,21.05303030303031,0.3787878787878788,0
0.20689655172413793,0.20689655172413793,0,0,11,9.0,1.0,149.68181818181816,189.12121212121212,-37.70454545454547,1.7348484848484986,0.37987012987012986,0
0.20689655172413793,0.6896551724137931,0,1,11,10.0,1.0,189.780303030303,159.28030303030303,0.7348484848484702,-29.7651515151515,0.3354978354978355,0
0.7586206896551724,0.7931034482758621,0,1,11,10.0,1.0,190.5909090909091,178.96212121212125,7.3409090909090935,-4.287878787878753,0.32575757575757575,0
0.8275862068965517,0.7931034482758621,0,7,11,2.0,0.45454545454545453,189.8257575757576,185.24242424242425,70.12121212121214,65.5378787878788,0.31385281385281383,0
0.8275862068965517,0.7931034482758621,0,6,11,4.0,0.5,189.1212121212121,185.8560606060606,62.484848484848456,59.219696969696955,0.3008658008658009,0
0.4827586206896552,0.7931034482758621,0,0,11,8.0,1.0,186.93181818181816,186.96212121212122,20.068181818181785,20.098484848484844,0.29004329004329005,0
0.41379310344827586,0.7931034482758621,0,0,11,9.0,1.0,164.0,189.80303030303028,-20.340909090909093,5.46212121212119,0.2792207792207792,0
0.4482758620689655,0.27586206896551724,0,0,11,10.0,1.0,143.19696969696972,196.72727272727275,-42.48484848484847,11.045454545454561,0.27056277056277056,0
0.4482758620689655,0.3103448275862069,0,0,11,10.0,1.0,137.73484848484847,207.0757575757576,-47.969696969697,21.371212121212125,0.262987012987013,0
0.4482758620689655,0.3103448275862069,0,0,11,9.0,1.0,159.28030303030303,216.77272727272725,-26.901515151515156,30.590909090909065,0.26515151515151514,0
0.41379310344827586,0.3103448275862069,0,0,11,8.0,1.0,178.96212121212122,221.68939393939397,-10.037878787878782,32.689393939393966,0.28354978354978355,0
0.41379310344827586,0.3103448275862069,0,0,11,7.0,1.0,185.24242424242425,222.75,-8.98484848484847,28.52272727272728,0.2922077922077922,0
0.3448275862068966,0.3103448275862069,0,0,11,7.0,1.0,185.8560606060606,223.87121212121212,-21.098484848484873,16.916666666666657,0.3008658008658009,0
0.2413793103448276,0.20689655172413793,0,0,11,8.0,1.0,186.96212121212122,224.40151515151513,-33.083333333333314,4.356060606060595,0.30844155844155846,0
0.8620689655172413,0.8620689655172413,0,0,11,11.0,1.0,221.6893939393939,134.21969696969697,-1.6060606060606233,-89.07575757575756,0.30194805194805197,0
0.896551724137931,0.8620689655172413,0,0,11,6.0,1.0,222.75,139.75757575757575,57.95454545454547,-25.037878787878782,0.3041125541125541,0
0.9310344827586207,0.896551724137931,0,0,11,6.0,0.6923076923076923,223.87121212121212,140.4318181818182,106.73484848484848,23.295454545454547,0.30627705627705626,0
0.896551724137931,0.896551724137931,0,0,11,8.0,1.0,224.40151515151516,144.08333333333334,100.26515151515152,19.946969696969703,0.30735930735930733,0
0.7241379310344828,0.9310344827586207,0,0,11,9.0,1.0,204.9242424242424,148.96212121212122,65.83333333333331,9.871212121212125,0.3106060606060606,0
0.7241379310344828,0.3103448275862069,0,0,11,10.0,1.0,168.4090909090909,156.13636363636363,28.97727272727272,16.70454545454544,0.31385281385281383,0
0.7586206896551724,0.3103448275862069,0,0,11,10.0,1.0,135.3560606060606,163.91666666666666,-5.393939393939405,23.166666666666657,0.32142857142857145,0
0.7241379310344828,0.3103448275862069,0,0,11,10.0,1.0,126.7878787878788,172.43939393939397,-14.325757575757578,31.325757575757592,0.329004329004329,0
0.6551724137931034,0.27586206896551724,0,0,11,10.0,1.0,134.21969696969697,178.3257575757576,-16.166666666666657,27.939393939393966,0.3398268398268398,0
0.6551724137931034,0.27586206896551724,0,0,11,9.5,1.0,139.75757575757575,180.20454545454547,-15.628787878787875,24.81818181818184,0.36796536796536794,0
0.6551724137931034,0.3103448275862069,0,0,11,11.0,1.0,140.4318181818182,180.46212121212122,-22.20454545454544,17.825757575757592,0.3874458874458874,0
0.5862068965517241,0.3103448275862069,0,0,11,11.0,1.0,144.08333333333334,180.8939393939394,-29.643939393939377,7.166666666666686,0.4036796536796537,0
0.4827586206896552,0.3448275862068966,0,0,11,10.5,1.0,148.96212121212122,181.8257575757576,-31.99242424242425,0.8712121212121247,0.41125541125541126,0
0.4827586206896552,0.3448275862068966,0,0,11,10.0,1.0,156.13636363636363,167.96212121212122,-24.159090909090907,-12.333333333333314,0.4025974025974026,0
0.4827586206896552,0.3448275862068966,0,0,11,8.0,1.0,163.91666666666666,144.8712121212121,-15.446969696969717,-34.49242424242428,0.4025974025974026,0
0.4827586206896552,0.3448275862068966,0,0,11,9.0,1.0,172.4393939393939,125.5151515151515,-9.28787878787881,-56.21212121212122,0.4025974025974026,0
0.4827586206896552,0.3793103448275862,0,0,11,10.0,1.0,178.3257575757576,127.21969696969695,-3.2651515151515014,-54.37121212121214,0.4025974025974026,0
1.0,0.9655172413793104,0,0,11,10.0,1.0,180.20454545454547,138.16666666666666,-1.954545454545439,-43.99242424242425,0.4004329004329004,0
1.0344827586206897,1.0344827586206897,0,0,11,9.0,1.0,180.46212121212122,144.20454545454547,40.32575757575759,4.068181818181841,0.39826839826839827,0
1.0344827586206897,1.0344827586206897,0,0,11,7.0,0.6666666666666666,180.8939393939394,143.5909090909091,68.57575757575759,31.27272727272728,0.3939393939393939,0
1.0344827586206897,1.0344827586206897,0,0,11,8.5,1.0,181.8257575757576,142.52272727272728,57.7348484848485,18.431818181818187,0.38961038961038963,0
0.7241379310344828,1.0344827586206897,0,0,11,10.0,1.0,167.96212121212122,143.78030303030303,22.712121212121218,-1.4696969696969688,0.3874458874458874,0
0.7241379310344828,0.3793103448275862,0,0,11,11.0,1.0,144.87121212121212,147.81818181818184,-0.28787878787878185,2.659090909090935,0.38852813852813856,0
0.7241379310344828,0.27586206896551724,0,0,11,11.0,1.0,125.5151515151515,156.46969696969697,-16.689393939393966,14.265151515151501,0.3906926406926407,0
0.7241379310344828,0.27586206896551724,0,0,11,11.0,1.0,127.21969696969698,167.90151515151516,-16.189393939393923,24.49242424242425,0.3939393939393939,0
0.7586206896551724,0.3793103448275862,0,0,11,11.0,1.0,138.16666666666666,174.72727272727275,-3.7878787878788103,32.77272727272728,0.4015151515151515,0
0.7586206896551724,0.41379310344827586,0,0,11,11.0,1.0,144.20454545454547,178.4848484848485,-1.772727272727252,32.50757575757578,0.41774891774891776,0
0.7241379310344828,0.41379310344827586,0,0,11,11.0,1.0,143.5909090909091,178.40151515151516,-11.931818181818187,22.878787878787875,0.42424242424242425,0
0.6551724137931034,0.41379310344827586,0,0,11,11.0,1.0,142.52272727272728,179.02272727272728,-25.386363636363626,11.113636363636374,0.4329004329004329,0
0.5172413793103449,0.20689655172413793,0,0,11,11.0,1.0,143.78030303030303,175.14393939393938,-36.49242424242425,-5.128787878787904,0.4393939393939394,0
0.5862068965517241,0.41379310344827586,0,0,11,11.0,1.0,147.81818181818184,159.40151515151513,-28.18181818181816,-16.598484848484873,0.43073593073593075,0
0.5862068965517241,0.41379310344827586,0,0,11,11.0,1.0,156.46969696969697,131.23484848484847,-22.712121212121218,-47.94696969696972,0.4318181818181818,0
0.5862068965517241,0.4482758620689655,0,0,11,11.0,1.0,167.90151515151516,120.25757575757575,-12.121212121212125,-59.76515151515153,0.43398268398268397,0
0.6551724137931034,0.4482758620689655,0,0,11,11.0,1.0,174.72727272727272,121.59090909090908,-3.1363636363636545,-56.272727272727295,0.43398268398268397,0
1.0,0.9655172413793104,0,0,11,11.0,1.0,178.4848484848485,135.86363636363635,10.939393939393966,-31.681818181818187,0.4318181818181818,0
1.0,0.9655172413793104,0,0,11,11.0,0.8,178.40151515151516,135.71969696969697,45.60606060606062,2.9242424242424363,0.42424242424242425,0
1.0,0.9655172413793104,0,0,11,9.0,0.5714285714285714,179.02272727272725,135.4848484848485,85.65909090909089,42.12121212121214,0.4166666666666667,0
0.7241379310344828,0.9655172413793104,0,0,11,11.0,1.0,175.14393939393938,137.29545454545453,40.530303030303,2.6818181818181586,0.4090909090909091,0
0.7241379310344828,0.9655172413793104,0,0,11,11.0,0.8888888888888888,159.40151515151516,141.9848484848485,22.606060606060623,5.189393939393966,0.40584415584415584,0
0.7241379310344828,0.4827586206896552,1,0,11,11.0,0.8888888888888888,131.23484848484847,148.83333333333334,-4.946969696969717,12.651515151515156,0.4025974025974026,0
0.6896551724137931,0.4482758620689655,1,0,11,11.0,0.9,120.25757575757575,159.91666666666666,-13.924242424242436,25.73484848484847,0.4015151515151515,0
0.6896551724137931,0.4482758620689655,1,0,11,11.0,1.0,121.59090909090908,171.03787878787878,-14.500000000000014,34.94696969696969,0.4004329004329004,0
0.6206896551724138,0.4482758620689655,1,0,11,11.0,1.0,135.86363636363637,179.3106060606061,-5.75,37.69696969696972,0.4145021645021645,0
0.5862068965517241,0.2413793103448276,1,0,11,11.0,1.0,135.71969696969697,180.59090909090912,-12.530303030303031,32.34090909090912,0.42207792207792205,0
0.5862068965517241,0.4482758620689655,0,0,11,11.0,1.0,135.48484848484847,179.7348484848485,-21.151515151515156,23.098484848484873,0.4199134199134199,0
0.5172413793103449,0.41379310344827586,0,0,11,11.0,1.0,137.29545454545456,179.1590909090909,-37.56818181818181,4.2954545454545325,0.4166666666666667,0
0.5172413793103449,0.41379310344827586,0,0,11,11.0,1.0,141.9848484848485,174.00757575757575,-39.628787878787875,-7.606060606060623,0.40584415584415584,0
0.5172413793103449,0.41379310344827586,0,0,11,11.0,1.0,148.83333333333334,151.51515151515153,-32.621212121212125,-29.939393939393938,0.38636363636363635,0
0.5172413793103449,0.41379310344827586,0,0,11,11.0,1.0,159.91666666666666,135.47727272727272,-18.78787878787881,-43.22727272727275,0.37554112554112556,0
0.5172413793103449,0.3793103448275862,0,0,11,10.0,1.0,171.03787878787878,139.05303030303028,-8.00757575757575,-39.99242424242425,0.3658008658008658,0
0.5517241379310345,0.6896551724137931,0,0,11,9.0,1.0,179.3106060606061,163.1590909090909,-0.41666666666662877,-16.568181818181813,0.35064935064935066,0
0.9310344827586207,0.6896551724137931,0,0,11,8.0,1.0,180.5909090909091,181.21969696969697,17.340909090909093,17.96969696969697,0.33225108225108224,0
0.896551724137931,0.6896551724137931,1,0,11,7.0,0.6363636363636364,179.7348484848485,185.46212121212122,68.16666666666669,73.8939393939394,0.31277056277056275,0
0.896551724137931,0.6896551724137931,3,0,10,6.0,0.75,179.1590909090909,186.30303030303028,47.54545454545453,54.68939393939391,0.29545454545454547,0
0.20689655172413793,0.6896551724137931,4,0,9,9.0,1.0,174.00757575757575,187.81818181818184,0.030303030303031164,13.840909090909122,0.2803030303030303,0
0.20689655172413793,0.3448275862068966,4,0,9,8.0,1.0,151.5151515151515,192.0151515151515,-32.371212121212125,8.128787878787875,0.26515151515151514,0
0.2413793103448276,0.7931034482758621,0,0,0,0,0,223.34848484848484,138.29545454545453,-3.3560606060606233,-88.40909090909093,0.27380952380952384,0
0.8620689655172413,0.8620689655172413,0,0,4,4.0,1.0,226.03787878787878,155.24242424242422,7.060606060606062,-63.7348484848485,0.27705627705627706,0
0.896551724137931,0.896551724137931,6,0,6,3.0,0.5,225.86363636363637,160.78787878787878,98.79545454545456,33.71969696969697,0.27813852813852813,0
0.9310344827586207,0.896551724137931,7,0,7,4.0,0.5384615384615384,225.9242424242424,160.16666666666666,115.44696969696967,49.68939393939392,0.2792207792207792,0
0.5862068965517241,0.896551724137931,0,0,8,7.0,1.0,223.83333333333334,160.28787878787878,80.69696969696972,17.151515151515156,0.2792207792207792,0
0.5517241379310345,0.9310344827586207,0,0,9,8.5,1.0,190.91666666666666,163.11363636363637,29.643939393939377,1.8409090909090935,0.28354978354978355,0
0.5517241379310345,0.4482758620689655,0,0,10,9.5,1.0,152.1742424242424,168.43939393939394,-9.143939393939405,7.121212121212125,0.29004329004329005,0
0.5517241379310345,0.4827586206896552,0,0,11,10.0,1.0,126.89393939393939,174.14393939393938,-32.87878787878789,14.371212121212096,0.2987012987012987,0
0.5517241379310345,0.41379310344827586,0,0,11,11.0,1.0,138.29545454545453,178.43181818181816,-21.113636363636374,19.022727272727252,0.3106060606060606,0
0.5517241379310345,0.4827586206896552,0,0,11,11.0,1.0,155.24242424242425,180.6893939393939,-6.439393939393938,19.007575757575722,0.33766233766233766,0
0.5517241379310345,0.4482758620689655,0,0,11,11.0,1.0,160.78787878787878,181.530303030303,-7.462121212121218,13.280303030303003,0.35714285714285715,0
0.5517241379310345,0.4482758620689655,0,0,11,10.0,1.0,160.16666666666666,182.11363636363637,-15.219696969696969,6.727272727272748,0.37662337662337664,0
0.5172413793103449,0.4482758620689655,0,0,11,10.0,1.0,160.28787878787878,181.78030303030303,-18.50757575757575,2.9848484848484986,0.395021645021645,0
0.5172413793103449,0.4482758620689655,0,0,11,11.0,1.0,163.11363636363637,168.6590909090909,-18.0,-12.454545454545467,0.3841991341991342,0
0.5172413793103449,0.41379310344827586,0,0,11,11.0,1.0,168.43939393939394,139.72727272727272,-13.719696969696969,-42.43181818181819,0.3722943722943723,0
0.4827586206896552,0.3793103448275862,0,0,11,11.0,1.0,174.14393939393938,117.49242424242425,-7.174242424242436,-63.825757575757564,0.37554112554112556,0
0.4827586206896552,0.3793103448275862,0,0,11,11.0,1.0,178.43181818181816,117.7272727272727,-4.431818181818215,-65.13636363636367,0.3787878787878788,0
0.9655172413793104,0.9655172413793104,0,0,11,9.5,1.0,180.6893939393939,132.1439393939394,-0.46969696969699726,-49.0151515151515,0.3841991341991342,0
1.0,1.0344827586206897,0,0,11,8.0,1.0,181.53030303030303,139.04545454545453,39.575757575757564,-2.909090909090935,0.38311688311688313,0
1.0344827586206897,1.0344827586206897,0,0,11,7.0,0.6666666666666666,182.11363636363637,135.8030303030303,86.04545454545456,39.7348484848485,0.38311688311688313,0
1.0344827586206897,1.0344827586206897,0,0,11,7.5,1.0,181.780303030303,135.37878787878788,67.32575757575755,20.924242424242422,0.38311688311688313,0
0.6206896551724138,1.0344827586206897,0,0,11,8.0,1.0,168.6590909090909,138.25,26.0,-4.4090909090909065,0.38311688311688313,0
0.6206896551724138,0.3448275862068966,0,0,11,10.0,1.0,139.72727272727272,144.1439393939394,0.4090909090909065,4.825757575757592,0.38203463203463206,0
0.6206896551724138,0.3103448275862069,0,0,11,10.0,1.0,117.49242424242425,152.46212121212122,-17.666666666666657,17.30303030303031,0.3841991341991342,0
0.6206896551724138,0.3103448275862069,0,0,11,9.0,1.0,117.72727272727273,161.69696969696972,-15.204545454545453,28.76515151515153,0.38852813852813856,0
0.6206896551724138,0.3103448275862069,0,0,11,8.5,1.0,132.1439393939394,168.31818181818184,-5.901515151515127,30.27272727272731,0.3971861471861472,0
0.6206896551724138,0.3103448275862069,0,0,11,9.0,1.0,139.04545454545453,172.87878787878788,-4.727272727272748,29.106060606060595,0.4101731601731602,0
0.5517241379310345,0.3103448275862069,0,0,11,8.5,1.0,135.8030303030303,173.49242424242425,-14.810606060606062,22.878787878787875,0.42207792207792205,0
0.5172413793103449,0.3103448275862069,0,1,11,10.0,1.0,135.37878787878788,176.50757575757575,-27.621212121212125,13.50757575757575,0.43073593073593075,0
0.3793103448275862,0.3103448275862069,0,1,11,11.0,1.0,138.25,175.83333333333334,-33.22727272727272,4.356060606060623,0.44047619047619047,0
0.3793103448275862,0.20689655172413793,0,2,11,11.0,1.0,144.14393939393938,163.90151515151516,-26.333333333333343,-6.575757575757564,0.4318181818181818,0
0.3793103448275862,0.20689655172413793,0,2,11,11.0,1.0,152.46212121212122,143.91666666666666,-24.21969696969697,-32.76515151515153,0.4318181818181818,0
0.3793103448275862,0.20689655172413793,0,2,11,11.0,1.0,161.69696969696972,130.79545454545453,-11.621212121212096,-42.52272727272728,0.4274891774891775,0
0.3793103448275862,0.20689655172413793,0,2,11,10.5,1.0,168.3181818181818,131.09848484848484,-11.204545454545467,-48.424242424242436,0.4231601731601732,0
0.7931034482758621,0.2413793103448276,0,3,11,10.0,1.0,172.87878787878788,134.15151515151516,-1.7803030303030312,-40.50757575757575,0.4155844155844156,0
0.8620689655172413,0.3448275862068966,0,3,11,8.0,0.5714285714285714,173.49242424242425,132.33333333333334,35.96969696969697,-5.189393939393938,0.4036796536796537,0
0.8620689655172413,0.3448275862068966,0,3,11,6.5,0.75,176.50757575757575,131.8257575757576,56.93939393939394,12.257575757575779,0.395021645021645,0
0.5862068965517241,0.3448275862068966,0,4,11,7.0,0.875,175.83333333333334,138.3257575757576,40.53787878787881,3.0303030303030596,0.3874458874458874,0
0.6896551724137931,0.3448275862068966,0,4,11,8.5,1.0,163.90151515151516,147.05303030303028,25.46969696969697,8.621212121212096,0.3787878787878788,0
0.6896551724137931,0.3103448275862069,0,5,11,8.0,0.6666666666666666,143.91666666666666,156.62878787878788,15.189393939393938,27.901515151515156,0.37337662337662336,0
0.6206896551724138,0.3103448275862069,0,5,11,8.0,0.75,130.79545454545453,167.30303030303028,0.954545454545439,37.46212121212119,0.36796536796536794,0
0.5862068965517241,0.3103448275862069,0,5,11,7.5,0.75,131.09848484848484,177.3257575757576,-5.810606060606062,40.416666666666686,0.36363636363636365,0
0.4482758620689655,0.3103448275862069,0,0,11,8.0,1.0,134.15151515151513,183.93939393939397,-14.075757575757592,35.71212121212125,0.3722943722943723,0
0.4482758620689655,0.3103448275862069,0,0,11,7.0,1.0,132.33333333333334,187.0909090909091,-23.689393939393938,31.068181818181813,0.38203463203463206,0
0.3793103448275862,0.3103448275862069,0,0,11,6.0,1.0,131.8257575757576,190.0,-33.810606060606034,24.363636363636374,0.3777056277056277,0
0.3448275862068966,0.3103448275862069,0,1,11,9.0,1.0,138.3257575757576,193.6742424242424,-41.92424242424241,13.424242424242408,0.37337662337662336,0
0.2413793103448276,0.20689655172413793,0,7,11,8.0,0.6666666666666666,147.05303030303028,190.87878787878788,-39.03787878787881,4.787878787878782,0.36688311688311687,0
0.27586206896551724,0.4482758620689655,0,8,11,11.0,1.0,183.9393939393939,169.20454545454547,-12.56060606060609,-27.295454545454533,0.31601731601731603,0
0.5517241379310345,0.4827586206896552,0,8,11,11.0,0.6666666666666666,187.0909090909091,178.83333333333334,5.7727272727272805,-2.48484848484847,0.2987012987012987,0
0.5862068965517241,0.5517241379310345,0,8,11,4.5,0.5,190.0,173.12121212121212,38.06818181818181,21.189393939393938,0.27705627705627706,0
0.6206896551724138,0.5517241379310345,0,8,11,6.5,0.625,193.6742424242424,173.5909090909091,54.15151515151513,34.06818181818181,0.262987012987013,0
0.5172413793103449,0.5517241379310345,0,0,11,8.0,1.0,190.87878787878788,180.62878787878788,2.401515151515156,-7.848484848484844,0.24783549783549783,0
0.6206896551724138,0.3793103448275862,0,0,11,8.5,0.8333333333333334,176.58333333333334,188.81818181818184,-3.030303030303031,9.204545454545467,0.23593073593073594,0
0.5862068965517241,0.27586206896551724,0,0,11,9.5,0.8333333333333334,157.5909090909091,197.27272727272725,-10.818181818181813,28.863636363636346,0.22727272727272727,0
0.5517241379310345,0.27586206896551724,0,0,11,9.5,0.8333333333333334,159.97727272727272,209.87878787878788,-11.363636363636374,38.53787878787878,0.21645021645021645,0
0.5172413793103449,0.27586206896551724,0,0,11,9.0,1.0,169.20454545454547,219.50757575757575,-11.818181818181813,38.48484848484847,0.20562770562770563,0
0.4482758620689655,0.27586206896551724,0,0,11,8.0,1.0,178.83333333333334,226.58333333333334,-10.689393939393938,37.06060606060606,0.1958874458874459,0
0.4482758620689655,0.27586206896551724,0,0,11,7.0,0.8,173.12121212121212,226.83333333333334,-22.787878787878782,30.924242424242436,0.18722943722943722,0
0.3793103448275862,0.27586206896551724,0,0,11,8.5,1.0,173.5909090909091,227.68939393939397,-32.79545454545453,21.30303030303034,0.17857142857142858,0
0.2413793103448276,0.20689655172413793,0,0,11,11.0,1.0,180.62878787878788,227.6439393939394,-46.71212121212122,0.30303030303031164,0.16883116883116883,0
1.0344827586206897,1.0,0,0,11,8.0,1.0,228.80303030303034,183.5757575757576,25.848484848484873,-19.378787878787875,0.14285714285714285,1
0.8275862068965517,0.3448275862068966,0,0,11,9.5,1.0,230.37878787878788,147.13636363636363,13.583333333333343,-69.6590909090909,0.3106060606060606,0
0.896551724137931,0.3793103448275862,0,0,11,2.0,0.4,231.1060606060606,146.5909090909091,71.21969696969697,-13.295454545454533,0.3235930735930736,0
0.896551724137931,0.3793103448275862,0,6,11,2.0,0.4,230.58333333333334,145.43181818181816,119.62878787878789,34.477272727272705,0.3116883116883117,0
0.5517241379310345,0.41379310344827586,0,6,11,7.0,1.0,225.7651515151515,147.55303030303028,80.99242424242422,2.7803030303030027,0.29329004329004327,0
0.4827586206896552,0.41379310344827586,0,0,11,8.0,1.0,202.31060606060603,152.1060606060606,50.42424242424241,0.21969696969696884,0.27380952380952384,0
0.5172413793103449,0.3103448275862069,0,6,11,8.0,0.8571428571428571,162.54545454545453,156.56060606060603,17.795454545454533,11.810606060606034,0.2846320346320346,0
0.5172413793103449,0.3103448275862069,0,6,11,8.0,1.0,138.53787878787878,163.8409090909091,-4.598484848484844,20.704545454545467,0.2943722943722944,0
0.4827586206896552,0.3103448275862069,0,0,11,8.0,0.8333333333333334,135.8712121212121,172.11363636363637,-12.53787878787881,23.704545454545467,0.3051948051948052,0
0.4482758620689655,0.3103448275862069,0,0,11,8.5,0.8333333333333334,147.13636363636363,180.719696969697,-3.977272727272748,29.606060606060623,0.32142857142857145,0
0.4827586206896552,0.27586206896551724,0,0,11,10.0,1.0,146.5909090909091,186.2954545454546,-10.204545454545439,29.500000000000057,0.3463203463203463,0
0.41379310344827586,0.27586206896551724,0,6,11,11.0,1.0,145.43181818181816,187.96212121212122,-16.340909090909122,26.189393939393938,0.3658008658008658,0
0.3448275862068966,0.20689655172413793,0,6,11,11.0,1.0,147.55303030303028,187.65151515151516,-25.401515151515184,14.696969696969688,0.3787878787878788,0
0.6551724137931034,0.5862068965517241,0,5,11,11.0,1.0,186.29545454545453,139.46212121212122,-0.2727272727272805,-47.106060606060595,0.3722943722943723,0
0.6896551724137931,0.6206896551724138,0,5,11,6.0,0.6,187.96212121212122,145.37878787878788,40.916666666666686,-1.6666666666666572,0.3658008658008658,0
0.7241379310344828,0.6551724137931034,0,5,11,3.0,0.4444444444444444,187.65151515151516,143.34848484848484,73.96969696969697,29.666666666666657,0.3593073593073593,0
0.7931034482758621,0.6896551724137931,0,5,11,7.0,0.7142857142857143,186.61363636363637,142.0681818181818,60.20454545454547,15.659090909090907,0.354978354978355,0
0.5172413793103449,0.6896551724137931,0,0,11,9.0,1.0,173.4242424242424,142.5,25.424242424242408,-5.5,0.3484848484848485,0
0.5172413793103449,0.3103448275862069,0,0,11,9.0,1.0,149.09848484848484,147.62878787878788,5.121212121212125,3.651515151515156,0.34415584415584416,0
0.5172413793103449,0.27586206896551724,0,0,11,9.5,1.0,129.04545454545453,158.25757575757575,-15.113636363636374,14.098484848484844,0.341991341991342,0
0.5517241379310345,0.27586206896551724,0,0,11,9.5,1.0,129.36363636363635,170.75757575757575,-12.545454545454561,28.848484848484844,0.34415584415584416,0
0.5517241379310345,0.27586206896551724,0,5,11,9.5,1.0,139.46212121212122,180.1590909090909,-0.6742424242424079,40.02272727272728,0.36363636363636365,0
0.4827586206896552,0.27586206896551724,0,5,11,9.0,1.0,145.37878787878788,184.5757575757576,-0.07575757575759212,39.121212121212125,0.37554112554112556,0
0.4482758620689655,0.2413793103448276,0,5,11,11.0,1.0,143.34848484848484,185.9393939393939,-13.946969696969688,28.643939393939377,0.38311688311688313,0
0.3103448275862069,0.2413793103448276,0,5,11,11.0,1.0,142.06818181818178,186.2651515151515,-29.954545454545496,14.242424242424221,0.38852813852813856,0
0.7586206896551724,0.4827586206896552,0,5,11,11.0,1.0,180.1590909090909,136.16666666666666,-6.318181818181813,-50.31060606060606,0.3874458874458874,0
0.8620689655172413,0.5172413793103449,0,5,11,11.0,1.0,184.5757575757576,144.31060606060603,35.50757575757578,-4.757575757575779,0.38636363636363635,0
0.896551724137931,0.5517241379310345,0,5,11,2.0,0.45454545454545453,185.9393939393939,143.3939393939394,71.59848484848482,29.05303030303031,0.3841991341991342,0
0.8275862068965517,0.5517241379310345,0,5,11,7.0,0.8571428571428571,186.2651515151515,141.3257575757576,70.03787878787877,25.09848484848486,0.38095238095238093,0
0.5862068965517241,0.5517241379310345,0,5,11,7.5,1.0,174.19696969696966,142.69696969696972,30.583333333333286,-0.9166666666666572,0.37554112554112556,0
0.4827586206896552,0.3448275862068966,0,4,11,8.0,1.0,149.96212121212122,147.28030303030303,1.3030303030303116,-1.3787878787878753,0.3712121212121212,0
0.4827586206896552,0.3103448275862069,0,4,11,8.0,0.8333333333333334,126.54545454545455,155.69696969696972,-14.11363636363636,15.03787878787881,0.36796536796536794,0
0.4827586206896552,0.3103448275862069,0,4,11,8.0,0.6666666666666666,124.72727272727275,164.75000000000003,-16.136363636363626,23.886363636363654,0.36904761904761907,0
0.4482758620689655,0.3103448275862069,0,4,11,8.0,0.8,136.16666666666666,169.18181818181816,-6.28787878787881,26.72727272727269,0.37662337662337664,0
0.4827586206896552,0.27586206896551724,1,4,11,7.0,0.8,144.31060606060606,171.4242424242424,-0.46212121212121815,26.651515151515127,0.40584415584415584,0
0.41379310344827586,0.27586206896551724,1,4,11,11.0,1.0,143.39393939393938,173.03787878787878,-11.219696969696997,18.424242424242408,0.4090909090909091,0
0.3448275862068966,0.2413793103448276,2,4,11,10.5,1.0,141.3257575757576,177.76515151515153,-26.378787878787875,10.060606060606062,0.4090909090909091,0
0.9655172413793104,1.0,0,4,9,7.0,1.0,171.4242424242424,166.8939393939394,-6.075757575757592,-10.606060606060595,0.3430735930735931,0
1.0,1.0,0,4,8,5.0,0.6,173.03787878787878,178.11363636363637,53.08333333333333,58.15909090909092,0.32792207792207795,0
1.0344827586206897,1.0344827586206897,0,4,7,1.5,0.35714285714285715,177.7651515151515,177.6439393939394,114.03787878787878,113.91666666666669,0.3106060606060606,0
0.6896551724137931,1.0344827586206897,0,0,8,7.0,1.0,178.78787878787878,178.2348484848485,35.06060606060606,34.50757575757578,0.2943722943722944,0
0.4482758620689655,1.0344827586206897,0,0,9,8.0,1.0,159.84848484848484,180.66666666666666,-18.76515151515153,2.053030303030283,0.2803030303030303,0
0.4827586206896552,0.27586206896551724,0,0,10,9.0,1.0,120.39393939393939,185.25757575757575,-57.9469696969697,6.916666666666657,0.2683982683982684,0
0.4827586206896552,0.2413793103448276,0,0,11,9.0,1.0,109.13636363636363,194.94696969696966,-68.25,17.560606060606034,0.2554112554112554,0
0.4827586206896552,0.2413793103448276,0,0,11,9.0,1.0,128.68939393939397,205.69696969696966,-48.5151515151515,28.492424242424192,0.24458874458874458,0
0.4482758620689655,0.2413793103448276,0,0,11,8.0,1.0,166.8939393939394,214.29545454545453,-13.219696969696969,34.18181818181816,0.262987012987013,0
0.4482758620689655,0.2413793103448276,0,0,11,7.0,1.0,178.11363636363637,216.63636363636365,-6.568181818181813,31.954545454545467,0.2857142857142857,0
0.4482758620689655,0.2413793103448276,0,0,11,6.0,1.0,177.6439393939394,215.9848484848485,-13.333333333333314,25.00757575757578,0.2943722943722944,0
0.3793103448275862,0.2413793103448276,0,0,10,5.5,0.5,178.2348484848485,216.66666666666666,-30.94696969696969,7.48484848484847,0.29978354978354976,0
0.20689655172413793,0.41379310344827586,1,0,0,0,0,214.2954545454546,126.1969696969697,-4.522727272727224,-92.62121212121211,0.2922077922077922,0
0.8620689655172413,0.41379310344827586,0,0,6,4.5,0.5,216.63636363636365,143.71212121212122,12.045454545454561,-60.878787878787875,0.2943722943722944,0
0.896551724137931,0.4482758620689655,0,1,7,2.0,0.3333333333333333,215.9848484848485,146.06818181818184,79.6439393939394,9.727272727272748,0.2943722943722944,0
0.9310344827586207,0.4827586206896552,0,6,8,2.0,0.3333333333333333,216.66666666666666,147.43939393939397,123.78030303030302,54.553030303030326,0.29329004329004327,0
0.5172413793103449,0.5172413793103449,0,0,9,8.0,1.0,212.79545454545453,149.62878787878788,72.34090909090907,9.174242424242408,0.29329004329004327,0
0.5172413793103449,0.5172413793103449,0,0,10,8.0,0.8333333333333334,186.58333333333334,154.33333333333334,41.33333333333334,9.083333333333343,0.2943722943722944,0
0.5172413793103449,0.3103448275862069,0,0,11,7.0,0.8571428571428571,144.60606060606062,164.62121212121212,-0.8257575757575637,19.189393939393938,0.3008658008658009,0
0.4827586206896552,0.3103448275862069,0,0,11,9.0,1.0,123.22727272727275,176.4242424242424,-24.295454545454533,28.901515151515127,0.3106060606060606,0
0.4482758620689655,0.3103448275862069,0,0,11,8.0,1.0,126.1969696969697,185.9090909090909,-23.16666666666667,36.54545454545453,0.3333333333333333,0
0.4482758620689655,0.27586206896551724,0,0,11,7.0,1.0,143.71212121212122,188.6060606060606,-8.287878787878782,36.606060606060595,0.3484848484848485,0
0.41379310344827586,0.27586206896551724,0,0,11,8.5,1.0,146.06818181818184,188.36363636363635,-15.568181818181785,26.72727272727272,0.36147186147186144,0
0.3448275862068966,0.27586206896551724,0,0,11,11.0,1.0,147.43939393939394,187.47727272727275,-32.78787878787878,7.250000000000028,0.37662337662337664,0
0.27586206896551724,0.20689655172413793,0,0,11,11.0,1.0,149.62878787878788,184.40151515151516,-37.78030303030303,-3.0075757575757507,0.3906926406926407,0
0.2413793103448276,0.5862068965517241,0,6,11,11.0,1.0,185.9090909090909,148.48484848484847,-1.5227272727272805,-38.94696969696972,0.3593073593073593,0
0.7241379310344828,0.6206896551724138,0,6,11,11.0,1.0,188.6060606060606,148.56060606060603,9.515151515151501,-30.53030303030306,0.3528138528138528,0
0.7586206896551724,0.6551724137931034,0,6,11,2.0,0.4444444444444444,188.36363636363637,147.4318181818182,65.86363636363637,24.931818181818187,0.34523809523809523,0
0.5172413793103449,0.6896551724137931,0,6,11,7.5,0.8333333333333334,187.47727272727275,147.18939393939397,40.909090909090935,0.6212121212121531,0.33766233766233766,0
0.4482758620689655,0.6896551724137931,0,0,11,9.0,1.0,184.40151515151516,148.1060606060606,33.44696969696969,-2.8484848484848726,0.3300865800865801,0
0.4827586206896552,0.27586206896551724,0,0,11,9.0,1.0,163.00757575757578,151.87121212121212,15.075757575757592,3.9393939393939377,0.3246753246753247,0
0.5172413793103449,0.3103448275862069,0,0,11,10.0,1.0,149.38636363636363,161.80303030303028,2.5909090909090935,15.00757575757575,0.3225108225108225,0
0.5172413793103449,0.3103448275862069,0,0,11,9.5,1.0,140.00757575757575,173.28787878787878,-7.560606060606062,25.71969696969697,0.3235930735930736,0
0.5172413793103449,0.3103448275862069,0,0,11,9.0,1.0,148.48484848484847,182.25,1.2803030303030027,35.04545454545453,0.32575757575757575,0
0.4827586206896552,0.3103448275862069,0,0,11,8.0,1.0,148.5606060606061,185.20454545454547,-0.9848484848484418,35.659090909090935,0.3495670995670996,0
0.41379310344827586,0.3103448275862069,0,0,11,7.0,1.0,147.4318181818182,185.66666666666666,-11.431818181818187,26.803030303030283,0.36904761904761907,0
0.3448275862068966,0.2413793103448276,0,0,11,8.5,1.0,147.1893939393939,185.6742424242424,-29.81060606060609,8.674242424242408,0.37662337662337664,0
0.27586206896551724,0.20689655172413793,0,0,11,11.0,1.0,148.1060606060606,185.5151515151515,-35.893939393939405,1.5151515151515014,0.38203463203463206,0
0.27586206896551724,0.8620689655172413,0,5,11,11.0,1.0,185.20454545454547,129.35606060606062,-0.18181818181815856,-56.030303030303,0.37987012987012986,0
0.8620689655172413,0.896551724137931,0,5,11,11.0,1.0,185.66666666666666,139.87121212121212,5.689393939393938,-40.106060606060595,0.3777056277056277,0
0.896551724137931,0.9310344827586207,0,5,11,2.0,0.4166666666666667,185.6742424242424,138.73484848484847,93.1060606060606,46.16666666666666,0.37012987012987014,0
0.9310344827586207,0.9310344827586207,0,5,11,4.5,0.6,185.5151515151515,136.33333333333334,80.12878787878786,30.946969696969703,0.3647186147186147,0
0.5517241379310345,0.9655172413793104,0,5,11,7.5,1.0,183.71212121212122,137.22727272727272,43.871212121212125,-2.613636363636374,0.36038961038961037,0
0.5517241379310345,0.4482758620689655,0,5,11,9.0,1.0,152.64393939393938,141.28030303030303,9.803030303030283,-1.5606060606060623,0.36038961038961037,0
0.5517241379310345,0.3103448275862069,0,5,11,9.0,1.0,125.9772727272727,150.3939393939394,-10.954545454545482,13.462121212121218,0.36363636363636365,0
0.5517241379310345,0.3103448275862069,0,5,11,9.0,1.0,112.59848484848486,161.88636363636363,-23.83333333333333,25.45454545454544,0.36688311688311687,0
0.5517241379310345,0.3103448275862069,0,5,11,9.0,1.0,129.3560606060606,171.45454545454547,-6.280303030303031,35.81818181818184,0.3841991341991342,0
0.5172413793103449,0.27586206896551724,1,5,11,8.0,1.0,139.87121212121212,176.18181818181816,0.2575757575757507,36.568181818181785,0.39935064935064934,0
0.4827586206896552,0.27586206896551724,1,5,11,7.5,1.0,138.7348484848485,176.18181818181816,-9.856060606060595,27.590909090909065,0.39935064935064934,0
0.41379310344827586,0.27586206896551724,2,4,11,7.0,1.0,136.33333333333334,176.0151515151515,-26.643939393939377,13.037878787878782,0.39826839826839827,0
0.3103448275862069,0.20689655172413793,0,4,11,8.5,1.0,137.22727272727272,175.3560606060606,-36.863636363636374,1.2651515151515014,0.3961038961038961,0
0.27586206896551724,0.3448275862068966,0,4,9,8.0,1.0,171.45454545454547,160.36363636363637,-5.340909090909065,-16.43181818181816,0.3333333333333333,0
0.9655172413793104,0.3448275862068966,0,4,8,8.0,1.0,176.18181818181816,180.68181818181822,0.9999999999999716,5.500000000000028,0.32142857142857145,0
1.0344827586206897,0.3448275862068966,0,4,9,2.0,0.3333333333333333,176.18181818181816,180.0757575757576,70.11363636363635,74.00757575757578,0.30627705627705626,0
1.0344827586206897,0.3448275862068966,0,3,10,4.0,0.5,176.0151515151515,181.40151515151516,56.37878787878786,61.765151515151516,0.2878787878787879,0
0.4482758620689655,0.3448275862068966,0,0,11,7.5,1.0,175.35606060606062,182.12121212121212,-6.916666666666657,-0.15151515151515582,0.27164502164502163,0
0.4482758620689655,0.2413793103448276,0,0,11,8.5,1.0,152.68181818181816,183.3409090909091,-26.50000000000003,4.1590909090909065,0.25865800865800864,0
0.4482758620689655,0.2413793103448276,0,0,11,9.0,1.0,133.62878787878788,187.6590909090909,-46.96212121212122,7.068181818181813,0.24675324675324675,0
0.41379310344827586,0.2413793103448276,0,0,11,9.0,1.0,135.99242424242425,197.87121212121212,-44.46212121212122,17.416666666666657,0.23917748917748918,0
0.41379310344827586,0.2413793103448276,0,0,10,8.5,1.0,160.36363636363637,209.62121212121212,-22.795454545454533,26.462121212121218,0.22943722943722944,0
0.4482758620689655,0.2413793103448276,0,0,9,8.0,1.0,180.68181818181816,217.13636363636363,-2.0681818181818414,34.386363636363626,0.22510822510822512,0
0.4482758620689655,0.2413793103448276,0,0,8,7.0,1.0,180.0757575757576,218.030303030303,-4.037878787878782,33.91666666666663,0.24675324675324675,0
0.3793103448275862,0.2413793103448276,0,0,7,6.0,1.0,181.40151515151516,216.40151515151516,-14.712121212121218,20.287878787878782,0.24567099567099568,0
0.27586206896551724,0.2413793103448276,0,0,6,6.0,1.0,182.12121212121212,216.12878787878788,-31.2651515151515,2.7424242424242493,0.24675324675324675,0
0.8620689655172413,0.8620689655172413,0,0,10,10.0,1.0,218.03030303030303,164.48484848484847,-1.3333333333333428,-54.878787878787904,0.24242424242424243,0
0.896551724137931,0.896551724137931,0,0,11,2.0,0.25,216.40151515151513,164.04545454545453,52.28787878787875,-0.06818181818184144,0.24025974025974026,0
0.896551724137931,0.9310344827586207,0,9,11,1.0,0.16666666666666666,216.12878787878788,163.56060606060606,132.78787878787878,80.21969696969697,0.237012987012987,0
0.4827586206896552,0.9655172413793104,0,10,11,7.0,1.0,217.22727272727275,163.76515151515153,51.909090909090935,-1.5530303030302832,0.2326839826839827,0
0.4482758620689655,0.9655172413793104,0,4,11,8.0,1.0,200.43939393939397,164.97727272727272,35.30303030303034,-0.1590909090909065,0.2305194805194805,0
0.4482758620689655,0.27586206896551724,0,4,11,8.0,1.0,155.60606060606062,169.88636363636363,-7.393939393939377,6.886363636363626,0.23484848484848486,0
0.41379310344827586,0.27586206896551724,0,4,11,8.0,1.0,137.5909090909091,180.96969696969697,-26.409090909090907,16.96969696969697,0.24134199134199133,0
0.41379310344827586,0.27586206896551724,0,4,11,8.0,1.0,137.93181818181816,191.8409090909091,-25.75000000000003,28.159090909090907,0.24458874458874458,0
0.41379310344827586,0.27586206896551724,0,4,11,7.5,1.0,164.48484848484847,200.0606060606061,0.8712121212120962,36.44696969696972,0.2597402597402597,0
0.3793103448275862,0.27586206896551724,0,4,11,6.5,1.0,164.04545454545453,202.1893939393939,-3.5909090909090935,34.55303030303028,0.27705627705627706,0
0.3448275862068966,0.27586206896551724,0,4,11,8.5,1.0,163.56060606060606,202.8939393939394,-14.848484848484844,24.4848484848485,0.28679653679653677,0
0.2413793103448276,0.2413793103448276,0,4,11,11.0,1.0,163.76515151515153,202.83333333333334,-33.098484848484844,5.969696969696969,0.2987012987012987,0
0.1724137931034483,0.41379310344827586,0,9,11,9.0,1.0,200.0606060606061,157.02272727272728,-2.8257575757575353,-45.863636363636346,0.29004329004329005,0
0.5862068965517241,0.4827586206896552,0,9,11,9.5,1.0,202.1893939393939,163.8257575757576,7.984848484848442,-30.378787878787875,0.2846320346320346,0
0.6551724137931034,0.5862068965517241,0,9,11,2.0,0.42857142857142855,202.8939393939394,164.4090909090909,47.621212121212125,9.136363636363626,0.275974025974026,0
0.6551724137931034,0.5862068965517241,0,9,11,4.0,0.5,202.83333333333334,164.26515151515153,58.81060606060606,20.24242424242425,0.2662337662337662,0
0.41379310344827586,0.5862068965517241,0,9,11,8.0,1.0,199.81818181818184,164.8257575757576,36.886363636363654,1.8939393939394051,0.25865800865800864,0
0.41379310344827586,0.5862068965517241,0,3,11,9.0,1.0,184.12121212121212,166.46969696969697,20.00757575757575,2.356060606060595,0.2532467532467532,0
0.41379310344827586,0.3103448275862069,0,3,11,9.0,1.0,164.5,175.02272727272728,0.06818181818181301,10.590909090909093,0.2510822510822511,0
0.41379310344827586,0.3103448275862069,0,3,11,9.0,1.0,154.0757575757576,186.80303030303034,-10.606060606060595,22.121212121212153,0.2532467532467532,0
0.41379310344827586,0.3103448275862069,0,3,11,8.0,1.0,157.02272727272728,197.5151515151515,-6.6590909090909065,33.833333333333314,0.2554112554112554,0
0.41379310344827586,0.3103448275862069,0,3,11,8.0,1.0,163.8257575757576,201.0909090909091,-2.287878787878782,34.97727272727272,0.2564935064935065,0
0.3793103448275862,0.3103448275862069,0,3,11,7.0,1.0,164.4090909090909,202.04545454545453,-5.2045454545454675,32.43181818181816,0.2803030303030303,0
0.3103448275862069,0.3103448275862069,0,3,11,6.0,1.0,164.26515151515153,204.62121212121212,-25.075757575757564,15.280303030303031,0.30627705627705626,0
0.2413793103448276,0.3103448275862069,0,3,11,11.0,1.0,164.8257575757576,205.1893939393939,-36.628787878787875,3.734848484848442,0.31493506493506496,0
0.1724137931034483,0.7241379310344828,0,8,11,11.0,1.0,202.04545454545453,138.87121212121212,0.38636363636362603,-62.78787878787878,0.3051948051948052,0
0.8620689655172413,0.896551724137931,0,8,11,11.0,1.0,204.6212121212121,156.56060606060606,3.7803030303030027,-44.28030303030303,0.3008658008658009,0
0.896551724137931,0.9310344827586207,0,8,11,2.0,0.09090909090909091,205.1893939393939,160.78030303030303,86.68939393939391,42.28030303030303,0.29545454545454547,0
0.9310344827586207,0.9310344827586207,0,8,11,2.0,0.23076923076923078,204.30303030303028,157.6818181818182,96.43939393939392,49.81818181818183,0.29004329004329005,0
0.5517241379310345,0.9655172413793104,0,8,11,7.0,0.75,201.4242424242424,155.9090909090909,57.15151515151513,11.636363636363626,0.288961038961039,0
0.41379310344827586,0.9655172413793104,0,2,11,8.0,1.0,173.66666666666666,157.87878787878788,9.189393939393938,-6.598484848484844,0.29329004329004327,0
0.4482758620689655,0.3103448275862069,0,2,11,8.0,0.8,142.40151515151516,165.4848484848485,-18.53030303030303,4.553030303030312,0.2976190476190476,0
0.4827586206896552,0.3103448275862069,0,7,11,8.5,1.0,123.54545454545455,176.75757575757575,-33.38636363636364,19.825757575757564,0.3008658008658009,0
0.41379310344827586,0.3103448275862069,0,7,11,8.5,1.0,138.87121212121212,185.8560606060606,-16.310606060606062,30.674242424242408,0.30627705627705626,0
0.3793103448275862,0.27586206896551724,1,7,11,7.5,1.0,156.56060606060603,190.5606060606061,0.9469696969696599,34.94696969696972,0.3333333333333333,0
0.3448275862068966,0.27586206896551724,1,7,11,7.0,1.0,160.78030303030303,189.5151515151515,-2.0606060606060623,26.674242424242408,0.3582251082251082,0
0.27586206896551724,0.2413793103448276,0,7,11,8.5,1.0,157.6818181818182,187.89393939393938,-20.318181818181813,9.893939393939377,0.3582251082251082,0
0.20689655172413793,0.20689655172413793,0,7,11,11.0,1.0,155.9090909090909,184.93181818181816,-33.52272727272728,-4.500000000000028,0.36147186147186144,0
0.4827586206896552,0.27586206896551724,0,7,11,11.0,1.0,190.5606060606061,156.46212121212122,7.333333333333371,-26.7651515151515,0.29653679653679654,0
1.0,0.3103448275862069,0,7,11,3.0,0.3333333333333333,189.5151515151515,187.12121212121212,43.333333333333314,40.93939393939394,0.2846320346320346,0
1.0344827586206897,0.3448275862068966,0,7,11,2.0,0.2727272727272727,187.8939393939394,186.20454545454547,97.37121212121214,95.6818181818182,0.2683982683982684,0
1.0344827586206897,0.3448275862068966,0,6,11,2.5,0.3,184.93181818181816,186.8409090909091,90.7272727272727,92.63636363636364,0.25216450216450215,0
0.3793103448275862,0.3448275862068966,0,0,11,8.0,1.0,171.56060606060603,189.3409090909091,-17.371212121212153,0.4090909090909065,0.23809523809523808,0
0.3793103448275862,0.3448275862068966,0,0,11,8.5,1.0,139.97727272727272,194.3939393939394,-46.27272727272728,8.143939393939405,0.22727272727272727,0
0.3793103448275862,0.2413793103448276,0,0,11,9.0,1.0,110.3030303030303,202.34848484848484,-75.87878787878789,16.166666666666657,0.21753246753246752,0
0.3793103448275862,0.2413793103448276,0,0,10,9.0,1.0,124.5530303030303,214.0909090909091,-61.62878787878789,27.909090909090907,0.2077922077922078,0
0.3793103448275862,0.2413793103448276,0,0,9,8.5,1.0,156.46212121212122,223.1060606060606,-31.69696969696969,34.94696969696969,0.19913419913419914,0
0.3793103448275862,0.2413793103448276,0,0,8,8.0,1.0,187.12121212121212,228.4242424242424,-6.560606060606062,34.74242424242422,0.1893939393939394,0
0.3793103448275862,0.2413793103448276,0,0,7,7.0,1.0,186.20454545454547,228.45454545454547,-15.136363636363626,27.113636363636374,0.18073593073593072,0
0.3103448275862069,0.2413793103448276,0,0,6,6.0,1.0,186.8409090909091,228.75757575757575,-25.181818181818187,16.73484848484847,0.170995670995671,0
0.6896551724137931,1.0,0,0,4,4.0,1.0,226.6439393939394,171.84848484848484,0.05303030303031164,-54.74242424242425,0.10714285714285714,1
0.2413793103448276,0.4827586206896552,0,0,0,0,0,222.46212121212122,146.0757575757576,-0.37878787878787534,-76.7651515151515,0.24567099567099568,0
0.896551724137931,0.896551724137931,2,0,6,6.0,1.0,223.40151515151516,174.78030303030303,24.19696969696969,-24.424242424242436,0.25,0
0.9310344827586207,0.9310344827586207,2,1,7,2.0,0.18181818181818182,223.93181818181816,178.95454545454547,90.11363636363635,45.136363636363654,0.2435064935064935,0
0.9655172413793104,0.9655172413793104,1,12,8,2.0,0.23076923076923078,224.2348484848485,179.6742424242424,130.21212121212125,85.65151515151514,0.21212121212121213,0
0.4482758620689655,0.9655172413793104,0,0,9,7.5,0.75,215.4242424242424,180.7348484848485,48.333333333333314,13.643939393939405,0.18181818181818182,0
0.3448275862068966,0.9655172413793104,0,0,10,8.0,1.0,185.28787878787878,184.47727272727275,8.174242424242408,7.363636363636374,0.17857142857142858,0
0.3448275862068966,0.27586206896551724,0,0,11,8.5,1.0,142.34848484848484,193.61363636363635,-37.78787878787878,13.47727272727272,0.17965367965367965,0
0.41379310344827586,0.27586206896551724,0,0,10,8.5,1.0,131.6439393939394,205.62878787878788,-47.96969696969697,26.0151515151515,0.1829004329004329,0
0.41379310344827586,0.27586206896551724,0,0,9,8.0,1.0,146.0757575757576,216.13636363636365,-33.19696969696969,36.863636363636374,0.18722943722943722,0
0.3448275862068966,0.27586206896551724,0,0,8,7.0,1.0,174.78030303030303,220.68181818181816,-8.537878787878782,37.363636363636346,0.20454545454545456,0
0.3103448275862069,0.27586206896551724,0,0,7,7.0,1.0,178.95454545454547,220.8560606060606,-11.886363636363626,30.0151515151515,0.21536796536796537,0
0.2413793103448276,0.2413793103448276,0,0,6,6.0,1.0,179.6742424242424,219.9848484848485,-27.00757575757578,13.303030303030312,0.22510822510822512,0
0.13793103448275862,0.20689655172413793,0,0,0,0,0,180.7348484848485,217.28030303030303,-38.628787878787875,-2.083333333333343,0.2326839826839827,0
0.41379310344827586,0.3448275862068966,0,0,5,5.0,1.0,220.68181818181816,177.43939393939397,8.477272727272691,-34.7651515151515,0.1893939393939394,0
0.4827586206896552,0.41379310344827586,0,0,5,5.0,1.0,220.8560606060606,177.38636363636365,27.0151515151515,-16.45454545454544,0.18506493506493507,0
0.5172413793103449,0.41379310344827586,0,11,6,6.0,0.8,219.9848484848485,174.18181818181816,76.18939393939397,30.386363636363626,0.1774891774891775,0
0.4827586206896552,0.4482758620689655,0,0,7,6.0,1.0,217.28030303030303,173.18181818181816,44.43939393939394,0.34090909090906507,0.17207792207792208,0
0.4482758620689655,0.4482758620689655,0,0,8,7.0,1.0,208.59848484848484,174.54545454545453,26.348484848484844,-7.7045454545454675,0.16774891774891776,0
0.4482758620689655,0.27586206896551724,0,0,9,8.0,1.0,183.28030303030303,179.95454545454547,6.053030303030312,2.727272727272748,0.16666666666666666,0
0.4827586206896552,0.3103448275862069,0,0,10,8.0,0.8,170.1590909090909,190.11363636363637,-2.5227272727272805,17.431818181818187,0.16883116883116883,0
0.4827586206896552,0.3103448275862069,0,0,10,8.0,0.8,166.29545454545453,202.51515151515153,-6.3409090909090935,29.878787878787904,0.170995670995671,0
0.4827586206896552,0.3103448275862069,0,0,9,8.0,0.75,177.43939393939397,211.78787878787878,3.2121212121212466,37.56060606060606,0.18722943722943722,0
0.4482758620689655,0.3103448275862069,0,0,8,7.0,0.75,177.38636363636363,215.49242424242425,0.6136363636363455,38.71969696969697,0.2196969696969697,0
0.3448275862068966,0.27586206896551724,0,0,7,7.0,0.6666666666666666,174.18181818181816,215.3106060606061,-14.681818181818215,26.446969696969717,0.23484848484848486,0
0.3103448275862069,0.2413793103448276,0,0,6,6.0,1.0,173.18181818181816,213.41666666666666,-31.52272727272731,8.71212121212119,0.24242424242424243,0
0.20689655172413793,0.20689655172413793,0,5,0,0,0,211.78787878787878,132.96969696969697,0.7878787878787818,-78.03030303030303,0.2564935064935065,0
0.8620689655172413,0.8620689655172413,0,5,0,0,0,215.49242424242425,155.62878787878788,7.742424242424249,-52.121212121212125,0.2564935064935065,0
0.896551724137931,0.896551724137931,0,5,6,3.0,0.16666666666666666,215.3106060606061,167.2651515151515,73.85606060606062,25.810606060606034,0.2532467532467532,0
0.9310344827586207,0.9310344827586207,0,11,7,2.0,0.16666666666666666,213.41666666666666,163.02272727272728,114.3030303030303,63.90909090909092,0.24675324675324675,0
0.8275862068965517,0.9655172413793104,0,5,8,3.0,0.42857142857142855,210.72727272727275,159.94696969696972,80.50000000000003,29.719696969696997,0.23917748917748918,0
0.41379310344827586,0.9655172413793104,0,5,9,8.0,1.0,186.7348484848485,159.28030303030303,17.166666666666686,-10.287878787878782,0.23376623376623376,0
0.4482758620689655,0.3103448275862069,0,5,10,8.0,1.0,149.43939393939394,163.56818181818184,-17.651515151515156,-3.522727272727252,0.2326839826839827,0
0.4482758620689655,0.3103448275862069,0,5,11,8.5,1.0,123.59848484848483,172.47727272727275,-41.537878787878796,7.340909090909122,0.23484848484848486,0
0.4482758620689655,0.3103448275862069,0,5,11,8.5,1.0,132.96969696969697,184.44696969696972,-23.871212121212125,27.606060606060623,0.237012987012987,0
0.4482758620689655,0.3103448275862069,1,5,10,8.0,1.0,155.62878787878788,194.46212121212122,-2.2348484848484986,36.598484848484844,0.24783549783549783,0
0.3793103448275862,0.3103448275862069,1,5,9,7.0,1.0,167.26515151515153,199.39393939393938,4.128787878787904,36.25757575757575,0.27813852813852813,0
0.3448275862068966,0.3103448275862069,2,5,8,7.0,1.0,163.02272727272728,198.97727272727272,-6.681818181818187,29.272727272727252,0.2987012987012987,0
0.27586206896551724,0.2413793103448276,0,4,7,6.5,1.0,159.94696969696972,198.41666666666666,-24.643939393939377,13.825757575757564,0.30303030303030304,0
0.20689655172413793,0.20689655172413793,0,4,6,6.0,1.0,159.28030303030303,197.65151515151516,-39.7651515151515,-1.3939393939393767,0.29329004329004327,0
0.4827586206896552,0.4827586206896552,0,10,0,0,0,199.39393939393938,164.36363636363637,2.303030303030283,-32.72727272727272,0.2532467532467532,0
1.0,0.4827586206896552,0,10,3,3.0,0.0,198.97727272727272,189.1590909090909,47.97727272727272,38.15909090909091,0.2435064935064935,0
1.0344827586206897,0.4827586206896552,0,10,6,2.0,0.16666666666666666,198.41666666666666,188.83333333333334,96.57575757575756,86.99242424242425,0.22727272727272727,0
1.0344827586206897,0.4827586206896552,0,9,7,3.0,0.2857142857142857,197.65151515151513,186.96212121212122,82.53787878787877,71.84848484848486,0.21428571428571427,0
0.3793103448275862,0.4827586206896552,0,0,8,8.0,1.0,182.05303030303034,185.96212121212122,-5.96969696969694,-2.0606060606060623,0.20346320346320346,0
0.3793103448275862,0.2413793103448276,0,0,9,9.0,1.0,149.97727272727272,188.37878787878788,-39.97727272727275,-1.5757575757575921,0.19480519480519481,0
0.3448275862068966,0.2413793103448276,0,0,10,9.0,1.0,122.65151515151514,195.5909090909091,-66.84848484848486,6.0909090909090935,0.1893939393939394,0
0.3448275862068966,0.2413793103448276,0,0,10,9.0,1.0,134.99242424242425,207.24242424242425,-52.05303030303028,20.196969696969717,0.18614718614718614,0
0.3103448275862069,0.2413793103448276,0,0,9,8.0,0.75,164.36363636363637,218.0909090909091,-19.97727272727272,33.75,0.18614718614718614,0
0.3103448275862069,0.2413793103448276,0,0,8,7.5,0.75,189.1590909090909,224.44696969696972,2.6590909090909065,37.94696969696972,0.21645021645021645,0
0.3103448275862069,0.2413793103448276,0,0,7,7.0,1.0,188.83333333333334,226.0757575757576,-5.46212121212119,31.78030303030306,0.22402597402597402,0
0.3103448275862069,0.2413793103448276,0,0,6,6.0,1.0,186.96212121212122,225.65151515151516,-19.0151515151515,19.674242424242436,0.22727272727272727,0
0.3103448275862069,0.8620689655172413,2,0,0,0,0,224.44696969696972,180.49242424242425,-1.2348484848484702,-45.18939393939394,0.17316017316017315,0
0.896551724137931,0.9310344827586207,1,0,6,4.5,0.5,226.0757575757576,189.8409090909091,42.34848484848487,6.113636363636374,0.1634199134199134,0
0.9310344827586207,0.9655172413793104,0,14,7,1.0,0.16666666666666666,225.65151515151513,190.41666666666666,152.31060606060603,117.07575757575756,0.15151515151515152,0
0.7586206896551724,0.9655172413793104,0,0,8,6.0,0.6,225.86363636363637,191.6893939393939,64.3409090909091,30.16666666666663,0.1396103896103896,0
0.3448275862068966,0.9655172413793104,0,0,9,7.5,1.0,211.6590909090909,194.5151515151515,21.886363636363626,4.742424242424221,0.13095238095238096,0
0.3793103448275862,0.27586206896551724,0,0,10,8.0,1.0,160.91666666666666,199.97727272727272,-29.26515151515153,9.795454545454533,0.12554112554112554,0
0.3793103448275862,0.3103448275862069,0,0,10,8.0,1.0,139.53030303030303,210.56818181818178,-50.03787878787878,20.99999999999997,0.12445887445887446,0
0.41379310344827586,0.3103448275862069,0,0,9,8.0,1.0,141.54545454545453,221.20454545454547,-49.95454545454547,29.704545454545467,0.12337662337662338,0
0.41379310344827586,0.3103448275862069,0,0,8,7.5,1.0,180.49242424242425,228.9848484848485,-13.50757575757575,34.9848484848485,0.12229437229437229,0
0.41379310344827586,0.3103448275862069,0,0,7,7.0,1.0,189.8409090909091,230.25,-8.204545454545439,32.20454545454547,0.12878787878787878,0
0.3448275862068966,0.27586206896551724,0,0,6,6.0,1.0,190.41666666666666,230.64393939393938,-17.46969696969697,22.75757575757575,0.14393939393939395,0
0.2413793103448276,0.2413793103448276,0,0,0,0,0,191.6893939393939,231.89393939393938,-34.08333333333337,6.121212121212096,0.1525974025974026,0
0.3793103448275862,0.27586206896551724,0,0,0,0,0,230.64393939393938,188.1742424242424,2.0303030303030027,-40.439393939393966,0.12229437229437229,0
0.41379310344827586,0.3448275862068966,0,0,6,6.0,0.6666666666666666,231.8939393939394,189.25757575757575,37.78030303030303,-4.856060606060623,0.11471861471861472,0
0.41379310344827586,0.3448275862068966,0,13,7,6.5,0.75,232.7348484848485,189.20454545454547,53.57575757575759,10.045454545454561,0.10822510822510822,0
0.3793103448275862,0.3448275862068966,0,0,8,7.0,0.8,231.8939393939394,189.87121212121212,46.621212121212125,4.598484848484844,0.1038961038961039,0
0.41379310344827586,0.3448275862068966,0,0,9,8.0,1.0,218.27272727272728,192.38636363636363,27.818181818181813,1.9318181818181586,0.1038961038961039,0
0.41379310344827586,0.3103448275862069,0,0,10,8.5,1.0,200.62878787878788,196.69696969696972,11.833333333333343,7.901515151515184,0.10606060606060606,0
0.41379310344827586,0.27586206896551724,0,0,10,8.5,1.0,186.18181818181816,205.40151515151513,-2.340909090909122,16.878787878787847,0.10714285714285714,0
0.3793103448275862,0.27586206896551724,0,0,9,8.5,1.0,184.96212121212122,215.03787878787878,-5.333333333333314,24.74242424242425,0.10930735930735931,0
0.41379310344827586,0.27586206896551724,0,0,8,8.0,1.0,188.1742424242424,221.9242424242424,-2.6212121212121247,31.128787878787875,0.1396103896103896,0
0.41379310344827586,0.27586206896551724,0,0,7,7.0,1.0,189.25757575757575,224.83333333333334,-6.810606060606062,28.76515151515153,0.1634199134199134,0
0.3103448275862069,0.27586206896551724,0,0,6,6.0,1.0,189.20454545454547,225.33333333333334,-14.022727272727252,22.106060606060623,0.17316017316017315,0
0.27586206896551724,0.20689655172413793,0,0,0,0,0,189.87121212121212,226.38636363636363,-27.037878787878782,9.47727272727272,0.1829004329004329,0
0.2413793103448276,0.7586206896551724,0,0,0,0,0,221.9242424242424,164.55303030303028,-5.121212121212125,-62.49242424242425,0.19155844155844157,0
0.896551724137931,0.7931034482758621,0,0,3,3.0,0.0,224.83333333333334,182.13636363636365,7.53787878787881,-35.15909090909088,0.18831168831168832,0
0.9310344827586207,0.8275862068965517,0,0,6,2.0,0.25,225.33333333333334,178.2348484848485,96.10606060606062,49.00757575757578,0.18181818181818182,0
0.9655172413793104,0.8275862068965517,0,0,7,2.0,0.3,226.38636363636363,175.53787878787878,99.77272727272727,48.92424242424242,0.17532467532467533,0
0.41379310344827586,0.8275862068965517,0,0,8,8.0,1.0,223.6060606060606,174.6439393939394,39.5151515151515,-9.446969696969688,0.170995670995671,0
0.4482758620689655,0.5517241379310345,0,0,9,8.5,1.0,191.1893939393939,179.1590909090909,8.234848484848442,-3.795454545454561,0.16774891774891776,0
0.4482758620689655,0.3103448275862069,0,0,10,9.0,1.0,157.71212121212122,188.74242424242425,-21.651515151515156,9.378787878787875,0.1699134199134199,0
0.4482758620689655,0.3103448275862069,1,0,10,9.0,1.0,146.64393939393938,202.88636363636365,-25.74242424242425,30.50000000000003,0.17424242424242425,0
0.4482758620689655,0.3103448275862069,1,0,9,8.0,1.0,164.5530303030303,214.4242424242424,-10.310606060606062,39.560606060606034,0.20454545454545456,0
0.41379310344827586,0.3103448275862069,2,0,8,7.5,1.0,182.13636363636365,218.87878787878788,5.4545454545454675,42.19696969696969,0.24567099567099568,0
0.3793103448275862,0.27586206896551724,0,0,7,7.0,1.0,178.2348484848485,217.9393939393939,-7.696969696969688,32.00757575757572,0.2532467532467532,0
0.27586206896551724,0.2413793103448276,0,0,6,6.0,1.0,175.53787878787878,216.46969696969697,-28.075757575757592,12.856060606060595,0.2619047619047619,0
0.13793103448275862,0.20689655172413793,0,0,0,0,0,174.6439393939394,207.65909090909088,-44.46969696969697,-11.454545454545496,0.2683982683982684,0
0.20689655172413793,0.4827586206896552,0,0,0,0,0,214.4242424242424,155.8257575757576,-1.7121212121212182,-60.310606060606034,0.2326839826839827,0
1.0,1.0344827586206897,0,0,3,3.0,0.0,218.87878787878788,188.71969696969697,28.333333333333343,-1.8257575757575637,0.22835497835497837,0
1.0344827586206897,1.0344827586206897,0,12,6,2.0,0.09090909090909091,217.9393939393939,187.75,109.98484848484846,79.79545454545455,0.21861471861471862,0
1.0344827586206897,1.0344827586206897,0,11,7,2.0,0.2,216.46969696969697,186.4848484848485,127.58333333333333,97.59848484848486,0.20562770562770563,0
0.3448275862068966,1.0344827586206897,0,0,8,7.0,1.0,207.65909090909088,186.20454545454547,18.113636363636346,-3.340909090909065,0.19480519480519481,0
0.3448275862068966,1.0344827586206897,0,0,9,8.0,1.0,171.54545454545453,187.68181818181816,-17.5,-1.363636363636374,0.18614718614718614,0
0.3448275862068966,0.20689655172413793,0,0,9,9.0,1.0,129.12878787878788,192.49242424242425,-58.43939393939394,4.924242424242436,0.18073593073593072,0
0.3793103448275862,0.20689655172413793,0,0,10,9.0,1.0,128.79545454545453,201.66666666666666,-57.84090909090909,15.030303030303031,0.17857142857142858,0
0.3793103448275862,0.20689655172413793,0,0,10,9.0,1.0,155.82575757575756,213.06818181818184,-29.424242424242436,27.81818181818184,0.1774891774891775,0
0.3448275862068966,0.20689655172413793,0,0,9,8.0,1.0,188.71969696969697,222.52272727272725,1.9924242424242493,35.79545454545453,0.1774891774891775,0
0.3448275862068966,0.20689655172413793,0,0,8,7.0,1.0,187.75,227.5151515151515,-3.318181818181813,36.44696969696969,0.17857142857142858,0
0.27586206896551724,0.20689655172413793,0,0,7,6.5,1.0,186.4848484848485,228.88636363636363,-13.196969696969688,29.20454545454544,0.18398268398268397,0
0.3103448275862069,0.20689655172413793,1,0,0,0,0,228.88636363636363,194.0606060606061,1.3636363636363455,-33.46212121212119,0.13852813852813853,0
0.3793103448275862,0.2413793103448276,0,0,6,6.0,1.0,228.94696969696972,193.77272727272728,15.219696969696997,-19.95454545454544,0.12987012987012986,0
0.3793103448275862,0.2413793103448276,0,0,7,6.0,1.0,228.75,195.03787878787878,26.568181818181813,-7.143939393939405,0.12012987012987013,0
0.41379310344827586,0.2413793103448276,0,0,8,6.5,1.0,228.12878787878788,196.36363636363637,32.03787878787878,0.2727272727272805,0.11255411255411256,0
0.4482758620689655,0.27586206896551724,0,0,9,7.5,1.0,223.29545454545453,190.68939393939397,31.090909090909065,-1.5151515151515014,0.10714285714285714,0
0.41379310344827586,0.27586206896551724,0,0,9,8.5,1.0,214.47727272727272,192.92424242424246,20.590909090909093,-0.9621212121211613,0.10606060606060606,0
0.3793103448275862,0.27586206896551724,0,0,9,8.5,1.0,204.0,203.44696969696972,8.77272727272728,8.219696969696997,0.10497835497835498,0
0.3448275862068966,0.3103448275862069,0,0,9,8.0,1.0,196.8257575757576,223.3409090909091,0.8257575757575921,27.340909090909093,0.1038961038961039,0
0.3793103448275862,0.3103448275862069,0,0,8,8.0,1.0,194.0606060606061,234.99242424242425,-3.803030303030283,37.128787878787875,0.10606060606060606,0
0.3103448275862069,0.3103448275862069,14,0,7,6.5,0.75,193.77272727272728,237.43181818181816,15.568181818181813,59.22727272727269,0.11363636363636363,0
0.2413793103448276,0.27586206896551724,15,0,6,6.0,0.6666666666666666,195.03787878787878,236.8560606060606,-7.666666666666686,34.15151515151513,0.11904761904761904,0
0.10344827586206896,0.2413793103448276,0,0,0,0,0,196.36363636363637,236.56060606060603,-33.06818181818181,7.128787878787847,0.12445887445887446,0
0.10344827586206896,0.20689655172413793,0,0,0,0,0,190.68939393939397,237.05303030303028,-47.19696969696966,-0.8333333333333428,0.12878787878787878,0
0.41379310344827586,0.20689655172413793,0,0,7,6.0,0.6666666666666666,236.5606060606061,190.06060606060603,33.69696969696972,-12.80303030303034,0.16774891774891776,0
0.41379310344827586,0.20689655172413793,0,0,8,7.5,1.0,237.05303030303028,191.81818181818184,41.00757575757575,-4.227272727272691,0.15476190476190477,0
0.3793103448275862,0.20689655172413793,0,0,9,8.0,1.0,230.93181818181816,160.21969696969697,37.22727272727269,-33.4848484848485,0.14177489177489178,0
0.4482758620689655,0.20689655172413793,0,0,10,9.0,1.0,219.62878787878788,138.50757575757575,27.94696969696969,-53.174242424242436,0.14177489177489178,0
0.4482758620689655,0.20689655172413793,0,0,10,8.0,0.75,205.56818181818178,138.61363636363637,16.363636363636317,-50.59090909090909,0.14285714285714285,0
0.4482758620689655,0.4827586206896552,0,0,9,8.0,0.75,197.53787878787878,184.41666666666666,8.24242424242425,-4.878787878787875,0.14285714285714285,0
1.0344827586206897,0.4827586206896552,0,0,8,8.0,1.0,193.81060606060603,218.96212121212122,-3.1439393939394336,22.00757575757575,0.14502164502164502,0
1.0344827586206897,0.4827586206896552,16,0,7,2.0,0.3076923076923077,191.53030303030303,229.79545454545453,97.12121212121212,135.38636363636363,0.15151515151515152,0
1.0,0.4827586206896552,3,0,6,2.0,0.2857142857142857,190.0606060606061,229.9848484848485,65.90151515151518,105.82575757575759,0.1590909090909091,0
0.3103448275862069,0.4827586206896552,0,0,5,5.0,1.0,191.81818181818184,232.0909090909091,-5.454545454545439,34.81818181818181,0.16774891774891776,0
0.2413793103448276,0.4827586206896552,0,0,5,5.0,1.0,160.21969696969697,233.50757575757575,-71.59848484848484,1.6893939393939377,0.17316017316017315,0
0.3448275862068966,0.20689655172413793,0,0,1,1.0,0.0,229.98484848484847,189.27272727272728,9.25757575757575,-31.45454545454544,0.19047619047619047,0
0.41379310344827586,0.2413793103448276,0,0,6,6.0,1.0,232.0909090909091,186.25757575757575,25.886363636363626,-19.946969696969717,0.18614718614718614,0
0.3448275862068966,0.2413793103448276,0,0,7,7.0,1.0,233.50757575757575,186.2651515151515,34.66666666666666,-12.575757575757592,0.15151515151515152,0
0.3793103448275862,0.27586206896551724,0,0,8,7.5,1.0,229.62121212121212,183.95454545454547,35.00757575757575,-10.659090909090907,0.11904761904761904,0
0.5172413793103449,0.27586206896551724,0,0,9,8.0,1.0,220.31818181818184,178.96212121212122,30.227272727272748,-11.128787878787875,0.12012987012987013,0
0.5172413793103449,0.27586206896551724,0,0,10,7.0,0.8,208.5909090909091,181.16666666666666,25.47727272727272,-1.9469696969697168,0.12229437229437229,0
0.5172413793103449,0.27586206896551724,0,0,10,7.0,0.8,199.88636363636365,197.28787878787878,14.318181818181841,11.719696969696969,0.12337662337662338,0
0.4827586206896552,0.3103448275862069,0,0,9,7.5,1.0,194.51515151515153,215.75,4.401515151515156,25.636363636363626,0.13095238095238096,0
0.4827586206896552,0.3103448275862069,12,0,8,7.0,1.0,189.27272727272728,225.81060606060603,13.090909090909093,49.62878787878785,0.1406926406926407,0
0.41379310344827586,0.3103448275862069,16,0,7,6.0,0.75,186.25757575757575,225.75757575757575,15.666666666666657,55.16666666666666,0.15151515151515152,0
0.4827586206896552,0.27586206896551724,0,0,6,4.5,0.5,186.2651515151515,224.97727272727272,-10.462121212121218,28.25,0.1634199134199134,0
0.27586206896551724,0.2413793103448276,0,0,3,2.0,0.0,183.95454545454547,222.59848484848484,-40.590909090909065,-1.9469696969696884,0.17316017316017315,0
0.41379310344827586,0.20689655172413793,0,0,8,7.0,1.0,225.81060606060603,182.37121212121212,6.037878787878753,-37.401515151515156,0.1893939393939394,0
0.3793103448275862,0.20689655172413793,0,0,9,6.5,1.0,225.75757575757575,182.4090909090909,17.189393939393938,-26.159090909090907,0.1829004329004329,0
0.41379310344827586,0.20689655172413793,0,0,10,7.0,1.0,224.97727272727272,183.77272727272725,31.545454545454533,-9.659090909090935,0.17532467532467533,0
0.41379310344827586,0.20689655172413793,0,0,11,8.0,1.0,222.59848484848484,186.28030303030303,39.16666666666666,2.848484848484844,0.16125541125541126,0
0.4482758620689655,0.20689655172413793,0,0,11,9.0,1.0,217.3257575757576,186.30303030303034,34.393939393939405,3.371212121212153,0.14826839826839827,0
0.4482758620689655,0.20689655172413793,0,0,11,9.0,1.0,207.25757575757575,182.3257575757576,26.50757575757575,1.5757575757575921,0.1461038961038961,0
0.4482758620689655,0.20689655172413793,0,0,11,9.0,1.0,195.1439393939394,189.6742424242424,11.598484848484873,6.128787878787875,0.14502164502164502,0
0.3793103448275862,0.20689655172413793,0,0,11,9.0,1.0,186.59848484848484,202.29545454545453,-0.4242424242424363,15.272727272727252,0.14502164502164502,0
0.41379310344827586,0.20689655172413793,0,0,11,8.0,0.8,182.37121212121212,218.6212121212121,-5.901515151515156,30.348484848484816,0.14502164502164502,0
0.41379310344827586,0.20689655172413793,0,0,11,7.0,0.8,182.4090909090909,221.9242424242424,-1.2045454545454675,38.310606060606034,0.14393939393939395,0
0.3793103448275862,0.20689655172413793,16,0,11,6.0,1.0,183.77272727272725,221.24242424242425,8.681818181818159,46.151515151515156,0.14393939393939395,0
0.4482758620689655,0.9655172413793104,0,0,5,5.0,1.0,222.63636363636363,200.87878787878788,-2.25,-24.00757575757575,0.09956709956709957,1
0.6071428571428571,0.42857142857142855,0,0,11,7.0,0.8,222.5658914728682,175.48062015503876,39.14728682170542,-7.937984496124017,0.15614617940199335,1
0.6428571428571429,0.42857142857142855,0,0,11,7.0,0.7142857142857143,219.3875968992248,181.8527131782946,48.59689922480621,11.062015503876012,0.1760797342192691,0
0.5714285714285714,0.42857142857142855,0,0,11,7.5,0.8333333333333334,211.8372093023256,189.29457364341087,41.76744186046511,19.224806201550393,0.19490586932447398,0
0.5714285714285714,0.42857142857142855,0,0,11,7.5,1.0,199.89147286821705,193.20155038759688,27.72868217054264,21.038759689922472,0.2115171650055371,0
0.5714285714285714,0.25,0,0,11,7.5,1.0,185.31782945736435,189.8139534883721,10.875968992248062,15.372093023255815,0.2248062015503876,0
0.5714285714285714,0.2857142857142857,0,0,11,6.5,1.0,174.75968992248065,176.3953488372093,-5.077519379844944,-3.4418604651162923,0.23255813953488372,0
0.5357142857142857,0.32142857142857145,0,0,11,6.0,1.0,171.0077519379845,160.31007751937983,-20.27131782945736,-30.968992248062023,0.23477297895902546,0
0.39285714285714285,0.35714285714285715,0,0,11,8.0,1.0,172.22480620155036,149.68992248062014,-24.542635658914747,-47.07751937984497,0.2425249169435216,0
0.4642857142857143,0.39285714285714285,0,0,11,6.0,1.0,175.48062015503876,151.4031007751938,-16.077519379844944,-40.155038759689916,0.2469545957918051,0
0.75,0.7142857142857143,0,0,11,6.0,1.0,181.85271317829458,163.2093023255814,0.7364341085271349,-17.90697674418604,0.24584717607973422,0
0.7142857142857143,0.7142857142857143,0,0,11,6.0,1.0,189.29457364341087,179.64341085271317,32.78294573643413,23.131782945736433,0.24141749723145073,0
0.6785714285714286,0.6785714285714286,0,0,11,5.5,1.0,193.20155038759688,194.94573643410854,49.899224806201545,51.6434108527132,0.2336655592469546,0
0.6071428571428571,0.6428571428571429,0,0,11,6.0,1.0,189.81395348837205,197.88372093023256,40.55813953488368,48.627906976744185,0.22369878183831673,0
0.6071428571428571,0.6071428571428571,0,0,11,6.0,1.0,176.3953488372093,194.90697674418604,14.74418604651163,33.25581395348837,0.2115171650055371,0
0.5357142857142857,0.5714285714285714,0,0,11,6.0,1.0,160.31007751937986,197.03875968992247,-18.410852713178286,18.317829457364326,0.20044296788482835,0
0.4642857142857143,0.4642857142857143,0,0,11,6.0,1.0,149.68992248062014,208.68217054263565,-48.86821705426357,10.124031007751938,0.19158361018826134,0
0.4642857142857143,0.35714285714285715,0,0,11,9.0,1.0,151.4031007751938,219.86821705426357,-56.155038759689916,12.31007751937986,0.18383167220376523,0
0.4642857142857143,0.35714285714285715,0,0,11,2.0,0.4,163.2093023255814,223.0,-24.32558139534882,35.465116279069775,0.17940199335548174,0
0.35714285714285715,0.2857142857142857,0,0,9,7.5,1.0,217.49612403100775,172.55813953488374,12.217054263565899,-32.72093023255812,0.2026578073089701,0
0.42857142857142855,0.2857142857142857,0,0,8,6.5,1.0,213.31007751937986,175.2558139534884,24.170542635658933,-13.883720930232528,0.21040974529346623,0
0.42857142857142855,0.2857142857142857,0,0,8,7.0,1.0,210.85271317829458,176.05426356589146,35.10852713178295,0.3100775193798313,0.2203765227021041,0
0.39285714285714285,0.2857142857142857,0,7,9,8.0,1.0,208.3875968992248,172.3798449612403,39.66666666666666,3.658914728682163,0.23145071982281284,0
0.39285714285714285,0.2857142857142857,0,0,9,9.0,1.0,201.31782945736435,160.48837209302326,28.10852713178295,-12.720930232558146,0.24141749723145073,0
0.39285714285714285,0.2857142857142857,0,0,10,9.0,0.8,190.05426356589146,149.91472868217056,14.310077519379831,-25.829457364341067,0.2469545957918051,0
0.39285714285714285,0.2857142857142857,0,0,10,9.0,0.8,177.86821705426357,154.8062015503876,1.0542635658914605,-22.007751937984494,0.2547065337763012,0
0.42857142857142855,0.32142857142857145,0,3,9,8.5,1.0,172.55813953488374,168.69767441860463,-3.046511627906966,-6.906976744186068,0.26135105204872644,0
0.6071428571428571,0.35714285714285715,0,11,8,7.5,1.0,172.55813953488374,180.14728682170542,7.83720930232559,15.426356589147275,0.26799557032115173,0
0.5714285714285714,0.35714285714285715,11,0,7,6.0,0.6,175.2558139534884,181.7364341085271,34.11627906976747,40.59689922480618,0.2768549280177187,0
0.5357142857142857,0.35714285714285715,11,0,6,4.0,0.5,176.05426356589146,186.07751937984497,32.170542635658904,42.193798449612416,0.2868217054263566,0
0.21428571428571427,0.2857142857142857,10,0,0,0,0,172.37984496124034,193.31007751937986,-7.01550387596896,13.914728682170562,0.2978959025470653,0
0.17857142857142858,0.21428571428571427,4,7,6,6.0,1.0,160.48837209302326,196.65116279069767,-22.32558139534885,13.837209302325562,0.3034330011074197,0
0.39285714285714285,1.0357142857142858,2,1,11,8.5,1.0,160.56589147286823,137.015503875969,13.426356589147304,-10.124031007751938,0.3654485049833887,0
1.0357142857142858,1.0357142857142858,2,0,11,7.0,1.0,154.64341085271317,170.83720930232562,6.922480620155028,23.116279069767472,0.36766334440753046,0
1.0357142857142858,1.0357142857142858,7,0,11,2.0,0.3333333333333333,151.6201550387597,182.33333333333334,92.24806201550388,122.96124031007753,0.37209302325581395,0
1.0357142857142858,1.0357142857142858,7,0,11,2.0,0.3333333333333333,149.51937984496124,180.62790697674419,69.28682170542635,100.3953488372093,0.3743078626799557,0
0.5,1.0357142857142858,6,0,11,7.5,0.75,148.4263565891473,179.60465116279067,1.7286821705426405,32.90697674418601,0.3754152823920266,0
0.25,1.0357142857142858,6,0,11,10.5,1.0,118.07751937984496,178.10852713178292,-66.03875968992249,-6.007751937984523,0.3754152823920266,0
0.42857142857142855,0.2857142857142857,3,0,11,11.0,1.0,176.68992248062014,137.93023255813952,4.178294573643399,-34.58139534883722,0.3488372093023256,0
1.0357142857142858,0.42857142857142855,3,0,11,10.0,0.8,176.90697674418607,169.8294573643411,16.09302325581396,9.015503875968989,0.3532668881506091,0
1.0357142857142858,0.42857142857142855,3,0,11,2.5,0.4,176.72093023255812,170.79069767441862,88.20930232558138,82.27906976744188,0.3599114064230343,0
1.0357142857142858,0.42857142857142855,3,14,11,2.0,0.3076923076923077,175.14728682170542,172.45736434108528,97.86821705426357,95.17829457364343,0.3687707641196013,0
0.39285714285714285,0.42857142857142855,3,0,11,10.0,1.0,169.68992248062017,172.4418604651163,2.1085271317829495,4.860465116279073,0.3787375415282392,0
0.39285714285714285,0.42857142857142855,2,0,11,10.0,1.0,140.6124031007752,170.44961240310076,-28.317829457364326,1.519379844961236,0.3875968992248062,0
0.35714285714285715,0.25,2,0,11,11.0,1.0,108.86821705426355,163.31007751937986,-64.10852713178296,-9.666666666666657,0.39424141749723146,0
0.39285714285714285,0.25,2,0,11,11.0,1.0,111.12403100775195,153.22480620155036,-59.34108527131782,-17.24031007751941,0.3997785160575858,0
0.39285714285714285,0.25,1,0,11,11.0,1.0,137.93023255813952,144.015503875969,-36.0,-29.914728682170534,0.4108527131782946,0
0.42857142857142855,0.25,1,0,11,11.0,1.0,169.8294573643411,138.23255813953486,-3.1007751937984267,-34.69767441860466,0.4330011074197121,0
0.4642857142857143,0.25,1,0,11,10.5,1.0,170.79069767441862,136.75968992248062,6.302325581395365,-27.72868217054264,0.4374307862679956,0
0.4642857142857143,0.25,0,0,11,10.0,1.0,172.45736434108528,137.67441860465115,19.94573643410854,-14.83720930232559,0.4274640088593577,0
0.5357142857142857,0.25,0,1,11,9.0,1.0,172.44186046511626,139.6046511627907,29.767441860465112,-3.0697674418604493,0.4141749723145072,0
0.5357142857142857,0.2857142857142857,0,1,11,9.0,1.0,170.4496124031008,132.32558139534885,33.589147286821714,-4.534883720930225,0.3853820598006645,0
0.5714285714285714,0.2857142857142857,0,1,11,10.0,1.0,163.31007751937986,115.75968992248063,28.14728682170545,-19.403100775193778,0.34662236987818384,0
0.5357142857142857,0.2857142857142857,0,1,11,10.0,1.0,153.22480620155036,118.34883720930232,14.968992248061994,-19.906976744186053,0.3377630121816168,0
0.5714285714285714,0.32142857142857145,0,1,11,9.0,1.0,144.015503875969,154.0387596899225,4.410852713178286,14.434108527131798,0.3289036544850498,0
0.8928571428571429,1.0357142857142858,0,0,11,8.0,1.0,138.23255813953486,197.6124031007752,-2.7209302325581746,56.65891472868216,0.3266888150609081,0
1.0357142857142858,1.0357142857142858,0,0,11,7.0,0.5555555555555556,136.75968992248065,221.69767441860463,20.34108527131785,105.27906976744184,0.32447397563676633,0
1.0357142857142858,1.0357142857142858,0,0,11,2.0,0.3333333333333333,137.67441860465115,220.5581395348837,47.7674418604651,130.65116279069764,0.32558139534883723,0
1.0,1.0357142857142858,0,0,11,2.0,0.2857142857142857,139.6046511627907,219.58139534883722,-9.116279069767444,70.86046511627907,0.3266888150609081,0
0.25,1.0357142857142858,0,0,11,11.0,1.0,132.32558139534885,215.66666666666666,-91.16279069767441,-7.821705426356601,0.327796234772979,0
0.39285714285714285,0.21428571428571427,0,0,11,8.0,1.0,197.6124031007752,173.70542635658913,-20.085271317829466,-43.992248062015534,0.3133997785160576,0
0.39285714285714285,0.32142857142857145,0,0,11,8.0,1.0,221.69767441860463,169.1627906976744,12.465116279069747,-40.06976744186048,0.3023255813953488,0
0.4642857142857143,0.32142857142857145,0,0,11,8.0,1.0,220.5581395348837,167.88372093023258,28.604651162790674,-24.06976744186045,0.2912513842746401,0
0.4642857142857143,0.32142857142857145,0,0,11,8.5,1.0,219.58139534883722,168.33333333333334,39.06976744186048,-12.178294573643399,0.2812846068660022,0
0.4642857142857143,0.32142857142857145,0,0,11,9.5,1.0,215.66666666666666,164.09302325581393,43.01550387596899,-8.558139534883736,0.2691029900332226,0
0.42857142857142855,0.32142857142857145,0,0,11,10.5,1.0,206.29457364341087,148.55813953488374,38.34108527131784,-19.395348837209298,0.24584717607973422,0
0.39285714285714285,0.32142857142857145,0,2,11,10.5,1.0,193.89922480620157,148.8294573643411,27.015503875969017,-18.05426356589146,0.23920265780730898,0
0.42857142857142855,0.32142857142857145,0,0,11,9.5,1.0,181.70542635658913,161.30232558139537,12.891472868217022,-7.5116279069767415,0.24584717607973422,0
0.5,0.5357142857142857,0,0,11,8.5,1.0,173.70542635658913,185.93023255813955,4.403100775193792,16.627906976744214,0.2558139534883721,0
0.6428571428571429,0.5357142857142857,0,0,11,7.5,1.0,169.1627906976744,194.79069767441862,15.0,40.627906976744214,0.26578073089701,0
0.6428571428571429,0.5357142857142857,11,0,11,6.0,0.625,167.88372093023256,196.20930232558143,45.674418604651166,74.00000000000004,0.2779623477297896,0
0.5,0.5357142857142857,4,0,11,11.0,1.0,168.33333333333334,196.15503875968992,-1.782945736434101,26.038759689922472,0.2912513842746401,0
0.25,0.42857142857142855,4,0,11,11.0,1.0,164.09302325581396,195.72093023255812,-27.48837209302326,4.1395348837208985,0.3034330011074197,0
1.0357142857142858,0.39285714285714285,2,0,11,8.5,0.75,154.70542635658913,177.55813953488374,6.751937984496095,29.604651162790702,0.34108527131782945,0
1.0357142857142858,0.39285714285714285,7,0,11,4.5,0.5,151.76744186046514,183.92248062015506,44.139534883720955,76.29457364341087,0.34551495016611294,0
1.0357142857142858,0.39285714285714285,7,0,11,2.5,0.3333333333333333,150.2170542635659,183.30232558139537,51.00775193798451,84.09302325581397,0.35105204872646734,0
0.32142857142857145,0.39285714285714285,6,0,11,8.0,0.75,149.12403100775194,181.9922480620155,-15.085271317829466,17.7829457364341,0.35658914728682173,0
0.25,0.39285714285714285,6,0,11,9.0,1.0,135.46511627906978,179.984496124031,-50.30232558139534,-5.782945736434101,0.3588039867109635,0
0.39285714285714285,1.0357142857142858,3,0,11,11.0,1.0,169.42635658914728,137.6124031007752,-0.9457364341085395,-32.75968992248062,0.3709856035437431,0
1.0357142857142858,1.0357142857142858,3,0,11,8.0,0.6666666666666666,170.0387596899225,165.64341085271317,6.87596899224809,2.480620155038764,0.37652270210409744,0
1.0357142857142858,1.0357142857142858,3,14,11,2.0,0.26666666666666666,170.20155038759688,172.31007751937986,121.62015503875966,123.72868217054264,0.3842746400885936,0
1.0357142857142858,1.0357142857142858,3,13,11,3.0,0.36363636363636365,170.21705426356587,173.92248062015503,82.89147286821704,86.5968992248062,0.3920265780730897,0
0.4642857142857143,1.0357142857142858,3,0,11,10.0,1.0,167.6046511627907,173.66666666666666,12.372093023255815,18.43410852713177,0.3997785160575858,0
0.39285714285714285,0.32142857142857145,2,0,11,10.5,1.0,127.3720930232558,167.78294573643413,-42.90697674418605,-2.4961240310077244,0.40420819490586934,0
0.39285714285714285,0.25,2,0,11,11.0,1.0,99.68992248062015,158.89147286821705,-71.72868217054263,-12.52713178294573,0.40863787375415284,0
0.35714285714285715,0.25,2,0,11,11.0,1.0,97.04651162790697,149.7286821705426,-78.18604651162792,-25.503875968992276,0.4141749723145072,0
0.35714285714285715,0.21428571428571427,2,0,11,11.0,1.0,137.6124031007752,143.24806201550385,-37.50387596899225,-31.868217054263596,0.4263565891472868,0
0.4642857142857143,0.21428571428571427,1,0,11,11.0,1.0,165.64341085271317,138.89147286821705,-5.007751937984494,-31.759689922480618,0.4274640088593577,0
0.5,0.25,1,0,11,10.5,1.0,172.31007751937986,137.95348837209303,14.72868217054264,-19.627906976744185,0.4174972314507198,0
0.5,0.25,1,0,11,10.0,1.0,173.92248062015506,138.51937984496124,25.480620155038764,-9.922480620155056,0.40753045404208194,0
0.5,0.25,1,1,11,9.0,1.0,173.66666666666666,140.2558139534884,30.503875968992247,-2.906976744186011,0.39424141749723146,0
0.5357142857142857,0.2857142857142857,0,1,11,9.0,1.0,158.89147286821705,135.50387596899225,23.519379844961236,0.13178294573643257,0.3178294573643411,0
0.5714285714285714,0.2857142857142857,0,1,11,9.0,1.0,149.7286821705426,162.85271317829458,9.37984496124028,22.503875968992247,0.30564784053156147,0
0.5714285714285714,0.32142857142857145,0,0,11,8.0,1.0,143.24806201550388,199.69767441860463,3.4108527131782864,59.860465116279045,0.2956810631229236,0
1.0357142857142858,0.32142857142857145,0,0,11,7.5,0.8333333333333334,138.89147286821705,221.93023255813952,-1.6899224806201687,81.3488372093023,0.292358803986711,0
1.0357142857142858,0.32142857142857145,0,0,11,2.0,0.4166666666666667,137.95348837209303,221.65116279069767,25.488372093023273,109.18604651162791,0.2901439645625692,0
1.0357142857142858,0.32142857142857145,0,0,11,4.0,0.5,138.51937984496124,221.68217054263565,-14.94573643410854,68.21705426356587,0.2868217054263566,0
0.17857142857142858,0.32142857142857145,0,0,11,8.5,1.0,140.2558139534884,222.0,-82.37209302325579,-0.6279069767441854,0.28349944629014395,0
0.39285714285714285,0.2857142857142857,0,0,11,9.0,1.0,221.65116279069767,186.4031007751938,10.209302325581376,-25.0387596899225,0.2502768549280177,0
0.39285714285714285,0.2857142857142857,0,0,11,7.0,1.0,221.68217054263565,185.96899224806202,22.937984496124017,-12.775193798449607,0.23588039867109634,0
0.39285714285714285,0.2857142857142857,0,0,11,7.0,1.0,222.0,185.36434108527132,32.372093023255815,-4.263565891472865,0.22259136212624583,0
0.39285714285714285,0.2857142857142857,0,0,11,8.0,1.0,218.5503875968992,176.15503875968992,32.3875968992248,-10.007751937984494,0.2026578073089701,0
0.39285714285714285,0.2857142857142857,0,0,11,9.0,1.0,210.4341085271318,161.33333333333334,23.55038759689924,-25.550387596899213,0.1937984496124031,0
0.39285714285714285,0.2857142857142857,0,0,11,9.0,1.0,199.93798449612405,157.20155038759688,13.775193798449635,-28.961240310077528,0.19601328903654486,0
0.39285714285714285,0.2857142857142857,0,0,11,9.0,1.0,191.51162790697674,173.48837209302326,6.6511627906976685,-11.372093023255815,0.20376522702104097,0
0.5714285714285714,0.5,0,0,11,8.0,1.0,187.5581395348837,195.5658914728682,2.48837209302323,10.496124031007724,0.21262458471760798,0
0.6071428571428571,0.5,0,0,11,7.0,0.8333333333333334,186.4031007751938,205.77519379844958,27.868217054263567,47.240310077519354,0.2248062015503876,0
0.5357142857142857,0.5,12,0,11,6.0,0.5714285714285714,185.96899224806202,203.76744186046514,45.573643410852725,63.37209302325584,0.23809523809523808,0
0.5357142857142857,0.4642857142857143,0,0,11,11.0,0.6666666666666666,185.36434108527132,201.41860465116278,12.689922480620169,28.74418604651163,0.2502768549280177,0
0.21428571428571427,0.42857142857142855,0,0,11,11.0,1.0,176.15503875968992,199.08527131782944,-31.240310077519382,-8.31007751937986,0.26245847176079734,0
0.32142857142857145,0.21428571428571427,5,0,11,11.0,1.0,205.77519379844964,158.34108527131784,9.472868217054298,-37.9612403100775,0.301218161683278,0
0.35714285714285715,0.25,5,0,11,11.0,1.0,203.76744186046508,157.36434108527132,17.604651162790674,-28.79844961240309,0.3001107419712071,0
0.42857142857142855,0.2857142857142857,4,0,11,8.0,1.0,201.41860465116278,157.96124031007753,34.13953488372093,-9.317829457364326,0.3001107419712071,0
0.4642857142857143,0.2857142857142857,4,0,11,9.0,1.0,199.08527131782947,158.53488372093022,36.992248062015506,-3.558139534883736,0.29900332225913623,0
0.4642857142857143,0.2857142857142857,4,0,11,9.0,1.0,194.015503875969,156.0,37.317829457364326,-0.6976744186046631,0.2868217054263566,0
0.5,0.2857142857142857,4,0,11,10.0,1.0,183.2480620155039,142.6201550387597,27.015503875969017,-13.612403100775197,0.2857142857142857,0
0.4642857142857143,0.2857142857142857,4,0,11,9.5,1.0,171.84496124031008,152.02325581395348,12.682170542635674,-7.139534883720927,0.2912513842746401,0
0.4642857142857143,0.32142857142857145,4,0,11,9.0,1.0,162.0232558139535,165.8062015503876,3.534883720930253,7.317829457364354,0.2956810631229236,0
0.4642857142857143,0.6428571428571429,9,0,11,8.0,1.0,158.34108527131784,189.70542635658913,0.38759689922480334,31.751937984496095,0.30454042081949056,0
0.6428571428571429,0.6071428571428571,9,0,11,7.0,1.0,157.36434108527132,189.93798449612405,5.8062015503876125,38.37984496124034,0.31561461794019935,0
0.6071428571428571,0.6071428571428571,9,0,11,6.0,0.5555555555555556,157.9612403100775,187.58139534883722,39.61240310077517,69.23255813953489,0.3266888150609081,0
0.21428571428571427,0.5714285714285714,3,0,11,11.0,1.0,158.53488372093022,186.65116279069767,-27.627906976744185,0.48837209302325846,0.3333333333333333,0
0.21428571428571427,0.5357142857142857,8,0,11,11.0,1.0,156.0,186.64341085271317,-36.90697674418604,-6.263565891472865,0.3399778516057586,0
0.25,0.21428571428571427,7,0,11,11.0,1.0,189.70542635658913,155.2558139534884,2.4496124031007582,-31.99999999999997,0.36766334440753046,0
0.35714285714285715,0.32142857142857145,7,0,11,11.0,1.0,189.93798449612405,152.34108527131784,3.100775193798455,-34.49612403100775,0.36655592469545956,0
0.39285714285714285,0.32142857142857145,2,0,11,6.0,1.0,187.58139534883722,149.9922480620155,18.465116279069775,-19.124031007751938,0.36323366555924697,0
0.39285714285714285,0.32142857142857145,2,0,11,7.0,1.0,186.65116279069767,148.75193798449612,28.16279069767441,-9.736434108527135,0.3588039867109635,0
0.42857142857142855,0.32142857142857145,2,0,11,8.0,1.0,186.64341085271317,149.0077519379845,31.7829457364341,-5.852713178294579,0.3532668881506091,0
0.42857142857142855,0.32142857142857145,2,0,11,9.0,1.0,181.06976744186045,136.15503875968992,28.65116279069767,-16.263565891472865,0.34108527131782945,0
0.42857142857142855,0.32142857142857145,6,0,11,9.0,1.0,171.48062015503876,140.90697674418604,21.736434108527135,-8.83720930232559,0.3444075304540421,0
0.42857142857142855,0.32142857142857145,6,0,11,9.0,1.0,160.8217054263566,151.30232558139537,13.007751937984494,3.4883720930232585,0.34662236987818384,0
0.42857142857142855,0.7857142857142857,6,0,11,8.0,1.0,155.25581395348837,175.2558139534884,6.558139534883708,26.558139534883736,0.3532668881506091,0
0.8214285714285714,0.7857142857142857,1,0,11,8.0,1.0,152.34108527131784,180.6201550387597,1.8294573643410956,30.10852713178295,0.36323366555924697,0
0.8214285714285714,0.7857142857142857,6,0,11,6.0,0.5454545454545454,149.9922480620155,179.7441860465116,40.736434108527135,70.48837209302323,0.37320044296788485,0
0.39285714285714285,0.7857142857142857,6,0,11,10.5,1.0,148.75193798449612,177.97674418604652,-14.20155038759691,15.023255813953483,0.3842746400885936,0
0.25,0.6785714285714286,6,0,11,11.0,1.0,149.0077519379845,175.05426356589146,-32.68992248062017,-6.6434108527132025,0.3953488372093023,0
0.5,0.21428571428571427,5,0,11,11.0,1.0,180.6201550387597,131.02325581395348,10.341085271317837,-39.25581395348837,0.4119601328903654,0
0.5714285714285714,0.25,5,0,11,11.0,1.0,179.7441860465116,131.0077519379845,32.30232558139531,-16.434108527131798,0.3953488372093023,0
0.6071428571428571,0.2857142857142857,4,0,11,7.0,1.0,177.97674418604652,130.48062015503874,40.16279069767441,-7.333333333333371,0.3787375415282392,0
0.6071428571428571,0.2857142857142857,4,0,11,8.0,1.0,175.05426356589146,126.83720930232558,41.9612403100775,-6.255813953488385,0.36323366555924697,0
0.6071428571428571,0.2857142857142857,4,0,11,8.5,1.0,164.51162790697674,111.6201550387597,34.697674418604635,-18.1937984496124,0.33665559246954596,0
0.6428571428571429,0.2857142857142857,4,0,11,8.5,1.0,151.84496124031008,126.65116279069768,21.682170542635674,-3.5116279069767273,0.32558139534883723,0
0.6071428571428571,0.2857142857142857,4,0,11,8.5,1.0,139.4496124031008,160.75968992248062,6.4031007751938205,27.713178294573652,0.31450719822812845,0
0.7857142857142857,0.8928571428571429,4,0,11,8.0,1.0,133.57364341085272,206.52713178294576,5.341085271317837,78.29457364341087,0.30564784053156147,0
0.8928571428571429,0.8928571428571429,4,0,11,7.0,0.8571428571428571,131.02325581395348,222.97674418604652,11.790697674418595,103.74418604651163,0.2956810631229236,0
0.8571428571428571,0.8928571428571429,3,0,11,4.5,0.5,131.0077519379845,223.72093023255812,43.6124031007752,136.32558139534882,0.2857142857142857,0
0.8214285714285714,0.8571428571428571,0,0,11,4.5,0.5,130.48062015503876,223.31782945736435,-42.844961240310084,49.992248062015506,0.2757475083056478,0
0.21428571428571427,0.8214285714285714,0,0,11,11.0,1.0,126.83720930232558,224.7286821705426,-94.72093023255813,3.1705426356589044,0.26578073089701,0
1.0,1.0357142857142858,0,0,11,11.0,1.0,225.8139534883721,197.92248062015506,19.279069767441882,-8.612403100775168,0.16279069767441862,1
0.32142857142857145,0.21428571428571427,0,0,11,11.0,1.0,221.31007751937986,177.70542635658913,0.1705426356589328,-43.4341085271318,0.24806201550387597,0
0.35714285714285715,0.2857142857142857,0,0,11,8.5,1.0,225.75193798449615,176.78294573643413,38.98449612403104,-9.984496124030983,0.2502768549280177,0
0.39285714285714285,0.2857142857142857,0,14,11,6.5,1.0,224.48837209302326,173.5891472868217,65.11627906976744,14.217054263565899,0.25249169435215946,0
0.42857142857142855,0.2857142857142857,0,0,11,7.0,1.0,222.87596899224806,173.63565891472868,48.13178294573643,-1.1085271317829495,0.2336655592469546,0
0.5,0.2857142857142857,0,0,11,8.0,1.0,210.51162790697674,176.69767441860463,27.65116279069767,-6.162790697674438,0.21040974529346623,0
0.5357142857142857,0.32142857142857145,0,0,11,8.0,1.0,189.09302325581393,181.33333333333334,13.58139534883719,5.821705426356601,0.20044296788482835,0
0.5357142857142857,0.32142857142857145,0,0,11,8.0,1.0,173.62790697674419,190.50387596899225,1.6511627906976685,18.52713178294573,0.20376522702104097,0
0.6071428571428571,0.32142857142857145,0,0,11,8.0,0.7142857142857143,172.32558139534885,201.5503875968992,-0.9534883720930054,28.27131782945736,0.2159468438538206,0
0.6428571428571429,0.32142857142857145,0,0,11,7.5,0.8333333333333334,177.70542635658913,209.49612403100775,2.0542635658914605,33.844961240310084,0.24363233665559247,0
0.5357142857142857,0.32142857142857145,0,0,11,7.0,0.8,176.78294573643413,209.1860465116279,-4.3798449612402806,28.023255813953483,0.25692137320044295,0
0.42857142857142855,0.2857142857142857,0,0,11,6.0,0.6,173.5891472868217,205.5968992248062,-13.59689922480618,18.410852713178315,0.26578073089701,0
0.32142857142857145,0.2857142857142857,0,0,11,6.5,0.5,173.63565891472868,204.76744186046508,-29.52713178294573,1.6046511627906739,0.27353266888150607,0
0.75,0.75,0,0,11,11.0,1.0,209.49612403100775,165.57364341085272,0.9612403100775282,-42.9612403100775,0.2757475083056478,0
0.7857142857142857,0.75,0,0,11,3.5,0.5,209.1860465116279,174.91472868217053,58.55813953488371,24.286821705426348,0.26688815060908083,0
0.8214285714285714,0.8214285714285714,0,13,11,3.0,0.4166666666666667,205.5968992248062,173.49612403100775,90.10852713178295,58.007751937984494,0.2602436323366556,0
0.6071428571428571,0.8214285714285714,0,0,11,7.0,0.7142857142857143,204.76744186046508,171.63565891472868,63.116279069767415,29.98449612403101,0.2558139534883721,0
0.39285714285714285,0.8214285714285714,0,0,11,8.0,1.0,187.5658914728682,174.69767441860463,9.472868217054241,-3.395348837209326,0.2502768549280177,0
0.39285714285714285,0.32142857142857145,0,0,11,9.5,1.0,158.21705426356587,180.22480620155036,-18.759689922480646,3.248062015503848,0.24584717607973422,0
0.39285714285714285,0.2857142857142857,0,0,11,9.0,0.8,135.92248062015503,190.3953488372093,-33.751937984496124,20.720930232558146,0.24584717607973422,0
0.39285714285714285,0.2857142857142857,0,0,11,9.0,0.8,145.07751937984497,200.0077519379845,-28.759689922480618,26.170542635658904,0.24584717607973422,0
0.39285714285714285,0.2857142857142857,0,0,11,8.0,1.0,165.5736434108527,205.14728682170542,-5.821705426356601,33.751937984496124,0.2823920265780731,0
0.39285714285714285,0.2857142857142857,0,0,11,7.0,1.0,174.91472868217053,207.20930232558138,-3.9457364341085395,28.348837209302303,0.32004429678848284,0
0.39285714285714285,0.2857142857142857,0,0,11,6.0,1.0,173.49612403100775,206.48837209302326,-16.922480620155028,16.069767441860478,0.32004429678848284,0
0.2857142857142857,0.2857142857142857,0,0,11,11.0,1.0,171.63565891472868,207.53488372093022,-30.27131782945736,5.627906976744185,0.3222591362126246,0
0.21428571428571427,0.21428571428571427,0,0,11,6.5,0.5,174.69767441860463,206.50387596899225,-33.00000000000003,-1.1937984496124159,0.3167220376522702,0
0.21428571428571427,0.6785714285714286,0,0,11,11.0,1.0,205.14728682170542,150.51162790697674,-3.8294573643410956,-58.465116279069775,0.28460686600221485,0
1.0357142857142858,1.0357142857142858,0,0,11,11.0,1.0,207.20930232558143,188.1860465116279,2.209302325581433,-16.813953488372107,0.27906976744186046,0
1.0357142857142858,1.0357142857142858,7,10,11,2.0,0.07692307692307693,206.48837209302326,187.47286821705424,105.16279069767442,86.1472868217054,0.27464008859357697,0
1.0357142857142858,1.0357142857142858,8,10,11,2.0,0.06666666666666667,207.53488372093022,188.70542635658913,134.41860465116278,115.58914728682169,0.2702104097452935,0
0.17857142857142858,1.0357142857142858,0,10,11,11.0,1.0,206.50387596899225,191.2558139534884,16.085271317829466,0.8372093023256184,0.26578073089701,0
0.17857142857142858,1.0357142857142858,0,10,11,11.0,1.0,171.76744186046508,193.72093023255812,-16.232558139534916,5.720930232558118,0.2646733111849391,0
0.75,0.75,0,8,11,11.0,1.0,197.4108527131783,171.88372093023258,5.666666666666657,-19.860465116279045,0.25359911406423036,0
0.7857142857142857,0.75,0,8,11,3.0,0.25,197.34108527131784,182.79069767441862,47.85271317829458,33.302325581395365,0.24584717607973422,0
0.8214285714285714,0.8214285714285714,0,7,11,3.0,0.3333333333333333,195.86821705426357,180.67441860465115,102.24031007751938,87.04651162790697,0.2369878183831672,0
0.6785714285714286,0.8214285714285714,0,0,11,7.0,0.5714285714285714,193.7519379844961,182.15503875968992,45.14728682170539,33.55038759689921,0.22812846068660023,0
0.42857142857142855,0.8214285714285714,0,0,11,8.0,1.0,177.92248062015506,186.11627906976742,-8.658914728682163,-0.4651162790698038,0.22148394241417496,0
0.4642857142857143,0.35714285714285715,0,0,11,9.0,1.0,144.95348837209303,192.34883720930233,-35.51162790697674,11.883720930232556,0.21262458471760798,0
0.4642857142857143,0.32142857142857145,0,0,11,9.5,1.0,130.57364341085272,202.7364341085271,-50.751937984496124,21.410852713178258,0.2059800664451827,0
0.4642857142857143,0.32142857142857145,0,0,11,9.5,1.0,142.93798449612405,214.33333333333334,-37.29457364341084,34.100775193798455,0.1982281284606866,0
0.42857142857142855,0.32142857142857145,0,0,11,8.5,1.0,171.88372093023256,223.49612403100775,-13.023255813953483,38.589147286821714,0.1937984496124031,0
0.39285714285714285,0.32142857142857145,0,0,11,7.5,1.0,182.79069767441862,227.20155038759688,-10.41860465116278,33.99224806201548,0.20155038759689922,0
0.35714285714285715,0.2857142857142857,0,0,11,7.0,1.0,180.67441860465115,227.34883720930233,-18.25581395348837,28.41860465116281,0.2026578073089701,0
0.25,0.2857142857142857,0,0,11,8.5,1.0,182.15503875968992,227.79069767441857,-33.91472868217056,11.72093023255809,0.20487264673311184,0
0.17857142857142858,0.21428571428571427,0,0,11,11.0,1.0,186.11627906976742,226.67441860465115,-41.883720930232585,-1.3255813953488484,0.20155038759689922,0
0.2857142857142857,0.21428571428571427,0,0,11,11.0,1.0,227.20155038759688,177.79069767441862,3.364341085271292,-46.046511627906966,0.18383167220376523,0
0.35714285714285715,0.2857142857142857,0,0,11,8.5,1.0,227.34883720930233,173.5891472868217,15.302325581395365,-38.45736434108525,0.17386489479512734,0
0.42857142857142855,0.2857142857142857,0,15,11,6.5,1.0,227.79069767441862,173.13178294573643,60.76744186046514,6.1085271317829495,0.16943521594684385,0
0.5,0.2857142857142857,0,0,11,7.0,1.0,226.67441860465115,175.23255813953486,42.18604651162789,-9.2558139534884,0.16500553709856036,0
0.6071428571428571,0.32142857142857145,0,0,11,8.0,1.0,221.20930232558143,178.7364341085271,42.41860465116284,-0.05426356589148895,0.16168327796234774,0
0.6071428571428571,0.32142857142857145,0,0,11,8.0,1.0,200.96899224806202,184.58139534883722,30.875968992248062,14.488372093023258,0.16279069767441862,0
0.5714285714285714,0.32142857142857145,0,0,11,8.0,1.0,187.85271317829458,195.54263565891475,15.968992248062023,23.65891472868219,0.1638981173864895,0
0.5,0.32142857142857145,0,0,11,8.0,0.8571428571428571,176.76744186046508,205.015503875969,-0.6511627906976969,27.596899224806208,0.17054263565891473,0
0.4642857142857143,0.32142857142857145,0,0,11,7.5,1.0,177.79069767441862,210.54263565891472,1.3953488372093261,34.14728682170542,0.20044296788482835,0
0.39285714285714285,0.32142857142857145,0,0,11,7.0,1.0,173.5891472868217,212.31007751937986,-8.806201550387584,29.914728682170562,0.21705426356589147,0
0.32142857142857145,0.32142857142857145,3,0,11,6.0,1.0,173.13178294573643,214.48837209302326,-21.8217054263566,19.534883720930225,0.2292358803986711,0
0.14285714285714285,0.25,0,0,11,11.0,1.0,175.23255813953486,215.8139534883721,-34.046511627906995,6.534883720930253,0.24031007751937986,0
0.5714285714285714,0.75,0,0,11,10.5,1.0,210.54263565891475,163.77519379844964,-4.968992248061994,-51.736434108527106,0.2558139534883721,0
0.7857142857142857,0.8214285714285714,0,0,11,8.5,0.75,212.31007751937986,173.15503875968992,24.379844961240337,-14.775193798449607,0.25359911406423036,0
0.8214285714285714,0.8214285714285714,0,12,11,2.5,0.4166666666666667,214.48837209302326,172.94573643410854,118.95348837209302,77.4108527131783,0.24806201550387597,0
0.5,0.8214285714285714,0,0,11,7.0,0.7142857142857143,215.8139534883721,171.76744186046514,69.46511627906978,25.41860465116281,0.24031007751937986,0
0.4642857142857143,0.8214285714285714,0,0,11,9.0,1.0,206.93023255813955,170.55038759689924,35.44186046511629,-0.9379844961240167,0.23477297895902546,0
0.42857142857142855,0.32142857142857145,0,0,11,9.0,1.0,166.32558139534885,172.12403100775194,-7.16279069767441,-1.3643410852713203,0.23477297895902546,0
0.39285714285714285,0.2857142857142857,0,0,11,10.0,1.0,143.2713178294574,179.56589147286823,-31.21705426356587,5.077519379844972,0.24141749723145073,0
0.39285714285714285,0.2857142857142857,0,0,11,9.0,1.0,137.79069767441862,189.75968992248065,-33.06976744186045,18.899224806201573,0.24363233665559247,0
0.42857142857142855,0.2857142857142857,0,0,11,8.0,1.0,163.77519379844964,198.87596899224806,-6.178294573643399,28.922480620155028,0.2857142857142857,0
0.42857142857142855,0.2857142857142857,0,0,11,7.5,1.0,173.15503875968992,202.44186046511626,2.3178294573643257,31.604651162790674,0.3289036544850498,0
0.42857142857142855,0.2857142857142857,0,0,11,7.0,1.0,172.94573643410854,202.13953488372093,-2.6356589147286797,26.558139534883708,0.3377630121816168,0
0.2857142857142857,0.2857142857142857,0,0,11,8.5,1.0,171.76744186046514,200.63565891472868,-20.511627906976713,8.356589147286826,0.34662236987818384,0
0.17857142857142858,0.21428571428571427,0,0,11,11.0,1.0,170.55038759689924,199.7286821705426,-30.86821705426354,-1.6899224806201687,0.34994462901439644,0
0.17857142857142858,1.0357142857142858,0,10,11,6.0,0.5,198.87596899224806,132.25581395348837,0.457364341085281,-66.16279069767441,0.31893687707641194,0
1.0357142857142858,1.0357142857142858,0,10,11,11.0,1.0,202.4418604651163,168.96124031007753,2.1860465116279215,-31.294573643410843,0.3167220376522702,0
1.0357142857142858,1.0357142857142858,7,10,11,2.0,0.06666666666666667,202.13953488372093,180.85271317829458,145.37209302325581,124.08527131782947,0.3122923588039867,0
1.0357142857142858,1.0357142857142858,8,10,11,2.0,0.06666666666666667,200.63565891472868,181.8139534883721,130.89147286821705,112.06976744186048,0.3078626799557032,0
0.32142857142857145,1.0357142857142858,0,9,11,3.0,0.3333333333333333,199.7286821705426,184.42635658914728,53.82170542635657,38.519379844961236,0.3023255813953488,0
0.17857142857142858,1.0357142857142858,0,9,11,11.0,1.0,151.8139534883721,187.71317829457362,-29.302325581395337,6.5968992248061795,0.29900332225913623,0
0.2857142857142857,0.4642857142857143,0,7,11,8.0,1.0,191.71317829457362,171.41085271317831,5.992248062015477,-14.310077519379831,0.2724252491694352,0
0.7857142857142857,0.5,0,7,11,8.0,1.0,191.14728682170542,190.65116279069767,26.79844961240309,26.302325581395337,0.26799557032115173,0
0.7857142857142857,0.5714285714285714,0,7,11,2.0,0.4444444444444444,191.984496124031,185.5813953488372,64.63565891472868,58.23255813953486,0.26135105204872644,0
0.8214285714285714,0.5714285714285714,0,6,11,5.0,0.5555555555555556,189.67441860465115,180.20930232558138,59.72093023255812,50.25581395348834,0.2547065337763012,0
0.35714285714285715,0.5714285714285714,0,0,11,8.0,1.0,181.20930232558138,179.11627906976744,-10.60465116279073,-12.697674418604663,0.24806201550387597,0
0.39285714285714285,0.5714285714285714,0,0,11,9.0,1.0,159.13953488372093,184.68217054263565,-33.32558139534885,-7.7829457364341295,0.24141749723145073,0
0.4642857142857143,0.2857142857142857,0,0,11,9.5,1.0,140.55038759689924,193.03875968992247,-47.12403100775191,5.36434108527132,0.23477297895902546,0
0.4642857142857143,0.2857142857142857,0,0,11,9.5,1.0,149.7054263565892,202.53488372093022,-26.899224806201516,25.930232558139522,0.22702104097452935,0
0.4642857142857143,0.2857142857142857,0,0,11,9.0,1.0,171.41085271317831,211.92248062015506,-4.937984496124017,35.573643410852725,0.22259136212624583,0
0.4642857142857143,0.2857142857142857,0,0,11,8.0,1.0,190.65116279069767,219.22480620155042,6.255813953488371,34.829457364341124,0.22812846068660023,0
0.4642857142857143,0.2857142857142857,0,0,11,7.0,1.0,185.58139534883722,222.38759689922483,-7.720930232558118,29.085271317829495,0.23034330011074197,0
0.39285714285714285,0.2857142857142857,0,0,11,7.5,1.0,180.20930232558138,223.06201550387595,-21.209302325581405,21.643410852713174,0.23034330011074197,0
0.2857142857142857,0.2857142857142857,0,0,11,10.5,1.0,179.11627906976744,223.015503875969,-33.76744186046511,10.131782945736433,0.23034330011074197,0
0.35714285714285715,0.21428571428571427,0,0,11,9.0,1.0,219.22480620155042,182.38759689922483,-3.9612403100774713,-40.79844961240306,0.2081949058693245,0
0.39285714285714285,0.2857142857142857,0,0,11,8.5,1.0,222.3875968992248,184.46511627906978,21.94573643410851,-15.976744186046517,0.20155038759689922,0
0.42857142857142855,0.2857142857142857,0,14,11,6.0,1.0,223.06201550387598,183.7054263565892,60.736434108527135,21.379844961240337,0.19269102990033224,0
0.42857142857142855,0.32142857142857145,0,0,11,7.0,1.0,223.015503875969,183.67441860465115,46.7829457364341,7.441860465116264,0.18715393133997785,0
0.42857142857142855,0.32142857142857145,0,0,11,8.0,1.0,215.70542635658913,185.06201550387595,30.100775193798427,-0.5426356589147474,0.18272425249169436,0
0.42857142857142855,0.32142857142857145,0,0,11,8.5,1.0,195.31782945736435,188.2713178294574,9.992248062015506,2.9457364341085395,0.17940199335548174,0
0.42857142857142855,0.32142857142857145,0,0,11,9.0,1.0,179.66666666666666,196.20155038759688,-2.798449612403118,13.736434108527106,0.17940199335548174,0
0.42857142857142855,0.32142857142857145,0,0,11,9.0,1.0,174.72093023255817,206.09302325581393,-8.604651162790674,22.767441860465084,0.1805094130675526,0
0.42857142857142855,0.32142857142857145,0,0,11,8.0,1.0,182.3875968992248,215.05426356589146,-2.8449612403100843,29.821705426356573,0.2115171650055371,0
0.42857142857142855,0.32142857142857145,0,0,11,7.0,1.0,184.46511627906978,218.44186046511626,-2.16279069767441,31.81395348837208,0.22812846068660023,0
0.42857142857142855,0.32142857142857145,0,0,11,6.0,1.0,183.7054263565892,218.65891472868216,-9.248062015503848,25.70542635658913,0.23809523809523808,0
0.39285714285714285,0.32142857142857145,0,0,11,11.0,1.0,183.67441860465115,217.10852713178292,-25.34883720930233,8.085271317829438,0.24806201550387597,0
0.25,0.25,0,0,11,11.0,1.0,185.06201550387598,205.93023255813952,-31.240310077519354,-10.372093023255815,0.25692137320044295,0
0.32142857142857145,0.42857142857142855,0,0,11,11.0,1.0,215.05426356589146,153.3875968992248,-0.13178294573643257,-61.79844961240309,0.2602436323366556,0
1.0,0.42857142857142855,0,0,11,11.0,1.0,218.44186046511626,171.03100775193798,32.790697674418595,-14.620155038759691,0.2547065337763012,0
1.0357142857142858,0.42857142857142855,0,12,11,2.0,0.3333333333333333,218.65891472868216,173.06201550387595,136.42635658914728,90.82945736434107,0.24916943521594684,0
1.0357142857142858,0.42857142857142855,0,0,11,6.5,0.625,217.10852713178292,170.87596899224806,96.1550387596899,49.92248062015504,0.24473975636766335,0
0.5,0.42857142857142855,0,0,11,8.0,1.0,205.93023255813955,171.08527131782944,42.6046511627907,7.7596899224805895,0.24141749723145073,0
0.4642857142857143,0.25,0,0,11,8.0,1.0,161.02325581395348,173.51162790697677,-14.860465116279073,-2.372093023255786,0.23809523809523808,0
0.42857142857142855,0.25,0,0,11,8.0,1.0,129.6124031007752,184.72093023255812,-44.27131782945736,10.837209302325562,0.24031007751937986,0
0.4642857142857143,0.25,0,0,11,8.5,1.0,122.17054263565892,194.2635658914729,-47.24806201550386,24.844961240310113,0.24141749723145073,0
0.4642857142857143,0.25,0,0,11,8.0,1.0,153.3875968992248,202.36434108527132,-15.937984496124045,33.03875968992247,0.2513842746400886,0
0.5,0.25,0,0,11,7.0,0.8,171.03100775193798,200.85271317829458,-3.480620155038764,26.341085271317837,0.2823920265780731,0
0.42857142857142855,0.25,0,0,11,6.0,0.75,173.06201550387595,198.64341085271317,-3.635658914728708,21.94573643410851,0.29900332225913623,0
0.2857142857142857,0.25,0,0,11,11.0,1.0,170.87596899224806,197.89147286821708,-32.07751937984497,-5.062015503875955,0.31118493909191586,0
0.8571428571428571,0.8571428571428571,0,10,11,11.0,1.0,200.85271317829458,146.29457364341084,-1.705426356589129,-56.263565891472865,0.3023255813953488,0
0.8928571428571429,0.8928571428571429,0,10,11,4.5,0.5,198.64341085271317,154.26356589147287,42.480620155038764,-1.8992248062015449,0.3001107419712071,0
0.9285714285714286,0.9285714285714286,0,10,11,1.5,0.25,197.89147286821705,153.03100775193798,119.35658914728681,74.49612403100774,0.2956810631229236,0
0.9642857142857143,0.9642857142857143,0,10,11,6.0,0.5714285714285714,199.2713178294574,153.84496124031008,72.48062015503878,27.054263565891475,0.2901439645625692,0
0.5,0.9642857142857143,0,4,11,8.0,1.0,185.82170542635654,159.2635658914729,28.28682170542632,1.728682170542669,0.2868217054263566,0
0.5714285714285714,0.32142857142857145,0,4,11,8.0,1.0,145.75193798449612,166.4031007751938,-8.806201550387584,11.844961240310084,0.28903654485049834,0
0.6071428571428571,0.2857142857142857,0,9,11,8.0,1.0,120.49612403100775,177.4496124031008,-30.20155038759691,26.751937984496124,0.292358803986711,0
0.5,0.2857142857142857,0,9,11,8.0,1.0,120.95348837209302,187.89922480620157,-32.88372093023257,34.06201550387598,0.3078626799557032,0
0.5,0.2857142857142857,0,9,11,8.0,1.0,146.29457364341084,195.33333333333334,-10.705426356589157,38.33333333333334,0.33111849390919157,0
0.4642857142857143,0.2857142857142857,0,9,11,9.0,1.0,154.26356589147287,196.77519379844958,-12.689922480620169,29.821705426356544,0.33665559246954596,0
0.39285714285714285,0.25,0,9,11,11.0,1.0,153.03100775193798,194.85271317829458,-22.224806201550393,19.596899224806208,0.3388704318936877,0
0.2857142857142857,0.21428571428571427,0,8,11,11.0,1.0,153.84496124031008,192.7286821705426,-36.29457364341084,2.589147286821685,0.3444075304540421,0
0.75,0.75,0,7,11,11.0,1.0,195.33333333333334,176.20930232558138,4.14728682170545,-14.976744186046517,0.2967884828349945,0
0.8214285714285714,0.8214285714285714,0,7,11,6.0,0.6666666666666666,196.77519379844958,185.41085271317831,70.77519379844958,59.410852713178315,0.28460686600221485,0
0.8571428571428571,0.8214285714285714,0,7,11,2.5,0.4166666666666667,194.85271317829458,185.2635658914729,75.45736434108528,65.8682170542636,0.27353266888150607,0
0.5,0.8571428571428571,0,0,11,8.0,0.8333333333333334,192.7286821705426,185.57364341085272,34.98449612403098,27.829457364341096,0.26245847176079734,0
0.4642857142857143,0.8571428571428571,0,0,11,9.0,1.0,169.90697674418604,187.09302325581396,-15.558139534883736,1.6279069767441854,0.25249169435215946,0
0.4642857142857143,0.32142857142857145,0,0,11,10.0,1.0,145.52713178294573,192.0077519379845,-39.89147286821705,6.589147286821714,0.2425249169435216,0
0.4642857142857143,0.32142857142857145,0,0,11,10.0,1.0,134.3798449612403,200.89922480620154,-50.96899224806202,15.550387596899213,0.23588039867109634,0
0.4642857142857143,0.32142857142857145,0,0,11,9.0,1.0,154.20155038759688,211.1860465116279,-30.8217054263566,26.16279069767441,0.23034330011074197,0
0.4642857142857143,0.32142857142857145,0,0,11,8.0,1.0,176.20930232558143,217.8294573643411,-10.139534883720899,31.480620155038764,0.22369878183831673,0
0.4642857142857143,0.32142857142857145,0,0,11,7.0,1.0,185.4108527131783,220.03875968992247,-4.496124031007753,30.131782945736433,0.21705426356589147,0
0.42857142857142855,0.32142857142857145,0,0,11,8.5,1.0,185.2635658914729,219.51162790697674,-14.503875968992219,19.74418604651163,0.21040974529346623,0
0.35714285714285715,0.32142857142857145,0,0,11,11.0,1.0,185.57364341085272,219.49612403100775,-27.44961240310076,6.47286821705427,0.20376522702104097,0
0.2857142857142857,0.21428571428571427,0,0,11,11.0,1.0,187.09302325581393,220.29457364341087,-33.67441860465118,-0.4728682170542413,0.18272425249169436,0
0.2857142857142857,1.0357142857142858,0,0,11,6.0,0.5,221.50387596899225,142.4108527131783,-0.07751937984497204,-79.17054263565893,0.16611295681063123,1
0.42857142857142855,0.25,0,0,11,8.5,1.0,221.6124031007752,173.85271317829458,3.193798449612416,-44.5658914728682,0.2502768549280177,0
0.4642857142857143,0.2857142857142857,0,0,11,7.0,1.0,221.85271317829458,172.49612403100775,17.85271317829458,-31.503875968992247,0.2513842746400886,0
0.6071428571428571,0.2857142857142857,0,0,11,7.5,1.0,222.89922480620154,174.20155038759694,34.52713178294573,-14.170542635658876,0.21926910299003322,0
0.6785714285714286,0.2857142857142857,0,0,10,8.0,1.0,221.23255813953486,176.6201550387597,43.32558139534882,-1.2868217054263482,0.18826135105204872,0
0.6785714285714286,0.2857142857142857,0,0,10,8.0,0.8333333333333334,215.3953488372093,174.28682170542638,42.697674418604635,1.5891472868217136,0.17054263565891473,0
0.5714285714285714,0.2857142857142857,0,0,11,8.0,0.8333333333333334,203.5968992248062,174.1705426356589,32.643410852713174,3.2170542635658705,0.16832779623477298,0
0.5,0.2857142857142857,0,0,10,8.0,1.0,190.09302325581393,186.51162790697677,16.255813953488342,12.67441860465118,0.16832779623477298,0
0.4642857142857143,0.35714285714285715,0,0,9,8.0,1.0,179.65891472868216,204.28682170542638,1.844961240310056,26.47286821705427,0.1716500553709856,0
0.4642857142857143,0.32142857142857145,0,1,8,8.0,1.0,173.85271317829458,219.31007751937986,-4.356589147286826,41.100775193798455,0.1760797342192691,0
0.4642857142857143,0.32142857142857145,0,0,7,7.0,0.75,172.49612403100778,221.7441860465116,5.658914728682191,54.90697674418601,0.18383167220376523,0
0.42857142857142855,0.32142857142857145,0,0,6,6.0,0.75,174.20155038759694,222.1240310077519,-3.2635658914728367,44.658914728682134,0.1937984496124031,0
0.25,0.2857142857142857,0,0,0,0,0,176.6201550387597,220.09302325581393,-38.6124031007752,4.860465116279045,0.2026578073089701,0
0.17857142857142858,0.25,0,0,0,0,0,174.28682170542638,213.77519379844964,-45.87596899224803,-6.387596899224775,0.2070874861572536,0
0.39285714285714285,0.25,0,0,6,6.0,1.0,221.7441860465116,175.85271317829458,18.16279069767438,-27.72868217054264,0.2369878183831672,0
0.42857142857142855,0.32142857142857145,0,0,7,7.0,1.0,222.1240310077519,173.5503875968992,33.914728682170505,-14.658914728682191,0.23034330011074197,0
0.42857142857142855,0.32142857142857145,0,0,8,6.0,0.8,220.09302325581393,169.3875968992248,40.046511627906966,-10.658914728682163,0.22591362126245848,0
0.42857142857142855,0.32142857142857145,0,0,9,7.0,0.8,213.77519379844958,152.6046511627907,37.86821705426354,-23.302325581395337,0.2159468438538206,0
0.42857142857142855,0.32142857142857145,0,0,10,8.0,0.8,202.74418604651166,125.33333333333333,24.883720930232585,-52.527131782945744,0.2059800664451827,0
0.4642857142857143,0.32142857142857145,0,0,10,9.0,1.0,190.6124031007752,133.10852713178295,16.8217054263566,-40.682170542635646,0.2081949058693245,0
0.4642857142857143,0.32142857142857145,5,0,9,8.5,1.0,181.3875968992248,160.70542635658916,12.387596899224803,-8.294573643410843,0.21373200442967885,0
1.0357142857142858,1.0,5,0,9,8.0,1.0,177.93798449612405,200.96899224806202,12.56589147286823,35.59689922480621,0.21705426356589147,0
1.0357142857142858,1.0,11,0,8,6.5,0.6666666666666666,175.85271317829458,207.45736434108528,52.4108527131783,84.015503875969,0.2203765227021041,0
1.0,1.0,10,0,7,1.0,0.23076923076923078,173.5503875968992,208.31007751937986,86.3643410852713,121.12403100775195,0.22369878183831673,0
0.42857142857142855,1.0,4,0,6,6.0,1.0,169.3875968992248,208.04651162790697,-19.31007751937986,19.348837209302303,0.22812846068660023,0
0.17857142857142858,0.8928571428571429,4,0,0,0,0,152.6046511627907,206.2713178294574,-53.627906976744185,0.03875968992250023,0.22812846068660023,0
0.6071428571428571,1.0357142857142858,8,0,0,0,0,202.84496124031008,184.48837209302326,16.426356589147304,-1.9302325581395223,0.2203765227021041,0
1.0357142857142858,1.0357142857142858,7,0,3,2.0,0.0,201.2635658914729,193.2558139534884,57.44961240310079,49.44186046511629,0.23034330011074197,0
1.0357142857142858,1.0357142857142858,7,9,3,1.0,0.0,199.29457364341087,194.8217054263566,160.38759689922483,155.91472868217056,0.24141749723145073,0
0.25,1.0357142857142858,2,0,3,3.0,0.0,194.06976744186045,195.58139534883722,24.99999999999997,26.51162790697674,0.2513842746400886,0
0.25,1.0357142857142858,2,0,0,0,0,175.5503875968992,194.57364341085272,-15.844961240310084,3.178294573643427,0.26356589147286824,0
0.35714285714285715,0.21428571428571427,1,0,7,7.0,1.0,193.2558139534884,153.34108527131784,0.9069767441860677,-39.007751937984494,0.3532668881506091,0
0.39285714285714285,0.2857142857142857,6,0,8,6.0,1.0,194.8217054263566,150.08527131782944,20.193798449612416,-24.542635658914747,0.34994462901439644,0
0.39285714285714285,0.2857142857142857,6,0,9,7.0,1.0,195.58139534883722,147.984496124031,29.25581395348837,-18.341085271317837,0.34219269102990035,0
0.4642857142857143,0.2857142857142857,6,0,10,8.0,1.0,194.5736434108527,146.1782945736434,36.24806201550385,-12.14728682170545,0.32558139534883723,0
0.5,0.2857142857142857,5,0,11,9.0,1.0,187.41860465116278,118.67441860465117,35.279069767441854,-33.46511627906976,0.27906976744186046,0
0.5,0.2857142857142857,5,0,10,9.0,1.0,177.76744186046514,111.20155038759691,28.209302325581433,-38.3565891472868,0.2702104097452935,0
0.5357142857142857,0.2857142857142857,5,0,10,9.0,1.0,166.4263565891473,128.77519379844964,17.868217054263596,-19.782945736434073,0.26356589147286824,0
0.5357142857142857,1.0,5,0,10,9.0,1.0,158.93023255813955,182.66666666666666,13.09302325581396,36.82945736434107,0.25692137320044295,0
1.0357142857142858,1.0,5,0,9,8.0,1.0,153.34108527131784,217.24031007751935,9.20155038759691,73.10077519379843,0.2547065337763012,0
1.0357142857142858,1.0,5,0,8,2.0,0.35714285714285715,150.08527131782944,227.96899224806202,84.03875968992246,161.92248062015506,0.2547065337763012,0
1.0,1.0,0,0,7,2.0,0.25,147.984496124031,227.82170542635654,24.565891472868216,104.40310077519375,0.25692137320044295,0
0.32142857142857145,0.9642857142857143,0,0,6,4.5,0.5,146.1782945736434,228.35658914728683,-50.682170542635674,31.496124031007753,0.2646733111849391,0
0.21428571428571427,0.8571428571428571,0,0,0,0,0,118.67441860465117,226.62790697674419,-109.04651162790698,-1.0930232558139608,0.2646733111849391,0
0.35714285714285715,0.21428571428571427,0,0,0,0,0,227.96899224806202,170.3953488372093,4.1085271317829495,-53.465116279069775,0.2369878183831672,0
0.42857142857142855,0.2857142857142857,0,0,6,6.0,1.0,227.8217054263566,169.71317829457362,18.14728682170545,-39.96124031007753,0.2203765227021041,0
0.6428571428571429,0.2857142857142857,0,0,7,7.0,1.0,228.35658914728683,172.08527131782944,34.98449612403101,-21.286821705426377,0.2026578073089701,0
0.6785714285714286,0.2857142857142857,0,0,8,7.0,1.0,226.62790697674419,173.8139534883721,50.44186046511629,-2.372093023255786,0.1672203765227021,0
0.6428571428571429,0.32142857142857145,0,0,9,6.5,0.6666666666666666,220.7596899224806,170.09302325581396,56.131782945736404,5.465116279069775,0.13953488372093023,0
0.6071428571428571,0.32142857142857145,0,0,10,7.0,0.6666666666666666,208.96899224806202,173.7596899224806,38.59689922480621,3.387596899224775,0.1362126245847176,0
0.4642857142857143,0.32142857142857145,0,0,10,8.0,0.8,193.07751937984494,188.48837209302326,18.937984496124017,14.348837209302332,0.1362126245847176,0
0.4642857142857143,0.32142857142857145,0,1,9,8.0,1.0,178.06201550387595,208.77519379844964,6.317829457364326,37.031007751938006,0.13842746400885936,0
0.5,0.2857142857142857,0,2,8,8.0,1.0,170.3953488372093,222.50387596899225,-5.16279069767441,46.94573643410854,0.1461794019933555,0
0.4642857142857143,0.2857142857142857,0,0,7,7.0,1.0,169.71317829457362,222.79069767441862,6.7364341085271064,59.81395348837211,0.15725359911406422,0
0.42857142857142855,0.25,0,0,6,6.0,1.0,172.08527131782947,221.6046511627907,-10.658914728682163,38.86046511627907,0.16832779623477298,0
0.21428571428571427,0.25,0,0,0,0,0,173.8139534883721,220.3875968992248,-45.93023255813952,0.6434108527131741,0.17829457364341086,0
0.32142857142857145,0.21428571428571427,0,0,0,0,0,222.50387596899225,175.58914728682169,2.2248062015503933,-44.68992248062017,0.21705426356589147,0
0.35714285714285715,0.2857142857142857,0,0,6,6.0,1.0,222.79069767441862,172.5658914728682,15.697674418604663,-34.52713178294576,0.21926910299003322,0
0.35714285714285715,0.2857142857142857,0,0,7,6.0,1.0,221.6046511627907,172.34883720930233,31.534883720930225,-17.720930232558146,0.21262458471760798,0
0.42857142857142855,0.2857142857142857,0,0,8,7.0,1.0,220.3875968992248,173.37209302325581,40.20155038759691,-6.8139534883720785,0.2081949058693245,0
0.42857142857142855,0.2857142857142857,0,0,9,8.0,1.0,215.88372093023258,161.46511627906978,41.44186046511629,-12.976744186046517,0.19933554817275748,0
0.4642857142857143,0.2857142857142857,0,0,10,8.5,1.0,205.8139534883721,138.1627906976744,33.67441860465118,-33.97674418604652,0.1937984496124031,0
0.42857142857142855,0.2857142857142857,5,0,10,9.0,1.0,192.4496124031008,129.97674418604652,21.333333333333343,-41.13953488372093,0.19601328903654486,0
0.35714285714285715,0.32142857142857145,5,0,9,9.0,1.0,181.5658914728682,157.08527131782947,7.775193798449607,-16.70542635658913,0.20044296788482835,0
0.75,1.0,5,0,9,8.0,1.0,175.58914728682169,192.95348837209303,0.37984496124028055,17.74418604651163,0.20487264673311184,0
1.0,1.0,11,0,8,7.0,0.8,172.56589147286823,214.2635658914729,37.17054263565893,78.8682170542636,0.20930232558139536,0
0.9642857142857143,1.0,10,0,7,1.0,0.23076923076923078,172.34883720930233,214.04651162790697,68.46511627906978,110.16279069767441,0.21373200442967885,0
0.8571428571428571,0.9642857142857143,10,0,6,2.5,0.25,173.37209302325581,214.72093023255812,22.720930232558146,64.06976744186045,0.21926910299003322,0
0.10714285714285714,0.8928571428571429,4,0,0,0,0,161.46511627906975,212.90697674418604,-55.2558139534884,-3.813953488372107,0.22259136212624583,0
0.7857142857142857,1.0357142857142858,7,0,4,4.0,1.0,201.5968992248062,182.37209302325581,25.224806201550393,6.0,0.23255813953488372,0
1.0357142857142858,1.0357142857142858,7,0,4,2.0,0.1111111111111111,200.17829457364346,195.27906976744188,89.45736434108531,84.55813953488374,0.24363233665559247,0
1.0357142857142858,1.0357142857142858,7,10,4,2.0,0.06666666666666667,199.4496124031008,197.3875968992248,183.19379844961242,181.13178294573643,0.25802879291251385,0
0.42857142857142855,1.0357142857142858,7,0,4,4.0,1.0,191.71317829457362,198.67441860465115,34.410852713178286,41.372093023255815,0.2713178294573643,0
0.14285714285714285,1.0357142857142858,7,0,0,0,0,161.86821705426357,198.95348837209303,-29.155038759689916,7.930232558139551,0.28349944629014395,0
0.2857142857142857,0.21428571428571427,0,0,9,9.0,1.0,195.27906976744188,149.56589147286823,-1.5813953488371908,-47.29457364341084,0.3687707641196013,0
0.42857142857142855,0.2857142857142857,6,0,10,6.0,1.0,197.3875968992248,147.1782945736434,13.20155038759691,-37.007751937984494,0.37320044296788485,0
0.5,0.2857142857142857,6,0,11,7.0,1.0,198.67441860465115,146.57364341085272,34.41860465116278,-17.682170542635646,0.36323366555924697,0
0.5,0.2857142857142857,5,0,11,8.0,1.0,198.95348837209303,143.8217054263566,45.16279069767444,-9.968992248061994,0.3333333333333333,0
0.5,0.2857142857142857,5,0,11,9.0,1.0,194.5658914728682,134.65891472868216,45.93798449612402,-13.968992248062023,0.2857142857142857,0
0.5357142857142857,0.2857142857142857,5,0,11,9.0,1.0,181.76744186046514,114.08527131782944,35.48837209302329,-32.193798449612416,0.2713178294573643,0
0.5,0.2857142857142857,5,0,10,10.0,1.0,167.4108527131783,125.31007751937985,20.7829457364341,-21.31782945736434,0.26245847176079734,0
0.6071428571428571,0.32142857142857145,5,0,10,9.0,1.0,155.55813953488374,160.89922480620154,8.74418604651163,14.085271317829438,0.2558139534883721,0
0.8928571428571429,1.0,4,0,9,8.0,0.8571428571428571,149.56589147286823,209.8294573643411,11.542635658914747,71.80620155038761,0.24806201550387597,0
1.0,1.0,4,0,8,6.5,0.75,147.1782945736434,229.5658914728682,28.038759689922472,110.42635658914728,0.24031007751937986,0
0.9642857142857143,1.0,4,0,7,3.0,0.38461538461538464,146.57364341085272,232.0077519379845,61.48062015503878,146.91472868217056,0.23477297895902546,0
0.8214285714285714,1.0,0,0,6,4.0,0.6,143.8217054263566,232.1627906976744,-27.875968992248062,60.46511627906975,0.2292358803986711,0
0.21428571428571427,0.9285714285714286,0,0,0,0,0,134.65891472868216,232.45736434108525,-91.24806201550388,6.550387596899213,0.21926910299003322,0
0.42857142857142855,0.8928571428571429,0,0,4,4.0,1.0,228.95348837209303,127.22480620155038,2.9302325581395507,-98.7984496124031,0.22369878183831673,0
0.9285714285714286,0.9642857142857143,0,0,6,4.0,0.6666666666666666,227.79844961240312,126.94573643410853,26.031007751938006,-74.82170542635659,0.2369878183831672,0
0.9642857142857143,0.9642857142857143,0,0,7,4.0,0.6153846153846154,228.14728682170542,126.97674418604652,130.68217054263567,29.511627906976756,0.2502768549280177,0
0.7857142857142857,1.0,0,0,8,7.0,0.9,227.49612403100775,127.96899224806202,99.98449612403101,0.457364341085281,0.2602436323366556,0
0.6785714285714286,1.0,0,0,9,8.0,1.0,218.64341085271317,130.50387596899225,89.48062015503876,1.3410852713178372,0.2702104097452935,0
0.6785714285714286,0.32142857142857145,0,0,10,8.5,1.0,175.08527131782944,137.47286821705427,50.08527131782944,12.47286821705427,0.2812846068660022,0
0.6785714285714286,0.32142857142857145,0,0,10,10.0,1.0,142.24806201550388,150.79069767441862,15.57364341085271,24.116279069767458,0.292358803986711,0
0.6428571428571429,0.32142857142857145,0,1,11,9.0,1.0,118.04651162790697,164.65891472868216,-11.209302325581405,35.40310077519379,0.3023255813953488,0
0.6428571428571429,0.2857142857142857,0,1,11,8.0,1.0,127.22480620155038,174.2713178294574,-0.7519379844961378,46.29457364341087,0.3222591362126246,0
0.6071428571428571,0.2857142857142857,0,1,11,7.5,1.0,126.94573643410854,178.91472868217056,-7.333333333333314,44.63565891472871,0.35437430786268,0
0.5714285714285714,0.2857142857142857,0,1,11,7.0,1.0,126.97674418604652,181.0077519379845,-23.186046511627893,30.844961240310084,0.3754152823920266,0
0.4642857142857143,0.25,0,2,11,11.0,1.0,127.96899224806202,179.77519379844958,-39.9612403100775,11.844961240310056,0.39424141749723146,0
0.39285714285714285,0.21428571428571427,0,2,11,11.0,0.6666666666666666,130.50387596899225,178.20930232558138,-45.37984496124031,2.32558139534882,0.40863787375415284,0
0.32142857142857145,0.21428571428571427,0,2,11,11.0,1.0,137.47286821705427,163.03100775193798,-41.52713178294573,-15.968992248062023,0.39756367663344405,0
0.75,0.7857142857142857,0,3,11,8.0,1.0,178.91472868217056,130.68992248062014,1.751937984496152,-46.47286821705427,0.3853820598006645,0
0.8214285714285714,0.7857142857142857,0,3,11,7.0,1.0,181.0077519379845,140.35658914728683,44.37984496124031,3.7286821705426405,0.37652270210409744,0
0.8571428571428571,0.8571428571428571,0,3,11,6.0,0.6363636363636364,179.77519379844964,141.5581395348837,86.93798449612406,48.72093023255813,0.3643410852713178,0
0.8571428571428571,0.8571428571428571,0,4,11,7.5,1.0,178.20930232558138,143.02325581395348,65.06976744186045,29.883720930232556,0.35437430786268,0
0.5357142857142857,0.8571428571428571,0,4,11,8.0,1.0,163.03100775193798,144.11627906976744,22.658914728682163,3.7441860465116292,0.3477297895902547,0
0.5,0.32142857142857145,0,4,11,9.0,1.0,135.54263565891472,147.55813953488374,-3.0155038759689887,9.000000000000028,0.3444075304540421,0
0.5,0.2857142857142857,0,4,11,9.0,1.0,114.2015503875969,157.51937984496124,-27.93798449612403,15.379844961240309,0.3399778516057586,0
0.5,0.2857142857142857,0,4,11,8.5,1.0,115.44961240310077,171.21705426356587,-28.527131782945744,27.240310077519354,0.3399778516057586,0
0.5,0.2857142857142857,0,5,11,7.5,1.0,130.68992248062014,181.89147286821708,-12.263565891472894,38.937984496124045,0.34219269102990035,0
0.4642857142857143,0.2857142857142857,0,5,11,7.0,1.0,140.35658914728683,187.29457364341087,-5.062015503875955,41.87596899224809,0.3554817275747508,0
0.4642857142857143,0.2857142857142857,0,5,11,6.5,1.0,141.5581395348837,187.02325581395348,-12.74418604651163,32.720930232558146,0.3709856035437431,0
0.39285714285714285,0.2857142857142857,0,0,11,8.5,1.0,143.02325581395348,188.14728682170542,-29.813953488372107,15.310077519379831,0.3743078626799557,0
0.25,0.21428571428571427,0,0,11,11.0,1.0,144.11627906976744,188.76744186046514,-42.3953488372093,2.255813953488399,0.3709856035437431,0
0.2857142857142857,0.35714285714285715,0,0,10,10.0,1.0,187.29457364341087,140.8139534883721,-3.6124031007751682,-50.09302325581393,0.3289036544850498,0
0.6785714285714286,0.6428571428571429,0,1,9,6.5,1.0,187.02325581395348,156.46511627906978,9.930232558139522,-20.627906976744185,0.3222591362126246,0
0.7142857142857143,0.6785714285714286,0,7,8,3.0,0.5,188.14728682170542,157.10077519379846,51.70542635658913,20.658914728682163,0.31118493909191586,0
0.75,0.7142857142857143,0,7,7,2.0,0.4444444444444444,188.76744186046508,158.8062015503876,75.69767441860462,45.73643410852715,0.29900332225913623,0
0.5,0.7142857142857143,0,1,8,6.0,1.0,185.89922480620157,160.32558139534885,31.38759689922483,5.813953488372107,0.2901439645625692,0
0.42857142857142855,0.75,0,7,9,8.0,0.75,168.14728682170542,164.65891472868216,13.286821705426348,9.79844961240309,0.28460686600221485,0
0.42857142857142855,0.32142857142857145,0,2,10,8.5,0.75,142.20155038759688,171.05426356589146,-17.8217054263566,11.031007751937977,0.2823920265780731,0
0.42857142857142855,0.32142857142857145,0,8,11,8.5,0.75,134.67441860465115,180.7596899224806,-21.74418604651163,24.34108527131781,0.27906976744186046,0
0.4642857142857143,0.32142857142857145,0,3,11,8.0,0.75,140.8139534883721,189.2635658914729,-19.16279069767441,29.286821705426377,0.28349944629014395,0
0.4642857142857143,0.2857142857142857,0,3,10,7.0,0.8,156.46511627906978,195.37209302325581,-8.116279069767444,30.790697674418595,0.2978959025470653,0
0.42857142857142855,0.2857142857142857,0,3,9,7.0,1.0,157.10077519379846,197.23255813953492,-12.317829457364326,27.813953488372135,0.3034330011074197,0
0.35714285714285715,0.2857142857142857,0,3,8,8.0,1.0,158.8062015503876,199.67441860465115,-20.356589147286797,20.51162790697674,0.3067552602436323,0
0.32142857142857145,0.21428571428571427,0,9,9,8.0,1.0,160.32558139534885,198.05426356589146,-33.372093023255815,4.3565891472867975,0.3089700996677741,0
0.5357142857142857,0.5357142857142857,0,4,9,9.0,1.0,195.37209302325581,166.984496124031,2.7441860465116292,-25.643410852713174,0.2602436323366556,0
0.6428571428571429,0.6071428571428571,0,10,8,2.0,0.4,197.23255813953486,172.2713178294574,41.93023255813952,16.96899224806205,0.24584717607973422,0
0.6785714285714286,0.6071428571428571,0,10,7,4.0,0.5,199.67441860465115,175.09302325581396,87.11627906976743,62.53488372093024,0.23145071982281284,0
0.5714285714285714,0.6071428571428571,0,0,8,7.0,1.0,198.05426356589146,178.24806201550385,38.44961240310076,18.643410852713146,0.21705426356589147,0
0.5357142857142857,0.6071428571428571,0,0,9,8.0,1.0,183.3953488372093,181.13953488372093,12.74418604651163,10.488372093023258,0.20487264673311184,0
0.5,0.32142857142857145,0,0,9,9.0,1.0,153.49612403100775,187.62790697674419,-17.20155038759691,16.930232558139522,0.1937984496124031,0
0.4642857142857143,0.2857142857142857,0,0,10,9.0,1.0,142.48837209302326,200.54263565891472,-32.97674418604652,25.077519379844944,0.18604651162790697,0
0.4642857142857143,0.2857142857142857,0,0,10,9.0,1.0,147.6046511627907,214.96124031007753,-31.51162790697674,35.844961240310084,0.17829457364341086,0
0.5,0.2857142857142857,0,0,9,8.5,1.0,166.984496124031,225.32558139534885,-13.178294573643399,45.16279069767444,0.17054263565891473,0
0.5,0.2857142857142857,0,0,8,7.5,1.0,172.2713178294574,228.6201550387597,-11.868217054263539,44.480620155038764,0.1638981173864895,0
0.42857142857142855,0.2857142857142857,0,0,7,7.0,1.0,175.09302325581393,228.92248062015506,-23.488372093023287,30.341085271317837,0.15725359911406422,0
0.35714285714285715,0.2857142857142857,0,0,6,6.0,1.0,178.2480620155039,228.66666666666666,-40.658914728682134,9.759689922480618,0.150609080841639,0
0.25,0.21428571428571427,0,0,0,0,0,181.13953488372093,228.72093023255812,-46.25581395348837,1.32558139534882,0.13842746400885936,0
0.2857142857142857,1.0,0,0,0,0,0,228.93023255813955,155.3798449612403,-0.6744186046511516,-74.2248062015504,0.10741971207087486,1
0.4642857142857143,0.39285714285714285,0,0,6,6.0,1.0,229.67441860465115,170.13178294573643,5.023255813953483,-54.519379844961236,0.23034330011074197,0
0.5,0.42857142857142855,0,1,7,2.0,0.3333333333333333,229.6046511627907,163.9922480620155,42.69767441860466,-22.914728682170534,0.2369878183831672,0
0.5357142857142857,0.42857142857142855,0,11,8,4.0,0.5,230.09302325581393,158.71317829457362,70.69767441860463,-0.6821705426356743,0.20930232558139536,0
0.4642857142857143,0.4642857142857143,0,0,9,7.0,1.0,228.45736434108528,155.86821705426357,52.922480620155056,-19.666666666666657,0.1805094130675526,0
0.4642857142857143,0.4642857142857143,0,0,10,8.0,1.0,214.08527131782944,155.27906976744188,41.387596899224775,-17.41860465116278,0.16943521594684385,0
0.5,0.2857142857142857,0,0,11,8.5,1.0,190.31782945736435,160.65116279069767,28.155038759689944,-1.5116279069767415,0.18272425249169436,0
0.5,0.2857142857142857,0,5,11,9.0,1.0,173.94573643410854,173.015503875969,16.829457364341096,15.899224806201545,0.2081949058693245,0
0.5,0.2857142857142857,1,5,10,9.0,1.0,169.20930232558138,188.04651162790697,12.348837209302303,31.186046511627893,0.2369878183831672,0
0.5,0.2857142857142857,3,5,9,8.0,1.0,170.13178294573643,198.7286821705426,16.503875968992247,45.10077519379843,0.2547065337763012,0
0.4642857142857143,0.2857142857142857,0,5,8,7.0,1.0,163.9922480620155,201.7441860465116,8.643410852713174,46.39534883720927,0.2724252491694352,0
0.39285714285714285,0.2857142857142857,0,5,7,7.0,1.0,158.71317829457362,192.11627906976742,-14.263565891472894,19.1395348837209,0.301218161683278,0
0.32142857142857145,0.25,0,10,6,6.0,1.0,155.86821705426357,162.7286821705426,-34.85271317829458,-27.992248062015534,0.33222591362126247,0
0.4642857142857143,0.2857142857142857,0,4,0,0,0,173.015503875969,131.86821705426357,-26.751937984496124,-67.89922480620154,0.3300110741971207,0
0.6785714285714286,0.5714285714285714,0,4,6,6.0,1.0,188.04651162790697,136.2713178294574,16.48837209302326,-35.28682170542632,0.35437430786268,0
0.6785714285714286,0.5714285714285714,2,9,7,6.0,0.7142857142857143,198.7286821705426,125.42635658914729,81.86821705426354,8.565891472868216,0.36212624584717606,0
0.6785714285714286,0.5714285714285714,3,9,8,5.5,0.625,201.7441860465116,130.04651162790697,100.51162790697671,28.81395348837208,0.36323366555924697,0
0.5357142857142857,0.5714285714285714,0,9,8,7.0,1.0,192.11627906976742,153.43410852713177,48.06976744186045,9.387596899224803,0.3654485049833887,0
0.6785714285714286,0.5714285714285714,0,8,8,7.0,1.0,162.72868217054264,171.65891472868216,12.403100775193792,21.333333333333314,0.36323366555924697,0
0.6785714285714286,0.5357142857142857,3,8,8,4.5,0.5,129.88372093023256,141.65116279069767,15.441860465116278,27.20930232558139,0.3687707641196013,0
0.6785714285714286,0.5357142857142857,4,8,7,2.0,0.4444444444444444,120.71317829457364,123.25581395348836,9.201550387596896,11.744186046511615,0.37763012181616834,0
0.32142857142857145,0.5357142857142857,0,8,6,6.0,1.0,131.86821705426357,119.54263565891472,-32.317829457364326,-44.643410852713174,0.3853820598006645,0
0.6428571428571429,1.0357142857142858,0,8,0,0,0,136.27131782945736,145.3798449612403,-48.33333333333334,-39.22480620155039,0.3964562569213732,0
0.9285714285714286,0.9285714285714286,0,8,6,3.0,0.3333333333333333,125.4263565891473,151.59689922480618,-40.75968992248059,-14.589147286821714,0.40420819490586934,0
0.9642857142857143,0.9642857142857143,0,7,6,1.0,0.3076923076923077,130.04651162790697,147.93023255813952,55.88372093023254,73.7674418604651,0.4108527131782946,0
0.6071428571428571,1.0,0,7,7,6.5,0.6666666666666666,153.43410852713177,145.88372093023256,24.01550387596899,16.465116279069775,0.40863787375415284,0
0.4642857142857143,1.0,0,7,8,7.0,1.0,171.65891472868216,147.4108527131783,16.612403100775197,-7.63565891472868,0.39313399778516056,0
0.5,0.2857142857142857,0,7,9,7.0,1.0,141.65116279069767,151.67441860465115,-10.023255813953483,0.0,0.3743078626799557,0
0.5714285714285714,0.2857142857142857,0,1,10,8.0,1.0,123.25581395348836,159.95348837209303,-24.81395348837212,11.883720930232556,0.3643410852713178,0
0.5357142857142857,0.2857142857142857,0,7,11,7.5,0.8333333333333334,119.54263565891473,169.56589147286823,-24.503875968992233,25.519379844961264,0.35437430786268,0
0.5357142857142857,0.2857142857142857,0,6,10,7.5,0.8333333333333334,145.3798449612403,178.93798449612405,-0.15503875968991565,33.40310077519382,0.3477297895902547,0
0.39285714285714285,0.2857142857142857,0,6,9,8.0,1.0,151.5968992248062,183.50387596899225,-1.0542635658914605,30.85271317829458,0.36323366555924697,0
0.39285714285714285,0.2857142857142857,0,6,9,7.5,1.0,147.93023255813952,184.70542635658913,-8.906976744186068,27.86821705426354,0.36766334440753046,0
0.39285714285714285,0.25,0,0,10,7.0,1.0,145.88372093023256,185.2480620155039,-24.48837209302326,14.87596899224809,0.37209302325581395,0
0.32142857142857145,0.21428571428571427,0,0,11,6.0,0.6666666666666666,147.4108527131783,186.89922480620157,-34.07751937984497,5.410852713178315,0.3709856035437431,0
1.0357142857142858,1.0357142857142858,0,5,11,11.0,1.0,183.50387596899225,161.34108527131784,-5.519379844961236,-27.682170542635646,0.3222591362126246,0
1.0357142857142858,1.0357142857142858,0,5,11,3.0,0.16666666666666666,184.70542635658913,182.02325581395348,71.1472868217054,68.46511627906976,0.3133997785160576,0
1.0357142857142858,1.0357142857142858,12,5,11,1.0,0.06666666666666667,185.2480620155039,181.10077519379843,115.57364341085274,111.42635658914726,0.30454042081949056,0
1.0,1.0357142857142858,0,4,11,3.0,0.2,186.89922480620154,180.97674418604652,69.8062015503876,63.88372093023257,0.2978959025470653,0
0.2857142857142857,1.0357142857142858,0,4,11,11.0,1.0,163.05426356589146,181.50387596899228,-21.922480620155056,-3.4728682170542413,0.292358803986711,0
0.39285714285714285,0.21428571428571427,0,3,10,10.0,1.0,180.7364341085271,138.89147286821705,0.9224806201549995,-40.922480620155056,0.2691029900332226,0
0.9285714285714286,0.9285714285714286,0,2,9,7.5,1.0,181.15503875968992,171.015503875969,7.829457364341067,-2.3100775193798597,0.26356589147286824,0
0.9285714285714286,0.9642857142857143,0,2,8,5.0,0.625,181.89147286821708,186.05426356589146,58.775193798449635,62.93798449612402,0.25692137320044295,0
0.9642857142857143,1.0,0,1,7,4.0,0.5384615384615384,181.65891472868216,185.23255813953492,93.44961240310077,97.02325581395353,0.24584717607973422,0
0.9285714285714286,1.0,0,0,8,6.0,0.875,178.8294573643411,185.7441860465116,37.80620155038761,44.72093023255812,0.23588039867109634,0
0.4642857142857143,1.0,0,0,9,7.5,1.0,158.75193798449615,187.64341085271317,-28.68992248062014,0.20155038759688182,0.22591362126245848,0
0.5,0.35714285714285715,0,0,10,8.5,1.0,128.21705426356587,193.55038759689924,-56.36434108527135,8.968992248062023,0.2159468438538206,0
0.5,0.32142857142857145,0,0,11,9.0,1.0,117.44961240310079,204.20155038759688,-68.68992248062014,18.062015503875955,0.2059800664451827,0
0.5,0.32142857142857145,0,0,10,9.0,0.8,138.89147286821705,216.31007751937986,-46.085271317829466,31.333333333333343,0.1982281284606866,0
0.5,0.32142857142857145,0,0,9,8.5,0.75,171.015503875969,225.1937984496124,-15.100775193798455,39.077519379844944,0.2059800664451827,0
0.4642857142857143,0.32142857142857145,0,0,8,7.5,0.75,186.05426356589146,229.68992248062014,-5.7829457364341295,37.85271317829455,0.21483942414174972,0
0.39285714285714285,0.2857142857142857,0,0,7,7.0,1.0,185.23255813953486,230.2558139534884,-17.465116279069804,27.558139534883736,0.21816168327796234,0
0.32142857142857145,0.2857142857142857,0,0,6,6.0,1.0,185.7441860465116,230.32558139534885,-32.32558139534888,12.25581395348837,0.21926910299003322,0
0.21428571428571427,0.21428571428571427,0,0,0,0,0,187.64341085271317,223.6046511627907,-40.519379844961236,-4.558139534883708,0.20930232558139536,0
0.2857142857142857,0.35714285714285715,0,0,0,0,0,225.1937984496124,164.48062015503876,-4.36434108527132,-65.07751937984494,0.20376522702104097,0
0.4642857142857143,0.42857142857142855,0,0,4,3.0,0.5,229.68992248062014,168.34108527131784,18.294573643410843,-43.05426356589146,0.20487264673311184,0
0.5357142857142857,0.4642857142857143,0,11,6,3.0,0.5,230.2558139534884,163.07751937984497,63.09302325581399,-4.085271317829438,0.20044296788482835,0
0.5714285714285714,0.4642857142857143,0,11,7,5.0,0.6666666666666666,230.32558139534885,158.24806201550385,79.62790697674419,7.550387596899185,0.19712070874861573,0
0.39285714285714285,0.4642857142857143,0,0,8,7.0,1.0,223.6046511627907,157.32558139534885,51.02325581395348,-15.25581395348837,0.1937984496124031,0
0.5,0.5,0,0,9,8.0,1.0,202.70542635658913,161.47286821705424,32.54263565891472,-8.689922480620169,0.19269102990033224,0
0.5357142857142857,0.32142857142857145,0,0,10,8.5,1.0,176.4186046511628,171.10852713178295,14.139534883720955,8.829457364341096,0.1937984496124031,0
0.5357142857142857,0.32142857142857145,1,5,10,8.5,1.0,163.48062015503876,185.39534883720933,6.689922480620169,28.60465116279073,0.19933554817275748,0
0.5357142857142857,0.32142857142857145,1,5,9,8.0,0.8,164.48062015503876,197.03100775193798,8.806201550387613,41.356589147286826,0.2081949058693245,0
0.4642857142857143,0.32142857142857145,0,5,8,8.0,1.0,168.34108527131784,203.31007751937986,8.829457364341096,43.79844961240312,0.24363233665559247,0
0.39285714285714285,0.2857142857142857,0,10,7,7.0,1.0,163.07751937984494,204.51162790697674,-6.155038759689944,35.279069767441854,0.26356589147286824,0
0.35714285714285715,0.2857142857142857,0,10,6,6.0,1.0,158.24806201550388,205.6201550387597,-26.333333333333343,21.038759689922472,0.2779623477297896,0
0.25,0.21428571428571427,0,10,0,0,0,157.32558139534882,205.51162790697674,-45.046511627906995,3.139534883720927,0.2901439645625692,0
0.25,0.9285714285714286,0,8,0,0,0,203.31007751937986,148.5891472868217,0.21705426356589896,-54.50387596899225,0.2868217054263566,0
0.9642857142857143,0.9642857142857143,0,8,2,2.0,0.0,204.51162790697674,157.5503875968992,14.465116279069775,-32.49612403100775,0.28349944629014395,0
1.0,1.0,0,8,6,2.0,0.23076923076923078,205.6201550387597,157.24806201550388,142.5968992248062,94.2248062015504,0.27464008859357697,0
0.6428571428571429,1.0,0,8,7,5.0,0.5714285714285714,205.51162790697674,156.49612403100775,76.44186046511626,27.426356589147275,0.26688815060908083,0
0.4642857142857143,1.0,0,8,8,7.5,1.0,200.20155038759688,156.52713178294573,42.29457364341084,-1.379844961240309,0.26356589147286824,0
0.39285714285714285,0.32142857142857145,0,8,9,8.0,1.0,152.05426356589146,159.5581395348837,-6.736434108527135,0.7674418604651123,0.26245847176079734,0
0.42857142857142855,0.32142857142857145,0,7,10,8.0,1.0,127.3798449612403,166.5581395348837,-28.57364341085274,10.604651162790674,0.26578073089701,0
0.42857142857142855,0.32142857142857145,0,7,10,8.0,0.75,116.66666666666667,176.71317829457362,-40.33333333333333,19.713178294573623,0.27353266888150607,0
0.42857142857142855,0.32142857142857145,0,7,9,7.5,0.75,148.58914728682169,184.67441860465115,-7.9457364341085395,28.139534883720927,0.31561461794019935,0
0.5357142857142857,0.2857142857142857,0,7,8,7.0,1.0,157.5503875968992,188.4418604651163,1.5038759689922472,32.395348837209326,0.34994462901439644,0
0.4642857142857143,0.2857142857142857,0,7,7,6.5,1.0,157.24806201550388,188.6201550387597,-8.844961240310084,22.52713178294573,0.3610188261351052,0
0.35714285714285715,0.21428571428571427,0,6,6,6.0,0.6666666666666666,156.49612403100775,187.8062015503876,-21.038759689922472,10.271317829457388,0.3643410852713178,0
0.2857142857142857,1.0357142857142858,0,5,11,11.0,1.0,184.67441860465115,135.9922480620155,-2.860465116279073,-51.54263565891472,0.32558139534883723,0
1.0357142857142858,1.0357142857142858,0,5,11,7.5,1.0,188.4418604651163,172.75968992248065,15.651162790697697,-0.031007751937949024,0.3233665559246955,0
1.0357142857142858,1.0357142857142858,13,5,11,2.0,0.13333333333333333,188.6201550387597,183.64341085271317,156.10852713178295,151.13178294573643,0.3211517165005537,0
1.0357142857142858,1.0357142857142858,1,5,11,2.0,0.15384615384615385,187.8062015503876,181.55813953488374,113.66666666666669,107.41860465116281,0.3167220376522702,0
0.35714285714285715,1.0357142857142858,0,5,11,4.0,0.6666666666666666,182.45736434108525,179.7596899224806,32.62015503875966,29.922480620155,0.31561461794019935,0
0.8571428571428571,0.8928571428571429,0,2,9,9.0,1.0,175.06201550387595,174.984496124031,-8.658914728682191,-8.736434108527135,0.26799557032115173,0
0.9285714285714286,0.9642857142857143,0,2,8,3.5,0.5,176.79069767441862,190.4418604651163,30.60465116279073,44.2558139534884,0.26135105204872644,0
0.9642857142857143,1.0,0,2,7,3.0,0.38461538461538464,179.20155038759688,187.58139534883722,67.64341085271316,76.0232558139535,0.2502768549280177,0
1.0,1.0,0,1,7,6.0,0.5555555555555556,181.7519379844961,186.41860465116278,43.240310077519354,47.90697674418604,0.23920265780730898,0
0.5,1.0357142857142858,0,0,8,8.0,1.0,170.55813953488374,189.4186046511628,-24.279069767441854,-5.418604651162781,0.22702104097452935,0
0.5,0.32142857142857145,0,0,9,8.0,1.0,147.15503875968992,194.86046511627907,-44.44961240310079,3.2558139534883708,0.21373200442967885,0
0.5,0.2857142857142857,0,0,10,8.0,0.8,132.08527131782944,203.95348837209303,-52.79844961240312,19.069767441860478,0.19933554817275748,0
0.5,0.2857142857142857,0,0,11,8.5,1.0,148.30232558139537,215.1627906976744,-37.953488372093005,28.90697674418604,0.18826135105204872,0
0.4642857142857143,0.2857142857142857,0,0,10,8.0,1.0,174.984496124031,223.20155038759694,-13.131782945736433,35.085271317829495,0.1805094130675526,0
0.4642857142857143,0.2857142857142857,0,0,9,7.0,1.0,190.4418604651163,227.09302325581396,-3.441860465116264,33.209302325581405,0.1893687707641196,0
0.42857142857142855,0.2857142857142857,0,0,8,7.5,1.0,187.5813953488372,227.75193798449615,-15.000000000000028,25.170542635658933,0.1937984496124031,0
0.35714285714285715,0.25,0,0,7,6.5,1.0,186.4186046511628,228.96899224806202,-28.97674418604649,13.573643410852725,0.19712070874861573,0
0.5,0.39285714285714285,0,0,5,5.0,1.0,227.09302325581396,161.1860465116279,-1.9534883720930054,-67.86046511627907,0.1893687707641196,0
0.5357142857142857,0.42857142857142855,0,0,6,5.5,1.0,227.7519379844961,164.3798449612403,40.077519379844944,-23.294573643410843,0.19047619047619047,0
0.5714285714285714,0.4642857142857143,0,11,7,5.5,0.6666666666666666,228.96899224806202,161.1937984496124,92.10852713178295,24.333333333333314,0.1893687707641196,0
0.6071428571428571,0.5,0,11,8,7.0,1.0,229.62790697674419,159.29457364341087,78.09302325581396,7.759689922480646,0.19158361018826134,0
0.5357142857142857,0.5,0,0,9,6.5,0.8333333333333334,215.68992248062014,160.27906976744188,48.45736434108525,-6.953488372093005,0.19490586932447398,0
0.5,0.32142857142857145,0,11,10,8.0,1.0,184.52713178294573,164.68992248062014,19.736434108527135,-0.10077519379845512,0.19712070874861573,0
0.5357142857142857,0.2857142857142857,0,5,11,8.0,1.0,158.68992248062014,172.88372093023256,-2.4263565891473036,11.767441860465112,0.2026578073089701,0
0.5357142857142857,0.2857142857142857,0,5,11,8.0,1.0,151.87596899224806,184.95348837209303,-5.79844961240309,27.279069767441882,0.21483942414174972,0
0.5357142857142857,0.2857142857142857,0,5,11,8.0,1.0,161.1860465116279,193.14728682170542,2.0930232558139323,34.05426356589146,0.25692137320044295,0
0.5,0.2857142857142857,0,5,10,8.0,1.0,164.3798449612403,196.95348837209303,0.3100775193798313,32.883720930232556,0.292358803986711,0
0.5,0.2857142857142857,0,10,9,7.0,1.0,161.1937984496124,195.70542635658913,-9.713178294573652,24.79844961240309,0.3067552602436323,0
0.39285714285714285,0.25,0,4,8,6.0,1.0,159.29457364341087,196.44186046511626,-24.37984496124028,12.767441860465112,0.3211517165005537,0
0.25,0.21428571428571427,0,4,7,7.0,1.0,160.27906976744188,183.4108527131783,-39.99999999999997,-16.868217054263567,0.33111849390919157,0
0.39285714285714285,1.0,0,9,0,0,0,193.14728682170542,132.9457364341085,-4.550387596899242,-64.75193798449615,0.3289036544850498,0
1.0357142857142858,1.0,1,9,3,3.0,0.0,196.95348837209303,155.68217054263565,40.953488372093034,-0.3178294573643541,0.32558139534883723,0
1.0357142857142858,1.0,1,9,6,2.0,0.07142857142857142,195.70542635658913,156.5503875968992,136.24031007751935,97.08527131782944,0.31893687707641194,0
1.0357142857142858,1.0,3,8,7,2.0,0.1,196.4418604651163,155.7984496124031,108.16279069767444,67.51937984496124,0.31118493909191586,0
0.32142857142857145,1.0,3,8,7,7.0,1.0,183.4108527131783,156.1705426356589,30.387596899224803,3.1472868217054213,0.3023255813953488,0
0.25,0.25,4,8,7,7.0,1.0,137.72093023255815,158.984496124031,-19.81395348837208,1.4496124031007867,0.2967884828349945,0
1.0357142857142858,0.75,0,6,6,6.0,1.0,191.24031007751935,131.41860465116278,12.565891472868202,-47.25581395348837,0.34994462901439644,0
1.0357142857142858,0.75,0,6,7,3.0,0.4,191.1937984496124,140.12403100775194,70.00775193798448,18.93798449612403,0.3477297895902547,0
1.0357142857142858,0.75,0,6,8,2.0,0.3333333333333333,190.4496124031008,141.07751937984497,141.2170542635659,91.84496124031008,0.3433001107419712,0
0.5714285714285714,0.75,0,6,9,7.0,0.7142857142857143,186.29457364341087,143.1937984496124,73.0387596899225,29.937984496124017,0.34108527131782945,0
0.42857142857142855,0.75,0,0,10,9.0,1.0,163.22480620155036,144.6046511627907,22.736434108527106,4.116279069767444,0.3377630121816168,0
0.8928571428571429,0.9285714285714286,0,4,9,9.0,1.0,176.7286821705426,159.13178294573643,2.0775193798449436,-15.519379844961236,0.33222591362126247,0
0.9642857142857143,0.9642857142857143,0,4,9,7.0,0.6666666666666666,175.89147286821705,181.2403100775194,43.79844961240309,49.14728682170545,0.3178294573643411,0
1.0,1.0,0,3,10,3.0,0.38461538461538464,175.06976744186045,181.90697674418607,95.7906976744186,102.62790697674421,0.30454042081949056,0
1.0,1.0357142857142858,0,2,11,6.0,0.6,174.20155038759688,183.92248062015506,58.24806201550386,67.96899224806204,0.2912513842746401,0
0.5357142857142857,1.0357142857142858,0,0,11,8.5,1.0,160.31007751937986,186.7364341085271,-17.68992248062014,8.736434108527106,0.2823920265780731,0
0.5357142857142857,0.4642857142857143,0,0,11,8.0,1.0,128.67441860465115,192.87596899224806,-54.76744186046514,9.43410852713177,0.27353266888150607,0
0.5714285714285714,0.2857142857142857,0,0,11,9.0,1.0,109.10852713178296,200.10852713178292,-73.17054263565889,17.829457364341067,0.2646733111849391,0
0.5,0.2857142857142857,1,0,11,9.0,1.0,124.4108527131783,209.65891472868216,-55.5891472868217,29.658914728682163,0.2547065337763012,0
0.4642857142857143,0.2857142857142857,0,0,11,9.0,1.0,159.13178294573643,216.32558139534885,-30.356589147286826,26.83720930232559,0.24916943521594684,0
0.4642857142857143,0.2857142857142857,0,0,11,7.0,0.8333333333333334,181.2403100775194,219.10852713178292,-9.480620155038736,28.387596899224775,0.24031007751937986,0
0.42857142857142855,0.25,0,0,11,9.0,0.75,181.90697674418607,220.6201550387597,-16.511627906976713,22.20155038759691,0.23255813953488372,0
0.39285714285714285,0.25,0,0,11,11.0,1.0,183.92248062015506,223.03100775193798,-27.263565891472837,11.844961240310084,0.2292358803986711,0
0.5357142857142857,0.9642857142857143,0,0,9,9.0,1.0,224.7286821705426,200.4031007751938,6.589147286821685,-17.736434108527135,0.14174972314507198,1
