blackness,connectivity,ext_above,ext_below,max_width,median_width,pct_wide,left_white,right_white,left_contrast,right_contrast,local_density,label
0.5806451612903226,0.3225806451612903,0,0,11,6.0,1.0,226.6875,178.9027777777778,31.041666666666657,-16.743055555555543,0.16162570888468808,1
0.6129032258064516,0.3548387096774194,0,0,11,6.0,0.8571428571428571,222.5486111111111,181.60416666666666,42.486111111111086,1.5416666666666572,0.18147448015122875,0
0.6451612903225806,0.3548387096774194,0,0,11,6.0,0.875,218.2986111111111,188.82638888888889,42.69444444444443,13.222222222222229,0.19848771266540643,0
0.5483870967741935,0.3548387096774194,0,0,11,6.5,0.875,208.41666666666666,197.31944444444446,30.020833333333314,18.923611111111114,0.21361058601134217,0
0.5806451612903226,0.3548387096774194,0,0,11,6.0,0.8888888888888888,196.19444444444446,202.625,17.298611111111114,23.729166666666657,0.22589792060491493,0
0.5806451612903226,0.22580645161290322,0,0,11,7.0,0.875,183.77083333333334,200.54861111111111,4.354166666666686,21.131944444444457,0.23629489603024575,0
0.5161290322580645,0.22580645161290322,0,0,11,7.0,1.0,178.02083333333334,190.66666666666666,-8.479166666666657,4.166666666666657,0.2438563327032136,0
0.4838709677419355,0.2903225806451613,0,0,11,8.5,1.0,177.63194444444446,172.8888888888889,-22.930555555555543,-27.673611111111086,0.24574669187145556,0
0.41935483870967744,0.3225806451612903,0,0,11,11.0,1.0,178.9027777777778,161.06944444444446,-25.993055555555543,-43.826388888888886,0.24763705103969755,0
0.45161290322580644,0.3225806451612903,0,0,11,10.0,1.0,181.60416666666666,157.3125,-20.8125,-45.10416666666666,0.24669187145557656,0
0.5483870967741935,0.6451612903225806,0,0,11,9.0,1.0,188.82638888888889,167.50694444444443,-5.506944444444457,-26.826388888888914,0.24291115311909262,0
0.6774193548387096,0.6129032258064516,0,0,11,6.5,1.0,197.31944444444446,181.83333333333334,22.069444444444457,6.583333333333343,0.24007561436672967,0
0.6451612903225806,0.6129032258064516,0,0,11,5.0,0.9090909090909091,202.625,197.3125,53.54166666666666,48.22916666666666,0.23440453686200377,0
0.6129032258064516,0.5806451612903226,0,0,11,6.0,1.0,200.54861111111111,204.15277777777774,41.673611111111114,45.27777777777774,0.22495274102079396,0
0.6129032258064516,0.5483870967741935,0,0,11,5.5,1.0,190.66666666666666,203.0,26.6875,39.02083333333334,0.21266540642722118,0
0.5483870967741935,0.5161290322580645,0,0,11,6.5,1.0,172.8888888888889,205.41666666666666,-6.777777777777743,25.75,0.20132325141776938,0
0.41935483870967744,0.45161290322580644,0,0,11,6.0,1.0,161.06944444444446,214.81944444444446,-40.7847222222222,12.9652777777778,0.20699432892249528,0
0.45161290322580644,0.3225806451612903,0,0,11,7.5,0.75,157.3125,224.88194444444446,-53.10416666666666,14.4652777777778,0.21455576559546313,0
0.4838709677419355,0.3225806451612903,0,0,11,8.0,0.6666666666666666,167.50694444444443,228.34722222222226,-32.68055555555557,28.159722222222257,0.20982986767485823,0
0.22580645161290322,0.6774193548387096,0,0,11,9.5,1.0,224.88194444444446,181.7847222222222,-2.805555555555543,-45.9027777777778,0.20415879017013233,0
0.7741935483870968,0.7096774193548387,0,0,11,10.0,1.0,228.34722222222226,197.8125,9.263888888888914,-21.270833333333343,0.1947069943289225,0
0.8064516129032258,0.7096774193548387,0,0,11,2.0,0.36363636363636365,227.99305555555557,197.70833333333334,66.95138888888891,36.666666666666686,0.1880907372400756,0
0.8064516129032258,0.7096774193548387,0,0,11,2.0,0.36363636363636365,227.69444444444446,196.16666666666666,79.56944444444446,48.04166666666666,0.18714555765595464,0
0.4838709677419355,0.7096774193548387,0,0,11,8.0,0.8,224.7013888888889,197.625,31.638888888888914,4.5625,0.1880907372400756,0
0.4838709677419355,0.7096774193548387,0,0,11,9.5,1.0,202.60416666666666,185.7777777777778,-1.5625,-18.388888888888857,0.19092627599243855,0
0.45161290322580644,0.3225806451612903,0,0,11,8.0,1.0,176.08333333333334,173.93055555555557,-20.125,-22.27777777777777,0.20132325141776938,0
0.41935483870967744,0.2903225806451613,0,0,11,8.5,1.0,167.4097222222222,174.80555555555557,-25.3402777777778,-17.94444444444443,0.21833648393194707,0
0.45161290322580644,0.4838709677419355,0,0,11,7.5,1.0,181.7847222222222,192.48611111111111,-17.756944444444457,-7.055555555555543,0.22306238185255198,0
0.7741935483870968,0.5161290322580645,0,0,11,6.5,1.0,197.8125,204.56944444444446,-2.770833333333343,3.9861111111111143,0.2277882797731569,0
0.6774193548387096,0.5161290322580645,1,0,11,2.0,0.3333333333333333,197.70833333333334,202.625,40.5,45.41666666666666,0.23534971644612476,0
0.6129032258064516,0.5161290322580645,1,0,11,2.0,0.3333333333333333,196.16666666666666,197.5902777777778,32.16666666666666,33.5902777777778,0.2438563327032136,0
0.41935483870967744,0.5161290322580645,0,0,11,9.5,1.0,197.625,186.1875,-5.583333333333343,-17.020833333333343,0.2495274102079395,0
0.45161290322580644,0.5161290322580645,0,0,11,8.0,0.6666666666666666,185.7777777777778,171.58333333333334,-24.4722222222222,-38.66666666666666,0.2542533081285444,0
0.45161290322580644,0.3225806451612903,0,0,11,5.5,0.5,173.93055555555557,173.38194444444443,-26.31944444444443,-26.86805555555557,0.2381852551984877,0
0.41935483870967744,0.3225806451612903,0,0,11,5.5,0.5,174.80555555555557,187.3611111111111,-22.56944444444443,-10.013888888888914,0.21928166351606806,0
0.8387096774193549,0.8387096774193549,0,0,11,5.0,0.5,192.48611111111111,201.45138888888889,-2.6597222222222285,6.305555555555543,0.21455576559546313,0
0.8064516129032258,0.8387096774193549,0,0,11,3.0,0.3333333333333333,204.56944444444446,197.81944444444446,38.5277777777778,31.7777777777778,0.20982986767485823,0
0.7419354838709677,0.8387096774193549,0,0,11,2.0,0.2,202.625,193.44444444444446,49.0625,39.88194444444446,0.20226843100189035,0
0.3870967741935484,0.6451612903225806,0,0,11,6.0,0.6666666666666666,197.5902777777778,196.06944444444446,-2.9513888888888573,-4.4722222222222,0.1956521739130435,0
0.45161290322580644,0.6451612903225806,0,0,11,6.0,1.0,186.1875,206.04166666666666,-21.791666666666657,-1.9375,0.1899810964083176,0
0.45161290322580644,0.3225806451612903,0,0,11,4.5,0.8333333333333334,171.58333333333334,215.66666666666666,-24.25,19.833333333333314,0.18525519848771266,0
0.45161290322580644,0.3225806451612903,0,0,11,4.5,0.8333333333333334,173.38194444444443,223.75694444444443,-16.263888888888914,34.111111111111086,0.16918714555765596,0
0.41935483870967744,0.3225806451612903,0,0,11,4.5,1.0,187.3611111111111,226.6111111111111,-7.493055555555571,31.75694444444443,0.15784499054820417,0
0.3870967741935484,0.3225806451612903,0,0,11,5.0,1.0,201.45138888888889,227.7986111111111,-2.256944444444457,24.090277777777743,0.15595463137996218,0
0.41935483870967744,0.3225806451612903,0,0,11,11.0,1.0,225.9652777777778,158.4375,1.944444444444457,-65.58333333333334,0.17107750472589792,0
0.5483870967741935,0.4838709677419355,0,0,11,8.0,1.0,225.43055555555557,168.40277777777774,18.53472222222223,-38.4930555555556,0.17580340264650285,0
0.6129032258064516,0.5483870967741935,0,0,11,4.0,1.0,224.5277777777778,186.27083333333334,42.8402777777778,4.583333333333343,0.1824196597353497,0
0.6451612903225806,0.5483870967741935,0,0,11,4.5,1.0,224.1388888888889,205.25694444444443,59.36805555555557,40.486111111111086,0.18620037807183365,0
0.6451612903225806,0.5483870967741935,0,0,11,5.0,1.0,217.99305555555557,208.14583333333334,62.99305555555557,53.14583333333334,0.18620037807183365,0
0.6451612903225806,0.5483870967741935,0,0,11,5.0,1.0,204.2013888888889,201.9375,48.65972222222226,46.39583333333334,0.18620037807183365,0
0.45161290322580644,0.5483870967741935,0,0,11,8.0,1.0,184.4513888888889,193.41666666666666,-10.215277777777743,-1.25,0.18714555765595464,0
0.3870967741935484,0.5483870967741935,0,0,11,8.5,1.0,167.1527777777778,187.65277777777774,-41.45138888888886,-20.951388888888914,0.18714555765595464,0
0.45161290322580644,0.2903225806451613,0,0,11,10.0,1.0,158.4375,186.89583333333334,-54.0625,-25.604166666666657,0.18714555765595464,0
0.5161290322580645,0.2903225806451613,0,0,11,8.5,1.0,168.40277777777777,191.63888888888889,-34.93055555555557,-11.694444444444457,0.18714555765595464,0
0.5161290322580645,0.2903225806451613,0,0,11,5.5,0.8333333333333334,186.27083333333334,202.81944444444446,-3.7083333333333144,12.8402777777778,0.18620037807183365,0
0.45161290322580644,0.2903225806451613,0,0,11,4.5,0.6666666666666666,205.25694444444443,215.55555555555554,18.31944444444443,28.618055555555543,0.18525519848771266,0
0.5806451612903226,0.5483870967741935,0,0,11,4.5,0.6666666666666666,208.14583333333334,223.5347222222222,22.104166666666686,37.49305555555554,0.18525519848771266,0
0.5483870967741935,0.5161290322580645,0,0,11,4.5,0.6666666666666666,201.9375,225.4375,14.229166666666657,37.72916666666666,0.1824196597353497,0
0.41935483870967744,0.5161290322580645,0,0,11,2.0,0.3333333333333333,193.41666666666666,224.56944444444443,-7.75,23.40277777777777,0.17391304347826086,0
0.25806451612903225,0.22580645161290322,0,0,11,11.0,1.0,187.65277777777774,223.83333333333334,-31.9305555555556,4.25,0.16446124763705103,0
0.3225806451612903,1.032258064516129,0,0,11,11.0,1.0,225.54861111111111,193.61805555555557,1.069444444444457,-30.861111111111086,0.13705103969754254,0
1.032258064516129,1.032258064516129,0,0,11,7.5,1.0,224.81944444444446,219.72916666666666,26.881944444444457,21.791666666666657,0.1323251417769376,0
1.032258064516129,1.032258064516129,9,15,11,1.5,0.125,224.94444444444446,226.26388888888889,190.25694444444446,191.57638888888889,0.13043478260869565,0
0.7419354838709677,1.032258064516129,16,0,11,2.0,0.25,224.9652777777778,226.04166666666666,76.13194444444446,77.20833333333331,0.1285444234404537,0
0.25806451612903225,1.032258064516129,0,0,11,4.0,0.6666666666666666,215.9375,224.56944444444446,8.541666666666657,17.173611111111114,0.12570888468809074,0
0.3225806451612903,1.032258064516129,0,0,11,11.0,1.0,223.6527777777778,163.0486111111111,10.5902777777778,-50.013888888888914,0.1767485822306238,0
1.032258064516129,1.032258064516129,0,0,11,7.0,0.5,221.42361111111111,172.70833333333334,32.94444444444446,-15.770833333333314,0.1824196597353497,0
1.032258064516129,1.032258064516129,3,7,11,1.0,0.0625,219.03472222222226,172.51388888888889,191.59722222222226,145.07638888888889,0.18620037807183365,0
0.3548387096774194,1.032258064516129,4,0,11,7.0,0.5,216.2777777777778,171.86111111111111,72.4652777777778,28.048611111111114,0.19092627599243855,0
0.22580645161290322,1.032258064516129,5,0,11,11.0,1.0,206.2222222222222,169.89583333333334,33.43055555555554,-2.8958333333333144,0.1956521739130435,0
0.3225806451612903,0.22580645161290322,0,2,11,11.0,1.0,199.61111111111111,164.36805555555554,3.2986111111111143,-31.944444444444457,0.22495274102079396,0
0.967741935483871,0.2903225806451613,0,1,11,8.5,1.0,198.02083333333334,184.93055555555554,8.604166666666686,-4.486111111111114,0.21833648393194707,0
1.032258064516129,0.3225806451612903,0,1,11,2.0,0.25,197.10416666666666,190.125,60.125,53.14583333333334,0.21266540642722118,0
1.032258064516129,0.3225806451612903,0,0,11,2.0,0.36363636363636365,196.4722222222222,190.5,68.51388888888887,62.54166666666667,0.20793950850661624,0
0.5161290322580645,0.3225806451612903,0,0,11,7.0,1.0,193.88194444444443,190.8611111111111,18.59027777777777,15.569444444444429,0.20321361058601134,0
0.45161290322580644,0.3225806451612903,0,0,11,8.0,1.0,174.2361111111111,192.8611111111111,-15.618055555555571,3.0069444444444287,0.1994328922495274,0
0.41935483870967744,0.22580645161290322,0,0,11,9.0,1.0,151.45138888888889,197.25,-38.19444444444446,7.604166666666657,0.1956521739130435,0
0.41935483870967744,0.22580645161290322,0,0,11,8.0,1.0,146.74305555555554,207.19444444444446,-44.13194444444446,16.319444444444457,0.19092627599243855,0
0.41935483870967744,0.22580645161290322,0,0,11,8.0,1.0,164.36805555555554,217.45833333333334,-26.611111111111114,26.479166666666686,0.18525519848771266,0
0.41935483870967744,0.22580645161290322,0,0,11,7.5,0.8333333333333334,184.93055555555554,225.25,-5.798611111111114,34.52083333333334,0.18052930056710775,0
0.41935483870967744,0.22580645161290322,0,0,11,7.0,0.8,190.125,227.2847222222222,-6.75,30.4097222222222,0.17580340264650285,0
0.3870967741935484,0.22580645161290322,0,0,11,6.0,1.0,190.5,226.67361111111111,-13.645833333333343,22.52777777777777,0.17013232514177692,0
0.25806451612903225,1.032258064516129,0,0,11,11.0,1.0,225.01388888888889,158.91666666666666,0.013888888888885731,-66.08333333333334,0.18620037807183365,0
1.032258064516129,1.032258064516129,0,0,11,11.0,1.0,225.11805555555554,167.97916666666666,10.243055555555543,-46.89583333333334,0.19092627599243855,0
1.032258064516129,1.032258064516129,3,0,11,1.0,0.1875,224.86805555555554,170.00694444444443,128.49305555555554,73.63194444444443,0.1956521739130435,0
0.6129032258064516,1.032258064516129,4,0,11,4.5,0.5,224.75,171.08333333333334,82.45833333333334,28.791666666666686,0.1994328922495274,0
0.3548387096774194,1.032258064516129,5,0,11,7.0,0.75,221.43055555555554,171.6388888888889,56.388888888888886,6.597222222222257,0.20321361058601134,0
0.3548387096774194,0.7419354838709677,0,1,11,11.0,1.0,198.29166666666666,144.02083333333334,3.875,-50.395833333333314,0.28071833648393196,0
0.7741935483870968,0.8387096774193549,0,2,11,6.5,0.5,196.44444444444446,144.45833333333334,17.173611111111114,-34.8125,0.2844990548204159,0
0.8387096774193549,0.8387096774193549,0,2,11,2.0,0.2727272727272727,196.43055555555554,142.4097222222222,93.65972222222221,39.63888888888887,0.28733459357277885,0
0.5483870967741935,0.8387096774193549,0,2,11,6.0,0.7142857142857143,195.99305555555554,145.1875,56.576388888888886,5.770833333333343,0.29017013232514177,0
0.5161290322580645,0.8387096774193549,0,2,11,8.0,1.0,190.20138888888889,151.35416666666666,41.201388888888886,2.354166666666657,0.2939508506616257,0
0.5161290322580645,0.2903225806451613,0,2,11,8.0,1.0,158.81944444444446,157.625,15.173611111111114,13.979166666666657,0.29584120982986767,0
0.4838709677419355,0.2903225806451613,0,2,11,9.0,1.0,140.48611111111111,162.79166666666666,-0.24305555555554292,22.0625,0.29773156899810965,0
0.4838709677419355,0.2903225806451613,0,3,11,9.5,0.8333333333333334,130.39583333333331,169.70833333333334,-12.458333333333343,26.854166666666686,0.2996219281663516,0
0.4838709677419355,0.2903225806451613,0,3,11,9.0,0.8333333333333334,144.02083333333334,179.0347222222222,-7.958333333333314,27.055555555555543,0.29867674858223064,0
0.45161290322580644,0.2903225806451613,0,3,11,8.0,1.0,144.45833333333334,186.72916666666666,-14.770833333333314,27.5,0.29773156899810965,0
0.45161290322580644,0.2903225806451613,0,3,11,9.0,1.0,142.4097222222222,189.25,-19.256944444444457,27.583333333333343,0.29678638941398866,0
0.3870967741935484,0.2903225806451613,1,3,11,8.5,1.0,145.1875,189.47916666666666,-22.291666666666657,22.0,0.29678638941398866,0
0.2903225806451613,0.9354838709677419,0,5,11,11.0,1.0,192.07638888888889,139.5902777777778,-2.256944444444457,-54.74305555555554,0.2826086956521739,0
0.967741935483871,1.0,0,0,11,8.5,1.0,192.6875,160.9097222222222,8.708333333333343,-23.069444444444457,0.2741020793950851,0
1.032258064516129,1.032258064516129,0,5,11,2.0,0.21428571428571427,192.36805555555554,168.5347222222222,97.32638888888887,73.49305555555553,0.2684310018903592,0
1.0,1.032258064516129,0,6,11,2.0,0.26666666666666666,192.7777777777778,170.50694444444446,87.79861111111113,65.52777777777779,0.2646502835538752,0
0.4838709677419355,1.032258064516129,0,0,11,8.0,1.0,190.19444444444446,172.47222222222226,43.19444444444446,25.472222222222257,0.2618147448015123,0
0.3870967741935484,0.6129032258064516,0,0,11,9.0,1.0,157.7847222222222,176.19444444444446,-9.006944444444457,9.4027777777778,0.2570888468809074,0
0.3870967741935484,0.22580645161290322,0,0,11,9.0,1.0,128.0,180.38888888888889,-40.9375,11.451388888888886,0.2523629489603025,0
0.3870967741935484,0.22580645161290322,0,0,11,9.0,1.0,115.67361111111113,190.125,-54.20138888888887,20.25,0.2495274102079395,0
0.3870967741935484,0.22580645161290322,0,0,11,8.0,1.0,139.59027777777777,201.0486111111111,-33.11805555555557,28.340277777777743,0.24669187145557656,0
0.3870967741935484,0.22580645161290322,0,0,11,8.0,1.0,160.9097222222222,210.77777777777774,-13.923611111111143,35.9444444444444,0.24291115311909262,0
0.3870967741935484,0.22580645161290322,0,0,11,7.0,1.0,168.5347222222222,214.20138888888889,-12.506944444444457,33.15972222222223,0.24102079395085066,0
0.3548387096774194,0.22580645161290322,0,0,11,6.0,0.75,170.50694444444446,212.9097222222222,-14.7847222222222,27.618055555555543,0.2391304347826087,0
0.2903225806451613,0.3870967741935484,0,0,11,11.0,1.0,216.625,173.93055555555554,-6.1875,-48.88194444444446,0.20226843100189035,0
0.5161290322580645,0.41935483870967744,0,0,11,11.0,1.0,217.90972222222226,183.14583333333334,-0.5486111111110858,-35.3125,0.20132325141776938,0
0.5483870967741935,0.41935483870967744,0,10,11,6.0,0.5714285714285714,218.72916666666666,184.13194444444446,77.22916666666666,42.63194444444446,0.2003780718336484,0
0.5806451612903226,0.45161290322580644,0,2,11,6.5,0.625,220.30555555555554,183.0277777777778,64.76388888888889,27.486111111111143,0.2003780718336484,0
0.45161290322580644,0.45161290322580644,0,0,11,8.0,1.0,220.4375,184.0763888888889,40.625,4.263888888888914,0.19754253308128544,0
0.4838709677419355,0.4838709677419355,0,0,11,8.5,1.0,194.25694444444446,188.61805555555557,7.819444444444457,2.1805555555555713,0.19659735349716445,0
0.4838709677419355,0.2903225806451613,0,0,11,9.0,1.0,171.83333333333334,197.63194444444446,-11.354166666666657,14.444444444444457,0.1947069943289225,0
0.4838709677419355,0.2903225806451613,0,0,11,9.0,1.0,158.95138888888889,208.68055555555554,-23.819444444444457,25.9097222222222,0.1937618147448015,0
0.4838709677419355,0.2903225806451613,0,0,11,8.5,1.0,173.93055555555554,217.63194444444443,-9.194444444444457,34.50694444444443,0.1937618147448015,0
0.45161290322580644,0.25806451612903225,0,0,11,7.5,1.0,183.14583333333334,222.07638888888889,-3.1875,35.74305555555554,0.1937618147448015,0
0.41935483870967744,0.25806451612903225,0,0,11,7.0,1.0,184.13194444444446,222.99305555555554,-12.263888888888886,26.5972222222222,0.1937618147448015,0
0.3548387096774194,0.25806451612903225,0,0,11,7.0,1.0,183.0277777777778,222.30555555555554,-27.138888888888857,12.138888888888886,0.1937618147448015,0
0.967741935483871,0.967741935483871,0,0,11,4.5,1.0,221.875,185.88888888888889,13.416666666666657,-22.569444444444457,0.17391304347826086,1
0.1935483870967742,0.8709677419354839,0,0,11,11.0,1.0,226.06944444444446,160.7222222222222,1.2361111111111143,-64.11111111111114,0.16446124763705103,0
1.032258064516129,1.032258064516129,0,0,11,11.0,1.0,227.2222222222222,206.7152777777778,5.1597222222222,-15.3472222222222,0.15784499054820417,0
1.032258064516129,1.032258064516129,0,14,11,2.0,0.07692307692307693,226.6597222222222,223.63194444444446,131.99305555555554,128.96527777777777,0.15217391304347827,0
1.032258064516129,1.032258064516129,16,3,11,2.0,0.0625,225.77083333333334,223.11805555555554,138.5625,135.90972222222223,0.14839319470699433,0
0.45161290322580644,1.032258064516129,0,0,11,7.0,0.5,223.63194444444446,222.375,52.50694444444446,51.25,0.1446124763705104,0
0.1935483870967742,1.032258064516129,0,0,11,11.0,1.0,180.52083333333334,223.0,-43.3125,-0.8333333333333428,0.14366729678638943,0
0.22580645161290322,0.41935483870967744,0,0,11,11.0,1.0,223.0347222222222,148.31944444444446,5.243055555555543,-69.4722222222222,0.19092627599243855,0
1.032258064516129,0.41935483870967744,0,0,11,11.0,1.0,221.47916666666666,172.80555555555557,6.5,-42.173611111111086,0.19659735349716445,0
1.032258064516129,0.41935483870967744,0,8,11,2.0,0.09090909090909091,220.10416666666666,172.29861111111111,112.93749999999999,65.13194444444444,0.2003780718336484,0
1.032258064516129,0.41935483870967744,4,7,11,2.0,0.1,218.6875,171.0763888888889,118.8125,71.20138888888891,0.2051039697542533,0
0.25806451612903225,0.41935483870967744,4,0,11,7.0,0.5,217.09027777777774,169.5,46.0694444444444,-1.5208333333333428,0.20982986767485823,0
0.1935483870967742,0.41935483870967744,5,0,11,11.0,1.0,179.97916666666666,169.67361111111111,5.916666666666657,-4.388888888888886,0.21455576559546313,0
0.6129032258064516,0.7096774193548387,0,2,11,11.0,1.0,198.73611111111111,172.07638888888889,-1.9097222222222285,-28.569444444444457,0.23156899810964082,0
1.0,0.7096774193548387,0,2,11,3.0,0.4,198.54861111111111,190.0,32.34027777777777,23.791666666666657,0.22589792060491493,0
1.032258064516129,0.7096774193548387,0,2,11,2.5,0.2857142857142857,199.55555555555554,190.1388888888889,77.78472222222221,68.36805555555559,0.22117202268431002,0
1.032258064516129,0.7096774193548387,0,0,11,4.5,0.5,200.51388888888889,189.98611111111111,63.951388888888886,53.423611111111114,0.21739130434782608,0
0.41935483870967744,0.7096774193548387,0,0,11,8.0,1.0,189.54861111111111,190.9097222222222,-0.7430555555555429,0.6180555555555429,0.21266540642722118,0
0.3870967741935484,0.25806451612903225,0,0,11,9.0,1.0,162.875,193.75694444444443,-26.5,4.381944444444429,0.20793950850661624,0
0.3870967741935484,0.22580645161290322,0,0,11,10.0,1.0,141.51388888888889,200.5486111111111,-48.81944444444446,10.215277777777743,0.20132325141776938,0
0.3870967741935484,0.22580645161290322,0,0,11,9.0,1.0,149.54166666666666,210.2361111111111,-41.166666666666686,19.527777777777743,0.1956521739130435,0
0.3870967741935484,0.22580645161290322,0,0,11,9.0,1.0,172.07638888888889,218.5347222222222,-16.84027777777777,29.618055555555543,0.1899810964083176,0
0.3870967741935484,0.22580645161290322,0,0,11,8.0,1.0,190.0,224.36111111111111,-3.104166666666657,31.256944444444457,0.1843100189035917,0
0.41935483870967744,0.22580645161290322,0,0,11,7.0,1.0,190.1388888888889,225.55555555555557,-9.111111111111086,26.30555555555557,0.17958412098298676,0
0.3548387096774194,0.22580645161290322,0,0,11,6.0,1.0,189.98611111111111,226.31944444444446,-19.305555555555543,17.0277777777778,0.17485822306238186,0
1.032258064516129,0.5161290322580645,0,0,11,11.0,1.0,226.5486111111111,155.93055555555554,-0.18055555555557135,-70.79861111111111,0.20226843100189035,0
1.032258064516129,0.5161290322580645,0,0,11,4.5,0.5,226.0486111111111,168.70138888888889,69.40277777777774,12.055555555555543,0.2051039697542533,0
1.032258064516129,0.5161290322580645,3,0,11,1.0,0.21428571428571427,225.63888888888889,168.24305555555554,116.24305555555556,58.847222222222214,0.2107750472589792,0
0.7741935483870968,0.5161290322580645,5,0,11,6.0,0.6,226.0347222222222,167.58333333333334,95.61805555555554,37.166666666666686,0.21644612476370512,0
0.2903225806451613,0.5161290322580645,5,0,11,9.0,1.0,202.9652777777778,167.55555555555557,34.50694444444446,-0.9027777777777715,0.21928166351606806,0
0.22580645161290322,0.6774193548387096,0,2,11,11.0,1.0,195.16666666666666,142.4652777777778,-0.10416666666668561,-52.80555555555554,0.29206049149338376,0
0.7741935483870968,0.7419354838709677,0,2,11,11.0,1.0,195.81944444444446,153.4375,-1.1388888888888857,-43.52083333333334,0.2948960302457467,0
0.8709677419354839,0.8387096774193549,0,2,11,2.0,0.2,196.89583333333334,157.11805555555554,66.33333333333334,26.555555555555543,0.29773156899810965,0
0.8709677419354839,0.8387096774193549,0,2,11,2.0,0.3333333333333333,196.7777777777778,157.3402777777778,75.73611111111113,36.29861111111113,0.3005671077504726,0
0.5161290322580645,0.8387096774193549,0,2,11,7.0,1.0,196.55555555555557,159.0347222222222,49.30555555555557,11.7847222222222,0.30245746691871456,0
0.5161290322580645,0.8387096774193549,0,3,11,8.0,1.0,174.2638888888889,160.25,15.159722222222257,1.1458333333333428,0.30434782608695654,0
0.5483870967741935,0.2903225806451613,0,3,11,9.0,0.8333333333333334,149.52083333333334,162.5,-4.4375,8.541666666666657,0.30434782608695654,0
0.45161290322580644,0.2903225806451613,0,3,11,9.0,1.0,132.95138888888889,167.72916666666666,-25.34027777777777,9.4375,0.30434782608695654,0
0.45161290322580644,0.2903225806451613,0,3,11,9.0,0.8333333333333334,142.46527777777777,175.39583333333334,-17.30555555555557,15.625,0.30434782608695654,0
0.4838709677419355,0.2903225806451613,0,3,11,8.5,0.8333333333333334,153.4375,182.3611111111111,-5.604166666666657,23.31944444444443,0.30340264650283555,0
0.45161290322580644,0.2903225806451613,0,3,11,8.0,1.0,157.11805555555554,186.9375,-4.819444444444457,25.0,0.30340264650283555,0
0.3870967741935484,0.2903225806451613,0,3,11,8.5,1.0,157.3402777777778,188.0902777777778,-9.180555555555543,21.569444444444457,0.30151228733459357,0
0.3548387096774194,0.2903225806451613,1,4,11,9.0,1.0,159.0347222222222,188.5,-15.694444444444457,13.770833333333343,0.29867674858223064,0
0.2903225806451613,0.3870967741935484,0,0,11,11.0,1.0,188.08333333333334,147.15277777777777,-10.958333333333314,-51.888888888888886,0.2570888468809074,0
1.0,0.4838709677419355,0,0,11,6.0,0.6666666666666666,189.72222222222226,169.64583333333334,3.9305555555555998,-16.145833333333314,0.2514177693761815,0
1.032258064516129,0.5161290322580645,0,6,11,2.0,0.2727272727272727,193.13194444444446,169.48611111111111,74.13194444444446,50.486111111111114,0.24574669187145556,0
1.032258064516129,0.5161290322580645,0,0,11,2.0,0.3076923076923077,196.14583333333334,171.56944444444446,94.81250000000001,70.23611111111113,0.24102079395085066,0
0.3870967741935484,0.5161290322580645,0,0,11,8.0,1.0,194.0486111111111,174.44444444444446,23.548611111111086,3.944444444444457,0.2391304347826087,0
0.41935483870967744,0.5161290322580645,0,0,11,9.0,1.0,167.94444444444443,177.95138888888889,-1.6805555555555713,8.326388888888886,0.23724007561436672,0
0.45161290322580644,0.22580645161290322,0,0,11,9.0,1.0,135.375,182.84027777777774,-33.4375,14.027777777777743,0.23440453686200377,0
0.45161290322580644,0.22580645161290322,0,0,11,9.0,1.0,130.27777777777777,191.69444444444443,-39.74305555555557,21.673611111111086,0.23156899810964082,0
0.41935483870967744,0.22580645161290322,0,0,11,8.0,1.0,147.15277777777777,201.6597222222222,-28.72222222222223,25.7847222222222,0.22967863894139887,0
0.41935483870967744,0.22580645161290322,0,0,11,8.0,1.0,169.64583333333334,208.4722222222222,-7.791666666666657,31.0347222222222,0.22684310018903592,0
0.45161290322580644,0.22580645161290322,0,0,11,6.5,1.0,169.48611111111111,210.8472222222222,-11.055555555555543,30.305555555555543,0.22495274102079396,0
0.3870967741935484,0.22580645161290322,0,0,11,6.5,1.0,171.56944444444446,211.41666666666666,-18.9722222222222,20.875,0.22400756143667297,0
0.3225806451612903,0.22580645161290322,0,0,11,9.5,1.0,174.44444444444446,211.7777777777778,-29.555555555555543,7.7777777777778,0.22400756143667297,0
0.3225806451612903,0.3870967741935484,0,0,11,11.0,1.0,212.8888888888889,169.4861111111111,-0.8194444444444287,-44.22222222222226,0.21172022684310018,0
0.5161290322580645,0.41935483870967744,0,0,11,11.0,0.6666666666666666,213.2013888888889,181.1875,19.076388888888914,-12.9375,0.21266540642722118,0
0.5483870967741935,0.41935483870967744,0,10,11,6.0,0.625,213.34722222222226,179.92361111111111,57.4930555555556,24.069444444444457,0.21266540642722118,0
0.5806451612903226,0.45161290322580644,0,10,11,7.0,0.625,213.86805555555557,180.36111111111111,70.13888888888891,36.63194444444446,0.21172022684310018,0
0.4838709677419355,0.45161290322580644,0,0,11,8.0,1.0,207.38194444444446,183.22916666666666,23.756944444444457,-0.3958333333333428,0.20982986767485823,0
0.5161290322580645,0.4838709677419355,0,0,11,9.0,1.0,187.89583333333334,188.27777777777774,6.791666666666686,7.173611111111086,0.2060491493383743,0
0.5161290322580645,0.2903225806451613,0,0,11,10.0,1.0,164.56944444444443,195.66666666666666,-14.263888888888914,16.833333333333314,0.20415879017013233,0
0.5161290322580645,0.2903225806451613,0,0,11,10.5,1.0,161.06944444444443,204.73611111111111,-18.763888888888914,24.90277777777777,0.20226843100189035,0
0.5161290322580645,0.2903225806451613,0,0,11,9.5,1.0,169.4861111111111,212.0138888888889,-12.930555555555571,29.597222222222257,0.19848771266540643,0
0.4838709677419355,0.2903225806451613,0,0,11,8.5,1.0,181.1875,216.97222222222226,-6.25,29.534722222222257,0.1956521739130435,0
0.41935483870967744,0.25806451612903225,0,0,11,8.0,1.0,179.92361111111111,218.72222222222226,-15.055555555555543,23.7430555555556,0.1956521739130435,0
0.3870967741935484,0.25806451612903225,0,0,11,9.0,1.0,180.36111111111111,220.41666666666666,-24.22222222222223,15.833333333333314,0.1956521739130435,0
0.9032258064516129,0.967741935483871,0,0,11,8.5,1.0,221.40277777777774,158.11111111111111,-3.472222222222257,-66.76388888888889,0.16540642722117202,1
0.45161290322580644,1.032258064516129,0,0,11,9.5,1.0,224.01388888888889,204.4375,5.5347222222222285,-14.041666666666657,0.14555765595463138,0
1.032258064516129,1.032258064516129,0,0,11,5.0,0.5,223.2847222222222,217.13194444444446,48.68055555555554,42.5277777777778,0.13988657844990549,0
1.032258064516129,1.032258064516129,11,14,11,1.0,0.125,222.3125,219.33333333333334,191.375,188.39583333333334,0.1342155009451796,0
0.3870967741935484,1.032258064516129,0,0,11,9.0,1.0,220.70138888888889,220.00694444444446,39.701388888888886,39.00694444444446,0.12948960302457466,0
0.2903225806451613,1.032258064516129,0,0,11,8.5,1.0,204.8472222222222,220.61111111111111,-8.194444444444457,7.569444444444457,0.1266540642722117,0
0.2903225806451613,1.032258064516129,0,0,11,11.0,1.0,221.6875,161.38888888888889,9.25,-51.048611111111114,0.1937618147448015,0
1.032258064516129,1.032258064516129,0,0,11,7.0,0.5,219.78472222222226,170.46527777777777,35.9305555555556,-13.388888888888886,0.19754253308128544,0
1.032258064516129,1.032258064516129,3,8,11,1.0,0.0625,217.19444444444446,169.97916666666666,191.98611111111111,144.77083333333331,0.20226843100189035,0
0.45161290322580644,1.032258064516129,4,0,11,3.0,0.25,214.56944444444446,168.56944444444446,71.79861111111111,25.798611111111114,0.20699432892249528,0
0.2903225806451613,1.032258064516129,5,0,11,7.0,0.5,203.5347222222222,168.6527777777778,34.05555555555554,-0.8263888888888573,0.21266540642722118,0
0.3548387096774194,0.967741935483871,0,2,11,11.0,1.0,194.80555555555557,160.72222222222223,-5.881944444444429,-39.96527777777777,0.2523629489603025,0
1.0,1.032258064516129,0,2,11,8.5,1.0,196.3402777777778,180.61805555555554,6.548611111111143,-9.173611111111114,0.2485822306238185,0
1.032258064516129,1.032258064516129,0,2,11,2.0,0.26666666666666666,197.2847222222222,186.14583333333334,99.5972222222222,88.45833333333334,0.2448015122873346,0
0.967741935483871,1.032258064516129,0,1,11,2.0,0.35714285714285715,198.5972222222222,186.26388888888889,72.18055555555553,59.847222222222214,0.24196597353497165,0
0.4838709677419355,1.032258064516129,0,0,11,8.0,1.0,196.27777777777774,186.99305555555554,26.652777777777743,17.368055555555543,0.23724007561436672,0
0.41935483870967744,0.5806451612903226,0,0,11,9.0,1.0,162.7222222222222,189.27083333333334,-23.4027777777778,3.145833333333343,0.23156899810964082,0
0.45161290322580644,0.22580645161290322,0,0,11,9.0,1.0,137.9652777777778,193.66666666666666,-48.13888888888886,7.5625,0.22873345935727787,0
0.45161290322580644,0.22580645161290322,0,0,11,9.0,1.0,131.24305555555557,202.0972222222222,-54.96527777777777,15.888888888888857,0.22117202268431002,0
0.41935483870967744,0.22580645161290322,0,0,11,9.0,1.0,160.72222222222223,211.63194444444446,-25.75694444444443,25.1527777777778,0.21550094517958412,0
0.41935483870967744,0.22580645161290322,0,0,11,8.0,1.0,180.61805555555554,219.43055555555557,-7.673611111111114,31.138888888888914,0.21172022684310018,0
0.41935483870967744,0.22580645161290322,0,0,11,7.0,1.0,186.14583333333334,223.29166666666666,-6.895833333333314,30.25,0.2051039697542533,0
0.3870967741935484,0.22580645161290322,0,0,11,6.0,0.75,186.26388888888889,225.0486111111111,-13.402777777777771,25.38194444444443,0.20132325141776938,0
0.3225806451612903,1.0,0,0,7,6.5,1.0,225.88194444444446,136.79166666666666,-1.3472222222222001,-90.4375,0.22495274102079396,0
1.0,1.0,0,0,8,7.0,1.0,227.74305555555557,159.93055555555554,13.409722222222229,-54.4027777777778,0.23062381852551986,0
1.032258064516129,1.032258064516129,3,0,9,2.0,0.3125,229.19444444444446,167.06944444444446,149.84027777777777,87.71527777777779,0.23440453686200377,0
1.032258064516129,1.032258064516129,4,0,10,2.0,0.3125,228.93055555555554,166.73611111111111,131.78472222222223,69.59027777777779,0.23724007561436672,0
0.45161290322580644,1.032258064516129,5,0,11,8.0,1.0,223.51388888888889,168.03472222222226,77.53472222222223,22.0555555555556,0.24102079395085066,0
0.3548387096774194,1.032258064516129,5,0,11,9.0,1.0,173.63888888888889,170.81944444444446,6.388888888888886,3.569444444444457,0.24763705103969755,0
0.3225806451612903,0.7419354838709677,0,1,11,9.0,1.0,193.1527777777778,143.08333333333334,1.694444444444457,-48.375,0.3052930056710775,0
0.8387096774193549,0.8387096774193549,0,1,11,8.0,1.0,194.29861111111111,150.4027777777778,5.798611111111114,-38.0972222222222,0.30623818525519847,0
0.8387096774193549,0.8387096774193549,0,1,11,2.0,0.36363636363636365,194.93055555555554,151.33333333333334,82.88888888888887,39.29166666666667,0.30812854442344045,0
0.8387096774193549,0.8387096774193549,0,2,11,6.0,0.5454545454545454,193.86805555555554,152.65277777777774,67.70138888888887,26.48611111111107,0.31001890359168244,0
0.5806451612903226,0.8387096774193549,0,2,11,8.0,1.0,190.97916666666666,154.9097222222222,41.10416666666666,5.0347222222222,0.31379962192816635,0
0.5161290322580645,0.5483870967741935,0,2,11,8.0,1.0,164.0,156.32638888888889,10.791666666666657,3.118055555555543,0.31568998109640833,0
0.4838709677419355,0.2903225806451613,0,2,11,9.0,0.8333333333333334,142.23611111111111,160.88888888888889,-5.888888888888886,12.763888888888886,0.3166351606805293,0
0.45161290322580644,0.2903225806451613,0,2,11,9.0,0.8333333333333334,129.36111111111111,169.6875,-23.305555555555543,17.020833333333343,0.31474480151228734,0
0.41935483870967744,0.2903225806451613,0,3,11,9.0,1.0,143.08333333333334,179.31944444444443,-14.083333333333314,22.15277777777777,0.31001890359168244,0
0.45161290322580644,0.2903225806451613,0,3,11,8.0,1.0,150.4027777777778,185.26388888888889,-4.493055555555543,30.368055555555543,0.30718336483931946,0
0.45161290322580644,0.2903225806451613,1,3,11,7.0,1.0,151.33333333333334,187.20138888888889,-5.583333333333314,30.28472222222223,0.30718336483931946,0
0.3870967741935484,0.2903225806451613,1,3,11,6.0,1.0,152.65277777777777,186.38888888888889,-18.201388888888886,15.534722222222229,0.3052930056710775,0
0.967741935483871,1.0,0,0,11,8.5,1.0,190.8888888888889,150.6875,2.8055555555555713,-37.39583333333334,0.28071833648393196,0
1.0,1.032258064516129,0,6,11,2.0,0.2222222222222222,191.4027777777778,162.44444444444446,94.44444444444447,65.48611111111113,0.27504725897920607,0
1.032258064516129,1.032258064516129,0,7,11,2.0,0.26666666666666666,191.02083333333334,164.2152777777778,116.62500000000001,89.81944444444447,0.26937618147448017,0
0.7419354838709677,1.032258064516129,0,0,11,7.0,1.0,189.8125,167.9722222222222,59.72916666666666,37.88888888888886,0.2627599243856333,0
0.45161290322580644,1.032258064516129,0,0,11,8.0,1.0,158.6527777777778,174.17361111111111,-2.430555555555543,13.090277777777771,0.2542533081285444,0
0.41935483870967744,0.22580645161290322,0,0,11,9.0,1.0,119.8125,181.5,-41.08333333333334,20.604166666666657,0.24763705103969755,0
0.3870967741935484,0.22580645161290322,0,0,11,9.0,1.0,100.47916666666667,191.42361111111111,-64.87499999999999,26.069444444444457,0.24102079395085066,0
0.41935483870967744,0.22580645161290322,0,0,11,9.0,1.0,121.85416666666667,201.1527777777778,-44.54166666666667,34.75694444444446,0.23629489603024575,0
0.41935483870967744,0.22580645161290322,0,0,11,9.0,1.0,150.6875,210.61805555555557,-21.479166666666657,38.451388888888914,0.2334593572778828,0
0.41935483870967744,0.22580645161290322,0,0,11,8.0,1.0,162.44444444444446,216.5625,-21.513888888888886,32.60416666666666,0.23156899810964082,0
0.3870967741935484,0.22580645161290322,0,0,11,7.0,1.0,164.2152777777778,218.15972222222226,-24.1597222222222,29.784722222222257,0.22873345935727787,0
0.25806451612903225,0.3548387096774194,0,0,11,8.0,1.0,223.1388888888889,169.73611111111111,2.576388888888914,-50.826388888888886,0.19187145557655955,0
0.5161290322580645,0.3870967741935484,0,0,11,11.0,1.0,222.875,180.36111111111111,1.0208333333333428,-41.49305555555554,0.19092627599243855,0
0.5483870967741935,0.41935483870967744,0,11,11,6.0,0.5714285714285714,221.36805555555557,183.125,75.24305555555557,37.0,0.19281663516068054,0
0.5806451612903226,0.45161290322580644,0,10,11,6.5,0.625,220.44444444444446,182.86111111111111,70.36111111111111,32.77777777777777,0.1947069943289225,0
0.5161290322580645,0.45161290322580644,0,0,11,8.0,1.0,220.55555555555554,184.94444444444446,46.0347222222222,10.423611111111114,0.1956521739130435,0
0.5161290322580645,0.4838709677419355,0,0,11,8.5,1.0,196.18055555555554,188.50694444444446,11.576388888888886,3.9027777777778,0.19659735349716445,0
0.5161290322580645,0.2903225806451613,0,0,11,9.5,1.0,172.6875,194.25,-9.270833333333343,12.291666666666657,0.19659735349716445,0
0.5161290322580645,0.2903225806451613,0,0,11,10.0,1.0,156.90972222222223,201.80555555555554,-25.90277777777777,18.993055555555543,0.1994328922495274,0
0.5161290322580645,0.2903225806451613,0,0,11,9.5,1.0,169.73611111111111,210.1597222222222,-14.076388888888886,26.3472222222222,0.2003780718336484,0
0.4838709677419355,0.2903225806451613,0,0,11,8.5,1.0,180.36111111111111,217.05555555555554,-7.8472222222222285,28.8472222222222,0.2003780718336484,0
0.41935483870967744,0.25806451612903225,0,0,11,8.0,1.0,183.125,221.46527777777774,-10.375,27.965277777777743,0.2003780718336484,0
0.3870967741935484,0.25806451612903225,0,0,11,7.0,1.0,182.86111111111111,223.5972222222222,-18.180555555555543,22.555555555555543,0.19848771266540643,0
0.3225806451612903,0.967741935483871,0,0,11,10.0,1.0,223.20833333333334,148.8125,1.3333333333333428,-73.0625,0.16540642722117202,1
0.6129032258064516,0.6451612903225806,0,0,11,8.0,1.0,223.93055555555554,182.0,6.555555555555543,-35.375,0.15217391304347827,0
1.032258064516129,0.6451612903225806,0,0,11,3.0,0.4,224.24305555555554,215.75,62.24305555555554,53.75,0.14744801512287334,0
1.032258064516129,0.6451612903225806,9,14,11,2.0,0.13333333333333333,223.1875,218.45833333333334,160.64583333333334,155.91666666666669,0.14366729678638943,0
1.032258064516129,0.6451612903225806,11,0,11,2.0,0.18181818181818182,220.3125,217.91666666666666,102.85416666666667,100.45833333333333,0.14083175803402648,0
0.2903225806451613,0.6451612903225806,0,0,11,11.0,1.0,199.69444444444446,217.89583333333334,-9.7222222222222,8.479166666666686,0.14083175803402648,0
0.22580645161290322,0.2903225806451613,0,0,11,11.0,1.0,147.30555555555554,218.69444444444446,-71.81944444444446,-0.4305555555555429,0.14083175803402648,0
0.2903225806451613,1.0,0,0,11,11.0,1.0,220.25,134.79166666666666,2.979166666666657,-82.47916666666669,0.222117202268431,0
1.032258064516129,1.0,0,0,11,7.0,0.5,219.45138888888889,169.5902777777778,35.90972222222223,-13.951388888888857,0.22589792060491493,0
1.032258064516129,1.0,2,8,11,2.0,0.0625,219.5902777777778,172.54861111111111,126.9027777777778,79.86111111111111,0.22967863894139887,0
1.032258064516129,1.0,4,1,11,2.0,0.0625,219.00694444444446,170.88194444444446,151.27777777777777,103.15277777777779,0.23440453686200377,0
0.25806451612903225,1.0,5,0,11,11.0,1.0,206.75694444444446,170.22916666666666,45.25694444444446,8.729166666666657,0.2391304347826087,0
0.1935483870967742,1.0,5,0,11,11.0,1.0,164.5,171.57638888888889,-10.645833333333343,-3.569444444444457,0.2438563327032136,0
0.3548387096774194,1.0,0,3,11,9.5,1.0,199.47916666666666,167.72916666666666,0.5,-31.25,0.2391304347826087,0
1.0,1.032258064516129,0,2,11,10.0,1.0,201.5972222222222,184.25,30.076388888888857,12.729166666666657,0.23534971644612476,0
1.032258064516129,1.032258064516129,0,2,11,2.0,0.26666666666666666,201.06944444444443,186.8472222222222,131.50694444444443,117.2847222222222,0.23251417769376181,0
1.032258064516129,1.032258064516129,0,0,11,4.0,0.5,200.31944444444443,187.36111111111111,63.13194444444443,50.173611111111114,0.2277882797731569,0
0.45161290322580644,1.032258064516129,0,0,11,8.0,1.0,190.24305555555554,188.7638888888889,10.2847222222222,8.805555555555571,0.22400756143667297,0
0.41935483870967744,0.22580645161290322,0,0,11,9.0,1.0,146.6875,192.11111111111111,-39.35416666666666,6.069444444444457,0.21928166351606806,0
0.41935483870967744,0.22580645161290322,0,0,11,9.0,1.0,126.09027777777779,200.38194444444446,-60.659722222222214,13.631944444444457,0.21455576559546313,0
0.3870967741935484,0.22580645161290322,0,0,11,9.0,1.0,128.9027777777778,211.56944444444446,-58.8472222222222,23.819444444444457,0.2107750472589792,0
0.3870967741935484,0.22580645161290322,0,0,11,9.0,1.0,167.72916666666666,221.3402777777778,-19.854166666666686,33.75694444444446,0.2060491493383743,0
0.3870967741935484,0.22580645161290322,0,0,11,8.0,1.0,184.25,225.86805555555554,-6.708333333333343,34.9097222222222,0.20132325141776938,0
0.3870967741935484,0.22580645161290322,0,0,11,7.0,1.0,186.8472222222222,225.69444444444443,-10.944444444444457,27.90277777777777,0.1947069943289225,0
0.3548387096774194,0.22580645161290322,0,0,11,6.0,1.0,187.36111111111111,223.7847222222222,-25.03472222222223,11.388888888888857,0.19092627599243855,0
0.3548387096774194,1.032258064516129,0,0,11,8.5,1.0,223.88194444444446,136.35416666666666,-1.9722222222222001,-89.5,0.22873345935727787,0
1.032258064516129,1.032258064516129,0,0,11,9.0,1.0,225.82638888888889,162.9652777777778,31.09722222222223,-31.763888888888857,0.23251417769376181,0
1.032258064516129,1.032258064516129,2,0,11,2.0,0.25,227.1527777777778,166.61111111111111,108.4027777777778,47.861111111111114,0.2381852551984877,0
1.032258064516129,1.032258064516129,4,0,11,2.0,0.25,227.0972222222222,166.3125,140.5347222222222,79.75,0.2438563327032136,0
0.3870967741935484,1.032258064516129,5,0,11,9.0,1.0,216.20138888888889,166.95138888888889,61.30555555555554,12.055555555555543,0.2485822306238185,0
0.3225806451612903,1.032258064516129,5,0,11,9.5,1.0,179.77777777777774,170.03472222222226,12.173611111111086,2.4305555555555998,0.2523629489603025,0
0.5161290322580645,0.7741935483870968,0,1,11,11.0,1.0,195.83333333333334,153.33333333333334,6.083333333333343,-36.41666666666666,0.29584120982986767,0
0.8387096774193549,0.8387096774193549,0,2,11,5.0,0.6666666666666666,195.26388888888889,155.9097222222222,32.201388888888886,-7.1527777777778,0.29584120982986767,0
0.8709677419354839,0.8387096774193549,0,2,11,2.0,0.46153846153846156,193.63194444444446,155.88888888888889,94.36111111111113,56.61805555555556,0.29584120982986767,0
0.5806451612903226,0.8387096774193549,0,2,11,7.5,0.8333333333333334,191.45833333333334,156.5625,43.416666666666686,8.520833333333343,0.29678638941398866,0
0.5483870967741935,0.8387096774193549,0,2,11,9.0,1.0,181.56944444444446,158.19444444444443,25.0902777777778,1.7152777777777715,0.29678638941398866,0
0.5483870967741935,0.2903225806451613,0,2,11,9.0,1.0,150.69444444444443,163.77777777777774,-4.7847222222222285,8.298611111111086,0.29584120982986767,0
0.5161290322580645,0.2903225806451613,0,3,11,9.0,0.8333333333333334,136.79166666666666,173.3125,-18.979166666666686,17.541666666666657,0.2939508506616257,0
0.5161290322580645,0.2903225806451613,0,3,11,9.0,0.8333333333333334,134.5972222222222,182.65277777777774,-21.819444444444457,26.236111111111086,0.2939508506616257,0
0.5161290322580645,0.2903225806451613,0,3,11,8.0,0.8333333333333334,153.33333333333334,188.51388888888889,-4.166666666666657,31.013888888888886,0.2948960302457467,0
0.45161290322580644,0.2903225806451613,0,3,11,7.0,1.0,155.9097222222222,190.38194444444446,-4.756944444444457,29.7152777777778,0.29773156899810965,0
0.41935483870967744,0.2903225806451613,0,3,11,6.0,0.8,155.88888888888889,190.5,-17.27777777777777,17.333333333333343,0.29867674858223064,0
0.2903225806451613,0.2903225806451613,1,3,11,11.0,1.0,156.5625,190.19444444444446,-29.541666666666657,4.0902777777778,0.2939508506616257,0
0.3225806451612903,0.967741935483871,0,0,11,11.0,1.0,189.19444444444446,143.4375,-0.9305555555555429,-46.6875,0.2882797731568998,0
1.0,1.0,0,6,11,8.5,1.0,188.9722222222222,160.79861111111111,15.993055555555543,-12.180555555555543,0.2844990548204159,0
1.032258064516129,1.032258064516129,0,6,11,2.0,0.3333333333333333,188.9722222222222,165.16666666666666,119.3472222222222,95.54166666666666,0.28071833648393196,0
1.0,1.032258064516129,0,0,11,2.0,0.35714285714285715,189.59027777777774,167.85416666666666,77.42361111111107,55.687499999999986,0.27599243856332706,0
0.4838709677419355,1.032258064516129,0,0,11,8.0,1.0,184.1736111111111,171.875,30.38194444444443,18.083333333333343,0.2712665406427221,0
0.45161290322580644,0.8709677419354839,0,0,11,9.0,1.0,144.24305555555554,175.25694444444443,-20.111111111111114,10.902777777777771,0.2665406427221172,0
0.45161290322580644,0.22580645161290322,0,0,11,10.0,1.0,118.25694444444446,180.06944444444443,-45.99305555555554,15.819444444444429,0.2618147448015123,0
0.45161290322580644,0.22580645161290322,0,0,11,9.5,1.0,111.8611111111111,189.56944444444443,-55.03472222222224,22.673611111111086,0.2589792060491493,0
0.45161290322580644,0.22580645161290322,0,0,11,8.5,1.0,143.4375,201.54166666666666,-28.979166666666657,29.125,0.2533081285444234,0
0.45161290322580644,0.22580645161290322,0,0,11,8.0,1.0,160.7986111111111,210.85416666666666,-15.513888888888914,34.54166666666666,0.24763705103969755,0
0.45161290322580644,0.22580645161290322,0,0,11,7.0,1.0,165.16666666666666,214.7847222222222,-11.875,37.74305555555554,0.24196597353497165,0
0.41935483870967744,0.22580645161290322,0,0,11,8.5,1.0,167.85416666666666,216.65277777777774,-19.0,29.798611111111086,0.23629489603024575,0
0.22580645161290322,0.22580645161290322,0,0,11,11.0,1.0,171.875,217.63888888888889,-32.9375,12.826388888888886,0.23440453686200377,0
0.2903225806451613,0.3548387096774194,0,0,11,11.0,1.0,217.59027777777774,185.6111111111111,-6.451388888888914,-38.43055555555557,0.16729678638941398,0
0.5161290322580645,0.41935483870967744,0,0,11,11.0,0.6666666666666666,218.43055555555554,188.4375,7.805555555555543,-22.1875,0.166351606805293,0
0.5483870967741935,0.41935483870967744,0,10,11,4.5,0.5,220.02083333333334,187.89583333333334,81.02083333333334,48.89583333333334,0.16446124763705103,0
0.5161290322580645,0.45161290322580644,0,0,11,6.5,0.6666666666666666,221.89583333333334,188.04166666666666,43.166666666666686,9.3125,0.16257088846880907,0
0.4838709677419355,0.45161290322580644,0,0,11,9.5,1.0,218.9375,188.75694444444443,29.520833333333343,-0.6597222222222285,0.16068052930056712,0
0.45161290322580644,0.25806451612903225,0,0,11,8.0,1.0,191.2222222222222,192.1736111111111,2.5347222222222,3.486111111111086,0.16068052930056712,0
0.45161290322580644,0.25806451612903225,0,0,11,9.0,1.0,176.11805555555554,199.20138888888889,-11.0902777777778,11.993055555555543,0.16162570888468808,0
0.4838709677419355,0.25806451612903225,0,0,11,9.0,1.0,169.04861111111111,209.8125,-18.743055555555543,22.020833333333343,0.16162570888468808,0
0.5161290322580645,0.25806451612903225,0,0,11,9.0,1.0,185.6111111111111,218.9375,-3.513888888888914,29.8125,0.16068052930056712,0
0.4838709677419355,0.25806451612903225,0,0,11,8.0,1.0,188.4375,224.4097222222222,-0.9166666666666572,35.05555555555554,0.16068052930056712,0
0.41935483870967744,0.22580645161290322,0,0,11,9.0,1.0,187.89583333333334,226.52777777777774,-10.145833333333314,28.486111111111086,0.16068052930056712,0
0.3225806451612903,0.22580645161290322,0,0,11,11.0,1.0,188.04166666666666,226.25,-22.166666666666686,16.041666666666657,0.15879017013232513,0
1.0,1.0,0,0,9,9.0,1.0,221.00694444444446,180.78472222222226,1.006944444444457,-39.21527777777774,0.11814744801512288,1
0.4,0.3,0,0,11,10.0,1.0,233.41843971631204,179.85106382978722,16.992907801418426,-36.57446808510639,0.16328502415458937,1
0.5,0.3333333333333333,0,0,11,6.0,0.8333333333333334,232.15602836879432,180.46808510638297,36.432624113475185,-15.255319148936167,0.17971014492753623,0
0.5333333333333333,0.3333333333333333,0,0,11,6.5,0.8333333333333334,230.5035460992908,182.9432624113475,46.67375886524823,-0.8865248226950655,0.19903381642512077,0
0.5333333333333333,0.3333333333333333,0,0,11,6.0,0.7142857142857143,225.1843971631206,191.51773049645388,45.09929078014187,11.432624113475157,0.21642512077294687,0
0.5333333333333333,0.3333333333333333,0,0,11,6.0,0.8571428571428571,213.01418439716312,199.3971631205674,33.35460992907801,19.737588652482287,0.23381642512077294,0
0.5,0.3333333333333333,0,0,11,6.5,0.8333333333333334,198.6595744680851,203.48936170212767,18.85106382978725,23.680851063829806,0.24541062801932367,0
0.4666666666666667,0.23333333333333334,0,0,11,7.0,1.0,186.54609929078015,196.57446808510642,4.609929078014204,14.638297872340473,0.2531400966183575,0
0.4666666666666667,0.26666666666666666,0,0,11,6.0,1.0,181.19148936170214,182.26241134751774,-5.893617021276583,-4.822695035460981,0.2589371980676328,0
0.36666666666666664,0.3,0,0,11,6.0,1.0,179.85106382978725,165.0354609929078,-25.680851063829778,-40.49645390070924,0.2647342995169082,0
0.4,0.3333333333333333,0,0,11,8.5,1.0,180.46808510638297,156.60992907801418,-25.106382978723417,-48.96453900709221,0.27053140096618356,0
0.5,0.4666666666666667,0,0,11,6.0,1.0,182.94326241134752,158.59574468085106,-16.418439716312065,-40.76595744680853,0.2714975845410628,0
0.6666666666666666,0.6666666666666666,0,0,11,6.0,1.0,191.51773049645394,172.9078014184397,6.7304964539007415,-11.879432624113491,0.27246376811594203,0
0.6666666666666666,0.6333333333333333,0,0,11,5.0,1.0,199.3971631205674,190.09929078014184,36.75886524822698,27.460992907801426,0.26956521739130435,0
0.6333333333333333,0.6,0,0,11,5.0,1.0,203.48936170212767,204.2482269503546,55.80851063829789,56.567375886524815,0.2608695652173913,0
0.6,0.5666666666666667,0,0,11,5.0,1.0,196.57446808510636,207.69503546099293,37.06382978723403,48.18439716312059,0.25120772946859904,0
0.5666666666666667,0.5666666666666667,0,0,11,5.0,1.0,182.26241134751774,205.10638297872342,13.666666666666686,36.51063829787236,0.24154589371980675,0
0.4666666666666667,0.5,0,0,11,5.0,1.0,165.03546099290782,208.93617021276597,-25.581560283687935,18.319148936170222,0.24734299516908212,0
0.4666666666666667,0.4666666666666667,0,0,11,11.0,1.0,156.60992907801418,218.6241134751773,-54.47517730496455,7.539007092198574,0.2570048309178744,0
0.4,0.3333333333333333,0,0,11,7.0,0.5,158.59574468085106,227.97872340425533,-52.446808510638306,16.936170212765973,0.25507246376811593,0
0.2,0.5333333333333333,0,0,11,8.0,1.0,218.62411347517732,176.4468085106383,-13.907801418439703,-56.08510638297872,0.242512077294686,0
0.7,0.7333333333333333,0,0,11,8.0,1.0,227.97872340425533,196.77304964539007,13.85106382978725,-17.35460992907801,0.242512077294686,0
0.7666666666666667,0.7333333333333333,0,0,11,2.0,0.2222222222222222,231.354609929078,198.93617021276597,59.82269503546098,27.404255319148945,0.23091787439613526,0
0.7666666666666667,0.7333333333333333,0,0,11,2.0,0.2727272727272727,232.1914893617021,197.86524822695037,94.95744680851061,60.63120567375887,0.22705314009661837,0
0.6666666666666666,0.7333333333333333,0,0,11,5.0,0.6,226.43971631205673,203.11347517730496,38.9078014184397,15.581560283687935,0.23091787439613526,0
0.5,0.7333333333333333,0,0,11,8.0,1.0,206.06382978723403,205.90070921985816,1.4893617021276384,1.3262411347517684,0.23285024154589373,0
0.4666666666666667,0.3333333333333333,0,0,11,5.0,1.0,174.29787234042556,186.42553191489364,-23.91489361702125,-11.787234042553166,0.23091787439613526,0
0.43333333333333335,0.3,0,0,11,5.0,1.0,165.43262411347519,172.39007092198582,-28.58865248226951,-21.63120567375887,0.22705314009661837,0
0.3333333333333333,0.26666666666666666,0,0,11,5.0,1.0,176.4468085106383,176.95744680851064,-24.914893617021278,-24.404255319148945,0.242512077294686,0
0.36666666666666664,0.5333333333333333,0,0,11,5.0,1.0,196.77304964539007,200.91489361702125,-17.184397163120565,-13.04255319148939,0.25507246376811593,0
0.7,0.5333333333333333,0,0,11,9.0,1.0,198.93617021276597,211.19858156028366,-3.4468085106382773,8.815602836879407,0.2589371980676328,0
0.6,0.5333333333333333,2,0,11,2.0,0.25,197.86524822695037,206.34751773049643,54.92907801418443,63.41134751773049,0.2647342995169082,0
0.6,0.5333333333333333,1,0,11,2.0,0.3333333333333333,203.11347517730496,204.93617021276597,31.26241134751774,33.08510638297875,0.2714975845410628,0
0.3,0.5333333333333333,0,0,11,11.0,1.0,205.90070921985816,206.48936170212767,-10.184397163120565,-9.595744680851055,0.2763285024154589,0
0.4,0.36666666666666664,0,0,11,11.0,0.6666666666666666,186.42553191489364,192.36879432624116,-28.38297872340422,-22.439716312056703,0.26570048309178745,0
0.4,0.3333333333333333,0,0,11,4.0,0.6,172.39007092198582,181.1205673758865,-30.312056737588648,-21.581560283687963,0.25024154589371983,0
0.4,0.3333333333333333,0,0,11,7.5,0.75,176.95744680851064,180.90070921985816,-24.57446808510639,-20.63120567375887,0.24347826086956523,0
0.36666666666666664,0.8333333333333334,0,0,11,7.5,0.75,200.91489361702125,196.99290780141845,-9.65957446808514,-13.581560283687935,0.23864734299516907,0
0.8666666666666667,0.8333333333333334,0,0,11,10.0,1.0,211.1985815602837,204.01418439716312,3.83687943262413,-3.347517730496463,0.23285024154589373,0
0.7666666666666667,0.8,0,0,10,2.0,0.4,206.34751773049643,201.09929078014184,47.17730496453899,41.9290780141844,0.2251207729468599,0
0.7333333333333333,0.6333333333333333,0,0,9,2.0,0.4444444444444444,204.93617021276597,201.31914893617022,28.106382978723417,24.489361702127667,0.22028985507246376,0
0.4,0.6333333333333333,0,0,8,7.0,1.0,206.48936170212767,207.177304964539,-0.2127659574468055,0.47517730496451804,0.21545893719806763,0
0.5,0.6333333333333333,0,0,7,6.0,0.8,192.3687943262411,217.04255319148936,-15.078014184397205,9.595744680851055,0.21159420289855072,0
0.5,0.3333333333333333,0,0,7,4.5,0.8333333333333334,181.1205673758865,225.67375886524823,-16.773049645390074,27.78014184397165,0.1932367149758454,0
0.4,0.3333333333333333,0,0,7,4.0,0.75,180.90070921985816,230.91489361702125,-17.05673758865248,32.95744680851061,0.178743961352657,0
0.3,0.3333333333333333,0,0,6,4.0,1.0,196.99290780141845,230.84397163120568,-11.113475177304963,22.73758865248226,0.17681159420289855,0
0.3,0.23333333333333334,0,0,6,4.0,1.0,204.01418439716312,228.84397163120568,-11.453900709219852,13.375886524822704,0.17198067632850242,0
0.2,0.2,0,0,7,7.0,1.0,201.09929078014184,228.58865248226948,-26.45390070921985,1.0354609929077867,0.16328502415458937,0
0.2,1.0333333333333334,0,0,11,8.5,1.0,230.13475177304963,159.3049645390071,-3.2907801418439817,-74.12056737588651,0.2028985507246377,0
1.0333333333333334,1.0333333333333334,0,0,11,9.0,1.0,231.35460992907804,204.00709219858155,23.567375886524843,-3.7801418439716485,0.19903381642512077,0
1.0333333333333334,1.0333333333333334,7,16,11,2.0,0.125,232.58156028368796,215.8156028368794,162.24113475177307,145.47517730496452,0.1961352657004831,0
1.0333333333333334,1.0333333333333334,0,16,11,2.0,0.125,233.02127659574467,216.65248226950357,151.04255319148933,134.67375886524826,0.19227053140096617,0
0.23333333333333334,1.0333333333333334,0,0,11,10.5,1.0,224.84397163120568,218.04964539007094,44.184397163120565,37.390070921985824,0.19033816425120773,0
0.16666666666666666,1.0333333333333334,0,0,11,11.0,1.0,170.5177304964539,220.822695035461,-44.758865248226954,5.546099290780148,0.18840579710144928,0
0.7,0.5,0,0,11,11.0,1.0,233.86524822695037,170.27659574468086,-0.1134751773049345,-63.702127659574444,0.19227053140096617,0
1.0333333333333334,0.5,0,0,11,10.5,1.0,234.3758865248227,192.7375886524823,51.54609929078015,9.907801418439732,0.19420289855072465,0
1.0333333333333334,0.5,0,11,11,1.0,0.26666666666666666,234.66666666666666,193.07801418439715,151.73049645390068,110.14184397163119,0.1961352657004831,0
1.0333333333333334,0.5,1,11,11,7.0,0.8,234.645390070922,191.9078014184397,108.77304964539007,66.03546099290779,0.19806763285024154,0
0.26666666666666666,0.5,2,0,11,7.5,1.0,217.04964539007094,191.58156028368796,26.21985815602838,0.7517730496454078,0.2,0
0.2,0.7,0,0,11,11.0,1.0,212.68794326241132,166.9290780141844,4.581560283687907,-41.17730496453902,0.2357487922705314,0
0.8,0.7666666666666667,0,5,11,11.0,1.0,211.10638297872342,187.87234042553192,15.127659574468112,-8.106382978723389,0.23478260869565218,0
0.8333333333333334,0.8333333333333334,0,5,11,2.0,0.3333333333333333,209.48936170212767,193.3049645390071,90.65957446808511,74.47517730496455,0.2318840579710145,0
0.8333333333333334,0.8333333333333334,0,5,11,2.0,0.38461538461538464,208.23404255319147,193.58865248226948,77.85106382978722,63.20567375886523,0.2289855072463768,0
0.43333333333333335,0.8333333333333334,0,0,11,8.0,1.0,203.8368794326241,194.73758865248226,26.666666666666657,17.567375886524815,0.22705314009661837,0
0.36666666666666664,0.8333333333333334,0,0,11,9.0,1.0,174.3049645390071,196.23404255319147,-18.929078014184398,2.9999999999999716,0.2251207729468599,0
0.4,0.3,0,0,11,9.5,1.0,148.39716312056737,200.99290780141845,-44.815602836879435,7.7801418439716485,0.22318840579710145,0
0.36666666666666664,0.3,0,0,11,9.5,1.0,142.12765957446808,210.22695035460993,-51.34042553191489,16.758865248226954,0.21835748792270532,0
0.36666666666666664,0.26666666666666666,0,0,11,9.0,1.0,166.9290780141844,221.5035460992908,-27.156028368794324,27.418439716312065,0.2144927536231884,0
0.36666666666666664,0.26666666666666666,0,0,11,8.0,1.0,187.87234042553192,229.77304964539007,-8.787234042553195,33.11347517730496,0.21256038647342995,0
0.36666666666666664,0.26666666666666666,0,0,11,7.0,1.0,193.3049645390071,232.61702127659575,-4.652482269503537,34.65957446808511,0.20869565217391303,0
0.3,0.26666666666666666,0,0,11,6.0,1.0,193.58865248226948,231.7872340425532,-14.773049645390103,23.42553191489361,0.20579710144927535,0
0.16666666666666666,0.23333333333333334,0,0,11,11.0,1.0,194.73758865248226,229.97872340425533,-29.624113475177325,5.61702127659575,0.2028985507246377,0
0.16666666666666666,1.0333333333333334,0,0,0,0,0,231.9645390070922,128.46808510638297,-2.0992907801418426,-105.59574468085108,0.22705314009661837,0
1.0333333333333334,1.0333333333333334,0,0,6,6.0,1.0,230.94326241134752,161.43262411347519,-1.6524822695035368,-71.16312056737587,0.2318840579710145,0
1.0333333333333334,1.0333333333333334,0,6,7,2.0,0.25,230.74468085106386,173.00709219858155,153.95744680851067,96.21985815602835,0.23478260869565218,0
1.0333333333333334,1.0333333333333334,0,6,8,2.0,0.25,231.8794326241135,172.99290780141845,158.77304964539007,99.88652482269505,0.23671497584541062,0
0.5,1.0333333333333334,1,0,9,7.5,1.0,232.51063829787233,175.58156028368793,95.46808510638297,38.539007092198574,0.2396135265700483,0
0.3,1.0333333333333334,2,0,10,8.0,1.0,181.14893617021275,178.8368794326241,5.893617021276583,3.581560283687935,0.2396135265700483,0
0.26666666666666666,0.4666666666666667,0,0,11,11.0,1.0,219.21985815602838,172.20567375886526,-3.078014184397148,-50.09219858156027,0.21545893719806763,0
0.6333333333333333,0.5333333333333333,0,0,11,11.0,1.0,219.63829787234042,177.92198581560282,20.57446808510636,-21.141843971631232,0.21835748792270532,0
0.6333333333333333,0.6,0,9,11,2.0,0.375,219.89361702127658,168.53900709219857,65.89361702127658,14.539007092198574,0.21739130434782608,0
0.6666666666666666,0.6,0,9,11,2.0,0.4444444444444444,220.41843971631204,163.75886524822695,74.48226950354609,17.82269503546101,0.21835748792270532,0
0.4,0.6,0,0,11,8.0,1.0,213.92198581560282,168.05673758865248,24.51773049645388,-21.347517730496463,0.22028985507246376,0
0.4666666666666667,0.6,0,0,11,9.0,1.0,191.7872340425532,177.51773049645388,10.510638297872333,-3.758865248226982,0.22028985507246376,0
0.5,0.3,0,0,11,9.0,0.8333333333333334,166.33333333333334,190.06382978723403,3.2482269503546206,26.978723404255305,0.221256038647343,0
0.5,0.3,0,0,11,9.0,1.0,163.11347517730496,202.60992907801418,1.8581560283687963,41.35460992907801,0.22318840579710145,0
0.5,0.3,0,0,11,9.0,0.8333333333333334,172.20567375886526,213.11347517730496,5.269503546099315,46.17730496453902,0.22415458937198068,0
0.4666666666666667,0.3,0,0,11,8.0,0.8333333333333334,177.92198581560282,217.4964539007092,1.9432624113475185,41.51773049645391,0.22705314009661837,0
0.43333333333333335,0.3,0,0,11,7.0,1.0,168.5390070921986,218.8156028368794,-21.099290780141814,29.17730496453899,0.22705314009661837,0
0.36666666666666664,0.3,0,0,10,6.5,1.0,163.75886524822695,218.40425531914897,-40.815602836879435,13.829787234042584,0.22801932367149758,0
0.36666666666666664,0.3,0,0,9,7.5,1.0,168.05673758865245,219.13475177304963,-45.5602836879433,5.517730496453879,0.23091787439613526,0
0.23333333333333334,0.2,0,0,8,6.0,1.0,177.51773049645388,219.51773049645388,-43.6312056737589,-1.631205673758899,0.2318840579710145,0
0.3,0.7,0,0,11,11.0,1.0,220.4964539007092,163.68794326241132,-4.886524822695037,-61.695035460992926,0.22801932367149758,0
0.8666666666666667,0.7666666666666667,0,0,11,7.5,1.0,219.95744680851067,187.04255319148936,19.021276595744723,-13.893617021276583,0.22608695652173913,0
0.9,0.8333333333333334,0,12,11,2.0,0.3076923076923077,220.51063829787236,188.62411347517732,86.74468085106386,54.858156028368825,0.2222222222222222,0
0.9333333333333333,0.8333333333333334,0,12,11,2.0,0.35714285714285715,222.8368794326241,189.9290780141844,105.75177304964538,72.84397163120568,0.22028985507246376,0
0.5,0.8333333333333334,0,0,11,8.0,1.0,216.41134751773052,192.56028368794327,31.900709219858186,8.049645390070935,0.21739130434782608,0
0.5,0.8333333333333334,0,0,11,9.0,1.0,186.6950354609929,194.67375886524823,-2.773049645390074,5.2056737588652595,0.2144927536231884,0
0.43333333333333335,0.3,0,0,11,9.5,1.0,150.59574468085106,197.17021276595744,-36.55319148936172,10.021276595744666,0.21256038647342995,0
0.43333333333333335,0.3,0,0,11,9.0,0.8,145.1205673758865,207.31205673758868,-44.13475177304966,18.05673758865251,0.20966183574879227,0
0.4,0.3,0,0,11,9.0,1.0,163.68794326241135,218.14184397163118,-29.695035460992898,24.758865248226925,0.20676328502415459,0
0.4,0.3,0,0,11,8.0,1.0,187.04255319148936,226.9787234042553,-8.0,31.936170212765944,0.2038647342995169,0
0.4,0.3,0,0,11,7.0,1.0,188.6241134751773,227.76595744680853,-6.971631205673759,32.17021276595747,0.20096618357487922,0
0.4,0.3,0,0,11,6.0,0.75,189.9290780141844,227.92198581560282,-10.943262411347519,27.049645390070907,0.19806763285024154,0
0.2,0.3,0,0,11,11.0,1.0,192.56028368794327,228.60992907801418,-32.9078014184397,3.1418439716312037,0.1961352657004831,0
0.3,0.23333333333333334,0,0,11,11.0,1.0,226.93617021276597,163.8439716312057,0.04255319148938952,-63.04964539007088,0.1758454106280193,0
0.43333333333333335,0.26666666666666666,0,0,11,11.0,1.0,227.3049645390071,157.1631205673759,19.070921985815602,-51.0709219858156,0.1758454106280193,0
0.43333333333333335,0.3333333333333333,0,14,11,6.0,0.8,228.34751773049643,156.98581560283688,70.45390070921985,-0.9078014184397034,0.1748792270531401,0
0.5333333333333333,0.3333333333333333,2,0,11,7.0,1.0,228.354609929078,167.85815602836877,56.29078014184395,-4.205673758865288,0.17294685990338166,0
0.4666666666666667,0.3333333333333333,3,0,11,8.0,1.0,221.63829787234044,180.48936170212764,54.27659574468086,13.127659574468055,0.17101449275362318,0
0.5,0.3,3,0,11,8.0,0.8571428571428571,197.67375886524823,190.5886524822695,45.567375886524815,38.48226950354609,0.17004830917874397,0
0.5333333333333333,0.3,3,0,11,8.0,0.8571428571428571,179.3971631205674,197.8014184397163,27.375886524822704,45.78014184397159,0.17004830917874397,0
0.5333333333333333,0.3,0,0,11,8.5,1.0,165.77304964539007,207.85815602836882,-1.0567375886524815,41.02836879432627,0.17004830917874397,0
0.4666666666666667,0.3,0,0,11,8.0,1.0,163.84397163120568,218.77304964539007,-20.879432624113463,34.049645390070935,0.16908212560386474,0
0.43333333333333335,0.3,0,0,11,8.0,1.0,157.1631205673759,226.66666666666666,-32.75177304964538,36.75177304964538,0.16908212560386474,0
0.43333333333333335,0.3,0,0,11,7.5,1.0,156.98581560283688,229.97872340425533,-40.141843971631204,32.85106382978725,0.17004830917874397,0
0.36666666666666664,0.3,0,0,11,7.0,1.0,167.85815602836877,229.94326241134752,-38.503546099290816,23.581560283687935,0.17101449275362318,0
0.23333333333333334,0.23333333333333334,0,0,11,8.5,1.0,180.48936170212767,230.2127659574468,-39.595744680851055,10.127659574468083,0.17101449275362318,0
1.0,1.0,0,0,11,11.0,1.0,230.79432624113474,176.41843971631204,8.02836879432624,-46.34751773049646,0.1603864734299517,1
1.0333333333333334,1.0333333333333334,0,0,11,11.0,1.0,230.76595744680853,191.02127659574467,11.787234042553223,-27.95744680851064,0.1603864734299517,0
1.0333333333333334,1.0333333333333334,0,16,11,2.0,0.1,229.24113475177305,213.3758865248227,149.5177304964539,133.65248226950354,0.16135265700483092,0
1.0333333333333334,1.0333333333333334,8,15,11,2.0,0.0625,228.29787234042553,214.54609929078015,193.38297872340425,179.63120567375887,0.1642512077294686,0
0.9,1.0333333333333334,0,0,11,7.0,0.5,225.07801418439718,216.9148936170213,77.90780141843973,69.74468085106386,0.1671497584541063,0
0.13333333333333333,1.0333333333333334,0,0,11,11.0,1.0,175.4609929078014,220.8368794326241,-36.73049645390074,8.645390070921962,0.16908212560386474,0
0.23333333333333334,0.3333333333333333,0,0,11,11.0,1.0,230.51063829787233,166.53191489361703,0.6170212765957501,-63.361702127659555,0.19806763285024154,0
1.0333333333333334,0.3333333333333333,0,0,11,11.0,1.0,231.7163120567376,188.08510638297875,18.929078014184398,-24.702127659574444,0.19903381642512077,0
1.0333333333333334,0.3333333333333333,0,0,11,2.0,0.36363636363636365,232.10638297872342,185.4468085106383,112.70212765957449,66.04255319148938,0.2,0
1.0333333333333334,0.3333333333333333,1,0,11,6.0,0.5714285714285714,231.25531914893614,184.1843971631206,109.93617021276593,62.865248226950385,0.20096618357487922,0
0.3,0.3333333333333333,2,0,11,9.5,1.0,224.82978723404256,183.74468085106386,34.08510638297872,-6.999999999999972,0.2028985507246377,0
0.7333333333333333,0.7333333333333333,0,5,11,11.0,1.0,203.38297872340422,187.34751773049643,4.978723404255277,-11.05673758865251,0.2396135265700483,0
0.8333333333333334,0.8333333333333334,0,4,11,4.0,0.5,203.8014184397163,191.89361702127658,53.97163120567373,42.06382978723403,0.2396135265700483,0
0.8666666666666667,0.8333333333333334,0,4,11,2.0,0.3333333333333333,204.59574468085108,191.5390070921986,95.21276595744683,82.15602836879435,0.23864734299516907,0
0.4,0.8333333333333334,0,0,11,8.0,1.0,203.2695035460993,192.07801418439715,25.482269503546092,14.290780141843953,0.23671497584541062,0
0.4,0.8333333333333334,0,0,11,9.0,1.0,184.43262411347519,194.08510638297875,-8.226950354609926,1.4255319148936394,0.23478260869565218,0
0.4,0.3,0,0,11,10.0,1.0,152.53900709219857,198.85106382978722,-39.05673758865248,7.255319148936167,0.2318840579710145,0
0.4,0.3,0,0,11,10.0,1.0,145.66666666666666,208.05673758865248,-45.758865248226954,16.63120567375887,0.2289855072463768,0
0.4,0.3,0,0,11,9.0,1.0,159.94326241134752,218.1914893617021,-31.652482269503537,26.595744680851055,0.22608695652173913,0
0.4,0.3,0,0,11,9.0,1.0,187.34751773049643,225.86524822695037,-5.865248226950371,32.652482269503565,0.221256038647343,0
0.4,0.3,0,0,11,8.0,1.0,191.89361702127658,228.58865248226948,-5.553191489361723,31.141843971631175,0.21739130434782608,0
0.3333333333333333,0.3,0,0,11,9.0,1.0,191.5390070921986,228.9078014184397,-14.35460992907798,23.01418439716312,0.21642512077294687,0
0.26666666666666666,0.23333333333333334,0,0,11,11.0,1.0,192.07801418439718,228.6595744680851,-28.75177304964538,7.829787234042556,0.2135265700483092,0
0.2,1.0333333333333334,0,0,11,11.0,1.0,230.96453900709218,132.54609929078015,-4.865248226950371,-103.28368794326241,0.2570048309178744,0
1.0333333333333334,1.0333333333333334,0,0,11,11.0,1.0,230.8794326241135,163.61702127659575,17.943262411347547,-49.319148936170194,0.2589371980676328,0
1.0333333333333334,1.0333333333333334,0,4,11,2.0,0.25,231.5390070921986,168.6595744680851,106.49645390070924,43.61702127659575,0.2608695652173913,0
1.0333333333333334,1.0333333333333334,0,5,11,2.0,0.25,233.5531914893617,168.7304964539007,158.93617021276594,94.11347517730496,0.26280193236714977,0
0.3333333333333333,1.0333333333333334,1,5,11,9.5,1.0,227.57446808510636,169.81560283687944,74.55319148936167,16.79432624113474,0.2647342995169082,0
0.23333333333333334,1.0333333333333334,2,5,11,10.0,1.0,191.2695035460993,172.5886524822695,21.269503546099287,2.5886524822695094,0.26570048309178745,0
0.43333333333333335,0.4666666666666667,0,0,11,11.0,1.0,217.21985815602838,172.4964539007092,1.411347517730519,-43.31205673758865,0.22608695652173913,0
0.5666666666666667,0.5666666666666667,0,0,11,6.0,0.6666666666666666,217.58865248226948,177.12765957446808,37.6950354609929,-2.7659574468084998,0.22415458937198068,0
0.6,0.5666666666666667,0,7,11,1.5,0.375,217.70921985815605,175.75886524822695,82.68794326241135,40.73758865248226,0.22318840579710145,0
0.6,0.5666666666666667,0,0,11,6.5,0.8333333333333334,217.1914893617021,175.68085106382978,56.61702127659572,15.106382978723389,0.22415458937198068,0
0.36666666666666664,0.5666666666666667,0,0,11,8.0,1.0,204.4964539007092,177.43262411347519,23.687943262411352,-3.3758865248226755,0.22705314009661837,0
0.4,0.26666666666666666,0,0,11,9.0,1.0,176.9078014184397,180.27659574468086,0.8014184397162865,4.170212765957444,0.22801932367149758,0
0.4,0.26666666666666666,0,0,11,9.5,0.8333333333333334,158.4964539007092,188.2695035460993,-15.97163120567376,13.801418439716315,0.22801932367149758,0
0.4,0.26666666666666666,0,0,11,9.0,1.0,158.8014184397163,199.38297872340425,-17.900709219858186,22.680851063829778,0.2289855072463768,0
0.4,0.26666666666666666,0,0,11,9.0,0.8333333333333334,172.4964539007092,209.645390070922,-3.375886524822704,33.773049645390074,0.22995169082125605,0
0.4,0.26666666666666666,0,0,11,8.0,1.0,177.12765957446808,213.73049645390074,-2.5957446808510554,34.0070921985816,0.23091787439613526,0
0.4,0.26666666666666666,0,0,11,7.0,1.0,175.75886524822695,212.95744680851067,-9.475177304964546,27.723404255319167,0.2318840579710145,0
0.4,0.26666666666666666,0,0,11,6.0,1.0,175.68085106382978,212.354609929078,-24.170212765957444,12.503546099290787,0.23285024154589373,0
0.2,0.26666666666666666,0,0,11,11.0,1.0,177.43262411347519,213.56028368794327,-35.63120567375887,0.4964539007092128,0.23381642512077294,0
0.7666666666666667,0.7333333333333333,0,0,11,10.0,1.0,217.1205673758865,171.65248226950357,-4.4751773049645465,-49.94326241134749,0.23091787439613526,0
0.8666666666666667,0.8333333333333334,0,0,11,6.0,0.5,218.88652482269504,187.52482269503548,51.24822695035462,19.886524822695065,0.22705314009661837,0
0.9333333333333333,0.8333333333333334,0,10,11,2.5,0.3333333333333333,220.65248226950357,190.75886524822695,93.6099290780142,63.71631205673759,0.221256038647343,0
0.9333333333333333,0.8333333333333334,0,0,11,6.5,0.625,221.8794326241135,193.96453900709218,76.81560283687944,48.90070921985813,0.21835748792270532,0
0.5,0.8333333333333334,0,0,11,8.0,1.0,204.00709219858155,195.8368794326241,19.858156028368768,11.687943262411324,0.21545893719806763,0
0.4666666666666667,0.3,0,0,11,8.0,0.8,172.0921985815603,199.0921985815603,-13.652482269503537,13.347517730496463,0.2135265700483092,0
0.36666666666666664,0.3,0,0,11,9.0,0.8,146.58156028368796,205.60283687943263,-46.099290780141814,12.921985815602852,0.2106280193236715,0
0.36666666666666664,0.3,0,0,11,9.0,0.8,152.08510638297875,217.8794326241135,-41.76595744680847,24.02836879432627,0.20772946859903382,0
0.36666666666666664,0.3,0,0,11,9.0,0.8,171.65248226950357,228.0709219858156,-23.70921985815602,32.70921985815602,0.20483091787439614,0
0.36666666666666664,0.3,0,0,11,8.0,1.0,187.52482269503548,234.20567375886526,-10.773049645390046,35.90780141843973,0.20096618357487922,0
0.3333333333333333,0.3,0,0,11,7.0,1.0,190.75886524822695,233.177304964539,-12.858156028368796,29.56028368794324,0.19903381642512077,0
0.26666666666666666,0.23333333333333334,0,0,11,6.0,0.75,193.96453900709218,232.02127659574467,-20.929078014184398,17.127659574468083,0.1961352657004831,0
0.13333333333333333,0.2,0,0,11,6.5,0.5,195.8368794326241,230.7872340425532,-39.29078014184398,-4.340425531914889,0.19420289855072465,0
0.2,0.2,0,0,11,11.0,1.0,232.26241134751774,186.13475177304963,0.6666666666666856,-45.460992907801426,0.16908212560386474,0
0.3,0.23333333333333334,0,0,11,11.0,1.0,231.69503546099293,196.60283687943263,11.673758865248232,-23.418439716312065,0.16908212560386474,0
0.3333333333333333,0.26666666666666666,0,12,11,6.0,0.75,230.48226950354612,194.97872340425533,41.82269503546101,6.319148936170222,0.1671497584541063,0
0.4,0.3333333333333333,0,12,11,7.0,0.8,230.2482269503546,194.14184397163123,67.60992907801418,31.503546099290816,0.16618357487922705,0
0.36666666666666664,0.3333333333333333,0,0,11,8.0,1.0,227.14184397163123,194.95035460992906,28.503546099290816,-3.687943262411352,0.16521739130434782,0
0.4,0.3333333333333333,0,0,11,8.0,1.0,213.42553191489364,197.43262411347519,16.297872340425556,0.3049645390071021,0.1642512077294686,0
0.36666666666666664,0.3,0,0,11,9.0,1.0,190.43971631205673,202.39716312056737,-3.6028368794326298,8.35460992907801,0.1642512077294686,0
0.36666666666666664,0.3,0,0,11,9.0,1.0,183.31205673758868,213.177304964539,-10.453900709219823,19.41134751773049,0.1642512077294686,0
0.4,0.3,0,0,11,8.0,1.0,186.13475177304963,224.42553191489364,-8.48226950354612,29.80851063829789,0.16521739130434782,0
0.43333333333333335,0.3,0,0,11,7.0,1.0,196.60283687943263,232.66666666666666,0.13475177304965769,36.198581560283685,0.16521739130434782,0
0.4,0.3,0,0,11,7.0,1.0,194.97872340425533,233.7304964539007,-6.234042553191472,32.51773049645391,0.16618357487922705,0
0.3333333333333333,0.3,0,0,11,6.0,1.0,194.14184397163118,232.1985815602837,-15.368794326241158,22.68794326241138,0.16618357487922705,0
0.2,0.23333333333333334,0,0,11,11.0,1.0,194.95035460992906,230.58156028368793,-33.858156028368796,1.7730496453900741,0.1671497584541063,0
0.36666666666666664,1.0,0,0,11,8.5,1.0,231.36170212765956,156.87234042553192,-0.8723404255319451,-75.36170212765958,0.1758454106280193,1
0.6333333333333333,1.0333333333333334,0,0,11,8.5,1.0,233.63829787234044,153.63829787234042,0.14893617021277805,-79.85106382978725,0.2289855072463768,0
1.0333333333333334,1.0333333333333334,0,0,11,9.0,1.0,234.43262411347519,193.11347517730496,60.773049645390074,19.45390070921985,0.22608695652173913,0
1.0333333333333334,1.0333333333333334,0,15,11,2.0,0.25,235.1631205673759,190.48226950354606,151.80141843971631,107.1205673758865,0.2251207729468599,0
1.0333333333333334,1.0333333333333334,0,14,11,2.0,0.2857142857142857,234.72340425531914,188.9290780141844,162.40425531914894,116.60992907801419,0.2251207729468599,0
0.26666666666666666,1.0333333333333334,1,0,11,9.0,1.0,213.94326241134752,189.20567375886526,18.156028368794324,-6.581560283687935,0.2251207729468599,0
0.26666666666666666,0.7333333333333333,2,0,11,10.0,1.0,163.5035460992908,192.60992907801418,-29.304964539007074,-0.19858156028368512,0.2251207729468599,0
0.2,0.6666666666666666,0,0,11,11.0,1.0,227.8794326241135,170.95744680851064,4.241134751773075,-52.68085106382978,0.20193236714975846,0
0.8666666666666667,0.7333333333333333,0,0,11,11.0,1.0,226.93617021276597,186.2127659574468,38.10638297872342,-2.61702127659575,0.20096618357487922,0
0.9333333333333333,0.7666666666666667,0,11,11,1.5,0.25,225.8014184397163,187.77304964539007,127.2269503546099,89.19858156028369,0.2,0
0.9333333333333333,0.7666666666666667,0,0,11,6.0,0.5714285714285714,224.6312056737589,189.18439716312056,83.92907801418443,48.48226950354609,0.19903381642512077,0
0.4,0.8,0,0,11,9.5,1.0,212.26241134751774,192.90780141843973,28.87943262411349,9.524822695035482,0.19903381642512077,0
0.4,0.3,2,0,11,10.0,1.0,170.34751773049643,198.38297872340425,-18.43971631205676,9.595744680851055,0.19903381642512077,0
0.4,0.26666666666666666,1,0,11,9.0,1.0,142.70212765957447,204.56028368794327,-43.7659574468085,18.092198581560297,0.2,0
0.43333333333333335,0.26666666666666666,0,0,11,9.0,1.0,140.88652482269504,213.82978723404256,-47.17730496453902,25.7659574468085,0.20096618357487922,0
0.4,0.26666666666666666,0,0,11,9.0,1.0,170.95744680851064,222.38297872340425,-22.063829787234056,29.361702127659555,0.20193236714975846,0
0.36666666666666664,0.26666666666666666,0,0,11,8.0,1.0,186.2127659574468,228.3049645390071,-11.425531914893611,30.666666666666686,0.2028985507246377,0
0.3333333333333333,0.26666666666666666,0,0,11,9.0,1.0,187.77304964539007,228.8014184397163,-16.716312056737593,24.31205673758862,0.2038647342995169,0
0.26666666666666666,0.26666666666666666,0,0,11,11.0,1.0,189.1843971631206,227.0354609929078,-22.3687943262411,15.482269503546092,0.20483091787439614,0
0.16666666666666666,0.2,0,0,11,11.0,1.0,192.9078014184397,225.19858156028366,-32.5390070921986,-0.24822695035464903,0.20579710144927535,0
0.2,0.6333333333333333,0,0,11,8.5,1.0,222.89361702127658,169.47517730496455,7.446808510638277,-45.97163120567376,0.2106280193236715,0
0.7,0.6666666666666666,0,0,11,11.0,1.0,220.95744680851064,176.7872340425532,11.936170212765944,-32.2340425531915,0.2106280193236715,0
0.7333333333333333,0.7,0,7,11,1.0,0.36363636363636365,219.20567375886526,178.70212765957444,108.20567375886526,67.70212765957444,0.2106280193236715,0
0.5333333333333333,0.7,0,0,11,7.0,0.8,217.46808510638297,177.54609929078015,59.978723404255305,20.05673758865248,0.20966183574879227,0
0.43333333333333335,0.7,0,0,11,8.0,1.0,214.02836879432627,178.19148936170214,39.70921985815605,3.8723404255319167,0.20869565217391303,0
0.43333333333333335,0.3,0,0,11,9.0,1.0,178.48936170212767,186.177304964539,1.8723404255319167,9.56028368794324,0.20772946859903382,0
0.43333333333333335,0.3,0,0,11,10.0,1.0,159.17021276595744,201.39716312056737,-20.255319148936167,21.97163120567376,0.20579710144927535,0
0.43333333333333335,0.3,0,0,11,10.0,1.0,147.60283687943263,217.12765957446808,-32.460992907801426,37.06382978723403,0.2038647342995169,0
0.43333333333333335,0.3,0,0,11,9.0,1.0,169.47517730496455,226.30496453900707,-3.6737588652482316,53.156028368794296,0.20193236714975846,0
0.4,0.3,0,0,11,8.0,1.0,176.7872340425532,230.56737588652481,-4.574468085106389,49.20567375886523,0.19903381642512077,0
0.3333333333333333,0.3,0,0,11,7.0,1.0,178.70212765957447,232.02127659574467,-25.319148936170222,27.99999999999997,0.19516908212560385,0
0.3,0.26666666666666666,0,0,11,6.0,1.0,177.54609929078015,232.85106382978722,-41.26241134751771,14.042553191489361,0.1932367149758454,0
0.2,0.2,0,0,10,10.0,1.0,178.19148936170214,233.26241134751774,-50.361702127659555,4.709219858156047,0.19130434782608696,0
0.6,0.8666666666666667,0,0,8,7.0,1.0,234.7375886524823,155.6595744680851,0.26950354609931537,-78.80851063829786,0.19033816425120773,0
0.9,0.9,0,0,9,7.0,0.6666666666666666,235.84397163120568,167.07801418439718,56.63120567375887,-12.13475177304963,0.19130434782608696,0
0.9333333333333333,0.9333333333333333,0,7,10,1.0,0.23076923076923078,235.9716312056738,168.24113475177305,147.3758865248227,79.64539007092198,0.1932367149758454,0
0.9333333333333333,0.9666666666666667,0,0,11,6.0,0.5714285714285714,235.19858156028366,175.0921985815603,102.87943262411343,42.773049645390074,0.19516908212560385,0
0.4,0.9666666666666667,0,0,11,7.5,1.0,216.3049645390071,183.531914893617,45.87943262411349,13.106382978723389,0.19516908212560385,0
0.4,0.3,0,0,11,8.0,1.0,167.42553191489364,191.70921985815605,3.191489361702139,27.475177304964546,0.1961352657004831,0
0.4,0.26666666666666666,0,0,11,8.0,1.0,133.3758865248227,200.32624113475177,-33.198581560283685,33.75177304964538,0.19806763285024154,0
0.36666666666666664,0.26666666666666666,0,0,11,8.5,1.0,130.4468085106383,209.99290780141845,-43.46808510638297,36.078014184397176,0.19806763285024154,0
0.3333333333333333,0.26666666666666666,0,0,11,8.0,1.0,155.6595744680851,218.56028368794327,-29.127659574468083,33.773049645390074,0.19806763285024154,0
0.3333333333333333,0.26666666666666666,0,0,11,7.0,1.0,167.07801418439718,222.92907801418437,-24.815602836879407,31.035460992907787,0.2,0
0.3,0.26666666666666666,0,0,11,9.0,1.0,168.24113475177305,223.15602836879432,-30.20567375886526,24.70921985815602,0.20096618357487922,0
0.26666666666666666,0.23333333333333334,0,0,11,8.5,1.0,175.0921985815603,221.85815602836882,-35.54609929078012,11.219858156028408,0.2,0
0.43333333333333335,0.23333333333333334,0,0,11,11.0,1.0,226.34751773049643,167.79432624113477,3.2198581560283515,-55.333333333333314,0.178743961352657,0
0.5,0.26666666666666666,0,10,11,6.0,0.8,226.29078014184395,162.95035460992906,47.20567375886523,-16.134751773049658,0.17681159420289855,0
0.5333333333333333,0.26666666666666666,0,10,11,7.0,0.8,227.07092198581563,168.4964539007092,63.11347517730499,4.539007092198574,0.1758454106280193,0
0.4666666666666667,0.3,2,0,11,8.0,1.0,225.6950354609929,179.645390070922,43.54609929078012,-2.503546099290787,0.1748792270531401,0
0.5333333333333333,0.3,9,0,11,9.0,1.0,210.11347517730496,188.76595744680853,44.11347517730496,22.765957446808528,0.17391304347826086,0
0.5666666666666667,0.3,9,0,11,8.0,0.8333333333333334,188.72340425531914,196.97872340425533,33.48936170212764,41.74468085106383,0.1748792270531401,0
0.5,0.3,8,0,11,8.0,0.8333333333333334,175.06382978723408,207.645390070922,7.446808510638334,40.02836879432624,0.17681159420289855,0
0.5,0.3,2,0,11,7.5,0.8333333333333334,170.70212765957447,217.7517730496454,-11.936170212765944,35.11347517730499,0.178743961352657,0
0.4666666666666667,0.26666666666666666,0,0,11,7.5,1.0,167.79432624113477,224.07092198581563,-20.88652482269501,35.39007092198585,0.18164251207729468,0
0.43333333333333335,0.26666666666666666,0,0,11,6.0,0.8,162.95035460992906,225.6950354609929,-32.02836879432624,30.716312056737593,0.1855072463768116,0
0.3333333333333333,0.23333333333333334,0,0,11,6.0,0.6666666666666666,168.4964539007092,225.7375886524823,-38.78014184397165,18.460992907801426,0.19033816425120773,0
0.7333333333333333,0.6333333333333333,0,0,9,6.0,1.0,220.39716312056737,185.5886524822695,4.5248226950354535,-30.283687943262407,0.21835748792270532,0
0.7666666666666667,0.6666666666666666,0,4,8,2.0,0.42857142857142855,221.5035460992908,184.39716312056737,56.90780141843973,19.801418439716315,0.21739130434782608,0
0.8,0.7,0,12,8,2.0,0.4166666666666667,223.4964539007092,185.6595744680851,107.58156028368793,69.74468085106383,0.21835748792270532,0
0.43333333333333335,0.7,0,0,9,7.0,1.0,222.17021276595744,188.39716312056737,32.72340425531914,-1.0496453900709355,0.21642512077294687,0
0.4666666666666667,0.7,0,0,10,8.0,1.0,202.22695035460993,191.81560283687944,17.567375886524815,7.156028368794324,0.2144927536231884,0
0.4666666666666667,0.3,0,0,11,9.0,1.0,165.4609929078014,197.73758865248226,-17.198581560283714,15.078014184397148,0.2144927536231884,0
0.43333333333333335,0.3,0,0,11,10.0,1.0,156.65248226950354,207.66666666666666,-29.21985815602838,21.79432624113474,0.2135265700483092,0
0.43333333333333335,0.3,0,0,11,10.0,1.0,163.34042553191492,219.27659574468086,-25.10638297872339,30.829787234042556,0.21159420289855072,0
0.43333333333333335,0.3,0,0,11,9.0,1.0,185.5886524822695,226.85106382978725,-5.283687943262407,35.978723404255334,0.20772946859903382,0
0.4,0.3,0,0,11,8.0,1.0,184.39716312056737,231.0283687943262,-11.730496453900713,34.90070921985813,0.2028985507246377,0
0.3333333333333333,0.26666666666666666,0,0,11,7.0,1.0,185.6595744680851,231.82978723404256,-20.553191489361694,25.61702127659575,0.19903381642512077,0
0.26666666666666666,0.23333333333333334,0,0,11,6.0,1.0,188.39716312056737,232.41843971631207,-32.26241134751774,11.758865248226954,0.1961352657004831,0
0.2,0.2,0,0,11,11.0,1.0,191.81560283687944,231.2482269503546,-39.141843971631204,0.2907801418439533,0.19227053140096617,0
0.16666666666666666,0.2,0,0,11,11.0,1.0,229.4468085106383,190.58156028368793,-4.425531914893611,-43.29078014184398,0.1323671497584541,0
0.3,0.23333333333333334,0,0,11,11.0,1.0,231.58865248226948,193.9645390070922,8.673758865248203,-28.950354609929065,0.1323671497584541,0
0.4,0.3,0,3,11,6.0,1.0,233.04964539007094,193.1843971631206,41.79432624113477,1.9290780141844266,0.13043478260869565,0
0.43333333333333335,0.3,0,0,11,7.0,1.0,233.41134751773052,192.42553191489364,49.45390070921988,8.468085106383,0.1323671497584541,0
0.4,0.3,0,0,11,8.0,1.0,229.85106382978725,192.7163120567376,35.27659574468086,-1.8581560283687963,0.1323671497584541,0
0.4,0.3,0,0,11,9.0,1.0,216.01418439716312,196.2624113475177,22.801418439716315,3.049645390070907,0.13043478260869565,0
0.4,0.3,0,0,11,9.0,1.0,199.37588652482268,204.70212765957444,5.2695035460992585,10.595744680851027,0.1285024154589372,0
0.43333333333333335,0.3,0,0,11,9.0,1.0,189.92907801418437,215.9645390070922,-2.3049645390071305,23.730496453900713,0.12560386473429952,0
0.43333333333333335,0.3,0,0,11,8.0,1.0,190.58156028368796,224.87234042553192,-0.3546099290779807,33.93617021276597,0.12560386473429952,0
0.4,0.3,0,0,11,8.0,1.0,193.9645390070922,228.61702127659575,-1.014184397163092,33.638297872340445,0.12560386473429952,0
0.36666666666666664,0.3,0,0,11,7.0,1.0,193.18439716312056,228.8014184397163,-9.687943262411352,25.92907801418437,0.12657004830917876,0
0.3,0.3,0,0,11,6.0,1.0,192.42553191489364,229.81560283687944,-23.829787234042527,13.560283687943269,0.12657004830917876,0
0.16666666666666666,0.23333333333333334,0,0,11,11.0,1.0,192.71631205673756,231.14184397163123,-36.049645390070935,2.3758865248227323,0.12657004830917876,0
1.0,1.0,0,0,0,0,0,234.39716312056737,184.65248226950357,3.9078014184397034,-45.8368794326241,0.12077294685990338,1
0.7333333333333333,0.5,0,6,11,11.0,1.0,203.0283687943262,191.86524822695037,2.4539007092198233,-8.709219858156018,0.1603864734299517,0
1.0333333333333334,0.5,0,5,11,11.0,1.0,200.60992907801418,223.57446808510636,59.07801418439715,82.04255319148933,0.15942028985507245,0
1.0333333333333334,0.5,0,4,11,1.0,0.08333333333333333,198.98581560283688,227.69503546099293,104.30496453900709,133.01418439716315,0.15845410628019324,0
1.0333333333333334,0.5,0,3,11,2.0,0.2,198.9078014184397,229.61702127659575,63.41843971631204,94.12765957446808,0.157487922705314,0
0.26666666666666666,0.5,0,0,11,11.0,1.0,180.14893617021278,228.51063829787233,-38.44680851063828,9.914893617021278,0.1565217391304348,0
0.36666666666666664,0.2,2,0,11,6.5,1.0,215.14893617021275,185.709219858156,33.14893617021275,3.70921985815599,0.16908212560386474,0
0.43333333333333335,0.2,2,0,11,4.0,0.8,204.57446808510636,198.34751773049643,23.87234042553189,17.645390070921962,0.17101449275362318,0
0.4,0.2,3,0,11,6.0,1.0,195.85815602836877,211.51063829787236,15.070921985815573,30.723404255319167,0.17294685990338166,0
0.3333333333333333,0.2,3,0,11,5.5,1.0,189.1205673758865,221.86524822695037,7.16312056737587,39.90780141843973,0.1758454106280193,0
0.4,0.23333333333333334,0,0,11,8.5,1.0,220.4609929078014,188.94326241134752,4.3758865248226755,-27.141843971631204,0.17198067632850242,0
0.4666666666666667,0.23333333333333334,0,0,11,6.0,0.6666666666666666,220.5035460992908,188.74468085106386,16.184397163120565,-15.57446808510636,0.17004830917874397,0
0.5,0.26666666666666666,0,0,11,6.5,0.75,220.2127659574468,190.4964539007092,29.893617021276583,0.17730496453899036,0.1671497584541063,0
0.43333333333333335,0.26666666666666666,0,0,11,8.0,1.0,219.01418439716312,193.3049645390071,29.29078014184398,3.5815602836879634,0.1642512077294686,0
0.43333333333333335,0.26666666666666666,0,0,11,8.0,0.8,213.87234042553192,187.58156028368796,24.595744680851055,-1.695035460992898,0.16231884057971013,0
0.4666666666666667,0.26666666666666666,0,0,11,8.0,0.8,203.57446808510636,192.6241134751773,15.744680851063805,4.7943262411347405,0.1603864734299517,0
0.43333333333333335,0.26666666666666666,0,0,11,8.0,0.8,194.7872340425532,202.7163120567376,5.659574468085111,13.58865248226951,0.157487922705314,0
0.4,0.3333333333333333,0,0,11,7.5,1.0,189.77304964539007,222.14184397163118,-4.758865248226954,27.609929078014147,0.15458937198067632,0
0.43333333333333335,0.3333333333333333,0,0,11,6.5,1.0,188.94326241134752,229.07801418439718,-7.312056737588648,32.82269503546101,0.15265700483091788,0
0.4,0.3,16,0,11,6.0,0.75,188.74468085106386,230.4609929078014,16.787234042553223,58.50354609929076,0.15072463768115943,0
0.3333333333333333,0.3,0,0,11,6.5,0.5,190.4964539007092,230.29078014184395,-19.1631205673759,20.631205673758842,0.14879227053140096,0
0.16666666666666666,0.23333333333333334,0,0,11,11.0,1.0,193.3049645390071,229.63829787234042,-33.226950354609926,3.1063829787233885,0.14782608695652175,0
0.3333333333333333,0.2,0,0,11,8.0,1.0,228.95744680851067,189.8368794326241,2.446808510638334,-36.67375886524823,0.16135265700483092,0
0.4,0.26666666666666666,0,0,11,6.0,1.0,227.9787234042553,189.57446808510636,13.19148936170211,-25.212765957446834,0.16231884057971013,0
0.43333333333333335,0.26666666666666666,0,0,11,6.0,1.0,227.31205673758868,189.81560283687944,28.01418439716315,-9.482269503546092,0.16231884057971013,0
0.43333333333333335,0.26666666666666666,0,0,11,7.0,1.0,226.90070921985816,189.85815602836877,35.51773049645391,-1.524822695035482,0.16328502415458937,0
0.4666666666666667,0.3,0,0,11,8.0,1.0,222.89361702127658,186.7517730496454,34.34042553191489,-1.8014184397162865,0.1642512077294686,0
0.43333333333333335,0.3,0,0,11,9.0,1.0,213.53191489361703,166.95035460992906,23.95744680851064,-22.624113475177325,0.16328502415458937,0
0.4666666666666667,0.3,0,0,11,10.0,1.0,201.822695035461,167.93617021276597,11.226950354609954,-22.659574468085083,0.16328502415458937,0
0.4666666666666667,0.3,0,0,11,9.0,1.0,193.07801418439715,183.86524822695037,3.8014184397162865,-5.411347517730491,0.1642512077294686,0
0.5,0.6,0,0,11,8.0,0.8333333333333334,189.8368794326241,217.03546099290782,0.13475177304962926,27.333333333333343,0.1642512077294686,0
0.7,0.5666666666666667,0,0,11,7.5,1.0,189.57446808510636,228.89361702127658,8.2978723404255,47.61702127659572,0.16328502415458937,0
0.6666666666666666,0.5666666666666667,16,0,11,3.5,0.5,189.8156028368794,228.85106382978725,59.94326241134749,98.97872340425533,0.16231884057971013,0
0.6,0.5333333333333333,0,0,11,8.5,1.0,189.85815602836882,228.645390070922,-2.8014184397162865,35.98581560283688,0.16135265700483092,0
0.2,0.5,0,0,11,11.0,1.0,186.7517730496454,229.04255319148933,-42.31205673758865,-0.02127659574472318,0.1603864734299517,0
0.36666666666666664,0.23333333333333334,0,0,11,6.5,0.5,231.70212765957444,194.41134751773052,9.34042553191486,-27.950354609929065,0.13719806763285025,0
0.43333333333333335,0.26666666666666666,0,0,11,6.0,0.75,231.20567375886526,193.88652482269504,25.269503546099315,-12.049645390070907,0.13526570048309178,0
0.4666666666666667,0.26666666666666666,0,0,11,7.0,1.0,229.7872340425532,193.46808510638297,33.829787234042556,-2.489361702127667,0.13429951690821257,0
0.36666666666666664,0.26666666666666666,0,0,11,7.5,1.0,226.7517730496454,195.4113475177305,32.45390070921988,1.113475177304963,0.13429951690821257,0
0.36666666666666664,0.26666666666666666,0,0,11,8.0,1.0,218.9148936170213,188.9716312056738,23.80851063829789,-6.134751773049629,0.13429951690821257,0
0.43333333333333335,0.26666666666666666,0,0,11,9.0,1.0,208.0851063829787,188.8014184397163,14.255319148936138,-5.028368794326269,0.13333333333333333,0
0.43333333333333335,0.26666666666666666,0,0,11,9.0,1.0,198.7304964539007,199.72340425531914,6.007092198581574,7.0,0.13333333333333333,0
0.43333333333333335,0.3333333333333333,0,0,11,8.5,1.0,195.1205673758865,219.42553191489364,1.269503546099287,25.574468085106417,0.13429951690821257,0
0.43333333333333335,0.3333333333333333,0,0,11,8.0,1.0,194.41134751773052,231.87234042553192,-5.248226950354592,32.212765957446805,0.13526570048309178,0
0.4,0.3,12,0,11,7.0,0.75,193.88652482269504,231.7446808510638,20.482269503546092,58.34042553191486,0.13526570048309178,0
0.3333333333333333,0.26666666666666666,13,0,11,6.0,0.75,193.46808510638297,231.04964539007088,0.1276595744680833,37.70921985815599,0.13526570048309178,0
0.13333333333333333,0.23333333333333334,0,0,11,11.0,1.0,195.4113475177305,230.12765957446808,-37.01418439716312,-2.2978723404255277,0.13526570048309178,0
0.16666666666666666,0.23333333333333334,0,0,11,11.0,1.0,188.9716312056738,228.68085106382978,-43.539007092198545,-3.8297872340425556,0.13429951690821257,0
0.26666666666666666,0.2,0,0,11,11.0,1.0,229.6312056737589,193.290780141844,-0.4113475177304622,-36.75177304964535,0.15942028985507245,0
0.36666666666666664,0.23333333333333334,0,0,11,6.0,1.0,229.42553191489364,189.36170212765956,13.382978723404278,-26.680851063829806,0.16135265700483092,0
0.36666666666666664,0.23333333333333334,0,0,11,7.0,0.8,229.38297872340425,187.33333333333334,26.744680851063833,-15.304964539007074,0.16231884057971013,0
0.4,0.26666666666666666,0,0,11,8.0,1.0,229.468085106383,187.4468085106383,32.80851063829789,-9.212765957446805,0.1642512077294686,0
0.43333333333333335,0.26666666666666666,0,0,11,9.0,1.0,225.33333333333334,176.1205673758865,31.524822695035482,-17.687943262411352,0.16521739130434782,0
0.43333333333333335,0.26666666666666666,0,0,11,9.0,1.0,216.24113475177305,157.87234042553192,26.8368794326241,-31.531914893617028,0.1671497584541063,0
0.4,0.26666666666666666,0,0,11,8.5,0.8333333333333334,205.11347517730496,152.23404255319147,20.241134751773046,-32.638297872340445,0.16908212560386474,0
0.4,0.26666666666666666,0,0,11,8.0,0.8333333333333334,197.70212765957447,177.8014184397163,9.978723404255334,-9.921985815602852,0.17101449275362318,0
0.8333333333333334,0.8333333333333334,0,0,11,8.0,0.8,193.29078014184395,208.87234042553192,3.54609929078012,19.127659574468083,0.17391304347826086,0
0.8666666666666667,0.8333333333333334,0,0,11,7.0,0.8,189.36170212765958,226.3049645390071,38.468085106383,75.41134751773052,0.1758454106280193,0
0.8333333333333334,0.8,10,0,11,1.0,0.2727272727272727,187.33333333333334,225.0709219858156,54.35460992907804,92.0921985815603,0.17777777777777778,0
0.8,0.8,0,0,11,6.0,0.6666666666666666,187.4468085106383,223.2624113475177,14.61702127659575,50.43262411347516,0.17777777777777778,0
0.36666666666666664,0.2,0,0,6,6.0,1.0,216.94326241134752,174.3049645390071,-2.5248226950354535,-45.16312056737587,0.19806763285024154,0
0.4,0.26666666666666666,0,0,7,7.0,0.6666666666666666,218.48936170212767,171.31914893617022,12.468085106382972,-34.70212765957447,0.19903381642512077,0
0.4666666666666667,0.26666666666666666,0,0,8,6.0,0.8,220.2127659574468,172.7446808510638,32.46808510638297,-15.000000000000028,0.2,0
0.5,0.26666666666666666,0,0,9,7.0,0.8333333333333334,221.5531914893617,175.9007092198582,41.531914893617,-4.120567375886509,0.20193236714975846,0
0.5333333333333333,0.3,0,0,10,7.5,0.8333333333333334,215.92198581560285,171.70212765957447,44.007092198581574,-0.2127659574468055,0.20193236714975846,0
0.5666666666666667,0.3,0,0,11,8.5,0.8333333333333334,204.41134751773052,156.3758865248227,33.432624113475214,-14.602836879432601,0.2028985507246377,0
0.5333333333333333,0.3,0,0,11,9.0,0.8333333333333334,191.26241134751774,153.57446808510636,20.198581560283685,-17.489361702127695,0.20579710144927535,0
0.43333333333333335,0.3,0,0,11,10.0,1.0,179.89361702127658,172.0,3.702127659574444,-4.191489361702139,0.20869565217391303,0
0.6333333333333333,0.6,0,0,11,9.0,1.0,174.30496453900707,200.85106382978725,-6.141843971631232,20.404255319148945,0.21159420289855072,0
0.6333333333333333,0.5666666666666667,0,0,11,8.0,1.0,171.31914893617022,215.9716312056738,12.85106382978725,57.503546099290816,0.21159420289855072,0
0.5666666666666667,0.5666666666666667,7,0,11,3.5,0.5,172.74468085106386,216.04964539007094,42.531914893617056,85.83687943262413,0.2135265700483092,0
0.5666666666666667,0.5333333333333333,0,0,11,6.0,1.0,175.90070921985816,213.88652482269504,3.8581560283687963,41.843971631205676,0.21739130434782608,0
0.2,0.5,0,0,11,11.0,1.0,171.70212765957447,210.82978723404256,-42.04255319148936,-2.914893617021278,0.21835748792270532,0
0.36666666666666664,0.23333333333333334,0,0,11,11.0,1.0,209.54609929078015,167.0709219858156,6.907801418439732,-35.567375886524815,0.25217391304347825,0
0.4,0.3,0,0,11,6.0,0.75,209.48226950354606,165.97872340425533,20.822695035460953,-22.680851063829778,0.25217391304347825,0
0.43333333333333335,0.3,0,0,11,7.0,1.0,207.7304964539007,165.80141843971634,31.666666666666657,-10.262411347517713,0.25024154589371983,0
0.4,0.3,0,0,11,8.0,1.0,205.5035460992908,160.01418439716312,36.43971631205673,-9.049645390070935,0.25024154589371983,0
0.4,0.3,0,0,11,9.0,1.0,199.48936170212767,141.0567375886525,32.85106382978725,-25.581560283687907,0.2492753623188406,0
0.43333333333333335,0.3,5,0,11,9.0,1.0,189.1205673758865,124.08510638297872,23.609929078014176,-41.42553191489361,0.2463768115942029,0
0.4,0.3,5,0,11,9.0,1.0,177.9290780141844,148.822695035461,12.141843971631204,-16.964539007092185,0.242512077294686,0
0.4666666666666667,1.0,5,0,11,8.0,1.0,170.5886524822695,189.01418439716312,4.482269503546092,22.907801418439703,0.24057971014492754,0
1.0,1.0,5,0,11,8.0,1.0,167.0709219858156,227.0,18.921985815602824,78.85106382978722,0.242512077294686,0
1.0,1.0,5,0,11,2.0,0.3333333333333333,165.97872340425533,228.93617021276597,57.063829787234056,120.0212765957447,0.24444444444444444,0
0.9333333333333333,1.0,4,0,11,2.0,0.23076923076923078,165.80141843971631,228.24113475177305,50.60992907801419,113.04964539007092,0.24444444444444444,0
0.2,1.0,0,0,11,7.0,0.5,160.01418439716315,227.75886524822695,-62.347517730496435,5.39716312056737,0.24541062801932367,0
0.2,0.8666666666666667,0,0,11,11.0,1.0,141.05673758865248,227.3049645390071,-88.43262411347519,-2.1843971631205648,0.2463768115942029,0
1.0,1.0,0,0,9,9.0,1.0,227.12765957446808,196.68085106382978,7.085106382978722,-23.361702127659584,0.1468599033816425,1
0.5333333333333333,0.3333333333333333,0,0,9,6.0,1.0,232.86524822695037,179.86524822695037,28.652482269503565,-24.347517730496435,0.15458937198067632,1
0.6,0.36666666666666664,0,0,10,6.0,0.8,230.36170212765956,181.48936170212767,43.42553191489361,-5.446808510638277,0.17391304347826086,0
0.5666666666666667,0.36666666666666664,0,0,11,5.5,0.8333333333333334,226.17021276595744,188.65248226950357,44.46808510638297,6.950354609929093,0.19033816425120773,0
0.5,0.36666666666666664,0,0,11,5.0,0.8333333333333334,216.645390070922,195.6950354609929,34.858156028368796,13.907801418439703,0.2038647342995169,0
0.5333333333333333,0.23333333333333334,0,0,10,5.0,0.8333333333333334,203.8794326241135,199.6595744680851,25.83687943262413,21.61702127659575,0.21545893719806763,0
0.5333333333333333,0.23333333333333334,0,0,9,6.0,1.0,190.95035460992906,196.0921985815603,11.184397163120565,16.326241134751797,0.22415458937198068,0
0.5,0.23333333333333334,0,0,8,5.0,1.0,183.47517730496452,185.3687943262411,-3.184397163120593,-1.2907801418440101,0.23091787439613526,0
0.43333333333333335,0.3,0,0,7,5.5,1.0,180.51063829787233,168.56028368794327,-19.021276595744695,-30.97163120567376,0.23768115942028986,0
0.4,0.3333333333333333,0,0,6,5.0,1.0,179.86524822695037,157.6241134751773,-21.028368794326212,-43.26950354609929,0.24347826086956523,0
0.4666666666666667,0.36666666666666664,0,0,5,5.0,1.0,181.48936170212767,158.21985815602838,-17.063829787234027,-40.333333333333314,0.24444444444444444,0
0.6,0.6666666666666666,0,0,6,5.0,1.0,188.65248226950357,171.1914893617021,-0.17730496453899036,-17.638297872340445,0.24154589371980675,0
0.6666666666666666,0.6333333333333333,0,0,7,5.0,1.0,195.6950354609929,188.8014184397163,26.97163120567376,20.078014184397148,0.23768115942028986,0
0.6666666666666666,0.6,0,0,8,5.0,1.0,199.6595744680851,202.3687943262411,51.53191489361703,54.24113475177302,0.22995169082125605,0
0.6333333333333333,0.5666666666666667,0,0,8,5.0,1.0,196.09219858156027,207.20567375886523,40.07092198581557,51.184397163120536,0.221256038647343,0
0.5666666666666667,0.5666666666666667,0,0,9,5.0,1.0,185.3687943262411,205.07801418439715,14.858156028368768,34.567375886524815,0.21256038647342995,0
0.43333333333333335,0.5,0,0,10,6.5,1.0,168.56028368794327,207.0,-18.482269503546092,19.95744680851064,0.20483091787439614,0
0.43333333333333335,0.4,0,0,10,7.0,1.0,157.6241134751773,217.27659574468086,-51.226950354609926,8.42553191489364,0.21159420289855072,0
0.43333333333333335,0.3333333333333333,0,0,9,6.0,0.6666666666666666,158.21985815602838,227.14184397163118,-52.992907801418426,15.92907801418437,0.21545893719806763,0
0.4,0.2,0,0,8,3.0,0.3333333333333333,171.1914893617021,232.6312056737589,-30.361702127659584,31.078014184397205,0.20966183574879227,0
0.23333333333333334,0.7,0,0,0,0,0,227.14184397163123,194.3404255319149,-4.5390070921985455,-37.34042553191489,0.19130434782608696,0
0.7666666666666667,0.7,0,0,4,3.5,0.5,232.63120567375884,202.38297872340425,30.056737588652453,-0.19148936170213915,0.1826086956521739,0
0.7666666666666667,0.7,0,0,5,2.0,0.18181818181818182,232.6950354609929,199.14184397163118,94.88652482269504,61.333333333333314,0.17681159420289855,0
0.7666666666666667,0.7,0,0,5,2.0,0.25,232.56737588652481,200.82978723404256,60.82269503546098,29.085106382978722,0.17777777777777778,0
0.5,0.7,0,0,5,4.5,1.0,222.27659574468086,201.86524822695037,13.723404255319167,-6.6879432624113235,0.18067632850241547,0
0.43333333333333335,0.3333333333333333,0,0,5,4.0,1.0,190.68794326241132,185.9716312056738,-12.035460992907815,-16.75177304964535,0.18164251207729468,0
0.4,0.3,0,0,5,4.0,1.0,170.709219858156,175.8085106382979,-25.163120567375927,-20.063829787234027,0.18164251207729468,0
0.3333333333333333,0.26666666666666666,0,0,4,4.0,1.0,172.70212765957447,181.22695035460993,-26.127659574468083,-17.60283687943263,0.19903381642512077,0
0.4,0.4,0,0,6,4.0,1.0,194.3404255319149,203.0709219858156,-13.446808510638306,-4.716312056737593,0.21835748792270532,0
0.7333333333333333,0.4,0,0,7,5.5,1.0,202.38297872340425,211.94326241134752,3.4042553191489446,12.964539007092213,0.22318840579710145,0
0.6,0.4,1,0,8,2.0,0.14285714285714285,199.14184397163118,206.58156028368793,47.9929078014184,55.43262411347516,0.22705314009661837,0
0.6,0.5333333333333333,1,0,9,2.0,0.2,200.82978723404256,203.20567375886526,23.531914893617028,25.907801418439732,0.23478260869565218,0
0.3,0.5333333333333333,0,0,10,6.5,0.5,201.86524822695037,204.0709219858156,-13.36879432624113,-11.163120567375898,0.24154589371980675,0
0.4,0.3333333333333333,0,0,11,7.0,0.5,185.9716312056738,193.0283687943262,-30.70921985815599,-23.652482269503565,0.2463768115942029,0
0.4,0.3,0,0,11,4.0,0.75,175.8085106382979,181.65248226950357,-28.10638297872339,-22.262411347517713,0.2318840579710145,0
0.4,0.26666666666666666,0,0,11,4.0,0.75,181.22695035460993,182.5531914893617,-17.921985815602852,-16.595744680851084,0.21932367149758455,0
0.4,0.8333333333333334,0,0,10,4.0,1.0,203.0709219858156,199.65248226950357,-3.4822695035460924,-6.900709219858129,0.21642512077294687,0
0.8333333333333334,0.8333333333333334,0,0,9,4.0,1.0,211.94326241134752,210.76595744680853,5.432624113475185,4.255319148936195,0.21159420289855072,0
0.7333333333333333,0.8333333333333334,0,0,8,2.0,0.18181818181818182,206.58156028368793,207.41843971631207,40.56028368794324,41.39716312056737,0.20483091787439614,0
0.7333333333333333,0.8333333333333334,0,0,7,2.0,0.18181818181818182,203.20567375886526,203.85815602836877,30.78014184397165,31.432624113475157,0.19903381642512077,0
0.43333333333333335,0.6666666666666666,0,0,8,6.0,0.6666666666666666,204.0709219858156,207.2553191489362,-5.141843971631204,-1.9574468085106105,0.19420289855072465,0
0.4,0.6666666666666666,0,0,9,9.0,1.0,193.0283687943262,217.8156028368794,-24.29078014184401,0.4964539007091844,0.18937198067632852,0
0.4,0.3,0,0,9,4.0,0.75,181.65248226950357,227.41843971631207,-24.113475177304935,21.652482269503565,0.17391304347826086,0
0.4,0.3,0,0,9,4.0,0.75,182.5531914893617,233.93617021276597,-16.61702127659575,34.76595744680853,0.1642512077294686,0
0.3333333333333333,0.3,0,0,8,4.0,0.75,199.65248226950357,235.23404255319147,-6.985815602836851,28.595744680851055,0.16231884057971013,0
0.3,0.3,0,0,7,4.0,1.0,210.76595744680853,235.14893617021278,-5.191489361702111,19.19148936170214,0.15942028985507245,0
0.16666666666666666,0.2,0,0,6,6.0,1.0,207.41843971631207,235.48936170212767,-23.432624113475157,4.638297872340445,0.1536231884057971,0
0.26666666666666666,1.0333333333333334,0,6,6,6.0,1.0,204.0283687943262,170.822695035461,4.9645390070921565,-28.241134751773046,0.20483091787439614,0
1.0333333333333334,1.0333333333333334,0,6,7,5.0,0.5,201.8014184397163,225.6595744680851,39.758865248226925,63.61702127659575,0.2038647342995169,0
1.0333333333333334,1.0333333333333334,14,5,7,2.0,0.0625,200.21985815602838,229.45390070921985,115.21985815602838,144.45390070921985,0.2038647342995169,0
1.0333333333333334,1.0333333333333334,14,4,7,2.0,0.0625,199.53191489361703,233.74468085106386,132.5744680851064,166.78723404255322,0.20096618357487922,0
0.13333333333333333,1.0333333333333334,0,0,7,7.0,1.0,186.8085106382979,234.9645390070922,-36.42553191489361,11.730496453900713,0.2,0
0.13333333333333333,1.0333333333333334,0,0,7,7.0,1.0,148.70212765957447,235.26241134751774,-73.57446808510639,12.98581560283688,0.20193236714975846,0
0.23333333333333334,0.2,0,0,0,0,0,235.5035460992908,196.8014184397163,-0.7092198581560183,-39.41134751773052,0.20096618357487922,0
0.3333333333333333,0.23333333333333334,0,0,6,6.0,1.0,235.2127659574468,194.15602836879432,10.638297872340416,-30.418439716312065,0.16231884057971013,0
0.3333333333333333,0.23333333333333334,0,0,7,6.0,1.0,235.39007092198582,192.1631205673759,27.241134751773046,-15.98581560283688,0.16135265700483092,0
0.3333333333333333,0.23333333333333334,0,0,8,7.0,0.8,235.5035460992908,190.2553191489362,37.52482269503548,-7.72340425531911,0.16135265700483092,0
0.3333333333333333,0.23333333333333334,0,0,9,8.0,0.8,232.27659574468086,186.53191489361703,35.680851063829806,-10.063829787234027,0.16328502415458937,0
0.4,0.23333333333333334,0,0,10,9.0,0.8,222.97872340425533,183.54609929078015,27.148936170212778,-12.283687943262407,0.16521739130434782,0
0.43333333333333335,0.23333333333333334,0,0,10,9.0,0.8,210.23404255319147,189.02127659574467,20.19148936170211,-1.0212765957446948,0.16618357487922705,0
0.4,0.23333333333333334,0,0,10,9.0,0.8,200.9078014184397,206.27659574468086,10.290780141843953,15.659574468085111,0.1681159420289855,0
0.36666666666666664,0.23333333333333334,0,0,9,8.0,0.8,196.8014184397163,221.12765957446808,6.6950354609928695,31.021276595744666,0.17004830917874397,0
0.43333333333333335,0.23333333333333334,0,0,8,7.0,0.8,194.1560283687943,227.14184397163118,15.283687943262379,48.26950354609926,0.17294685990338166,0
0.36666666666666664,0.23333333333333334,8,0,7,6.5,1.0,192.1631205673759,224.66666666666666,10.503546099290787,43.007092198581546,0.17391304347826086,0
0.3,0.23333333333333334,0,0,6,6.0,1.0,190.2553191489362,224.01418439716312,-16.276595744680833,17.482269503546092,0.1758454106280193,0
0.36666666666666664,0.26666666666666666,0,0,7,7.0,1.0,228.6595744680851,191.8085106382979,-0.19148936170211073,-37.04255319148933,0.178743961352657,0
0.4,0.26666666666666666,0,0,8,7.0,1.0,228.34751773049643,192.39007092198582,8.645390070921962,-27.312056737588648,0.1758454106280193,0
0.43333333333333335,0.26666666666666666,0,0,9,6.5,1.0,228.1631205673759,194.72340425531914,28.1631205673759,-5.276595744680861,0.17391304347826086,0
0.43333333333333335,0.26666666666666666,0,0,10,7.0,1.0,227.8156028368794,194.24113475177305,34.70921985815599,1.1347517730496293,0.1748792270531401,0
0.43333333333333335,0.26666666666666666,0,0,11,8.0,0.8333333333333334,225.354609929078,184.98581560283688,35.226950354609926,-5.141843971631204,0.1748792270531401,0
0.43333333333333335,0.26666666666666666,0,0,11,9.0,1.0,216.18439716312056,172.5035460992908,23.992907801418426,-19.687943262411352,0.1748792270531401,0
0.36666666666666664,0.26666666666666666,0,0,11,9.0,1.0,204.2695035460993,182.9078014184397,9.418439716312065,-11.943262411347519,0.17391304347826086,0
0.36666666666666664,0.26666666666666666,0,0,11,9.0,1.0,194.41134751773052,205.0921985815603,-2.7163120567375643,7.964539007092213,0.1748792270531401,0
0.5333333333333333,0.4666666666666667,0,0,11,8.0,1.0,191.8085106382979,229.56737588652481,1.0638297872340559,38.82269503546098,0.17391304347826086,0
0.5333333333333333,0.4666666666666667,14,0,11,7.0,0.7142857142857143,192.39007092198582,232.8368794326241,25.304964539007102,65.75177304964538,0.17391304347826086,0
0.5,0.4666666666666667,14,0,11,6.0,0.5714285714285714,194.72340425531914,231.645390070922,35.04255319148936,71.96453900709221,0.17391304347826086,0
0.16666666666666666,0.4666666666666667,0,0,11,8.5,1.0,194.24113475177305,230.02127659574467,-27.716312056737593,8.063829787234027,0.17294685990338166,0
0.13333333333333333,0.36666666666666664,0,0,11,11.0,1.0,184.98581560283688,229.14893617021278,-48.65248226950354,-4.489361702127638,0.17294685990338166,0
0.3333333333333333,0.2,0,0,11,11.0,1.0,232.645390070922,193.7304964539007,5.241134751773046,-33.67375886524823,0.19806763285024154,0
0.36666666666666664,0.26666666666666666,0,0,11,7.0,1.0,233.02836879432627,192.12765957446808,25.30496453900713,-15.595744680851055,0.1961352657004831,0
0.36666666666666664,0.26666666666666666,0,0,11,8.0,1.0,233.07801418439715,192.43262411347519,30.54609929078012,-10.099290780141843,0.19516908212560385,0
0.4,0.3,0,0,11,8.5,1.0,231.31205673758868,193.38297872340425,34.609929078014204,-3.3191489361702224,0.19420289855072465,0
0.4,0.3,0,0,11,8.5,1.0,222.47517730496455,163.9787234042553,29.79432624113477,-28.702127659574472,0.19227053140096617,0
0.43333333333333335,0.3,0,0,11,9.0,1.0,212.5531914893617,143.12765957446808,20.744680851063833,-48.68085106382978,0.19130434782608696,0
0.43333333333333335,0.3,0,0,11,8.5,1.0,202.31914893617022,144.12765957446808,10.42553191489364,-47.7659574468085,0.19227053140096617,0
0.4,0.8666666666666667,0,0,11,8.0,1.0,197.30496453900707,187.48226950354606,3.7092198581560183,-6.113475177304991,0.1932367149758454,0
0.8666666666666667,0.8333333333333334,0,0,11,8.0,1.0,193.7304964539007,221.4609929078014,-0.9290780141843982,26.801418439716286,0.19420289855072465,0
0.8333333333333334,0.8333333333333334,15,0,11,2.0,0.3076923076923077,192.12765957446808,232.65248226950357,88.44680851063829,128.97163120567376,0.19516908212560385,0
0.8,0.8333333333333334,10,0,11,2.0,0.25,192.43262411347519,232.23404255319147,61.390070921985824,101.19148936170211,0.1961352657004831,0
0.26666666666666666,0.7666666666666667,0,0,11,7.0,0.5,193.38297872340425,231.95035460992906,-4.276595744680861,34.29078014184395,0.19710144927536233,0
0.13333333333333333,0.7333333333333333,0,0,11,11.0,1.0,163.9787234042553,231.9716312056738,-69.76595744680853,-1.7730496453900457,0.19710144927536233,0
0.26666666666666666,0.26666666666666666,0,0,11,11.0,1.0,230.9148936170213,195.2836879432624,0.8510638297872504,-34.78014184397165,0.17198067632850242,0
0.36666666666666664,0.26666666666666666,0,0,11,6.0,1.0,231.4113475177305,194.61702127659575,18.347517730496435,-18.446808510638306,0.17294685990338166,0
0.4,0.26666666666666666,0,0,11,7.0,1.0,231.21985815602838,194.47517730496452,30.98581560283688,-5.758865248226982,0.17391304347826086,0
0.4,0.26666666666666666,0,0,11,8.0,1.0,230.82269503546095,195.5035460992908,35.12056737588648,-0.19858156028368512,0.1758454106280193,0
0.4,0.26666666666666666,0,0,11,9.0,1.0,224.53191489361703,187.9716312056738,29.680851063829806,-6.879432624113434,0.17681159420289855,0
0.4,0.26666666666666666,0,0,11,10.0,1.0,214.45390070921985,179.67375886524823,19.156028368794324,-15.624113475177296,0.17681159420289855,0
0.4,0.26666666666666666,0,0,11,10.0,1.0,203.0,181.19148936170214,9.297872340425528,-12.510638297872333,0.17681159420289855,0
0.4,0.26666666666666666,0,0,11,9.0,1.0,196.92907801418437,201.11347517730496,2.5035460992907588,6.687943262411352,0.1748792270531401,0
0.5333333333333333,0.4666666666666667,0,0,11,8.0,1.0,195.2836879432624,221.41134751773052,-3.0992907801418426,23.02836879432627,0.17294685990338166,0
0.5333333333333333,0.4666666666666667,0,0,11,7.0,1.0,194.61702127659575,230.9716312056738,23.510638297872333,59.86524822695037,0.17198067632850242,0
0.5,0.4666666666666667,10,0,11,6.0,0.5714285714285714,194.47517730496455,231.20567375886526,24.94326241134752,61.67375886524823,0.17198067632850242,0
0.4,0.4666666666666667,0,0,11,11.0,1.0,195.5035460992908,231.48226950354606,-7.432624113475157,28.54609929078012,0.17101449275362318,0
0.16666666666666666,0.36666666666666664,0,0,11,11.0,1.0,187.9716312056738,231.39716312056737,-42.90070921985813,0.5248226950354535,0.16908212560386474,0
0.23333333333333334,0.2,0,0,8,8.0,0.6666666666666666,231.65248226950357,184.7304964539007,36.01418439716315,-10.907801418439703,0.2028985507246377,0
0.26666666666666666,0.2,0,0,9,9.0,1.0,227.07801418439718,175.08510638297875,33.758865248226954,-18.234042553191472,0.20193236714975846,0
0.26666666666666666,0.2,0,0,10,9.0,1.0,217.8368794326241,144.56028368794327,30.70921985815602,-42.567375886524815,0.20193236714975846,0
0.26666666666666666,0.2,0,0,11,9.0,1.0,206.70921985815605,110.4113475177305,24.60283687943263,-71.69503546099291,0.2038647342995169,0
0.26666666666666666,0.2,0,0,11,8.0,1.0,198.2127659574468,130.24113475177305,12.851063829787222,-55.12056737588654,0.20772946859903382,0
0.5,1.0333333333333334,0,0,11,8.0,1.0,192.02836879432627,170.73758865248226,5.3049645390071305,-15.98581560283688,0.2106280193236715,0
1.0333333333333334,1.0333333333333334,0,0,11,7.0,1.0,187.51773049645394,215.290780141844,34.34751773049649,62.120567375886566,0.2135265700483092,0
1.0333333333333334,1.0333333333333334,7,0,11,2.0,0.2,184.86524822695037,216.33333333333334,91.07801418439718,122.54609929078015,0.21835748792270532,0
1.0,1.0333333333333334,8,0,11,2.0,0.23076923076923078,184.7304964539007,215.30496453900707,100.45390070921987,131.02836879432624,0.2222222222222222,0
0.13333333333333333,1.0,0,0,11,8.0,1.0,175.0851063829787,212.92198581560285,-37.57446808510642,0.262411347517741,0.22705314009661837,0
0.13333333333333333,0.5333333333333333,0,0,11,8.0,1.0,144.56028368794327,211.3049645390071,-70.71631205673759,-3.9716312056737593,0.22801932367149758,0
0.23333333333333334,0.2,0,0,11,11.0,1.0,205.531914893617,169.177304964539,2.2978723404254993,-34.05673758865251,0.2531400966183575,0
0.43333333333333335,0.26666666666666666,0,0,11,6.0,1.0,205.09929078014184,169.08510638297875,16.54609929078015,-19.468085106382944,0.2579710144927536,0
0.43333333333333335,0.26666666666666666,0,0,11,6.5,0.8333333333333334,204.52482269503548,170.0354609929078,32.90780141843973,-1.5815602836879634,0.2618357487922705,0
0.4666666666666667,0.3,0,0,11,7.5,1.0,203.9078014184397,169.92198581560285,32.141843971631204,-1.8439716312056476,0.2647342995169082,0
0.4666666666666667,0.3,0,0,11,8.5,1.0,198.7872340425532,153.21985815602838,31.38297872340425,-14.184397163120565,0.26666666666666666,0
0.43333333333333335,0.3,0,0,11,9.0,1.0,187.8014184397163,139.29787234042553,19.439716312056703,-29.063829787234056,0.26763285024154587,0
0.4,0.3,5,0,11,9.5,1.0,177.31205673758862,143.97163120567376,5.822695035460953,-27.517730496453908,0.26763285024154587,0
0.4,0.5,5,0,11,8.5,1.0,170.26241134751774,172.21985815602838,0.007092198581574394,1.9645390070922133,0.26666666666666666,0
0.8666666666666667,0.8333333333333334,5,0,11,8.0,1.0,169.17730496453902,198.52482269503548,1.156028368794324,30.503546099290787,0.26763285024154587,0
0.8333333333333334,0.8333333333333334,5,0,11,2.0,0.38461538461538464,169.08510638297872,207.1205673758865,47.70212765957447,85.73758865248226,0.26859903381642514,0
0.8,0.8333333333333334,5,0,11,2.0,0.3333333333333333,170.03546099290782,207.78014184397162,41.54609929078015,79.29078014184395,0.27053140096618356,0
0.26666666666666666,0.8,5,0,11,9.5,1.0,169.92198581560285,208.41843971631207,-12.120567375886509,26.375886524822704,0.27246376811594203,0
1.0333333333333334,1.0333333333333334,1,6,11,11.0,1.0,185.07092198581563,195.38297872340425,6.390070921985853,16.702127659574472,0.23381642512077294,0
1.0333333333333334,1.0333333333333334,1,6,11,3.0,0.16666666666666666,181.90070921985816,227.9078014184397,72.11347517730496,118.12056737588651,0.2289855072463768,0
1.0333333333333334,1.0333333333333334,1,4,11,2.0,0.0625,179.18439716312056,231.42553191489364,116.33333333333333,168.5744680851064,0.22318840579710145,0
1.0,1.0333333333333334,0,3,11,2.0,0.08333333333333333,178.290780141844,234.43971631205673,42.58865248226954,98.73758865248226,0.21739130434782608,0
0.13333333333333333,1.0333333333333334,0,0,11,11.0,1.0,155.08510638297875,235.41843971631204,-68.5106382978723,11.822695035460981,0.21256038647342995,0
0.13333333333333333,0.26666666666666666,0,0,11,11.0,1.0,117.1063829787234,235.88652482269504,-109.74468085106382,9.035460992907815,0.20676328502415459,0
0.9666666666666667,0.9666666666666667,0,0,11,8.5,1.0,232.39007092198582,167.2340425531915,2.347517730496463,-62.80851063829786,0.13719806763285025,1
0.23333333333333334,0.23333333333333334,0,0,0,0,0,219.8368794326241,155.53191489361703,2.3687943262411295,-61.936170212765944,0.16328502415458937,0
1.0333333333333334,0.4666666666666667,0,0,4,4.0,1.0,217.48936170212767,210.3404255319149,20.021276595744695,12.872340425531917,0.16231884057971013,0
1.0333333333333334,0.4666666666666667,1,0,4,2.0,0.2,216.52482269503548,224.5390070921986,105.46099290780144,113.47517730496456,0.16135265700483092,0
1.0333333333333334,0.4666666666666667,14,0,4,2.0,0.14285714285714285,216.70212765957444,228.43971631205673,157.80851063829783,169.54609929078015,0.1603864734299517,0
0.23333333333333334,0.4666666666666667,0,0,4,4.0,1.0,210.56737588652481,232.10638297872342,25.333333333333314,46.87234042553192,0.15845410628019324,0
0.13333333333333333,0.4666666666666667,0,0,0,0,0,175.33333333333334,234.66666666666666,-47.13475177304963,12.198581560283685,0.1565217391304348,0
0.3333333333333333,0.2,0,0,2,2.0,0.0,235.68085106382978,197.92907801418437,7.276595744680833,-30.475177304964575,0.14589371980676327,0
0.3333333333333333,0.23333333333333334,0,0,6,6.0,1.0,235.4609929078014,197.04964539007094,20.950354609929065,-17.460992907801398,0.14492753623188406,0
0.3333333333333333,0.23333333333333334,0,0,7,7.0,1.0,234.65248226950357,196.5531914893617,28.737588652482287,-9.361702127659584,0.14492753623188406,0
0.3333333333333333,0.23333333333333334,0,0,8,8.0,1.0,232.15602836879432,197.87234042553192,32.156028368794324,-2.1276595744680833,0.14396135265700483,0
0.3333333333333333,0.23333333333333334,0,0,9,8.5,1.0,225.354609929078,197.46808510638297,28.418439716312065,0.5319148936170279,0.14396135265700483,0
0.3333333333333333,0.23333333333333334,0,0,10,8.0,0.8,216.27659574468086,197.27659574468086,19.42553191489364,0.4255319148936394,0.14396135265700483,0
0.3333333333333333,0.23333333333333334,0,0,10,8.5,1.0,206.80851063829786,201.14184397163118,9.446808510638277,3.7801418439715917,0.14396135265700483,0
0.3333333333333333,0.23333333333333334,0,0,9,8.0,1.0,200.95035460992906,213.29787234042556,5.503546099290759,17.85106382978725,0.14396135265700483,0
0.3333333333333333,0.23333333333333334,0,0,8,7.5,1.0,197.92907801418437,225.92198581560282,-2.879432624113491,25.113475177304963,0.14396135265700483,0
0.3,0.23333333333333334,0,0,7,7.0,1.0,197.04964539007088,232.89361702127658,0.9007092198581006,36.744680851063805,0.14396135265700483,0
0.3,0.23333333333333334,14,0,6,6.0,1.0,196.5531914893617,234.01418439716312,1.6808510638297776,39.141843971631204,0.14396135265700483,0
0.3333333333333333,0.26666666666666666,0,0,7,7.0,1.0,232.59574468085103,195.85106382978722,1.531914893616971,-35.212765957446834,0.16135265700483092,0
0.4,0.26666666666666666,0,0,8,6.0,1.0,232.7446808510638,193.42553191489364,16.021276595744666,-23.2978723404255,0.16231884057971013,0
0.4,0.26666666666666666,0,0,9,7.0,1.0,232.11347517730496,189.17730496453905,30.007092198581546,-12.92907801418437,0.16521739130434782,0
0.4,0.26666666666666666,0,0,9,8.0,1.0,231.47517730496455,186.8794326241135,34.87943262411349,-9.716312056737564,0.1671497584541063,0
0.4,0.26666666666666666,0,0,9,9.0,1.0,226.3404255319149,180.04964539007094,30.0,-16.290780141843953,0.16908212560386474,0
0.43333333333333335,0.26666666666666666,0,0,10,9.0,1.0,216.6312056737589,174.5390070921986,22.01418439716315,-20.078014184397148,0.17101449275362318,0
0.5333333333333333,0.26666666666666666,0,0,10,9.0,0.8333333333333334,205.14184397163118,178.91489361702125,15.822695035460953,-10.404255319148973,0.17391304347826086,0
0.5666666666666667,0.26666666666666666,0,0,10,8.5,0.8333333333333334,198.34751773049643,196.66666666666666,14.75177304964538,13.070921985815602,0.17681159420289855,0
0.6666666666666666,0.26666666666666666,0,0,9,8.0,0.8,195.85106382978725,215.65248226950357,8.127659574468112,27.929078014184427,0.18067632850241547,0
0.6666666666666666,0.3,0,0,8,7.0,0.8,193.42553191489364,223.88652482269504,24.595744680851084,55.05673758865248,0.18454106280193236,0
0.6,0.26666666666666666,15,0,7,6.0,0.6,189.177304964539,225.67375886524823,22.113475177304935,58.609929078014176,0.18647342995169083,0
0.36666666666666664,0.26666666666666666,0,0,6,5.0,0.6666666666666666,186.8794326241135,226.33333333333334,-13.97163120567373,25.48226950354612,0.18743961352657004,0
0.3,0.2,0,0,9,7.5,1.0,224.65248226950357,188.5531914893617,1.1631205673758984,-34.93617021276597,0.19710144927536233,0
0.36666666666666664,0.26666666666666666,0,0,8,7.0,1.0,225.25531914893614,189.3971631205674,11.893617021276555,-23.964539007092185,0.1961352657004831,0
0.4,0.26666666666666666,0,0,8,7.0,1.0,225.09219858156027,192.57446808510636,25.241134751773046,-7.276595744680861,0.1932367149758454,0
0.4666666666666667,0.26666666666666666,0,0,9,6.5,0.8333333333333334,224.6241134751773,194.06382978723403,34.0709219858156,3.510638297872333,0.19033816425120773,0
0.4666666666666667,0.3,0,0,10,8.0,0.8,220.92198581560282,183.3404255319149,33.51773049645388,-4.063829787234056,0.18743961352657004,0
0.4666666666666667,0.3,0,0,11,8.0,1.0,212.23404255319147,147.80851063829786,24.531914893617,-39.89361702127661,0.18647342995169083,0
0.4,0.3,0,0,10,8.0,1.0,201.25531914893614,149.94326241134752,8.170212765957416,-43.141843971631204,0.1826086956521739,0
0.36666666666666664,0.3,0,0,9,8.0,1.0,192.60283687943263,172.65248226950357,-4.333333333333314,-24.28368794326238,0.178743961352657,0
0.6666666666666666,0.8666666666666667,0,0,8,7.0,1.0,188.5531914893617,221.34751773049643,-3.61702127659575,29.17730496453899,0.17681159420289855,0
0.8666666666666667,0.8333333333333334,1,0,7,6.0,0.7142857142857143,189.3971631205674,233.65248226950357,28.48226950354612,72.73758865248229,0.17391304347826086,0
0.8333333333333334,0.8333333333333334,14,0,6,2.0,0.38461538461538464,192.57446808510636,234.93617021276597,102.23404255319147,144.59574468085108,0.17004830917874397,0
0.3333333333333333,0.8,0,0,5,5.0,1.0,194.06382978723403,233.2482269503546,-4.510638297872362,34.6737588652482,0.1671497584541063,0
0.2,0.2,0,0,7,7.0,1.0,232.61702127659578,194.25531914893614,-0.10638297872336011,-38.468085106383,0.14299516908212562,0
0.4,0.3,0,0,8,5.5,0.5,231.51063829787233,193.51063829787233,3.0638297872340274,-34.93617021276597,0.14299516908212562,0
0.4,0.3,0,0,9,6.0,0.75,231.43262411347519,192.29078014184395,31.517730496453908,-7.6241134751773245,0.14299516908212562,0
0.4,0.3,0,0,10,7.0,0.8,231.97872340425533,191.68085106382978,38.89361702127661,-1.4042553191489446,0.14202898550724638,0
0.4,0.3,0,0,11,8.0,1.0,231.09929078014184,186.0921985815603,35.26950354609929,-9.737588652482259,0.1391304347826087,0
0.4,0.3,0,0,11,8.0,0.8,220.36170212765956,169.08510638297875,26.510638297872333,-24.76595744680847,0.13816425120772946,0
0.4,0.3,0,0,11,9.0,0.8,207.14893617021278,170.17021276595744,16.297872340425556,-20.680851063829778,0.13719806763285025,0
0.4,0.3,0,0,11,9.0,1.0,196.27659574468086,188.03546099290782,4.106382978723417,-4.134751773049629,0.13623188405797101,0
0.6,0.5,0,0,11,8.5,1.0,194.25531914893614,219.45390070921985,2.2340425531914434,27.432624113475157,0.13526570048309178,0
0.5666666666666667,0.4666666666666667,0,0,11,7.5,1.0,193.51063829787233,232.70921985815605,19.42553191489361,58.624113475177325,0.13623188405797101,0
0.5,0.4666666666666667,10,0,11,3.5,0.5,192.29078014184395,234.85815602836882,51.141843971631175,93.70921985815605,0.13719806763285025,0
0.3333333333333333,0.4666666666666667,0,0,11,8.5,1.0,191.68085106382978,234.31205673758868,-3.595744680851084,39.035460992907815,0.13623188405797101,0
0.16666666666666666,0.4,0,0,11,11.0,1.0,186.0921985815603,234.09219858156027,-41.58865248226948,6.411347517730491,0.13429951690821257,0
0.3,0.2,0,0,8,8.0,1.0,228.43262411347519,182.63829787234042,39.156028368794324,-6.638297872340445,0.16231884057971013,0
0.3,0.2,0,0,9,9.0,1.0,222.0709219858156,163.04964539007094,36.21985815602838,-22.801418439716286,0.16618357487922705,0
0.3,0.2,0,0,10,10.0,1.0,211.645390070922,142.8794326241135,28.79432624113477,-39.97163120567373,0.17004830917874397,0
0.3,0.2,0,0,11,10.0,1.0,199.6312056737589,138.84397163120568,17.90780141843976,-42.87943262411346,0.17391304347826086,0
0.3,0.3333333333333333,0,0,10,9.0,1.0,190.9148936170213,168.45390070921985,8.617021276595779,-13.843971631205676,0.17777777777777778,0
1.0333333333333334,0.36666666666666664,0,0,9,8.0,1.0,185.99290780141845,198.6241134751773,2.099290780141871,14.730496453900713,0.1826086956521739,0
1.0333333333333334,0.36666666666666664,0,0,8,4.0,0.5714285714285714,183.47517730496452,211.66666666666666,60.51773049645388,88.70921985815602,0.18840579710144928,0
1.0333333333333334,0.36666666666666664,0,0,7,3.0,0.4444444444444444,182.29078014184395,211.87234042553192,60.50354609929076,90.08510638297872,0.19710144927536233,0
0.3333333333333333,0.36666666666666664,0,0,6,4.0,0.6666666666666666,182.63829787234042,210.92198581560285,10.851063829787222,39.13475177304966,0.2028985507246377,0
0.16666666666666666,0.36666666666666664,0,0,4,4.0,1.0,163.04964539007094,207.82978723404256,-48.73758865248226,-3.957446808510639,0.2106280193236715,0
0.36666666666666664,0.23333333333333334,5,0,6,6.0,1.0,198.31205673758868,159.02836879432627,7.184397163120593,-32.099290780141814,0.28309178743961355,0
0.43333333333333335,0.26666666666666666,5,0,7,6.0,1.0,197.75886524822695,159.3971631205674,18.35460992907801,-20.007092198581546,0.28502415458937197,0
0.43333333333333335,0.26666666666666666,5,0,8,7.0,0.75,197.89361702127658,161.20567375886523,29.468085106382972,-7.21985815602838,0.28599033816425123,0
0.5,0.3,5,0,9,6.5,0.8333333333333334,195.79432624113474,156.56028368794327,35.66666666666666,-3.5673758865248146,0.28695652173913044,0
0.5,0.3,4,0,10,7.0,1.0,189.70212765957444,139.468085106383,30.042553191489333,-20.19148936170211,0.28695652173913044,0
0.4666666666666667,0.3,4,0,11,7.5,1.0,179.65248226950357,124.20567375886526,22.354609929078038,-33.09219858156027,0.28599033816425123,0
0.43333333333333335,0.3,4,0,10,7.5,1.0,169.3191489361702,145.58156028368793,8.085106382978694,-15.652482269503565,0.28405797101449276,0
0.6666666666666666,0.8666666666666667,4,0,9,8.0,1.0,162.7375886524823,178.34751773049643,-2.3475177304964348,13.262411347517713,0.2811594202898551,0
0.9,0.8666666666666667,4,0,8,7.0,0.8333333333333334,159.02836879432627,209.03546099290782,15.666666666666686,65.67375886524823,0.2763285024154589,0
0.8666666666666667,0.8333333333333334,3,0,7,2.0,0.38461538461538464,159.39716312056737,210.52482269503548,49.43971631205673,100.56737588652484,0.2743961352657005,0
0.8333333333333334,0.8,3,0,6,2.0,0.3333333333333333,161.20567375886526,211.58156028368793,41.90780141843973,92.28368794326241,0.27053140096618356,0
0.2,0.7666666666666667,3,0,5,5.0,1.0,156.56028368794327,211.9787234042553,-50.9290780141844,4.489361702127638,0.26763285024154587,0
0.13333333333333333,0.7666666666666667,3,0,5,5.0,1.0,139.46808510638297,213.09929078014184,-68.7872340425532,4.843971631205676,0.26666666666666666,0
0.8,1.0333333333333334,0,0,8,7.0,1.0,193.93617021276597,217.8014184397163,11.468085106383,35.333333333333314,0.19130434782608696,0
1.0333333333333334,1.0333333333333334,0,0,7,2.0,0.2,194.0354609929078,229.40425531914897,62.03546099290779,97.40425531914897,0.18840579710144928,0
1.0333333333333334,1.0333333333333334,0,8,6,2.0,0.125,193.99290780141845,232.4609929078014,152.35460992907804,190.82269503546098,0.1855072463768116,0
0.23333333333333334,1.0333333333333334,0,0,6,6.0,1.0,189.8156028368794,232.39716312056737,-9.29078014184401,33.29078014184395,0.17971014492753623,0
0.13333333333333333,1.0333333333333334,0,0,6,6.0,1.0,169.3404255319149,232.14184397163118,-54.38297872340425,8.418439716312037,0.1748792270531401,0
0.3,1.0,0,0,0,0,0,229.3049645390071,145.7517730496454,-3.843971631205676,-87.39716312056737,0.14202898550724638,1
0.8,1.0333333333333334,0,0,11,9.5,1.0,231.39007092198582,180.91489361702125,4.964539007092213,-45.51063829787236,0.13623188405797101,0
1.0333333333333334,1.0333333333333334,0,0,11,3.0,0.4,229.68794326241132,222.43971631205673,88.21985815602835,80.97163120567376,0.13526570048309178,0
1.0333333333333334,1.0333333333333334,14,16,10,2.0,0.125,227.8014184397163,223.4964539007092,177.2482269503546,172.94326241134752,0.13333333333333333,0
1.0333333333333334,1.0333333333333334,15,0,11,2.5,0.2,226.88652482269504,223.74468085106386,127.97163120567376,124.82978723404258,0.13333333333333333,0
0.2,1.0333333333333334,0,0,11,9.5,1.0,198.29078014184395,223.92198581560285,-22.943262411347547,2.687943262411352,0.13140096618357489,0
0.2,0.3,0,0,10,8.5,1.0,139.4822695035461,224.6241134751773,-83.11347517730496,2.0283687943262407,0.1294685990338164,0
0.3333333333333333,0.6,0,0,0,0,0,229.36170212765956,159.34751773049643,3.829787234042527,-66.1843971631206,0.13333333333333333,0
1.0,1.0333333333333334,0,0,0,0,0,231.20567375886526,206.06382978723403,33.90780141843973,8.7659574468085,0.13333333333333333,0
1.0333333333333334,1.0333333333333334,0,5,3,2.0,0.0,231.5531914893617,211.4113475177305,114.25531914893617,94.11347517730496,0.13333333333333333,0
1.0333333333333334,1.0333333333333334,6,15,3,2.0,0.0,230.05673758865248,211.05673758865248,159.22695035460993,140.22695035460993,0.13429951690821257,0
0.26666666666666666,1.0333333333333334,0,0,3,3.0,0.0,217.9078014184397,211.5035460992908,23.418439716312037,17.01418439716312,0.13719806763285025,0
0.13333333333333333,1.0333333333333334,0,0,0,0,0,180.04255319148936,212.17021276595744,-32.68085106382978,-0.5531914893616943,0.1391304347826087,0
0.3,0.9666666666666667,0,4,0,0,0,207.4113475177305,187.31914893617022,0.4964539007092128,-19.595744680851055,0.1671497584541063,0
1.0,1.0333333333333334,0,4,6,5.0,0.6666666666666666,206.72340425531914,193.98581560283688,18.531914893617,5.7943262411347405,0.16618357487922705,0
1.0333333333333334,1.0333333333333334,0,3,7,1.0,0.26666666666666666,206.45390070921985,194.0283687943262,127.13475177304964,114.709219858156,0.16521739130434782,0
0.5333333333333333,1.0333333333333334,0,0,8,7.0,1.0,206.69503546099293,194.70921985815605,33.20567375886526,21.21985815602838,0.16231884057971013,0
0.4,1.0333333333333334,0,0,9,8.0,1.0,200.93617021276597,196.19148936170214,5.404255319148945,0.6595744680851112,0.15942028985507245,0
0.4,0.23333333333333334,0,0,10,8.0,1.0,158.1418439716312,199.99290780141845,-34.79432624113474,7.05673758865251,0.1565217391304348,0
0.4,0.23333333333333334,0,0,10,9.0,1.0,147.0,209.19148936170214,-46.48936170212767,15.702127659574472,0.15458937198067632,0
0.36666666666666664,0.23333333333333334,0,0,9,9.0,1.0,149.4468085106383,219.57446808510636,-46.212765957446805,23.91489361702125,0.15169082125603864,0
0.4,0.23333333333333334,0,0,9,8.0,1.0,187.31914893617022,227.3758865248227,-7.659574468085083,32.3971631205674,0.14879227053140096,0
0.4,0.23333333333333334,0,0,8,7.0,1.0,193.98581560283688,230.19858156028366,-3.9503546099290645,32.26241134751771,0.14492753623188406,0
0.3333333333333333,0.23333333333333334,0,0,7,6.0,1.0,194.0283687943262,230.85106382978722,-13.035460992907844,23.787234042553166,0.14202898550724638,0
0.26666666666666666,0.23333333333333334,0,0,6,6.0,1.0,194.70921985815605,231.0,-27.865248226950342,8.425531914893611,0.13816425120772946,0
1.0333333333333334,1.0333333333333334,0,0,4,4.0,1.0,231.0709219858156,169.32624113475177,7.21985815602838,-54.52482269503545,0.1497584541062802,0
1.0333333333333334,1.0333333333333334,0,0,6,3.0,0.3333333333333333,231.2127659574468,188.90070921985816,81.5531914893617,39.241134751773046,0.15555555555555556,0
1.0333333333333334,1.0333333333333334,6,0,7,1.0,0.125,230.66666666666666,187.88652482269504,172.43262411347519,129.65248226950354,0.16135265700483092,0
1.0333333333333334,1.0333333333333334,0,0,8,3.0,0.3333333333333333,228.177304964539,187.45390070921985,99.75177304964538,59.02836879432624,0.16618357487922705,0
0.2,1.0333333333333334,0,0,9,9.0,1.0,200.9078014184397,188.7872340425532,11.078014184397148,-1.042553191489361,0.17101449275362318,0
0.7333333333333333,0.7333333333333333,0,2,7,6.5,1.0,205.43262411347519,151.05673758865248,3.21985815602838,-51.156028368794324,0.27246376811594203,0
0.8,0.8333333333333334,0,3,7,4.5,0.5,205.93617021276597,153.58156028368796,37.446808510638306,-14.907801418439703,0.2763285024154589,0
0.8333333333333334,0.8333333333333334,0,3,8,2.0,0.2727272727272727,205.22695035460993,148.84397163120568,71.24822695035462,14.86524822695037,0.28309178743961355,0
0.8333333333333334,0.8333333333333334,0,3,9,6.0,0.5714285714285714,203.68085106382978,148.0496453900709,66.29787234042553,10.666666666666657,0.28405797101449276,0
0.36666666666666664,0.8333333333333334,0,3,10,8.0,1.0,191.0354609929078,153.54609929078015,29.88652482269501,-7.60283687943263,0.2821256038647343,0
0.4,0.3333333333333333,0,3,11,8.0,1.0,168.22695035460993,161.39716312056737,13.58865248226951,6.758865248226954,0.28405797101449276,0
0.4666666666666667,0.3,0,3,11,8.5,0.8333333333333334,146.61702127659575,171.7163120567376,1.6595744680851112,26.758865248226954,0.28599033816425123,0
0.4666666666666667,0.3,0,3,11,9.0,1.0,144.17021276595744,183.10638297872342,-2.7659574468084998,36.17021276595747,0.28502415458937197,0
0.43333333333333335,0.3,0,3,11,8.5,0.8333333333333334,151.05673758865248,189.5531914893617,-1.1985815602836851,37.29787234042553,0.28405797101449276,0
0.4,0.3,0,4,10,8.0,0.8333333333333334,153.58156028368793,191.68794326241138,-7.865248226950371,30.241134751773075,0.28502415458937197,0
0.36666666666666664,0.3,0,4,9,7.0,1.0,148.84397163120568,190.98581560283688,-21.64539007092199,20.496453900709213,0.28695652173913044,0
0.3,0.3,0,4,8,6.0,1.0,148.04964539007094,192.14184397163123,-35.16312056737587,8.929078014184427,0.28695652173913044,0
0.2,0.2,0,4,7,7.0,1.0,153.54609929078012,193.0921985815603,-42.07092198581563,-2.5248226950354535,0.28599033816425123,0
0.3333333333333333,0.9666666666666667,0,0,5,5.0,1.0,199.32624113475177,142.4609929078014,-5.418439716312065,-62.283687943262436,0.2608695652173913,0
0.9666666666666667,1.0,0,0,6,5.5,1.0,200.8156028368794,174.354609929078,34.56028368794324,8.099290780141843,0.25120772946859904,0
1.0,1.0333333333333334,0,6,7,2.0,0.26666666666666666,202.14893617021275,172.42553191489364,104.38297872340424,74.65957446808513,0.24830917874396136,0
1.0333333333333334,1.0333333333333334,0,6,8,2.0,0.26666666666666666,204.42553191489364,172.4609929078014,129.2765957446809,97.31205673758863,0.24347826086956523,0
0.4,1.0333333333333334,0,0,9,8.0,1.0,192.29787234042553,175.57446808510636,15.085106382978722,-1.6382978723404449,0.2357487922705314,0
0.4,1.0333333333333334,0,0,10,9.0,1.0,156.25531914893617,180.61702127659575,-18.765957446808528,5.595744680851055,0.2289855072463768,0
0.4,0.23333333333333334,1,0,11,10.0,0.8,113.05673758865248,187.54609929078015,-57.773049645390074,16.716312056737593,0.2251207729468599,0
0.36666666666666664,0.23333333333333334,1,0,10,10.0,0.8,116.70921985815602,197.62411347517732,-54.71631205673759,26.198581560283714,0.221256038647343,0
0.36666666666666664,0.23333333333333334,0,0,9,9.0,0.8,142.46099290780143,208.5035460992908,-32.66666666666666,33.375886524822704,0.21642512077294687,0
0.36666666666666664,0.23333333333333334,0,0,8,8.0,1.0,174.354609929078,216.7375886524823,-5.815602836879435,36.56737588652484,0.21159420289855072,0
0.4,0.23333333333333334,0,0,7,7.0,1.0,172.42553191489364,220.8368794326241,-14.127659574468055,34.28368794326241,0.20966183574879227,0
0.36666666666666664,0.23333333333333334,0,0,6,6.0,1.0,172.4609929078014,222.0283687943262,-23.45390070921988,26.113475177304935,0.20676328502415459,0
0.26666666666666666,0.23333333333333334,0,0,0,0,0,175.57446808510636,222.6595744680851,-34.829787234042584,12.255319148936167,0.2028985507246377,0
0.5,0.4666666666666667,0,0,0,0,0,223.56737588652481,186.68794326241132,-3.113475177304963,-39.992907801418454,0.1497584541062802,0
0.5666666666666667,0.5333333333333333,0,0,3,3.0,0.0,224.8368794326241,193.97872340425533,30.156028368794324,-0.7021276595744439,0.14782608695652175,0
0.6333333333333333,0.6,0,9,6,2.0,0.2857142857142857,225.79432624113474,193.6950354609929,94.6028368794326,62.50354609929076,0.14879227053140096,0
0.6333333333333333,0.6,0,0,7,6.0,0.6,226.72340425531914,193.6950354609929,55.06382978723403,22.035460992907787,0.1497584541062802,0
0.43333333333333335,0.6,0,0,8,7.5,1.0,216.177304964539,194.5390070921986,21.98581560283685,0.3475177304964632,0.15072463768115943,0
0.43333333333333335,0.3333333333333333,0,0,9,8.5,1.0,184.18439716312056,196.65248226950357,-10.02836879432624,2.4397163120567598,0.15072463768115943,0
0.4,0.3,0,0,10,9.0,0.8,165.84397163120568,203.88652482269504,-27.687943262411352,10.35460992907801,0.15265700483091788,0
0.4,0.3,0,0,10,9.0,0.8,165.68085106382978,215.354609929078,-27.65957446808511,22.01418439716312,0.15458937198067632,0
0.4,0.3,0,0,9,8.5,1.0,186.68794326241132,226.5035460992908,-7.524822695035482,32.29078014184398,0.1565217391304348,0
0.4,0.3,0,0,8,7.5,1.0,193.97872340425533,232.0354609929078,-2.085106382978722,35.97163120567373,0.15555555555555556,0
0.4,0.3,0,0,7,6.5,1.0,193.6950354609929,232.94326241134752,-5.98581560283688,33.26241134751774,0.15555555555555556,0
0.3333333333333333,0.3,0,0,6,6.0,1.0,193.6950354609929,233.0851063829787,-22.21985815602838,17.170212765957416,0.15555555555555556,0
0.13333333333333333,0.3,0,0,0,0,0,194.5390070921986,232.56737588652481,-35.92907801418437,2.0992907801418426,0.15555555555555556,0
1.0,1.0,0,0,0,0,0,234.1985815602837,194.645390070922,2.517730496453936,-37.03546099290779,0.11014492753623188,1
0.43333333333333335,0.23333333333333334,0,0,6,6.0,1.0,235.7163120567376,188.47517730496455,12.418439716312065,-34.82269503546098,0.1855072463768116,0
0.4666666666666667,0.23333333333333334,0,0,7,4.0,0.5,234.57446808510642,185.1985815602837,56.297872340425556,6.921985815602852,0.15942028985507245,0
0.5,0.26666666666666666,0,0,8,6.0,0.6,234.0354609929078,183.40425531914892,63.9078014184397,13.276595744680833,0.13333333333333333,0
0.36666666666666664,0.26666666666666666,0,0,9,8.0,1.0,230.4468085106383,183.6241134751773,37.787234042553195,-9.035460992907815,0.13429951690821257,0
0.4,0.3,0,0,10,8.0,1.0,212.14184397163118,187.0709219858156,24.07801418439712,-0.992907801418454,0.13719806763285025,0
0.43333333333333335,0.3,0,0,11,8.5,1.0,190.56737588652481,195.63829787234042,5.865248226950342,10.936170212765944,0.14106280193236714,0
0.43333333333333335,0.3,0,0,10,8.0,0.8,180.35460992907804,208.05673758865248,-2.475177304964518,25.226950354609926,0.14396135265700483,0
0.43333333333333335,0.3,0,0,9,8.0,1.0,183.61702127659575,217.6950354609929,0.9361702127659726,35.01418439716312,0.14492753623188406,0
0.4,0.3,0,0,8,7.0,1.0,188.47517730496455,221.90070921985816,3.113475177304963,36.539007092198574,0.1468599033816425,0
0.36666666666666664,0.26666666666666666,0,0,7,7.0,1.0,185.1985815602837,221.57446808510636,-7.971631205673731,28.404255319148916,0.1497584541062802,0
0.26666666666666666,0.26666666666666666,0,0,6,6.0,1.0,183.40425531914892,221.22695035460993,-24.978723404255334,12.843971631205676,0.15169082125603864,0
0.13333333333333333,0.2,0,0,0,0,0,183.6241134751773,220.32624113475177,-38.992907801418454,-2.2907801418439817,0.15458937198067632,0
0.3333333333333333,0.5333333333333333,0,0,5,5.0,1.0,215.51773049645388,156.31205673758868,7.198581560283657,-52.007092198581546,0.19130434782608696,0
1.0333333333333334,0.8333333333333334,0,0,5,4.0,0.5,213.65248226950357,202.99290780141845,53.48226950354612,42.82269503546101,0.1932367149758454,0
1.0333333333333334,0.8333333333333334,6,6,5,2.0,0.07142857142857142,213.09929078014184,202.82269503546095,135.9503546099291,125.67375886524819,0.19516908212560385,0
1.0333333333333334,0.8333333333333334,15,6,5,2.0,0.06666666666666667,211.63829787234042,201.3758865248227,149.93617021276594,139.67375886524823,0.1961352657004831,0
0.16666666666666666,0.8333333333333334,0,5,5,5.0,1.0,194.0709219858156,200.6595744680851,-8.20567375886526,-1.6170212765957501,0.19806763285024154,0
0.16666666666666666,0.8333333333333334,0,5,0,0,0,148.54609929078015,200.07801418439715,-56.41134751773049,-4.879432624113491,0.19903381642512077,0
0.3,1.0333333333333334,0,2,6,6.0,1.0,209.3404255319149,139.79432624113474,5.085106382978722,-64.46099290780143,0.22415458937198068,0
1.0333333333333334,1.0333333333333334,0,2,6,6.0,1.0,209.1631205673759,186.74468085106386,41.56737588652484,19.148936170212806,0.22608695652173913,0
1.0333333333333334,1.0333333333333334,7,2,6,2.0,0.0625,208.18439716312056,191.53191489361703,121.43971631205673,104.7872340425532,0.22705314009661837,0
1.0333333333333334,1.0333333333333334,7,2,6,2.0,0.0625,207.14893617021278,193.18439716312056,156.25531914893617,142.29078014184398,0.22801932367149758,0
0.23333333333333334,1.0333333333333334,0,2,6,6.0,1.0,193.1985815602837,195.31914893617022,14.64539007092202,16.765957446808528,0.2289855072463768,0
0.16666666666666666,0.7666666666666667,0,2,0,0,0,152.86524822695034,198.29787234042553,-37.0709219858156,8.361702127659584,0.22995169082125605,0
0.26666666666666666,0.43333333333333335,0,0,9,7.5,1.0,214.51063829787233,168.14893617021278,-1.0,-47.361702127659555,0.22995169082125605,0
0.9666666666666667,0.43333333333333335,0,0,8,6.0,1.0,214.51063829787233,189.56028368794327,11.085106382978722,-13.865248226950342,0.22608695652173913,0
1.0333333333333334,0.43333333333333335,0,0,7,2.0,0.4166666666666667,214.48936170212764,194.81560283687944,77.78723404255317,58.11347517730496,0.22318840579710145,0
1.0333333333333334,0.43333333333333335,0,0,8,2.0,0.38461538461538464,214.73758865248226,194.2836879432624,84.01418439716312,63.56028368794327,0.21932367149758455,0
0.5,0.43333333333333335,0,0,9,8.0,1.0,211.17021276595744,194.3404255319149,32.7659574468085,15.936170212765944,0.2144927536231884,0
0.36666666666666664,0.43333333333333335,0,0,10,9.0,1.0,185.2127659574468,196.90070921985816,-10.106382978723417,1.581560283687935,0.20966183574879227,0
0.36666666666666664,0.23333333333333334,0,0,11,9.5,1.0,156.95035460992906,203.82978723404256,-38.007092198581574,8.872340425531917,0.20579710144927535,0
0.36666666666666664,0.23333333333333334,0,0,10,9.5,1.0,148.60992907801418,214.58156028368793,-45.56028368794327,20.41134751773049,0.2028985507246377,0
0.36666666666666664,0.23333333333333334,0,0,9,8.0,0.8,168.14893617021278,224.26950354609926,-25.57446808510636,30.54609929078012,0.19903381642512077,0
0.36666666666666664,0.23333333333333334,0,0,8,8.0,1.0,189.56028368794327,230.15602836879432,-5.567375886524815,35.02836879432624,0.1961352657004831,0
0.3,0.23333333333333334,0,0,7,7.0,1.0,194.81560283687944,232.6241134751773,-7.035460992907787,30.773049645390074,0.19420289855072465,0
0.3,0.23333333333333334,0,0,6,6.0,1.0,194.2836879432624,233.468085106383,-20.226950354609926,18.957446808510667,0.19033816425120773,0
0.16666666666666666,1.0333333333333334,0,0,0,0,0,232.39716312056737,149.74468085106383,-0.5177304964539076,-83.17021276595744,0.18743961352657004,0
1.0333333333333334,1.0333333333333334,0,0,0,0,0,232.57446808510636,182.97872340425533,1.5106382978723047,-48.08510638297872,0.19130434782608696,0
1.0333333333333334,1.0333333333333334,0,0,6,2.0,0.0625,233.52482269503548,195.70921985815605,140.48226950354612,102.66666666666669,0.1961352657004831,0
1.0333333333333334,1.0333333333333334,8,0,7,2.0,0.0625,233.85106382978722,195.7304964539007,138.12765957446805,100.00709219858156,0.20193236714975846,0
0.3333333333333333,1.0333333333333334,0,0,8,3.0,0.3333333333333333,232.75886524822695,196.2695035460993,74.82269503546101,38.33333333333334,0.20869565217391303,0
0.2,1.0333333333333334,0,0,9,9.0,1.0,185.67375886524823,197.78014184397162,-9.900709219858157,2.205673758865231,0.21545893719806763,0
0.23333333333333334,0.7,0,2,11,11.0,1.0,206.84397163120568,163.29787234042553,0.7588652482269538,-42.787234042553195,0.2782608695652174,0
0.7666666666666667,0.7666666666666667,0,2,11,11.0,1.0,206.93617021276597,167.43262411347516,3.063829787234056,-36.43971631205676,0.28019323671497587,0
0.8,0.8,0,2,11,2.0,0.2727272727272727,207.57446808510636,159.89361702127658,61.936170212765944,14.255319148936167,0.2811594202898551,0
0.8333333333333334,0.8333333333333334,0,2,11,4.0,0.5,207.43971631205673,155.85106382978722,62.609929078014176,11.021276595744666,0.28019323671497587,0
0.36666666666666664,0.8333333333333334,0,2,11,8.0,1.0,206.07092198581563,158.38297872340425,29.602836879432658,-18.085106382978722,0.2792270531400966,0
0.43333333333333335,0.3333333333333333,0,2,10,9.0,1.0,185.1985815602837,164.5886524822695,16.602836879432658,-4.007092198581546,0.28019323671497587,0
0.5,0.26666666666666666,0,2,10,9.0,0.8333333333333334,164.78014184397162,173.5035460992908,7.54609929078012,16.269503546099287,0.28019323671497587,0
0.4666666666666667,0.26666666666666666,0,2,10,9.0,1.0,155.645390070922,183.14184397163118,1.794326241134769,29.290780141843953,0.2821256038647343,0
0.43333333333333335,0.26666666666666666,0,3,9,7.5,0.8333333333333334,163.29787234042553,190.90070921985816,6.829787234042556,34.432624113475185,0.28405797101449276,0
0.3333333333333333,0.26666666666666666,0,3,8,7.0,1.0,167.43262411347519,195.53191489361703,2.6028368794326298,30.702127659574472,0.28502415458937197,0
0.3333333333333333,0.26666666666666666,0,3,7,7.0,1.0,159.89361702127658,197.4964539007092,-12.574468085106389,25.02836879432624,0.28599033816425123,0
0.3,0.26666666666666666,0,3,6,6.0,1.0,155.85106382978725,198.78014184397162,-27.361702127659555,15.567375886524815,0.28599033816425123,0
0.2,0.26666666666666666,1,3,0,0,0,158.38297872340425,199.92907801418437,-35.36170212765958,6.184397163120536,0.28599033816425123,0
0.13333333333333333,0.3333333333333333,0,5,0,0,0,202.51063829787236,142.77304964539007,-2.702127659574444,-62.43971631205673,0.28309178743961355,0
0.9666666666666667,1.0,0,5,6,6.0,1.0,203.1631205673759,172.2482269503546,9.24822695035462,-21.666666666666686,0.2792270531400966,0
1.0,1.0333333333333334,0,5,7,2.0,0.3333333333333333,203.52482269503545,171.7517730496454,80.52482269503545,48.75177304964541,0.2753623188405797,0
1.0333333333333334,1.0333333333333334,0,6,8,2.0,0.2,204.0283687943262,172.14893617021275,121.53900709219856,89.6595744680851,0.2714975845410628,0
0.4,1.0333333333333334,0,0,9,8.0,0.8,200.93617021276597,174.7446808510638,27.51063829787236,1.319148936170194,0.26763285024154587,0
0.36666666666666664,1.0333333333333334,0,0,10,9.0,1.0,174.04255319148936,179.52482269503548,1.6382978723404165,7.120567375886537,0.2647342995169082,0
0.36666666666666664,0.23333333333333334,0,0,10,9.0,0.8,133.13475177304966,186.95744680851064,-37.78014184397162,16.04255319148936,0.2618357487922705,0
0.36666666666666664,0.23333333333333334,0,0,10,9.0,0.8,126.30496453900709,197.85815602836882,-45.631205673758856,25.92198581560288,0.2589371980676328,0
0.36666666666666664,0.23333333333333334,0,0,9,8.0,0.8,142.77304964539007,208.76595744680853,-30.82269503546098,35.17021276595747,0.2560386473429952,0
0.3333333333333333,0.23333333333333334,0,0,8,7.5,1.0,172.2482269503546,216.8368794326241,-6.45390070921988,38.13475177304963,0.25217391304347825,0
0.3,0.23333333333333334,0,0,7,6.5,1.0,171.7517730496454,219.5531914893617,-14.524822695035454,33.27659574468083,0.2492753623188406,0
0.26666666666666666,0.23333333333333334,0,0,6,6.0,1.0,172.14893617021275,218.9645390070922,-23.744680851063833,23.07092198581563,0.2463768115942029,0
0.23333333333333334,0.3333333333333333,0,0,11,11.0,1.0,219.3758865248227,182.9645390070922,-0.7517730496453794,-37.16312056737587,0.19033816425120773,0
0.43333333333333335,0.36666666666666664,0,0,11,11.0,1.0,219.98581560283688,192.61702127659575,13.624113475177296,-13.744680851063833,0.19033816425120773,0
0.4666666666666667,0.4,0,8,11,6.0,0.6,219.96453900709218,191.15602836879432,44.241134751773046,15.432624113475185,0.19033816425120773,0
0.4666666666666667,0.43333333333333335,0,1,11,6.5,0.6666666666666666,219.96453900709218,191.29078014184395,58.13475177304963,29.460992907801398,0.18937198067632852,0
0.4,0.43333333333333335,0,0,11,8.0,1.0,215.34751773049643,193.1985815602837,20.432624113475157,-1.7163120567375643,0.18840579710144928,0
0.43333333333333335,0.4666666666666667,0,0,11,8.0,1.0,200.73758865248226,196.8794326241135,8.588652482269481,4.730496453900713,0.18647342995169083,0
0.43333333333333335,0.3,0,0,11,9.0,1.0,181.30496453900707,203.14184397163118,-9.48226950354612,12.35460992907798,0.18454106280193236,0
0.43333333333333335,0.3,0,0,11,9.0,1.0,177.48936170212767,214.06382978723403,-13.042553191489361,23.531914893617,0.1826086956521739,0
0.43333333333333335,0.3,0,0,11,9.0,1.0,182.9645390070922,223.08510638297875,-9.588652482269481,30.531914893617056,0.1826086956521739,0
0.4,0.3,0,0,11,8.0,1.0,192.61702127659578,229.29787234042553,-3.8936170212765546,32.787234042553195,0.18067632850241547,0
0.4,0.26666666666666666,0,0,11,7.0,1.0,191.15602836879432,229.68794326241132,-10.418439716312065,28.113475177304935,0.17971014492753623,0
0.3,0.23333333333333334,0,0,11,6.0,1.0,191.29078014184395,230.29078014184395,-20.049645390070935,18.950354609929065,0.17777777777777778,0
0.16666666666666666,0.2,0,0,11,11.0,1.0,193.19858156028366,230.78014184397162,-36.078014184397205,1.5035460992907588,0.1758454106280193,0
1.0,1.0,0,0,5,4.5,1.0,231.63829787234044,199.31205673758862,17.80851063829789,-14.517730496453936,0.13140096618357489,1
0.5862068965517241,0.3448275862068966,0,0,7,6.0,1.0,231.1439393939394,175.28787878787878,26.689393939393938,-29.166666666666686,0.1331168831168831,1
0.5862068965517241,0.3448275862068966,0,0,8,6.0,0.8,229.34848484848484,179.7348484848485,45.28030303030303,-4.333333333333314,0.1471861471861472,0
0.5862068965517241,0.3448275862068966,0,0,9,5.0,0.6666666666666666,224.8257575757576,190.0,50.71212121212122,15.886363636363626,0.16774891774891776,0
0.5862068965517241,0.3448275862068966,0,0,10,5.5,0.6666666666666666,216.3106060606061,197.6590909090909,42.94696969696972,24.295454545454533,0.18722943722943722,0
0.5517241379310345,0.20689655172413793,0,0,10,5.5,0.6666666666666666,202.0909090909091,201.58333333333334,29.090909090909093,28.583333333333343,0.20238095238095238,0
0.5172413793103449,0.20689655172413793,0,0,9,6.0,1.0,187.54545454545453,196.62878787878788,8.045454545454533,17.128787878787875,0.21428571428571427,0
0.4827586206896552,0.20689655172413793,0,0,8,5.5,1.0,177.18181818181816,184.86363636363635,-9.522727272727309,-1.840909090909122,0.22294372294372294,0
0.4482758620689655,0.3103448275862069,0,0,7,5.0,1.0,173.49242424242425,166.05303030303028,-30.303030303030283,-37.74242424242425,0.23160173160173161,0
0.41379310344827586,0.3448275862068966,0,0,6,5.0,1.0,175.28787878787878,151.5909090909091,-27.189393939393938,-50.886363636363626,0.23917748917748918,0
0.4827586206896552,0.3793103448275862,0,0,5,5.0,1.0,179.7348484848485,149.81060606060603,-18.74242424242422,-48.666666666666686,0.24458874458874458,0
0.6551724137931034,0.6896551724137931,0,0,5,5.0,1.0,190.0,162.53787878787878,1.068181818181813,-26.393939393939405,0.24458874458874458,0
0.7586206896551724,0.6551724137931034,0,0,6,5.0,1.0,197.6590909090909,180.81818181818184,30.47727272727272,13.636363636363654,0.23917748917748918,0
0.6896551724137931,0.6206896551724138,0,0,7,5.0,1.0,201.58333333333334,194.9242424242424,59.53787878787881,52.878787878787875,0.22943722943722944,0
0.6551724137931034,0.5862068965517241,0,0,7,5.0,1.0,196.62878787878788,200.3560606060606,51.08333333333334,54.81060606060606,0.21536796536796537,0
0.5862068965517241,0.5862068965517241,0,0,7,5.0,1.0,184.86363636363637,198.74242424242425,23.02272727272728,36.901515151515156,0.2012987012987013,0
0.5172413793103449,0.5172413793103449,0,0,7,5.0,1.0,166.0530303030303,200.46969696969697,-14.174242424242408,20.24242424242425,0.18722943722943722,0
0.4827586206896552,0.4482758620689655,0,0,7,7.0,1.0,151.5909090909091,211.27272727272725,-48.79545454545453,10.886363636363626,0.17857142857142858,0
0.5172413793103449,0.3448275862068966,0,0,7,5.0,1.0,149.81060606060603,223.06060606060603,-54.34848484848487,18.901515151515127,0.19047619047619047,0
0.5172413793103449,0.3448275862068966,0,0,6,4.0,1.0,162.53787878787878,230.4242424242424,-33.9848484848485,33.90151515151513,0.20562770562770563,0
0.27586206896551724,0.7241379310344828,0,0,0,0,0,223.0606060606061,184.15151515151513,-3.4621212121211897,-42.37121212121215,0.1829004329004329,0
0.8275862068965517,0.7241379310344828,0,0,4,3.5,0.5,230.4242424242424,198.46212121212122,22.833333333333314,-9.128787878787875,0.18398268398268397,0
0.8275862068965517,0.7241379310344828,0,0,5,2.0,0.18181818181818182,230.25757575757575,194.66666666666666,72.00757575757575,36.41666666666666,0.18073593073593072,0
0.8275862068965517,0.7241379310344828,0,0,5,2.0,0.18181818181818182,228.7954545454546,193.80303030303034,80.72727272727278,45.73484848484853,0.17965367965367965,0
0.4827586206896552,0.7241379310344828,0,0,5,5.0,1.0,220.84848484848484,193.5151515151515,19.00757575757575,-8.325757575757592,0.1829004329004329,0
0.4827586206896552,0.7241379310344828,0,0,5,5.0,1.0,197.45454545454547,176.12121212121212,-5.090909090909065,-26.424242424242408,0.18398268398268397,0
0.4482758620689655,0.3103448275862069,0,0,5,4.0,0.8,171.30303030303028,169.08333333333334,-19.696969696969717,-21.916666666666657,0.18398268398268397,0
0.41379310344827586,0.3103448275862069,0,0,5,4.0,0.75,169.38636363636363,174.84848484848484,-21.06818181818184,-15.606060606060623,0.18722943722943722,0
0.4482758620689655,0.5172413793103449,0,0,5,4.0,0.75,184.15151515151516,195.36363636363635,-15.803030303030312,-4.590909090909122,0.2077922077922078,0
0.7931034482758621,0.5172413793103449,0,0,6,4.0,1.0,198.46212121212122,199.87121212121212,8.325757575757592,9.734848484848499,0.22077922077922077,0
0.6206896551724138,0.5172413793103449,2,0,7,1.0,0.25,194.66666666666666,196.29545454545453,56.39393939393938,58.02272727272725,0.22510822510822512,0
0.6551724137931034,0.5172413793103449,2,0,8,5.0,0.6666666666666666,193.80303030303034,198.85606060606062,14.962121212121247,20.01515151515153,0.2305194805194805,0
0.4482758620689655,0.5172413793103449,0,0,9,5.0,0.6666666666666666,193.51515151515153,201.84848484848487,-13.916666666666657,-5.583333333333314,0.23376623376623376,0
0.4827586206896552,0.3448275862068966,0,0,9,5.0,0.6666666666666666,176.12121212121212,180.09848484848487,-23.69696969696969,-19.71969696969694,0.21861471861471862,0
0.4827586206896552,0.3103448275862069,0,0,9,4.5,0.75,169.08333333333334,171.62878787878788,-23.28030303030303,-20.7348484848485,0.2012987012987013,0
0.4482758620689655,0.3103448275862069,0,0,8,4.0,0.6666666666666666,174.84848484848484,175.09848484848484,-21.856060606060623,-21.606060606060623,0.19805194805194806,0
0.41379310344827586,0.8620689655172413,0,0,7,5.5,1.0,195.36363636363637,202.19696969696972,-12.136363636363626,-5.303030303030283,0.19047619047619047,0
0.7931034482758621,0.8620689655172413,0,0,6,5.0,1.0,199.87121212121212,207.9393939393939,-1.4696969696969688,6.598484848484816,0.17965367965367965,0
0.6896551724137931,0.6551724137931034,0,0,6,2.0,0.2222222222222222,196.2954545454546,201.53787878787878,64.84090909090912,70.08333333333331,0.1699134199134199,0
0.5172413793103449,0.6551724137931034,0,0,7,3.0,0.4,198.85606060606062,197.30303030303028,16.76515151515153,15.21212121212119,0.16125541125541126,0
0.3448275862068966,0.6551724137931034,0,0,8,6.0,0.6666666666666666,201.84848484848487,201.08333333333334,-9.901515151515127,-10.666666666666657,0.15151515151515152,0
0.41379310344827586,0.3103448275862069,0,0,8,6.0,1.0,180.09848484848484,213.30303030303028,-32.651515151515156,0.5530303030302832,0.12878787878787878,0
0.4482758620689655,0.3103448275862069,0,0,8,5.0,1.0,171.62878787878788,223.44696969696972,-27.689393939393938,24.128787878787904,0.11580086580086581,0
0.4482758620689655,0.3103448275862069,0,0,8,5.0,1.0,175.09848484848487,230.0757575757576,-17.44696969696966,37.53030303030306,0.10930735930735931,0
0.41379310344827586,0.27586206896551724,0,0,7,4.0,1.0,202.19696969696972,230.61363636363635,2.1515151515151842,30.568181818181813,0.10173160173160173,0
0.3448275862068966,0.27586206896551724,0,0,6,5.0,1.0,207.9393939393939,231.20454545454547,-2.7196969696969973,20.54545454545456,0.09199134199134198,0
0.20689655172413793,0.20689655172413793,0,0,0,0,0,201.53787878787878,232.19696969696972,-27.666666666666686,2.9924242424242493,0.10281385281385282,0
0.1724137931034483,0.3448275862068966,0,0,0,0,0,232.19696969696966,179.37121212121212,-1.55303030303034,-54.378787878787875,0.10822510822510822,0
0.6896551724137931,0.3448275862068966,0,0,1,1.0,0.0,232.84848484848484,194.1893939393939,1.5075757575757507,-37.151515151515184,0.10822510822510822,0
0.6551724137931034,0.3448275862068966,0,0,6,3.0,0.42857142857142855,233.05303030303028,185.5151515151515,61.21212121212119,13.674242424242408,0.11255411255411256,0
0.6551724137931034,0.3448275862068966,0,0,7,3.0,0.42857142857142855,233.12878787878788,180.13636363636363,79.03787878787878,26.045454545454533,0.12121212121212122,0
0.4482758620689655,0.3448275862068966,0,0,7,6.5,0.75,232.65151515151516,188.08333333333334,51.03787878787878,6.469696969696969,0.12987012987012986,0
0.3103448275862069,0.3793103448275862,0,0,7,7.0,1.0,212.3106060606061,209.89393939393938,9.901515151515184,7.48484848484847,0.13852813852813853,0
0.4827586206896552,0.3793103448275862,0,0,7,7.0,1.0,185.75757575757575,214.19696969696966,-12.787878787878782,15.651515151515127,0.1471861471861472,0
0.4827586206896552,0.3793103448275862,0,5,7,6.0,0.6,169.18181818181822,202.78030303030303,13.590909090909122,47.18939393939394,0.15584415584415584,0
0.4482758620689655,0.3793103448275862,0,0,6,6.0,1.0,179.37121212121212,194.5,-6.901515151515156,8.22727272727272,0.16558441558441558,0
0.1724137931034483,0.3793103448275862,0,0,0,0,0,194.1893939393939,193.0757575757576,-28.196969696969717,-29.310606060606034,0.17424242424242425,0
0.2413793103448276,0.2413793103448276,0,0,6,6.0,1.0,185.5151515151515,194.63636363636365,-35.50757575757578,-26.386363636363626,0.17965367965367965,0
0.3103448275862069,0.3103448275862069,0,0,7,6.0,1.0,180.13636363636363,192.87878787878788,-19.04545454545456,-6.303030303030312,0.17965367965367965,0
0.3793103448275862,0.3103448275862069,0,0,8,7.0,1.0,188.08333333333334,191.60606060606062,-0.05303030303028322,3.4696969696969973,0.17857142857142858,0
0.3793103448275862,0.3103448275862069,0,0,9,8.0,1.0,209.89393939393938,191.1439393939394,13.71212121212119,-5.037878787878782,0.16017316017316016,0
0.41379310344827586,0.3103448275862069,0,0,9,9.0,1.0,214.19696969696972,192.9242424242424,19.28787878787881,-1.9848484848484986,0.14177489177489178,0
0.41379310344827586,0.27586206896551724,0,0,10,9.0,1.0,202.78030303030303,198.8257575757576,9.962121212121218,6.007575757575779,0.13095238095238096,0
0.41379310344827586,0.27586206896551724,0,0,10,8.5,1.0,194.5,209.79545454545453,3.5909090909090935,18.886363636363626,0.12337662337662338,0
0.41379310344827586,0.27586206896551724,0,0,9,8.0,1.0,193.0757575757576,221.19696969696972,1.9848484848484986,30.106060606060623,0.11580086580086581,0
0.4482758620689655,0.27586206896551724,0,0,8,7.0,0.8,194.63636363636365,228.45454545454547,3.2045454545454675,37.02272727272728,0.09632034632034632,0
0.4482758620689655,0.27586206896551724,0,0,7,6.5,0.75,192.87878787878788,230.25757575757575,-3.3712121212121247,34.00757575757575,0.0854978354978355,0
0.3793103448275862,0.27586206896551724,0,0,6,6.0,1.0,191.6060606060606,229.90151515151516,-17.189393939393938,21.106060606060623,0.08441558441558442,0
0.2413793103448276,0.2413793103448276,0,0,0,0,0,191.14393939393938,229.95454545454547,-33.19696969696972,5.613636363636374,0.08225108225108226,0
1.0344827586206897,0.6551724137931034,0,0,0,0,0,230.1590909090909,204.54545454545453,-0.613636363636374,-26.227272727272748,0.07792207792207792,0
1.0344827586206897,0.6551724137931034,0,0,3,3.0,0.0,229.40151515151516,227.61363636363637,95.37878787878788,93.5909090909091,0.08008658008658008,0
1.0344827586206897,0.6551724137931034,0,0,3,1.0,0.0,228.93181818181816,225.89393939393938,131.09090909090907,128.05303030303028,0.08225108225108226,0
0.7241379310344828,0.6551724137931034,0,0,3,3.0,0.0,229.66666666666666,224.3939393939394,71.78030303030303,66.50757575757578,0.08441558441558442,0
0.1724137931034483,0.6551724137931034,0,0,0,0,0,198.18939393939397,223.1742424242424,-30.878787878787847,-5.893939393939405,0.08766233766233766,0
0.27586206896551724,0.7586206896551724,0,4,0,0,0,208.46969696969697,148.74242424242425,1.9696969696969688,-57.75757575757575,0.19047619047619047,0
1.0344827586206897,1.0344827586206897,0,4,4,4.0,1.0,208.14393939393938,187.79545454545453,34.780303030303,14.431818181818159,0.19264069264069264,0
1.0344827586206897,1.0344827586206897,7,4,4,2.0,0.07142857142857142,207.75757575757575,190.95454545454547,110.87121212121211,94.06818181818183,0.19480519480519481,0
1.0344827586206897,1.0344827586206897,8,4,4,2.0,0.06666666666666667,207.21212121212122,191.5606060606061,133.71212121212122,118.06060606060609,0.19696969696969696,0
0.2413793103448276,1.0344827586206897,0,4,4,4.0,1.0,195.6439393939394,193.55303030303028,14.416666666666686,12.325757575757564,0.19913419913419914,0
0.20689655172413793,1.0344827586206897,0,4,0,0,0,158.91666666666666,195.9848484848485,-32.58333333333334,4.484848484848499,0.2012987012987013,0
0.27586206896551724,0.8620689655172413,0,1,9,9.0,1.0,200.72727272727275,161.29545454545453,-1.4999999999999716,-40.93181818181819,0.19913419913419914,0
0.8620689655172413,0.896551724137931,0,0,9,9.0,1.0,200.8257575757576,175.66666666666666,-0.015151515151501371,-25.174242424242436,0.19805194805194806,0
0.9310344827586207,0.9310344827586207,0,0,8,2.0,0.3333333333333333,201.62121212121212,179.63636363636365,100.68939393939394,78.70454545454547,0.1937229437229437,0
0.8275862068965517,0.9310344827586207,0,0,7,5.5,0.625,202.21212121212122,183.38636363636363,67.32575757575759,48.5,0.18722943722943722,0
0.5517241379310345,0.9655172413793104,0,0,8,7.0,1.0,201.83333333333334,187.5,32.06060606060606,17.72727272727272,0.18073593073593072,0
0.4482758620689655,0.4482758620689655,0,0,9,8.5,1.0,168.0,193.4393939393939,-11.22727272727272,14.21212121212119,0.17424242424242425,0
0.4482758620689655,0.3103448275862069,2,0,10,9.0,1.0,145.55303030303028,199.719696969697,-32.44696969696972,21.719696969696997,0.16883116883116883,0
0.41379310344827586,0.3103448275862069,1,0,11,9.0,1.0,135.1969696969697,210.41666666666666,-46.4848484848485,28.73484848484847,0.16233766233766234,0
0.4482758620689655,0.3103448275862069,0,0,10,8.5,1.0,161.29545454545453,220.6439393939394,-29.181818181818187,30.166666666666686,0.15584415584415584,0
0.4482758620689655,0.27586206896551724,0,0,9,7.5,1.0,175.66666666666666,227.34848484848484,-14.674242424242436,37.00757575757575,0.15151515151515152,0
0.41379310344827586,0.27586206896551724,0,0,8,6.5,1.0,179.63636363636363,229.6590909090909,-19.863636363636374,30.159090909090907,0.1590909090909091,0
0.3448275862068966,0.27586206896551724,0,0,7,6.5,1.0,183.38636363636363,229.20454545454547,-25.931818181818187,19.886363636363654,0.16666666666666666,0
0.2413793103448276,0.2413793103448276,0,0,6,6.0,1.0,187.5,229.81818181818184,-34.93181818181819,7.3863636363636545,0.16774891774891776,0
0.2413793103448276,0.20689655172413793,0,0,0,0,0,229.6590909090909,188.44696969696966,-1.1590909090909065,-42.37121212121215,0.15692640692640691,0
0.41379310344827586,0.20689655172413793,0,0,0,0,0,229.20454545454547,191.88636363636363,14.068181818181841,-23.25,0.170995670995671,0
0.41379310344827586,0.20689655172413793,11,0,6,6.0,0.6666666666666666,229.81818181818184,173.84848484848484,45.20454545454547,-10.76515151515153,0.17532467532467533,0
0.41379310344827586,0.20689655172413793,11,0,6,6.0,0.6666666666666666,230.30303030303034,170.6060606060606,57.32575757575762,-2.3712121212121247,0.18181818181818182,0
0.3448275862068966,0.2413793103448276,0,0,6,6.0,1.0,225.74242424242425,164.89393939393938,30.51515151515153,-30.333333333333343,0.19047619047619047,0
0.4827586206896552,0.3793103448275862,0,0,6,6.0,1.0,210.1893939393939,155.21212121212122,13.053030303030283,-41.92424242424241,0.2012987012987013,0
0.5862068965517241,0.3793103448275862,0,0,6,6.0,1.0,190.9090909090909,131.21969696969697,7.613636363636374,-52.075757575757564,0.2132034632034632,0
0.5862068965517241,0.3793103448275862,5,0,6,5.0,0.6666666666666666,184.27272727272725,133.36363636363637,43.15909090909088,-7.75,0.22510822510822512,0
0.896551724137931,0.41379310344827586,0,0,6,5.0,1.0,188.44696969696972,151.84848484848484,1.0378787878788103,-35.56060606060606,0.237012987012987,0
1.0344827586206897,0.41379310344827586,0,0,6,3.5,0.5,191.88636363636363,170.12878787878788,25.72727272727272,3.969696969696969,0.24675324675324675,0
1.0344827586206897,0.41379310344827586,0,5,6,2.5,0.3333333333333333,173.84848484848484,169.61363636363637,61.78030303030303,57.54545454545456,0.2532467532467532,0
1.0344827586206897,0.41379310344827586,0,5,7,3.0,0.375,170.6060606060606,170.79545454545453,55.17424242424241,55.363636363636346,0.2554112554112554,0
0.3103448275862069,0.41379310344827586,1,5,8,7.0,1.0,164.8939393939394,171.41666666666666,-7.696969696969688,-1.1742424242424363,0.2554112554112554,0
0.3448275862068966,0.4482758620689655,0,0,6,6.0,1.0,219.62878787878788,162.6742424242424,-0.09848484848484418,-57.05303030303031,0.16774891774891776,0
0.5517241379310345,0.4827586206896552,0,0,6,4.5,0.5,220.3409090909091,173.72727272727275,23.818181818181813,-22.795454545454533,0.17316017316017315,0
0.6206896551724138,0.5862068965517241,0,7,6,2.5,0.3333333333333333,220.16666666666666,168.469696969697,67.37121212121212,15.674242424242465,0.17316017316017315,0
0.6206896551724138,0.5862068965517241,0,8,7,3.0,0.42857142857142855,220.36363636363637,167.42424242424244,88.56818181818184,35.628787878787904,0.17424242424242425,0
0.4482758620689655,0.5862068965517241,0,0,8,7.5,1.0,212.21969696969697,171.16666666666666,29.74242424242425,-11.310606060606062,0.17532467532467533,0
0.5172413793103449,0.5862068965517241,0,0,9,8.0,1.0,189.68181818181816,177.3939393939394,15.931818181818159,3.643939393939405,0.1764069264069264,0
0.5172413793103449,0.3103448275862069,0,0,10,8.5,0.8333333333333334,160.37121212121212,186.66666666666666,-4.583333333333343,21.71212121212119,0.1764069264069264,0
0.5862068965517241,0.3103448275862069,0,0,10,9.0,1.0,155.6893939393939,200.02272727272725,-11.015151515151558,33.318181818181785,0.17532467532467533,0
0.5517241379310345,0.3103448275862069,0,0,9,8.5,0.8333333333333334,162.6742424242424,211.52272727272725,-7.939393939393966,40.90909090909088,0.17532467532467533,0
0.4827586206896552,0.3103448275862069,0,0,10,8.0,0.8333333333333334,173.72727272727275,218.29545454545453,-2.454545454545439,42.113636363636346,0.17532467532467533,0
0.4827586206896552,0.3103448275862069,0,0,10,7.0,1.0,168.46969696969697,218.46969696969697,-16.916666666666657,33.08333333333334,0.17424242424242425,0
0.5172413793103449,0.3103448275862069,0,0,9,6.0,1.0,167.42424242424246,218.06818181818184,-31.007575757575722,19.636363636363654,0.17207792207792208,0
0.3793103448275862,0.3103448275862069,0,0,8,8.0,1.0,171.16666666666666,219.1439393939394,-45.08333333333334,2.893939393939405,0.16666666666666666,0
0.27586206896551724,0.20689655172413793,0,0,7,5.5,1.0,177.3939393939394,221.030303030303,-42.49242424242422,1.1439393939393767,0.1461038961038961,0
0.3448275862068966,0.7241379310344828,0,0,8,8.0,1.0,223.99242424242425,182.96212121212122,1.3787878787878753,-39.651515151515156,0.1331168831168831,0
0.8620689655172413,0.8275862068965517,0,0,7,7.0,1.0,224.2651515151515,184.95454545454547,23.787878787878782,-15.522727272727252,0.13528138528138528,0
0.896551724137931,0.8275862068965517,0,11,6,1.0,0.2727272727272727,224.10606060606062,185.7348484848485,130.26515151515153,91.8939393939394,0.1341991341991342,0
0.5172413793103449,0.8275862068965517,0,0,7,6.5,1.0,223.40151515151516,188.75,44.74242424242425,10.090909090909093,0.1331168831168831,0
0.5172413793103449,0.8275862068965517,0,0,8,7.5,1.0,215.50757575757575,191.9242424242424,29.098484848484844,5.515151515151501,0.13095238095238096,0
0.4827586206896552,0.27586206896551724,0,0,9,8.0,1.0,172.3106060606061,195.1590909090909,-11.507575757575722,11.340909090909093,0.12987012987012986,0
0.4482758620689655,0.27586206896551724,0,0,9,9.0,1.0,157.6590909090909,202.59848484848484,-26.97727272727272,17.962121212121218,0.13095238095238096,0
0.3793103448275862,0.27586206896551724,0,0,10,9.0,1.0,152.96969696969697,213.74242424242425,-35.78030303030303,24.99242424242425,0.13203463203463203,0
0.3793103448275862,0.27586206896551724,0,0,10,8.5,1.0,182.96212121212122,224.3409090909091,-9.901515151515156,31.47727272727272,0.13203463203463203,0
0.3793103448275862,0.27586206896551724,0,0,9,7.5,1.0,184.95454545454547,229.05303030303034,-9.204545454545439,34.893939393939434,0.13203463203463203,0
0.3793103448275862,0.27586206896551724,0,0,8,7.0,1.0,185.7348484848485,229.3939393939394,-12.719696969696969,30.939393939393938,0.13095238095238096,0
0.3103448275862069,0.27586206896551724,0,0,7,6.5,1.0,188.75,228.2348484848485,-26.431818181818187,13.053030303030312,0.1277056277056277,0
0.1724137931034483,0.20689655172413793,0,0,6,6.0,1.0,191.9242424242424,227.46969696969697,-35.666666666666686,-0.12121212121212466,0.12445887445887446,0
0.20689655172413793,0.20689655172413793,0,0,0,0,0,228.97727272727272,185.29545454545453,-1.5,-45.18181818181819,0.10714285714285714,0
0.3103448275862069,0.2413793103448276,0,0,0,0,0,229.2651515151515,180.08333333333334,4.765151515151501,-44.41666666666666,0.11255411255411256,0
0.3103448275862069,0.3103448275862069,0,14,6,6.0,1.0,229.99242424242425,174.9848484848485,54.378787878787875,-0.6287878787878753,0.11471861471861472,0
0.3793103448275862,0.3103448275862069,0,0,7,7.0,0.75,230.52272727272725,175.79545454545453,41.74999999999997,-12.977272727272748,0.11255411255411256,0
0.3793103448275862,0.3103448275862069,0,0,8,8.0,0.8,228.68181818181816,182.02272727272725,39.68181818181816,-6.977272727272748,0.11038961038961038,0
0.4482758620689655,0.3103448275862069,0,0,9,8.0,0.8,210.19696969696972,189.60606060606062,32.08333333333334,11.49242424242425,0.10930735930735931,0
0.41379310344827586,0.27586206896551724,0,0,10,8.5,1.0,196.29545454545453,198.02272727272725,23.159090909090907,24.886363636363626,0.10930735930735931,0
0.4482758620689655,0.27586206896551724,0,0,11,8.5,1.0,184.46212121212122,207.86363636363637,10.75757575757575,34.15909090909091,0.11038961038961038,0
0.4482758620689655,0.27586206896551724,0,0,10,8.0,1.0,185.29545454545453,219.84848484848484,4.75,39.30303030303031,0.11147186147186147,0
0.41379310344827586,0.27586206896551724,0,0,9,7.5,1.0,180.08333333333334,228.56818181818184,-11.73484848484847,36.75000000000003,0.11255411255411256,0
0.41379310344827586,0.27586206896551724,0,0,8,7.0,1.0,174.9848484848485,231.21969696969697,-21.46969696969697,34.7651515151515,0.11147186147186147,0
0.3448275862068966,0.27586206896551724,0,0,7,6.5,1.0,175.79545454545453,229.80303030303028,-30.0,24.00757575757575,0.11038961038961038,0
0.27586206896551724,0.2413793103448276,0,0,6,6.0,1.0,182.02272727272728,228.30303030303028,-39.31818181818181,6.96212121212119,0.10930735930735931,0
1.0344827586206897,1.0,0,0,5,5.0,1.0,229.19696969696972,170.3257575757576,7.492424242424249,-51.378787878787875,0.09199134199134198,1
0.3103448275862069,1.0344827586206897,0,0,0,0,0,230.70454545454547,184.11363636363635,0.863636363636374,-45.72727272727275,0.09090909090909091,0
1.0344827586206897,1.0344827586206897,0,0,4,3.0,0.3333333333333333,231.2348484848485,221.97727272727272,31.80303030303031,22.545454545454533,0.09199134199134198,0
1.0344827586206897,1.0344827586206897,14,13,4,2.0,0.06666666666666667,231.5909090909091,229.4545454545454,189.97727272727272,187.84090909090904,0.09307359307359307,0
1.0344827586206897,1.0344827586206897,15,0,4,2.0,0.1111111111111111,231.03787878787878,228.79545454545453,113.33333333333333,111.09090909090908,0.09523809523809523,0
0.2413793103448276,1.0344827586206897,0,0,4,4.0,1.0,220.31060606060603,229.03030303030303,15.424242424242408,24.143939393939405,0.09740259740259741,0
0.20689655172413793,0.3103448275862069,0,0,0,0,0,156.96212121212122,230.6893939393939,-72.78787878787878,0.9393939393939092,0.09848484848484848,0
1.0,1.0344827586206897,0,0,0,0,0,221.33333333333334,173.96212121212122,6.060606060606062,-41.31060606060606,0.1634199134199134,0
1.0344827586206897,1.0344827586206897,0,0,3,3.0,0.0,220.24242424242425,197.25,85.33333333333334,62.34090909090909,0.16883116883116883,0
1.0344827586206897,1.0344827586206897,0,6,3,1.0,0.0,218.22727272727275,197.31060606060603,132.7727272727273,111.85606060606058,0.17207792207792208,0
1.0344827586206897,1.0344827586206897,0,6,3,3.0,0.0,217.25757575757575,196.27272727272725,91.07575757575756,70.09090909090907,0.17857142857142858,0
0.20689655172413793,1.0344827586206897,0,5,0,0,0,188.8257575757576,196.0151515151515,-8.96969696969694,-1.7803030303030312,0.18506493506493507,0
0.2413793103448276,0.20689655172413793,0,2,0,0,0,203.72727272727272,165.07575757575756,1.204545454545439,-37.44696969696972,0.26406926406926406,0
0.4482758620689655,0.20689655172413793,0,2,0,0,0,202.85606060606062,166.1060606060606,8.53787878787881,-28.212121212121218,0.2662337662337662,0
0.4482758620689655,0.20689655172413793,9,1,6,6.0,0.6666666666666666,201.62878787878788,150.28030303030303,34.128787878787875,-17.21969696969697,0.26731601731601734,0
0.4482758620689655,0.20689655172413793,11,1,7,7.0,0.6666666666666666,201.74242424242425,138.5,54.424242424242436,-8.818181818181813,0.27056277056277056,0
0.3448275862068966,0.2413793103448276,3,0,7,7.0,1.0,199.58333333333334,148.90151515151516,26.74242424242425,-23.939393939393938,0.2748917748917749,0
0.5517241379310345,0.3793103448275862,0,0,7,7.0,1.0,188.11363636363637,126.60606060606062,13.045454545454561,-48.46212121212119,0.2803030303030303,0
0.6206896551724138,0.3793103448275862,4,0,7,6.5,0.75,169.71212121212122,137.78030303030303,19.30303030303031,-12.628787878787875,0.28354978354978355,0
0.6551724137931034,0.3793103448275862,4,0,7,3.0,0.42857142857142855,162.55303030303028,139.8939393939394,37.18939393939392,14.530303030303045,0.28679653679653677,0
0.6551724137931034,1.0344827586206897,4,0,6,4.5,0.5,165.07575757575756,182.26515151515153,25.348484848484844,42.53787878787881,0.28679653679653677,0
1.0344827586206897,1.0344827586206897,0,0,7,6.0,0.6666666666666666,166.10606060606062,186.27272727272728,-15.50757575757575,4.6590909090909065,0.2846320346320346,0
1.0344827586206897,1.0344827586206897,0,0,8,1.0,0.26666666666666666,150.28030303030303,185.4848484848485,91.80303030303031,127.00757575757578,0.2803030303030303,0
0.4482758620689655,1.0344827586206897,0,0,9,7.0,0.75,138.5,185.5151515151515,-34.75,12.265151515151501,0.27705627705627706,0
0.41379310344827586,1.0344827586206897,1,0,10,8.0,1.0,148.90151515151516,186.86363636363635,-39.05303030303031,-1.090909090909122,0.2748917748917749,0
0.2413793103448276,0.20689655172413793,0,0,0,0,0,223.70454545454547,132.84848484848484,-3.1136363636363455,-93.96969696969697,0.18073593073593072,0
1.0344827586206897,1.0344827586206897,0,0,6,6.0,1.0,223.00757575757575,169.74242424242425,0.14393939393937671,-53.121212121212125,0.1829004329004329,0
1.0344827586206897,1.0344827586206897,0,0,6,3.0,0.2857142857142857,223.45454545454547,189.03787878787878,96.22727272727273,61.81060606060605,0.18398268398268397,0
1.0344827586206897,1.0344827586206897,6,0,7,2.0,0.13333333333333333,224.8409090909091,190.91666666666666,146.38636363636363,112.4621212121212,0.18506493506493507,0
0.7241379310344828,1.0344827586206897,7,0,8,3.0,0.4,224.90151515151516,193.11363636363637,92.69696969696969,60.90909090909091,0.18722943722943722,0
0.3448275862068966,1.0344827586206897,0,0,9,7.5,1.0,192.30303030303034,195.04545454545453,4.416666666666714,7.1590909090909065,0.19264069264069264,0
0.8620689655172413,0.8620689655172413,0,0,11,9.0,1.0,205.97727272727272,155.33333333333334,-4.681818181818187,-55.325757575757564,0.2435064935064935,0
0.896551724137931,0.896551724137931,0,0,11,4.5,0.5,206.64393939393938,162.54545454545453,52.348484848484844,8.25,0.25,0
0.9310344827586207,0.9310344827586207,0,0,11,2.5,0.4166666666666667,207.62878787878788,162.81818181818178,93.19696969696969,48.3863636363636,0.25,0
0.7931034482758621,0.9310344827586207,0,0,11,7.0,0.8571428571428571,208.83333333333334,160.4090909090909,67.67424242424244,19.25,0.25,0
0.5517241379310345,0.9655172413793104,0,0,11,7.5,1.0,191.0151515151515,158.76515151515153,28.174242424242408,-4.075757575757564,0.2510822510822511,0
0.5517241379310345,0.3103448275862069,0,0,11,8.0,1.0,159.79545454545453,160.44696969696972,-2.2045454545454675,-1.5530303030302832,0.25216450216450215,0
0.5172413793103449,0.3103448275862069,0,0,11,8.5,1.0,136.62878787878788,170.54545454545456,-26.166666666666657,7.750000000000028,0.2532467532467532,0
0.5517241379310345,0.3103448275862069,0,0,11,9.0,1.0,139.47727272727272,183.87121212121212,-24.181818181818187,20.212121212121218,0.2532467532467532,0
0.5172413793103449,0.3103448275862069,0,0,11,8.0,0.8333333333333334,155.33333333333334,194.78787878787878,0.5606060606060623,40.0151515151515,0.25216450216450215,0
0.4827586206896552,0.27586206896551724,1,0,11,7.0,0.8333333333333334,162.54545454545453,199.41666666666666,4.681818181818159,41.55303030303028,0.2532467532467532,0
0.3793103448275862,0.27586206896551724,2,0,11,7.0,0.75,162.8181818181818,199.31818181818184,-5.8863636363636545,30.613636363636374,0.25432900432900435,0
0.3448275862068966,0.2413793103448276,0,0,11,6.0,1.0,160.4090909090909,197.5,-24.659090909090907,12.431818181818187,0.2554112554112554,0
0.5172413793103449,0.7241379310344828,0,0,0,0,0,204.4090909090909,176.03787878787878,-5.9545454545454675,-34.32575757575759,0.19264069264069264,0
0.7586206896551724,0.7586206896551724,0,0,3,3.0,0.0,207.3257575757576,190.33333333333334,28.371212121212125,11.378787878787875,0.19264069264069264,0
0.7931034482758621,0.8275862068965517,0,0,6,2.0,0.2,209.72727272727275,191.13636363636363,77.68181818181822,59.09090909090909,0.18831168831168832,0
0.8275862068965517,0.8275862068965517,0,0,7,4.5,0.5,210.50757575757578,191.53030303030303,61.166666666666686,42.18939393939394,0.1829004329004329,0
0.4482758620689655,0.8275862068965517,0,0,8,7.5,1.0,200.25757575757578,191.0151515151515,10.643939393939405,1.4015151515151274,0.1774891774891775,0
0.41379310344827586,0.3103448275862069,0,0,9,8.5,1.0,173.78787878787878,192.29545454545453,-15.371212121212125,3.136363636363626,0.17207792207792208,0
0.3793103448275862,0.27586206896551724,0,0,10,9.0,1.0,153.44696969696972,199.6439393939394,-38.780303030303,7.416666666666686,0.16558441558441558,0
0.41379310344827586,0.27586206896551724,0,0,10,9.5,1.0,157.0,212.8257575757576,-35.02272727272728,20.80303030303031,0.16125541125541126,0
0.41379310344827586,0.27586206896551724,0,0,10,9.0,1.0,176.03787878787878,223.9242424242424,-14.303030303030312,33.583333333333314,0.15800865800865802,0
0.41379310344827586,0.27586206896551724,0,0,9,8.0,1.0,190.33333333333334,230.28030303030303,-0.3484848484848442,39.598484848484844,0.15584415584415584,0
0.41379310344827586,0.27586206896551724,0,0,8,7.0,1.0,191.13636363636363,230.4090909090909,-4.727272727272748,34.54545454545453,0.1525974025974026,0
0.3103448275862069,0.27586206896551724,0,0,7,6.0,1.0,191.53030303030303,229.70454545454547,-20.856060606060595,17.31818181818184,0.14935064935064934,0
0.20689655172413793,0.2413793103448276,0,0,6,6.0,1.0,191.0151515151515,227.37878787878788,-39.21212121212122,-2.848484848484844,0.14177489177489178,0
1.0,1.0344827586206897,0,0,6,6.0,1.0,231.6742424242424,159.8409090909091,2.060606060606034,-69.77272727272728,0.10173160173160173,1
0.2413793103448276,0.3448275862068966,0,0,0,0,0,228.6742424242424,181.31818181818184,-5.098484848484873,-52.45454545454544,0.15367965367965367,0
0.4482758620689655,0.3793103448275862,0,0,0,0,0,228.5,189.13636363636363,1.613636363636374,-37.75,0.12554112554112554,0
0.4827586206896552,0.41379310344827586,0,0,6,6.0,0.6,229.98484848484847,188.1742424242424,48.43939393939394,6.628787878787875,0.12012987012987013,0
0.5172413793103449,0.41379310344827586,0,11,7,7.0,0.6,232.1893939393939,189.2348484848485,68.59848484848482,25.643939393939405,0.11796536796536797,0
0.4482758620689655,0.41379310344827586,0,0,8,8.0,1.0,231.34848484848484,190.780303030303,37.14393939393938,-3.4242424242424647,0.11688311688311688,0
0.4827586206896552,0.4482758620689655,0,0,9,8.0,0.8,214.06818181818178,193.95454545454547,27.909090909090878,7.795454545454561,0.11688311688311688,0
0.4827586206896552,0.3103448275862069,0,0,10,9.0,1.0,190.6742424242424,202.5,3.6287878787878753,15.454545454545467,0.11688311688311688,0
0.4827586206896552,0.3103448275862069,0,0,11,9.0,1.0,179.78030303030303,214.84848484848484,-11.537878787878782,23.53030303030303,0.11688311688311688,0
0.4482758620689655,0.3103448275862069,0,0,10,8.0,0.8,181.31818181818184,225.54545454545453,-8.022727272727252,36.20454545454544,0.11580086580086581,0
0.4482758620689655,0.27586206896551724,0,0,9,8.0,1.0,189.13636363636363,232.11363636363635,-2.545454545454561,40.43181818181816,0.11471861471861472,0
0.41379310344827586,0.27586206896551724,0,0,8,7.0,1.0,188.1742424242424,233.87121212121212,-12.666666666666686,33.03030303030303,0.11580086580086581,0
0.3103448275862069,0.27586206896551724,0,0,7,6.0,1.0,189.23484848484847,234.3939393939394,-25.74242424242425,19.416666666666686,0.11796536796536797,0
0.20689655172413793,0.20689655172413793,0,0,6,6.0,1.0,190.780303030303,233.71212121212122,-37.94696969696972,4.984848484848499,0.11796536796536797,0
1.0344827586206897,1.0344827586206897,0,0,6,6.0,1.0,230.71212121212122,206.46212121212122,17.393939393939405,-6.856060606060595,0.1266233766233766,0
1.0344827586206897,1.0344827586206897,0,8,7,2.0,0.25,229.13636363636363,221.94696969696966,118.31818181818181,111.12878787878785,0.12878787878787878,0
1.0344827586206897,1.0344827586206897,12,8,8,2.0,0.13333333333333333,227.63636363636363,221.05303030303034,174.52272727272725,167.93939393939397,0.13095238095238096,0
0.5517241379310345,1.0344827586206897,0,0,9,6.5,1.0,222.75,220.33333333333334,47.77272727272728,45.35606060606062,0.13528138528138528,0
0.20689655172413793,1.0344827586206897,0,0,10,7.0,1.0,183.5,219.28787878787878,-40.113636363636374,-4.325757575757592,0.1396103896103896,0
0.3793103448275862,1.0344827586206897,0,5,0,0,0,213.03787878787875,148.8181818181818,2.7878787878787534,-61.43181818181819,0.2435064935064935,0
1.0344827586206897,1.0344827586206897,0,5,4,3.5,0.5,212.4848484848485,168.41666666666666,57.9848484848485,13.916666666666657,0.24783549783549783,0
1.0344827586206897,1.0344827586206897,3,5,4,1.0,0.13333333333333333,212.87878787878788,170.69696969696972,188.0151515151515,145.83333333333334,0.25,0
1.0,1.0344827586206897,4,5,4,3.5,0.5,212.86363636363637,169.719696969697,100.47727272727273,57.33333333333336,0.2510822510822511,0
0.3103448275862069,1.0344827586206897,5,4,4,4.0,1.0,193.02272727272725,170.9242424242424,31.590909090909065,9.492424242424221,0.25216450216450215,0
0.27586206896551724,0.8620689655172413,0,2,6,6.0,1.0,201.3257575757576,182.4090909090909,2.3484848484848726,-16.568181818181813,0.21428571428571427,0
0.896551724137931,0.896551724137931,0,1,7,5.0,0.5,200.780303030303,187.6893939393939,14.575757575757535,1.4848484848484418,0.21536796536796537,0
0.9310344827586207,0.9310344827586207,0,1,8,1.0,0.25,200.8106060606061,185.55303030303028,107.33333333333336,92.07575757575755,0.2132034632034632,0
0.5517241379310345,0.9310344827586207,0,0,9,6.0,0.8,200.4393939393939,183.78787878787878,31.121212121212096,14.469696969696969,0.20562770562770563,0
0.4482758620689655,0.9655172413793104,0,0,10,7.5,1.0,195.61363636363637,183.84848484848484,5.727272727272748,-6.037878787878782,0.19805194805194806,0
0.4482758620689655,0.3103448275862069,0,0,11,8.0,1.0,159.55303030303028,187.25757575757575,-28.469696969696997,-0.7651515151515298,0.19155844155844157,0
0.4827586206896552,0.3103448275862069,0,0,11,8.5,1.0,149.66666666666666,196.8939393939394,-35.49242424242425,11.734848484848499,0.18722943722943722,0
0.4482758620689655,0.3103448275862069,0,0,11,8.5,1.0,150.8939393939394,210.0,-32.583333333333314,26.52272727272728,0.18181818181818182,0
0.4482758620689655,0.27586206896551724,0,0,10,7.0,0.8,182.4090909090909,222.30303030303028,-0.318181818181813,39.575757575757564,0.17532467532467533,0
0.4827586206896552,0.27586206896551724,0,0,9,7.0,1.0,187.6893939393939,229.13636363636363,2.3484848484848158,43.79545454545453,0.16774891774891776,0
0.4482758620689655,0.27586206896551724,0,0,8,7.5,1.0,185.55303030303028,231.31818181818184,-8.151515151515184,37.613636363636374,0.16125541125541126,0
0.3448275862068966,0.2413793103448276,0,0,7,6.5,1.0,183.78787878787878,230.3257575757576,-27.848484848484844,18.689393939393966,0.15367965367965367,0
0.2413793103448276,1.0344827586206897,0,0,5,5.0,1.0,232.11363636363635,134.83333333333334,-2.045454545454561,-99.32575757575756,0.18614718614718614,0
1.0344827586206897,1.0344827586206897,0,0,5,4.0,0.5,234.15151515151513,164.38636363636363,13.19696969696966,-56.56818181818184,0.19480519480519481,0
1.0344827586206897,1.0344827586206897,2,2,5,2.0,0.06666666666666667,235.28787878787878,172.52272727272728,188.6060606060606,125.8409090909091,0.2012987012987013,0
0.9310344827586207,1.0344827586206897,4,2,5,2.0,0.09090909090909091,235.18181818181816,172.6590909090909,151.2272727272727,88.70454545454545,0.20454545454545456,0
0.27586206896551724,1.0344827586206897,5,2,5,4.0,0.5,230.35606060606062,173.9848484848485,83.31060606060609,26.939393939393966,0.2067099567099567,0
0.1724137931034483,0.5517241379310345,5,2,0,0,0,167.2651515151515,176.27272727272725,-6.234848484848499,2.772727272727252,0.2077922077922078,0
0.6206896551724138,0.6206896551724138,0,4,0,0,0,207.0606060606061,155.85606060606062,-0.5530303030302832,-51.75757575757575,0.2132034632034632,0
0.6896551724137931,0.6551724137931034,0,4,6,3.0,0.3333333333333333,207.0606060606061,161.78787878787878,38.924242424242465,-6.348484848484844,0.21861471861471862,0
0.7241379310344828,0.6896551724137931,0,5,7,3.0,0.3333333333333333,206.65151515151516,159.5757575757576,72.53787878787878,25.462121212121218,0.22077922077922077,0
0.7586206896551724,0.6896551724137931,0,5,8,5.0,0.5,206.84090909090912,158.46212121212122,65.13636363636365,16.75757575757575,0.22077922077922077,0
0.5517241379310345,0.6896551724137931,0,5,9,8.0,1.0,193.9848484848485,159.64393939393938,27.393939393939405,-6.946969696969717,0.22077922077922077,0
0.6206896551724138,0.3448275862068966,0,5,10,8.5,1.0,169.95454545454547,166.27272727272728,10.681818181818187,7.0,0.22186147186147187,0
0.5172413793103449,0.3103448275862069,0,5,11,8.0,0.8,147.9848484848485,180.08333333333334,-11.515151515151501,20.583333333333343,0.22186147186147187,0
0.5517241379310345,0.3103448275862069,0,5,10,8.0,0.8,147.46969696969697,195.05303030303034,-12.484848484848499,35.09848484848487,0.22186147186147187,0
0.5517241379310345,0.3103448275862069,0,0,9,6.5,0.6666666666666666,155.85606060606062,205.4848484848485,-0.0757575757575637,49.55303030303031,0.22186147186147187,0
0.4827586206896552,0.3103448275862069,0,0,8,6.0,0.6666666666666666,161.78787878787878,209.37878787878788,-1.2575757575757507,46.33333333333334,0.22077922077922077,0
0.3793103448275862,0.27586206896551724,0,0,7,7.0,0.6666666666666666,159.5757575757576,208.27272727272725,-20.2651515151515,28.43181818181816,0.22077922077922077,0
0.27586206896551724,0.2413793103448276,0,0,6,6.0,1.0,158.46212121212122,206.530303030303,-38.901515151515156,9.166666666666629,0.22077922077922077,0
0.20689655172413793,0.3448275862068966,1,0,0,0,0,208.2651515151515,137.18181818181816,-3.5984848484848726,-74.68181818181822,0.19696969696969696,0
0.6206896551724138,0.8620689655172413,1,0,0,0,0,209.01515151515153,163.21212121212122,-3.1893939393939377,-48.99242424242425,0.2002164502164502,0
0.8620689655172413,0.896551724137931,1,0,6,3.0,0.14285714285714285,210.44696969696966,181.6893939393939,56.810606060606034,28.053030303030283,0.2002164502164502,0
0.896551724137931,0.9310344827586207,1,7,7,2.5,0.16666666666666666,211.0909090909091,181.5909090909091,111.56818181818183,82.06818181818183,0.1958874458874459,0
0.9310344827586207,0.9310344827586207,1,0,8,3.0,0.3,212.35606060606062,184.55303030303028,85.46969696969698,57.66666666666664,0.19155844155844157,0
0.4482758620689655,0.9655172413793104,0,0,9,8.0,1.0,192.56818181818184,187.05303030303034,7.431818181818215,1.916666666666714,0.18614718614718614,0
0.4482758620689655,0.5172413793103449,0,0,10,8.5,0.75,155.12121212121212,190.81818181818184,-22.49242424242425,13.204545454545467,0.18073593073593072,0
0.4482758620689655,0.3103448275862069,0,0,11,9.0,1.0,126.68181818181817,197.36363636363635,-55.63636363636364,15.045454545454533,0.1764069264069264,0
0.41379310344827586,0.3103448275862069,0,0,11,9.0,1.0,137.18181818181816,208.06818181818184,-47.659090909090935,23.227272727272748,0.17207792207792208,0
0.41379310344827586,0.27586206896551724,0,0,11,8.5,1.0,163.21212121212122,218.9848484848485,-23.287878787878782,32.4848484848485,0.16883116883116883,0
0.41379310344827586,0.27586206896551724,0,0,10,7.5,1.0,181.6893939393939,226.83333333333334,-8.128787878787904,37.01515151515153,0.16666666666666666,0
0.3793103448275862,0.27586206896551724,0,0,9,6.5,1.0,181.5909090909091,229.1742424242424,-14.545454545454533,33.03787878787878,0.1634199134199134,0
0.3448275862068966,0.2413793103448276,0,0,8,7.0,1.0,184.55303030303034,228.88636363636363,-21.583333333333286,22.75,0.16125541125541126,0
0.2413793103448276,0.2413793103448276,0,0,7,7.0,1.0,187.05303030303028,228.38636363636365,-34.878787878787904,6.4545454545454675,0.1396103896103896,0
0.2413793103448276,0.3103448275862069,0,0,0,0,0,228.40151515151513,181.46212121212122,-5.075757575757592,-52.0151515151515,0.10064935064935066,0
0.41379310344827586,0.3793103448275862,0,0,0,0,0,229.34848484848484,189.3560606060606,13.553030303030312,-26.439393939393938,0.10606060606060606,0
0.4827586206896552,0.41379310344827586,0,10,6,4.0,0.5,230.74242424242425,187.8409090909091,57.85606060606062,14.954545454545467,0.10822510822510822,0
0.5172413793103449,0.41379310344827586,0,0,7,6.0,0.6,232.56818181818184,187.3787878787879,68.13636363636365,22.946969696969717,0.11038961038961038,0
0.5172413793103449,0.41379310344827586,0,0,8,7.0,1.0,227.41666666666666,189.3560606060606,36.53030303030303,-1.5303030303030312,0.11038961038961038,0
0.5172413793103449,0.4482758620689655,0,0,9,7.0,1.0,207.38636363636363,193.78030303030303,18.318181818181813,4.712121212121218,0.10930735930735931,0
0.5172413793103449,0.27586206896551724,0,0,9,8.0,1.0,184.37121212121212,201.4393939393939,-3.7424242424242493,13.325757575757535,0.10822510822510822,0
0.4827586206896552,0.27586206896551724,0,0,9,8.0,1.0,176.06818181818184,212.280303030303,-10.272727272727252,25.93939393939391,0.10822510822510822,0
0.4482758620689655,0.27586206896551724,0,0,9,8.0,1.0,181.46212121212122,222.10606060606062,-6.219696969696969,34.424242424242436,0.10714285714285714,0
0.41379310344827586,0.27586206896551724,0,0,9,8.0,1.0,189.3560606060606,229.02272727272725,-4.689393939393938,34.97727272727272,0.10822510822510822,0
0.3793103448275862,0.27586206896551724,0,0,9,7.0,1.0,187.8409090909091,231.16666666666666,-11.77272727272728,31.553030303030283,0.11147186147186147,0
0.3448275862068966,0.2413793103448276,0,0,8,6.0,1.0,187.37878787878788,232.280303030303,-23.28030303030303,21.621212121212096,0.11363636363636363,0
0.2413793103448276,0.2413793103448276,0,0,7,7.0,1.0,189.35606060606062,232.45454545454547,-37.21212121212119,5.8863636363636545,0.11363636363636363,0
1.0344827586206897,1.0344827586206897,0,0,0,0,0,233.08333333333334,194.2651515151515,18.24242424242425,-20.575757575757592,0.10173160173160173,1
0.2413793103448276,0.20689655172413793,0,0,0,0,0,234.09848484848484,195.30303030303034,-0.6287878787878753,-39.42424242424238,0.15692640692640691,0
0.27586206896551724,0.2413793103448276,0,0,6,6.0,1.0,234.2651515151515,195.9242424242424,23.537878787878782,-14.803030303030312,0.1277056277056277,0
0.27586206896551724,0.3103448275862069,0,12,7,6.0,1.0,234.0151515151515,191.8409090909091,44.96969696969697,2.795454545454561,0.09523809523809523,0
0.3448275862068966,0.3103448275862069,0,0,8,7.0,1.0,234.030303030303,190.1893939393939,44.348484848484816,0.5075757575757223,0.09415584415584416,0
0.3793103448275862,0.3103448275862069,0,0,9,8.0,1.0,226.3409090909091,191.15151515151516,26.568181818181813,-8.621212121212125,0.09415584415584416,0
0.4482758620689655,0.3103448275862069,0,0,10,9.0,1.0,211.5,195.28787878787878,15.045454545454533,-1.1666666666666856,0.09415584415584416,0
0.4827586206896552,0.3103448275862069,0,0,10,9.5,1.0,196.4848484848485,203.35606060606062,4.939393939393966,11.81060606060609,0.09415584415584416,0
0.4482758620689655,0.3103448275862069,0,0,10,9.0,1.0,192.83333333333334,216.5,5.310606060606062,28.97727272727272,0.09415584415584416,0
0.41379310344827586,0.3103448275862069,0,0,9,8.0,1.0,195.30303030303034,227.76515151515153,3.80303030303034,36.26515151515153,0.09415584415584416,0
0.41379310344827586,0.3103448275862069,0,0,8,7.5,1.0,195.9242424242424,233.4848484848485,1.492424242424221,39.05303030303031,0.09415584415584416,0
0.3793103448275862,0.27586206896551724,0,0,7,6.5,1.0,191.8409090909091,232.65151515151516,-8.090909090909093,32.71969696969697,0.09415584415584416,0
0.3448275862068966,0.27586206896551724,0,0,6,6.0,1.0,190.1893939393939,231.37121212121212,-25.515151515151558,15.666666666666657,0.09415584415584416,0
0.1724137931034483,0.27586206896551724,0,0,0,0,0,191.15151515151516,230.2651515151515,-42.71212121212122,-3.5984848484848726,0.09199134199134198,0
0.9655172413793104,1.0344827586206897,0,0,0,0,0,229.97727272727272,193.7348484848485,0.5454545454545325,-35.69696969696969,0.07900432900432901,0
1.0344827586206897,1.0344827586206897,0,0,3,3.0,0.0,229.74242424242425,228.18181818181816,73.90151515151516,72.34090909090907,0.08008658008658008,0
1.0344827586206897,1.0344827586206897,11,10,3,1.0,0.0,229.88636363636365,227.969696969697,140.5,138.58333333333337,0.08116883116883117,0
1.0344827586206897,1.0344827586206897,12,0,3,3.0,0.0,230.05303030303034,227.719696969697,105.28030303030307,102.94696969696973,0.08225108225108226,0
0.20689655172413793,1.0344827586206897,0,0,0,0,0,205.0151515151515,227.41666666666666,-23.462121212121218,-1.0606060606060623,0.08333333333333333,0
0.8275862068965517,1.0344827586206897,0,0,4,4.0,1.0,223.05303030303028,176.2651515151515,32.280303030303,-14.507575757575779,0.1829004329004329,0
1.0344827586206897,1.0344827586206897,1,6,4,2.0,0.1,221.11363636363635,181.2045454545454,108.2272727272727,68.31818181818177,0.18614718614718614,0
1.0344827586206897,1.0344827586206897,3,6,4,2.0,0.06666666666666667,218.5,181.4393939393939,201.38636363636363,164.32575757575754,0.1893939393939394,0
0.3103448275862069,1.0344827586206897,5,0,4,4.0,1.0,208.46212121212122,180.86363636363637,41.46212121212122,13.863636363636374,0.19264069264069264,0
0.20689655172413793,1.0344827586206897,5,0,0,0,0,173.41666666666666,180.83333333333334,-6.878787878787875,0.5378787878788103,0.1958874458874459,0
0.2413793103448276,0.4827586206896552,0,3,0,0,0,207.19696969696972,153.3712121212121,2.196969696969717,-51.628787878787904,0.20995670995670995,0
0.8620689655172413,0.6896551724137931,0,3,6,6.0,1.0,207.78787878787878,175.63636363636363,14.537878787878782,-17.613636363636374,0.21428571428571427,0
0.896551724137931,0.7241379310344828,0,3,7,2.0,0.2,206.53787878787878,182.09848484848484,80.26515151515152,55.82575757575758,0.21428571428571427,0
0.9310344827586207,0.7241379310344828,0,3,8,2.0,0.2727272727272727,205.41666666666666,180.2651515151515,88.41666666666666,63.2651515151515,0.21103896103896103,0
0.5517241379310345,0.7586206896551724,0,0,9,7.5,0.75,201.11363636363637,177.91666666666666,39.56818181818184,16.371212121212125,0.2077922077922078,0
0.4482758620689655,0.7586206896551724,0,0,10,9.0,1.0,174.8409090909091,182.19696969696972,-6.7272727272727195,0.6287878787879038,0.20238095238095238,0
0.41379310344827586,0.27586206896551724,0,0,11,9.0,1.0,145.50757575757575,191.18181818181816,-38.28787878787878,7.386363636363626,0.19696969696969696,0
0.41379310344827586,0.27586206896551724,0,0,11,9.0,1.0,134.9393939393939,205.78787878787878,-45.99242424242428,24.856060606060595,0.19155844155844157,0
0.4827586206896552,0.27586206896551724,0,0,11,8.5,1.0,153.37121212121212,217.97727272727275,-22.69696969696969,41.909090909090935,0.18614718614718614,0
0.4827586206896552,0.27586206896551724,0,0,11,7.5,1.0,175.63636363636363,228.12878787878788,-1.113636363636374,51.378787878787875,0.18073593073593072,0
0.4482758620689655,0.27586206896551724,0,0,11,6.5,1.0,182.09848484848484,232.3106060606061,-11.674242424242436,38.53787878787881,0.17532467532467533,0
0.3793103448275862,0.27586206896551724,0,0,11,8.5,1.0,180.2651515151515,231.74242424242425,-22.75757575757578,28.71969696969697,0.1699134199134199,0
0.27586206896551724,0.2413793103448276,0,0,10,5.5,0.5,177.91666666666666,230.58333333333334,-42.651515151515156,10.01515151515153,0.16233766233766234,0
0.20689655172413793,1.0344827586206897,0,0,0,0,0,230.30303030303028,123.15151515151514,0.6666666666666572,-106.48484848484848,0.1958874458874459,0
1.0344827586206897,1.0344827586206897,0,0,0,0,0,231.65151515151516,158.00757575757575,-0.30303030303031164,-73.94696969696972,0.20454545454545456,0
1.0344827586206897,1.0344827586206897,3,1,6,2.0,0.06666666666666667,232.1439393939394,170.69696969696972,171.75757575757578,110.31060606060609,0.20995670995670995,0
1.0344827586206897,1.0344827586206897,4,2,6,2.0,0.06666666666666667,231.28787878787875,171.99242424242425,164.5151515151515,105.21969696969698,0.21428571428571427,0
0.3448275862068966,1.0344827586206897,5,2,6,4.5,0.5,230.91666666666666,172.79545454545453,98.48484848484847,40.363636363636346,0.22077922077922077,0
0.27586206896551724,1.0344827586206897,6,2,6,6.0,1.0,173.99242424242425,175.2348484848485,3.7424242424242493,4.984848484848499,0.2261904761904762,0
0.4482758620689655,0.2413793103448276,0,3,4,4.0,1.0,205.8712121212121,166.6969696969697,-2.3333333333333712,-41.50757575757578,0.2532467532467532,0
0.7931034482758621,0.2413793103448276,0,3,4,3.0,0.5,207.00757575757575,175.99242424242425,18.575757575757564,-12.439393939393938,0.2662337662337662,0
0.8275862068965517,0.2413793103448276,0,4,4,2.0,0.1,206.8409090909091,169.6590909090909,71.93181818181819,34.75,0.2683982683982684,0
0.8275862068965517,0.3793103448275862,0,4,4,2.0,0.125,207.5,168.03787878787878,71.31818181818181,31.856060606060595,0.27164502164502163,0
0.4482758620689655,0.3793103448275862,0,4,3,3.0,0.0,201.4848484848485,177.5606060606061,16.893939393939405,-7.030303030303003,0.2748917748917749,0
0.5517241379310345,0.3793103448275862,0,4,6,4.0,0.5,177.18181818181822,173.6742424242424,-2.1363636363635976,-5.643939393939405,0.28354978354978355,0
0.5517241379310345,0.3448275862068966,0,4,7,3.5,0.5,153.17424242424244,157.63636363636363,-10.893939393939377,-6.431818181818187,0.29545454545454547,0
0.5172413793103449,0.3448275862068966,0,4,8,3.5,0.5,151.89393939393938,147.83333333333334,-13.696969696969717,-17.75757575757575,0.30303030303030304,0
0.41379310344827586,0.3103448275862069,0,4,9,4.0,0.6,166.6969696969697,149.8560606060606,-7.757575757575779,-24.598484848484873,0.3106060606060606,0
0.7241379310344828,0.7586206896551724,0,5,9,4.0,1.0,175.99242424242425,156.96969696969697,-16.643939393939377,-35.66666666666666,0.3181818181818182,0
0.6551724137931034,0.7241379310344828,0,5,9,6.0,0.5,169.6590909090909,150.69696969696972,15.72727272727272,-3.23484848484847,0.3225108225108225,0
0.6896551724137931,0.6896551724137931,0,5,8,3.0,0.4444444444444444,168.03787878787878,149.37121212121212,41.69696969696969,23.03030303030303,0.3235930735930736,0
0.5172413793103449,0.6896551724137931,0,5,7,7.0,0.8,177.5606060606061,155.28787878787878,14.333333333333371,-7.939393939393938,0.32142857142857145,0
0.5517241379310345,0.7241379310344828,0,5,8,7.0,1.0,173.6742424242424,162.92424242424244,13.674242424242408,2.9242424242424363,0.29978354978354976,0
0.5517241379310345,0.3103448275862069,0,5,9,8.0,1.0,157.63636363636363,168.2651515151515,9.954545454545439,20.583333333333314,0.2792207792207792,0
0.5517241379310345,0.3103448275862069,0,5,10,7.0,0.8,147.83333333333334,176.59848484848484,3.4242424242424363,32.18939393939394,0.2727272727272727,0
0.5172413793103449,0.3103448275862069,0,0,10,7.0,0.8,149.85606060606062,189.6742424242424,-6.166666666666657,33.65151515151513,0.2662337662337662,0
0.5517241379310345,0.3103448275862069,0,0,9,7.0,0.8,156.96969696969697,202.12121212121212,-8.462121212121218,36.68939393939394,0.2554112554112554,0
0.5517241379310345,0.3103448275862069,0,0,8,7.0,0.6,150.69696969696972,209.94696969696966,-16.621212121212096,42.62878787878785,0.24458874458874458,0
0.4827586206896552,0.27586206896551724,0,0,7,4.5,0.5,149.37121212121212,212.8712121212121,-22.674242424242408,40.825757575757564,0.23484848484848486,0
0.3793103448275862,0.2413793103448276,0,0,6,4.5,0.5,155.28787878787878,214.25,-35.143939393939405,23.818181818181813,0.22727272727272727,0
0.20689655172413793,0.3103448275862069,1,0,0,0,0,210.969696969697,152.6590909090909,-7.553030303030283,-65.86363636363637,0.1893939393939394,0
0.8620689655172413,0.896551724137931,1,0,6,6.0,1.0,211.83333333333334,184.7348484848485,3.219696969696969,-23.878787878787875,0.18831168831168832,0
0.896551724137931,0.9310344827586207,1,0,7,2.5,0.3333333333333333,213.97727272727272,186.88636363636363,77.4090909090909,50.31818181818181,0.18614718614718614,0
0.9310344827586207,0.9310344827586207,1,8,8,2.0,0.23076923076923078,216.43181818181816,188.12878787878788,124.3181818181818,96.01515151515152,0.1829004329004329,0
0.5172413793103449,0.9655172413793104,1,0,9,7.5,0.75,214.66666666666666,189.05303030303028,33.14393939393938,7.530303030303003,0.18073593073593072,0
0.41379310344827586,0.9655172413793104,0,0,10,9.0,1.0,187.90151515151516,192.1060606060606,3.5606060606060623,7.765151515151501,0.1774891774891775,0
0.3793103448275862,0.27586206896551724,0,0,11,9.0,1.0,145.76515151515153,198.21969696969697,-42.575757575757564,9.878787878787875,0.17207792207792208,0
0.41379310344827586,0.27586206896551724,0,0,11,9.5,1.0,136.73484848484847,208.08333333333334,-51.24242424242425,20.106060606060623,0.16666666666666666,0
0.4482758620689655,0.27586206896551724,0,0,10,9.0,1.0,152.6590909090909,218.28030303030303,-35.40909090909091,30.212121212121218,0.16233766233766234,0
0.4482758620689655,0.27586206896551724,0,0,9,8.0,1.0,184.7348484848485,225.4242424242424,-6.378787878787875,34.310606060606034,0.15800865800865802,0
0.41379310344827586,0.27586206896551724,0,0,8,7.0,1.0,186.88636363636363,228.1742424242424,-10.25,31.037878787878782,0.15692640692640691,0
0.3793103448275862,0.2413793103448276,0,0,7,7.0,1.0,188.12878787878788,228.5606060606061,-18.28030303030303,22.151515151515184,0.15476190476190477,0
0.3448275862068966,0.2413793103448276,0,0,6,6.0,1.0,189.05303030303028,229.15151515151516,-31.651515151515184,8.446969696969688,0.15043290043290045,0
0.3103448275862069,0.20689655172413793,0,0,0,0,0,228.88636363636363,176.3257575757576,-2.2045454545454675,-54.7651515151515,0.11904761904761904,0
0.3793103448275862,0.2413793103448276,0,0,6,6.0,1.0,229.8106060606061,176.86363636363635,24.674242424242465,-28.27272727272728,0.12121212121212122,0
0.41379310344827586,0.3103448275862069,0,11,7,6.0,1.0,231.1212121212121,176.13636363636363,65.780303030303,10.795454545454533,0.12012987012987013,0
0.4482758620689655,0.3103448275862069,0,0,8,7.0,1.0,231.71212121212122,177.5151515151515,57.78030303030303,3.5833333333333144,0.11904761904761904,0
0.4482758620689655,0.3448275862068966,0,0,9,8.0,1.0,222.75757575757575,180.53787878787878,43.53030303030303,1.3106060606060623,0.11796536796536797,0
0.4482758620689655,0.3103448275862069,0,0,9,9.0,1.0,200.52272727272728,186.42424242424246,24.704545454545467,10.606060606060652,0.11796536796536797,0
0.3793103448275862,0.3103448275862069,0,0,10,9.0,0.8,181.46969696969697,198.90151515151516,5.924242424242436,23.356060606060623,0.11796536796536797,0
0.41379310344827586,0.3103448275862069,3,0,10,8.0,0.8,172.83333333333334,214.46212121212122,-4.21212121212119,37.416666666666686,0.11688311688311688,0
0.41379310344827586,0.3103448275862069,2,0,9,8.0,0.8,176.3257575757576,227.13636363636363,-3.6287878787878753,47.18181818181816,0.11688311688311688,0
0.41379310344827586,0.3103448275862069,0,0,8,7.5,1.0,176.86363636363637,231.89393939393938,-7.75,47.280303030303,0.11796536796536797,0
0.41379310344827586,0.3103448275862069,0,0,7,7.0,1.0,176.13636363636363,231.36363636363637,-18.56818181818184,36.65909090909091,0.11904761904761904,0
0.3793103448275862,0.27586206896551724,0,0,6,6.0,1.0,177.5151515151515,229.94696969696972,-39.871212121212125,12.56060606060609,0.11904761904761904,0
0.20689655172413793,0.2413793103448276,0,0,0,0,0,180.53787878787878,229.12121212121212,-50.75757575757575,-2.174242424242408,0.11796536796536797,0
1.0,1.0,0,0,6,5.0,1.0,231.29545454545453,201.47727272727275,27.863636363636346,-1.954545454545439,0.11363636363636363,1
0.4,0.3,0,0,7,6.5,1.0,237.14893617021278,190.10638297872342,17.531914893617028,-29.510638297872333,0.12270531400966184,1
0.5,0.36666666666666664,0,0,8,6.5,0.75,237.31205673758868,190.32624113475177,36.609929078014204,-10.375886524822704,0.14106280193236714,0
0.5333333333333333,0.36666666666666664,0,0,8,7.0,0.6,234.9290780141844,195.58156028368793,43.97163120567376,4.624113475177296,0.15845410628019324,0
0.43333333333333335,0.36666666666666664,0,0,8,5.0,0.5,229.06382978723403,202.21985815602838,38.80851063829786,11.964539007092213,0.17294685990338166,0
0.43333333333333335,0.36666666666666664,0,0,8,5.5,0.6666666666666666,216.9290780141844,207.354609929078,27.503546099290787,17.929078014184398,0.1855072463768116,0
0.43333333333333335,0.2,0,0,8,5.5,0.6666666666666666,203.75886524822695,204.5531914893617,13.120567375886537,13.914893617021278,0.19420289855072465,0
0.4666666666666667,0.2,0,0,7,6.5,1.0,193.97163120567373,194.7234042553192,3.056737588652453,3.8085106382979177,0.2,0
0.4,0.3,0,0,6,5.0,1.0,190.2127659574468,179.2836879432624,-14.978723404255334,-25.907801418439732,0.20676328502415459,0
0.43333333333333335,0.3333333333333333,0,0,6,5.0,1.0,190.10638297872342,166.22695035460993,-20.446808510638277,-44.32624113475177,0.2135265700483092,0
0.5,0.3333333333333333,0,0,6,5.0,1.0,190.32624113475177,161.78014184397162,-15.992907801418454,-44.5390070921986,0.21739130434782608,0
0.6,0.6666666666666666,0,0,7,5.0,1.0,195.58156028368796,169.58156028368793,-1.205673758865231,-27.20567375886526,0.21739130434782608,0
0.7,0.6666666666666666,0,0,7,5.0,1.0,202.21985815602838,186.07801418439718,21.156028368794324,5.01418439716312,0.21642512077294687,0
0.7,0.6333333333333333,0,0,7,5.0,1.0,207.354609929078,201.20567375886526,47.35460992907801,41.20567375886526,0.2135265700483092,0
0.6333333333333333,0.6,0,0,7,5.5,1.0,204.5531914893617,208.1843971631206,46.936170212765944,50.56737588652484,0.20676328502415459,0
0.5666666666666667,0.5666666666666667,0,0,8,5.0,1.0,194.72340425531914,206.48226950354612,27.0,38.75886524822698,0.19710144927536233,0
0.5,0.5333333333333333,0,0,9,5.5,1.0,179.2836879432624,207.0709219858156,-4.120567375886537,23.666666666666657,0.18937198067632852,0
0.4666666666666667,0.43333333333333335,0,0,9,7.0,1.0,166.22695035460995,215.93617021276592,-40.87943262411346,8.829787234042499,0.19806763285024154,0
0.4666666666666667,0.36666666666666664,0,0,9,9.0,1.0,161.78014184397162,226.38297872340425,-51.3262411347518,13.276595744680833,0.2028985507246377,0
0.4666666666666667,0.3333333333333333,0,0,8,8.0,0.6666666666666666,169.58156028368796,233.34751773049643,-34.758865248226925,29.007092198581546,0.19710144927536233,0
0.26666666666666666,0.36666666666666664,0,0,0,0,0,226.38297872340425,196.8368794326241,-6.829787234042556,-36.375886524822704,0.18937198067632852,0
0.7666666666666667,0.36666666666666664,0,0,3,3.0,0.0,233.34751773049643,208.45390070921985,21.687943262411324,-3.2056737588652595,0.18067632850241547,0
0.8,0.36666666666666664,0,0,6,2.0,0.1111111111111111,234.34751773049643,204.8085106382979,77.66666666666666,48.12765957446811,0.1748792270531401,0
0.8333333333333334,0.36666666666666664,0,0,7,2.0,0.125,234.3049645390071,204.2695035460993,67.5390070921986,37.50354609929079,0.17681159420289855,0
0.43333333333333335,0.36666666666666664,0,0,7,5.0,0.5,226.26950354609926,203.95744680851064,14.014184397163092,-8.297872340425528,0.18067632850241547,0
0.43333333333333335,0.3333333333333333,0,0,7,5.0,0.6666666666666666,200.51773049645388,186.67375886524823,-10.971631205673788,-24.815602836879435,0.18067632850241547,0
0.43333333333333335,0.3,0,0,7,4.5,0.75,178.3687943262411,173.9078014184397,-23.24822695035465,-27.709219858156047,0.17971014492753623,0
0.4,0.26666666666666666,0,0,7,5.5,1.0,178.56737588652481,177.9078014184397,-22.751773049645408,-23.41134751773052,0.19516908212560385,0
0.3333333333333333,0.43333333333333335,0,0,7,5.5,1.0,196.8368794326241,198.8794326241135,-13.035460992907815,-10.992907801418426,0.20869565217391303,0
0.7333333333333333,0.43333333333333335,0,0,8,5.0,1.0,208.45390070921985,208.64539007092196,7.773049645390074,7.964539007092185,0.2135265700483092,0
0.6666666666666666,0.43333333333333335,0,0,9,2.0,0.25,204.8085106382979,204.51063829787233,55.34042553191492,55.04255319148936,0.21739130434782608,0
0.6666666666666666,0.5333333333333333,0,0,9,2.0,0.4,204.2695035460993,203.7872340425532,32.6950354609929,32.212765957446805,0.22415458937198068,0
0.36666666666666664,0.5333333333333333,0,0,9,8.0,1.0,203.95744680851064,206.17021276595744,-8.723404255319139,-6.510638297872333,0.22995169082125605,0
0.43333333333333335,0.3333333333333333,0,0,8,7.0,0.6666666666666666,186.67375886524823,194.177304964539,-25.70921985815602,-18.20567375886526,0.23381642512077294,0
0.4,0.3333333333333333,0,0,7,4.0,0.8,173.9078014184397,185.74468085106386,-26.964539007092213,-15.127659574468055,0.21835748792270532,0
0.36666666666666664,0.3,0,0,7,4.0,0.8,177.9078014184397,186.98581560283688,-22.368794326241158,-13.290780141843982,0.2038647342995169,0
0.3333333333333333,0.8333333333333334,0,0,6,4.0,1.0,198.8794326241135,204.14184397163118,-11.333333333333314,-6.07092198581563,0.20096618357487922,0
0.8333333333333334,0.8333333333333334,0,0,6,4.0,1.0,208.645390070922,211.79432624113474,0.6241134751772961,3.7730496453900457,0.19516908212560385,0
0.7333333333333333,0.8333333333333334,0,0,7,2.0,0.1,204.51063829787233,208.82978723404256,40.212765957446805,44.53191489361703,0.18743961352657004,0
0.6333333333333333,0.6333333333333333,0,0,8,2.0,0.14285714285714285,203.7872340425532,205.8723404255319,18.872340425531917,20.95744680851061,0.17971014492753623,0
0.36666666666666664,0.6333333333333333,0,0,9,3.0,0.25,206.17021276595744,209.09219858156027,-5.574468085106389,-2.6524822695035652,0.17391304347826086,0
0.43333333333333335,0.6333333333333333,0,0,9,6.0,0.5,194.177304964539,219.07801418439715,-21.58865248226951,3.312056737588648,0.16908212560386474,0
0.3333333333333333,0.3333333333333333,0,0,9,3.5,0.5,185.7446808510638,228.8368794326241,-22.12765957446811,20.964539007092185,0.15169082125603864,0
0.36666666666666664,0.3,0,0,8,4.0,0.6666666666666666,186.98581560283688,234.86524822695037,-15.865248226950342,32.01418439716315,0.14106280193236714,0
0.3333333333333333,0.3,0,0,7,4.0,0.6666666666666666,204.14184397163118,235.58156028368796,-2.751773049645408,28.68794326241138,0.13816425120772946,0
0.26666666666666666,0.23333333333333334,0,0,6,5.0,1.0,211.79432624113474,235.09929078014184,-5.737588652482287,17.567375886524815,0.13526570048309178,0
0.16666666666666666,0.2,0,0,0,0,0,208.82978723404253,234.56737588652481,-23.978723404255334,1.7588652482269538,0.12657004830917876,0
0.5,0.2,2,0,10,8.0,1.0,225.68794326241132,184.29078014184395,57.390070921985796,15.992907801418426,0.18067632850241547,0
0.4666666666666667,0.2,2,0,11,7.0,0.75,211.43262411347519,194.84397163120568,64.90070921985816,48.31205673758865,0.17971014492753623,0
0.4666666666666667,0.2,2,0,11,6.5,0.75,192.4609929078014,205.0,45.39716312056734,57.936170212765944,0.18164251207729468,0
0.4666666666666667,0.2,0,0,11,8.0,0.8333333333333334,177.7304964539007,216.65248226950357,6.262411347517741,45.18439716312059,0.1855072463768116,0
0.43333333333333335,0.2,0,0,11,8.5,1.0,163.8581560283688,225.31914893617022,-23.269503546099287,38.19148936170214,0.18647342995169083,0
0.3333333333333333,0.2,0,0,11,7.0,1.0,153.9645390070922,229.8014184397163,-40.31205673758865,35.524822695035425,0.18743961352657004,0
0.3,0.2,0,0,11,7.0,1.0,155.02127659574467,228.68794326241132,-48.10638297872342,25.56028368794324,0.18840579710144928,0
0.2,0.4666666666666667,0,0,7,7.0,1.0,232.39007092198582,173.0283687943262,8.709219858156047,-50.652482269503565,0.1468599033816425,0
1.0333333333333334,0.6333333333333333,0,0,7,6.0,1.0,233.38297872340425,218.19858156028366,14.468085106382972,-0.7163120567376211,0.14202898550724638,0
1.0333333333333334,0.6333333333333333,0,0,7,2.0,0.23076923076923078,232.62411347517732,224.56028368794327,119.26241134751776,111.1985815602837,0.13816425120772946,0
1.0333333333333334,0.6333333333333333,11,1,7,2.0,0.1875,229.1560283687943,227.14893617021275,140.68794326241132,138.68085106382978,0.13429951690821257,0
0.23333333333333334,0.6333333333333333,0,0,6,5.0,1.0,224.43262411347519,228.34751773049643,14.794326241134769,18.70921985815602,0.13043478260869565,0
0.2,0.6333333333333333,0,0,5,5.0,1.0,185.31914893617022,228.10638297872342,-35.65957446808508,7.127659574468112,0.12753623188405797,0
0.2,1.0333333333333334,0,0,0,0,0,229.47517730496455,177.04964539007094,1.0709219858156018,-51.35460992907801,0.16328502415458937,0
1.0333333333333334,1.0333333333333334,0,0,4,4.0,1.0,227.66666666666666,179.43971631205673,35.47517730496452,-12.751773049645408,0.1681159420289855,0
1.0333333333333334,1.0333333333333334,2,7,6,1.0,0.125,226.21985815602838,178.354609929078,185.0921985815603,137.22695035460993,0.17391304347826086,0
0.2,1.0333333333333334,4,0,7,4.0,0.6666666666666666,226.39716312056737,177.11347517730496,54.65248226950354,5.3687943262411295,0.17777777777777778,0
0.16666666666666666,1.0333333333333334,5,0,8,6.0,1.0,215.39007092198585,177.94326241134755,35.900709219858186,-1.5460992907801199,0.1826086956521739,0
0.7333333333333333,0.7333333333333333,0,4,11,11.0,1.0,206.38297872340425,182.59574468085108,-4.425531914893611,-28.212765957446777,0.22608695652173913,0
0.7666666666666667,0.7666666666666667,0,4,11,11.0,1.0,206.72340425531914,194.81560283687944,46.04255319148936,34.13475177304966,0.2251207729468599,0
0.8333333333333334,0.8333333333333334,0,3,11,1.0,0.3333333333333333,207.05673758865248,194.70212765957447,91.50354609929077,79.14893617021276,0.2222222222222222,0
0.8,0.8333333333333334,0,0,11,7.0,0.8333333333333334,208.3404255319149,193.77304964539007,49.63829787234042,35.0709219858156,0.221256038647343,0
0.4,0.8333333333333334,0,0,11,8.0,1.0,192.7304964539007,194.51773049645394,-2.312056737588648,-0.5248226950354251,0.21932367149758455,0
0.4,0.3333333333333333,0,0,11,9.0,1.0,162.34751773049643,196.77304964539007,-31.695035460992926,2.730496453900713,0.21545893719806763,0
0.36666666666666664,0.3,0,0,11,9.0,1.0,144.9787234042553,204.33333333333334,-50.38297872340428,8.97163120567376,0.20966183574879227,0
0.4,0.3,0,0,11,9.0,1.0,156.43262411347519,214.63120567375884,-38.26950354609929,19.92907801418437,0.20579710144927535,0
0.4,0.3,0,0,11,9.0,1.0,182.59574468085108,225.88652482269504,-8.659574468085083,34.63120567375887,0.20193236714975846,0
0.4,0.3,0,0,11,8.0,1.0,194.81560283687944,232.69503546099293,-2.78014184397162,35.09929078014187,0.19420289855072465,0
0.36666666666666664,0.3,0,0,10,7.0,0.8,194.70212765957447,234.3971631205674,-6.7659574468085,32.92907801418443,0.18647342995169083,0
0.3333333333333333,0.3,0,0,9,6.0,0.6,193.77304964539007,234.1205673758865,-20.16312056737587,20.184397163120565,0.17971014492753623,0
0.16666666666666666,0.23333333333333334,0,0,8,5.5,0.5,194.51773049645388,233.645390070922,-33.97163120567379,5.156028368794324,0.1748792270531401,0
0.3333333333333333,0.23333333333333334,0,0,3,3.0,0.0,237.04964539007094,196.7304964539007,8.092198581560297,-32.226950354609926,0.14396135265700483,0
0.36666666666666664,0.23333333333333334,0,0,6,6.0,0.75,236.97872340425533,195.07801418439715,23.19148936170214,-18.709219858156047,0.14589371980676327,0
0.36666666666666664,0.23333333333333334,0,0,7,7.0,0.8,235.46808510638297,194.52482269503545,32.95744680851064,-7.98581560283688,0.14492753623188406,0
0.4,0.23333333333333334,0,0,8,8.0,1.0,232.00709219858155,196.29787234042556,34.0709219858156,-1.638297872340388,0.14589371980676327,0
0.4,0.23333333333333334,0,0,9,8.0,1.0,225.27659574468086,195.58156028368793,28.787234042553195,-0.9078014184397318,0.14782608695652175,0
0.4,0.23333333333333334,0,0,10,8.5,0.8333333333333334,215.08510638297875,195.87234042553192,19.31914893617025,0.10638297872341695,0.1497584541062802,0
0.4,0.23333333333333334,0,0,10,8.5,0.8333333333333334,204.7446808510638,201.29078014184395,11.7659574468085,8.312056737588648,0.15072463768115943,0
0.36666666666666664,0.23333333333333334,0,0,9,8.5,0.8333333333333334,198.97872340425533,215.0709219858156,4.148936170212778,20.241134751773046,0.15169082125603864,0
0.36666666666666664,0.23333333333333334,0,0,9,8.0,1.0,196.7304964539007,228.17021276595744,-4.354609929078009,27.085106382978722,0.15555555555555556,0
0.3333333333333333,0.23333333333333334,0,0,9,7.0,1.0,195.07801418439715,231.98581560283688,4.248226950354592,41.156028368794324,0.15942028985507245,0
0.3,0.23333333333333334,16,0,8,6.0,0.75,194.52482269503548,231.26241134751774,-1.1773049645389904,35.56028368794327,0.16135265700483092,0
0.3,0.2,0,0,11,11.0,1.0,232.88652482269504,196.20567375886526,9.20567375886526,-27.475177304964518,0.16521739130434782,0
0.3333333333333333,0.23333333333333334,0,0,11,9.0,1.0,232.6595744680851,194.9078014184397,22.638297872340416,-15.113475177304991,0.16521739130434782,0
0.4,0.26666666666666666,0,0,11,8.0,1.0,231.8156028368794,194.76595744680853,29.90070921985813,-7.14893617021275,0.1671497584541063,0
0.4,0.26666666666666666,0,0,11,9.0,1.0,228.85106382978722,190.91489361702125,31.19148936170211,-6.744680851063862,0.1681159420289855,0
0.4,0.26666666666666666,0,0,11,9.0,1.0,221.51063829787233,173.94326241134752,24.255319148936167,-23.312056737588648,0.1681159420289855,0
0.4,0.26666666666666666,0,0,11,9.0,1.0,211.87234042553192,163.03546099290782,18.170212765957444,-30.666666666666657,0.1681159420289855,0
0.4,0.26666666666666666,0,0,11,8.5,1.0,203.1985815602837,176.9148936170213,9.432624113475214,-16.851063829787194,0.16908212560386474,0
0.4,0.3,0,0,11,8.0,1.0,198.94326241134752,205.82978723404256,2.113475177304963,9.0,0.1681159420289855,0
0.8666666666666667,0.3,0,0,11,7.0,1.0,196.20567375886526,226.22695035460993,14.056737588652481,44.07801418439715,0.1671497584541063,0
0.8333333333333334,0.26666666666666666,1,0,11,6.0,0.7142857142857143,194.9078014184397,226.64539007092196,52.05673758865248,83.79432624113474,0.1671497584541063,0
0.8,0.23333333333333334,1,0,11,11.0,0.6666666666666666,194.76595744680853,225.78014184397162,30.65957446808511,61.6737588652482,0.16908212560386474,0
0.13333333333333333,0.2,0,0,11,11.0,1.0,190.91489361702125,226.27659574468086,-32.872340425531945,2.489361702127667,0.17294685990338166,0
0.26666666666666666,0.2,0,0,3,3.0,0.0,229.2127659574468,188.31914893617022,5.170212765957444,-35.72340425531914,0.19806763285024154,0
0.4666666666666667,0.3,0,0,6,4.5,0.5,226.05673758865248,187.58865248226948,5.609929078014176,-32.858156028368825,0.1961352657004831,0
0.5,0.3,0,0,7,6.0,0.6,222.77304964539007,188.12765957446808,21.134751773049658,-13.510638297872333,0.1932367149758454,0
0.4666666666666667,0.3,0,0,8,6.5,0.8333333333333334,221.98581560283688,190.709219858156,32.964539007092185,1.687943262411295,0.19130434782608696,0
0.4666666666666667,0.3,0,0,8,8.0,1.0,221.76595744680853,192.94326241134752,31.829787234042584,3.0070921985815744,0.19033816425120773,0
0.43333333333333335,0.3,0,0,9,8.0,0.8571428571428571,215.3758865248227,183.59574468085108,29.375886524822704,-2.404255319148916,0.18937198067632852,0
0.43333333333333335,0.3,0,0,9,8.0,1.0,203.70212765957447,179.5531914893617,16.872340425531917,-7.276595744680861,0.18840579710144928,0
0.4,0.3,0,0,9,8.0,1.0,193.53191489361703,187.17730496453905,1.9787234042553337,-4.375886524822647,0.18840579710144928,0
0.43333333333333335,0.5,0,0,9,8.0,1.0,188.31914893617022,209.20567375886526,-5.425531914893611,15.460992907801426,0.19033816425120773,0
0.6,0.5,0,0,10,7.5,1.0,187.58865248226948,225.1205673758865,-5.943262411347547,31.58865248226948,0.19033816425120773,0
0.5333333333333333,0.5,11,0,11,4.0,0.5,188.12765957446808,229.63829787234044,24.61702127659575,66.12765957446811,0.18840579710144928,0
0.5,0.5,11,0,11,2.0,0.4,190.70921985815605,230.23404255319147,9.092198581560297,48.61702127659572,0.18454106280193236,0
0.23333333333333334,0.4,0,0,11,11.0,1.0,192.94326241134752,230.72340425531914,-23.460992907801426,14.319148936170194,0.18454106280193236,0
0.16666666666666666,0.3333333333333333,0,0,11,7.5,1.0,183.59574468085103,231.21985815602838,-46.00000000000003,1.6241134751773245,0.18357487922705315,0
0.3333333333333333,0.2,0,0,11,8.0,1.0,230.90070921985816,193.2127659574468,35.8368794326241,-1.8510638297872504,0.20676328502415459,0
0.3333333333333333,0.2,0,0,11,9.0,1.0,224.51773049645388,161.2127659574468,33.19858156028366,-30.106382978723417,0.20772946859903382,0
0.3,0.2,0,0,11,9.5,1.0,213.70921985815605,131.80851063829786,22.11347517730499,-59.787234042553195,0.20772946859903382,0
0.3333333333333333,0.2,0,0,11,9.0,1.0,203.43971631205673,130.95744680851064,10.418439716312037,-62.063829787234056,0.20676328502415459,0
0.3333333333333333,1.0333333333333334,0,0,11,8.0,1.0,196.2695035460993,176.13475177304963,3.2907801418439817,-16.843971631205676,0.20579710144927535,0
1.0333333333333334,1.0333333333333334,0,0,11,8.0,1.0,192.6595744680851,220.0,-0.9787234042553052,26.361702127659584,0.20676328502415459,0
1.0333333333333334,1.0333333333333334,9,0,11,2.0,0.3125,191.97872340425533,234.58865248226948,94.95744680851065,137.56737588652481,0.20772946859903382,0
1.0333333333333334,1.0333333333333334,8,0,11,2.0,0.26666666666666666,192.53191489361703,234.6950354609929,87.76595744680851,129.92907801418437,0.20772946859903382,0
0.26666666666666666,1.0333333333333334,0,0,11,8.5,1.0,193.2127659574468,233.84397163120568,2.1276595744680833,42.758865248226954,0.2106280193236715,0
0.13333333333333333,1.0,0,0,11,11.0,1.0,161.2127659574468,233.87234042553192,-71.34042553191489,1.3191489361702224,0.21159420289855072,0
0.26666666666666666,1.0,0,0,11,11.0,1.0,234.0851063829787,158.13475177304966,-0.1702127659574728,-76.12056737588651,0.1565217391304348,1
0.9666666666666667,1.0333333333333334,0,0,0,0,0,235.85106382978722,201.22695035460993,9.063829787234027,-25.56028368794327,0.10628019323671498,0
1.0333333333333334,1.0333333333333334,0,0,6,3.0,0.2,235.822695035461,227.3404255319149,99.03546099290782,90.5531914893617,0.10531400966183575,0
1.0333333333333334,1.0333333333333334,10,15,7,1.0,0.0625,235.08510638297875,227.99290780141845,196.61702127659578,189.52482269503548,0.10531400966183575,0
1.0333333333333334,1.0333333333333334,0,0,7,3.0,0.3333333333333333,231.98581560283688,227.42553191489358,82.98581560283688,78.42553191489358,0.10628019323671498,0
0.16666666666666666,1.0333333333333334,0,0,7,7.0,1.0,199.00709219858155,227.4468085106383,-26.418439716312065,2.0212765957446948,0.1072463768115942,0
1.0333333333333334,0.5333333333333333,0,0,11,11.0,1.0,225.74468085106386,168.27659574468086,5.787234042553223,-51.68085106382978,0.18067632850241547,0
1.0333333333333334,0.5333333333333333,0,0,11,3.0,0.2,224.07801418439718,174.04255319148933,89.86524822695037,39.82978723404253,0.1855072463768116,0
1.0333333333333334,0.5333333333333333,2,0,11,1.0,0.1111111111111111,222.70921985815605,171.00709219858155,116.04964539007094,64.34751773049643,0.19033816425120773,0
0.6333333333333333,0.5333333333333333,3,0,11,3.0,0.3333333333333333,221.24822695035462,169.95035460992906,66.69503546099293,15.39716312056737,0.19420289855072465,0
0.2,0.5333333333333333,4,0,11,11.0,1.0,191.95035460992906,169.38297872340425,13.524822695035454,-9.042553191489361,0.19806763285024154,0
0.3,0.6333333333333333,0,1,11,8.5,1.0,205.5035460992908,166.94326241134752,-1.475177304964518,-40.03546099290779,0.24154589371980675,0
0.9333333333333333,0.9666666666666667,0,1,11,6.0,0.6666666666666666,205.354609929078,195.59574468085108,11.482269503546092,1.723404255319167,0.24057971014492754,0
1.0,1.0333333333333334,0,0,11,2.0,0.25,205.81560283687944,196.04255319148936,65.0921985815603,55.31914893617022,0.2357487922705314,0
1.0333333333333334,1.0333333333333334,0,0,11,2.0,0.3333333333333333,205.92907801418437,195.66666666666666,95.71631205673756,85.45390070921985,0.2318840579710145,0
0.43333333333333335,1.0333333333333334,0,0,11,7.0,1.0,202.41843971631207,195.20567375886526,7.546099290780148,0.3333333333333428,0.22801932367149758,0
0.4,1.0333333333333334,0,0,11,8.0,1.0,180.52482269503545,195.88652482269504,-15.21985815602838,0.14184397163120366,0.22318840579710145,0
0.4,0.26666666666666666,0,0,11,9.0,1.0,148.2695035460993,199.14184397163118,-47.90070921985816,2.971631205673731,0.21835748792270532,0
0.4,0.26666666666666666,0,0,11,9.0,1.0,148.60283687943263,205.69503546099293,-47.609929078014176,9.48226950354612,0.21256038647342995,0
0.4,0.26666666666666666,0,0,11,9.0,1.0,166.94326241134752,216.24113475177305,-27.67375886524823,21.624113475177296,0.20772946859903382,0
0.4,0.26666666666666666,0,0,11,9.0,1.0,195.59574468085108,225.27659574468086,0.8085106382978893,30.489361702127667,0.20193236714975846,0
0.4,0.26666666666666666,0,0,11,8.0,1.0,196.04255319148933,230.97163120567373,-2.212765957446834,32.716312056737564,0.1961352657004831,0
0.4,0.26666666666666666,0,0,11,7.0,1.0,195.66666666666666,231.3758865248227,-8.716312056737593,26.992907801418454,0.19130434782608696,0
0.36666666666666664,0.26666666666666666,0,0,11,6.0,1.0,195.20567375886526,231.39716312056737,-19.241134751773046,16.950354609929065,0.18647342995169083,0
0.2,0.2,0,0,11,11.0,1.0,195.88652482269504,231.645390070922,-34.007092198581546,1.7517730496454078,0.17971014492753623,0
0.16666666666666666,0.6333333333333333,0,0,11,11.0,1.0,231.87234042553192,132.43971631205673,-0.0425531914893611,-99.47517730496455,0.20676328502415459,0
0.9333333333333333,1.0333333333333334,0,0,11,7.5,1.0,231.59574468085108,163.87234042553192,15.446808510638306,-52.27659574468086,0.2106280193236715,0
1.0333333333333334,1.0333333333333334,1,0,11,2.0,0.25,231.531914893617,168.90070921985816,83.95744680851061,21.32624113475177,0.2135265700483092,0
1.0333333333333334,1.0333333333333334,3,0,11,2.0,0.1875,231.6595744680851,169.15602836879432,158.2340425531915,95.73049645390071,0.21642512077294687,0
0.26666666666666666,1.0333333333333334,4,1,11,8.0,1.0,226.52482269503548,170.19148936170214,72.9503546099291,16.61702127659575,0.21835748792270532,0
0.23333333333333334,1.0333333333333334,4,1,11,10.0,1.0,198.54609929078015,171.91489361702125,28.226950354609926,1.595744680851027,0.22318840579710145,0
0.7666666666666667,0.7333333333333333,0,2,0,0,0,206.33333333333334,163.63120567375887,1.2482269503546206,-41.45390070921985,0.2560386473429952,0
0.8,0.8,0,2,6,2.0,0.2,206.21985815602838,166.17730496453902,57.83687943262413,17.79432624113477,0.2579710144927536,0
0.8333333333333334,0.8,0,2,7,2.0,0.2727272727272727,205.82978723404256,165.04255319148936,68.0212765957447,27.2340425531915,0.2608695652173913,0
0.5,0.8,0,3,8,7.0,0.8,205.47517730496455,164.72340425531914,47.87943262411349,7.127659574468083,0.2618357487922705,0
0.4666666666666667,0.8,0,3,9,8.0,1.0,186.11347517730496,166.15602836879432,18.241134751773046,-1.7163120567375927,0.263768115942029,0
0.4666666666666667,0.26666666666666666,0,3,10,9.0,1.0,163.75886524822695,169.1631205673759,-1.6666666666666572,3.7375886524822874,0.26570048309178745,0
0.5333333333333333,0.26666666666666666,0,3,11,9.0,0.8,147.92907801418437,176.13475177304963,-17.30496453900713,10.900709219858129,0.263768115942029,0
0.5,0.26666666666666666,0,3,11,9.0,0.8,154.42553191489364,184.75886524822695,-10.042553191489333,20.29078014184398,0.263768115942029,0
0.4666666666666667,0.26666666666666666,0,3,11,9.0,0.8,163.63120567375887,192.65248226950357,-0.8368794326241016,28.184397163120593,0.26570048309178745,0
0.43333333333333335,0.26666666666666666,0,3,11,8.0,0.8,166.177304964539,196.46808510638297,-3.3546099290780376,26.936170212765944,0.26763285024154587,0
0.4,0.26666666666666666,0,3,11,7.0,1.0,165.04255319148936,197.39716312056737,-8.446808510638306,23.907801418439703,0.26956521739130435,0
0.3333333333333333,0.26666666666666666,0,3,11,6.0,1.0,164.72340425531914,197.5531914893617,-20.65957446808511,12.170212765957444,0.27053140096618356,0
0.2,0.2,0,3,11,11.0,1.0,166.15602836879432,198.45390070921985,-29.24822695035462,3.049645390070907,0.27246376811594203,0
0.23333333333333334,0.5666666666666667,2,4,11,11.0,1.0,196.92198581560285,139.15602836879432,-4.120567375886509,-61.88652482269504,0.2782608695652174,0
0.9,0.5666666666666667,1,4,11,11.0,1.0,198.1631205673759,157.6950354609929,-0.04964539007090707,-40.51773049645391,0.2763285024154589,0
1.0,0.5666666666666667,1,4,11,2.0,0.2,199.645390070922,164.3049645390071,80.81560283687944,45.47517730496455,0.2743961352657005,0
1.0333333333333334,0.5666666666666667,1,4,11,2.0,0.2857142857142857,200.4964539007092,165.85815602836877,92.85815602836878,58.21985815602834,0.2714975845410628,0
0.5666666666666667,0.5666666666666667,0,4,11,7.0,0.8333333333333334,199.84397163120568,169.3049645390071,56.1631205673759,25.624113475177325,0.26859903381642514,0
0.4,0.5666666666666667,0,4,11,8.0,1.0,172.6950354609929,174.68794326241132,6.54609929078012,8.539007092198545,0.2647342995169082,0
0.4,0.26666666666666666,0,4,11,9.0,1.0,141.56028368794327,181.24113475177305,-21.695035460992898,17.98581560283688,0.263768115942029,0
0.4,0.26666666666666666,0,5,11,9.0,1.0,123.38297872340426,190.7163120567376,-40.12765957446807,27.20567375886526,0.2608695652173913,0
0.4,0.26666666666666666,0,5,11,9.0,1.0,139.15602836879432,200.36170212765956,-31.652482269503537,29.553191489361694,0.2589371980676328,0
0.4,0.26666666666666666,0,5,11,8.0,1.0,157.6950354609929,206.4609929078014,-15.900709219858157,32.86524822695034,0.27246376811594203,0
0.36666666666666664,0.26666666666666666,0,5,11,7.0,1.0,164.3049645390071,207.84397163120568,-15.35460992907801,28.184397163120565,0.28309178743961355,0
0.3333333333333333,0.26666666666666666,0,5,11,6.0,1.0,165.8581560283688,208.9078014184397,-24.609929078014176,18.43971631205673,0.28405797101449276,0
0.3,0.26666666666666666,0,5,11,11.0,1.0,169.30496453900707,210.2836879432624,-32.71631205673762,8.262411347517713,0.28695652173913044,0
0.7,0.6666666666666666,0,0,11,11.0,1.0,207.84397163120568,173.11347517730496,-3.092198581560268,-37.82269503546098,0.24541062801932367,0
0.8,0.6666666666666666,0,0,11,3.0,0.3333333333333333,208.9078014184397,184.64539007092196,38.03546099290779,13.773049645390046,0.24057971014492754,0
0.8,0.6666666666666666,0,0,11,2.5,0.3,210.2836879432624,180.27659574468086,86.30496453900709,56.29787234042554,0.23864734299516907,0
0.8,0.6666666666666666,0,0,11,3.0,0.3333333333333333,211.87234042553192,179.95744680851064,69.91489361702128,38.0,0.23864734299516907,0
0.4666666666666667,0.6666666666666666,0,0,11,7.0,1.0,198.23404255319147,188.10638297872342,8.276595744680833,-1.851063829787222,0.23864734299516907,0
0.5,0.3333333333333333,0,0,10,5.5,0.75,168.59574468085106,193.48226950354612,-18.829787234042556,6.05673758865251,0.24057971014492754,0
0.4666666666666667,0.3333333333333333,0,0,9,5.5,0.75,145.60283687943263,175.6312056737589,-30.950354609929065,-0.9219858156027954,0.24347826086956523,0
0.4666666666666667,0.3,0,0,8,5.5,0.75,151.9645390070922,164.531914893617,-24.88652482269501,-12.319148936170222,0.24734299516908212,0
0.4,0.26666666666666666,0,0,7,6.0,1.0,173.11347517730496,159.4964539007092,-13.35460992907801,-26.97163120567376,0.25024154589371983,0
0.36666666666666664,0.36666666666666664,0,0,6,5.0,1.0,184.645390070922,172.32624113475177,-16.35460992907801,-28.67375886524823,0.2492753623188406,0
0.6333333333333333,0.36666666666666664,0,0,4,4.0,1.0,180.2765957446808,173.42553191489364,-12.7021276595745,-19.553191489361666,0.24734299516908212,0
0.7,0.36666666666666664,0,6,6,1.0,0.4444444444444444,179.95744680851064,174.3404255319149,47.04255319148936,41.42553191489361,0.24541062801932367,0
0.7333333333333333,0.36666666666666664,0,0,7,6.5,1.0,188.10638297872342,181.05673758865248,20.404255319148945,13.35460992907801,0.24347826086956523,0
0.43333333333333335,0.36666666666666664,2,0,8,6.0,1.0,193.48226950354612,189.48226950354612,15.609929078014204,11.609929078014204,0.23864734299516907,0
0.4666666666666667,0.3,9,0,9,8.0,1.0,175.63120567375884,196.81560283687944,4.226950354609897,25.41134751773049,0.22028985507246376,0
0.4666666666666667,0.3,8,0,10,8.5,1.0,164.53191489361703,206.63829787234044,-6.468085106382972,35.638297872340445,0.20483091787439614,0
0.4666666666666667,0.3,2,0,11,8.0,0.8,159.4964539007092,217.74468085106386,-21.120567375886537,37.12765957446811,0.19806763285024154,0
0.4666666666666667,0.3,0,0,11,8.0,0.75,172.32624113475177,227.39007092198582,-19.226950354609926,35.83687943262413,0.18840579710144928,0
0.43333333333333335,0.3,0,0,11,7.5,0.75,173.42553191489364,230.86524822695037,-22.851063829787222,34.58865248226951,0.17971014492753623,0
0.4,0.26666666666666666,0,0,11,7.0,1.0,174.3404255319149,231.23404255319147,-28.27659574468086,28.61702127659572,0.17101449275362318,0
0.3,0.26666666666666666,0,0,11,8.5,1.0,181.05673758865248,230.5035460992908,-39.96453900709221,9.482269503546092,0.16231884057971013,0
0.2,0.2,0,0,11,11.0,1.0,189.48226950354612,229.9078014184397,-40.113475177304935,0.31205673758864805,0.1565217391304348,0
1.0,1.0,0,0,9,9.0,1.0,231.21985815602838,187.77304964539007,1.1985815602836851,-42.24822695035462,0.11884057971014493,1
0.26666666666666666,0.2,0,0,0,0,0,235.2127659574468,196.57446808510636,-1.5106382978723332,-40.14893617021278,0.17198067632850242,0
0.3333333333333333,0.23333333333333334,0,0,0,0,0,235.78014184397162,200.04255319148936,20.716312056737564,-15.021276595744695,0.14396135265700483,0
0.36666666666666664,0.26666666666666666,0,12,6,6.0,0.6666666666666666,236.21985815602838,197.68085106382978,46.58156028368796,8.042553191489361,0.11594202898550725,0
0.4,0.3,0,0,7,6.5,0.75,236.2836879432624,196.43262411347519,49.198581560283685,9.347517730496463,0.11400966183574879,0
0.36666666666666664,0.3,0,0,8,8.0,1.0,229.47517730496455,196.78014184397162,26.83687943262413,-5.858156028368796,0.11497584541062802,0
0.36666666666666664,0.3,0,0,9,8.0,1.0,213.80851063829786,200.03546099290782,13.80851063829786,0.035460992907815125,0.11594202898550725,0
0.4,0.26666666666666666,0,0,9,8.5,1.0,197.2624113475177,207.6241134751773,-0.22695035460995427,10.13475177304963,0.11690821256038647,0
0.4,0.26666666666666666,0,0,9,8.0,0.8,193.1205673758865,219.36170212765956,-2.4326241134751854,23.80851063829786,0.1178743961352657,0
0.4,0.26666666666666666,0,0,9,7.0,0.8,196.57446808510636,228.94326241134755,0.319148936170194,32.68794326241138,0.11884057971014493,0
0.4,0.26666666666666666,0,0,8,7.0,0.8,200.04255319148936,233.98581560283688,1.5106382978723332,35.45390070921985,0.11980676328502415,0
0.4,0.26666666666666666,0,0,7,7.0,1.0,197.68085106382978,234.24822695035462,-7.638297872340445,28.929078014184398,0.11980676328502415,0
0.3,0.26666666666666666,0,0,6,6.0,1.0,196.43262411347519,233.76595744680853,-22.58865248226951,14.744680851063833,0.12077294685990338,0
0.2,0.2,0,0,0,0,0,196.78014184397162,232.9290780141844,-36.96453900709221,-0.8156028368794352,0.12173913043478261,0
0.3,0.8333333333333334,0,0,11,11.0,1.0,231.61702127659578,158.56737588652481,2.595744680851084,-70.45390070921988,0.1497584541062802,0
1.0333333333333334,1.0333333333333334,0,0,11,7.0,0.5,231.59574468085108,205.36170212765956,36.65957446808514,10.425531914893611,0.1497584541062802,0
1.0333333333333334,1.0333333333333334,0,3,11,2.0,0.06666666666666667,231.61702127659575,206.8368794326241,137.17021276595744,112.39007092198581,0.1497584541062802,0
1.0333333333333334,1.0333333333333334,6,3,11,2.0,0.0625,230.76595744680853,207.87234042553192,162.42553191489364,139.53191489361703,0.15072463768115943,0
0.2,1.0333333333333334,0,0,11,11.0,1.0,218.51773049645394,208.07092198581563,15.326241134751797,4.879432624113491,0.15169082125603864,0
0.2,1.0333333333333334,8,0,11,11.0,1.0,172.8014184397163,209.60992907801423,-31.368794326241158,5.439716312056788,0.15169082125603864,0
0.23333333333333334,0.4,0,0,11,11.0,1.0,219.95744680851064,154.39716312056737,3.1276595744680833,-62.432624113475185,0.18743961352657004,0
1.0333333333333334,0.4,0,0,11,4.0,0.6666666666666666,220.43971631205673,173.78014184397162,32.758865248226954,-13.900709219858157,0.19033816425120773,0
1.0333333333333334,0.4,0,0,11,2.0,0.3333333333333333,219.95744680851064,173.48936170212767,108.8936170212766,62.425531914893625,0.19227053140096617,0
1.0333333333333334,0.4,0,0,11,2.5,0.4,219.25531914893614,170.97872340425533,104.44680851063826,56.17021276595746,0.19516908212560385,0
0.3333333333333333,0.4,0,0,11,8.0,1.0,208.1205673758865,171.21985815602838,37.84397163120565,0.9432624113475185,0.19806763285024154,0
0.3333333333333333,0.4,1,0,11,9.0,1.0,171.85815602836882,173.4113475177305,-6.248226950354592,-4.695035460992926,0.20096618357487922,0
0.3,0.8,0,4,11,7.5,1.0,205.4609929078014,188.70212765957447,0.5460992907801199,-16.212765957446805,0.19903381642512077,0
0.8333333333333334,0.8,0,4,11,6.0,1.0,205.48936170212767,195.6595744680851,15.638297872340445,5.808510638297889,0.1961352657004831,0
0.8333333333333334,0.8,0,4,11,1.0,0.4166666666666667,205.46808510638297,195.46808510638297,108.72340425531914,98.72340425531914,0.1932367149758454,0
0.5,0.8,0,0,11,7.0,1.0,205.2695035460993,194.84397163120568,30.16312056737587,19.73758865248226,0.19033816425120773,0
0.4,0.8,0,0,11,8.5,1.0,200.18439716312056,196.23404255319147,5.0567375886524815,1.1063829787233885,0.18743961352657004,0
0.4,0.26666666666666666,0,0,11,9.0,1.0,163.8368794326241,201.00709219858155,-32.035460992907815,5.134751773049629,0.18357487922705315,0
0.4,0.3,0,0,11,9.0,1.0,153.90070921985816,211.6950354609929,-42.07801418439715,15.716312056737593,0.17971014492753623,0
0.4,0.3,0,0,11,9.0,1.0,155.6595744680851,221.87234042553192,-38.89361702127658,27.319148936170222,0.1758454106280193,0
0.4,0.3,0,0,11,8.0,0.8,188.70212765957447,229.1631205673759,-5.297872340425528,35.1631205673759,0.17198067632850242,0
0.4,0.3,0,0,11,7.0,1.0,195.6595744680851,230.98581560283688,-4.489361702127667,30.8368794326241,0.1681159420289855,0
0.36666666666666664,0.3,0,0,11,6.0,1.0,195.46808510638297,231.2695035460993,-13.404255319148945,22.39716312056737,0.16328502415458937,0
0.23333333333333334,0.2,0,0,11,11.0,1.0,194.84397163120568,231.52482269503548,-31.21985815602838,5.460992907801426,0.15942028985507245,0
0.2,1.0333333333333334,0,0,11,11.0,1.0,231.3758865248227,143.6950354609929,-0.8794326241134627,-88.56028368794327,0.20869565217391303,0
1.0333333333333334,1.0333333333333334,0,0,11,7.5,1.0,231.24822695035462,162.63829787234042,4.163120567375898,-64.4468085106383,0.21256038647342995,0
1.0333333333333334,1.0333333333333334,0,4,11,2.0,0.25,231.3475177304965,166.4468085106383,164.60283687943266,99.70212765957447,0.2144927536231884,0
0.9,1.0333333333333334,0,4,11,3.0,0.4444444444444444,231.7304964539007,165.63120567375887,122.39007092198582,56.29078014184398,0.21739130434782608,0
0.43333333333333335,1.0333333333333334,0,4,11,8.0,0.8,230.39007092198582,165.85106382978722,76.17730496453902,11.638297872340416,0.21932367149758455,0
0.3333333333333333,0.3,1,5,11,9.0,1.0,175.36170212765956,168.68794326241135,7.829787234042527,1.156028368794324,0.221256038647343,0
0.13333333333333333,0.43333333333333335,0,0,0,0,0,218.26241134751774,171.34751773049643,-2.737588652482259,-49.652482269503565,0.20676328502415459,0
0.4666666666666667,0.4666666666666667,0,0,1,1.0,0.0,219.20567375886526,168.36879432624116,-0.19858156028368512,-51.03546099290779,0.20676328502415459,0
0.5333333333333333,0.5333333333333333,0,7,6,2.0,0.42857142857142855,219.822695035461,157.15602836879432,60.992907801418454,-1.6737588652482316,0.20483091787439614,0
0.6,0.5666666666666667,0,0,7,4.5,0.5,220.45390070921985,156.0496453900709,59.04964539007091,-5.354609929078038,0.20483091787439614,0
0.36666666666666664,0.5666666666666667,0,0,8,8.0,1.0,220.2127659574468,163.41843971631207,38.31914893617022,-18.475177304964518,0.2038647342995169,0
0.43333333333333335,0.43333333333333335,2,0,9,9.0,1.0,199.74468085106386,174.51063829787233,29.00000000000003,3.7659574468084998,0.20483091787439614,0
0.5,0.3,9,0,10,8.5,0.8333333333333334,179.8794326241135,183.1631205673759,27.41134751773052,30.695035460992926,0.20483091787439614,0
0.5,0.3,9,0,10,8.0,0.7142857142857143,167.3758865248227,194.40425531914892,19.120567375886537,46.14893617021275,0.20483091787439614,0
0.4666666666666667,0.3,2,0,9,8.0,0.8333333333333334,171.34751773049643,206.7517730496454,3.9219858156028238,39.3262411347518,0.20483091787439614,0
0.4666666666666667,0.3,0,0,8,7.0,0.8333333333333334,168.3687943262411,214.5531914893617,-6.205673758865288,39.978723404255305,0.2038647342995169,0
0.43333333333333335,0.3,0,0,7,6.5,1.0,157.15602836879432,216.61702127659575,-24.375886524822704,35.08510638297872,0.2038647342995169,0
0.43333333333333335,0.3,0,0,6,6.0,1.0,156.04964539007094,215.3404255319149,-37.333333333333314,21.95744680851064,0.2028985507246377,0
0.36666666666666664,0.3,0,0,5,5.0,1.0,163.41843971631207,215.9078014184397,-44.87943262411346,7.609929078014176,0.20193236714975846,0
0.2,0.2,0,0,5,5.0,1.0,174.51063829787236,217.66666666666666,-44.06382978723403,-0.9078014184397318,0.2,0
0.26666666666666666,0.6666666666666666,0,0,2,2.0,0.0,221.7872340425532,155.36170212765958,-3.7446808510638334,-70.17021276595744,0.18454106280193236,0
0.8666666666666667,0.7333333333333333,0,0,0,0,0,222.88652482269504,180.5531914893617,-4.411347517730491,-46.74468085106383,0.18647342995169083,0
0.8333333333333334,0.7666666666666667,0,10,6,2.0,0.2,223.8368794326241,188.6028368794326,67.47517730496452,32.24113475177302,0.18357487922705315,0
0.8666666666666667,0.8,0,10,7,2.0,0.2727272727272727,225.12765957446808,188.29787234042556,115.0,78.17021276595747,0.1826086956521739,0
0.8,0.8,0,0,8,7.0,0.8,226.08510638297875,190.54609929078015,61.978723404255334,26.43971631205673,0.178743961352657,0
0.4666666666666667,0.8,0,0,9,8.5,1.0,203.06382978723403,193.7446808510638,11.212765957446805,1.893617021276583,0.1758454106280193,0
0.4666666666666667,0.3,0,0,10,9.0,0.8,164.59574468085108,199.3049645390071,-21.10638297872339,13.60283687943263,0.17294685990338166,0
0.43333333333333335,0.3,0,0,10,9.5,1.0,143.53191489361703,208.03546099290782,-44.72340425531914,19.78014184397165,0.17004830917874397,0
0.4,0.3,0,0,10,9.0,0.8,155.36170212765958,220.5531914893617,-35.57446808510636,29.61702127659575,0.1681159420289855,0
0.4,0.3,0,0,9,8.0,0.8,180.5531914893617,229.58865248226948,-11.893617021276611,37.141843971631175,0.16521739130434782,0
0.4,0.3,0,0,8,7.5,1.0,188.60283687943263,235.45390070921985,-9.248226950354592,37.60283687943263,0.1642512077294686,0
0.36666666666666664,0.3,0,0,7,7.0,1.0,188.29787234042553,235.87234042553192,-19.319148936170222,28.255319148936167,0.16328502415458937,0
0.3333333333333333,0.26666666666666666,0,0,6,6.0,1.0,190.54609929078015,236.31914893617022,-28.092198581560268,17.680851063829806,0.16231884057971013,0
0.16666666666666666,0.2,0,0,0,0,0,193.74468085106386,236.1985815602837,-41.65957446808508,0.7943262411347689,0.16231884057971013,0
0.16666666666666666,0.2,0,0,6,6.0,1.0,239.0921985815603,177.531914893617,5.1560283687943524,-56.404255319148945,0.1536231884057971,0
0.3333333333333333,0.23333333333333334,0,0,7,7.0,1.0,239.0283687943262,175.1205673758865,22.581560283687907,-41.3262411347518,0.15458937198067632,0
0.36666666666666664,0.3333333333333333,0,12,8,6.0,0.75,237.78014184397162,170.43262411347516,66.07801418439715,-1.2695035460993154,0.157487922705314,0
0.4,0.3333333333333333,0,0,9,7.0,1.0,235.89361702127658,167.88652482269504,60.14893617021275,-7.858156028368796,0.16135265700483092,0
0.36666666666666664,0.3333333333333333,0,0,10,7.5,1.0,228.37588652482268,173.97872340425533,50.9078014184397,-3.4893617021276384,0.16521739130434782,0
0.36666666666666664,0.3,0,0,11,8.0,1.0,207.36170212765956,186.0354609929078,27.978723404255305,6.652482269503537,0.16908212560386474,0
0.36666666666666664,0.3,4,0,11,9.0,1.0,187.9645390070922,201.5531914893617,19.45390070921988,33.04255319148936,0.17294685990338166,0
0.36666666666666664,0.3,5,0,11,9.5,1.0,174.97163120567373,216.90070921985816,11.567375886524786,53.49645390070921,0.17681159420289855,0
0.36666666666666664,0.3,3,0,11,9.0,1.0,177.53191489361703,227.97872340425533,5.7872340425531945,56.2340425531915,0.178743961352657,0
0.36666666666666664,0.3,0,0,11,8.0,1.0,175.1205673758865,232.76595744680853,-11.666666666666686,45.978723404255334,0.18164251207729468,0
0.36666666666666664,0.3,0,0,11,7.0,1.0,170.43262411347519,232.9148936170213,-29.141843971631204,33.34042553191492,0.18454106280193236,0
0.3,0.3,0,0,11,8.5,1.0,167.88652482269504,232.97872340425533,-50.41134751773049,14.680851063829806,0.18743961352657004,0
0.13333333333333333,0.23333333333333334,0,0,11,11.0,1.0,173.97872340425533,232.86524822695037,-58.85106382978722,0.035460992907815125,0.18840579710144928,0
1.0,1.0,0,0,11,11.0,1.0,231.63120567375884,194.27659574468086,-0.5602836879432971,-37.91489361702128,0.15845410628019324,1
0.3,0.2,0,0,11,9.0,1.0,224.14893617021275,196.8794326241135,29.255319148936167,1.985815602836908,0.16521739130434782,0
0.3,0.2,0,0,11,10.0,1.0,209.07092198581563,202.32624113475177,14.368794326241158,7.624113475177296,0.16521739130434782,0
0.3,0.2,0,0,11,10.0,1.0,197.53191489361703,212.38297872340425,3.574468085106389,18.42553191489361,0.1642512077294686,0
0.3,0.2,0,0,11,9.0,1.0,195.04255319148936,223.39716312056737,0.40425531914894464,28.758865248226954,0.16328502415458937,0
0.3,0.2,0,0,11,8.0,1.0,196.54609929078015,231.59574468085103,0.3333333333333428,35.38297872340422,0.16328502415458937,0
0.3,0.2,0,0,11,7.0,1.0,194.51773049645388,234.9290780141844,-5.269503546099315,35.141843971631204,0.16231884057971013,0
0.26666666666666666,0.2,0,0,11,6.0,1.0,194.43262411347519,235.3758865248227,-16.54609929078012,24.3971631205674,0.16135265700483092,0
0.7666666666666667,0.8666666666666667,0,0,11,10.5,1.0,233.29787234042553,180.02127659574467,6.021276595744666,-47.255319148936195,0.1468599033816425,0
1.0333333333333334,0.8666666666666667,0,0,10,9.5,1.0,234.25531914893614,213.13475177304963,74.25531914893614,53.13475177304963,0.14782608695652175,0
1.0333333333333334,0.8666666666666667,6,11,9,1.0,0.13333333333333333,233.63120567375884,215.60992907801418,139.6737588652482,121.65248226950354,0.14879227053140096,0
1.0333333333333334,0.8666666666666667,6,0,8,2.0,0.3333333333333333,231.72340425531914,217.82978723404256,115.23404255319149,101.3404255319149,0.15072463768115943,0
0.13333333333333333,0.8666666666666667,0,0,7,6.5,1.0,205.9716312056738,220.77304964539007,-3.815602836879407,10.98581560283688,0.1497584541062802,0
0.3333333333333333,1.0333333333333334,0,0,8,7.0,1.0,229.94326241134752,162.58156028368793,7.453900709219852,-59.90780141843973,0.18454106280193236,0
1.0333333333333334,1.0333333333333334,0,0,8,6.0,1.0,228.94326241134752,179.53191489361703,49.773049645390074,0.36170212765958354,0.1855072463768116,0
1.0333333333333334,1.0333333333333334,0,8,7,1.0,0.25,227.14893617021275,180.36879432624116,186.531914893617,139.7517730496454,0.18840579710144928,0
0.9,1.0333333333333334,0,0,8,6.0,0.8,225.177304964539,179.70921985815605,96.58156028368793,51.11347517730499,0.19130434782608696,0
0.3,1.0333333333333334,1,0,9,7.0,1.0,209.2695035460993,181.4468085106383,32.758865248226954,4.936170212765973,0.1961352657004831,0
0.13333333333333333,0.7,0,5,11,11.0,1.0,208.3758865248227,173.14184397163118,-0.34751773049643475,-35.58156028368796,0.242512077294686,0
0.7333333333333333,0.7333333333333333,0,5,11,11.0,1.0,208.09929078014184,190.822695035461,8.524822695035454,-8.75177304964538,0.24057971014492754,0
0.8,0.8333333333333334,0,5,11,2.0,0.3333333333333333,207.5531914893617,194.1205673758865,78.12765957446808,64.6950354609929,0.23864734299516907,0
0.8333333333333334,0.8333333333333334,0,4,11,2.0,0.3333333333333333,207.56737588652481,193.98581560283688,67.39716312056737,53.815602836879435,0.23671497584541062,0
0.36666666666666664,0.8333333333333334,0,0,11,8.0,1.0,204.99290780141845,194.709219858156,20.992907801418454,10.70921985815599,0.23381642512077294,0
0.36666666666666664,0.8333333333333334,0,0,11,9.0,1.0,179.24113475177305,197.0851063829787,-16.01418439716312,1.8297872340425272,0.2318840579710145,0
0.36666666666666664,0.3,0,0,11,10.0,1.0,156.39007092198582,203.26241134751774,-36.82269503546098,10.049645390070935,0.2289855072463768,0
0.36666666666666664,0.3,0,0,11,10.0,1.0,151.19858156028369,214.32624113475177,-42.6950354609929,20.432624113475185,0.2251207729468599,0
0.36666666666666664,0.3,0,0,11,9.0,1.0,173.14184397163118,224.97872340425533,-21.709219858156047,30.12765957446811,0.2222222222222222,0
0.36666666666666664,0.3,0,0,11,8.0,1.0,190.822695035461,231.20567375886526,-4.56028368794324,35.82269503546101,0.21932367149758455,0
0.3333333333333333,0.3,0,0,11,7.0,1.0,194.1205673758865,232.57446808510636,-6.900709219858186,31.553191489361666,0.21642512077294687,0
0.3,0.3,0,0,11,8.5,1.0,193.98581560283685,232.7304964539007,-19.3971631205674,19.347517730496463,0.21256038647342995,0
0.16666666666666666,0.23333333333333334,0,0,11,11.0,1.0,194.709219858156,233.09929078014184,-33.8652482269504,4.5248226950354535,0.20869565217391303,0
0.13333333333333333,1.0333333333333334,0,0,11,10.0,1.0,232.9290780141844,135.67375886524823,-2.347517730496463,-99.60283687943263,0.25024154589371983,0
1.0333333333333334,1.0333333333333334,0,0,11,9.5,1.0,232.6312056737589,162.68085106382978,-0.8794326241134343,-70.82978723404256,0.2541062801932367,0
1.0333333333333334,1.0333333333333334,0,3,11,2.0,0.25,232.80851063829786,170.74468085106386,154.93617021276594,92.87234042553195,0.2579710144927536,0
1.0333333333333334,1.0333333333333334,0,3,11,2.0,0.25,233.72340425531914,169.26241134751774,144.9574468085106,80.49645390070923,0.2608695652173913,0
0.36666666666666664,1.0333333333333334,1,3,11,8.0,1.0,233.9148936170213,170.05673758865248,88.31914893617025,24.460992907801426,0.263768115942029,0
0.26666666666666666,1.0333333333333334,1,4,11,9.0,1.0,182.21985815602838,171.93617021276592,9.560283687943269,-0.7234042553191955,0.26763285024154587,0
0.13333333333333333,0.4,0,0,11,6.0,0.5,215.27659574468086,173.97872340425533,1.3617021276595835,-39.936170212765944,0.2144927536231884,0
0.5666666666666667,0.5,0,0,10,10.0,1.0,217.10638297872342,175.3758865248227,-0.7234042553191387,-42.45390070921985,0.20869565217391303,0
0.6333333333333333,0.6,0,0,9,2.0,0.2857142857142857,218.2482269503546,165.88652482269504,53.950354609929065,1.5886524822695094,0.2038647342995169,0
0.6333333333333333,0.6,0,0,8,4.0,0.5,217.3049645390071,164.822695035461,57.17730496453902,4.695035460992926,0.2,0
0.36666666666666664,0.6,0,0,8,7.0,1.0,216.70212765957447,168.90070921985816,31.085106382978722,-16.716312056737593,0.19710144927536233,0
0.36666666666666664,0.3333333333333333,0,0,9,8.0,1.0,198.68085106382978,177.09929078014184,22.48936170212764,0.9078014184397034,0.19516908212560385,0
0.4666666666666667,0.3,0,0,9,9.0,1.0,180.7517730496454,186.17730496453905,16.432624113475185,21.858156028368825,0.19033816425120773,0
0.5,0.3,0,0,9,9.0,1.0,170.01418439716312,201.43971631205673,12.865248226950342,44.29078014184395,0.18743961352657004,0
0.4666666666666667,0.3,0,0,9,8.0,1.0,173.97872340425533,216.95035460992906,0.9787234042553337,43.950354609929065,0.18647342995169083,0
0.5,0.3,0,0,8,8.0,1.0,175.3758865248227,224.2127659574468,-1.1773049645389904,47.65957446808511,0.18454106280193236,0
0.4666666666666667,0.3,0,0,9,7.0,0.8333333333333334,165.88652482269504,223.77304964539007,-15.858156028368796,42.02836879432624,0.1826086956521739,0
0.36666666666666664,0.3,0,0,9,6.0,1.0,164.822695035461,221.2553191489362,-35.41134751773049,21.021276595744695,0.18067632850241547,0
0.23333333333333334,0.3,0,0,9,9.0,1.0,168.90070921985816,221.58156028368793,-53.43971631205673,-0.7588652482269538,0.17681159420289855,0
0.23333333333333334,0.36666666666666664,0,0,0,0,0,228.9645390070922,168.00709219858155,-4.354609929078009,-65.31205673758868,0.1748792270531401,0
0.8333333333333334,0.7333333333333333,0,0,0,0,0,230.0283687943262,192.65248226950357,19.092198581560268,-18.28368794326238,0.17971014492753623,0
0.8666666666666667,0.8333333333333334,0,11,6,2.0,0.18181818181818182,230.78014184397162,190.4609929078014,86.18439716312056,45.86524822695034,0.17971014492753623,0
0.9,0.8333333333333334,0,11,7,2.0,0.25,231.68085106382978,188.79432624113474,116.27659574468085,73.39007092198581,0.178743961352657,0
0.4,0.8333333333333334,0,0,8,7.0,0.8,225.51773049645388,189.8014184397163,30.858156028368768,-4.858156028368825,0.17971014492753623,0
0.4,0.8333333333333334,0,0,9,8.5,1.0,196.2836879432624,193.34751773049643,2.3262411347517684,-0.6099290780142042,0.18164251207729468,0
0.43333333333333335,0.3,0,0,10,9.0,0.8,156.9787234042553,199.57446808510636,-32.36170212765958,10.234042553191472,0.1826086956521739,0
0.4,0.3,0,0,11,9.0,0.8,151.5531914893617,208.43971631205673,-36.53191489361703,20.35460992907801,0.18357487922705315,0
0.36666666666666664,0.3,0,0,11,9.0,1.0,168.00709219858157,219.13475177304963,-20.950354609929065,30.17730496453899,0.1855072463768116,0
0.36666666666666664,0.3,0,0,11,8.5,1.0,192.65248226950357,225.01418439716312,0.2907801418439817,32.65248226950354,0.18743961352657004,0
0.36666666666666664,0.26666666666666666,0,0,11,7.5,1.0,190.4609929078014,227.73758865248226,-8.262411347517741,29.01418439716312,0.18937198067632852,0
0.3333333333333333,0.26666666666666666,0,0,11,7.0,1.0,188.79432624113474,226.8014184397163,-18.843971631205676,19.16312056737587,0.19130434782608696,0
0.3,0.26666666666666666,0,0,11,8.5,1.0,189.8014184397163,227.70921985815605,-29.156028368794352,8.751773049645408,0.1932367149758454,0
0.2,0.2,0,0,11,11.0,1.0,193.34751773049643,228.13475177304963,-37.460992907801426,-2.6737588652482316,0.19516908212560385,0
0.3333333333333333,0.2,0,0,11,7.5,1.0,225.73758865248226,173.822695035461,46.97163120567376,-4.94326241134749,0.18067632850241547,0
0.3333333333333333,0.2,1,0,11,8.5,1.0,213.59574468085108,181.27659574468086,35.680851063829806,3.3617021276595835,0.17971014492753623,0
0.3333333333333333,0.2,1,0,11,9.0,1.0,199.58156028368793,194.94326241134752,19.347517730496435,14.709219858156018,0.17777777777777778,0
0.36666666666666664,0.2,2,0,11,9.5,1.0,187.04255319148933,211.42553191489364,13.361702127659555,37.74468085106386,0.1758454106280193,0
0.36666666666666664,0.2,0,0,11,9.0,1.0,181.60283687943263,222.5035460992908,11.98581560283688,52.88652482269504,0.1748792270531401,0
0.36666666666666664,0.2,0,0,11,8.5,1.0,178.9716312056738,228.72340425531914,0.8014184397163433,50.553191489361694,0.17391304347826086,0
0.3333333333333333,0.2,0,0,11,7.5,1.0,177.27659574468086,229.5035460992908,-18.7659574468085,33.460992907801426,0.17294685990338166,0
0.3,0.2,0,0,11,7.0,1.0,174.51063829787236,229.79432624113474,-36.10638297872339,19.17730496453899,0.17294685990338166,0
0.2,0.2,0,0,11,8.5,1.0,173.822695035461,230.3758865248227,-53.79432624113474,2.758865248226954,0.17294685990338166,0
1.0,1.0,0,0,9,9.0,1.0,228.3049645390071,180.43971631205673,1.9007092198581574,-45.96453900709221,0.11690821256038647,1
0.3548387096774194,0.22580645161290322,1,0,11,7.0,0.6666666666666666,227.7152777777778,183.11805555555554,6.819444444444457,-37.7777777777778,0.13705103969754254,1
0.3548387096774194,0.22580645161290322,1,0,11,6.0,0.8,226.22916666666666,182.7847222222222,24.166666666666657,-19.2777777777778,0.15311909262759923,0
0.41935483870967744,0.22580645161290322,1,0,11,7.0,0.8333333333333334,226.18055555555557,185.29166666666666,36.80555555555557,-4.083333333333343,0.17013232514177692,0
0.45161290322580644,0.22580645161290322,1,0,11,7.5,0.8333333333333334,224.5138888888889,192.45833333333334,40.263888888888914,8.208333333333343,0.18620037807183365,0
0.45161290322580644,0.22580645161290322,1,0,11,8.0,1.0,216.36805555555557,199.625,33.49305555555557,16.75,0.2003780718336484,0
0.4838709677419355,0.22580645161290322,1,0,11,7.5,1.0,204.11111111111111,203.6875,21.881944444444457,21.458333333333343,0.2107750472589792,0
0.45161290322580644,0.25806451612903225,2,0,11,7.0,1.0,185.5,185.5972222222222,-4.895833333333343,-4.798611111111143,0.21833648393194707,0
0.3870967741935484,0.25806451612903225,2,0,11,6.0,1.0,183.11805555555554,169.4097222222222,-20.611111111111114,-34.31944444444446,0.22306238185255198,0
0.3548387096774194,0.3225806451612903,2,0,11,5.0,1.0,182.7847222222222,161.1597222222222,-21.9652777777778,-43.5902777777778,0.22684310018903592,0
0.41935483870967744,0.5161290322580645,1,0,11,5.0,1.0,185.29166666666666,164.54861111111111,-17.291666666666686,-38.03472222222223,0.22684310018903592,0
0.5806451612903226,0.5161290322580645,1,0,11,4.5,1.0,192.45833333333334,179.0902777777778,4.416666666666686,-8.951388888888857,0.22400756143667297,0
0.5806451612903226,0.4838709677419355,1,0,11,5.0,1.0,199.625,196.94444444444446,33.45833333333334,30.7777777777778,0.22022684310018903,0
0.5483870967741935,0.4838709677419355,1,0,11,5.0,1.0,203.6875,208.0972222222222,49.66666666666666,54.07638888888886,0.21266540642722118,0
0.4838709677419355,0.45161290322580644,1,0,11,5.0,1.0,198.45833333333334,209.85416666666666,35.166666666666686,46.5625,0.20321361058601134,0
0.4838709677419355,0.41935483870967744,1,0,11,5.0,1.0,185.5972222222222,207.7222222222222,9.263888888888857,31.388888888888857,0.1937618147448015,0
0.3870967741935484,0.3870967741935484,1,0,11,5.0,1.0,169.4097222222222,212.625,-28.236111111111143,14.979166666666657,0.19187145557655955,0
0.3870967741935484,0.3225806451612903,1,0,11,8.5,1.0,161.1597222222222,221.92361111111111,-55.69444444444446,5.069444444444457,0.20132325141776938,0
0.3870967741935484,0.2903225806451613,1,0,11,3.0,0.3333333333333333,164.54861111111111,228.9652777777778,-45.24305555555554,19.173611111111143,0.20226843100189035,0
0.6774193548387096,0.5806451612903226,1,0,11,8.5,1.0,228.9652777777778,197.32638888888889,2.1527777777778,-29.486111111111114,0.20226843100189035,0
0.7419354838709677,0.5806451612903226,1,0,11,3.0,0.4,231.40972222222226,201.75,45.3680555555556,15.708333333333343,0.1947069943289225,0
0.7419354838709677,0.6774193548387096,1,0,11,2.0,0.2727272727272727,231.74305555555557,198.6527777777778,82.95138888888891,49.86111111111114,0.1956521739130435,0
0.7096774193548387,0.6774193548387096,1,0,11,4.5,0.5,230.1527777777778,192.3402777777778,46.8402777777778,9.0277777777778,0.1994328922495274,0
0.45161290322580644,0.6774193548387096,1,0,11,6.0,0.6,214.88888888888889,178.19444444444446,6.6597222222222285,-30.0347222222222,0.1994328922495274,0
0.45161290322580644,0.3225806451612903,1,0,11,6.0,0.8,187.21527777777774,164.5277777777778,-13.222222222222257,-35.9097222222222,0.19848771266540643,0
0.41935483870967744,0.2903225806451613,1,0,11,6.0,0.8,172.71527777777774,176.14583333333334,-23.8680555555556,-20.4375,0.2107750472589792,0
0.4838709677419355,0.3870967741935484,1,0,11,7.0,1.0,180.1111111111111,196.95833333333334,-18.826388888888914,-1.9791666666666572,0.2277882797731569,0
0.6129032258064516,0.41935483870967744,2,0,11,4.0,0.8,197.32638888888889,210.94444444444446,15.826388888888886,29.444444444444457,0.23156899810964082,0
0.5806451612903226,0.41935483870967744,4,0,11,2.5,0.375,201.75,206.3402777777778,47.60416666666666,52.19444444444446,0.23724007561436672,0
0.5161290322580645,0.41935483870967744,4,0,11,2.0,0.25,198.6527777777778,204.20138888888889,40.7152777777778,46.263888888888886,0.24669187145557656,0
0.2903225806451613,0.41935483870967744,1,0,11,7.5,1.0,192.3402777777778,205.04166666666666,-24.013888888888857,-11.3125,0.2551984877126654,0
0.3870967741935484,0.41935483870967744,1,0,11,3.0,0.3333333333333333,178.19444444444446,195.36805555555554,-38.388888888888886,-21.2152777777778,0.2589792060491493,0
0.3870967741935484,0.3225806451612903,1,0,11,3.5,0.5,164.5277777777778,176.54166666666666,-35.36805555555554,-23.354166666666686,0.2561436672967864,0
0.3548387096774194,0.3225806451612903,1,0,11,4.0,0.6,176.14583333333334,180.10416666666666,-26.395833333333314,-22.4375,0.2381852551984877,0
0.41935483870967744,0.8387096774193549,1,0,11,4.0,1.0,196.95833333333334,192.30555555555554,-13.208333333333314,-17.861111111111114,0.2277882797731569,0
0.7741935483870968,0.8387096774193549,1,0,11,5.0,1.0,210.94444444444446,205.14583333333334,8.5277777777778,2.7291666666666856,0.22022684310018903,0
0.7419354838709677,0.8064516129032258,1,0,11,2.0,0.2222222222222222,206.3402777777778,198.55555555555557,32.81944444444446,25.03472222222223,0.21172022684310018,0
0.7419354838709677,0.6451612903225806,1,0,11,2.0,0.2222222222222222,204.20138888888889,196.1388888888889,50.513888888888886,42.451388888888914,0.20415879017013233,0
0.3870967741935484,0.6451612903225806,1,0,11,10.0,1.0,205.04166666666666,203.89583333333334,-8.0625,-9.208333333333314,0.19754253308128544,0
0.41935483870967744,0.6451612903225806,1,0,11,9.0,0.6666666666666666,195.36805555555554,215.69444444444443,-14.756944444444457,5.569444444444429,0.1890359168241966,0
0.41935483870967744,0.3225806451612903,1,0,11,4.0,0.6,176.54166666666666,226.44444444444443,-15.666666666666686,34.236111111111086,0.1720226843100189,0
0.41935483870967744,0.3225806451612903,2,0,11,4.0,0.6,180.10416666666666,232.5486111111111,-13.229166666666686,39.21527777777774,0.15406427221172023,0
0.3225806451612903,0.3225806451612903,0,0,11,5.5,0.75,192.30555555555554,232.36805555555554,-10.569444444444457,29.493055555555543,0.15122873345935728,0
0.2903225806451613,0.22580645161290322,1,0,11,6.0,1.0,205.14583333333334,230.00694444444443,-10.333333333333314,14.527777777777771,0.14650283553875237,0
0.3225806451612903,0.3225806451612903,1,0,11,9.0,1.0,187.02083333333334,169.08333333333334,-9.020833333333314,-26.958333333333314,0.1720226843100189,0
1.032258064516129,0.6774193548387096,1,0,11,8.0,1.0,185.86111111111111,207.0486111111111,-12.555555555555543,8.631944444444429,0.1720226843100189,0
1.032258064516129,0.6774193548387096,1,0,11,3.0,0.375,187.54166666666666,228.63888888888889,48.625,89.72222222222223,0.17391304347826086,0
1.032258064516129,0.6774193548387096,15,0,11,1.5,0.1875,191.375,228.35416666666666,76.72916666666667,113.70833333333333,0.17580340264650285,0
0.7419354838709677,0.6774193548387096,1,0,11,3.0,0.3333333333333333,195.1736111111111,228.61805555555557,31.923611111111086,65.36805555555557,0.1776937618147448,0
0.1935483870967742,0.6774193548387096,1,0,11,11.0,1.0,177.79166666666666,228.92361111111111,-51.5625,-0.4305555555555429,0.1767485822306238,0
0.25806451612903225,0.22580645161290322,4,0,11,6.5,0.5,189.25694444444446,220.35416666666666,-1.8888888888888857,29.208333333333314,0.17013232514177692,0
0.25806451612903225,0.2903225806451613,1,0,11,6.5,0.5,187.10416666666666,225.26388888888889,-34.5625,3.5972222222222285,0.16824196597353497,0
0.25806451612903225,0.22580645161290322,1,0,11,7.0,0.5,190.3888888888889,227.41666666666666,-31.027777777777743,6.0,0.16918714555765596,0
0.4838709677419355,0.25806451612903225,1,0,11,8.0,1.0,221.4722222222222,193.75,18.9097222222222,-8.8125,0.1843100189035917,0
0.5161290322580645,0.25806451612903225,0,0,11,7.0,1.0,222.43055555555554,193.25,29.138888888888886,-0.04166666666665719,0.18525519848771266,0
0.4838709677419355,0.2903225806451613,0,0,11,7.0,1.0,220.98611111111111,190.91666666666666,27.986111111111114,-2.083333333333343,0.18525519848771266,0
0.41935483870967744,0.2903225806451613,1,0,11,8.0,1.0,214.2013888888889,180.88194444444446,19.61805555555557,-13.701388888888886,0.18525519848771266,0
0.45161290322580644,0.2903225806451613,1,0,11,9.0,1.0,204.20833333333334,172.36805555555554,9.875,-21.9652777777778,0.18525519848771266,0
0.45161290322580644,0.2903225806451613,1,0,11,9.0,1.0,196.2847222222222,182.96527777777774,3.9513888888888573,-9.3680555555556,0.18525519848771266,0
0.41935483870967744,0.5161290322580645,1,0,11,8.0,1.0,193.625,204.4375,0.5416666666666572,11.354166666666657,0.20226843100189035,0
0.5806451612903226,0.4838709677419355,1,0,11,8.0,1.0,193.97222222222226,224.17361111111111,6.638888888888914,36.84027777777777,0.21833648393194707,0
0.5483870967741935,0.4838709677419355,16,0,11,6.0,0.5555555555555556,193.75,226.6875,31.520833333333343,64.45833333333334,0.22495274102079396,0
0.4838709677419355,0.4838709677419355,16,0,11,4.0,0.5,193.25,226.59027777777774,25.708333333333343,59.048611111111086,0.22873345935727787,0
0.1935483870967742,0.45161290322580644,1,0,11,9.0,1.0,190.91666666666666,226.63888888888889,-28.208333333333343,7.513888888888886,0.23156899810964082,0
0.1935483870967742,0.3870967741935484,1,0,11,9.0,1.0,180.88194444444446,225.5625,-45.763888888888886,-1.0833333333333428,0.2438563327032136,0
0.1935483870967742,0.6774193548387096,1,0,11,11.0,1.0,224.17361111111111,172.9027777777778,-2.7222222222222285,-53.99305555555554,0.24291115311909262,0
0.7419354838709677,0.6774193548387096,1,0,11,11.0,1.0,226.6875,187.4513888888889,3.25,-35.986111111111086,0.24102079395085066,0
0.7419354838709677,0.6774193548387096,1,0,11,3.0,0.36363636363636365,226.59027777777774,179.7777777777778,79.17361111111109,32.36111111111114,0.24102079395085066,0
0.7419354838709677,0.6774193548387096,1,0,11,3.0,0.36363636363636365,226.63888888888889,165.0902777777778,85.26388888888889,23.7152777777778,0.24102079395085066,0
0.6774193548387096,0.6774193548387096,1,0,11,7.0,0.6666666666666666,225.5625,180.5347222222222,47.625,2.5972222222222,0.24007561436672967,0
0.5483870967741935,0.8064516129032258,1,0,11,7.0,1.0,199.25,202.29166666666666,-0.1458333333333428,2.8958333333333144,0.22684310018903592,0
0.7419354838709677,0.6774193548387096,1,0,11,7.0,1.0,170.74305555555554,220.52777777777774,-14.2777777777778,35.5069444444444,0.21455576559546313,0
0.7419354838709677,0.6774193548387096,1,0,11,2.0,0.4,155.57638888888889,210.4236111111111,0.6597222222222285,55.50694444444443,0.22873345935727787,0
0.7419354838709677,0.6774193548387096,1,0,11,2.0,0.4,172.9027777777778,202.44444444444443,17.569444444444457,47.111111111111086,0.2504725897920605,0
0.25806451612903225,0.6774193548387096,1,0,11,11.0,1.0,187.4513888888889,197.36805555555554,-43.90277777777774,-33.986111111111114,0.2551984877126654,0
0.3225806451612903,0.6774193548387096,1,0,11,6.0,1.0,179.7777777777778,194.97916666666666,-40.4097222222222,-25.208333333333343,0.2542533081285444,0
0.3870967741935484,0.25806451612903225,0,0,11,7.0,1.0,165.0902777777778,194.72916666666666,-44.95138888888886,-15.3125,0.2533081285444234,0
0.41935483870967744,0.25806451612903225,0,0,11,8.0,1.0,180.5347222222222,195.06944444444446,-20.506944444444457,-5.9722222222222,0.2523629489603025,0
0.41935483870967744,0.25806451612903225,0,0,11,9.0,1.0,202.29166666666666,179.0138888888889,6.041666666666657,-17.236111111111086,0.2504725897920605,0
0.45161290322580644,0.25806451612903225,0,0,11,9.0,1.0,220.52777777777774,157.08333333333334,25.715277777777743,-37.72916666666666,0.2334593572778828,0
0.45161290322580644,0.25806451612903225,0,0,11,9.0,1.0,210.4236111111111,152.5277777777778,16.548611111111086,-41.3472222222222,0.21644612476370512,0
0.41935483870967744,0.2903225806451613,0,0,11,8.0,1.0,202.44444444444443,180.6875,6.944444444444429,-14.8125,0.20982986767485823,0
0.7741935483870968,0.7419354838709677,0,0,11,8.5,1.0,197.36805555555554,214.875,1.5347222222222001,19.041666666666657,0.2060491493383743,0
0.7419354838709677,0.7419354838709677,16,0,11,3.0,0.4,194.97916666666666,232.20833333333334,49.270833333333314,86.5,0.20132325141776938,0
0.7096774193548387,0.7096774193548387,16,0,11,2.0,0.2727272727272727,194.72916666666666,233.97916666666666,65.02083333333331,104.27083333333331,0.18714555765595464,0
0.45161290322580644,0.6774193548387096,2,0,11,4.5,0.5,195.06944444444446,233.33333333333334,12.9027777777778,51.166666666666686,0.1720226843100189,0
0.16129032258064516,0.6451612903225806,1,0,11,11.0,1.0,179.0138888888889,231.7638888888889,-51.173611111111086,1.5763888888889142,0.17296786389413987,0
0.3548387096774194,0.25806451612903225,1,0,11,6.0,1.0,228.99305555555554,192.50694444444446,13.0347222222222,-23.451388888888886,0.17296786389413987,0
0.3870967741935484,0.25806451612903225,1,0,11,7.0,1.0,229.86111111111111,192.29861111111111,26.631944444444457,-10.930555555555543,0.17391304347826086,0
0.41935483870967744,0.25806451612903225,1,0,11,8.0,1.0,229.5138888888889,192.9513888888889,34.201388888888914,-2.361111111111086,0.1776937618147448,0
0.41935483870967744,0.2903225806451613,1,0,11,9.0,1.0,224.95833333333334,185.38194444444446,31.770833333333343,-7.805555555555543,0.1776937618147448,0
0.41935483870967744,0.2903225806451613,1,0,11,9.5,1.0,215.5902777777778,180.00694444444446,22.6527777777778,-12.930555555555543,0.1776937618147448,0
0.45161290322580644,0.2903225806451613,1,0,11,9.5,1.0,204.83333333333334,186.23611111111111,13.4375,-5.1597222222222285,0.17580340264650285,0
0.41935483870967744,0.2903225806451613,1,0,11,8.5,1.0,197.24305555555554,207.0,4.680555555555543,14.4375,0.17580340264650285,0
0.5806451612903226,0.25806451612903225,1,0,11,7.5,1.0,193.8125,225.01388888888889,-1.0833333333333428,30.118055555555543,0.1767485822306238,0
0.5483870967741935,0.25806451612903225,1,0,11,7.0,1.0,192.50694444444446,228.66666666666666,23.819444444444457,59.97916666666666,0.17580340264650285,0
0.5161290322580645,0.25806451612903225,10,0,11,6.5,0.75,192.29861111111111,228.5,15.861111111111114,52.0625,0.17485822306238186,0
0.1935483870967742,0.22580645161290322,1,0,11,8.5,1.0,192.9513888888889,228.38888888888889,-20.63194444444443,14.805555555555543,0.17485822306238186,0
0.3225806451612903,0.25806451612903225,1,0,11,8.5,1.0,226.39583333333334,185.7152777777778,10.020833333333343,-30.6597222222222,0.21455576559546313,0
0.3225806451612903,0.2903225806451613,1,0,11,6.5,1.0,227.7777777777778,183.58333333333334,24.006944444444457,-20.1875,0.21739130434782608,0
0.3548387096774194,0.2903225806451613,1,0,11,7.0,1.0,228.22916666666666,181.6875,34.4375,-12.104166666666657,0.21928166351606806,0
0.3548387096774194,0.2903225806451613,1,0,11,8.0,1.0,224.2222222222222,174.80555555555554,36.38888888888886,-13.0277777777778,0.222117202268431,0
0.41935483870967744,0.2903225806451613,1,0,11,9.0,1.0,215.7152777777778,152.83333333333331,28.361111111111143,-34.52083333333334,0.22495274102079396,0
0.41935483870967744,0.2903225806451613,1,0,11,10.0,1.0,204.64583333333334,130.17361111111111,22.6875,-51.78472222222223,0.2277882797731569,0
0.41935483870967744,0.2903225806451613,1,0,11,10.0,1.0,195.13194444444446,146.81944444444443,13.694444444444457,-34.61805555555557,0.22967863894139887,0
0.41935483870967744,0.5483870967741935,1,0,11,9.0,1.0,189.6597222222222,179.5972222222222,7.993055555555543,-2.069444444444457,0.23062381852551986,0
0.967741935483871,0.5483870967741935,1,0,11,8.0,1.0,185.7152777777778,212.70833333333334,24.4027777777778,51.39583333333334,0.23251417769376181,0
0.967741935483871,0.5483870967741935,8,0,11,2.0,0.35714285714285715,183.58333333333334,212.8472222222222,68.06250000000001,97.32638888888887,0.23629489603024575,0
0.8709677419354839,0.5483870967741935,8,0,11,2.0,0.3333333333333333,181.6875,211.07638888888889,68.0,97.38888888888889,0.24102079395085066,0
0.16129032258064516,0.45161290322580644,1,0,11,11.0,1.0,174.80555555555554,209.49305555555554,-36.44444444444446,-1.756944444444457,0.24669187145557656,0
0.16129032258064516,0.3870967741935484,1,0,11,11.0,1.0,152.83333333333334,208.8402777777778,-61.020833333333314,-5.013888888888857,0.2504725897920605,0
0.4838709677419355,0.25806451612903225,6,0,11,6.0,1.0,204.46527777777774,167.4097222222222,14.7569444444444,-22.298611111111143,0.2523629489603025,0
0.4838709677419355,0.2903225806451613,0,0,11,7.0,0.8,205.02083333333334,170.04166666666666,31.270833333333343,-3.708333333333343,0.2523629489603025,0
0.4838709677419355,0.2903225806451613,6,0,11,7.0,0.8333333333333334,204.35416666666666,170.55555555555557,37.770833333333314,3.9722222222222285,0.2523629489603025,0
0.45161290322580644,0.2903225806451613,5,0,11,8.0,0.8333333333333334,199.3888888888889,161.66666666666666,34.03472222222226,-3.6875,0.2523629489603025,0
0.41935483870967744,0.2903225806451613,5,0,11,9.0,0.8333333333333334,188.8402777777778,144.63194444444443,21.986111111111143,-22.22222222222223,0.2533081285444234,0
0.41935483870967744,0.2903225806451613,5,0,11,9.0,0.8333333333333334,176.68055555555557,154.2222222222222,6.6597222222222285,-15.798611111111143,0.2542533081285444,0
0.3870967741935484,0.3225806451612903,5,0,11,9.0,1.0,168.5625,177.33333333333334,-4.6875,4.083333333333343,0.2533081285444234,0
0.7419354838709677,0.7419354838709677,5,0,11,8.0,1.0,166.26388888888889,207.51388888888889,-2.131944444444457,39.11805555555554,0.2523629489603025,0
0.8064516129032258,0.7419354838709677,5,0,11,7.0,0.5714285714285714,167.4097222222222,212.83333333333334,24.055555555555543,69.47916666666669,0.2504725897920605,0
0.7419354838709677,0.7096774193548387,5,0,11,2.0,0.36363636363636365,170.04166666666666,212.61111111111111,47.89583333333333,90.46527777777779,0.2495274102079395,0
0.16129032258064516,0.7096774193548387,5,0,11,11.0,1.0,170.55555555555557,211.22916666666666,-26.611111111111086,14.0625,0.2485822306238185,0
0.16129032258064516,0.6774193548387096,4,0,11,11.0,1.0,161.66666666666666,209.93055555555554,-51.02083333333334,-2.756944444444457,0.24763705103969755,0
0.3548387096774194,1.032258064516129,2,0,9,8.5,1.0,172.09722222222226,183.5347222222222,-1.8194444444444002,9.618055555555543,0.2381852551984877,0
1.032258064516129,1.032258064516129,2,0,8,6.5,0.75,170.9652777777778,221.50694444444446,2.9652777777778,53.50694444444446,0.23251417769376181,0
1.032258064516129,1.032258064516129,2,0,7,2.0,0.1875,171.26388888888889,234.86111111111111,90.74305555555556,154.34027777777777,0.22684310018903592,0
1.032258064516129,1.032258064516129,2,0,8,2.0,0.14285714285714285,172.40277777777774,234.625,50.48611111111107,112.70833333333333,0.222117202268431,0
0.3548387096774194,1.032258064516129,1,0,8,8.0,1.0,171.2361111111111,234.50694444444443,-24.86805555555557,38.40277777777777,0.21833648393194707,0
0.12903225806451613,0.41935483870967744,0,0,8,8.0,1.0,140.8125,234.5,-91.77083333333334,1.9166666666666572,0.2107750472589792,0
0.16129032258064516,0.9032258064516129,0,0,6,6.0,1.0,232.75694444444446,169.60416666666666,-0.5555555555555429,-63.70833333333334,0.11058601134215501,1
0.2903225806451613,1.032258064516129,0,3,11,7.5,1.0,189.75694444444446,213.4027777777778,2.5486111111111143,26.194444444444457,0.17107750472589792,0
1.032258064516129,1.032258064516129,1,3,11,4.0,0.6666666666666666,187.11805555555554,223.14583333333334,32.138888888888886,68.16666666666669,0.17107750472589792,0
1.032258064516129,1.032258064516129,16,2,11,1.0,0.125,186.08333333333334,227.44444444444443,157.5,198.8611111111111,0.17107750472589792,0
0.22580645161290322,1.032258064516129,0,1,11,7.0,0.5,186.27083333333334,229.13888888888889,-13.3125,29.555555555555543,0.17013232514177692,0
0.1935483870967742,1.032258064516129,0,1,11,11.0,1.0,176.1875,229.2361111111111,-40.33333333333334,12.715277777777743,0.16918714555765596,0
0.45161290322580644,0.22580645161290322,0,0,7,6.5,0.75,224.25694444444446,183.8125,17.4652777777778,-22.979166666666657,0.15500945179584122,0
0.45161290322580644,0.25806451612903225,0,0,8,8.0,1.0,225.38888888888889,185.8402777777778,29.576388888888886,-9.9722222222222,0.15122873345935728,0
0.4838709677419355,0.25806451612903225,0,0,9,8.0,1.0,223.67361111111111,189.57638888888889,35.25694444444446,1.1597222222222285,0.14650283553875237,0
0.5161290322580645,0.25806451612903225,0,0,10,8.0,1.0,217.70138888888889,189.06944444444443,34.34722222222223,5.7152777777777715,0.14366729678638943,0
0.5161290322580645,0.25806451612903225,0,0,11,8.0,1.0,207.47916666666666,186.68055555555554,26.208333333333314,5.4097222222222,0.13988657844990549,0
0.41935483870967744,0.25806451612903225,0,0,11,8.0,1.0,197.00694444444443,189.51388888888889,10.194444444444429,2.7013888888888857,0.13705103969754254,0
0.41935483870967744,0.2903225806451613,0,0,10,8.0,1.0,189.19444444444443,204.04166666666666,-0.24305555555557135,14.604166666666657,0.13516068052930058,0
0.41935483870967744,0.2903225806451613,0,0,9,8.0,1.0,184.3472222222222,220.4861111111111,-8.131944444444457,28.00694444444443,0.1332703213610586,0
0.3870967741935484,0.25806451612903225,0,0,8,6.0,0.8,183.8125,230.06944444444443,-1.4791666666666572,44.77777777777777,0.1323251417769376,0
0.3548387096774194,0.25806451612903225,4,0,7,5.0,0.75,185.8402777777778,230.97916666666666,3.569444444444457,48.708333333333314,0.13043478260869565,0
0.3225806451612903,0.22580645161290322,1,0,6,5.0,1.0,189.57638888888889,230.70833333333334,-11.402777777777771,29.729166666666686,0.13043478260869565,0
0.3548387096774194,0.22580645161290322,0,0,3,3.0,0.0,231.0277777777778,191.54861111111111,9.631944444444457,-29.84722222222223,0.15689981096408318,0
0.3548387096774194,0.2903225806451613,0,0,6,6.0,1.0,230.04861111111111,191.89583333333334,19.27777777777777,-18.875,0.15784499054820417,0
0.3870967741935484,0.2903225806451613,0,0,7,7.0,1.0,228.86111111111111,191.51388888888889,29.819444444444457,-7.5277777777777715,0.15879017013232513,0
0.3870967741935484,0.2903225806451613,0,0,8,8.0,1.0,225.7777777777778,185.7361111111111,34.4027777777778,-5.638888888888914,0.15973534971644612,0
0.3870967741935484,0.2903225806451613,0,0,9,8.0,1.0,219.79861111111111,168.3472222222222,27.90277777777777,-23.548611111111143,0.16068052930056712,0
0.3870967741935484,0.2903225806451613,0,0,10,9.0,1.0,210.4027777777778,148.70138888888889,19.0277777777778,-42.673611111111114,0.16162570888468808,0
0.41935483870967744,0.2903225806451613,0,0,10,9.0,1.0,200.39583333333334,165.3472222222222,7.979166666666686,-27.069444444444457,0.16257088846880907,0
0.45161290322580644,0.3548387096774194,0,0,11,9.0,1.0,194.10416666666666,194.0,3.354166666666657,3.25,0.16351606805293006,0
0.7419354838709677,0.6774193548387096,0,0,11,8.0,1.0,191.54861111111111,225.375,17.506944444444457,51.33333333333334,0.16446124763705103,0
0.7096774193548387,0.6774193548387096,16,0,11,2.0,0.3333333333333333,191.89583333333334,225.65972222222226,51.64583333333334,85.40972222222226,0.16540642722117202,0
0.6774193548387096,0.6774193548387096,16,0,11,2.0,0.3333333333333333,191.51388888888889,225.16666666666666,59.701388888888886,93.35416666666666,0.16540642722117202,0
0.1935483870967742,0.5806451612903226,0,0,11,11.0,1.0,185.7361111111111,225.0,-38.24305555555557,1.0208333333333428,0.16540642722117202,0
0.1935483870967742,0.5483870967741935,0,0,11,11.0,1.0,168.3472222222222,225.34027777777774,-57.86111111111114,-0.8680555555555998,0.16540642722117202,0
0.3870967741935484,0.22580645161290322,0,0,11,6.0,1.0,225.0486111111111,186.49305555555554,17.965277777777743,-20.5902777777778,0.1389413988657845,0
0.41935483870967744,0.25806451612903225,0,0,11,7.0,1.0,225.45138888888889,189.24305555555554,30.22222222222223,-5.986111111111114,0.1389413988657845,0
0.45161290322580644,0.25806451612903225,0,0,11,7.0,0.8333333333333334,223.7777777777778,191.18055555555554,34.54861111111114,1.9513888888888857,0.13988657844990549,0
0.4838709677419355,0.25806451612903225,0,0,11,7.0,0.7142857142857143,217.65972222222226,189.02777777777774,32.90972222222226,4.277777777777743,0.14083175803402648,0
0.45161290322580644,0.25806451612903225,0,0,11,8.0,0.7142857142857143,207.5902777777778,187.44444444444443,22.048611111111143,1.9027777777777715,0.14177693761814744,0
0.41935483870967744,0.25806451612903225,0,0,11,8.5,0.8333333333333334,197.18055555555554,198.33333333333334,7.993055555555543,9.145833333333343,0.14177693761814744,0
0.41935483870967744,0.2903225806451613,0,0,11,8.5,1.0,189.7361111111111,213.36111111111111,-3.263888888888914,20.361111111111114,0.14083175803402648,0
0.3870967741935484,0.2903225806451613,0,0,11,8.0,1.0,186.50694444444443,225.54861111111111,-4.8472222222222285,34.19444444444446,0.14083175803402648,0
0.3870967741935484,0.25806451612903225,2,0,11,7.0,0.8,186.49305555555554,225.54166666666666,3.7638888888888857,42.8125,0.14177693761814744,0
0.3225806451612903,0.25806451612903225,2,0,11,6.0,0.75,189.24305555555554,224.35416666666666,0.9930555555555429,36.10416666666666,0.14177693761814744,0
0.1935483870967742,0.22580645161290322,0,0,11,11.0,1.0,191.18055555555554,223.91666666666666,-32.8402777777778,-0.10416666666668561,0.14177693761814744,0
0.3870967741935484,0.25806451612903225,0,0,11,7.0,0.5,226.05555555555557,191.38888888888889,3.701388888888914,-30.96527777777777,0.16824196597353497,0
0.3870967741935484,0.2903225806451613,0,0,11,6.0,0.75,225.05555555555557,187.25,22.78472222222223,-15.020833333333343,0.16729678638941398,0
0.3548387096774194,0.2903225806451613,0,0,11,7.0,1.0,224.54166666666666,185.26388888888889,25.208333333333314,-14.069444444444457,0.166351606805293,0
0.3870967741935484,0.2903225806451613,0,0,11,8.0,1.0,223.61111111111111,184.9722222222222,27.694444444444457,-10.944444444444457,0.16540642722117202,0
0.41935483870967744,0.2903225806451613,0,0,11,8.0,1.0,216.11111111111111,172.5972222222222,24.298611111111114,-19.2152777777778,0.16446124763705103,0
0.45161290322580644,0.2903225806451613,0,0,11,8.5,1.0,207.98611111111111,147.67361111111111,21.548611111111114,-38.763888888888886,0.166351606805293,0
0.45161290322580644,0.2903225806451613,0,0,11,9.0,1.0,199.17361111111111,148.98611111111111,15.673611111111114,-34.513888888888886,0.16824196597353497,0
0.41935483870967744,0.2903225806451613,0,0,11,8.5,1.0,195.6875,175.52777777777774,9.833333333333343,-10.326388888888914,0.16824196597353497,0
0.967741935483871,0.5806451612903226,0,0,11,7.5,1.0,191.38888888888889,213.25,5.826388888888886,27.6875,0.16824196597353497,0
0.9354838709677419,0.5806451612903226,0,0,11,6.0,0.7142857142857143,187.25,224.68055555555554,40.875,78.30555555555554,0.17107750472589792,0
0.8709677419354839,0.5806451612903226,11,0,11,1.5,0.3333333333333333,185.26388888888889,223.50694444444443,74.18055555555556,112.4236111111111,0.17296786389413987,0
0.3548387096774194,0.5806451612903226,0,0,11,6.0,0.6666666666666666,184.9722222222222,221.79166666666666,-4.5277777777778,32.29166666666666,0.17485822306238186,0
0.16129032258064516,0.5806451612903226,0,0,10,10.0,1.0,172.5972222222222,220.1736111111111,-53.4027777777778,-5.826388888888914,0.17485822306238186,0
0.3870967741935484,0.22580645161290322,0,0,11,10.0,1.0,216.85416666666666,175.58333333333334,5.833333333333314,-35.4375,0.1880907372400756,0
0.45161290322580644,0.2903225806451613,0,0,11,8.0,1.0,217.61805555555554,175.2361111111111,16.743055555555543,-25.638888888888914,0.19092627599243855,0
0.4838709677419355,0.2903225806451613,0,0,11,8.0,1.0,216.70833333333334,176.8611111111111,27.895833333333343,-11.951388888888914,0.19281663516068054,0
0.5161290322580645,0.2903225806451613,0,0,11,8.0,0.8571428571428571,214.7777777777778,180.33333333333334,35.50694444444446,1.0625,0.19281663516068054,0
0.5483870967741935,0.2903225806451613,0,0,11,10.0,1.0,208.36805555555557,166.1527777777778,34.30555555555557,-7.9097222222222,0.1947069943289225,0
0.5161290322580645,0.2903225806451613,0,0,11,10.0,0.8571428571428571,200.23611111111111,159.375,26.819444444444457,-14.041666666666657,0.19754253308128544,0
0.4838709677419355,0.2903225806451613,0,0,11,10.5,1.0,189.6527777777778,168.90277777777774,11.423611111111143,-9.326388888888914,0.19848771266540643,0
0.4838709677419355,0.6774193548387096,0,0,11,10.0,1.0,180.7152777777778,195.1736111111111,1.7777777777777999,16.236111111111086,0.19754253308128544,0
0.7419354838709677,0.6774193548387096,0,0,11,9.0,1.0,175.58333333333334,214.0,-8.25,30.166666666666657,0.19754253308128544,0
0.7419354838709677,0.6774193548387096,8,0,11,4.0,0.5,175.2361111111111,214.65972222222226,39.548611111111086,78.97222222222226,0.19659735349716445,0
0.7096774193548387,0.6129032258064516,0,0,11,4.0,0.5,176.8611111111111,214.20833333333334,18.25694444444443,55.604166666666686,0.19754253308128544,0
0.25806451612903225,0.6129032258064516,0,0,11,11.0,1.0,180.33333333333334,213.45833333333334,-32.083333333333314,1.0416666666666856,0.1994328922495274,0
0.1935483870967742,0.2903225806451613,0,0,11,11.0,1.0,166.1527777777778,213.375,-48.3472222222222,-1.125,0.20226843100189035,0
1.0,1.032258064516129,5,4,11,11.0,1.0,169.06944444444446,184.20833333333334,5.006944444444457,20.145833333333343,0.2381852551984877,0
1.032258064516129,1.032258064516129,5,3,11,3.0,0.4,166.13888888888889,215.94444444444443,64.53472222222221,114.34027777777776,0.23629489603024575,0
1.032258064516129,1.032258064516129,4,2,11,1.0,0.125,163.2152777777778,222.09027777777774,114.23611111111114,173.1111111111111,0.23156899810964082,0
1.032258064516129,1.032258064516129,0,2,11,3.0,0.4,163.16666666666666,226.89583333333334,34.083333333333314,97.8125,0.22684310018903592,0
0.25806451612903225,1.032258064516129,0,2,11,9.5,1.0,142.91666666666666,227.59722222222226,-66.89583333333334,17.784722222222257,0.222117202268431,0
0.3225806451612903,0.9354838709677419,0,0,11,11.0,1.0,226.0277777777778,162.60416666666666,-0.6388888888888573,-64.0625,0.14650283553875237,1
1.032258064516129,1.0,0,8,7,7.0,1.0,204.20138888888889,191.45833333333334,-0.9861111111111143,-13.729166666666657,0.15973534971644612,0
1.032258064516129,1.0,0,7,8,4.0,0.5,203.9375,221.74305555555557,75.64583333333334,93.45138888888891,0.15973534971644612,0
1.032258064516129,1.0,16,6,9,1.0,0.125,203.3402777777778,226.58333333333334,118.1527777777778,141.39583333333334,0.15784499054820417,0
0.967741935483871,1.0,0,3,10,4.0,0.5,203.72222222222226,230.2638888888889,64.6180555555556,91.15972222222226,0.15595463137996218,0
0.25806451612903225,1.0,0,2,11,8.0,1.0,178.54166666666666,230.42361111111111,-37.33333333333334,14.548611111111114,0.15311909262759923,0
0.45161290322580644,0.22580645161290322,3,0,11,8.0,0.8,205.02777777777774,189.29166666666666,27.6944444444444,11.958333333333314,0.17485822306238186,0
0.45161290322580644,0.2903225806451613,3,0,11,8.0,0.75,194.0972222222222,202.4027777777778,15.076388888888857,23.381944444444457,0.17958412098298676,0
0.4838709677419355,0.22580645161290322,0,0,11,6.0,1.0,221.0902777777778,185.375,25.111111111111143,-10.604166666666657,0.19281663516068054,0
0.5483870967741935,0.25806451612903225,0,0,11,7.0,1.0,222.31944444444446,188.48611111111111,30.0902777777778,-3.743055555555543,0.1899810964083176,0
0.5483870967741935,0.25806451612903225,0,0,11,8.0,1.0,219.27083333333334,188.86805555555554,31.270833333333343,0.8680555555555429,0.18714555765595464,0
0.5483870967741935,0.25806451612903225,0,0,11,8.0,1.0,210.44444444444443,183.79861111111111,28.75694444444443,2.1111111111111143,0.1833648393194707,0
0.4838709677419355,0.25806451612903225,0,0,11,9.0,1.0,200.2986111111111,177.42361111111111,14.402777777777743,-8.472222222222229,0.18147448015122875,0
0.4838709677419355,0.25806451612903225,0,0,11,9.0,1.0,192.06944444444443,188.53472222222226,3.5277777777777715,-0.006944444444400233,0.1956521739130435,0
0.45161290322580644,0.3225806451612903,0,0,11,8.0,1.0,187.30555555555554,206.7638888888889,-3.7152777777778,15.743055555555571,0.2051039697542533,0
0.4838709677419355,0.3225806451612903,0,0,11,8.5,1.0,185.19444444444446,225.4652777777778,-1.8472222222222001,38.42361111111114,0.20982986767485823,0
0.45161290322580644,0.2903225806451613,16,0,11,7.0,0.8,185.375,227.6875,12.041666666666657,54.35416666666666,0.21550094517958412,0
0.41935483870967744,0.25806451612903225,16,0,11,7.0,0.75,188.48611111111111,226.95138888888889,16.59027777777777,55.05555555555554,0.22589792060491493,0
0.25806451612903225,0.22580645161290322,0,0,11,9.0,1.0,188.86805555555554,219.2986111111111,-31.506944444444457,-1.0763888888889142,0.24102079395085066,0
0.3225806451612903,0.6451612903225806,0,0,11,11.0,1.0,206.7638888888889,181.26388888888889,-19.048611111111086,-44.548611111111114,0.22873345935727787,0
0.8064516129032258,0.6451612903225806,0,0,11,3.0,0.3333333333333333,225.4652777777778,184.8472222222222,20.423611111111143,-20.194444444444457,0.22684310018903592,0
0.8064516129032258,0.6451612903225806,0,0,11,3.0,0.45454545454545453,227.6875,179.5972222222222,73.79166666666666,25.701388888888857,0.22589792060491493,0
0.7419354838709677,0.6451612903225806,0,0,11,4.5,0.5,226.95138888888889,181.80555555555554,67.76388888888889,22.618055555555543,0.22684310018903592,0
0.4838709677419355,0.6774193548387096,0,0,11,6.0,0.8333333333333334,219.2986111111111,200.45138888888889,33.111111111111086,14.263888888888886,0.22873345935727787,0
0.6451612903225806,0.6451612903225806,0,0,11,6.0,1.0,194.91666666666666,216.4097222222222,-3.5,17.993055555555543,0.23062381852551986,0
0.6774193548387096,0.5483870967741935,0,0,11,6.0,1.0,172.70833333333334,214.67361111111111,2.770833333333343,44.736111111111114,0.22589792060491493,0
0.6774193548387096,0.5483870967741935,0,0,11,6.0,0.75,166.42361111111111,203.875,-4.013888888888886,33.4375,0.23534971644612476,0
0.5483870967741935,0.5483870967741935,0,0,11,9.5,1.0,181.26388888888889,194.85416666666666,-23.77777777777777,-10.1875,0.2561436672967864,0
0.3225806451612903,0.5483870967741935,0,0,11,10.0,1.0,184.8472222222222,190.7986111111111,-41.0277777777778,-35.076388888888914,0.2599243856332703,0
0.3870967741935484,0.22580645161290322,0,0,11,10.0,1.0,179.5972222222222,188.13194444444443,-38.7152777777778,-30.18055555555557,0.2608695652173913,0
0.45161290322580644,0.22580645161290322,0,0,11,7.0,0.8,181.80555555555554,187.00694444444443,-18.0277777777778,-12.826388888888914,0.2627599243856333,0
0.4838709677419355,0.25806451612903225,0,0,11,8.0,1.0,200.45138888888889,185.69444444444443,6.9722222222222285,-7.7847222222222285,0.2655954631379962,0
0.45161290322580644,0.25806451612903225,0,0,11,8.0,0.8333333333333334,216.4097222222222,168.10416666666666,25.1597222222222,-23.145833333333343,0.2646502835538752,0
0.5161290322580645,0.25806451612903225,0,0,11,8.5,0.8333333333333334,214.67361111111111,152.85416666666666,27.006944444444457,-34.8125,0.24763705103969755,0
0.4838709677419355,0.25806451612903225,0,0,11,8.5,0.8333333333333334,203.875,159.54861111111111,18.395833333333343,-25.930555555555543,0.23534971644612476,0
0.4838709677419355,0.7096774193548387,0,0,11,8.0,1.0,194.85416666666666,189.98611111111111,6.979166666666657,2.1111111111111143,0.2277882797731569,0
0.8709677419354839,0.7419354838709677,0,0,11,8.0,1.0,190.7986111111111,217.05555555555557,7.069444444444429,33.326388888888914,0.22117202268431002,0
0.8387096774193549,0.7419354838709677,2,0,11,2.0,0.45454545454545453,188.13194444444443,223.79166666666666,55.423611111111086,91.08333333333331,0.2107750472589792,0
0.7741935483870968,0.7096774193548387,3,0,11,2.0,0.3333333333333333,187.00694444444443,224.3402777777778,44.88194444444443,82.2152777777778,0.1956521739130435,0
0.2903225806451613,0.6774193548387096,0,0,11,9.0,1.0,185.69444444444443,224.7222222222222,-18.11805555555557,20.9097222222222,0.1947069943289225,0
0.25806451612903225,0.6451612903225806,0,0,11,10.5,1.0,168.10416666666666,224.7222222222222,-55.916666666666686,0.7013888888888573,0.1937618147448015,0
0.45161290322580644,0.25806451612903225,0,0,11,8.5,1.0,226.97916666666666,189.9513888888889,20.0625,-16.965277777777743,0.15406427221172023,0
0.45161290322580644,0.25806451612903225,0,0,11,7.0,1.0,227.44444444444446,190.66666666666666,28.7777777777778,-8.0,0.15217391304347827,0
0.45161290322580644,0.25806451612903225,0,0,11,7.5,0.75,225.70833333333334,191.8402777777778,34.375,0.5069444444444571,0.15122873345935728,0
0.4838709677419355,0.2903225806451613,0,0,11,8.0,0.75,218.89583333333334,185.73611111111111,29.083333333333343,-4.076388888888886,0.14933837429111532,0
0.4838709677419355,0.2903225806451613,0,0,11,9.0,1.0,208.9861111111111,182.75694444444446,18.340277777777743,-7.888888888888886,0.14744801512287334,0
0.4838709677419355,0.2903225806451613,0,0,11,8.5,1.0,198.9722222222222,188.81944444444446,9.576388888888857,-0.5763888888888857,0.14744801512287334,0
0.45161290322580644,0.3225806451612903,0,0,10,8.0,1.0,193.27083333333334,207.76388888888889,1.3125,15.805555555555543,0.14744801512287334,0
0.5161290322580645,0.3225806451612903,0,0,9,7.0,1.0,190.59722222222226,221.63194444444443,-3.5694444444444002,27.46527777777777,0.14744801512287334,0
0.4838709677419355,0.3225806451612903,2,0,8,6.0,0.75,189.9513888888889,225.10416666666666,18.86805555555557,54.020833333333314,0.14744801512287334,0
0.45161290322580644,0.2903225806451613,13,0,7,5.5,0.75,190.66666666666666,223.79861111111111,7.645833333333314,40.77777777777777,0.14839319470699433,0
0.25806451612903225,0.25806451612903225,0,0,6,6.0,1.0,191.8402777777778,224.04166666666666,-20.513888888888857,11.6875,0.14933837429111532,0
0.25806451612903225,0.22580645161290322,0,0,0,0,0,185.73611111111111,224.5625,-42.18055555555554,-3.354166666666657,0.14933837429111532,0
0.45161290322580644,0.22580645161290322,0,0,11,8.0,1.0,225.7638888888889,176.3402777777778,37.138888888888914,-12.2847222222222,0.19848771266540643,0
0.45161290322580644,0.22580645161290322,0,0,11,9.0,1.0,221.35416666666666,161.97916666666666,40.520833333333314,-18.854166666666686,0.20226843100189035,0
0.45161290322580644,0.22580645161290322,0,0,11,9.5,1.0,212.20138888888889,138.26388888888889,36.74305555555554,-37.19444444444446,0.2060491493383743,0
0.45161290322580644,0.22580645161290322,0,0,11,10.0,1.0,200.02777777777774,127.71527777777779,24.986111111111086,-47.32638888888887,0.20888468809073724,0
0.45161290322580644,0.22580645161290322,0,0,11,9.5,1.0,189.39583333333334,151.6527777777778,15.0625,-22.680555555555543,0.21266540642722118,0
1.032258064516129,1.032258064516129,0,0,11,9.0,1.0,181.6388888888889,185.69444444444446,1.9930555555555713,6.048611111111114,0.21644612476370512,0
1.032258064516129,1.032258064516129,0,0,11,6.0,0.5714285714285714,177.11111111111111,203.93055555555557,45.15277777777777,71.97222222222223,0.22117202268431002,0
1.0,1.032258064516129,1,0,11,1.0,0.2,174.94444444444446,202.5625,71.75694444444446,99.375,0.22495274102079396,0
0.967741935483871,1.0,0,0,11,3.0,0.4,176.3402777777778,199.9652777777778,28.3402777777778,51.9652777777778,0.22873345935727787,0
0.2903225806451613,0.967741935483871,0,0,11,8.5,1.0,161.97916666666666,198.29166666666666,-41.791666666666686,-5.479166666666686,0.2334593572778828,0
0.3870967741935484,0.25806451612903225,5,0,6,6.0,1.0,196.76388888888889,170.19444444444446,3.743055555555543,-22.826388888888886,0.2608695652173913,0
0.3870967741935484,0.2903225806451613,5,2,6,6.0,1.0,197.16666666666666,167.22222222222226,12.458333333333314,-17.486111111111086,0.2627599243856333,0
0.3870967741935484,0.2903225806451613,5,1,7,6.5,1.0,196.14583333333334,165.84722222222226,20.625,-9.673611111111086,0.2618147448015123,0
0.3870967741935484,0.2903225806451613,4,0,8,7.5,1.0,193.50694444444446,165.14583333333334,21.881944444444457,-6.479166666666657,0.2608695652173913,0
0.3870967741935484,0.2903225806451613,4,0,9,8.5,1.0,190.11111111111111,155.86805555555557,18.84027777777777,-15.402777777777771,0.2608695652173913,0
0.41935483870967744,0.2903225806451613,4,0,9,9.0,1.0,184.41666666666666,141.20138888888889,16.729166666666657,-26.486111111111114,0.2608695652173913,0
0.41935483870967744,0.2903225806451613,4,0,10,9.0,1.0,177.28472222222226,138.81944444444443,14.576388888888914,-23.888888888888914,0.2599243856332703,0
0.41935483870967744,0.3225806451612903,4,0,10,8.0,1.0,172.80555555555557,162.85416666666666,5.6597222222222285,-4.291666666666686,0.2589792060491493,0
0.8709677419354839,0.9032258064516129,4,0,9,7.0,1.0,170.19444444444446,190.27083333333334,4.611111111111114,24.6875,0.2561436672967864,0
0.967741935483871,0.9032258064516129,3,0,8,6.0,0.7142857142857143,167.22222222222226,206.95138888888889,32.34722222222226,72.07638888888889,0.2551984877126654,0
0.9354838709677419,0.9032258064516129,3,0,7,1.0,0.23076923076923078,165.84722222222223,206.77083333333334,42.7013888888889,83.62500000000001,0.2533081285444234,0
0.8387096774193549,0.8709677419354839,3,0,6,4.0,0.5,165.14583333333334,208.27083333333334,6.708333333333343,49.83333333333334,0.2514177693761815,0
0.25806451612903225,0.7741935483870968,3,0,0,0,0,155.86805555555557,208.58333333333334,-51.111111111111086,1.6041666666666856,0.2504725897920605,0
0.41935483870967744,1.032258064516129,0,0,11,9.0,1.0,187.4236111111111,167.5347222222222,-0.38888888888891415,-20.2777777777778,0.23062381852551986,0
1.032258064516129,1.032258064516129,0,0,11,7.0,0.75,185.3125,215.60416666666666,24.583333333333343,54.875,0.2277882797731569,0
1.032258064516129,1.032258064516129,0,8,11,2.0,0.1875,185.4097222222222,220.47916666666666,87.88888888888887,122.95833333333333,0.22495274102079396,0
1.032258064516129,1.032258064516129,0,7,11,2.0,0.1875,186.5625,224.375,108.27083333333333,146.08333333333331,0.222117202268431,0
0.2903225806451613,1.032258064516129,0,0,11,7.0,0.5,178.5486111111111,225.61111111111111,-31.86805555555557,15.194444444444457,0.21739130434782608,0
0.25806451612903225,1.032258064516129,0,0,11,11.0,1.0,148.6875,226.09722222222226,-65.20833333333334,12.201388888888914,0.21266540642722118,0
0.967741935483871,0.967741935483871,0,0,5,4.0,1.0,229.66666666666666,183.1875,13.541666666666657,-32.9375,0.13705103969754254,1
0.25806451612903225,0.22580645161290322,0,3,9,9.0,1.0,217.22916666666666,150.95138888888889,3.354166666666657,-62.923611111111114,0.15217391304347827,0
1.032258064516129,0.41935483870967744,0,3,10,10.0,1.0,216.4027777777778,197.45138888888889,4.4027777777778,-14.548611111111114,0.15311909262759923,0
1.032258064516129,0.41935483870967744,0,11,11,2.0,0.09090909090909091,216.05555555555557,220.49305555555554,116.90972222222224,121.34722222222221,0.15311909262759923,0
1.032258064516129,0.41935483870967744,0,7,11,2.0,0.07692307692307693,215.34722222222226,224.8472222222222,134.1805555555556,143.68055555555554,0.15217391304347827,0
0.5806451612903226,0.41935483870967744,0,3,11,3.0,0.25,213.9652777777778,227.1875,58.17361111111114,71.39583333333334,0.14933837429111532,0
0.2903225806451613,0.41935483870967744,0,3,11,11.0,1.0,175.00694444444443,227.625,-40.888888888888914,11.729166666666657,0.14839319470699433,0
0.41935483870967744,0.22580645161290322,0,0,11,11.0,1.0,220.85416666666666,191.1875,1.5833333333333144,-28.083333333333343,0.14272211720226843,0
0.5161290322580645,0.22580645161290322,0,0,11,8.5,1.0,221.47222222222226,191.52777777777774,14.534722222222257,-15.409722222222257,0.14177693761814744,0
0.5483870967741935,0.25806451612903225,0,0,11,6.5,1.0,222.06944444444446,192.15277777777774,27.236111111111114,-2.6805555555555998,0.13988657844990549,0
0.5161290322580645,0.25806451612903225,0,0,11,7.0,0.8,221.25694444444446,191.33333333333334,30.798611111111114,0.875,0.13799621928166353,0
0.4838709677419355,0.25806451612903225,0,0,11,8.0,0.8,216.29861111111111,185.72916666666666,25.611111111111114,-4.958333333333343,0.13610586011342155,0
0.4838709677419355,0.25806451612903225,0,0,11,8.5,1.0,207.0138888888889,182.9097222222222,14.597222222222257,-9.506944444444457,0.1342155009451796,0
0.5161290322580645,0.25806451612903225,0,0,11,9.0,1.0,197.40972222222226,193.875,5.9305555555556,2.395833333333343,0.1323251417769376,0
0.5161290322580645,0.3548387096774194,0,0,11,9.0,1.0,191.99305555555557,210.84027777777774,-0.5694444444444287,18.277777777777743,0.13137996219281664,0
0.5483870967741935,0.3225806451612903,0,0,11,8.0,1.0,191.1875,224.35416666666666,1.2291666666666572,34.395833333333314,0.13043478260869565,0
0.5161290322580645,0.3225806451612903,0,0,11,4.5,0.5,191.52777777777774,225.0763888888889,16.861111111111086,50.40972222222226,0.13043478260869565,0
0.4838709677419355,0.2903225806451613,0,0,11,4.0,0.5,192.15277777777774,225.0625,8.048611111111086,40.95833333333334,0.13137996219281664,0
0.25806451612903225,0.25806451612903225,0,0,11,11.0,1.0,191.33333333333334,225.35416666666666,-31.520833333333314,2.5,0.1332703213610586,0
0.2903225806451613,0.25806451612903225,0,0,11,6.0,0.5,185.72916666666666,225.5138888888889,-39.83333333333334,-0.04861111111108585,0.1332703213610586,0
0.41935483870967744,0.3225806451612903,0,0,11,11.0,1.0,225.3263888888889,190.49305555555554,5.868055555555571,-28.9652777777778,0.16918714555765596,0
0.4838709677419355,0.3225806451612903,0,0,11,6.0,1.0,225.09722222222226,189.70833333333334,22.7430555555556,-12.645833333333314,0.16824196597353497,0
0.4838709677419355,0.3225806451612903,0,0,11,7.0,1.0,224.69444444444446,190.04166666666666,31.0902777777778,-3.5625,0.16824196597353497,0
0.4838709677419355,0.3225806451612903,0,0,11,8.0,1.0,222.67361111111111,187.64583333333334,30.65277777777777,-4.375,0.16918714555765596,0
0.4838709677419355,0.3225806451612903,0,0,11,8.0,0.8333333333333334,215.35416666666666,172.44444444444443,25.0625,-17.84722222222223,0.17013232514177692,0
0.4838709677419355,0.2903225806451613,0,0,11,9.0,0.8333333333333334,205.13888888888889,156.10416666666666,15.972222222222229,-33.0625,0.17107750472589792,0
0.4838709677419355,0.2903225806451613,0,0,11,9.0,0.8333333333333334,195.99305555555554,165.875,6.326388888888886,-23.791666666666657,0.1720226843100189,0
0.4838709677419355,0.7419354838709677,0,0,11,9.0,1.0,191.9722222222222,193.1875,0.6805555555555429,1.8958333333333428,0.1720226843100189,0
0.8387096774193549,0.7419354838709677,0,0,11,8.0,1.0,190.49305555555554,220.77083333333334,8.513888888888886,38.791666666666686,0.17013232514177692,0
0.7741935483870968,0.7096774193548387,16,0,11,2.0,0.4,189.70833333333334,225.0763888888889,45.64583333333334,81.01388888888891,0.17013232514177692,0
0.7419354838709677,0.7096774193548387,15,0,11,2.0,0.3333333333333333,190.04166666666666,224.25694444444446,47.770833333333314,81.98611111111111,0.17013232514177692,0
0.2903225806451613,0.6451612903225806,0,0,11,11.0,1.0,187.64583333333334,223.75694444444446,-23.645833333333314,12.4652777777778,0.17013232514177692,0
0.2903225806451613,0.5806451612903226,0,0,11,11.0,1.0,172.44444444444443,223.35416666666666,-53.55555555555557,-2.645833333333343,0.17107750472589792,0
0.41935483870967744,0.22580645161290322,0,0,11,10.5,1.0,226.54166666666666,189.27083333333334,5.4375,-31.833333333333314,0.1446124763705104,0
0.41935483870967744,0.22580645161290322,0,0,11,11.0,1.0,226.33333333333334,188.90277777777774,20.333333333333343,-17.097222222222257,0.1446124763705104,0
0.45161290322580644,0.25806451612903225,0,0,11,7.0,1.0,226.10416666666666,191.02083333333334,27.4375,-7.645833333333314,0.14366729678638943,0
0.4838709677419355,0.25806451612903225,0,0,11,8.0,1.0,224.4722222222222,193.60416666666666,32.43055555555554,1.5625,0.14272211720226843,0
0.4838709677419355,0.25806451612903225,0,0,11,9.0,1.0,217.46527777777774,182.4652777777778,29.548611111111086,-5.451388888888857,0.14177693761814744,0
0.4838709677419355,0.2903225806451613,0,0,11,9.0,1.0,208.59027777777774,179.0347222222222,20.736111111111086,-8.819444444444457,0.14083175803402648,0
0.4838709677419355,0.2903225806451613,0,0,11,9.0,1.0,198.90277777777774,185.50694444444446,7.965277777777743,-5.430555555555543,0.14083175803402648,0
0.4838709677419355,0.3548387096774194,0,0,11,8.0,0.8,192.875,209.16666666666666,-1.3958333333333428,14.895833333333314,0.14272211720226843,0
0.5161290322580645,0.3548387096774194,0,0,11,7.5,1.0,189.27083333333334,224.36805555555557,-6.333333333333314,28.763888888888914,0.14272211720226843,0
0.4838709677419355,0.3225806451612903,12,0,11,6.0,0.6,188.90277777777774,229.29166666666666,31.3819444444444,71.77083333333331,0.14083175803402648,0
0.45161290322580644,0.3225806451612903,1,0,11,6.0,0.75,191.02083333333334,229.95833333333334,7.041666666666686,45.979166666666686,0.13988657844990549,0
0.2903225806451613,0.2903225806451613,0,0,11,9.0,1.0,193.60416666666666,229.88888888888889,-21.416666666666686,14.868055555555543,0.1389413988657845,0
0.41935483870967744,0.2903225806451613,0,0,11,11.0,1.0,227.5,191.9375,7.5,-28.0625,0.17958412098298676,0
0.45161290322580644,0.2903225806451613,0,0,11,6.0,1.0,227.41666666666666,188.29861111111111,21.145833333333314,-17.97222222222223,0.18147448015122875,0
0.45161290322580644,0.2903225806451613,0,0,11,7.0,1.0,227.0763888888889,186.50694444444446,28.722222222222257,-11.8472222222222,0.1833648393194707,0
0.45161290322580644,0.2903225806451613,0,0,11,8.0,1.0,224.61111111111111,187.22916666666666,30.131944444444457,-7.25,0.1843100189035917,0
0.45161290322580644,0.2903225806451613,0,0,11,9.0,1.0,217.68055555555557,160.69444444444443,25.43055555555557,-31.55555555555557,0.18714555765595464,0
0.45161290322580644,0.2903225806451613,0,0,11,9.0,1.0,208.20833333333334,138.60416666666666,19.125,-50.479166666666686,0.18714555765595464,0
0.45161290322580644,0.2903225806451613,0,0,11,10.0,1.0,199.70138888888889,137.06944444444446,16.138888888888886,-46.49305555555554,0.18714555765595464,0
0.45161290322580644,0.967741935483871,0,0,11,9.0,1.0,195.02777777777774,174.7222222222222,8.152777777777743,-12.1527777777778,0.18714555765595464,0
1.0,0.967741935483871,0,0,11,8.0,1.0,191.9375,206.56944444444446,0.6875,15.319444444444457,0.1880907372400756,0
0.967741935483871,0.967741935483871,9,0,11,2.0,0.2857142857142857,188.29861111111111,217.85416666666666,84.34027777777779,113.89583333333333,0.1880907372400756,0
0.9354838709677419,0.967741935483871,9,0,11,2.0,0.23076923076923078,186.50694444444446,217.45833333333334,65.90277777777779,96.85416666666667,0.1890359168241966,0
0.3548387096774194,0.9032258064516129,0,0,10,8.0,0.6666666666666666,187.22916666666666,218.11805555555554,0.5833333333333144,31.4722222222222,0.19092627599243855,0
0.25806451612903225,0.8387096774193549,0,0,9,8.0,1.0,160.69444444444443,217.4375,-56.22222222222223,0.5208333333333428,0.19187145557655955,0
0.3870967741935484,0.22580645161290322,0,0,5,5.0,1.0,214.7847222222222,171.98611111111111,-0.7777777777777999,-43.576388888888886,0.17391304347826086,0
0.45161290322580644,0.25806451612903225,0,0,6,5.5,1.0,214.4722222222222,170.30555555555557,11.576388888888857,-32.59027777777777,0.1720226843100189,0
0.5161290322580645,0.2903225806451613,0,0,7,6.0,0.8333333333333334,213.7777777777778,171.79166666666666,28.131944444444457,-13.854166666666686,0.17107750472589792,0
0.5161290322580645,0.2903225806451613,0,0,8,7.0,0.8,214.5763888888889,175.09722222222226,39.326388888888914,-0.15277777777774304,0.16918714555765596,0
0.5483870967741935,0.2903225806451613,0,0,9,7.0,0.8333333333333334,210.6388888888889,168.65972222222226,39.326388888888914,-2.652777777777743,0.16918714555765596,0
0.5483870967741935,0.2903225806451613,0,0,10,7.0,0.7142857142857143,201.36805555555557,159.47916666666666,31.97222222222223,-9.916666666666686,0.16918714555765596,0
0.4838709677419355,0.2903225806451613,0,0,10,8.0,0.8333333333333334,187.93055555555557,165.79861111111111,17.72222222222223,-4.4097222222222285,0.17013232514177692,0
0.45161290322580644,0.2903225806451613,0,0,9,8.0,1.0,177.4027777777778,187.1527777777778,1.631944444444457,11.381944444444457,0.1720226843100189,0
0.8064516129032258,0.2903225806451613,0,0,8,8.0,1.0,171.98611111111111,208.78472222222226,-7.326388888888886,29.472222222222257,0.17296786389413987,0
0.8064516129032258,0.2903225806451613,0,0,8,6.0,0.5714285714285714,170.30555555555557,212.98611111111111,19.40972222222223,62.09027777777777,0.17296786389413987,0
0.7419354838709677,0.25806451612903225,0,0,7,2.0,0.42857142857142855,171.79166666666666,211.3472222222222,23.5625,63.11805555555554,0.17296786389413987,0
0.2903225806451613,0.25806451612903225,0,0,6,6.0,1.0,175.09722222222226,210.56944444444443,-23.173611111111086,12.298611111111086,0.17296786389413987,0
0.3870967741935484,1.032258064516129,4,2,8,8.0,1.0,169.75694444444446,180.8611111111111,0.7152777777777999,11.819444444444429,0.1956521739130435,0
1.032258064516129,1.032258064516129,3,2,8,3.0,0.3333333333333333,168.2152777777778,234.4861111111111,29.756944444444457,96.02777777777774,0.19187145557655955,0
1.032258064516129,1.032258064516129,3,1,7,2.0,0.0625,168.5902777777778,235.75,85.31944444444447,152.47916666666669,0.1880907372400756,0
1.032258064516129,1.032258064516129,2,0,6,2.0,0.0625,169.5,234.18055555555554,93.08333333333333,157.76388888888886,0.1843100189035917,0
0.25806451612903225,1.032258064516129,0,0,0,0,0,159.2777777777778,232.125,-71.26388888888886,1.5833333333333428,0.18052930056710775,0
0.1935483870967742,1.032258064516129,0,0,0,0,0,130.25694444444446,231.9722222222222,-105.36805555555554,-3.6527777777778,0.1776937618147448,0
1.0,0.967741935483871,0,0,0,0,0,232.36111111111111,213.53472222222226,1.756944444444457,-17.0694444444444,0.08412098298676748,1
0.4482758620689655,0.20689655172413793,0,0,7,7.0,1.0,231.6742424242424,177.38636363636363,14.46969696969694,-39.81818181818184,0.10714285714285714,1
0.5172413793103449,0.2413793103448276,0,0,7,6.5,1.0,227.4090909090909,183.9848484848485,49.06818181818181,5.643939393939405,0.13095238095238096,0
0.4827586206896552,0.2413793103448276,1,0,7,6.5,1.0,223.28787878787878,194.56818181818184,46.19696969696969,17.477272727272748,0.14935064935064934,0
0.5172413793103449,0.2413793103448276,2,0,7,5.5,0.8333333333333334,214.93181818181816,203.46969696969697,38.24999999999997,26.787878787878782,0.16558441558441558,0
0.5517241379310345,0.2413793103448276,2,0,7,5.5,0.8333333333333334,199.4848484848485,207.31818181818178,21.098484848484873,28.93181818181816,0.17965367965367965,0
0.5172413793103449,0.2413793103448276,2,0,7,6.0,1.0,186.11363636363637,200.8257575757576,3.545454545454561,18.25757575757578,0.1893939393939394,0
0.4827586206896552,0.27586206896551724,0,0,6,5.0,1.0,177.37121212121212,186.5,-13.628787878787875,-4.5,0.1893939393939394,0
0.3793103448275862,0.27586206896551724,0,0,4,4.0,1.0,177.38636363636363,169.43181818181816,-32.75,-40.70454545454547,0.19264069264069264,0
0.3103448275862069,0.3448275862068966,2,0,4,4.0,1.0,179.21212121212122,158.04545454545453,-30.060606060606062,-51.22727272727275,0.19913419913419914,0
0.4482758620689655,0.3448275862068966,2,0,6,4.0,1.0,183.9848484848485,159.02272727272728,-18.560606060606034,-43.52272727272725,0.2012987012987013,0
0.6551724137931034,0.5517241379310345,2,0,6,5.0,1.0,194.56818181818184,170.75757575757575,3.909090909090935,-19.901515151515156,0.19805194805194806,0
0.6206896551724138,0.5172413793103449,2,0,6,5.0,1.0,203.46969696969697,195.91666666666666,37.174242424242436,29.621212121212125,0.19047619047619047,0
0.5862068965517241,0.4827586206896552,2,0,6,5.0,1.0,207.31818181818184,212.75,55.97727272727275,61.40909090909091,0.17857142857142858,0
0.5517241379310345,0.4482758620689655,1,0,6,5.0,1.0,200.8257575757576,219.12121212121212,44.32575757575759,62.621212121212125,0.16666666666666666,0
0.5172413793103449,0.41379310344827586,0,0,6,5.0,1.0,186.5,212.53787878787878,17.27272727272728,43.31060606060606,0.1525974025974026,0
0.4827586206896552,0.3793103448275862,0,0,5,4.5,1.0,169.43181818181816,215.31060606060603,-17.113636363636374,28.7651515151515,0.1396103896103896,0
0.2413793103448276,0.3793103448275862,0,0,0,0,0,158.04545454545453,224.97727272727272,-73.93181818181819,-7.0,0.1331168831168831,0
0.27586206896551724,0.27586206896551724,0,0,3,3.0,0.0,159.02272727272728,232.7651515151515,-60.70454545454544,13.037878787878782,0.1461038961038961,0
0.7931034482758621,0.7586206896551724,0,0,1,1.0,0.0,232.7651515151515,193.78787878787878,-3.9166666666666856,-42.893939393939405,0.1341991341991342,0
0.8275862068965517,0.7586206896551724,0,0,3,3.0,0.0,235.55303030303028,204.25757575757575,41.21212121212119,9.916666666666657,0.1341991341991342,0
0.8275862068965517,0.7586206896551724,0,0,6,2.0,0.09090909090909091,235.90151515151516,199.31818181818184,81.78787878787878,45.20454545454547,0.13852813852813853,0
0.8275862068965517,0.7586206896551724,0,0,7,2.5,0.125,236.2651515151515,201.0,70.19696969696969,34.93181818181819,0.14177489177489178,0
0.5517241379310345,0.7586206896551724,0,0,7,5.0,0.5,222.24242424242425,193.0151515151515,8.310606060606062,-20.916666666666686,0.14502164502164502,0
0.5172413793103449,0.3793103448275862,0,0,7,4.0,0.6666666666666666,195.0454545454546,177.0909090909091,-6.318181818181785,-24.27272727272728,0.1471861471861472,0
0.4482758620689655,0.3448275862068966,0,0,7,3.5,0.5,171.50757575757575,171.2651515151515,-25.96969696969697,-26.212121212121218,0.15476190476190477,0
0.4827586206896552,0.3103448275862069,0,0,7,4.0,0.6666666666666666,178.03787878787878,188.0151515151515,-21.075757575757592,-11.098484848484873,0.17424242424242425,0
0.6896551724137931,0.41379310344827586,0,0,6,4.0,0.6666666666666666,193.78787878787878,206.4242424242424,-12.621212121212125,0.015151515151501371,0.19696969696969696,0
0.6206896551724138,0.41379310344827586,3,0,6,6.0,1.0,204.25757575757575,208.71212121212122,30.73484848484847,35.18939393939394,0.20346320346320346,0
0.5517241379310345,0.41379310344827586,5,0,7,1.5,0.3333333333333333,199.31818181818184,200.8939393939394,47.97727272727275,49.55303030303031,0.2077922077922078,0
0.5517241379310345,0.41379310344827586,3,0,8,6.0,0.6666666666666666,201.0,198.04545454545453,12.068181818181813,9.113636363636346,0.21645021645021645,0
0.5172413793103449,0.41379310344827586,0,0,9,7.5,1.0,193.0151515151515,187.8939393939394,-30.75757575757578,-35.878787878787875,0.22186147186147187,0
0.5172413793103449,0.3448275862068966,0,0,10,6.0,0.6666666666666666,177.0909090909091,171.09848484848484,-29.47727272727272,-35.46969696969697,0.20454545454545456,0
0.5172413793103449,0.3103448275862069,0,0,10,3.0,0.4,171.2651515151515,173.63636363636363,-24.53030303030303,-22.159090909090907,0.19155844155844157,0
0.4482758620689655,0.3793103448275862,0,0,9,3.0,0.3333333333333333,188.01515151515153,190.87121212121212,-12.303030303030283,-9.446969696969688,0.1893939393939394,0
0.896551724137931,0.896551724137931,0,0,8,3.5,0.5,206.4242424242424,206.280303030303,8.401515151515127,8.257575757575722,0.18181818181818182,0
0.8620689655172413,0.896551724137931,0,0,7,2.0,0.4,208.71212121212122,203.5757575757576,43.371212121212125,38.2348484848485,0.17532467532467533,0
0.7931034482758621,0.6896551724137931,0,0,7,2.0,0.36363636363636365,200.8939393939394,199.06818181818184,50.96212121212122,49.136363636363654,0.16774891774891776,0
0.5172413793103449,0.6896551724137931,0,0,8,4.0,1.0,198.04545454545453,205.0,-7.5909090909090935,-0.636363636363626,0.1634199134199134,0
0.4827586206896552,0.6896551724137931,0,0,8,4.0,0.6666666666666666,187.8939393939394,214.69696969696972,-29.151515151515127,-2.3484848484848158,0.15584415584415584,0
0.4827586206896552,0.3448275862068966,0,0,8,4.0,0.6,171.09848484848484,224.92424242424246,-25.060606060606062,28.765151515151558,0.13636363636363635,0
0.4827586206896552,0.3103448275862069,0,0,8,4.0,0.6,173.63636363636363,230.90151515151516,-23.886363636363654,33.378787878787875,0.1277056277056277,0
0.4482758620689655,0.27586206896551724,0,0,7,4.0,1.0,190.8712121212121,232.969696969697,-12.651515151515184,29.446969696969717,0.12445887445887446,0
0.41379310344827586,0.27586206896551724,0,0,6,4.0,1.0,206.280303030303,232.52272727272725,-7.674242424242465,18.568181818181785,0.11904761904761904,0
0.3448275862068966,0.20689655172413793,0,0,1,1.0,0.0,203.5757575757576,232.8257575757576,-23.037878787878782,6.212121212121218,0.11471861471861472,0
0.7931034482758621,0.7241379310344828,0,0,0,0,0,232.8257575757576,181.12121212121212,7.53030303030306,-44.17424242424241,0.14177489177489178,0
0.8275862068965517,0.7241379310344828,0,0,3,3.0,0.0,233.1060606060606,179.40151515151513,40.878787878787875,-12.825757575757592,0.15800865800865802,0
0.8275862068965517,0.7241379310344828,0,0,6,2.0,0.2,233.49242424242425,163.87878787878788,100.87878787878788,31.2651515151515,0.1645021645021645,0
0.7931034482758621,0.7241379310344828,0,0,6,3.0,0.25,230.9848484848485,168.2348484848485,65.55303030303031,2.8030303030303116,0.17532467532467533,0
0.5172413793103449,0.8620689655172413,0,0,6,6.0,0.6666666666666666,217.1590909090909,192.21969696969697,27.77272727272728,2.833333333333343,0.18614718614718614,0
0.7241379310344828,0.6896551724137931,0,0,6,6.0,0.6666666666666666,183.37878787878788,197.30303030303034,-5.166666666666657,8.757575757575808,0.19805194805194806,0
0.7241379310344828,0.6551724137931034,0,0,6,2.0,0.2222222222222222,163.4242424242424,182.80303030303028,3.1515151515151274,22.530303030303003,0.20995670995670995,0
0.7241379310344828,0.6551724137931034,0,0,6,2.0,0.2222222222222222,162.47727272727272,165.0,19.659090909090907,22.181818181818187,0.22294372294372294,0
0.5172413793103449,0.6551724137931034,0,0,3,3.0,0.0,181.1212121212121,173.74242424242425,-20.492424242424278,-27.871212121212125,0.23376623376623376,0
0.5172413793103449,0.6551724137931034,0,0,0,0,0,179.40151515151516,181.1439393939394,-52.825757575757564,-51.083333333333314,0.24242424242424243,0
0.5517241379310345,0.4827586206896552,0,7,6,2.0,0.4,163.87878787878788,183.1590909090909,5.810606060606062,25.090909090909093,0.25,0
0.6551724137931034,0.5172413793103449,0,8,7,2.0,0.3333333333333333,168.2348484848485,180.9090909090909,10.121212121212125,22.795454545454533,0.2554112554112554,0
0.5172413793103449,0.5517241379310345,0,0,8,8.0,1.0,192.219696969697,180.21212121212122,13.401515151515184,1.3939393939394051,0.2554112554112554,0
0.4482758620689655,0.5517241379310345,0,0,9,7.0,0.8,197.30303030303028,178.93181818181816,13.00757575757575,-5.363636363636374,0.237012987012987,0
0.4482758620689655,0.3103448275862069,0,0,10,7.5,0.8333333333333334,182.80303030303028,182.6590909090909,2.48484848484847,2.3409090909090935,0.2261904761904762,0
0.5172413793103449,0.3103448275862069,0,0,11,9.0,1.0,165.0,189.9848484848485,-19.863636363636374,5.121212121212125,0.22294372294372294,0
0.4827586206896552,0.3103448275862069,0,0,11,9.0,1.0,173.74242424242425,199.53787878787878,-3.803030303030283,21.99242424242425,0.22294372294372294,0
0.4827586206896552,0.27586206896551724,0,0,10,8.0,0.8333333333333334,181.1439393939394,207.8257575757576,2.9166666666666856,29.598484848484873,0.20887445887445888,0
0.4482758620689655,0.27586206896551724,0,0,11,8.0,1.0,183.1590909090909,212.81818181818184,2.136363636363626,31.79545454545456,0.19155844155844157,0
0.4482758620689655,0.27586206896551724,0,0,11,8.0,1.0,180.9090909090909,214.4090909090909,-7.818181818181813,25.681818181818187,0.19047619047619047,0
0.3793103448275862,0.2413793103448276,0,0,11,7.0,1.0,180.21212121212122,214.18181818181816,-19.99242424242425,13.977272727272691,0.19480519480519481,0
1.0344827586206897,1.0344827586206897,0,5,0,0,0,210.38636363636363,169.11363636363637,-0.3409090909090935,-41.613636363636346,0.18831168831168832,0
1.0344827586206897,1.0344827586206897,0,4,3,3.0,0.0,210.25757575757575,205.10606060606062,81.59848484848484,76.44696969696972,0.18831168831168832,0
1.0344827586206897,1.0344827586206897,14,4,3,2.0,0.0,210.7348484848485,208.24242424242425,171.21212121212122,168.71969696969697,0.1893939393939394,0
1.0344827586206897,1.0344827586206897,15,4,3,3.0,0.0,211.2348484848485,206.94696969696972,111.62121212121214,107.33333333333336,0.1893939393939394,0
0.20689655172413793,1.0344827586206897,2,4,0,0,0,183.5909090909091,206.02272727272725,-14.045454545454533,8.386363636363626,0.18831168831168832,0
0.3448275862068966,0.20689655172413793,0,0,0,0,0,208.5,145.25,-0.1590909090909065,-63.40909090909091,0.2067099567099567,0
0.9655172413793104,0.4482758620689655,0,0,0,0,0,208.52272727272725,169.90151515151516,24.568181818181785,-14.053030303030312,0.21103896103896103,0
1.0344827586206897,0.4482758620689655,2,0,6,2.0,0.125,208.83333333333334,172.03030303030303,82.46969696969698,45.66666666666667,0.21212121212121213,0
1.0344827586206897,0.4482758620689655,3,0,7,2.0,0.08333333333333333,209.280303030303,172.3560606060606,110.75757575757574,73.83333333333333,0.21212121212121213,0
0.27586206896551724,0.4482758620689655,4,0,8,8.0,1.0,200.78787878787878,173.22727272727275,35.0151515151515,7.4545454545454675,0.2132034632034632,0
0.27586206896551724,0.4482758620689655,5,0,9,5.5,0.5,172.99242424242425,175.65151515151516,1.5378787878787818,4.196969696969688,0.2132034632034632,0
0.4482758620689655,0.9655172413793104,0,0,10,9.0,1.0,207.66666666666666,171.1060606060606,-1.8333333333333428,-38.393939393939405,0.18398268398268397,0
1.0,1.0,0,0,9,8.0,1.0,208.6590909090909,188.25757575757575,6.386363636363626,-14.01515151515153,0.18181818181818182,0
1.0344827586206897,1.0344827586206897,0,0,8,2.0,0.42857142857142855,209.43181818181822,192.3106060606061,108.00000000000003,90.8787878787879,0.1764069264069264,0
0.9310344827586207,1.0344827586206897,0,0,7,6.5,0.75,209.69696969696972,192.3106060606061,67.94696969696972,50.56060606060609,0.1699134199134199,0
0.5172413793103449,1.0344827586206897,0,0,8,7.0,1.0,207.40151515151516,193.0757575757576,28.083333333333343,13.757575757575779,0.1634199134199134,0
0.41379310344827586,0.27586206896551724,0,0,9,8.0,1.0,171.06818181818184,197.71212121212122,-21.18181818181816,5.462121212121218,0.15800865800865802,0
0.4482758620689655,0.27586206896551724,0,0,10,8.0,1.0,148.4848484848485,206.75,-44.71969696969697,13.545454545454533,0.15151515151515152,0
0.4482758620689655,0.2413793103448276,0,0,11,8.0,1.0,140.83333333333334,217.9848484848485,-50.64393939393938,26.50757575757578,0.1461038961038961,0
0.4482758620689655,0.2413793103448276,0,0,10,7.5,1.0,171.1060606060606,227.42424242424246,-21.143939393939405,35.174242424242465,0.1406926406926407,0
0.41379310344827586,0.2413793103448276,0,0,9,7.0,1.0,188.25757575757575,232.28030303030303,-7.242424242424249,36.78030303030303,0.13528138528138528,0
0.41379310344827586,0.2413793103448276,0,0,8,6.0,1.0,192.3106060606061,232.93181818181816,-13.075757575757535,27.545454545454533,0.12987012987012986,0
0.3448275862068966,0.20689655172413793,0,0,7,7.0,1.0,192.3106060606061,232.04545454545453,-27.053030303030283,12.681818181818159,0.12337662337662338,0
0.3103448275862069,0.2413793103448276,0,0,0,0,0,231.53787878787878,114.73484848484848,0.8787878787878753,-115.92424242424242,0.1774891774891775,0
1.0,1.0344827586206897,0,0,0,0,0,231.11363636363635,148.43181818181816,0.13636363636362603,-82.54545454545456,0.1893939393939394,0
1.0344827586206897,1.0344827586206897,2,1,3,2.5,0.0,231.7651515151515,166.3257575757576,111.17424242424241,45.7348484848485,0.19913419913419914,0
1.0344827586206897,1.0344827586206897,3,2,3,2.0,0.0,231.88636363636363,166.93939393939394,165.8181818181818,100.87121212121212,0.2077922077922078,0
0.8275862068965517,1.0344827586206897,4,2,3,3.0,0.0,231.46969696969697,166.55303030303028,118.62878787878788,53.71212121212119,0.21536796536796537,0
0.3103448275862069,1.0344827586206897,5,2,0,0,0,194.0757575757576,168.74242424242425,28.78030303030306,3.446969696969717,0.22294372294372294,0
0.3103448275862069,0.3448275862068966,1,4,0,0,0,203.4090909090909,150.49242424242425,0.954545454545439,-51.96212121212122,0.24458874458874458,0
0.7931034482758621,0.3793103448275862,2,4,3,3.0,0.0,204.81818181818184,158.1060606060606,27.00000000000003,-19.712121212121218,0.24891774891774893,0
0.8275862068965517,0.41379310344827586,2,4,6,3.0,0.42857142857142855,205.20454545454547,153.38636363636363,69.68181818181819,17.863636363636346,0.25,0
0.896551724137931,0.4482758620689655,2,4,7,3.0,0.42857142857142855,204.49242424242425,152.21969696969697,77.26515151515152,24.992424242424235,0.24891774891774893,0
0.5517241379310345,0.4482758620689655,2,5,8,7.5,1.0,195.12121212121212,155.5530303030303,29.848484848484844,-9.719696969696969,0.24891774891774893,0
0.6206896551724138,0.4482758620689655,2,5,9,8.0,1.0,171.93181818181822,161.1212121212121,12.954545454545496,2.1439393939393767,0.25,0
0.6206896551724138,0.27586206896551724,2,5,10,7.5,0.6666666666666666,146.8560606060606,170.0,-3.212121212121218,19.931818181818187,0.2510822510822511,0
0.5862068965517241,0.27586206896551724,2,5,11,8.5,1.0,142.6742424242424,183.20454545454547,-8.439393939393966,32.09090909090909,0.25216450216450215,0
0.4482758620689655,0.27586206896551724,2,5,10,8.0,1.0,150.49242424242425,195.33333333333334,-4.98484848484847,39.85606060606062,0.2532467532467532,0
0.41379310344827586,0.27586206896551724,2,5,9,8.0,1.0,158.1060606060606,201.30303030303028,-1.9621212121212182,41.23484848484847,0.25432900432900435,0
0.3793103448275862,0.27586206896551724,1,5,8,7.0,1.0,153.38636363636363,200.6439393939394,-14.431818181818187,32.82575757575759,0.2564935064935065,0
0.3448275862068966,0.2413793103448276,1,5,7,6.5,1.0,152.21969696969697,198.5151515151515,-29.893939393939405,16.401515151515127,0.2554112554112554,0
0.3103448275862069,0.2413793103448276,2,5,6,6.0,1.0,155.55303030303028,199.13636363636363,-44.128787878787904,-0.545454545454561,0.24783549783549783,0
0.41379310344827586,0.9310344827586207,0,0,0,0,0,202.9242424242424,146.00757575757575,-5.484848484848499,-62.401515151515156,0.22510822510822512,0
0.9655172413793104,1.0,0,0,5,3.0,0.3333333333333333,204.06818181818184,170.81818181818184,35.81818181818184,2.5681818181818414,0.22402597402597402,0
1.0,1.0344827586206897,0,7,6,2.0,0.23076923076923078,207.19696969696966,171.71212121212122,100.8333333333333,65.34848484848486,0.21861471861471862,0
1.0344827586206897,1.0344827586206897,0,7,7,3.0,0.4,208.3560606060606,174.72727272727275,111.40151515151514,77.7727272727273,0.21212121212121213,0
0.4827586206896552,1.0344827586206897,0,0,8,7.0,1.0,195.46212121212122,179.1590909090909,24.166666666666686,7.863636363636374,0.2067099567099567,0
0.4827586206896552,0.6896551724137931,0,0,9,8.0,1.0,161.00757575757575,184.9393939393939,-8.76515151515153,15.166666666666629,0.2012987012987013,0
0.4482758620689655,0.27586206896551724,0,0,10,8.5,1.0,123.85606060606061,193.22727272727275,-47.53030303030302,21.840909090909122,0.1958874458874459,0
0.4827586206896552,0.27586206896551724,0,0,10,8.5,1.0,124.87121212121212,205.1893939393939,-49.106060606060595,31.21212121212119,0.1893939393939394,0
0.4482758620689655,0.27586206896551724,0,0,9,8.5,1.0,146.00757575757575,216.9848484848485,-32.81060606060606,38.166666666666686,0.18506493506493507,0
0.41379310344827586,0.2413793103448276,0,0,8,8.0,1.0,170.81818181818178,224.75757575757575,-13.863636363636402,40.075757575757564,0.18073593073593072,0
0.3793103448275862,0.2413793103448276,0,0,7,7.0,1.0,171.71212121212122,226.8787878787879,-19.606060606060595,35.56060606060609,0.1774891774891775,0
0.3103448275862069,0.2413793103448276,0,0,6,6.0,1.0,174.72727272727272,227.27272727272725,-28.954545454545467,23.590909090909065,0.17424242424242425,0
0.2413793103448276,0.20689655172413793,0,0,0,0,0,179.1590909090909,227.7348484848485,-41.40909090909091,7.166666666666686,0.1645021645021645,0
0.27586206896551724,0.41379310344827586,0,0,0,0,0,227.49242424242425,186.08333333333334,-1.7348484848484702,-43.14393939393938,0.09199134199134198,0
0.5862068965517241,0.4482758620689655,0,0,0,0,0,228.16666666666666,189.1893939393939,5.348484848484844,-33.628787878787904,0.09523809523809523,0
0.6206896551724138,0.4827586206896552,0,9,6,3.5,0.5,228.62121212121212,188.7651515151515,73.66666666666666,33.810606060606034,0.09523809523809523,0
0.6206896551724138,0.5172413793103449,0,0,7,5.0,0.6,228.9090909090909,189.2348484848485,50.93181818181819,11.257575757575779,0.09415584415584416,0
0.4827586206896552,0.5172413793103449,0,0,8,7.0,1.0,226.96212121212122,191.29545454545453,36.121212121212125,0.45454545454543904,0.09307359307359307,0
0.4827586206896552,0.4482758620689655,0,0,9,8.0,1.0,202.33333333333334,196.1439393939394,12.901515151515156,6.712121212121218,0.09307359307359307,0
0.5172413793103449,0.3103448275862069,0,0,10,8.5,1.0,185.25,205.31818181818184,-2.0454545454545325,18.02272727272731,0.09307359307359307,0
0.4827586206896552,0.3103448275862069,0,0,11,9.0,1.0,174.5909090909091,216.43939393939397,-14.97727272727272,26.871212121212153,0.09307359307359307,0
0.4827586206896552,0.3103448275862069,0,0,10,8.0,0.75,186.08333333333334,224.70454545454547,-4.757575757575751,33.863636363636374,0.09307359307359307,0
0.4827586206896552,0.27586206896551724,0,0,9,8.0,1.0,189.18939393939397,228.4848484848485,-4.287878787878753,35.00757575757578,0.09307359307359307,0
0.41379310344827586,0.27586206896551724,0,0,8,7.0,1.0,188.7651515151515,230.04545454545453,-15.348484848484873,25.93181818181816,0.09307359307359307,0
0.3448275862068966,0.2413793103448276,0,0,7,6.5,1.0,189.23484848484847,230.71212121212122,-29.128787878787904,12.348484848484844,0.09307359307359307,0
0.3103448275862069,0.20689655172413793,0,0,6,6.0,1.0,191.29545454545453,230.44696969696972,-35.54545454545456,3.6060606060606233,0.09307359307359307,0
0.3448275862068966,0.9310344827586207,0,0,0,0,0,229.4090909090909,155.8030303030303,-1.068181818181813,-74.67424242424241,0.09632034632034632,1
0.41379310344827586,0.20689655172413793,1,13,7,6.5,1.0,229.12878787878788,185.96212121212122,51.78787878787878,8.621212121212125,0.12229437229437229,0
0.4482758620689655,0.2413793103448276,1,0,8,7.5,1.0,229.21212121212122,184.56060606060603,53.371212121212125,8.71969696969694,0.12229437229437229,0
0.3793103448275862,0.2413793103448276,0,0,9,8.0,1.0,222.72727272727275,185.37878787878788,31.29545454545456,-6.053030303030312,0.12229437229437229,0
0.41379310344827586,0.27586206896551724,0,0,10,9.0,1.0,205.53030303030303,190.27272727272725,17.28030303030303,2.022727272727252,0.12229437229437229,0
0.41379310344827586,0.27586206896551724,0,0,11,8.5,0.75,187.8257575757576,200.86363636363635,2.257575757575779,15.295454545454533,0.12229437229437229,0
0.4482758620689655,0.27586206896551724,1,0,10,8.0,0.6,181.53787878787878,214.9393939393939,-2.530303030303031,30.871212121212096,0.12229437229437229,0
0.4827586206896552,0.27586206896551724,1,0,9,8.0,0.75,185.1742424242424,224.6060606060606,1.1287878787878753,40.56060606060606,0.12445887445887446,0
0.4827586206896552,0.27586206896551724,1,0,8,7.5,0.75,188.41666666666666,227.87878787878788,0.3939393939393767,39.856060606060595,0.1266233766233766,0
0.41379310344827586,0.27586206896551724,0,0,7,6.5,0.75,185.96212121212122,226.3409090909091,-12.787878787878782,27.590909090909093,0.1277056277056277,0
0.3448275862068966,0.2413793103448276,0,0,6,6.0,0.6666666666666666,184.5606060606061,226.14393939393938,-31.257575757575722,10.325757575757564,0.1277056277056277,0
0.20689655172413793,0.20689655172413793,0,0,3,3.0,0.0,185.37878787878788,226.77272727272725,-44.871212121212125,-3.477272727272748,0.1266233766233766,0
0.3448275862068966,1.0344827586206897,0,0,11,8.0,1.0,224.45454545454547,184.24242424242425,5.727272727272748,-34.48484848484847,0.13095238095238096,0
1.0344827586206897,1.0344827586206897,0,0,11,5.0,0.6666666666666666,224.03030303030303,213.24242424242425,36.41666666666666,25.628787878787875,0.1331168831168831,0
1.0344827586206897,1.0344827586206897,5,8,11,2.0,0.13333333333333333,223.79545454545453,218.87121212121212,208.20454545454544,203.28030303030303,0.13528138528138528,0
0.7586206896551724,1.0344827586206897,14,0,11,2.0,0.25,222.13636363636363,218.34848484848484,90.43181818181816,86.64393939393938,0.13744588744588745,0
0.3103448275862069,1.0344827586206897,1,0,11,8.0,1.0,210.13636363636365,217.18939393939397,8.295454545454561,15.348484848484873,0.1396103896103896,0
0.27586206896551724,0.20689655172413793,1,5,11,11.0,1.0,202.0,141.9469696969697,12.068181818181813,-47.9848484848485,0.24783549783549783,0
0.41379310344827586,0.20689655172413793,2,4,11,11.0,1.0,192.86363636363637,126.11363636363637,6.568181818181841,-60.18181818181816,0.2554112554112554,0
0.41379310344827586,0.20689655172413793,10,4,11,2.0,0.3333333333333333,184.70454545454547,132.96969696969697,29.79545454545456,-21.939393939393938,0.262987012987013,0
0.7241379310344828,0.4482758620689655,11,4,11,2.0,0.3333333333333333,183.81818181818178,158.71212121212122,18.340909090909065,-6.765151515151501,0.27164502164502163,0
0.9310344827586207,0.4482758620689655,1,4,11,3.0,0.3333333333333333,185.7348484848485,178.99242424242425,27.189393939393966,20.446969696969717,0.2748917748917749,0
0.9310344827586207,0.4482758620689655,2,4,11,2.0,0.09090909090909091,177.04545454545453,179.3409090909091,75.22727272727272,77.52272727272728,0.27705627705627706,0
0.896551724137931,0.4482758620689655,6,4,11,2.5,0.16666666666666666,168.89393939393938,179.28787878787878,50.91666666666664,61.31060606060605,0.2792207792207792,0
0.27586206896551724,0.4482758620689655,7,4,11,11.0,1.0,159.64393939393938,179.05303030303028,-19.469696969696997,-0.06060606060609075,0.2813852813852814,0
0.3448275862068966,0.3448275862068966,0,0,11,7.5,1.0,200.37878787878788,165.9469696969697,1.9469696969696884,-32.4848484848485,0.21753246753246752,0
0.9310344827586207,0.6896551724137931,0,0,11,7.5,1.0,200.5757575757576,185.12121212121212,1.0757575757575921,-14.378787878787875,0.21753246753246752,0
0.9655172413793104,0.6896551724137931,0,0,11,2.0,0.2727272727272727,199.69696969696972,183.37878787878788,63.35606060606062,47.03787878787878,0.21536796536796537,0
1.0,0.6896551724137931,0,0,11,2.0,0.23076923076923078,199.49242424242425,182.00757575757575,75.08333333333334,57.598484848484844,0.20995670995670995,0
0.4482758620689655,0.6896551724137931,0,0,11,7.0,0.75,199.2348484848485,183.28787878787878,11.484848484848499,-4.462121212121218,0.20562770562770563,0
0.4827586206896552,0.6896551724137931,0,0,11,9.0,1.0,178.0909090909091,187.08333333333334,-7.5909090909090935,1.4015151515151558,0.2012987012987013,0
0.4827586206896552,0.27586206896551724,0,0,11,8.5,1.0,153.41666666666666,194.41666666666666,-28.51515151515153,12.48484848484847,0.1958874458874459,0
0.4482758620689655,0.27586206896551724,0,0,11,9.0,1.0,149.5,203.90151515151516,-33.02272727272728,21.378787878787875,0.19155844155844157,0
0.4482758620689655,0.27586206896551724,0,0,11,8.0,0.8,165.94696969696972,215.00757575757575,-15.621212121212096,33.43939393939394,0.18722943722943722,0
0.4827586206896552,0.27586206896551724,0,0,11,7.0,0.8,185.12121212121212,222.71212121212122,-0.6515151515151558,36.93939393939394,0.1829004329004329,0
0.4482758620689655,0.27586206896551724,0,0,11,7.0,1.0,183.3787878787879,226.43181818181816,-10.530303030303003,32.52272727272725,0.17857142857142858,0
0.41379310344827586,0.2413793103448276,0,0,11,9.0,1.0,182.00757575757575,226.20454545454547,-21.560606060606062,22.636363636363654,0.17316017316017315,0
0.3448275862068966,0.2413793103448276,0,0,11,8.5,1.0,183.28787878787878,226.0909090909091,-30.939393939393938,11.863636363636374,0.16666666666666666,0
0.9310344827586207,1.0344827586206897,0,0,11,11.0,1.0,226.46969696969697,139.00757575757575,1.6287878787878753,-85.83333333333334,0.21103896103896103,0
1.0344827586206897,1.0344827586206897,0,0,10,3.0,0.25,226.13636363636363,157.21212121212122,66.18181818181816,-2.7424242424242493,0.22077922077922077,0
1.0344827586206897,1.0344827586206897,1,3,9,1.0,0.13333333333333333,225.68181818181816,159.4393939393939,174.04545454545453,107.80303030303028,0.22727272727272727,0
0.9310344827586207,1.0344827586206897,2,3,8,3.0,0.2857142857142857,224.89393939393938,161.9242424242424,119.98484848484847,57.0151515151515,0.23484848484848486,0
0.3103448275862069,1.0344827586206897,4,3,7,6.0,1.0,203.28030303030303,164.5,48.05303030303031,9.27272727272728,0.24025974025974026,0
0.3448275862068966,0.6551724137931034,0,5,0,0,0,201.68181818181816,162.84848484848484,-4.6363636363636545,-43.46969696969697,0.24458874458874458,0
0.7931034482758621,0.6896551724137931,0,5,6,6.0,1.0,202.8939393939394,158.72727272727275,18.166666666666686,-25.99999999999997,0.24783549783549783,0
0.8275862068965517,0.7241379310344828,0,5,7,1.0,0.3,203.87878787878788,153.78030303030303,109.17424242424242,59.07575757575758,0.2510822510822511,0
0.5517241379310345,0.7586206896551724,0,5,8,7.5,1.0,205.13636363636363,153.34848484848484,41.06818181818181,-10.719696969696969,0.25216450216450215,0
0.5517241379310345,0.7586206896551724,0,5,9,8.5,1.0,198.97727272727272,155.87121212121212,32.81818181818181,-10.287878787878782,0.2532467532467532,0
0.5862068965517241,0.27586206896551724,0,5,10,8.0,1.0,161.91666666666666,162.26515151515153,3.598484848484844,3.946969696969717,0.25432900432900435,0
0.5862068965517241,0.27586206896551724,0,5,11,8.0,0.8333333333333334,147.83333333333334,172.43181818181816,-3.8712121212121247,20.72727272727269,0.2554112554112554,0
0.5517241379310345,0.27586206896551724,0,5,11,8.0,0.8333333333333334,141.6439393939394,184.65151515151516,-9.674242424242408,33.33333333333334,0.25757575757575757,0
0.4827586206896552,0.27586206896551724,0,5,11,8.0,1.0,162.84848484848484,193.0757575757576,5.825757575757564,36.05303030303031,0.25865800865800864,0
0.4482758620689655,0.27586206896551724,1,5,11,7.0,1.0,158.72727272727272,195.35606060606062,-0.545454545454561,36.08333333333334,0.2597402597402597,0
0.41379310344827586,0.2413793103448276,1,5,11,8.5,1.0,153.78030303030303,195.0,-16.71969696969697,24.5,0.262987012987013,0
0.3448275862068966,0.2413793103448276,1,5,11,11.0,1.0,153.34848484848487,194.81818181818184,-34.17424242424241,7.295454545454561,0.26731601731601734,0
0.27586206896551724,0.20689655172413793,1,6,11,11.0,1.0,155.87121212121212,195.58333333333334,-40.06060606060606,-0.3484848484848442,0.2683982683982684,0
0.4482758620689655,0.9310344827586207,3,0,11,10.0,1.0,202.0606060606061,156.87878787878788,3.696969696969717,-41.4848484848485,0.27056277056277056,0
0.9310344827586207,0.9310344827586207,1,0,11,8.0,1.0,202.0757575757576,167.78030303030303,26.80303030303031,-7.492424242424249,0.27056277056277056,0
0.9655172413793104,0.9655172413793104,1,7,11,1.0,0.46153846153846156,202.0757575757576,168.22727272727275,131.16666666666669,97.31818181818184,0.26731601731601734,0
1.0,1.0,1,0,11,6.5,1.0,200.99242424242425,170.27272727272725,67.01515151515153,36.29545454545453,0.26406926406926406,0
0.5172413793103449,1.0344827586206897,1,0,11,6.0,1.0,191.91666666666666,174.39393939393938,22.28030303030303,4.757575757575751,0.2597402597402597,0
0.4827586206896552,0.3103448275862069,1,0,11,7.5,1.0,148.1818181818182,180.71969696969697,-18.840909090909093,13.696969696969688,0.2564935064935065,0
0.4827586206896552,0.3103448275862069,1,0,11,7.0,0.8571428571428571,126.71969696969695,191.50757575757575,-39.96212121212123,24.825757575757564,0.25432900432900435,0
0.5172413793103449,0.3103448275862069,1,0,11,7.0,0.8333333333333334,124.84090909090908,203.28030303030303,-46.13636363636364,32.30303030303031,0.2510822510822511,0
0.5517241379310345,0.3103448275862069,0,0,11,8.0,0.6,156.87878787878788,212.3560606060606,-16.28030303030303,39.19696969696969,0.24783549783549783,0
0.5172413793103449,0.3103448275862069,0,0,11,7.0,0.8,167.78030303030303,217.03030303030303,-11.265151515151501,37.9848484848485,0.26406926406926406,0
0.3793103448275862,0.27586206896551724,0,0,11,7.0,1.0,168.22727272727272,219.31818181818184,-21.727272727272748,29.363636363636374,0.2803030303030303,0
0.3448275862068966,0.20689655172413793,0,0,11,8.0,1.0,170.27272727272728,219.4242424242424,-35.25,13.901515151515127,0.2857142857142857,0
0.27586206896551724,0.20689655172413793,0,0,11,10.0,1.0,174.39393939393938,219.45454545454547,-39.969696969697,5.0909090909090935,0.2878787878787879,0
0.3103448275862069,0.7241379310344828,0,0,11,11.0,1.0,217.03030303030303,166.65151515151516,-2.606060606060595,-52.98484848484847,0.25,0
0.8275862068965517,0.7241379310344828,0,0,11,11.0,1.0,219.31818181818184,173.12878787878788,6.613636363636374,-39.57575757575759,0.25,0
0.8275862068965517,0.7241379310344828,0,0,11,4.0,0.5454545454545454,219.4242424242424,154.37121212121212,64.17424242424241,-0.8787878787878753,0.24891774891774893,0
0.8275862068965517,0.7241379310344828,0,0,11,4.0,0.5454545454545454,219.45454545454547,158.62121212121212,78.27272727272728,17.439393939393938,0.24891774891774893,0
0.5862068965517241,0.7586206896551724,0,0,11,6.0,1.0,216.61363636363637,175.8106060606061,37.68181818181819,-3.1212121212120962,0.2510822510822511,0
0.6896551724137931,0.7931034482758621,0,0,11,6.0,0.8333333333333334,195.86363636363637,194.83333333333334,16.02272727272728,14.99242424242425,0.2554112554112554,0
0.7241379310344828,0.6551724137931034,0,0,11,6.0,0.5555555555555556,169.71212121212122,185.75,9.098484848484844,25.136363636363626,0.2619047619047619,0
0.7241379310344828,0.6551724137931034,0,0,11,4.5,0.5,158.45454545454547,178.61363636363637,35.79545454545456,55.95454545454547,0.2683982683982684,0
0.3448275862068966,0.6206896551724138,0,0,11,7.0,0.5,166.65151515151516,180.1590909090909,-25.939393939393938,-12.431818181818187,0.27380952380952384,0
0.5172413793103449,0.6206896551724138,0,0,11,11.0,1.0,173.1287878787879,184.80303030303028,-39.05303030303028,-27.378787878787904,0.27705627705627706,0
0.5517241379310345,0.27586206896551724,0,2,11,6.0,0.6666666666666666,154.37121212121212,181.6060606060606,-25.356060606060595,1.8787878787878753,0.27813852813852813,0
0.5862068965517241,0.27586206896551724,0,0,11,6.5,0.625,158.62121212121212,181.06818181818184,-6.719696969696969,15.727272727272748,0.2792207792207792,0
0.5172413793103449,0.3103448275862069,0,0,11,8.0,1.0,175.81060606060603,183.0151515151515,-14.962121212121247,-7.757575757575779,0.27705627705627706,0
0.5172413793103449,0.3103448275862069,0,0,11,9.0,1.0,194.83333333333334,186.65151515151516,10.469696969696969,2.287878787878782,0.2564935064935065,0
0.5517241379310345,0.27586206896551724,0,0,11,9.5,1.0,185.75,193.59848484848487,6.4772727272727195,14.325757575757592,0.23484848484848486,0
0.5172413793103449,0.27586206896551724,0,0,11,10.5,1.0,178.61363636363637,203.3409090909091,-2.568181818181813,22.159090909090907,0.22402597402597402,0
0.5172413793103449,0.27586206896551724,0,0,11,10.5,1.0,180.1590909090909,212.09848484848484,-2.5909090909090935,29.348484848484844,0.2132034632034632,0
0.4827586206896552,0.27586206896551724,0,0,11,9.5,1.0,184.80303030303028,219.51515151515153,-0.31060606060609075,34.401515151515156,0.2002164502164502,0
0.4482758620689655,0.2413793103448276,0,0,11,9.0,1.0,181.60606060606062,223.16666666666666,-10.48484848484847,31.075757575757564,0.17965367965367965,0
0.41379310344827586,0.2413793103448276,0,0,11,9.5,1.0,181.06818181818184,225.37878787878788,-22.522727272727252,21.787878787878782,0.1774891774891775,0
0.3103448275862069,0.20689655172413793,0,0,11,9.0,1.0,183.0151515151515,225.14393939393938,-31.325757575757592,10.803030303030283,0.1774891774891775,0
0.6896551724137931,0.9655172413793104,0,0,11,6.0,1.0,225.37878787878788,169.96969696969697,-1.5984848484848442,-57.00757575757575,0.1525974025974026,1
0.6551724137931034,0.4827586206896552,0,0,11,4.0,1.0,225.3106060606061,192.97727272727275,7.719696969696997,-24.613636363636346,0.13852813852813853,0
1.0344827586206897,0.4827586206896552,0,0,11,4.0,0.8,225.58333333333334,223.8939393939394,50.901515151515156,49.21212121212122,0.1396103896103896,0
1.0344827586206897,0.4827586206896552,10,3,11,2.0,0.3333333333333333,224.84848484848484,222.20454545454547,129.39393939393938,126.75000000000001,0.1396103896103896,0
1.0344827586206897,0.4827586206896552,10,0,11,4.0,0.6666666666666666,222.50757575757575,220.96969696969697,92.14393939393938,90.6060606060606,0.1396103896103896,0
0.2413793103448276,0.4827586206896552,0,0,11,7.5,1.0,204.88636363636363,221.21212121212122,-18.977272727272748,-2.651515151515156,0.1406926406926407,0
0.5862068965517241,0.41379310344827586,0,0,11,11.0,1.0,223.8257575757576,185.03787878787878,-1.1287878787878753,-39.916666666666686,0.15151515151515152,0
1.0344827586206897,0.41379310344827586,0,0,11,7.0,0.5,224.36363636363637,219.96969696969697,63.34090909090909,58.94696969696969,0.15151515151515152,0
1.0344827586206897,0.41379310344827586,9,12,11,2.0,0.15384615384615385,224.81818181818184,219.58333333333334,131.06818181818184,125.83333333333334,0.15367965367965367,0
1.0344827586206897,0.41379310344827586,9,0,11,3.0,0.2857142857142857,224.95454545454547,219.90151515151513,109.34090909090911,104.28787878787877,0.15476190476190477,0
0.2413793103448276,0.41379310344827586,0,0,11,11.0,1.0,203.6439393939394,220.33333333333334,-16.7651515151515,-0.0757575757575637,0.15692640692640691,0
0.2413793103448276,0.20689655172413793,0,0,11,10.5,1.0,159.9090909090909,221.6060606060606,-59.18181818181819,2.5151515151515014,0.15800865800865802,0
0.5862068965517241,1.0,0,4,11,11.0,1.0,206.5909090909091,163.18939393939394,9.568181818181813,-33.83333333333334,0.24134199134199133,0
1.0344827586206897,1.0344827586206897,0,4,11,7.0,0.8,204.71212121212122,186.03787878787878,59.00757575757575,40.333333333333314,0.24567099567099568,0
1.0344827586206897,1.0344827586206897,0,4,11,2.0,0.35714285714285715,202.0,187.28787878787878,108.25,93.53787878787878,0.24458874458874458,0
1.0344827586206897,1.0344827586206897,0,0,11,6.5,0.6,199.56818181818184,188.15151515151516,80.29545454545458,68.87878787878789,0.24458874458874458,0
0.41379310344827586,1.0344827586206897,0,0,11,8.5,1.0,180.69696969696972,189.41666666666666,-3.73484848484847,4.98484848484847,0.2435064935064935,0
0.3793103448275862,0.3103448275862069,0,0,11,9.0,1.0,145.49242424242425,192.26515151515153,-40.371212121212125,6.401515151515156,0.24242424242424243,0
0.3793103448275862,0.20689655172413793,0,0,11,10.0,1.0,119.57575757575758,196.8106060606061,-68.24242424242424,8.992424242424278,0.24025974025974026,0
0.3793103448275862,0.20689655172413793,0,0,11,10.0,1.0,132.48484848484847,206.11363636363637,-55.69696969696972,17.931818181818187,0.23809523809523808,0
0.3793103448275862,0.20689655172413793,0,0,11,9.0,1.0,163.18939393939394,214.1742424242424,-25.26515151515153,25.71969696969694,0.23484848484848486,0
0.3793103448275862,0.20689655172413793,0,0,11,8.0,1.0,186.03787878787878,221.45454545454547,-5.575757575757592,29.840909090909093,0.22943722943722944,0
0.3793103448275862,0.20689655172413793,0,0,11,9.0,1.0,187.28787878787878,222.1590909090909,-9.439393939393938,25.431818181818187,0.22402597402597402,0
0.3448275862068966,0.20689655172413793,0,0,11,8.5,1.0,188.15151515151516,221.68181818181816,-13.939393939393938,19.590909090909065,0.2196969696969697,0
0.3103448275862069,0.6896551724137931,0,0,11,11.0,1.0,225.0,169.71212121212122,-1.5,-56.78787878787878,0.170995670995671,0
1.0344827586206897,0.6896551724137931,0,0,11,8.5,0.75,225.88636363636365,190.3257575757576,39.81818181818184,4.257575757575779,0.17207792207792208,0
1.0344827586206897,0.6896551724137931,1,0,11,1.0,0.23076923076923078,226.4393939393939,193.8560606060606,136.91666666666663,104.33333333333333,0.17424242424242425,0
1.0344827586206897,0.6896551724137931,0,0,11,8.5,0.75,226.52272727272728,196.16666666666666,95.0909090909091,64.73484848484847,0.1764069264069264,0
0.3103448275862069,0.6896551724137931,0,0,11,9.0,1.0,213.0151515151515,199.219696969697,27.810606060606034,14.01515151515153,0.17857142857142858,0
0.7586206896551724,0.27586206896551724,0,2,11,11.0,1.0,197.78787878787878,155.06060606060603,2.0606060606060623,-40.666666666666686,0.27164502164502163,0
0.8275862068965517,0.27586206896551724,0,3,11,11.0,1.0,197.79545454545453,154.8939393939394,39.95454545454544,-2.9469696969696884,0.27705627705627706,0
0.8620689655172413,0.3448275862068966,0,3,11,6.0,0.7142857142857143,198.53787878787878,150.61363636363637,74.01515151515152,26.090909090909108,0.2792207792207792,0
0.4827586206896552,0.3448275862068966,0,3,11,11.0,1.0,197.94696969696966,148.95454545454547,46.99242424242419,-2.0,0.2803030303030303,0
0.4827586206896552,0.3448275862068966,0,3,11,9.0,1.0,184.37878787878788,150.58333333333334,24.19696969696969,-9.598484848484844,0.2803030303030303,0
0.5172413793103449,0.3103448275862069,0,3,11,9.0,1.0,159.36363636363637,156.46969696969697,5.318181818181841,2.4242424242424363,0.2813852813852814,0
0.5862068965517241,0.3103448275862069,0,3,11,9.0,0.8571428571428571,144.43939393939397,167.0909090909091,-6.015151515151501,16.636363636363626,0.2803030303030303,0
0.4827586206896552,0.3103448275862069,0,3,11,9.5,1.0,145.21969696969697,178.75757575757575,-2.1212121212121247,31.416666666666657,0.2792207792207792,0
0.4482758620689655,0.3103448275862069,0,3,11,8.5,1.0,155.0606060606061,187.7651515151515,5.992424242424278,38.69696969696969,0.27813852813852813,0
0.4827586206896552,0.3103448275862069,0,4,11,8.0,1.0,154.8939393939394,191.5757575757576,-0.44696969696968836,36.2348484848485,0.27813852813852813,0
0.4482758620689655,0.3103448275862069,0,4,11,7.0,1.0,150.61363636363637,192.5909090909091,-14.386363636363626,27.590909090909093,0.27705627705627706,0
0.3793103448275862,0.27586206896551724,1,4,11,6.0,1.0,148.95454545454547,193.3409090909091,-31.97727272727272,12.409090909090907,0.27705627705627706,0
0.27586206896551724,0.20689655172413793,2,4,11,11.0,1.0,150.58333333333334,193.33333333333334,-39.75757575757575,2.9924242424242493,0.27380952380952384,0
0.9655172413793104,1.0,0,5,11,11.0,1.0,196.0,148.84848484848484,-6.0454545454545325,-53.19696969696969,0.27380952380952384,0
1.0344827586206897,1.0344827586206897,0,5,11,6.0,0.6666666666666666,196.52272727272725,164.78787878787878,59.363636363636346,27.628787878787875,0.2727272727272727,0
1.0344827586206897,1.0344827586206897,0,5,11,1.0,0.2857142857142857,197.3257575757576,166.20454545454547,106.28030303030305,75.15909090909092,0.26731601731601734,0
1.0,1.0344827586206897,0,5,11,7.0,0.8333333333333334,198.96969696969697,167.23484848484847,79.99242424242424,48.25757575757574,0.262987012987013,0
0.41379310344827586,1.0344827586206897,0,0,11,8.0,1.0,179.3409090909091,168.96969696969697,16.431818181818187,6.060606060606062,0.25757575757575757,0
0.41379310344827586,0.20689655172413793,0,0,11,9.0,1.0,143.41666666666666,173.37878787878788,-21.24242424242425,8.719696969696969,0.25216450216450215,0
0.41379310344827586,0.20689655172413793,0,0,11,9.0,1.0,115.72727272727273,183.4090909090909,-51.0681818181818,16.613636363636374,0.24891774891774893,0
0.41379310344827586,0.20689655172413793,0,0,11,9.0,1.0,124.31060606060606,197.53030303030303,-42.848484848484844,30.371212121212125,0.24783549783549783,0
0.41379310344827586,0.20689655172413793,0,0,11,8.0,1.0,148.84848484848484,209.24242424242425,-18.901515151515156,41.49242424242425,0.24458874458874458,0
0.3793103448275862,0.20689655172413793,0,0,11,7.0,1.0,164.78787878787878,215.0151515151515,-7.212121212121218,43.0151515151515,0.23917748917748918,0
0.41379310344827586,0.20689655172413793,0,0,11,7.0,1.0,166.20454545454547,215.6590909090909,-14.181818181818159,35.27272727272728,0.23484848484848486,0
0.3448275862068966,0.20689655172413793,0,0,11,8.5,1.0,167.23484848484847,216.13636363636363,-30.606060606060623,18.295454545454533,0.23160173160173161,0
0.4482758620689655,0.2413793103448276,0,0,11,11.0,1.0,219.63636363636363,175.81818181818184,0.7954545454545325,-43.02272727272725,0.18181818181818182,0
0.6551724137931034,0.3448275862068966,0,0,11,8.5,1.0,219.3106060606061,183.75757575757575,37.08333333333337,1.5303030303030312,0.18722943722943722,0
0.6896551724137931,0.3448275862068966,0,7,11,6.0,0.6666666666666666,218.71212121212122,182.11363636363637,67.57575757575759,30.977272727272748,0.1893939393939394,0
0.6896551724137931,0.3448275862068966,0,0,11,7.0,1.0,218.28030303030303,182.030303030303,59.43939393939394,23.18939393939391,0.18831168831168832,0
0.4827586206896552,0.3448275862068966,0,0,11,8.0,1.0,206.56818181818184,182.94696969696972,20.27272727272731,-3.3484848484848158,0.18722943722943722,0
0.4827586206896552,0.3448275862068966,0,0,11,8.5,1.0,184.06818181818184,187.1590909090909,1.7500000000000284,4.8409090909090935,0.18722943722943722,0
0.4827586206896552,0.3103448275862069,0,0,11,9.5,1.0,164.06818181818184,195.81818181818178,-18.590909090909065,13.159090909090878,0.18722943722943722,0
0.4827586206896552,0.3103448275862069,0,0,11,9.5,1.0,165.4242424242424,208.12878787878788,-15.939393939393966,26.7651515151515,0.18831168831168832,0
0.4827586206896552,0.3103448275862069,0,0,11,9.0,1.0,175.81818181818184,217.81060606060603,-6.249999999999972,35.74242424242422,0.1893939393939394,0
0.4827586206896552,0.3103448275862069,0,0,11,8.0,1.0,183.75757575757575,222.25,-1.6515151515151558,36.84090909090909,0.1893939393939394,0
0.4482758620689655,0.3103448275862069,0,0,11,7.0,1.0,182.11363636363635,222.8560606060606,-11.886363636363654,28.856060606060595,0.19047619047619047,0
0.3793103448275862,0.3103448275862069,0,0,11,8.5,1.0,182.03030303030303,222.37121212121212,-26.0151515151515,14.325757575757592,0.19047619047619047,0
0.2413793103448276,0.20689655172413793,0,0,11,11.0,0.6666666666666666,182.94696969696972,222.41666666666666,-39.39393939393938,0.0757575757575637,0.18722943722943722,0
1.0,1.0,0,0,11,8.5,1.0,222.40151515151516,186.22727272727275,-7.121212121212125,-43.29545454545453,0.1461038961038961,1
0.2413793103448276,0.896551724137931,0,0,11,10.5,1.0,227.27272727272725,164.8560606060606,-0.5227272727272805,-62.93939393939394,0.13203463203463203,0
1.0344827586206897,0.9310344827586207,0,0,11,10.5,1.0,228.37121212121212,212.0151515151515,2.9848484848484986,-13.371212121212125,0.12987012987012986,0
1.0344827586206897,0.9310344827586207,0,16,11,2.0,0.15384615384615385,229.36363636363637,229.1590909090909,136.61363636363637,136.4090909090909,0.1277056277056277,0
1.0344827586206897,0.9310344827586207,1,11,11,2.0,0.15384615384615385,228.87878787878788,230.31060606060603,139.62878787878788,141.06060606060603,0.1266233766233766,0
0.3448275862068966,0.9310344827586207,0,0,11,7.0,0.6666666666666666,227.55303030303028,230.36363636363635,49.50757575757575,52.31818181818181,0.12554112554112554,0
0.2413793103448276,0.9310344827586207,0,0,11,8.5,1.0,181.97727272727272,230.5909090909091,-45.29545454545456,3.318181818181813,0.12445887445887446,0
1.0344827586206897,1.0344827586206897,0,0,11,11.0,1.0,227.68181818181816,212.469696969697,11.386363636363626,-3.8257575757575353,0.12987012987012986,0
1.0344827586206897,1.0344827586206897,0,14,11,2.0,0.125,228.2045454545454,221.2348484848485,118.59090909090905,111.62121212121214,0.13095238095238096,0
1.0344827586206897,1.0344827586206897,8,14,11,2.0,0.06666666666666667,229.31060606060603,221.16666666666666,166.71969696969694,158.57575757575756,0.13203463203463203,0
0.3793103448275862,1.0344827586206897,0,0,11,7.0,0.5,225.86363636363635,221.36363636363637,32.29545454545453,27.79545454545456,0.1331168831168831,0
0.20689655172413793,1.0344827586206897,0,0,11,11.0,1.0,185.59848484848484,222.4090909090909,-36.06060606060606,0.75,0.1341991341991342,0
0.3103448275862069,0.4827586206896552,0,0,0,0,0,223.97727272727275,147.93939393939394,-0.13636363636362603,-76.17424242424244,0.1774891774891775,0
0.9655172413793104,1.0344827586206897,0,0,3,3.0,0.0,223.65151515151516,189.52272727272725,30.651515151515156,-3.477272727272748,0.18398268398268397,0
1.0344827586206897,1.0344827586206897,0,7,6,2.0,0.08333333333333333,224.46212121212122,187.89393939393938,104.57575757575758,68.00757575757574,0.18614718614718614,0
1.0344827586206897,1.0344827586206897,0,7,7,2.0,0.2,225.0151515151515,187.59848484848484,161.9469696969697,124.53030303030303,0.18506493506493507,0
0.41379310344827586,1.0344827586206897,0,0,8,7.0,1.0,214.29545454545453,188.24242424242425,21.93181818181816,-4.121212121212125,0.18398268398268397,0
0.41379310344827586,1.0344827586206897,0,0,9,8.0,1.0,179.0,190.54545454545453,-9.386363636363626,2.1590909090909065,0.18398268398268397,0
0.41379310344827586,0.20689655172413793,0,0,9,9.0,1.0,125.31818181818183,194.34848484848484,-62.499999999999986,6.530303030303031,0.18506493506493507,0
0.41379310344827586,0.20689655172413793,0,0,10,9.0,1.0,125.10606060606061,201.54545454545453,-62.37121212121211,14.068181818181813,0.18506493506493507,0
0.41379310344827586,0.20689655172413793,0,0,10,9.0,1.0,147.93939393939394,211.0,-39.56060606060606,23.5,0.18398268398268397,0
0.3793103448275862,0.20689655172413793,0,0,9,8.0,1.0,189.52272727272725,220.11363636363637,-0.22727272727274794,30.363636363636374,0.18398268398268397,0
0.3793103448275862,0.20689655172413793,0,0,8,7.0,1.0,187.89393939393938,224.33333333333334,-6.492424242424249,29.946969696969717,0.1829004329004329,0
0.41379310344827586,0.20689655172413793,0,0,7,6.0,0.6666666666666666,187.59848484848484,224.06818181818184,-11.310606060606062,25.159090909090935,0.18073593073593072,0
0.20689655172413793,0.6551724137931034,0,0,0,0,0,230.5909090909091,134.96212121212122,0.13636363636362603,-95.49242424242425,0.1590909090909091,0
0.8620689655172413,1.0344827586206897,0,0,4,4.0,1.0,230.28030303030303,184.5909090909091,15.075757575757564,-30.613636363636374,0.1634199134199134,0
1.0344827586206897,1.0344827586206897,0,0,4,2.0,0.1,229.74242424242425,195.37878787878788,81.51515151515153,47.151515151515156,0.16774891774891776,0
1.0344827586206897,1.0344827586206897,8,2,4,2.0,0.06666666666666667,229.78030303030303,196.4848484848485,182.82575757575756,149.53030303030306,0.170995670995671,0
0.27586206896551724,1.0344827586206897,0,2,4,4.0,1.0,225.05303030303034,198.52272727272728,61.643939393939434,35.113636363636374,0.1764069264069264,0
0.1724137931034483,1.0344827586206897,0,2,0,0,0,197.96212121212122,201.63636363636365,3.4393939393939377,7.113636363636374,0.1829004329004329,0
0.20689655172413793,0.7241379310344828,0,3,0,0,0,203.52272727272728,141.5757575757576,-1.2272727272727195,-63.17424242424241,0.2727272727272727,0
0.7586206896551724,0.7586206896551724,0,4,0,0,0,203.3939393939394,149.62121212121212,1.5530303030303116,-52.21969696969697,0.27705627705627706,0
0.8275862068965517,0.8275862068965517,0,4,6,2.0,0.2,203.77272727272728,147.68181818181816,100.18181818181819,44.090909090909065,0.275974025974026,0
0.8275862068965517,0.8620689655172413,0,4,7,2.0,0.3,204.37121212121212,143.8257575757576,83.16666666666667,22.62121212121214,0.275974025974026,0
0.5172413793103449,0.8620689655172413,0,4,8,7.0,0.8,203.75,146.61363636363637,53.65909090909091,-3.4772727272727195,0.27705627705627706,0
0.4482758620689655,0.5862068965517241,0,4,9,8.0,1.0,170.06060606060606,153.08333333333334,16.628787878787875,-0.3484848484848442,0.275974025974026,0
0.5172413793103449,0.3103448275862069,0,4,10,8.5,1.0,142.21212121212122,162.8257575757576,-3.1287878787878753,17.4848484848485,0.27813852813852813,0
0.5172413793103449,0.3103448275862069,0,4,10,9.0,1.0,124.9621212121212,175.5,-19.310606060606077,31.22727272727272,0.2792207792207792,0
0.5517241379310345,0.27586206896551724,0,4,9,9.0,0.8,141.57575757575756,189.37121212121212,-0.28787878787881027,47.50757575757575,0.2792207792207792,0
0.5172413793103449,0.27586206896551724,0,4,9,8.0,0.8,149.62121212121212,200.87878787878788,-4.083333333333343,47.17424242424241,0.2803030303030303,0
0.4827586206896552,0.27586206896551724,0,4,8,7.0,1.0,147.6818181818182,206.16666666666666,-16.0,42.48484848484847,0.2813852813852814,0
0.3793103448275862,0.27586206896551724,0,4,7,6.0,1.0,143.8257575757576,205.75757575757575,-27.2651515151515,34.66666666666666,0.28354978354978355,0
0.27586206896551724,0.20689655172413793,0,4,6,6.0,1.0,146.61363636363637,205.68181818181816,-45.113636363636346,13.954545454545439,0.2846320346320346,0
0.9655172413793104,0.20689655172413793,0,0,0,0,0,204.77272727272728,161.77272727272728,-6.431818181818187,-49.43181818181819,0.21861471861471862,0
1.0344827586206897,0.2413793103448276,0,6,6,4.5,0.5,205.93939393939397,172.280303030303,60.893939393939434,27.23484848484847,0.22186147186147187,0
1.0344827586206897,0.2413793103448276,0,6,7,2.5,0.375,207.3106060606061,173.97727272727272,88.65151515151518,55.31818181818181,0.21753246753246752,0
0.5172413793103449,0.2413793103448276,0,0,7,6.5,0.6666666666666666,210.09848484848484,177.28787878787878,68.55303030303031,35.74242424242425,0.21428571428571427,0
0.41379310344827586,0.2413793103448276,0,0,8,7.5,1.0,188.4090909090909,181.33333333333334,17.840909090909093,10.76515151515153,0.21212121212121213,0
0.3793103448275862,0.2413793103448276,0,0,9,8.0,1.0,158.30303030303028,185.85606060606062,-14.901515151515184,12.651515151515156,0.2077922077922078,0
0.41379310344827586,0.2413793103448276,0,0,10,8.5,1.0,135.08333333333334,192.78787878787878,-37.98484848484847,19.71969696969697,0.20454545454545456,0
0.41379310344827586,0.2413793103448276,0,0,10,8.5,1.0,143.5909090909091,205.11363636363635,-32.06818181818181,29.45454545454544,0.2002164502164502,0
0.3793103448275862,0.2413793103448276,0,0,9,9.0,1.0,161.77272727272725,216.16666666666666,-21.363636363636374,33.03030303030303,0.19480519480519481,0
0.3793103448275862,0.2413793103448276,0,0,8,7.0,1.0,172.280303030303,221.24242424242425,-12.924242424242465,36.03787878787878,0.19155844155844157,0
0.3793103448275862,0.2413793103448276,0,0,7,7.0,1.0,173.97727272727275,220.52272727272725,-15.249999999999972,31.295454545454533,0.18831168831168832,0
0.5517241379310345,0.3103448275862069,0,0,5,5.0,1.0,221.12878787878788,191.00757575757575,3.719696969696969,-26.401515151515156,0.15692640692640691,0
0.6206896551724138,0.3103448275862069,0,1,6,3.5,0.5,221.96969696969697,191.0,51.28787878787878,20.318181818181813,0.15476190476190477,0
0.6551724137931034,0.3793103448275862,0,1,7,5.0,0.5714285714285714,222.75757575757575,190.9393939393939,69.96212121212122,38.14393939393938,0.15584415584415584,0
0.4482758620689655,0.3793103448275862,0,0,8,8.0,1.0,221.7348484848485,193.21212121212122,29.643939393939405,1.1212121212121247,0.15367965367965367,0
0.4482758620689655,0.3793103448275862,0,0,9,8.0,1.0,204.16666666666666,195.45454545454547,10.46212121212119,1.75,0.15043290043290045,0
0.4482758620689655,0.3103448275862069,0,0,9,7.5,0.6666666666666666,180.29545454545453,200.9090909090909,-6.931818181818187,13.681818181818187,0.14826839826839827,0
0.41379310344827586,0.3103448275862069,0,0,9,8.5,1.0,171.8560606060606,210.46212121212122,-20.212121212121218,18.393939393939405,0.1461038961038961,0
0.41379310344827586,0.3103448275862069,0,0,9,7.5,1.0,179.53030303030303,219.72727272727275,-13.99242424242425,26.204545454545467,0.14393939393939395,0
0.41379310344827586,0.3103448275862069,0,0,8,7.0,1.0,191.00757575757575,226.08333333333334,-3.037878787878782,32.03787878787881,0.14393939393939395,0
0.41379310344827586,0.3103448275862069,0,0,7,7.0,1.0,191.0,229.24242424242425,-7.7954545454545325,30.446969696969717,0.1406926406926407,0
0.3448275862068966,0.3103448275862069,0,0,6,6.0,1.0,190.93939393939397,230.87121212121212,-18.94696969696966,20.9848484848485,0.13744588744588745,0
0.3103448275862069,0.2413793103448276,0,0,2,2.0,0.0,193.21212121212122,231.71212121212122,-29.49242424242425,9.00757575757575,0.13528138528138528,0
1.0344827586206897,1.0344827586206897,0,0,0,0,0,229.28030303030303,202.86363636363637,-4.106060606060595,-30.522727272727252,0.09632034632034632,1
0.41935483870967744,0.22580645161290322,0,0,7,6.5,0.75,229.76388888888889,182.22916666666666,34.53472222222223,-13.0,0.1502835538752363,0
0.41935483870967744,0.22580645161290322,1,0,8,7.0,0.75,226.44444444444446,185.49305555555554,44.56944444444446,3.618055555555543,0.16918714555765596,0
0.45161290322580644,0.22580645161290322,2,0,8,7.0,0.6,220.44444444444446,193.51388888888889,35.69444444444446,8.763888888888886,0.18714555765595464,0
0.45161290322580644,0.22580645161290322,2,0,8,7.0,0.75,209.54861111111111,199.52083333333334,27.048611111111114,17.020833333333343,0.20132325141776938,0
0.4838709677419355,0.22580645161290322,2,0,8,6.0,0.8333333333333334,196.8125,200.97222222222226,16.3125,20.472222222222257,0.21266540642722118,0
0.4838709677419355,0.2903225806451613,2,0,8,6.0,1.0,183.04166666666666,182.24305555555557,-9.25,-10.048611111111086,0.22400756143667297,0
0.3870967741935484,0.25806451612903225,2,0,9,5.0,1.0,182.58333333333334,167.5277777777778,-21.979166666666657,-37.0347222222222,0.23062381852551986,0
0.41935483870967744,0.3870967741935484,2,0,10,5.5,1.0,182.22916666666666,159.47916666666666,-19.479166666666686,-42.229166666666686,0.23629489603024575,0
0.4838709677419355,0.4838709677419355,2,0,11,6.0,1.0,185.49305555555554,162.6875,-11.1527777777778,-33.95833333333334,0.23724007561436672,0
0.6451612903225806,0.5161290322580645,2,0,11,5.0,0.8,193.51388888888889,173.7777777777778,6.638888888888886,-13.0972222222222,0.2334593572778828,0
0.5806451612903226,0.4838709677419355,2,0,11,5.0,0.8888888888888888,199.52083333333334,191.27083333333334,36.3125,28.0625,0.23062381852551986,0
0.5483870967741935,0.45161290322580644,2,0,11,5.5,1.0,200.97222222222226,201.50694444444446,48.47222222222226,49.00694444444446,0.22400756143667297,0
0.45161290322580644,0.45161290322580644,2,0,11,6.0,1.0,195.0763888888889,204.94444444444446,32.34722222222226,42.2152777777778,0.21361058601134217,0
0.5161290322580645,0.41935483870967744,0,0,11,6.0,1.0,182.24305555555557,202.80555555555554,9.409722222222229,29.9722222222222,0.20321361058601134,0
0.5161290322580645,0.3870967741935484,0,0,11,5.5,0.8333333333333334,167.5277777777778,210.70833333333334,-18.243055555555543,24.9375,0.21266540642722118,0
0.3225806451612903,0.3548387096774194,0,0,10,8.0,1.0,159.47916666666666,222.875,-55.729166666666686,7.666666666666657,0.22117202268431002,0
0.3548387096774194,0.25806451612903225,0,0,9,7.0,0.6666666666666666,162.6875,229.17361111111111,-40.85416666666666,25.631944444444457,0.21455576559546313,0
0.22580645161290322,0.5806451612903226,0,0,8,8.0,1.0,222.875,190.7777777777778,-9.0625,-41.1597222222222,0.21172022684310018,0
0.7741935483870968,0.6774193548387096,0,0,9,9.0,1.0,229.17361111111111,201.3402777777778,-0.28472222222222854,-28.118055555555543,0.20321361058601134,0
0.7741935483870968,0.6774193548387096,0,0,10,2.0,0.2727272727272727,229.7152777777778,198.07638888888889,56.1527777777778,24.513888888888886,0.1947069943289225,0
0.7741935483870968,0.6774193548387096,0,0,11,2.0,0.2727272727272727,229.5,196.6736111111111,67.64583333333334,34.81944444444443,0.19187145557655955,0
0.4838709677419355,0.6774193548387096,0,0,11,7.0,1.0,230.0902777777778,197.7847222222222,25.194444444444457,-7.111111111111143,0.19659735349716445,0
0.4838709677419355,0.6774193548387096,0,0,11,6.0,0.8,211.6527777777778,187.01388888888889,6.069444444444457,-18.569444444444457,0.19754253308128544,0
0.45161290322580644,0.3225806451612903,0,0,11,7.0,0.8,188.29166666666666,171.9375,-5.25,-21.604166666666657,0.19848771266540643,0
0.41935483870967744,0.3225806451612903,0,0,11,7.0,0.8,180.10416666666666,174.1527777777778,-15.0,-20.951388888888857,0.21266540642722118,0
0.45161290322580644,0.3870967741935484,0,0,11,7.0,1.0,190.7777777777778,192.6875,-10.5972222222222,-8.6875,0.22967863894139887,0
0.6774193548387096,0.41935483870967744,0,0,11,6.0,0.8,201.3402777777778,208.43055555555557,4.4652777777778,11.555555555555571,0.23440453686200377,0
0.5806451612903226,0.41935483870967744,5,0,11,3.0,0.375,198.07638888888889,206.8125,35.28472222222223,44.02083333333334,0.2381852551984877,0
0.5806451612903226,0.41935483870967744,5,0,11,3.0,0.3333333333333333,196.6736111111111,201.95138888888889,40.52777777777774,45.80555555555554,0.2448015122873346,0
0.3225806451612903,0.41935483870967744,3,0,11,6.0,0.75,197.7847222222222,196.57638888888889,-5.736111111111143,-6.944444444444457,0.2514177693761815,0
0.41935483870967744,0.41935483870967744,0,0,11,6.0,1.0,187.01388888888889,183.3125,-31.381944444444457,-35.08333333333334,0.2570888468809074,0
0.41935483870967744,0.3225806451612903,0,0,11,5.0,0.8,171.9375,169.9652777777778,-31.4375,-33.4097222222222,0.24102079395085066,0
0.41935483870967744,0.2903225806451613,0,0,11,4.0,0.6,174.1527777777778,179.4513888888889,-24.513888888888857,-19.215277777777743,0.222117202268431,0
0.5806451612903226,0.8064516129032258,0,0,11,4.5,0.75,192.6875,195.19444444444446,-11.125,-8.618055555555543,0.21833648393194707,0
0.8387096774193549,0.8064516129032258,0,0,11,4.0,0.6,208.43055555555557,205.625,21.18055555555557,18.375,0.21361058601134217,0
0.8387096774193549,0.8064516129032258,0,0,11,2.0,0.3,206.8125,199.72916666666666,47.9375,40.85416666666666,0.2051039697542533,0
0.7419354838709677,0.8064516129032258,0,0,11,2.0,0.3,201.95138888888889,199.3125,38.18055555555554,35.54166666666666,0.19848771266540643,0
0.3870967741935484,0.6451612903225806,0,0,11,8.0,1.0,196.57638888888889,206.20138888888889,-19.131944444444457,-9.506944444444457,0.1937618147448015,0
0.45161290322580644,0.6451612903225806,0,0,11,6.5,1.0,183.3125,215.95833333333334,-22.791666666666657,9.854166666666686,0.18714555765595464,0
0.45161290322580644,0.3225806451612903,0,0,11,6.5,1.0,169.9652777777778,225.30555555555554,-25.0972222222222,30.243055555555543,0.16729678638941398,0
0.41935483870967744,0.3225806451612903,0,0,11,6.5,1.0,179.4513888888889,230.2777777777778,-18.56944444444443,32.25694444444446,0.14839319470699433,0
0.3548387096774194,0.22580645161290322,0,0,11,6.0,1.0,195.19444444444446,231.5902777777778,-9.6597222222222,26.736111111111143,0.14272211720226843,0
0.3225806451612903,0.22580645161290322,0,0,11,7.0,1.0,205.625,231.13194444444446,-10.104166666666657,15.4027777777778,0.13988657844990549,0
0.5806451612903226,0.41935483870967744,0,0,11,8.5,1.0,231.43055555555554,166.86111111111111,7.0347222222222,-57.53472222222223,0.19092627599243855,0
0.6129032258064516,0.45161290322580644,0,0,11,6.5,0.75,233.0625,166.0347222222222,51.3125,-15.7152777777778,0.2003780718336484,0
0.6451612903225806,0.4838709677419355,0,5,11,5.5,0.6666666666666666,233.79166666666666,163.20138888888889,88.625,18.03472222222223,0.20888468809073724,0
0.41935483870967744,0.5161290322580645,0,5,11,8.0,1.0,230.86805555555557,161.77777777777774,67.13888888888891,-1.9513888888889142,0.21644612476370512,0
0.45161290322580644,0.5161290322580645,0,5,11,9.0,1.0,213.18055555555557,163.20138888888889,41.701388888888914,-8.277777777777771,0.22495274102079396,0
0.4838709677419355,0.2903225806451613,0,5,11,8.0,1.0,183.77083333333334,166.38888888888889,18.395833333333343,1.0138888888888857,0.23251417769376181,0
0.4838709677419355,0.2903225806451613,2,5,11,9.0,1.0,163.54861111111111,174.20833333333334,2.2986111111111143,12.958333333333343,0.24007561436672967,0
0.45161290322580644,0.2903225806451613,0,5,11,8.5,1.0,160.125,183.75,-2.854166666666657,20.770833333333343,0.24763705103969755,0
0.45161290322580644,0.25806451612903225,2,5,11,9.0,1.0,166.8611111111111,192.28472222222226,5.756944444444429,31.1805555555556,0.2561436672967864,0
0.45161290322580644,0.25806451612903225,2,4,11,8.5,1.0,166.0347222222222,196.68055555555557,0.5138888888888573,31.15972222222223,0.2646502835538752,0
0.41935483870967744,0.25806451612903225,2,4,11,9.5,1.0,163.20138888888889,197.42361111111111,-9.340277777777771,24.881944444444457,0.2731568998109641,0
0.3548387096774194,0.22580645161290322,2,4,11,9.0,1.0,161.77777777777777,198.2222222222222,-22.78472222222223,13.6597222222222,0.28071833648393196,0
0.25806451612903225,0.25806451612903225,2,2,11,8.5,1.0,196.67361111111111,145.0347222222222,-5.451388888888886,-57.0902777777778,0.27977315689981097,0
1.032258064516129,1.032258064516129,2,2,11,11.0,1.0,194.45833333333334,183.21527777777774,-10.291666666666657,-21.534722222222257,0.27599243856332706,0
1.032258064516129,1.032258064516129,2,2,11,2.0,0.16666666666666666,194.8125,202.77777777777774,77.27083333333333,85.23611111111107,0.2741020793950851,0
1.032258064516129,1.032258064516129,4,2,11,2.0,0.125,197.58333333333334,203.1111111111111,108.87500000000001,114.40277777777776,0.27032136105860116,0
0.6451612903225806,1.032258064516129,2,2,11,3.0,0.4,201.9027777777778,203.38888888888889,58.61111111111114,60.09722222222223,0.2684310018903592,0
0.25806451612903225,1.032258064516129,2,1,11,7.5,1.0,174.80555555555557,203.39583333333334,-28.298611111111086,0.2916666666666856,0.2674858223062382,0
0.41935483870967744,0.22580645161290322,1,0,11,11.0,1.0,202.82638888888889,134.30555555555557,1.743055555555543,-66.77777777777777,0.2381852551984877,0
1.032258064516129,1.032258064516129,2,0,11,11.0,1.0,202.20138888888889,180.98611111111111,3.5972222222222285,-17.618055555555543,0.2391304347826087,0
1.032258064516129,1.032258064516129,2,0,11,6.0,0.5714285714285714,201.57638888888889,198.75694444444446,56.80555555555554,53.986111111111114,0.24007561436672967,0
1.032258064516129,1.032258064516129,11,0,11,1.0,0.25,201.27083333333334,200.24305555555557,142.5,141.47222222222223,0.24007561436672967,0
1.032258064516129,1.032258064516129,2,0,11,8.0,0.5714285714285714,200.33333333333334,199.6527777777778,51.875,51.19444444444446,0.24007561436672967,0
0.41935483870967744,1.032258064516129,2,0,11,11.0,1.0,181.48611111111111,198.4097222222222,-14.201388888888886,2.7222222222222,0.24007561436672967,0
0.41935483870967744,0.22580645161290322,2,0,11,11.0,1.0,134.04861111111111,198.9375,-64.76388888888889,0.125,0.24007561436672967,0
0.3870967741935484,0.22580645161290322,0,0,11,11.0,1.0,117.33333333333333,200.36805555555554,-84.43750000000001,-1.4027777777777999,0.24196597353497165,0
0.41935483870967744,0.22580645161290322,0,0,11,11.0,1.0,134.30555555555557,202.04861111111111,-65.84027777777777,1.9027777777777715,0.24196597353497165,0
0.41935483870967744,0.22580645161290322,0,0,11,11.0,1.0,180.98611111111111,202.9652777777778,-16.055555555555543,5.923611111111143,0.24102079395085066,0
0.41935483870967744,0.22580645161290322,2,0,11,11.0,1.0,198.75694444444446,203.67361111111111,0.7152777777777999,5.631944444444457,0.2391304347826087,0
0.41935483870967744,0.22580645161290322,0,0,11,11.0,1.0,200.24305555555557,204.1597222222222,-1.4861111111110858,2.430555555555543,0.23724007561436672,0
0.3870967741935484,0.22580645161290322,2,0,11,11.0,1.0,199.6527777777778,204.57638888888889,-1.680555555555543,3.243055555555543,0.23629489603024575,0
0.3548387096774194,0.9354838709677419,0,0,11,9.0,1.0,212.43055555555554,170.27083333333334,-1.194444444444457,-43.35416666666666,0.2334593572778828,0
0.9354838709677419,0.9354838709677419,0,0,11,8.0,1.0,212.4236111111111,188.20833333333334,10.236111111111086,-13.979166666666657,0.2277882797731569,0
0.9354838709677419,0.9354838709677419,0,0,11,2.0,0.4,212.21527777777774,192.96527777777774,77.86111111111109,58.611111111111086,0.22306238185255198,0
0.9354838709677419,0.9354838709677419,1,0,11,2.0,0.38461538461538464,212.46527777777774,192.56944444444443,72.84027777777774,52.94444444444443,0.21928166351606806,0
0.3870967741935484,0.9354838709677419,2,0,11,8.0,1.0,209.2847222222222,193.08333333333334,31.263888888888857,15.0625,0.21644612476370512,0
0.3548387096774194,0.4838709677419355,2,0,11,9.0,1.0,183.38888888888889,194.69444444444443,-9.777777777777771,1.5277777777777715,0.2107750472589792,0
0.1935483870967742,0.5161290322580645,2,0,11,11.0,1.0,229.0625,139.80555555555554,-0.4583333333333428,-89.7152777777778,0.1994328922495274,0
1.032258064516129,1.032258064516129,2,0,11,11.0,1.0,229.19444444444446,179.3611111111111,0.19444444444445708,-49.638888888888914,0.20415879017013233,0
1.032258064516129,1.032258064516129,2,0,11,3.0,0.3333333333333333,229.36805555555554,200.86805555555554,109.74305555555554,81.24305555555554,0.20699432892249528,0
1.032258064516129,1.032258064516129,10,0,11,2.0,0.25,229.5347222222222,201.875,148.2847222222222,120.625,0.20888468809073724,0
0.7419354838709677,1.032258064516129,2,0,11,4.0,0.5714285714285714,229.35416666666666,201.80555555555557,88.25,60.701388888888914,0.21455576559546313,0
0.3870967741935484,1.032258064516129,2,0,11,9.0,1.0,192.7152777777778,199.0902777777778,-4.3472222222222,2.0277777777778,0.22022684310018903,0
0.7741935483870968,0.6129032258064516,2,0,11,7.0,1.0,178.7777777777778,161.04861111111111,1.2986111111111427,-16.430555555555543,0.34026465028355385,0
0.7741935483870968,0.6129032258064516,2,0,11,7.0,1.0,159.42361111111111,150.125,8.506944444444457,-0.7916666666666572,0.34593572778827975,0
0.7741935483870968,0.6129032258064516,2,0,11,6.0,0.6363636363636364,157.80555555555554,149.95138888888889,37.55555555555554,29.701388888888886,0.3553875236294896,0
0.7096774193548387,0.7419354838709677,2,0,11,11.0,1.0,168.01388888888889,155.79166666666666,-11.506944444444457,-23.729166666666686,0.3620037807183365,0
0.9032258064516129,0.7419354838709677,2,0,11,11.0,1.0,169.54166666666666,158.1875,5.020833333333314,-6.333333333333343,0.3648393194706994,0
0.9354838709677419,0.3548387096774194,2,0,11,6.0,0.5555555555555556,149.5486111111111,154.22916666666666,10.444444444444429,15.125,0.3657844990548204,0
0.8709677419354839,0.3548387096774194,2,0,11,7.0,1.0,150.22916666666666,153.31944444444446,3.479166666666657,6.569444444444457,0.3657844990548204,0
0.5161290322580645,0.3548387096774194,2,0,11,8.0,1.0,154.76388888888889,154.20833333333334,-9.236111111111114,-9.791666666666657,0.3686200378071834,0
0.5483870967741935,0.2903225806451613,2,0,11,9.0,1.0,161.04861111111111,158.7777777777778,4.423611111111114,2.1527777777778,0.3667296786389414,0
0.5161290322580645,0.2903225806451613,2,1,11,9.0,0.8571428571428571,150.125,167.85416666666666,-3.8125,13.916666666666657,0.3544423440453686,0
0.4838709677419355,0.2903225806451613,0,1,11,9.0,1.0,149.95138888888889,179.67361111111111,-2.1736111111111143,27.548611111111114,0.3440453686200378,0
0.4838709677419355,0.2903225806451613,0,1,11,9.0,1.0,155.79166666666666,187.97916666666666,1.8958333333333144,34.083333333333314,0.33742911153119093,0
0.45161290322580644,0.2903225806451613,1,1,11,8.0,1.0,158.1875,192.8472222222222,1.5833333333333428,36.24305555555554,0.33081285444234404,0
0.45161290322580644,0.2903225806451613,2,1,11,7.0,1.0,154.22916666666666,194.1736111111111,-11.604166666666686,28.340277777777743,0.32041587901701324,0
0.41935483870967744,0.2903225806451613,2,1,11,8.5,1.0,153.31944444444446,196.1875,-27.805555555555543,15.0625,0.30245746691871456,0
0.3225806451612903,0.2903225806451613,2,1,11,11.0,1.0,154.20833333333334,196.7986111111111,-37.85416666666666,4.736111111111086,0.2996219281663516,0
0.3225806451612903,0.5161290322580645,0,2,11,11.0,1.0,198.0,126.51388888888887,-1.375,-72.86111111111113,0.31758034026465026,0
0.7741935483870968,1.032258064516129,0,2,11,11.0,1.0,198.0972222222222,159.70833333333334,17.368055555555543,-21.020833333333314,0.31947069943289225,0
1.032258064516129,1.032258064516129,0,2,11,2.0,0.2727272727272727,199.00694444444443,161.70833333333334,74.46527777777776,37.16666666666667,0.32136105860113423,0
1.032258064516129,1.032258064516129,1,2,11,2.0,0.3125,198.86805555555554,161.6527777777778,135.18055555555554,97.9652777777778,0.32041587901701324,0
0.45161290322580644,1.032258064516129,1,3,11,7.0,1.0,193.1736111111111,161.875,38.25694444444443,6.958333333333343,0.32136105860113423,0
0.3548387096774194,0.9354838709677419,1,3,11,8.0,1.0,168.21527777777777,164.1388888888889,7.2777777777777715,3.201388888888914,0.32514177693761814,0
0.3870967741935484,0.5806451612903226,2,5,11,11.0,1.0,200.55555555555554,185.15277777777774,0.09722222222220012,-15.3055555555556,0.2674858223062382,0
0.7419354838709677,0.6451612903225806,2,5,11,11.0,1.0,201.02083333333334,187.59027777777774,18.854166666666686,5.423611111111086,0.2646502835538752,0
0.7419354838709677,0.6774193548387096,2,5,11,3.5,0.5,202.11111111111111,186.47916666666666,77.84027777777779,62.20833333333333,0.2599243856332703,0
0.45161290322580644,0.6774193548387096,0,0,11,8.0,1.0,202.0763888888889,185.86805555555554,22.097222222222257,5.888888888888886,0.2533081285444234,0
0.45161290322580644,0.6774193548387096,1,0,11,9.0,1.0,195.4375,188.56944444444446,7.875,1.006944444444457,0.24574669187145556,0
0.45161290322580644,0.3225806451612903,1,0,11,9.0,1.0,168.9652777777778,193.1527777777778,-18.951388888888857,5.236111111111143,0.23629489603024575,0
0.45161290322580644,0.3225806451612903,1,0,11,9.5,1.0,162.13888888888889,202.29166666666666,-25.15277777777777,15.0,0.22684310018903592,0
0.45161290322580644,0.3225806451612903,1,0,11,9.0,0.8571428571428571,163.93749999999997,211.31944444444443,-20.291666666666686,27.09027777777777,0.21928166351606806,0
0.45161290322580644,0.3225806451612903,0,0,11,9.0,1.0,185.15277777777774,219.90277777777774,-0.9305555555555998,33.8194444444444,0.21266540642722118,0
0.41935483870967744,0.3225806451612903,0,0,11,8.0,1.0,187.59027777777774,223.5625,-7.8055555555556,28.166666666666657,0.20982986767485823,0
0.3870967741935484,0.2903225806451613,0,0,11,7.0,1.0,186.47916666666666,225.2361111111111,-11.5,27.25694444444443,0.20699432892249528,0
0.3225806451612903,0.2903225806451613,0,0,11,6.0,1.0,185.86805555555554,226.55555555555554,-27.631944444444457,13.055555555555543,0.20226843100189035,0
0.2903225806451613,0.9032258064516129,1,0,11,7.5,1.0,225.20833333333334,169.39583333333334,-0.04166666666665719,-55.85416666666666,0.15311909262759923,1
0.4838709677419355,0.45161290322580644,1,0,11,11.0,1.0,228.125,168.06944444444446,4.854166666666657,-55.201388888888886,0.2107750472589792,0
0.5806451612903226,0.4838709677419355,1,0,11,7.0,0.5,227.31944444444443,174.1597222222222,39.13194444444443,-14.0277777777778,0.18714555765595464,0
0.6129032258064516,0.5161290322580645,1,8,11,4.5,0.5,226.51388888888889,172.76388888888889,91.24305555555554,37.49305555555554,0.18525519848771266,0
0.6451612903225806,0.5161290322580645,1,0,11,7.0,0.8,225.11111111111111,173.14583333333334,69.90277777777777,17.9375,0.18620037807183365,0
0.5161290322580645,0.5483870967741935,1,0,11,8.0,1.0,212.0138888888889,174.50694444444446,35.388888888888914,-2.118055555555543,0.1880907372400756,0
0.5161290322580645,0.2903225806451613,1,0,11,9.0,1.0,182.24305555555557,177.5625,9.868055555555571,5.1875,0.1880907372400756,0
0.4838709677419355,0.2903225806451613,1,0,11,10.0,1.0,159.55555555555557,183.27777777777774,-13.923611111111086,9.798611111111086,0.1899810964083176,0
0.4838709677419355,0.2903225806451613,1,0,11,10.0,1.0,155.7013888888889,192.15277777777774,-16.736111111111086,19.715277777777743,0.1937618147448015,0
0.45161290322580644,0.2903225806451613,1,0,11,9.0,1.0,168.06944444444446,200.63194444444443,-5.451388888888886,27.111111111111086,0.1956521739130435,0
0.41935483870967744,0.25806451612903225,1,0,11,8.0,1.0,174.1597222222222,205.6875,-3.4027777777778,28.125,0.19754253308128544,0
0.41935483870967744,0.25806451612903225,1,0,11,7.0,1.0,172.76388888888889,206.8125,-8.840277777777771,25.208333333333343,0.2003780718336484,0
0.3548387096774194,0.22580645161290322,1,0,10,6.0,1.0,173.14583333333334,207.72222222222226,-17.520833333333314,17.0555555555556,0.20415879017013233,0
0.2903225806451613,0.22580645161290322,1,0,9,9.0,1.0,174.50694444444446,208.58333333333334,-29.680555555555543,4.395833333333343,0.20793950850661624,0
0.2903225806451613,0.6774193548387096,0,4,7,7.0,1.0,204.375,162.75,2.145833333333343,-39.47916666666666,0.21928166351606806,0
1.032258064516129,0.6774193548387096,0,4,8,8.0,1.0,200.85416666666666,194.45833333333334,19.125,12.729166666666686,0.22400756143667297,0
1.032258064516129,0.6774193548387096,1,3,9,2.0,0.16666666666666666,198.57638888888889,200.625,101.11805555555556,103.16666666666667,0.22684310018903592,0
0.9032258064516129,0.6774193548387096,16,3,10,2.0,0.2,199.9861111111111,199.95138888888889,94.31944444444441,94.28472222222221,0.23062381852551986,0
0.3225806451612903,0.6774193548387096,0,3,11,9.5,1.0,194.875,200.4097222222222,14.145833333333343,19.680555555555543,0.23629489603024575,0
0.25806451612903225,0.41935483870967744,0,3,11,10.0,1.0,160.4722222222222,200.86805555555554,-41.38194444444446,-0.9861111111111143,0.2391304347826087,0
0.41935483870967744,1.032258064516129,0,0,11,10.5,1.0,199.4652777777778,157.6875,-4.076388888888857,-45.85416666666666,0.2523629489603025,0
1.032258064516129,1.032258064516129,0,0,11,10.0,1.0,199.50694444444446,185.90972222222226,7.7152777777778,-5.8819444444444,0.2504725897920605,0
1.032258064516129,1.032258064516129,1,0,11,2.0,0.1875,200.91666666666666,194.30555555555557,115.43749999999999,108.8263888888889,0.2485822306238185,0
1.032258064516129,1.032258064516129,1,0,11,2.0,0.21428571428571427,202.5347222222222,196.3402777777778,93.26388888888887,87.06944444444447,0.24763705103969755,0
0.45161290322580644,1.032258064516129,1,0,11,9.0,1.0,199.4861111111111,198.30555555555557,28.777777777777743,27.59722222222223,0.24574669187145556,0
0.3870967741935484,0.7096774193548387,0,0,11,10.0,1.0,160.27083333333334,199.79861111111111,-32.8125,6.7152777777777715,0.2448015122873346,0
0.8064516129032258,0.3225806451612903,0,0,9,8.5,1.0,211.9375,183.0,1.1458333333333428,-27.791666666666657,0.20982986767485823,0
0.967741935483871,0.3225806451612903,0,0,8,3.0,0.42857142857142855,211.5277777777778,193.20833333333334,38.2777777777778,19.958333333333343,0.20699432892249528,0
0.967741935483871,0.3225806451612903,0,0,7,3.0,0.38461538461538464,209.94444444444446,192.3125,64.69444444444446,47.0625,0.20415879017013233,0
0.7096774193548387,0.3225806451612903,0,0,8,6.0,0.5714285714285714,209.70138888888889,191.5277777777778,48.99305555555554,30.819444444444457,0.20226843100189035,0
0.3548387096774194,0.3225806451612903,0,0,8,8.0,1.0,197.35416666666666,192.95138888888889,2.5208333333333144,-1.881944444444457,0.19848771266540643,0
1.032258064516129,1.032258064516129,0,0,11,10.0,1.0,227.27777777777774,187.9722222222222,4.4444444444444,-34.86111111111114,0.17296786389413987,0
1.032258064516129,1.032258064516129,1,0,11,6.0,0.5714285714285714,226.8611111111111,196.75694444444446,87.13194444444443,57.0277777777778,0.1767485822306238,0
1.032258064516129,1.032258064516129,10,0,11,1.0,0.25,227.27777777777774,196.89583333333334,136.4861111111111,106.10416666666667,0.17958412098298676,0
0.4838709677419355,1.032258064516129,1,0,11,8.0,0.8,226.22916666666666,198.92361111111111,55.6875,28.381944444444457,0.1833648393194707,0
0.3225806451612903,1.032258064516129,0,0,11,9.5,1.0,197.04166666666666,200.94444444444446,-2.0,1.9027777777777999,0.18714555765595464,0
0.3870967741935484,0.4838709677419355,0,0,11,7.0,1.0,205.64583333333334,173.83333333333334,0.375,-31.4375,0.27882797731569,0
0.7096774193548387,0.4838709677419355,0,0,11,7.5,1.0,205.70833333333334,169.78472222222223,13.229166666666686,-22.69444444444443,0.28544423440453687,0
0.7096774193548387,0.4838709677419355,2,0,11,1.5,0.4,205.64583333333334,155.4027777777778,86.81250000000001,36.56944444444447,0.2939508506616257,0
0.5161290322580645,0.4838709677419355,1,0,11,9.0,0.8,205.41666666666666,155.32638888888889,42.270833333333314,-7.819444444444457,0.30340264650283555,0
0.45161290322580644,0.4838709677419355,0,0,11,10.5,1.0,201.0972222222222,151.0625,21.263888888888857,-28.770833333333343,0.31190926275992437,0
0.7096774193548387,0.6129032258064516,0,0,11,11.0,1.0,172.19444444444446,153.75,-6.326388888888886,-24.770833333333343,0.31852551984877125,0
0.7419354838709677,0.6129032258064516,0,0,11,6.0,0.5,158.1527777777778,149.39583333333334,7.1527777777778,-1.6041666666666572,0.32419659735349715,0
0.7741935483870968,0.967741935483871,0,0,11,3.0,0.5,153.9375,157.99305555555554,17.25,21.305555555555543,0.3279773156899811,0
0.8709677419354839,0.967741935483871,0,0,11,11.0,1.0,173.83333333333334,162.75694444444443,-4.458333333333314,-15.534722222222229,0.32986767485822305,0
0.8709677419354839,0.9354838709677419,0,1,11,2.0,0.45454545454545453,169.78472222222226,160.66666666666666,31.576388888888914,22.458333333333314,0.332703213610586,0
0.8064516129032258,0.9032258064516129,0,1,11,6.0,0.7777777777777778,155.4027777777778,159.4027777777778,10.6527777777778,14.6527777777778,0.33553875236294894,0
0.45161290322580644,0.9032258064516129,0,1,11,9.0,1.0,155.32638888888889,161.47222222222223,-9.902777777777771,-3.7569444444444287,0.3383742911153119,0
0.4838709677419355,0.5483870967741935,0,1,11,9.0,1.0,151.0625,166.72916666666666,-12.9375,2.729166666666657,0.3393194706994329,0
0.4838709677419355,0.2903225806451613,0,1,11,9.0,0.8571428571428571,153.75,172.84027777777774,-5.291666666666657,13.798611111111086,0.33648393194706994,0
0.4838709677419355,0.2903225806451613,0,1,11,8.0,0.8571428571428571,149.39583333333334,181.7222222222222,-9.5625,22.763888888888857,0.31758034026465026,0
0.41935483870967744,0.2903225806451613,0,1,11,8.0,1.0,157.99305555555554,189.04861111111111,-2.2152777777778,28.84027777777777,0.30907372400756145,0
0.3870967741935484,0.2903225806451613,0,1,11,7.5,1.0,162.75694444444443,195.0625,-2.4930555555555713,29.8125,0.30434782608695654,0
0.41935483870967744,0.2903225806451613,0,1,11,7.0,1.0,160.66666666666666,196.875,-14.0625,22.145833333333343,0.2996219281663516,0
0.3870967741935484,0.2903225806451613,1,1,11,6.0,1.0,159.4027777777778,197.2013888888889,-19.138888888888857,18.659722222222257,0.2892249527410208,0
0.2903225806451613,0.25806451612903225,1,2,11,6.0,0.5,161.47222222222226,198.10416666666666,-30.423611111111086,6.208333333333314,0.2741020793950851,0
0.25806451612903225,0.25806451612903225,0,3,11,11.0,1.0,200.97222222222226,132.45833333333334,4.159722222222257,-64.35416666666666,0.2665406427221172,0
0.967741935483871,0.45161290322580644,0,3,11,11.0,1.0,200.48611111111111,155.0138888888889,9.611111111111114,-35.861111111111086,0.2674858223062382,0
1.032258064516129,0.45161290322580644,0,3,11,3.0,0.2857142857142857,199.58333333333334,163.8402777777778,67.54166666666669,31.798611111111143,0.2637051039697543,0
1.032258064516129,0.45161290322580644,0,4,11,2.5,0.3333333333333333,198.43055555555554,165.85416666666666,102.38888888888887,69.81249999999999,0.2599243856332703,0
0.5161290322580645,0.45161290322580644,0,4,11,7.0,0.6666666666666666,195.51388888888889,166.46527777777774,56.55555555555554,27.5069444444444,0.2561436672967864,0
0.3548387096774194,0.45161290322580644,0,4,11,8.5,1.0,173.24305555555554,168.2847222222222,10.868055555555543,5.9097222222222,0.2533081285444234,0
0.22580645161290322,0.3870967741935484,0,0,11,11.0,1.0,207.01388888888889,184.2986111111111,-2.4652777777777715,-25.18055555555557,0.16824196597353497,0
0.5161290322580645,0.41935483870967744,0,0,11,11.0,1.0,206.85416666666666,195.9375,-0.8125,-11.729166666666657,0.166351606805293,0
0.5483870967741935,0.45161290322580644,0,6,11,2.0,0.3333333333333333,206.0347222222222,195.07638888888889,48.5972222222222,37.638888888888886,0.16351606805293006,0
0.5806451612903226,0.4838709677419355,0,3,11,2.0,0.3333333333333333,206.80555555555554,193.83333333333334,45.451388888888886,32.479166666666686,0.15973534971644612,0
0.41935483870967744,0.4838709677419355,0,0,11,8.0,1.0,207.2986111111111,193.52777777777774,12.548611111111086,-1.222222222222257,0.15784499054820417,0
0.41935483870967744,0.5161290322580645,0,0,11,9.0,1.0,191.52777777777774,196.64583333333334,-5.263888888888914,-0.14583333333331439,0.15595463137996218,0
0.3870967741935484,0.25806451612903225,0,0,11,9.0,1.0,175.4861111111111,202.67361111111111,-20.784722222222257,6.4027777777777715,0.15311909262759923,0
0.3870967741935484,0.25806451612903225,0,0,11,8.0,1.0,171.18055555555554,211.38194444444446,-20.986111111111114,19.2152777777778,0.1502835538752363,0
0.3870967741935484,0.25806451612903225,0,0,11,8.0,1.0,184.2986111111111,220.47916666666666,-8.763888888888914,27.416666666666657,0.14650283553875237,0
0.3870967741935484,0.25806451612903225,0,0,11,7.0,1.0,195.9375,226.75,0.5833333333333428,31.395833333333343,0.14366729678638943,0
0.3548387096774194,0.25806451612903225,0,0,11,7.0,1.0,195.07638888888889,229.5902777777778,-6.444444444444457,28.069444444444457,0.13988657844990549,0
0.2903225806451613,0.22580645161290322,0,0,11,7.0,1.0,193.83333333333334,229.58333333333334,-17.3125,18.4375,0.13516068052930058,0
0.22580645161290322,0.22580645161290322,0,0,11,9.0,1.0,193.52777777777774,229.2986111111111,-27.951388888888914,7.819444444444429,0.1323251417769376,0
0.9354838709677419,0.9354838709677419,0,0,11,8.5,1.0,229.40277777777774,206.4097222222222,11.048611111111086,-11.944444444444457,0.1285444234404537,1
0.45161290322580644,0.2903225806451613,0,0,11,11.0,1.0,234.32638888888889,196.91666666666666,30.40972222222223,-7.0,0.16446124763705103,0
0.5161290322580645,0.2903225806451613,0,0,11,6.0,1.0,233.31944444444443,195.41666666666666,55.611111111111086,17.708333333333314,0.13610586011342155,0
0.41935483870967744,0.2903225806451613,0,0,11,7.0,1.0,231.56944444444443,195.20833333333334,39.06944444444443,2.708333333333343,0.11625708884688091,0
0.3870967741935484,0.2903225806451613,0,0,11,8.0,1.0,222.0486111111111,194.95833333333334,22.81944444444443,-4.270833333333314,0.11625708884688091,0
0.3870967741935484,0.2903225806451613,0,0,11,8.0,1.0,203.60416666666666,197.23611111111111,6.395833333333314,0.027777777777771462,0.11720226843100189,0
0.3870967741935484,0.2903225806451613,0,0,11,9.0,1.0,191.375,203.51388888888889,-2.9375,9.201388888888886,0.11720226843100189,0
0.3870967741935484,0.2903225806451613,0,0,11,9.0,1.0,189.8125,213.30555555555554,-4.916666666666657,18.576388888888886,0.11814744801512288,0
0.3870967741935484,0.2903225806451613,0,0,11,9.0,1.0,196.3125,221.63194444444443,-0.2708333333333428,25.048611111111086,0.11814744801512288,0
0.3870967741935484,0.2903225806451613,0,0,11,8.0,1.0,196.91666666666666,225.49305555555554,3.354166666666657,31.930555555555543,0.11909262759924386,0
0.2903225806451613,0.2903225806451613,0,0,11,7.0,1.0,195.41666666666666,225.69444444444443,-6.145833333333343,24.13194444444443,0.11909262759924386,0
0.25806451612903225,0.2903225806451613,0,0,11,6.0,1.0,195.20833333333334,224.6736111111111,-20.208333333333314,9.256944444444429,0.11909262759924386,0
0.1935483870967742,0.5483870967741935,0,0,11,11.0,1.0,219.6111111111111,157.0277777777778,0.8819444444444287,-61.70138888888886,0.15122873345935728,0
1.032258064516129,0.5483870967741935,0,0,11,11.0,1.0,219.6875,196.91666666666666,14.875,-7.895833333333343,0.15689981096408318,0
1.032258064516129,0.5483870967741935,0,5,11,2.0,0.1,219.86805555555554,211.7013888888889,130.34722222222223,122.18055555555559,0.16162570888468808,0
1.032258064516129,0.5483870967741935,16,5,10,2.0,0.06666666666666667,219.51388888888889,210.97222222222226,126.43055555555556,117.88888888888893,0.16446124763705103,0
0.41935483870967744,0.5483870967741935,0,0,9,6.0,0.5,214.45833333333334,209.9027777777778,49.229166666666686,44.67361111111114,0.16824196597353497,0
0.16129032258064516,0.5161290322580645,0,0,8,8.0,1.0,171.02083333333334,210.2847222222222,-41.75,-2.4861111111111427,0.17296786389413987,0
0.1935483870967742,0.41935483870967744,0,2,5,5.0,1.0,209.95833333333334,160.94444444444446,-0.5833333333333144,-49.5972222222222,0.20793950850661624,0
1.032258064516129,0.8064516129032258,0,2,5,5.0,1.0,210.375,193.25,0.2291666666666572,-16.895833333333343,0.20699432892249528,0
1.032258064516129,0.8064516129032258,0,2,5,2.0,0.09090909090909091,210.99305555555557,196.27083333333334,91.34722222222224,76.62500000000001,0.20793950850661624,0
1.032258064516129,0.8064516129032258,9,1,5,2.0,0.06666666666666667,211.35416666666666,196.19444444444446,113.77083333333333,98.61111111111113,0.20699432892249528,0
0.25806451612903225,0.8064516129032258,0,1,5,5.0,1.0,210.94444444444446,198.0277777777778,23.236111111111114,10.319444444444457,0.20699432892249528,0
0.22580645161290322,0.8064516129032258,0,1,0,0,0,180.11111111111111,201.11805555555554,-17.430555555555543,3.5763888888888857,0.2060491493383743,0
0.3548387096774194,0.9032258064516129,0,0,9,9.0,1.0,210.92361111111111,169.5972222222222,3.2986111111111143,-38.0277777777778,0.20888468809073724,0
1.032258064516129,1.032258064516129,0,0,9,8.0,0.6666666666666666,209.34722222222226,197.20833333333334,18.763888888888914,6.625,0.20699432892249528,0
1.032258064516129,1.032258064516129,0,0,9,2.0,0.14285714285714285,207.90972222222226,196.32638888888889,82.55555555555559,70.97222222222221,0.20321361058601134,0
1.032258064516129,1.032258064516129,0,0,8,2.0,0.1875,206.84722222222226,197.04861111111111,95.09722222222226,85.29861111111111,0.2003780718336484,0
0.2903225806451613,1.032258064516129,1,0,7,7.0,1.0,201.86805555555557,198.36111111111111,1.3055555555555713,-2.2013888888888857,0.19754253308128544,0
0.2903225806451613,1.032258064516129,2,0,8,7.0,1.0,174.52083333333334,200.17361111111111,-21.958333333333314,3.694444444444457,0.1937618147448015,0
0.3548387096774194,0.7096774193548387,0,0,5,5.0,1.0,233.7222222222222,150.42361111111111,2.7013888888888573,-80.59722222222223,0.15973534971644612,0
1.0,1.0,0,0,6,5.5,1.0,233.08333333333334,194.04166666666666,34.625,-4.416666666666686,0.16162570888468808,0
1.0,1.0,0,0,7,2.0,0.13333333333333333,232.67361111111111,197.66666666666666,108.25694444444444,73.24999999999999,0.16540642722117202,0
1.0,1.0,8,0,8,2.0,0.1875,232.15972222222226,198.5902777777778,164.6180555555556,131.04861111111114,0.16729678638941398,0
0.3225806451612903,1.0,0,0,9,6.0,0.75,220.8263888888889,199.99305555555554,33.263888888888914,12.430555555555543,0.17107750472589792,0
0.2903225806451613,1.0,0,0,10,9.0,1.0,184.63194444444446,203.71527777777774,-11.5347222222222,7.548611111111086,0.17485822306238186,0
0.41935483870967744,0.8709677419354839,0,0,11,11.0,1.0,209.86805555555557,174.38888888888889,-2.1944444444444287,-37.673611111111114,0.24007561436672967,0
0.9032258064516129,0.9032258064516129,0,0,11,8.5,0.75,209.8263888888889,173.13888888888889,15.555555555555571,-21.131944444444457,0.24102079395085066,0
0.9354838709677419,0.9354838709677419,0,0,11,1.0,0.3076923076923077,211.4513888888889,169.00694444444443,87.61805555555559,45.1736111111111,0.24102079395085066,0
0.5806451612903226,0.967741935483871,0,0,11,8.0,1.0,212.49305555555557,168.27083333333334,41.326388888888914,-2.8958333333333144,0.24102079395085066,0
0.4838709677419355,0.967741935483871,0,0,11,9.0,1.0,206.8263888888889,170.20833333333334,27.74305555555557,-8.875,0.24102079395085066,0
0.4838709677419355,0.25806451612903225,0,0,11,9.0,1.0,176.72222222222226,174.55555555555554,3.8055555555555998,1.6388888888888857,0.24102079395085066,0
0.5161290322580645,0.25806451612903225,0,0,11,10.0,1.0,163.0902777777778,182.49305555555554,-4.326388888888857,15.076388888888886,0.24007561436672967,0
0.5161290322580645,0.25806451612903225,0,0,11,9.5,1.0,158.02777777777777,192.97916666666666,-8.659722222222229,26.291666666666657,0.24007561436672967,0
0.5161290322580645,0.25806451612903225,0,0,11,9.0,1.0,174.38888888888889,202.7777777777778,3.680555555555543,32.06944444444446,0.24102079395085066,0
0.45161290322580644,0.25806451612903225,0,0,11,8.0,1.0,173.13888888888889,208.04166666666666,-0.09027777777777146,34.8125,0.24102079395085066,0
0.41935483870967744,0.22580645161290322,0,0,11,7.0,1.0,169.00694444444443,210.2777777777778,-10.722222222222229,30.548611111111143,0.24102079395085066,0
0.3548387096774194,0.22580645161290322,0,0,11,8.5,1.0,168.27083333333334,212.29166666666666,-26.25,17.770833333333314,0.24102079395085066,0
0.9354838709677419,1.032258064516129,0,0,11,11.0,1.0,212.0,165.10416666666666,1.125,-45.77083333333334,0.2627599243856333,0
1.032258064516129,1.032258064516129,0,0,11,11.0,0.6,211.80555555555554,174.0277777777778,58.05555555555554,20.2777777777778,0.2655954631379962,0
1.032258064516129,1.032258064516129,0,0,11,1.0,0.3125,211.79166666666666,171.73611111111111,114.29166666666666,74.23611111111111,0.2674858223062382,0
0.8387096774193549,1.032258064516129,0,0,11,9.0,0.8333333333333334,211.5277777777778,171.93055555555557,66.9652777777778,27.36805555555557,0.26937618147448017,0
0.3225806451612903,1.032258064516129,2,0,11,11.0,1.0,192.0902777777778,174.0277777777778,14.5902777777778,-3.4722222222222,0.2712665406427221,0
0.6774193548387096,0.22580645161290322,0,0,11,11.0,1.0,212.7152777777778,181.6388888888889,17.006944444444457,-14.069444444444429,0.29300567107750475,0
0.6774193548387096,0.22580645161290322,0,0,11,6.0,0.7142857142857143,212.6875,162.95833333333334,50.95833333333334,1.2291666666666856,0.28733459357277885,0
0.6774193548387096,0.22580645161290322,0,0,11,6.0,0.7142857142857143,212.75694444444443,156.5902777777778,65.84027777777777,9.673611111111143,0.28166351606805295,0
0.41935483870967744,0.22580645161290322,0,0,11,11.0,1.0,207.13888888888889,167.07638888888889,18.305555555555543,-21.756944444444457,0.277882797731569,0
0.6129032258064516,0.6129032258064516,0,0,11,11.0,1.0,190.20138888888889,177.95833333333334,0.7638888888888857,-11.479166666666657,0.27599243856332706,0
0.7419354838709677,0.6129032258064516,0,0,11,8.5,0.8333333333333334,168.11805555555554,165.55555555555554,1.4722222222222001,-1.0902777777777999,0.277882797731569,0
0.7419354838709677,0.6129032258064516,0,0,11,3.0,0.45454545454545453,165.82638888888889,165.9722222222222,33.03472222222223,33.18055555555554,0.27882797731569,0
0.7419354838709677,0.6129032258064516,0,0,11,9.0,0.6,175.0625,176.71527777777774,4.729166666666657,6.3819444444444,0.27882797731569,0
0.7096774193548387,0.9354838709677419,0,0,11,11.0,1.0,181.6388888888889,198.99305555555554,-16.465277777777743,0.8888888888888857,0.27504725897920607,0
0.8064516129032258,0.8709677419354839,0,0,11,6.0,0.625,162.95833333333334,198.5277777777778,-2.479166666666657,33.0902777777778,0.2712665406427221,0
0.8387096774193549,0.8387096774193549,0,0,11,2.0,0.4166666666666667,156.5902777777778,198.5138888888889,23.4652777777778,65.38888888888891,0.2665406427221172,0
0.3548387096774194,0.8387096774193549,0,0,11,8.0,1.0,167.07638888888889,199.0763888888889,-32.27777777777777,-0.27777777777774304,0.2627599243856333,0
0.3548387096774194,0.8387096774193549,0,0,11,9.0,1.0,177.95833333333334,202.0625,-19.708333333333314,4.395833333333343,0.2589792060491493,0
0.3548387096774194,0.25806451612903225,0,0,11,10.0,1.0,165.55555555555554,206.64583333333334,-34.4027777777778,6.6875,0.2448015122873346,0
0.3548387096774194,0.25806451612903225,0,0,11,10.0,1.0,165.9722222222222,215.74305555555554,-31.986111111111143,17.7847222222222,0.23062381852551986,0
0.3225806451612903,0.25806451612903225,0,0,11,9.0,1.0,176.71527777777774,224.60416666666666,-20.909722222222257,26.979166666666657,0.222117202268431,0
0.3225806451612903,0.25806451612903225,0,0,11,8.0,1.0,198.99305555555554,232.48611111111111,-2.6527777777778,30.84027777777777,0.21550094517958412,0
0.3225806451612903,0.25806451612903225,0,0,11,9.0,1.0,198.5277777777778,233.67361111111111,-8.388888888888857,26.756944444444457,0.20699432892249528,0
0.2903225806451613,0.25806451612903225,0,0,11,8.5,1.0,198.5138888888889,232.86805555555557,-12.861111111111086,21.49305555555557,0.18714555765595464,0
0.7096774193548387,0.9354838709677419,0,0,11,9.5,1.0,233.56944444444446,177.63194444444443,1.1111111111111143,-54.826388888888914,0.14650283553875237,1
0.1935483870967742,0.8387096774193549,0,0,11,11.0,1.0,234.14583333333334,160.9236111111111,-1.8958333333333144,-75.11805555555557,0.2608695652173913,0
0.8709677419354839,0.8709677419354839,0,0,11,8.5,1.0,235.3125,164.60416666666666,8.083333333333343,-62.625,0.24196597353497165,0
0.9032258064516129,0.9032258064516129,0,0,11,2.0,0.3076923076923077,236.38194444444446,160.20138888888889,108.36111111111111,32.18055555555554,0.222117202268431,0
0.8709677419354839,0.9032258064516129,0,0,11,6.0,0.5555555555555556,236.61805555555554,157.38194444444446,89.57638888888889,10.3402777777778,0.22684310018903592,0
0.5806451612903226,0.9354838709677419,0,0,11,8.0,0.8333333333333334,233.52083333333334,161.45833333333334,65.08333333333334,-6.979166666666657,0.23062381852551986,0
0.5161290322580645,0.2903225806451613,0,0,11,9.0,1.0,197.0972222222222,168.79166666666666,29.805555555555543,1.5,0.23534971644612476,0
0.5161290322580645,0.25806451612903225,0,0,11,9.5,1.0,167.43055555555554,178.29166666666666,9.3472222222222,20.208333333333314,0.24007561436672967,0
0.5161290322580645,0.25806451612903225,0,0,11,10.0,1.0,147.83333333333334,187.23611111111111,-7.395833333333314,32.00694444444446,0.2448015122873346,0
0.5161290322580645,0.25806451612903225,0,0,11,10.0,1.0,160.9236111111111,195.6388888888889,2.090277777777743,36.80555555555557,0.2504725897920605,0
0.4838709677419355,0.25806451612903225,0,0,11,9.5,1.0,164.60416666666666,200.9027777777778,-5.708333333333343,30.5902777777778,0.2561436672967864,0
0.4838709677419355,0.25806451612903225,0,0,11,11.0,1.0,160.20138888888889,203.19444444444446,-17.02777777777777,25.9652777777778,0.2618147448015123,0
0.41935483870967744,0.22580645161290322,0,0,11,11.0,1.0,157.38194444444446,203.85416666666666,-29.951388888888886,16.520833333333314,0.2684310018903592,0
1.032258064516129,1.032258064516129,0,0,11,11.0,1.0,205.54166666666666,164.19444444444446,-0.0625,-41.4097222222222,0.2589792060491493,0
1.032258064516129,1.032258064516129,0,0,11,6.5,0.5,204.35416666666666,188.10416666666666,71.70833333333331,55.458333333333314,0.2589792060491493,0
1.032258064516129,1.032258064516129,8,0,11,1.0,0.1875,204.0763888888889,188.7222222222222,141.0763888888889,125.7222222222222,0.2580340264650284,0
1.032258064516129,1.032258064516129,0,0,11,11.0,1.0,204.5277777777778,189.77083333333334,88.17361111111113,73.41666666666667,0.2580340264650284,0
0.25806451612903225,1.032258064516129,0,0,11,11.0,1.0,180.98611111111111,192.27777777777774,-6.763888888888886,4.527777777777743,0.2580340264650284,0
0.2903225806451613,0.7419354838709677,0,0,11,11.0,1.0,205.70138888888889,141.0625,-0.9652777777777715,-65.60416666666666,0.30245746691871456,0
1.032258064516129,1.032258064516129,0,0,11,11.0,1.0,204.57638888888889,164.86111111111111,20.701388888888886,-19.013888888888886,0.30434782608695654,0
1.032258064516129,1.032258064516129,0,0,11,2.0,0.23076923076923078,204.24305555555554,165.22222222222226,87.24305555555554,48.22222222222226,0.30340264650283555,0
1.032258064516129,1.032258064516129,0,0,11,2.0,0.3125,204.58333333333334,164.17361111111111,111.20833333333334,70.79861111111111,0.30151228733459357,0
0.3548387096774194,1.032258064516129,1,0,11,7.0,1.0,198.44444444444443,164.33333333333334,35.94444444444443,1.8333333333333428,0.3005671077504726,0
0.3225806451612903,1.032258064516129,2,0,11,8.0,1.0,169.18055555555554,166.8611111111111,1.868055555555543,-0.45138888888891415,0.2996219281663516,0
0.2903225806451613,0.5161290322580645,0,0,11,11.0,1.0,201.86111111111111,155.3611111111111,-2.7847222222222285,-49.28472222222226,0.3166351606805293,0
0.7096774193548387,0.5483870967741935,0,0,11,11.0,1.0,206.2638888888889,170.99305555555554,20.597222222222257,-14.673611111111114,0.31568998109640833,0
0.7096774193548387,0.5483870967741935,0,0,11,2.0,0.3333333333333333,205.95833333333334,160.10416666666666,63.916666666666686,18.0625,0.31285444234404536,0
0.7096774193548387,0.5483870967741935,0,0,11,2.0,0.3,205.31944444444446,152.9375,90.00694444444446,37.625,0.31096408317580343,0
0.3870967741935484,0.5483870967741935,0,0,11,11.0,1.0,198.5972222222222,159.8611111111111,26.618055555555543,-12.118055555555571,0.30907372400756145,0
0.5483870967741935,0.6129032258064516,0,0,11,8.5,1.0,177.45138888888889,160.02777777777777,-1.3402777777777715,-18.763888888888886,0.30623818525519847,0
0.7741935483870968,0.3225806451612903,0,0,11,6.0,0.8,147.6736111111111,160.52777777777774,-14.534722222222257,-1.6805555555555998,0.3052930056710775,0
0.7741935483870968,0.3225806451612903,0,0,11,3.5,0.5,143.1111111111111,157.19444444444443,3.798611111111086,17.88194444444443,0.3052930056710775,0
0.7741935483870968,0.3870967741935484,0,0,11,4.0,0.5714285714285714,155.36111111111111,167.875,-1.930555555555543,10.583333333333343,0.3052930056710775,0
0.7741935483870968,0.5161290322580645,0,0,11,8.0,1.0,170.99305555555554,172.24305555555554,-11.986111111111114,-10.736111111111114,0.30245746691871456,0
0.8387096774193549,0.45161290322580644,0,0,11,3.5,0.5,160.10416666666666,173.4652777777778,20.291666666666657,33.6527777777778,0.29678638941398866,0
0.8387096774193549,0.3870967741935484,0,0,11,7.0,1.0,152.9375,177.75,-5.854166666666657,18.958333333333343,0.29206049149338376,0
0.3548387096774194,0.3870967741935484,0,0,11,8.0,1.0,159.86111111111111,184.3888888888889,-13.118055555555543,11.409722222222257,0.2882797731568998,0
0.3548387096774194,0.25806451612903225,0,0,11,9.0,1.0,160.02777777777774,190.09722222222226,-11.826388888888914,18.2430555555556,0.2835538752362949,0
0.3548387096774194,0.25806451612903225,0,0,11,9.0,1.0,160.52777777777774,197.41666666666666,-11.3680555555556,25.520833333333314,0.2646502835538752,0
0.3548387096774194,0.25806451612903225,0,0,11,9.0,1.0,157.19444444444443,208.125,-19.451388888888914,31.479166666666657,0.2448015122873346,0
0.3548387096774194,0.25806451612903225,0,0,11,9.0,1.0,167.875,219.65277777777774,-16.833333333333343,34.9444444444444,0.23724007561436672,0
0.3548387096774194,0.25806451612903225,0,0,11,8.0,1.0,172.24305555555554,226.0347222222222,-19.569444444444457,34.2222222222222,0.22967863894139887,0
0.3548387096774194,0.25806451612903225,0,0,11,7.0,1.0,173.4652777777778,226.34027777777774,-20.305555555555543,32.5694444444444,0.22117202268431002,0
0.2903225806451613,0.25806451612903225,0,0,11,6.0,1.0,177.75,225.6111111111111,-28.916666666666657,18.94444444444443,0.20226843100189035,0
0.16129032258064516,0.25806451612903225,0,0,11,11.0,1.0,184.3888888888889,225.32638888888889,-39.548611111111086,1.3888888888888857,0.19092627599243855,0
0.3548387096774194,0.22580645161290322,0,0,11,6.0,0.6666666666666666,226.24305555555554,191.2638888888889,14.368055555555543,-20.611111111111086,0.16257088846880907,0
0.3548387096774194,0.22580645161290322,0,0,11,7.0,1.0,225.45138888888889,190.50694444444446,27.118055555555543,-7.826388888888886,0.16162570888468808,0
0.41935483870967744,0.25806451612903225,0,0,11,8.0,1.0,223.65277777777774,189.23611111111111,28.840277777777743,-5.576388888888886,0.15973534971644612,0
0.41935483870967744,0.25806451612903225,0,0,11,9.0,1.0,219.1111111111111,180.55555555555554,26.340277777777743,-12.2152777777778,0.15973534971644612,0
0.41935483870967744,0.25806451612903225,0,0,11,9.0,1.0,210.39583333333334,178.56944444444443,19.458333333333343,-12.368055555555571,0.15879017013232513,0
0.41935483870967744,0.25806451612903225,0,0,11,9.0,1.0,201.67361111111111,189.0625,11.590277777777771,-1.0208333333333428,0.15689981096408318,0
0.41935483870967744,0.3225806451612903,0,0,11,8.5,1.0,195.30555555555557,210.4097222222222,4.805555555555571,19.9097222222222,0.15500945179584122,0
0.4838709677419355,0.3225806451612903,0,0,11,7.5,1.0,192.8402777777778,224.9375,5.7152777777778,37.8125,0.15311909262759923,0
0.45161290322580644,0.3225806451612903,13,0,11,6.0,0.8,191.2638888888889,228.18055555555557,27.222222222222257,64.13888888888891,0.15122873345935728,0
0.3870967741935484,0.2903225806451613,14,0,11,6.0,0.75,190.50694444444446,228.03472222222226,5.9652777777778,43.4930555555556,0.1502835538752363,0
0.1935483870967742,0.2903225806451613,0,0,11,11.0,1.0,189.23611111111111,227.70833333333334,-29.368055555555543,9.104166666666686,0.14839319470699433,0
0.16129032258064516,0.22580645161290322,0,0,11,11.0,1.0,180.55555555555554,226.52083333333334,-47.5277777777778,-1.5625,0.14555765595463138,0
0.3225806451612903,0.22580645161290322,0,0,11,11.0,1.0,227.9027777777778,191.42361111111111,2.2152777777778,-34.263888888888886,0.15595463137996218,0
0.3548387096774194,0.22580645161290322,0,0,10,6.0,1.0,227.5902777777778,189.11805555555554,19.069444444444457,-19.4027777777778,0.15500945179584122,0
0.3870967741935484,0.2903225806451613,0,0,9,7.0,1.0,227.7152777777778,188.7222222222222,28.694444444444457,-10.298611111111143,0.15311909262759923,0
0.3870967741935484,0.2903225806451613,0,0,8,8.0,1.0,227.17361111111111,189.2847222222222,33.52777777777777,-4.361111111111143,0.15122873345935728,0
0.3870967741935484,0.2903225806451613,0,0,9,8.0,1.0,220.7777777777778,174.30555555555554,29.3402777777778,-17.131944444444457,0.14933837429111532,0
0.41935483870967744,0.2903225806451613,0,0,10,8.0,1.0,211.0763888888889,154.76388888888889,21.888888888888914,-34.423611111111114,0.14839319470699433,0
0.41935483870967744,0.2903225806451613,0,0,10,8.5,1.0,200.39583333333334,153.02083333333334,13.666666666666686,-33.708333333333314,0.14744801512287334,0
0.41935483870967744,0.45161290322580644,0,0,9,7.0,0.8,194.7013888888889,181.29861111111111,4.451388888888914,-8.951388888888886,0.14839319470699433,0
0.8064516129032258,0.7096774193548387,0,0,8,7.5,1.0,191.42361111111111,213.19444444444446,0.5486111111111143,22.319444444444457,0.14933837429111532,0
0.7419354838709677,0.7096774193548387,0,0,7,2.0,0.4444444444444444,189.11805555555554,228.17361111111111,47.326388888888886,86.38194444444446,0.14933837429111532,0
0.7096774193548387,0.7096774193548387,13,0,6,2.0,0.4,188.7222222222222,227.7152777777778,57.0972222222222,96.0902777777778,0.1502835538752363,0
0.5806451612903226,0.6451612903225806,0,0,5,5.0,1.0,189.2847222222222,227.8263888888889,3.6388888888888573,42.18055555555557,0.15122873345935728,0
0.22580645161290322,0.6129032258064516,0,0,5,5.0,1.0,174.30555555555554,226.5,-52.31944444444446,-0.125,0.15122873345935728,0
0.41935483870967744,0.22580645161290322,0,0,7,6.0,0.6666666666666666,219.19444444444443,180.59722222222226,9.361111111111086,-29.236111111111086,0.15311909262759923,0
0.5161290322580645,0.25806451612903225,0,0,8,7.0,0.6666666666666666,220.4722222222222,183.49305555555557,27.0347222222222,-9.944444444444429,0.15311909262759923,0
0.5483870967741935,0.2903225806451613,0,0,9,6.0,0.6,221.51388888888889,188.78472222222226,37.201388888888886,4.472222222222257,0.15311909262759923,0
0.5483870967741935,0.2903225806451613,0,0,10,8.0,0.75,218.23611111111111,182.79861111111111,37.27777777777777,1.8402777777777715,0.15406427221172023,0
0.5161290322580645,0.2903225806451613,0,0,11,7.0,0.6666666666666666,208.85416666666666,177.0277777777778,31.020833333333314,-0.8055555555555429,0.15500945179584122,0
0.45161290322580644,0.2903225806451613,0,0,11,8.0,0.8,195.86111111111111,181.54166666666666,12.861111111111114,-1.4583333333333428,0.15406427221172023,0
0.41935483870967744,0.3548387096774194,0,0,10,8.0,1.0,186.23611111111111,201.83333333333334,-3.4097222222222285,12.1875,0.15311909262759923,0
0.45161290322580644,0.3225806451612903,0,0,9,7.5,1.0,181.03472222222226,220.00694444444443,-12.673611111111086,26.298611111111086,0.15217391304347827,0
0.41935483870967744,0.3225806451612903,13,0,8,6.0,0.8,180.59722222222226,227.00694444444443,15.5555555555556,61.96527777777777,0.1502835538752363,0
0.3870967741935484,0.3225806451612903,14,0,7,6.0,0.75,183.49305555555557,227.22916666666666,11.159722222222229,54.895833333333314,0.14839319470699433,0
0.25806451612903225,0.2903225806451613,0,0,6,6.0,1.0,188.78472222222226,227.25694444444446,-18.465277777777743,20.006944444444457,0.14744801512287334,0
0.1935483870967742,0.25806451612903225,0,0,0,0,0,182.79861111111111,226.75,-43.11805555555554,0.8333333333333428,0.14555765595463138,0
0.2903225806451613,0.22580645161290322,0,0,0,0,0,226.13194444444446,197.73611111111111,-1.8888888888888857,-30.28472222222223,0.14650283553875237,0
0.3225806451612903,0.2903225806451613,0,0,6,6.0,1.0,226.99305555555557,196.85416666666666,9.305555555555571,-20.833333333333343,0.14744801512287334,0
0.3548387096774194,0.2903225806451613,0,0,7,7.0,1.0,227.6388888888889,196.8402777777778,23.159722222222257,-7.638888888888857,0.14839319470699433,0
0.3548387096774194,0.2903225806451613,0,0,8,7.5,1.0,227.65972222222226,197.38888888888889,28.888888888888914,-1.381944444444457,0.14839319470699433,0
0.3870967741935484,0.2903225806451613,0,0,9,8.0,1.0,224.61805555555557,177.63888888888889,25.513888888888914,-21.46527777777777,0.14839319470699433,0
0.3870967741935484,0.2903225806451613,0,0,9,8.5,1.0,216.72916666666666,143.58333333333331,21.395833333333314,-51.75000000000003,0.14839319470699433,0
0.3870967741935484,0.2903225806451613,0,0,9,8.5,1.0,206.97916666666666,137.56944444444443,10.854166666666657,-58.55555555555557,0.14839319470699433,0
0.3870967741935484,0.3225806451612903,0,0,9,8.0,1.0,200.7847222222222,168.52083333333334,1.7222222222222001,-30.541666666666657,0.14839319470699433,0
0.967741935483871,0.967741935483871,0,0,8,7.5,1.0,197.73611111111111,213.0972222222222,0.7569444444444571,16.118055555555543,0.14933837429111532,0
0.967741935483871,0.967741935483871,0,0,7,6.0,0.5714285714285714,196.85416666666666,230.79166666666666,59.97916666666666,93.91666666666666,0.1502835538752363,0
0.9354838709677419,0.967741935483871,13,0,7,1.0,0.23076923076923078,196.8402777777778,231.67361111111111,99.94444444444447,134.77777777777777,0.15122873345935728,0
0.6129032258064516,0.9032258064516129,0,0,8,5.5,0.5,197.38888888888889,231.4375,18.451388888888886,52.5,0.15217391304347827,0
0.16129032258064516,0.8387096774193549,0,0,9,9.0,1.0,177.63888888888889,230.25,-52.09027777777777,0.5208333333333428,0.15311909262759923,0
0.967741935483871,0.967741935483871,0,0,9,9.0,1.0,227.84722222222226,184.15277777777774,1.6388888888889142,-42.0555555555556,0.10207939508506617,1
0.36666666666666664,0.2,0,0,11,8.5,1.0,228.76595744680853,178.17021276595747,16.595744680851084,-33.99999999999997,0.13816425120772946,1
0.3333333333333333,0.2,0,0,11,6.0,1.0,227.3404255319149,181.80851063829786,39.95744680851064,-5.574468085106389,0.1565217391304348,0
0.4,0.2,2,0,11,6.0,1.0,223.77304964539007,189.54609929078015,46.70921985815602,12.482269503546092,0.17391304347826086,0
0.43333333333333335,0.2,2,0,10,6.0,1.0,218.1631205673759,196.73758865248226,40.50354609929079,19.078014184397148,0.18937198067632852,0
0.4666666666666667,0.2,2,0,9,6.0,1.0,205.709219858156,199.00709219858155,28.262411347517684,21.56028368794324,0.20193236714975846,0
0.43333333333333335,0.2,2,0,9,6.0,1.0,192.20567375886526,196.33333333333334,12.801418439716315,16.929078014184398,0.20966183574879227,0
0.43333333333333335,0.2,0,0,10,6.0,1.0,180.70212765957447,187.43971631205673,-7.872340425531917,-1.1347517730496577,0.21642512077294687,0
0.4,0.26666666666666666,0,0,11,5.5,1.0,177.39007092198585,174.70921985815605,-23.26950354609926,-25.950354609929065,0.22318840579710145,0
0.43333333333333335,0.3,0,0,11,5.0,1.0,178.17021276595744,161.88652482269504,-22.80851063829786,-39.09219858156027,0.22995169082125605,0
0.43333333333333335,0.36666666666666664,2,0,11,5.0,1.0,181.8085106382979,158.21985815602838,-13.57446808510636,-37.16312056737587,0.23091787439613526,0
0.5333333333333333,0.5333333333333333,2,0,11,8.0,1.0,189.54609929078015,164.85106382978725,-3.092198581560268,-27.787234042553166,0.23091787439613526,0
0.5666666666666667,0.5,2,0,11,5.0,1.0,196.7375886524823,181.40425531914892,22.43971631205676,7.1063829787233885,0.22995169082125605,0
0.5333333333333333,0.4666666666666667,2,0,11,5.0,1.0,199.00709219858155,194.56737588652481,41.81560283687941,37.375886524822675,0.22705314009661837,0
0.5,0.4666666666666667,2,0,11,5.0,1.0,196.33333333333334,199.7517730496454,42.1631205673759,45.58156028368796,0.21835748792270532,0
0.4666666666666667,0.43333333333333335,0,0,11,5.0,1.0,187.43971631205673,198.26241134751774,24.141843971631204,34.96453900709221,0.20579710144927535,0
0.4666666666666667,0.4,0,0,11,5.0,1.0,174.70921985815605,202.77304964539007,-2.3758865248226755,25.687943262411352,0.19903381642512077,0
0.4,0.36666666666666664,0,0,11,5.0,1.0,161.88652482269504,214.31205673758868,-41.94326241134752,10.48226950354612,0.20966183574879227,0
0.36666666666666664,0.3,0,0,11,3.0,0.3333333333333333,158.21985815602838,223.14184397163118,-44.567375886524815,20.35460992907798,0.2106280193236715,0
0.36666666666666664,0.26666666666666666,0,0,10,3.0,0.3333333333333333,164.85106382978722,226.02127659574467,-27.787234042553195,33.38297872340425,0.20772946859903382,0
0.7333333333333333,0.7333333333333333,0,0,0,0,0,223.14184397163118,189.39716312056737,-6.794326241134769,-40.539007092198574,0.20676328502415459,0
0.8,0.7333333333333333,0,0,6,5.0,0.6666666666666666,226.02127659574467,196.2127659574468,36.14893617021275,6.340425531914889,0.19710144927536233,0
0.8,0.7333333333333333,0,0,7,2.0,0.25,226.32624113475177,192.45390070921985,69.41134751773049,35.539007092198574,0.19130434782608696,0
0.8,0.7333333333333333,0,0,8,4.0,0.5,227.68794326241132,193.88652482269504,57.64539007092196,23.843971631205676,0.19420289855072465,0
0.4666666666666667,0.7333333333333333,0,0,9,5.0,0.6,215.99290780141845,188.6595744680851,14.141843971631232,-13.19148936170211,0.1932367149758454,0
0.4666666666666667,0.36666666666666664,0,0,9,6.0,0.75,192.24113475177305,179.38297872340422,-4.0567375886524815,-16.914893617021306,0.19130434782608696,0
0.43333333333333335,0.3333333333333333,0,0,9,5.5,0.75,172.27659574468086,174.26950354609926,-18.212765957446805,-16.21985815602841,0.19710144927536233,0
0.43333333333333335,0.3,0,0,8,6.5,1.0,176.26950354609926,187.48936170212767,-14.30496453900713,-3.085106382978722,0.21256038647342995,0
0.6,0.4,0,0,7,6.0,1.0,189.39716312056737,202.56028368794327,-11.198581560283685,1.9645390070922133,0.21739130434782608,0
0.5666666666666667,0.4,0,0,8,6.5,1.0,196.2127659574468,204.32624113475177,21.404255319148945,29.517730496453908,0.221256038647343,0
0.5,0.4,5,0,9,1.5,0.3333333333333333,192.45390070921985,199.01418439716312,29.70921985815602,36.26950354609929,0.22995169082125605,0
0.5,0.4,0,0,10,9.0,0.6666666666666666,193.88652482269504,198.56028368794327,8.63120567375887,13.304964539007102,0.23864734299516907,0
0.3333333333333333,0.4,0,0,11,10.5,1.0,188.6595744680851,192.02836879432627,-25.80851063829786,-22.439716312056703,0.24541062801932367,0
0.43333333333333335,0.3333333333333333,0,0,11,10.0,0.6666666666666666,179.38297872340422,180.30496453900707,-28.574468085106417,-27.652482269503565,0.2463768115942029,0
0.43333333333333335,0.3333333333333333,0,0,11,4.0,0.6,174.2695035460993,177.5035460992908,-16.283687943262407,-13.049645390070907,0.22801932367149758,0
0.36666666666666664,0.3333333333333333,0,0,11,6.0,0.75,187.48936170212764,190.19148936170214,-11.04255319148939,-8.340425531914889,0.21835748792270532,0
0.8333333333333334,0.4,0,0,11,7.0,1.0,202.56028368794327,200.1631205673759,-4.035460992907787,-6.432624113475157,0.2135265700483092,0
0.8333333333333334,0.36666666666666664,0,0,11,5.0,0.7142857142857143,204.32624113475177,196.09929078014184,33.36879432624113,25.141843971631204,0.20579710144927535,0
0.7666666666666667,0.36666666666666664,0,0,11,2.0,0.3333333333333333,199.01418439716312,191.62411347517732,35.65248226950354,28.26241134751774,0.19903381642512077,0
0.5333333333333333,0.36666666666666664,0,0,11,6.5,0.75,198.56028368794327,195.27659574468086,0.3687943262411295,-2.914893617021278,0.19227053140096617,0
0.4666666666666667,0.36666666666666664,0,0,11,9.0,1.0,192.0283687943262,204.9716312056738,-16.992907801418482,-4.049645390070907,0.1855072463768116,0
0.4666666666666667,0.36666666666666664,0,0,11,4.5,0.6666666666666666,180.3049645390071,214.48226950354612,-12.97163120567376,21.20567375886526,0.1748792270531401,0
0.4666666666666667,0.3333333333333333,0,0,11,4.0,0.6,177.5035460992908,221.82269503546095,-8.496453900709213,35.82269503546095,0.15845410628019324,0
0.36666666666666664,0.3333333333333333,0,0,11,6.5,0.75,190.19148936170214,225.59574468085103,-5.404255319148916,29.99999999999997,0.15458937198067632,0
0.3333333333333333,0.26666666666666666,0,0,11,8.0,1.0,200.1631205673759,226.645390070922,-4.070921985815602,22.41134751773049,0.1681159420289855,0
0.26666666666666666,0.2,0,0,10,8.5,1.0,196.09929078014184,227.59574468085108,-18.98581560283688,12.510638297872362,0.17004830917874397,0
0.5,0.36666666666666664,0,0,7,7.0,1.0,227.59574468085108,189.21985815602838,4.127659574468112,-34.24822695035459,0.14879227053140096,0
0.5333333333333333,0.36666666666666664,0,0,8,8.0,1.0,228.5886524822695,188.86524822695037,36.418439716312065,-3.3049645390070737,0.1468599033816425,0
0.5333333333333333,0.36666666666666664,0,6,9,1.0,0.2857142857142857,228.7304964539007,184.67375886524823,91.83687943262413,47.78014184397165,0.1468599033816425,0
0.5333333333333333,0.36666666666666664,0,0,10,6.0,0.6666666666666666,226.85106382978722,189.3758865248227,52.170212765957444,14.695035460992926,0.14879227053140096,0
0.3333333333333333,0.36666666666666664,0,0,11,6.0,0.6666666666666666,214.4468085106383,204.38297872340425,18.595744680851084,8.531914893617028,0.1536231884057971,0
0.3333333333333333,1.0333333333333334,0,0,11,11.0,1.0,226.1560283687943,170.60992907801418,1.0921985815602397,-54.45390070921988,0.1671497584541063,0
1.0333333333333334,1.0333333333333334,0,0,11,11.0,1.0,226.32624113475177,216.63829787234044,35.09219858156027,25.404255319148945,0.1681159420289855,0
1.0333333333333334,1.0333333333333334,10,11,11,2.0,0.1875,227.3049645390071,227.0354609929078,163.02836879432624,162.75886524822693,0.17101449275362318,0
1.0333333333333334,1.0333333333333334,14,11,11,2.0,0.1875,227.1843971631206,225.99290780141845,137.26950354609932,136.07801418439718,0.1748792270531401,0
0.26666666666666666,1.0333333333333334,2,0,11,11.0,0.75,215.11347517730496,224.59574468085108,20.79432624113474,30.27659574468086,0.178743961352657,0
0.2,1.0333333333333334,0,0,11,11.0,1.0,160.19148936170214,223.36170212765956,-67.40425531914892,-4.2340425531915,0.18454106280193236,0
1.0333333333333334,1.0333333333333334,2,5,11,11.0,1.0,203.37588652482268,166.51063829787233,26.184397163120536,-10.680851063829806,0.29082125603864734,0
1.0333333333333334,1.0333333333333334,2,5,11,2.0,0.3333333333333333,201.58156028368793,173.91489361702125,95.09219858156028,67.4255319148936,0.2975845410628019,0
1.0333333333333334,1.0333333333333334,6,5,11,2.0,0.1875,198.61702127659575,174.59574468085108,168.4468085106383,144.42553191489364,0.30241545893719807,0
0.3333333333333333,1.0333333333333334,7,4,11,11.0,0.75,190.51773049645388,174.76595744680853,38.730496453900685,22.978723404255334,0.3072463768115942,0
0.23333333333333334,1.0333333333333334,8,4,11,11.0,1.0,159.8368794326241,176.43262411347519,-12.290780141843982,4.304964539007102,0.3101449275362319,0
0.3,1.0333333333333334,2,0,11,9.0,1.0,196.1631205673759,171.5035460992908,-1.6028368794326013,-26.262411347517713,0.3072463768115942,0
1.0333333333333334,1.0333333333333334,0,0,11,8.0,1.0,196.99290780141845,184.51063829787233,12.099290780141871,-0.3829787234042499,0.30241545893719807,0
1.0333333333333334,1.0333333333333334,0,0,11,1.5,0.4375,197.60283687943263,187.41134751773052,92.70921985815603,82.51773049645392,0.2966183574879227,0
0.6666666666666666,1.0333333333333334,0,0,11,7.0,0.875,197.53191489361703,187.5035460992908,49.2340425531915,39.20567375886526,0.2927536231884058,0
0.3,1.0333333333333334,2,0,11,11.0,1.0,193.23404255319147,187.68085106382978,14.340425531914889,8.787234042553195,0.28888888888888886,0
0.3,0.2,2,0,11,11.0,1.0,162.51773049645388,188.84397163120568,-24.801418439716343,1.5248226950354535,0.28405797101449276,0
0.2,1.0333333333333334,2,0,11,11.0,1.0,221.32624113475177,134.56028368794327,-3.0992907801418426,-89.86524822695034,0.2763285024154589,0
1.0333333333333334,1.0333333333333334,2,0,11,11.0,1.0,221.6950354609929,168.14893617021275,0.3333333333333144,-53.212765957446834,0.2821256038647343,0
1.0333333333333334,1.0333333333333334,5,0,11,2.0,0.25,222.88652482269504,179.93617021276592,150.2482269503546,107.29787234042549,0.28792270531400965,0
1.0333333333333334,1.0333333333333334,7,0,11,2.0,0.25,223.95744680851064,179.36879432624116,143.14893617021278,98.56028368794328,0.2927536231884058,0
0.5,1.0333333333333334,8,0,11,8.0,0.8,223.52482269503548,178.10638297872342,80.46099290780143,35.04255319148936,0.2975845410628019,0
0.3,1.0333333333333334,9,0,11,11.0,1.0,172.80851063829786,179.06382978723403,-7.0,-0.7446808510638334,0.30144927536231886,0
0.6,0.43333333333333335,2,1,11,11.0,0.75,196.2482269503546,154.80851063829786,1.8865248226950087,-39.55319148936172,0.3826086956521739,0
0.6,0.4666666666666667,2,1,11,11.0,1.0,195.68794326241132,160.95744680851064,30.113475177304935,-4.61702127659575,0.3855072463768116,0
0.5666666666666667,0.4666666666666667,3,1,11,6.0,0.5555555555555556,194.65248226950357,145.33333333333334,65.3971631205674,16.078014184397176,0.3884057971014493,0
0.6,0.4666666666666667,3,1,11,4.5,0.5,194.00709219858155,137.5035460992908,66.2836879432624,9.780141843971634,0.3932367149758454,0
0.4666666666666667,0.4666666666666667,2,1,11,7.0,0.7142857142857143,184.46099290780145,130.53900709219857,16.67375886524826,-37.24822695035462,0.39806763285024155,0
0.7,0.6666666666666666,2,1,11,9.0,1.0,163.06382978723403,127.38297872340424,-5.85106382978725,-41.53191489361704,0.4028985507246377,0
0.7333333333333333,0.6333333333333333,2,1,11,7.5,0.6666666666666666,140.85106382978725,133.6595744680851,-5.319148936170194,-12.510638297872333,0.4067632850241546,0
0.7666666666666667,1.0,2,1,11,4.0,0.7,141.5886524822695,143.90070921985816,20.67375886524823,22.98581560283688,0.4096618357487923,0
1.0,1.0,2,1,11,6.0,1.0,154.80851063829786,156.25531914893617,9.38297872340425,10.829787234042556,0.41352657004830917,0
0.9,1.0,2,1,11,4.0,0.6363636363636364,160.95744680851064,150.77304964539007,35.68085106382979,25.496453900709227,0.4144927536231884,0
0.9333333333333333,0.9333333333333333,2,1,11,4.0,0.6923076923076923,145.33333333333334,147.23404255319147,33.88652482269505,35.78723404255318,0.41545893719806765,0
0.43333333333333335,0.9333333333333333,2,2,11,9.0,1.0,137.5035460992908,147.95035460992906,-26.75177304964538,-16.304964539007102,0.4144927536231884,0
0.4666666666666667,0.9333333333333333,2,2,11,9.0,1.0,130.53900709219857,151.6241134751773,-25.460992907801426,-4.375886524822704,0.4115942028985507,0
0.4666666666666667,0.3,2,2,11,10.0,1.0,127.38297872340426,158.02836879432624,-21.12765957446807,9.517730496453908,0.41256038647342996,0
0.4666666666666667,0.3,2,2,11,10.5,1.0,133.65957446808508,165.04255319148936,-14.148936170212778,17.2340425531915,0.4,0
0.4666666666666667,0.3,2,2,11,10.5,1.0,143.90070921985816,174.95035460992906,-1.4822695035460924,29.567375886524815,0.3864734299516908,0
0.4,0.3,2,2,11,10.0,1.0,156.25531914893617,181.04255319148936,5.595744680851055,30.38297872340425,0.38454106280193234,0
0.4,0.3,2,2,11,9.0,1.0,150.77304964539007,185.57446808510636,-8.056737588652481,26.744680851063805,0.38164251207729466,0
0.4,0.3,2,2,11,8.0,1.0,147.23404255319147,184.78014184397162,-17.361702127659584,20.184397163120565,0.37294685990338167,0
0.3,0.3,3,2,11,8.0,1.0,147.95035460992906,186.56028368794327,-23.751773049645408,14.858156028368796,0.35845410628019325,0
0.23333333333333334,0.2,3,2,11,11.0,1.0,151.6241134751773,187.42553191489358,-36.9290780141844,-1.1276595744681117,0.3526570048309179,0
0.6333333333333333,1.0333333333333334,2,3,11,11.0,1.0,188.7375886524823,146.12765957446808,4.248226950354621,-38.36170212765958,0.34492753623188405,0
1.0333333333333334,1.0333333333333334,2,3,11,9.5,0.75,190.75886524822695,152.177304964539,54.01418439716312,15.432624113475157,0.34299516908212563,0
1.0333333333333334,1.0333333333333334,2,3,11,1.0,0.3125,191.51063829787233,154.0,142.12765957446808,104.61702127659575,0.34106280193236715,0
0.5666666666666667,1.0333333333333334,2,3,11,7.0,1.0,189.01418439716312,155.4609929078014,53.50354609929079,19.950354609929065,0.34299516908212563,0
0.3,1.0333333333333334,2,3,11,9.5,1.0,170.4964539007092,157.0496453900709,20.02836879432624,6.581560283687935,0.34299516908212563,0
0.2,0.4,2,0,11,10.0,0.6666666666666666,196.13475177304963,171.17021276595744,-1.1631205673758984,-26.127659574468083,0.26666666666666666,0
0.6333333333333333,0.5,2,0,11,11.0,0.6666666666666666,196.01418439716312,182.39716312056737,9.822695035460981,-3.794326241134769,0.2618357487922705,0
0.7,0.6,2,5,11,4.0,0.5,197.05673758865248,182.3049645390071,46.609929078014176,31.858156028368796,0.2579710144927536,0
0.7333333333333333,0.6,2,0,11,6.0,0.5714285714285714,197.60992907801418,181.2695035460993,49.73758865248226,33.39716312056737,0.25120772946859904,0
0.4,0.6,0,0,11,8.0,1.0,193.822695035461,181.12765957446808,12.290780141843982,-0.40425531914894464,0.24444444444444444,0
0.4,0.5666666666666667,0,0,11,8.5,1.0,177.97872340425533,183.59574468085108,-6.127659574468083,-0.5106382978723332,0.23864734299516907,0
0.4,0.3333333333333333,0,0,11,9.0,1.0,161.5035460992908,189.52482269503548,-20.049645390070907,7.971631205673788,0.23381642512077294,0
0.4,0.3333333333333333,0,0,11,9.0,1.0,159.95035460992906,202.12765957446808,-21.304964539007102,20.872340425531917,0.2289855072463768,0
0.43333333333333335,0.3333333333333333,1,0,11,8.5,1.0,171.17021276595744,214.16312056737584,-9.829787234042556,33.16312056737584,0.22318840579710145,0
0.43333333333333335,0.3333333333333333,1,0,11,8.0,1.0,182.39716312056737,223.05673758865248,1.269503546099287,41.9290780141844,0.21642512077294687,0
0.43333333333333335,0.3333333333333333,0,0,11,7.0,0.8571428571428571,182.3049645390071,225.3404255319149,-6.354609929078009,36.68085106382978,0.2135265700483092,0
0.36666666666666664,0.3333333333333333,0,0,11,6.0,1.0,181.2695035460993,225.61702127659575,-17.517730496453908,26.829787234042556,0.21159420289855072,0
0.2,0.3333333333333333,1,0,11,11.0,1.0,181.12765957446808,226.43971631205673,-37.80851063829786,7.503546099290787,0.20772946859903382,0
0.2,0.2,1,0,11,11.0,1.0,183.59574468085108,226.7163120567376,-41.170212765957416,1.950354609929093,0.2038647342995169,0
0.4,0.9,1,0,11,11.0,1.0,224.3758865248227,181.29078014184395,1.2482269503546206,-41.83687943262413,0.23768115942028986,1
0.7,0.5666666666666667,1,0,11,9.0,0.6666666666666666,181.29078014184395,194.8156028368794,9.226950354609897,22.75177304964535,0.3178743961352657,0
0.5333333333333333,0.5666666666666667,1,0,11,11.0,0.8,202.39716312056737,203.3404255319149,4.290780141843953,5.234042553191472,0.3314009661835749,0
0.4666666666666667,0.36666666666666664,1,0,11,5.5,0.625,185.98581560283688,203.32624113475177,-3.312056737588648,14.02836879432624,0.34492753623188405,0
0.43333333333333335,0.3333333333333333,1,0,11,7.0,0.7142857142857143,169.85815602836877,182.43971631205673,-17.86524822695037,-5.283687943262407,0.3565217391304348,0
0.43333333333333335,0.3,1,0,11,9.0,0.8333333333333334,175.38297872340425,148.78014184397162,-18.170212765957444,-44.773049645390074,0.3642512077294686,0
0.4,0.26666666666666666,1,0,11,11.0,1.0,186.48936170212767,137.57446808510636,-16.680851063829778,-65.59574468085108,0.3710144927536232,0
0.36666666666666664,0.8,1,0,11,11.0,1.0,191.70921985815605,143.97163120567373,-21.58865248226948,-69.3262411347518,0.3545893719806763,0
0.7666666666666667,0.7666666666666667,1,0,11,11.0,1.0,190.1914893617021,159.6950354609929,-3.3191489361702224,-33.815602836879435,0.3352657004830918,0
0.8,0.7333333333333333,1,3,11,2.0,0.45454545454545453,194.8156028368794,158.85815602836877,54.304964539007074,18.347517730496435,0.33719806763285026,0
0.8333333333333334,0.7666666666666667,1,4,11,6.0,0.5454545454545454,203.3404255319149,158.68085106382978,91.02127659574468,46.36170212765957,0.33816425120772947,0
0.5,0.7666666666666667,1,4,11,9.0,1.0,203.32624113475177,160.46808510638297,43.432624113475185,0.574468085106389,0.33719806763285026,0
0.5,0.5,1,4,11,9.0,1.0,182.43971631205673,164.77304964539007,22.73758865248226,5.070921985815602,0.32270531400966185,0
0.4666666666666667,0.3,1,4,11,9.0,1.0,148.78014184397162,172.07092198581563,-10.709219858156047,12.581560283687963,0.3140096618357488,0
0.4666666666666667,0.3,1,4,11,9.0,1.0,137.57446808510636,181.8368794326241,-19.80851063829789,24.45390070921985,0.3111111111111111,0
0.43333333333333335,0.3,1,4,11,8.0,1.0,143.97163120567376,191.20567375886526,-15.198581560283685,32.035460992907815,0.30628019323671496,0
0.4,0.26666666666666666,1,4,11,8.0,1.0,159.6950354609929,196.89361702127658,-5.156028368794324,32.04255319148936,0.3004830917874396,0
0.43333333333333335,0.26666666666666666,1,4,11,7.0,1.0,158.85815602836877,197.76595744680853,-11.43971631205676,27.468085106383,0.2966183574879227,0
0.36666666666666664,0.2,1,4,11,7.0,0.75,158.68085106382978,196.98581560283688,-22.38297872340428,15.921985815602824,0.2956521739130435,0
0.23333333333333334,1.0,1,3,0,0,0,198.2836879432624,153.9787234042553,-1.7588652482269538,-46.063829787234056,0.263768115942029,0
1.0333333333333334,1.0333333333333334,1,3,5,4.5,1.0,197.76595744680853,175.29787234042553,18.42553191489364,-4.042553191489361,0.2618357487922705,0
1.0333333333333334,1.0333333333333334,5,3,5,2.0,0.13333333333333333,197.0283687943262,180.66666666666666,124.13475177304962,107.77304964539006,0.2618357487922705,0
0.6333333333333333,1.0333333333333334,6,3,5,2.0,0.2222222222222222,198.2695035460993,181.13475177304963,80.5886524822695,63.45390070921984,0.2608695652173913,0
0.2,1.0333333333333334,7,3,5,4.5,1.0,192.5035460992908,183.12765957446808,28.01418439716312,18.638297872340416,0.2589371980676328,0
0.16666666666666666,0.43333333333333335,8,3,5,5.0,1.0,150.75886524822695,186.5390070921986,-29.007092198581546,6.773049645390103,0.2599033816425121,0
0.16666666666666666,1.0333333333333334,1,2,7,7.0,1.0,203.59574468085108,149.6595744680851,6.085106382978751,-47.85106382978722,0.2772946859903382,0
1.0333333333333334,1.0333333333333334,1,2,8,8.0,1.0,203.96453900709218,160.5531914893617,7.134751773049629,-36.27659574468086,0.2792270531400966,0
1.0333333333333334,1.0333333333333334,1,2,9,1.0,0.1875,203.04964539007094,161.02836879432624,133.36879432624113,91.34751773049645,0.2821256038647343,0
0.7,1.0333333333333334,1,2,10,7.0,0.6,200.71631205673756,161.39007092198582,73.37588652482268,34.049645390070935,0.28502415458937197,0
0.3333333333333333,1.0333333333333334,1,2,10,8.0,1.0,198.4609929078014,165.06382978723403,38.03546099290779,4.6382978723404165,0.28502415458937197,0
0.3333333333333333,0.2,1,2,9,9.0,1.0,154.67375886524823,168.80141843971631,-6.539007092198574,7.588652482269509,0.28599033816425123,0
0.6,0.4666666666666667,1,1,11,9.5,1.0,199.53191489361703,168.29078014184395,3.063829787234056,-28.17730496453902,0.30434782608695654,0
0.6333333333333333,0.4666666666666667,1,1,11,10.0,1.0,198.68085106382978,168.0851063829787,38.04255319148936,7.446808510638277,0.2995169082125604,0
0.6333333333333333,0.4666666666666667,2,1,11,1.0,0.2857142857142857,196.79432624113474,153.63120567375884,59.43262411347516,16.26950354609926,0.293719806763285,0
0.6333333333333333,0.4666666666666667,1,1,11,11.0,0.6666666666666666,195.8794326241135,151.92198581560282,44.56028368794327,0.6028368794326013,0.29178743961352654,0
0.36666666666666664,0.4666666666666667,0,1,11,11.0,1.0,184.12765957446808,153.1914893617021,6.7872340425531945,-24.148936170212778,0.29082125603864734,0
0.7333333333333333,0.6333333333333333,0,1,11,11.0,1.0,164.822695035461,158.91489361702128,-11.390070921985796,-17.297872340425528,0.2898550724637681,0
0.7333333333333333,0.6333333333333333,0,1,11,2.0,0.4,149.77304964539007,165.52482269503545,-0.9290780141843982,14.822695035460981,0.29178743961352654,0
0.7333333333333333,0.6333333333333333,0,1,11,2.0,0.3,155.3404255319149,175.6312056737589,21.361702127659584,41.652482269503594,0.29178743961352654,0
0.8333333333333334,0.6333333333333333,1,1,11,6.0,0.75,168.29078014184395,186.41843971631207,-2.794326241134769,15.333333333333343,0.2898550724637681,0
0.9,0.6333333333333333,1,1,11,4.0,0.5714285714285714,168.08510638297872,182.20567375886526,13.574468085106389,27.695035460992926,0.28502415458937197,0
0.9,0.3,1,1,11,6.0,0.7142857142857143,153.63120567375884,179.6312056737589,2.482269503546064,28.48226950354612,0.2792270531400966,0
0.36666666666666664,0.3,0,0,11,7.5,1.0,151.92198581560282,179.76595744680853,-38.992907801418454,-11.14893617021275,0.27246376811594203,0
0.36666666666666664,0.3,0,0,11,8.5,1.0,153.1914893617021,184.15602836879432,-31.638297872340445,-0.6737588652482316,0.26666666666666666,0
0.4,0.3,0,0,11,9.0,1.0,158.91489361702128,191.29787234042553,-24.595744680851055,7.7872340425531945,0.2599033816425121,0
0.4,0.3,0,0,11,9.0,1.0,165.52482269503545,199.95035460992906,-12.751773049645408,21.673758865248203,0.24057971014492754,0
0.4,0.3,1,0,11,9.0,1.0,175.6312056737589,211.34751773049643,-1.475177304964518,34.24113475177302,0.2318840579710145,0
0.4,0.3,1,0,11,8.0,1.0,186.41843971631207,219.93617021276597,2.503546099290787,36.021276595744695,0.22608695652173913,0
0.4,0.3,0,0,10,7.0,1.0,182.20567375886526,225.14893617021275,-9.241134751773046,33.702127659574444,0.22028985507246376,0
0.36666666666666664,0.3,0,0,9,6.5,1.0,179.6312056737589,225.1985815602837,-18.90070921985813,26.666666666666686,0.20966183574879227,0
0.3333333333333333,0.3,0,0,8,7.0,1.0,179.76595744680853,225.39007092198582,-30.10638297872339,15.517730496453908,0.19033816425120773,0
0.2,0.2,0,0,7,7.0,1.0,184.15602836879432,224.72340425531914,-41.48226950354609,-0.9148936170212778,0.18164251207729468,0
0.3333333333333333,0.23333333333333334,0,0,11,8.5,1.0,223.80141843971634,185.52482269503548,1.9290780141844266,-36.347517730496435,0.1961352657004831,0
0.4,0.23333333333333334,0,0,11,8.5,1.0,224.65248226950357,181.66666666666666,11.716312056737621,-31.269503546099287,0.1961352657004831,0
0.43333333333333335,0.26666666666666666,0,0,11,6.0,1.0,224.76595744680853,180.6241134751773,28.340425531914917,-15.801418439716315,0.1961352657004831,0
0.43333333333333335,0.26666666666666666,0,0,11,7.0,1.0,223.63120567375884,181.54609929078015,33.41843971631204,-8.666666666666657,0.1961352657004831,0
0.5,0.26666666666666666,0,0,11,8.0,1.0,219.6595744680851,175.5035460992908,33.70212765957447,-10.453900709219852,0.19710144927536233,0
0.5666666666666667,0.26666666666666666,0,0,11,9.0,1.0,210.4113475177305,155.85106382978722,30.007092198581546,-24.553191489361723,0.19903381642512077,0
0.5666666666666667,0.26666666666666666,0,0,11,9.5,1.0,199.85815602836882,161.82269503546098,21.21985815602841,-16.815602836879435,0.20193236714975846,0
0.5333333333333333,0.5333333333333333,0,0,11,9.0,0.8571428571428571,190.86524822695037,181.0921985815603,8.035460992907815,-1.737588652482259,0.2028985507246377,0
0.7666666666666667,0.8,0,0,11,8.0,1.0,185.52482269503545,212.36170212765956,2.354609929078009,29.19148936170211,0.2038647342995169,0
0.8333333333333334,0.7666666666666667,1,0,11,7.0,0.625,181.66666666666666,217.68794326241132,21.156028368794324,57.17730496453899,0.20579710144927535,0
0.8,0.7333333333333333,13,0,11,2.0,0.45454545454545453,180.62411347517732,216.7163120567376,56.75177304964541,92.84397163120568,0.20676328502415459,0
0.23333333333333334,0.7,1,0,11,7.0,1.0,181.54609929078015,214.7375886524823,-19.539007092198574,13.652482269503565,0.20869565217391303,0
0.2,0.7,0,0,11,7.0,1.0,175.5035460992908,212.7517730496454,-42.815602836879435,-5.567375886524815,0.20966183574879227,0
0.3,0.2,0,0,11,8.0,1.0,215.1631205673759,183.8368794326241,-2.1347517730496293,-33.460992907801426,0.19420289855072465,0
0.43333333333333335,0.2,0,0,11,11.0,1.0,216.10638297872342,185.08510638297875,6.3617021276595835,-24.659574468085083,0.19227053140096617,0
0.4666666666666667,0.23333333333333334,0,0,11,6.0,1.0,216.56737588652481,186.8368794326241,26.886524822695037,-2.843971631205676,0.19130434782608696,0
0.4666666666666667,0.23333333333333334,0,0,11,7.0,1.0,216.85106382978725,189.07801418439718,33.14893617021278,5.375886524822704,0.18937198067632852,0
0.5333333333333333,0.26666666666666666,0,0,11,9.5,1.0,214.56737588652481,185.12765957446808,31.695035460992898,2.2553191489361666,0.18454106280193236,0
0.5,0.26666666666666666,0,0,11,10.0,1.0,205.57446808510636,168.90070921985816,20.638297872340416,-16.035460992907787,0.178743961352657,0
0.4666666666666667,0.26666666666666666,0,0,11,9.0,1.0,194.37588652482268,167.91489361702125,6.92907801418437,-19.531914893617056,0.19033816425120773,0
0.36666666666666664,0.26666666666666666,0,0,11,9.0,1.0,185.41843971631207,184.98581560283688,-2.7092198581560183,-3.1418439716312037,0.20193236714975846,0
0.5,0.5333333333333333,0,0,11,8.0,1.0,183.8368794326241,214.53191489361703,-7.82269503546101,22.872340425531917,0.20193236714975846,0
0.5666666666666667,0.5333333333333333,1,0,11,7.0,1.0,185.0851063829787,226.89361702127658,9.489361702127638,51.29787234042553,0.20193236714975846,0
0.5333333333333333,0.5,10,0,11,5.0,0.5714285714285714,186.8368794326241,227.23404255319147,47.390070921985796,87.78723404255317,0.2038647342995169,0
0.5,0.5,1,0,11,8.5,1.0,189.07801418439718,225.70921985815605,0.3758865248227039,37.007092198581574,0.20966183574879227,0
0.16666666666666666,0.4666666666666667,0,0,11,11.0,1.0,185.12765957446808,200.90070921985816,-41.68085106382978,-25.907801418439703,0.2106280193236715,0
0.16666666666666666,0.3,0,0,11,11.0,1.0,184.98581560283688,179.22695035460993,-42.843971631205676,-48.60283687943263,0.19420289855072465,0
0.43333333333333335,0.3,0,0,11,11.0,1.0,214.531914893617,190.97872340425533,-8.978723404255334,-32.531914893617,0.19130434782608696,0
0.43333333333333335,0.3,0,7,11,2.0,0.42857142857142855,226.89361702127658,188.20567375886523,75.531914893617,36.84397163120565,0.19033816425120773,0
0.43333333333333335,0.3,0,8,11,2.0,0.42857142857142855,227.23404255319147,185.91489361702125,72.5531914893617,31.234042553191472,0.18937198067632852,0
0.3333333333333333,0.3,0,0,11,7.0,1.0,225.70921985815605,194.04964539007094,41.83687943262413,10.177304964539019,0.18743961352657004,0
0.26666666666666666,0.3,0,0,11,7.0,1.0,200.90070921985816,206.34751773049643,1.7730496453900741,7.2198581560283515,0.18840579710144928,0
0.5,0.23333333333333334,0,4,0,0,0,186.57446808510636,195.11347517730496,5.978723404255305,14.517730496453908,0.18647342995169083,0
1.0333333333333334,0.23333333333333334,0,3,3,3.0,0.0,182.86524822695037,226.23404255319147,50.73758865248229,94.10638297872339,0.17777777777777778,0
1.0333333333333334,0.23333333333333334,6,3,3,2.0,0.0,179.53191489361703,228.51063829787233,81.80851063829788,130.78723404255317,0.17294685990338166,0
1.0333333333333334,0.23333333333333334,0,2,3,3.0,0.0,178.24822695035462,231.14184397163118,38.78014184397165,91.6737588652482,0.17198067632850242,0
0.16666666666666666,0.23333333333333334,0,2,0,0,0,162.86524822695034,229.67375886524823,-59.96453900709221,6.843971631205676,0.17101449275362318,0
0.8,0.9333333333333333,0,0,7,7.0,1.0,227.1631205673759,166.43262411347519,0.05673758865248146,-60.67375886524823,0.14009661835748793,1
1.0333333333333334,1.0333333333333334,0,0,11,11.0,1.0,228.08510638297875,182.34751773049643,-0.5531914893616658,-46.29078014184398,0.14009661835748793,0
1.0333333333333334,1.0333333333333334,0,0,11,3.0,0.14285714285714285,227.97872340425533,199.5390070921986,111.42553191489363,82.9858156028369,0.1391304347826087,0
1.0333333333333334,1.0333333333333334,5,11,11,1.0,0.0625,228.7163120567376,200.08510638297875,143.43971631205676,114.8085106382979,0.1391304347826087,0
0.5666666666666667,1.0333333333333334,6,0,10,3.0,0.25,229.0921985815603,200.85106382978722,79.5390070921986,51.29787234042553,0.1391304347826087,0
0.23333333333333334,1.0333333333333334,6,0,9,9.0,1.0,191.7872340425532,202.68794326241132,-6.042553191489361,4.858156028368768,0.1391304347826087,0
0.2,0.3,0,0,0,0,0,221.0,147.14893617021275,0.2127659574468055,-73.63829787234044,0.19420289855072465,0
1.0333333333333334,1.0333333333333334,0,0,6,6.0,1.0,219.6595744680851,174.45390070921985,1.2765957446808613,-43.9290780141844,0.19806763285024154,0
1.0333333333333334,1.0333333333333334,0,0,7,2.0,0.16666666666666666,219.14893617021275,173.05673758865248,99.3191489361702,53.226950354609926,0.20096618357487922,0
1.0333333333333334,1.0333333333333334,2,7,8,2.0,0.125,220.24113475177305,172.43971631205673,129.26241134751774,81.46099290780141,0.2038647342995169,0
0.3,1.0333333333333334,2,0,9,8.5,1.0,219.96453900709218,173.2836879432624,44.26241134751771,-2.418439716312065,0.20676328502415459,0
0.26666666666666666,1.0333333333333334,3,0,10,9.0,1.0,186.33333333333334,176.42553191489364,11.567375886524843,1.6595744680851396,0.20869565217391303,0
0.6,0.5333333333333333,0,5,11,11.0,1.0,206.4468085106383,163.82978723404256,0.5319148936170279,-42.08510638297872,0.2927536231884058,0
0.6333333333333333,0.5333333333333333,0,4,11,6.0,0.6666666666666666,209.56737588652481,171.41843971631207,42.03546099290779,3.886524822695037,0.2898550724637681,0
0.6333333333333333,0.5333333333333333,1,4,11,3.0,0.4444444444444444,209.54609929078015,158.32624113475177,94.35460992907802,43.13475177304964,0.28888888888888886,0
0.6333333333333333,0.5333333333333333,1,4,11,4.5,0.5,208.14893617021278,155.19858156028366,77.57446808510639,24.624113475177268,0.28792270531400965,0
0.36666666666666664,0.5333333333333333,0,4,11,7.5,1.0,193.89361702127658,160.72340425531914,12.57446808510636,-20.595744680851084,0.28888888888888886,0
0.7,0.36666666666666664,0,3,11,8.0,1.0,162.8794326241135,150.04255319148936,-16.716312056737564,-29.553191489361694,0.2898550724637681,0
0.7333333333333333,0.36666666666666664,0,3,11,6.0,0.8,137.76595744680853,137.34751773049643,-15.57446808510636,-15.992907801418454,0.29082125603864734,0
0.7333333333333333,0.4,0,3,11,3.0,0.4444444444444444,142.36170212765958,142.41843971631207,0.31914893617022244,0.3758865248227039,0.29082125603864734,0
0.9,0.9333333333333333,0,3,11,11.0,0.6666666666666666,163.82978723404256,166.1205673758865,-6.38297872340425,-4.092198581560297,0.29082125603864734,0
0.8333333333333334,0.9333333333333333,0,2,11,11.0,0.6666666666666666,171.41843971631207,181.1631205673759,1.5035460992907872,11.24822695035462,0.28792270531400965,0
0.9,0.8666666666666667,0,2,11,2.0,0.3333333333333333,158.32624113475177,179.2127659574468,48.32624113475177,69.2127659574468,0.28502415458937197,0
0.9,0.8666666666666667,0,0,11,6.0,0.5555555555555556,155.19858156028369,180.48936170212764,23.070921985815602,48.361702127659555,0.2821256038647343,0
0.43333333333333335,0.8666666666666667,0,0,11,8.0,1.0,160.72340425531914,185.58156028368793,-24.404255319148945,0.4539007092198517,0.2792270531400966,0
0.43333333333333335,0.3333333333333333,0,0,11,9.0,1.0,150.04255319148936,193.41134751773052,-31.063829787234056,12.304964539007102,0.27053140096618356,0
0.43333333333333335,0.3,0,0,11,9.0,1.0,137.34751773049643,202.9290780141844,-39.90780141843973,25.67375886524823,0.24734299516908212,0
0.43333333333333335,0.3,0,0,11,9.0,1.0,142.41843971631207,214.56028368794327,-36.858156028368796,35.28368794326241,0.22608695652173913,0
0.43333333333333335,0.3,0,0,11,9.0,1.0,166.1205673758865,223.04964539007094,-18.815602836879435,38.11347517730499,0.21545893719806763,0
0.43333333333333335,0.3,0,0,11,8.0,1.0,181.1631205673759,228.29787234042556,-11.36879432624113,35.76595744680853,0.20676328502415459,0
0.4,0.3,0,0,11,7.0,1.0,179.2127659574468,228.57446808510636,-23.553191489361694,25.80851063829786,0.1961352657004831,0
0.36666666666666664,0.26666666666666666,0,0,11,6.0,1.0,180.48936170212764,228.1205673758865,-33.00000000000003,14.631205673758842,0.1748792270531401,0
0.26666666666666666,0.2,0,0,11,11.0,1.0,185.58156028368796,227.8794326241135,-41.84397163120565,0.4539007092198801,0.16521739130434782,0
0.26666666666666666,0.2,0,0,11,11.0,1.0,229.822695035461,193.39007092198582,0.8439716312057044,-35.58865248226948,0.12270531400966184,0
0.36666666666666664,0.23333333333333334,0,0,11,8.5,1.0,229.34751773049643,191.4964539007092,8.32624113475174,-29.524822695035482,0.12270531400966184,0
0.43333333333333335,0.26666666666666666,0,0,11,6.5,1.0,229.36170212765956,191.4609929078014,24.361702127659555,-13.539007092198602,0.12270531400966184,0
0.43333333333333335,0.26666666666666666,0,0,11,7.0,1.0,229.2127659574468,193.5531914893617,33.0,-2.659574468085111,0.12173913043478261,0
0.4666666666666667,0.3,0,0,11,7.5,0.8333333333333334,226.54609929078015,195.33333333333334,34.20567375886526,2.992907801418454,0.12077294685990338,0
0.4666666666666667,0.3,0,0,11,9.0,1.0,218.33333333333334,185.70921985815605,26.716312056737593,-5.907801418439703,0.11980676328502415,0
0.4666666666666667,0.3,0,0,11,9.0,1.0,207.4113475177305,191.6950354609929,16.879432624113463,1.16312056737587,0.11884057971014493,0
0.4,0.3,0,0,11,8.0,1.0,197.85106382978722,203.0709219858156,5.617021276595722,10.836879432624102,0.1178743961352657,0
0.4,0.3,0,0,11,8.0,1.0,193.39007092198582,225.6241134751773,-4.503546099290759,27.730496453900713,0.1178743961352657,0
0.43333333333333335,0.3,0,0,11,7.0,1.0,191.4964539007092,230.8368794326241,-4.375886524822704,34.964539007092185,0.11690821256038647,0
0.4,0.3,14,0,11,6.0,0.75,191.46099290780145,231.51063829787233,28.09929078014187,68.14893617021275,0.11690821256038647,0
0.23333333333333334,0.26666666666666666,0,0,11,11.0,1.0,193.5531914893617,231.90070921985816,-22.297872340425528,16.049645390070935,0.11690821256038647,0
0.2,0.2,0,0,11,11.0,1.0,195.33333333333334,232.34751773049643,-34.66666666666666,2.3475177304964348,0.11594202898550725,0
0.43333333333333335,0.3,0,0,6,6.0,1.0,230.4964539007092,193.31205673758868,7.560283687943269,-29.624113475177268,0.14492753623188406,0
0.4,0.3,0,0,6,6.0,1.0,230.51773049645388,188.82978723404256,24.432624113475157,-17.255319148936167,0.14492753623188406,0
0.4,0.3,0,0,7,6.0,1.0,230.41843971631207,185.63829787234044,30.695035460992926,-14.085106382978694,0.14589371980676327,0
0.4,0.3,0,0,8,7.0,1.0,227.90070921985816,182.91489361702125,31.41134751773049,-13.574468085106417,0.1468599033816425,0
0.4,0.3,0,0,9,8.0,0.8333333333333334,219.51063829787233,148.30496453900707,24.936170212765944,-46.269503546099315,0.1497584541062802,0
0.5,0.3,0,0,9,8.5,0.8333333333333334,209.58156028368793,143.04964539007094,20.70921985815602,-45.82269503546098,0.15265700483091788,0
0.5,0.3,0,0,10,8.0,0.7142857142857143,200.76595744680853,155.58156028368793,17.723404255319167,-27.460992907801426,0.15458937198067632,0
0.4666666666666667,0.9666666666666667,0,0,11,8.0,1.0,196.9290780141844,204.80851063829786,11.929078014184398,19.80851063829786,0.15458937198067632,0
1.0,0.9666666666666667,0,0,11,7.0,1.0,193.31205673758868,223.79432624113474,12.609929078014204,43.09219858156027,0.1565217391304348,0
0.9333333333333333,0.9666666666666667,11,0,11,1.0,0.3076923076923077,188.82978723404256,226.56028368794327,109.61702127659575,147.34751773049646,0.15942028985507245,0
0.6,0.9333333333333333,0,0,11,4.0,0.6,185.63829787234042,226.1843971631206,16.404255319148916,56.95035460992909,0.16231884057971013,0
0.23333333333333334,0.8666666666666667,0,0,11,7.5,1.0,182.91489361702125,225.7872340425532,-35.38297872340428,7.489361702127667,0.16521739130434782,0
0.43333333333333335,0.23333333333333334,0,0,11,9.5,1.0,219.85815602836877,182.9645390070922,-5.29078014184401,-42.184397163120565,0.1855072463768116,0
0.4666666666666667,0.26666666666666666,0,0,11,7.5,1.0,218.68085106382978,182.468085106383,11.702127659574472,-24.510638297872305,0.18647342995169083,0
0.4666666666666667,0.26666666666666666,0,0,11,7.0,1.0,219.4609929078014,183.1205673758865,26.92907801418437,-9.411347517730519,0.18647342995169083,0
0.4666666666666667,0.26666666666666666,0,0,11,8.0,0.8333333333333334,221.86524822695037,184.290780141844,37.758865248226954,0.18439716312059318,0.1855072463768116,0
0.5,0.26666666666666666,0,0,11,9.0,0.8333333333333334,218.04255319148936,167.4609929078014,36.31914893617022,-14.262411347517741,0.18454106280193236,0
0.5333333333333333,0.26666666666666666,0,0,11,10.0,1.0,208.21985815602838,155.51063829787233,25.156028368794324,-27.553191489361723,0.18454106280193236,0
0.5,0.26666666666666666,0,0,11,9.5,0.8333333333333334,194.5390070921986,158.63120567375887,11.921985815602852,-23.98581560283688,0.1855072463768116,0
0.43333333333333335,0.7,0,0,11,9.0,1.0,186.1205673758865,188.43971631205673,2.4397163120567313,4.758865248226954,0.18454106280193236,0
0.8,0.7,0,0,11,8.0,1.0,182.9645390070922,214.1843971631206,-3.6099290780141757,27.609929078014204,0.1826086956521739,0
0.7666666666666667,0.7,0,0,11,2.5,0.4166666666666667,182.46808510638297,223.7163120567376,50.34042553191489,91.58865248226951,0.18164251207729468,0
0.7,0.7,0,0,11,2.0,0.36363636363636365,183.1205673758865,224.28368794326244,35.29078014184395,76.45390070921988,0.17971014492753623,0
0.3,0.6333333333333333,0,0,11,7.0,0.6666666666666666,184.29078014184395,222.9645390070922,-11.64539007092199,27.02836879432627,0.178743961352657,0
0.16666666666666666,0.6,0,0,11,8.5,1.0,167.4609929078014,221.84397163120568,-54.0921985815603,0.2907801418439817,0.178743961352657,0
0.3,0.7,0,2,11,9.0,1.0,177.53191489361703,192.38297872340425,4.829787234042556,19.680851063829778,0.19033816425120773,0
1.0333333333333334,0.7666666666666667,0,1,11,8.0,0.75,173.39007092198582,230.3687943262411,-0.09929078014184256,56.879432624113434,0.18743961352657004,0
1.0333333333333334,0.7666666666666667,6,0,11,2.0,0.25,171.84397163120568,230.60992907801418,63.63120567375887,122.39716312056737,0.18454106280193236,0
1.0333333333333334,0.7666666666666667,1,0,11,2.0,0.2,171.5035460992908,229.95744680851064,57.56737588652483,116.02127659574468,0.1826086956521739,0
0.16666666666666666,0.7666666666666667,0,0,11,11.0,1.0,172.42553191489364,230.3758865248227,-57.404255319148916,0.5460992907801483,0.18067632850241547,0
0.23333333333333334,0.7666666666666667,0,0,11,11.0,1.0,151.46808510638297,230.00709219858155,-81.91489361702128,-3.375886524822704,0.178743961352657,0
1.0,1.0333333333333334,0,0,11,2.0,0.21428571428571427,232.72340425531914,203.5035460992908,104.04255319148936,74.82269503546101,0.1565217391304348,1
1.0333333333333334,1.0333333333333334,0,4,11,11.0,1.0,197.822695035461,202.51773049645388,-0.9432624113474901,3.7517730496453794,0.15265700483091788,0
1.0333333333333334,1.0333333333333334,1,3,11,3.0,0.16666666666666666,196.33333333333334,230.2127659574468,80.52482269503547,114.40425531914893,0.14782608695652175,0
1.0333333333333334,1.0333333333333334,16,3,11,1.0,0.0625,195.22695035460993,233.13475177304963,116.0354609929078,153.94326241134752,0.1468599033816425,0
0.7,1.0333333333333334,0,3,11,3.0,0.25,195.72340425531914,234.30496453900707,44.61702127659572,83.19858156028366,0.14589371980676327,0
0.16666666666666666,1.0333333333333334,0,0,11,11.0,1.0,169.72340425531914,234.78014184397162,-56.021276595744695,9.035460992907787,0.14492753623188406,0
0.36666666666666664,0.2,3,0,11,8.0,0.6666666666666666,198.8794326241135,209.7304964539007,15.858156028368796,26.70921985815602,0.14589371980676327,0
0.43333333333333335,0.23333333333333334,0,0,11,5.0,0.6666666666666666,225.6312056737589,194.0283687943262,2.3120567375886765,-29.29078014184401,0.16328502415458937,0
0.43333333333333335,0.23333333333333334,0,0,11,6.0,1.0,223.74468085106386,194.52482269503545,13.04255319148939,-16.17730496453902,0.16135265700483092,0
0.4,0.26666666666666666,0,0,11,6.0,1.0,223.36170212765956,195.58156028368793,25.468085106382972,-2.312056737588648,0.15942028985507245,0
0.43333333333333335,0.26666666666666666,0,0,11,7.0,1.0,222.69503546099293,193.70212765957444,28.54609929078015,-0.44680851063833416,0.1565217391304348,0
0.4,0.26666666666666666,0,0,11,7.5,1.0,219.7163120567376,186.53191489361703,26.950354609929093,-6.234042553191472,0.15169082125603864,0
0.4,0.26666666666666666,0,0,11,9.0,1.0,210.63829787234044,180.31205673758868,15.468085106383,-14.858156028368768,0.14879227053140096,0
0.36666666666666664,0.26666666666666666,0,0,11,9.0,1.0,200.91489361702125,192.29787234042556,5.276595744680833,-3.3404255319148604,0.14782608695652175,0
0.4,0.3333333333333333,0,0,11,9.0,1.0,194.93617021276597,212.31205673758868,-0.9999999999999716,16.375886524822732,0.14782608695652175,0
0.4,0.3333333333333333,0,0,11,8.0,1.0,194.0283687943262,231.2695035460993,4.496453900709184,41.73758865248226,0.14782608695652175,0
0.4,0.3,16,0,11,7.0,0.8,194.52482269503548,235.1631205673759,20.3971631205674,61.035460992907815,0.14589371980676327,0
0.3333333333333333,0.3,16,0,11,6.0,0.8,195.58156028368793,235.2836879432624,18.304964539007074,58.007092198581546,0.14202898550724638,0
0.23333333333333334,0.26666666666666666,0,0,11,11.0,1.0,193.70212765957447,234.4113475177305,-31.787234042553195,8.921985815602824,0.14202898550724638,0
0.13333333333333333,0.23333333333333334,0,0,11,11.0,1.0,186.53191489361703,232.31205673758868,-47.63829787234042,-1.858156028368768,0.1391304347826087,0
0.43333333333333335,0.23333333333333334,0,0,11,11.0,1.0,232.56028368794327,196.31205673758868,9.964539007092213,-26.28368794326238,0.14879227053140096,0
0.4,0.26666666666666666,0,0,11,8.5,1.0,234.06382978723403,195.90070921985816,26.468085106382972,-11.695035460992898,0.14782608695652175,0
0.4,0.26666666666666666,0,0,11,7.0,1.0,234.21985815602838,195.8794326241135,34.49645390070924,-3.8439716312056476,0.14879227053140096,0
0.4,0.26666666666666666,0,0,11,8.0,1.0,229.93617021276597,185.81560283687944,33.17021276595747,-10.950354609929065,0.15072463768115943,0
0.4,0.26666666666666666,0,0,11,9.0,1.0,220.87234042553192,158.85106382978725,24.19148936170214,-37.82978723404253,0.15072463768115943,0
0.4,0.26666666666666666,0,0,11,10.0,1.0,209.9716312056738,146.15602836879432,14.48226950354612,-49.33333333333334,0.1497584541062802,0
0.4,0.26666666666666666,0,0,11,10.0,1.0,201.36170212765956,167.19858156028369,5.829787234042527,-28.333333333333343,0.14879227053140096,0
0.6666666666666666,0.7,0,0,10,9.0,1.0,197.72340425531914,207.79432624113474,1.1063829787233885,11.17730496453899,0.14782608695652175,0
0.7666666666666667,0.7,0,0,9,8.0,0.8333333333333334,196.31205673758868,232.51773049645388,31.01418439716315,67.21985815602835,0.14782608695652175,0
0.7333333333333333,0.7,16,0,8,2.5,0.4166666666666667,195.90070921985816,232.93617021276597,81.26241134751773,118.29787234042554,0.1468599033816425,0
0.7,0.7,0,0,7,6.0,0.6666666666666666,195.8794326241135,230.90070921985816,37.34751773049646,72.36879432624113,0.14589371980676327,0
0.2,0.6333333333333333,0,0,6,6.0,1.0,185.81560283687944,230.60992907801418,-42.609929078014176,2.1843971631205648,0.14492753623188406,0
0.2,0.2,0,0,0,0,0,158.85106382978722,231.06382978723403,-77.57446808510639,-5.3617021276595835,0.14299516908212562,0
0.26666666666666666,0.2,0,0,6,6.0,1.0,232.48936170212767,194.96453900709218,5.7872340425531945,-31.737588652482287,0.1178743961352657,0
0.36666666666666664,0.23333333333333334,0,0,7,7.0,1.0,232.09219858156027,194.31205673758868,16.964539007092185,-20.815602836879407,0.11690821256038647,0
0.4,0.26666666666666666,0,0,8,7.0,1.0,231.58865248226948,195.34751773049643,28.16312056737587,-8.078014184397176,0.11497584541062802,0
0.4,0.26666666666666666,0,0,9,8.0,1.0,229.86524822695037,196.1631205673759,33.3971631205674,-0.30496453900707365,0.11400966183574879,0
0.4,0.26666666666666666,0,0,10,8.0,1.0,224.34751773049643,188.60992907801418,29.6028368794326,-6.134751773049658,0.11207729468599034,0
0.4,0.26666666666666666,0,0,10,8.0,1.0,215.0851063829787,194.34751773049643,21.404255319148916,0.6666666666666572,0.11014492753623188,0
0.4,0.26666666666666666,0,0,9,8.0,1.0,205.00709219858155,205.92198581560282,10.496453900709213,11.41134751773049,0.11207729468599034,0
0.43333333333333335,0.3333333333333333,0,0,9,7.0,1.0,198.2127659574468,226.61702127659575,0.36170212765958354,28.765957446808528,0.11207729468599034,0
0.4666666666666667,0.3333333333333333,0,0,8,6.0,1.0,194.96453900709218,232.39007092198582,-1.1631205673758984,36.26241134751774,0.11207729468599034,0
0.43333333333333335,0.3,12,0,7,5.0,0.6666666666666666,194.31205673758868,232.822695035461,22.460992907801455,60.97163120567379,0.11207729468599034,0
0.26666666666666666,0.3,0,0,6,5.0,1.0,195.34751773049643,232.85815602836877,-19.71631205673762,17.794326241134712,0.11304347826086956,0
0.13333333333333333,0.26666666666666666,0,0,4,4.0,1.0,196.1631205673759,233.14184397163118,-34.68794326241132,2.2907801418439533,0.11497584541062802,0
0.3,0.2,0,0,11,11.0,1.0,232.12765957446808,194.9716312056738,1.9787234042553052,-35.17730496453899,0.14782608695652175,0
0.36666666666666664,0.23333333333333334,0,0,11,11.0,1.0,232.23404255319147,191.78014184397162,12.936170212765944,-27.517730496453908,0.1497584541062802,0
0.4,0.3,0,0,11,9.0,1.0,232.22695035460993,190.177304964539,28.12056737588651,-13.929078014184427,0.15169082125603864,0
0.4,0.3,0,0,11,8.0,1.0,231.6312056737589,188.32624113475177,32.886524822695065,-10.418439716312065,0.15265700483091788,0
0.4,0.3,0,0,11,9.0,1.0,227.42553191489364,173.7304964539007,32.27659574468086,-21.418439716312065,0.15458937198067632,0
0.4,0.3,0,0,11,9.0,1.0,217.85106382978725,136.1631205673759,26.829787234042556,-54.858156028368796,0.15845410628019324,0
0.4,0.3,0,0,11,9.0,1.0,207.38297872340425,133.82978723404256,18.212765957446805,-55.34042553191489,0.157487922705314,0
0.43333333333333335,0.3,0,0,11,8.0,1.0,199.33333333333334,161.07801418439715,8.992907801418454,-29.26241134751774,0.157487922705314,0
1.0,0.9666666666666667,0,0,11,8.0,1.0,194.9716312056738,210.0354609929078,9.503546099290816,24.567375886524815,0.15942028985507245,0
1.0,0.9666666666666667,0,0,11,6.5,0.8333333333333334,191.78014184397162,224.61702127659575,46.39716312056737,79.2340425531915,0.16231884057971013,0
0.9,0.9666666666666667,9,0,11,1.0,0.23076923076923078,190.177304964539,222.58865248226948,112.53900709219856,144.95035460992904,0.1642512077294686,0
0.8,0.9666666666666667,0,0,11,7.0,0.5,188.32624113475177,221.22695035460993,9.858156028368796,42.758865248226954,0.16618357487922705,0
0.13333333333333333,0.8666666666666667,0,0,10,10.0,1.0,173.7304964539007,220.4609929078014,-53.39716312056737,-6.666666666666686,0.1681159420289855,0
0.26666666666666666,0.2,0,0,11,6.0,1.0,215.822695035461,176.8156028368794,2.6950354609929263,-36.31205673758868,0.20676328502415459,0
0.36666666666666664,0.26666666666666666,0,0,11,7.0,1.0,215.41843971631207,173.41843971631207,6.524822695035482,-35.47517730496452,0.20869565217391303,0
0.43333333333333335,0.3,0,0,11,7.0,1.0,215.75886524822695,174.36170212765956,19.20567375886526,-22.19148936170214,0.20966183574879227,0
0.4666666666666667,0.3,0,0,11,7.0,1.0,215.04964539007094,177.46808510638297,31.432624113475185,-6.148936170212778,0.21159420289855072,0
0.5,0.3,0,0,11,8.0,0.8333333333333334,212.8794326241135,176.7304964539007,37.96453900709221,1.8156028368794352,0.21159420289855072,0
0.5,0.3,0,0,11,9.0,0.8333333333333334,206.1914893617021,158.7872340425532,34.27659574468083,-13.127659574468083,0.2135265700483092,0
0.4666666666666667,0.3,0,0,11,10.0,1.0,196.354609929078,147.354609929078,22.929078014184398,-26.070921985815602,0.2144927536231884,0
0.4,0.3,0,0,11,10.0,1.0,185.0283687943262,158.0,7.283687943262379,-19.744680851063833,0.2144927536231884,0
0.5,0.7333333333333333,0,0,11,9.0,1.0,176.81560283687944,188.9290780141844,-4.418439716312065,7.695035460992898,0.2144927536231884,0
0.7666666666666667,0.7333333333333333,0,0,11,8.0,1.0,173.41843971631207,210.9078014184397,2.2056737588652595,39.6950354609929,0.21545893719806763,0
0.7666666666666667,0.7,7,0,11,2.0,0.4166666666666667,174.36170212765956,214.354609929078,50.44680851063828,90.43971631205673,0.21545893719806763,0
0.7333333333333333,0.7,7,0,11,2.0,0.4,177.46808510638297,213.34751773049643,30.531914893617028,66.41134751773049,0.21545893719806763,0
0.23333333333333334,0.7333333333333333,0,0,10,10.0,1.0,176.73049645390074,213.6241134751773,-26.418439716312037,10.475177304964518,0.21835748792270532,0
0.16666666666666666,0.4,0,0,9,9.0,1.0,158.7872340425532,213.04255319148933,-57.91489361702128,-3.6595744680851396,0.2222222222222222,0
0.3,1.0333333333333334,3,5,0,0,0,170.3049645390071,174.36170212765956,-1.3333333333333144,2.7234042553191387,0.2560386473429952,0
1.0333333333333334,1.0333333333333334,3,5,4,3.5,0.5,168.2836879432624,221.92907801418437,27.64539007092199,81.29078014184395,0.2541062801932367,0
1.0333333333333334,1.0333333333333334,3,4,4,2.0,0.0625,169.13475177304966,224.26241134751774,94.60283687943263,149.7304964539007,0.25217391304347825,0
1.0333333333333334,1.0333333333333334,2,3,4,2.0,0.0625,170.2695035460993,226.68085106382978,87.90780141843972,144.31914893617022,0.24734299516908212,0
0.2,1.0333333333333334,0,0,4,3.5,0.5,161.00709219858155,227.70921985815605,-58.63120567375887,8.07092198581563,0.24154589371980675,0
0.2,1.0333333333333334,0,0,0,0,0,128.93617021276597,228.4468085106383,-92.14893617021275,7.3617021276595835,0.23381642512077294,0
1.0,0.9666666666666667,0,0,0,0,0,230.43262411347519,196.9078014184397,1.3262411347517684,-32.19858156028371,0.09758454106280193,1
0.3333333333333333,0.2222222222222222,0,0,9,6.0,1.0,237.64848484848486,190.33333333333334,12.830303030303043,-34.48484848484847,0.12390572390572391,0
0.3888888888888889,0.2777777777777778,0,0,10,7.0,1.0,234.23030303030302,191.23636363636365,15.95757575757574,-27.03636363636363,0.1367003367003367,0
0.5555555555555556,0.3611111111111111,0,0,11,5.5,0.8333333333333334,232.5636363636364,194.86060606060605,33.127272727272754,-4.575757575757592,0.14747474747474748,0
0.5277777777777778,0.3611111111111111,0,0,11,5.0,0.8571428571428571,229.5151515151515,201.66060606060606,39.44242424242424,11.587878787878793,0.15622895622895622,0
0.5,0.3611111111111111,0,0,11,4.5,0.75,224.0848484848485,208.0606060606061,33.28484848484848,17.26060606060608,0.16296296296296298,0
0.5,0.3611111111111111,0,0,11,4.5,0.75,214.17575757575756,210.18787878787876,24.048484848484833,20.060606060606034,0.16767676767676767,0
0.4166666666666667,0.25,0,0,11,5.0,1.0,191.23636363636365,171.0545454545455,-20.74545454545452,-40.92727272727268,0.18114478114478114,0
0.4166666666666667,0.2777777777777778,0,0,11,5.0,1.0,194.86060606060607,171.36363636363637,-13.193939393939388,-36.69090909090909,0.18114478114478114,0
0.6388888888888888,0.6111111111111112,0,0,11,5.0,1.0,201.66060606060606,180.20000000000002,0.7333333333333201,-20.72727272727272,0.18114478114478114,0
0.6388888888888888,0.5833333333333334,0,0,11,5.0,1.0,208.0606060606061,193.66060606060606,29.26060606060608,14.860606060606045,0.18047138047138048,0
0.6111111111111112,0.5555555555555556,0,0,11,5.0,1.0,210.18787878787876,206.80606060606058,45.042424242424204,41.66060606060603,0.17912457912457913,0
0.5833333333333334,0.5277777777777778,0,0,11,5.0,1.0,206.9878787878788,211.63030303030303,37.76969696969698,42.41212121212121,0.1771043771043771,0
0.5555555555555556,0.5277777777777778,0,0,10,6.5,1.0,195.9272727272727,212.06060606060603,16.19999999999999,32.333333333333314,0.18518518518518517,0
0.4722222222222222,0.5,0,0,10,8.0,1.0,181.62424242424245,213.78787878787878,-10.030303030303003,22.133333333333326,0.19124579124579125,0
0.4166666666666667,0.3888888888888889,0,0,10,8.0,1.0,171.0545454545455,222.9333333333333,-38.545454545454504,13.333333333333314,0.18855218855218855,0
0.4166666666666667,0.2777777777777778,0,0,9,7.5,1.0,171.36363636363637,231.04242424242423,-47.79999999999998,11.878787878787875,0.18114478114478114,0
0.3611111111111111,0.2777777777777778,0,0,8,6.5,0.75,180.20000000000002,234.30303030303028,-25.927272727272708,28.175757575757558,0.1744107744107744,0
0.16666666666666666,0.4722222222222222,0,0,10,10.0,1.0,231.04242424242423,194.5030303030303,-1.7939393939394108,-38.33333333333334,0.1744107744107744,0
0.6944444444444444,0.4722222222222222,0,0,11,11.0,1.0,234.30303030303034,208.4909090909091,1.2303030303030766,-24.581818181818164,0.16767676767676767,0
0.6944444444444444,0.4722222222222222,0,0,11,2.0,0.18181818181818182,235.0666666666667,209.76969696969695,58.957575757575796,33.66060606060606,0.1622895622895623,0
0.6944444444444444,0.4722222222222222,0,0,11,2.0,0.25,234.27272727272725,206.87878787878788,65.89090909090908,38.4969696969697,0.15622895622895622,0
0.5833333333333334,0.5833333333333334,0,0,11,5.0,0.6,233.9212121212121,207.9939393939394,35.93939393939394,10.01212121212123,0.1542087542087542,0
0.3611111111111111,0.5833333333333334,0,0,11,8.0,1.0,214.0060606060606,199.430303030303,-3.1393939393939547,-17.715151515151547,0.1622895622895623,0
0.4166666666666667,0.2777777777777778,0,0,11,6.5,1.0,192.5212121212121,190.9878787878788,-17.824242424242442,-19.357575757575745,0.16498316498316498,0
0.3888888888888889,0.25,0,0,11,5.5,0.8333333333333334,180.82424242424244,192.30909090909088,-20.99393939393937,-9.50909090909093,0.1622895622895623,0
0.3888888888888889,0.3611111111111111,0,0,11,7.0,0.8,194.5030303030303,207.27272727272728,-13.969696969696969,-1.1999999999999886,0.16296296296296298,0
0.6944444444444444,0.3611111111111111,0,0,11,6.0,0.8,208.4909090909091,216.16969696969696,-5.199999999999989,2.4787878787878697,0.16767676767676767,0
0.6666666666666666,0.3611111111111111,0,0,11,2.0,0.2222222222222222,209.76969696969695,212.46060606060607,33.64242424242423,36.33333333333334,0.1744107744107744,0
0.6111111111111112,0.3611111111111111,0,0,11,2.0,0.2857142857142857,206.87878787878788,210.76969696969695,23.73333333333332,27.624242424242397,0.17777777777777778,0
0.3055555555555556,0.5,0,0,11,11.0,0.6666666666666666,207.9939393939394,206.66060606060606,-9.660606060606057,-10.9939393939394,0.17912457912457913,0
0.3888888888888889,0.5,0,0,11,11.0,0.6666666666666666,199.430303030303,196.430303030303,-21.58787878787882,-24.58787878787882,0.17845117845117844,0
0.3888888888888889,0.2777777777777778,0,0,11,4.0,0.6,190.9878787878788,188.4121212121212,-18.848484848484844,-21.424242424242436,0.17643097643097644,0
0.3611111111111111,0.25,0,0,11,4.0,0.6,192.30909090909094,197.14545454545456,-14.21818181818179,-9.381818181818176,0.1750841750841751,0
0.6944444444444444,0.7222222222222222,0,0,11,6.0,0.75,207.27272727272728,210.33939393939394,-8.672727272727258,-5.606060606060595,0.1622895622895623,0
0.75,0.7222222222222222,0,0,11,6.0,0.8,216.16969696969696,213.44848484848487,18.660606060606057,15.939393939393966,0.15084175084175083,0
0.6666666666666666,0.6944444444444444,0,0,11,2.0,0.25,212.46060606060607,207.4,36.624242424242425,31.563636363636363,0.14612794612794613,0
0.6388888888888888,0.5555555555555556,0,0,11,2.5,0.3333333333333333,210.76969696969698,205.79393939393938,18.878787878787875,13.903030303030278,0.1441077441077441,0
0.3055555555555556,0.5555555555555556,0,0,10,8.0,1.0,206.66060606060606,213.47272727272727,-17.04848484848486,-10.236363636363649,0.1414141414141414,0
0.3888888888888889,0.2777777777777778,0,0,9,4.5,0.5,196.430303030303,222.86060606060607,-18.9878787878788,7.442424242424266,0.1367003367003367,0
0.4166666666666667,0.2777777777777778,0,0,8,3.5,0.5,188.4121212121212,231.35757575757577,-12.806060606060612,30.139393939393955,0.13198653198653199,0
0.3888888888888889,0.2777777777777778,0,0,7,3.5,0.5,197.14545454545456,235.24848484848485,-8.418181818181807,29.684848484848487,0.12794612794612795,0
0.3888888888888889,0.25,0,0,6,4.0,0.75,210.33939393939394,236.03636363636363,-0.26060606060605096,25.436363636363637,0.11582491582491583,0
0.19444444444444445,1.0277777777777777,0,6,11,11.0,1.0,193.5939393939394,167.5575757575758,-0.04242424242423226,-26.078787878787836,0.15757575757575756,0
1.0277777777777777,1.0277777777777777,0,5,11,11.0,1.0,193.5757575757576,209.3939393939394,7.321212121212142,23.139393939393955,0.15757575757575756,0
1.0277777777777777,1.0277777777777777,14,4,11,2.0,0.05263157894736842,193.67878787878786,225.0060606060606,169.04242424242423,200.36969696969697,0.15757575757575756,0
1.0277777777777777,1.0277777777777777,3,1,11,2.0,0.05555555555555555,193.70303030303032,229.54545454545453,95.13939393939395,130.98181818181817,0.15757575757575756,0
0.3611111111111111,1.0277777777777777,0,1,11,3.0,0.3333333333333333,191.20606060606062,232.14545454545456,6.060606060606062,47.0,0.15757575757575756,0
0.4722222222222222,0.2222222222222222,0,0,11,10.0,0.8,211.97575757575757,195.66666666666666,22.412121212121207,6.103030303030295,0.12121212121212122,0
0.4166666666666667,0.2222222222222222,0,0,11,6.0,1.0,227.32727272727274,196.14545454545453,22.181818181818187,-9.000000000000028,0.11784511784511785,0
0.4722222222222222,0.2222222222222222,0,0,11,6.0,1.0,226.5757575757576,198.63030303030303,25.77575757575758,-2.169696969696986,0.1164983164983165,0
0.4722222222222222,0.2222222222222222,0,0,11,7.0,1.0,222.9212121212121,198.21818181818185,29.339393939393915,4.6363636363636545,0.11515151515151516,0
0.4444444444444444,0.2222222222222222,0,0,11,9.0,1.0,215.70909090909092,189.79393939393938,21.9818181818182,-3.933333333333337,0.11313131313131314,0
0.4166666666666667,0.2222222222222222,0,0,11,9.5,1.0,207.9030303030303,189.32727272727274,11.612121212121224,-6.96363636363634,0.11178451178451178,0
0.4166666666666667,0.2222222222222222,0,0,11,9.0,1.0,199.84242424242424,200.32727272727274,1.4242424242424363,1.909090909090935,0.11043771043771043,0
0.4444444444444444,0.25,0,0,11,9.0,1.0,196.03636363636363,219.83636363636364,-5.145454545454555,18.654545454545456,0.10841750841750841,0
0.4722222222222222,0.25,0,0,11,8.0,1.0,194.53333333333333,230.45454545454547,-0.5212121212121303,35.400000000000006,0.1063973063973064,0
0.4722222222222222,0.2222222222222222,2,0,11,4.0,0.5,196.14545454545453,231.61818181818182,22.99999999999997,58.47272727272727,0.10437710437710437,0
0.4166666666666667,0.2222222222222222,0,0,11,4.0,0.5,198.63030303030303,231.64848484848483,-1.1515151515151558,31.866666666666646,0.10303030303030303,0
0.3611111111111111,0.2222222222222222,0,0,11,7.0,1.0,231.80000000000004,200.21212121212122,11.163636363636414,-20.424242424242408,0.09966329966329966,0
0.3888888888888889,0.2222222222222222,0,0,11,7.5,1.0,232.16969696969696,201.70909090909092,21.95151515151514,-8.5090909090909,0.09966329966329966,0
0.4166666666666667,0.2222222222222222,0,0,11,8.0,0.8,231.39999999999998,203.4,29.18181818181816,1.181818181818187,0.09966329966329966,0
0.4166666666666667,0.25,0,0,11,9.0,0.8,227.55757575757573,203.29090909090908,28.903030303030278,4.636363636363626,0.09966329966329966,0
0.4166666666666667,0.25,0,0,11,9.0,0.8,220.24242424242425,184.32121212121214,20.133333333333354,-15.787878787878753,0.09966329966329966,0
0.4166666666666667,0.25,0,0,11,9.0,0.8,211.0242424242424,187.5030303030303,9.151515151515127,-14.369696969696975,0.09898989898989899,0
0.3888888888888889,0.25,0,0,11,9.0,0.8,203.69696969696972,198.15757575757576,0.5515151515151615,-4.987878787878799,0.09898989898989899,0
0.4166666666666667,0.5555555555555556,0,0,11,8.5,1.0,200.32727272727274,227.0060606060606,-4.854545454545445,21.824242424242414,0.09966329966329966,0
0.6111111111111112,0.5555555555555556,0,0,11,7.5,1.0,200.21212121212122,232.81818181818178,-1.3333333333333144,31.272727272727252,0.09898989898989899,0
0.5833333333333334,0.5277777777777778,14,0,11,1.0,0.3333333333333333,201.70909090909092,232.5272727272727,55.47272727272727,86.29090909090905,0.09898989898989899,0
0.3055555555555556,0.5277777777777778,0,0,11,8.5,1.0,203.4,232.46666666666667,-11.327272727272714,17.73939393939395,0.09966329966329966,0
0.19444444444444445,0.5,0,0,11,11.0,1.0,203.29090909090908,232.46666666666667,-30.21818181818182,-1.0424242424242323,0.09898989898989899,0
0.6666666666666666,0.6111111111111112,0,0,11,11.0,1.0,233.13333333333335,155.430303030303,-0.539393939393932,-78.24242424242428,0.14814814814814814,0
0.8611111111111112,0.6111111111111112,0,0,11,3.0,0.3333333333333333,232.1030303030303,160.0,44.26666666666665,-27.836363636363643,0.15151515151515152,0
0.8888888888888888,0.6111111111111112,0,6,11,1.0,0.21428571428571427,232.03636363636363,157.81212121212118,97.85454545454544,23.630303030302997,0.15488215488215487,0
0.9166666666666666,0.6111111111111112,0,0,11,5.0,0.5,232.54545454545453,163.70303030303032,97.34545454545454,28.50303030303033,0.15824915824915825,0
0.4166666666666667,0.6111111111111112,0,0,11,7.5,1.0,218.37575757575758,175.4121212121212,46.648484848484856,3.6848484848484873,0.16161616161616163,0
0.4166666666666667,0.2222222222222222,7,0,11,8.0,1.0,185.23030303030305,184.0727272727273,25.866666666666674,24.709090909090918,0.16498316498316498,0
0.4444444444444444,0.2222222222222222,7,0,11,8.5,1.0,152.4060606060606,192.04242424242423,3.4969696969696997,43.133333333333326,0.16835016835016836,0
0.4166666666666667,0.2222222222222222,7,0,11,8.5,1.0,147.03636363636363,200.9878787878788,-18.127272727272725,35.82424242424244,0.1717171717171717,0
0.4444444444444444,0.2222222222222222,0,0,11,8.0,0.8,155.43030303030304,209.25454545454545,-21.606060606060595,32.21818181818182,0.1750841750841751,0
0.4166666666666667,0.2222222222222222,0,0,11,7.5,0.75,160.0,213.34545454545454,-24.03636363636363,29.309090909090912,0.17643097643097644,0
0.3611111111111111,0.2222222222222222,0,0,11,7.0,1.0,157.8121212121212,213.5151515151515,-33.33333333333334,22.369696969696946,0.17845117845117844,0
0.5277777777777778,0.2222222222222222,0,0,11,4.5,0.5,213.69090909090906,176.9818181818182,41.65454545454543,4.945454545454567,0.1750841750841751,0
0.5833333333333334,0.2222222222222222,0,0,11,6.0,0.5714285714285714,214.0787878787879,174.4727272727273,45.75151515151518,6.145454545454584,0.1771043771043771,0
0.4166666666666667,0.25,0,0,11,8.5,1.0,209.19999999999996,174.9272727272727,21.781818181818153,-12.4909090909091,0.18047138047138048,0
0.4722222222222222,0.25,0,0,11,9.0,0.8,194.66666666666666,176.81818181818178,11.393939393939377,-6.454545454545496,0.18316498316498317,0
0.5,0.2222222222222222,0,0,11,9.0,0.7142857142857143,179.04242424242423,180.430303030303,3.9878787878787705,5.375757575757547,0.18585858585858586,0
0.5,0.2222222222222222,0,0,11,9.0,1.0,175.9272727272727,188.25454545454545,3.3090909090908838,15.636363636363626,0.18787878787878787,0
0.5,0.25,0,0,11,8.5,0.8333333333333334,179.67272727272726,198.68484848484852,3.927272727272708,22.939393939393966,0.19124579124579125,0
0.5,0.2222222222222222,0,0,11,7.5,0.8333333333333334,181.9151515151515,205.84848484848484,5.4969696969697,29.430303030303037,0.19326599326599325,0
0.5,0.2222222222222222,0,0,11,6.5,1.0,176.9818181818182,208.83030303030304,-1.3090909090908838,30.53939393939396,0.19595959595959597,0
0.4166666666666667,0.2222222222222222,0,0,11,6.0,0.8,174.4727272727273,208.26666666666665,-12.109090909090895,21.68484848484846,0.2,0
0.3333333333333333,0.6111111111111112,0,0,11,11.0,0.75,206.10303030303032,156.80606060606058,-0.22424242424239083,-49.52121212121213,0.24848484848484848,0
0.75,0.6111111111111112,0,0,11,11.0,0.75,206.65454545454546,178.16969696969696,23.23636363636365,-5.24848484848485,0.24579124579124578,0
0.7777777777777778,0.6388888888888888,0,7,11,2.5,0.4166666666666667,207.15151515151516,176.8969696969697,68.66060606060606,38.406060606060606,0.24579124579124578,0
0.7777777777777778,0.6666666666666666,0,7,11,3.0,0.46153846153846156,207.20000000000002,177.10303030303032,94.80000000000001,64.70303030303032,0.24781144781144782,0
0.4444444444444444,0.6666666666666666,0,0,11,8.0,1.0,199.26060606060605,178.9030303030303,19.096969696969694,-1.260606060606051,0.24983164983164982,0
0.4444444444444444,0.6666666666666666,0,0,11,9.0,1.0,176.0787878787879,181.96363636363637,-1.7757575757575523,4.109090909090924,0.25117845117845117,0
0.4722222222222222,0.2222222222222222,0,0,11,9.0,1.0,144.76969696969698,186.5030303030303,-31.72121212121212,10.012121212121201,0.25252525252525254,0
0.4722222222222222,0.2222222222222222,0,0,11,10.0,1.0,143.6848484848485,195.4727272727273,-32.66060606060606,19.127272727272754,0.25252525252525254,0
0.4722222222222222,0.2222222222222222,0,0,11,10.0,1.0,156.80606060606058,204.12121212121212,-21.666666666666686,25.648484848484856,0.2518518518518518,0
0.4444444444444444,0.2222222222222222,0,0,11,9.5,1.0,178.16969696969696,210.69696969696966,-3.7212121212121474,28.806060606060555,0.2518518518518518,0
0.3333333333333333,0.75,0,0,11,11.0,0.75,211.53333333333333,167.8181818181818,-1.1030303030302946,-44.81818181818181,0.23434343434343435,0
0.8611111111111112,0.7777777777777778,0,0,11,11.0,1.0,211.0,192.9272727272727,13.109090909090895,-4.963636363636397,0.22962962962962963,0
0.8888888888888888,0.8333333333333334,0,7,11,2.0,0.35714285714285715,210.64242424242425,196.030303030303,71.04242424242426,56.43030303030301,0.22693602693602694,0
0.9166666666666666,0.8333333333333334,0,7,11,2.0,0.4,211.25454545454545,196.45454545454547,91.45454545454545,76.65454545454547,0.22424242424242424,0
0.4722222222222222,0.8333333333333334,0,0,11,8.0,1.0,207.0969696969697,198.54545454545453,20.642424242424227,12.090909090909065,0.22154882154882155,0
0.4722222222222222,0.8611111111111112,0,0,11,9.0,1.0,183.37575757575758,201.0666666666667,-13.824242424242414,3.8666666666667027,0.21885521885521886,0
0.4722222222222222,0.25,0,0,11,10.0,1.0,152.430303030303,206.16363636363636,-42.69696969696972,11.036363636363632,0.21414141414141413,0
0.4722222222222222,0.25,0,0,11,10.0,1.0,148.61818181818182,213.74545454545455,-47.14545454545453,17.9818181818182,0.20942760942760943,0
0.4444444444444444,0.25,0,0,11,10.0,1.0,167.8181818181818,221.63030303030303,-30.654545454545456,23.157575757575756,0.2053872053872054,0
0.4444444444444444,0.2222222222222222,0,0,11,9.0,1.0,192.9272727272727,226.1090909090909,-8.472727272727298,24.70909090909089,0.2026936026936027,0
0.4166666666666667,0.2222222222222222,0,0,11,9.5,1.0,196.030303030303,227.82424242424239,-7.296969696969711,24.49696969696967,0.19932659932659932,0
0.3611111111111111,0.2222222222222222,0,0,11,9.0,1.0,196.45454545454547,229.36969696969697,-17.309090909090884,15.606060606060623,0.19393939393939394,0
0.9166666666666666,0.8888888888888888,0,0,11,3.5,0.5,232.5636363636364,220.5878787878788,42.78181818181821,30.806060606060612,0.11717171717171718,1
0.2777777777777778,0.8333333333333334,0,7,11,8.5,1.0,196.5878787878788,151.36969696969697,0.460606060606068,-44.75757575757575,0.21346801346801347,0
1.0,1.0277777777777777,0,6,11,11.0,1.0,195.35151515151517,200.5272727272727,23.242424242424278,28.418181818181807,0.21885521885521886,0
1.0277777777777777,1.0277777777777777,9,6,11,2.0,0.2222222222222222,195.84848484848484,212.29696969696968,101.99393939393939,118.44242424242422,0.22356902356902356,0
1.0277777777777777,1.0277777777777777,9,5,11,2.0,0.21052631578947367,196.0,216.81212121212124,130.2909090909091,151.10303030303032,0.22895622895622897,0
0.3888888888888889,1.0277777777777777,0,2,11,6.0,0.8,187.95757575757577,218.69090909090906,5.030303030303031,35.76363636363632,0.232996632996633,0
0.3333333333333333,1.0277777777777777,0,2,11,7.5,1.0,154.03030303030303,218.20606060606062,-51.44242424242424,12.733333333333348,0.23636363636363636,0
0.4444444444444444,0.3611111111111111,0,0,11,10.5,1.0,171.32727272727274,155.70909090909092,-2.8545454545454447,-18.47272727272727,0.28484848484848485,0
1.0277777777777777,1.0277777777777777,0,0,11,10.0,1.0,168.8969696969697,192.05454545454543,-9.103030303030295,14.054545454545433,0.28619528619528617,0
1.0277777777777777,1.0277777777777777,6,0,11,3.0,0.4,169.97575757575757,208.26666666666665,67.63030303030303,105.92121212121211,0.2882154882154882,0
1.0277777777777777,1.0277777777777777,6,0,11,2.0,0.3157894736842105,172.24242424242425,208.6,73.15151515151516,109.5090909090909,0.28888888888888886,0
0.5555555555555556,1.0277777777777777,0,0,11,8.5,0.6666666666666666,174.9939393939394,208.4121212121212,14.575757575757592,47.9939393939394,0.28888888888888886,0
0.3333333333333333,1.0277777777777777,0,0,11,11.0,1.0,151.50909090909093,208.27878787878788,-56.109090909090895,0.6606060606060566,0.28888888888888886,0
0.5,0.2222222222222222,4,0,11,11.0,1.0,205.4181818181818,172.10303030303032,12.836363636363615,-20.47878787878787,0.24781144781144782,0
0.5,0.25,3,0,11,9.0,1.0,206.81818181818184,172.68484848484846,25.76363636363638,-8.369696969697003,0.24646464646464647,0
0.5277777777777778,0.25,3,0,11,8.0,1.0,206.79999999999998,165.0848484848485,30.72727272727272,-10.98787878787877,0.24444444444444444,0
0.5277777777777778,0.25,3,0,11,9.0,1.0,202.4242424242424,155.1090909090909,30.660606060606057,-16.654545454545456,0.24242424242424243,0
0.5277777777777778,0.25,3,0,11,9.0,1.0,193.0666666666667,157.32727272727274,22.4848484848485,-13.25454545454545,0.23973063973063974,0
0.5,0.25,3,0,11,9.0,1.0,183.23636363636365,182.85454545454544,9.27272727272728,8.890909090909076,0.23703703703703705,0
0.7222222222222222,0.3611111111111111,3,0,11,9.0,1.0,176.29696969696968,211.25454545454545,2.787878787878782,37.74545454545455,0.23434343434343435,0
0.8333333333333334,0.3611111111111111,2,0,11,8.0,0.75,172.80606060606064,226.24848484848485,25.02424242424246,78.46666666666667,0.23232323232323232,0
0.8055555555555556,0.3611111111111111,1,0,11,4.5,0.5,172.1030303030303,226.29090909090908,28.066666666666663,82.25454545454545,0.23097643097643097,0
0.7777777777777778,0.3611111111111111,0,0,11,9.0,0.6666666666666666,172.68484848484852,224.76363636363635,-7.478787878787841,44.599999999999994,0.22895622895622897,0
0.3333333333333333,0.3611111111111111,0,0,11,11.0,1.0,165.0848484848485,224.83030303030304,-59.27878787878788,0.46666666666666856,0.22626262626262628,0
0.4722222222222222,0.5833333333333334,0,0,11,10.0,1.0,223.5272727272727,182.13333333333333,8.254545454545422,-33.139393939393955,0.21481481481481482,0
0.75,0.6111111111111112,0,0,11,8.0,0.8333333333333334,223.32121212121214,183.76363636363635,41.32121212121214,1.7636363636363512,0.21616161616161617,0
0.75,0.6388888888888888,0,9,11,6.0,0.5384615384615384,223.22424242424245,183.13939393939393,113.64242424242427,73.55757575757575,0.21683501683501682,0
0.5555555555555556,0.6388888888888888,0,0,11,8.0,1.0,220.62424242424242,183.4969696969697,43.0060606060606,5.878787878787875,0.2175084175084175,0
0.5277777777777778,0.6388888888888888,0,0,11,8.0,1.0,206.72727272727272,185.9212121212121,22.45454545454544,1.6484848484848271,0.2175084175084175,0
0.5,0.25,0,0,11,10.0,1.0,168.95151515151517,190.80606060606064,-15.557575757575734,6.2969696969697395,0.21818181818181817,0
0.5277777777777778,0.25,0,0,11,10.0,1.0,156.4,199.45454545454547,-26.109090909090895,16.945454545454567,0.21818181818181817,0
0.5277777777777778,0.25,0,0,11,9.0,1.0,157.15757575757576,208.45454545454547,-25.24242424242425,26.054545454545462,0.21818181818181817,0
0.4722222222222222,0.25,0,0,11,8.0,1.0,182.13333333333333,215.34545454545454,-3.448484848484867,29.76363636363635,0.21818181818181817,0
0.5,0.25,0,0,11,7.0,1.0,183.76363636363635,217.4,-6.01818181818183,27.618181818181824,0.21818181818181817,0
0.4444444444444444,0.2222222222222222,0,0,11,6.5,1.0,183.13939393939393,217.76363636363635,-13.915151515151535,20.70909090909089,0.2175084175084175,0
0.3055555555555556,0.3611111111111111,0,0,11,11.0,1.0,219.02424242424243,160.4848484848485,-0.15757575757575637,-58.69696969696969,0.235016835016835,0
0.5277777777777778,0.3888888888888889,0,0,11,11.0,1.0,219.04242424242423,156.0,7.8060606060605835,-55.23636363636365,0.23164983164983166,0
0.5555555555555556,0.3888888888888889,0,9,11,6.0,0.6666666666666666,218.9212121212121,149.24242424242425,52.46666666666664,-17.212121212121218,0.22962962962962963,0
0.5833333333333334,0.4166666666666667,0,9,11,7.0,0.6666666666666666,218.9212121212121,154.35757575757575,63.73939393939392,-0.824242424242442,0.22626262626262628,0
0.4722222222222222,0.4166666666666667,0,0,11,8.0,1.0,216.4,166.86666666666667,46.145454545454555,-3.387878787878776,0.2255892255892256,0
0.5,0.4166666666666667,6,0,11,9.0,1.0,198.9575757575758,178.37575757575758,42.939393939393966,22.357575757575745,0.22424242424242424,0
0.5555555555555556,0.2222222222222222,7,0,11,10.0,1.0,177.62424242424242,187.72727272727272,35.896969696969705,46.0,0.22356902356902356,0
0.5833333333333334,0.2222222222222222,6,0,11,10.0,0.8571428571428571,163.96363636363637,197.70303030303026,13.981818181818198,47.72121212121209,0.2222222222222222,0
0.6111111111111112,0.25,0,0,11,9.0,0.8571428571428571,160.48484848484847,206.80000000000004,-10.878787878787904,35.436363636363666,0.22154882154882155,0
0.5555555555555556,0.2222222222222222,0,0,11,7.0,0.875,156.0,211.10909090909092,-23.25454545454545,31.854545454545473,0.2202020202020202,0
0.4722222222222222,0.25,0,0,11,7.0,0.8571428571428571,149.24242424242425,212.74545454545455,-35.26666666666665,28.23636363636365,0.21952861952861952,0
0.4444444444444444,0.9722222222222222,0,0,11,10.0,1.0,214.4242424242424,165.45454545454547,-4.975757575757598,-53.94545454545454,0.19326599326599325,0
0.9722222222222222,1.0,0,0,11,10.0,1.0,214.4787878787879,186.0909090909091,24.04242424242426,-4.345454545454544,0.18787878787878787,0
1.0,1.0277777777777777,0,9,11,2.0,0.3333333333333333,214.62424242424242,189.67878787878786,142.33333333333331,117.38787878787876,0.18451178451178452,0
1.0277777777777777,1.0277777777777777,0,0,11,5.5,0.6,216.20606060606062,188.96363636363637,89.06060606060608,61.81818181818183,0.18181818181818182,0
0.4166666666666667,1.0277777777777777,0,0,11,8.0,1.0,208.36969696969697,190.21212121212125,29.660606060606057,11.503030303030329,0.17912457912457913,0
0.3888888888888889,0.5555555555555556,0,0,11,8.0,1.0,160.70909090909092,193.3939393939394,-29.799999999999983,2.8848484848485043,0.17777777777777778,0
0.3888888888888889,0.2222222222222222,0,0,11,9.0,1.0,129.95757575757577,200.16363636363636,-59.096969696969694,11.109090909090895,0.17777777777777778,0
0.2222222222222222,0.5833333333333334,0,0,11,11.0,1.0,223.73939393939395,164.5818181818182,-1.1333333333333258,-60.29090909090908,0.1569023569023569,0
0.8055555555555556,0.7777777777777778,0,0,11,11.0,1.0,224.12727272727273,190.04242424242423,-1.527272727272731,-35.612121212121224,0.15218855218855218,0
0.8611111111111112,0.8055555555555556,0,9,11,2.0,0.25,224.96969696969697,200.1090909090909,97.93333333333334,73.07272727272726,0.14814814814814814,0
0.8611111111111112,0.8333333333333334,0,9,11,2.0,0.35714285714285715,225.32121212121214,199.79393939393938,101.8848484848485,76.35757575757575,0.14612794612794613,0
0.5277777777777778,0.8333333333333334,0,0,11,6.5,1.0,225.6181818181818,201.18787878787876,55.76363636363635,31.333333333333314,0.1447811447811448,0
0.4166666666666667,0.8333333333333334,0,0,11,7.5,1.0,192.5212121212121,203.0727272727273,-7.9333333333333655,2.6181818181818244,0.14343434343434344,0
0.4166666666666667,0.2222222222222222,0,0,11,9.0,1.0,158.70909090909092,206.68484848484852,-41.109090909090895,6.866666666666703,0.14276094276094276,0
0.4166666666666667,0.2222222222222222,0,0,11,9.0,1.0,140.1090909090909,212.0787878787879,-59.94545454545457,12.02424242424243,0.14276094276094276,0
0.4166666666666667,0.2222222222222222,0,0,11,9.0,1.0,164.5818181818182,220.0181818181818,-34.92727272727271,20.5090909090909,0.14074074074074075,0
0.3888888888888889,0.2222222222222222,0,0,11,9.5,1.0,190.04242424242423,227.03030303030303,-13.957575757575768,23.03030303030303,0.13872053872053872,0
0.3888888888888889,0.2222222222222222,0,0,11,8.5,1.0,200.10909090909092,230.72121212121212,-5.599999999999994,25.0121212121212,0.13737373737373737,0
0.8611111111111112,0.8611111111111112,0,0,11,8.0,1.0,231.5878787878788,196.80606060606064,3.0606060606060623,-31.72121212121209,0.10303030303030303,1
1.0277777777777777,0.5833333333333334,0,4,11,11.0,1.0,198.55151515151513,200.27878787878788,3.406060606060578,5.133333333333326,0.13400673400673402,0
1.0277777777777777,0.5833333333333334,0,3,11,3.0,0.25,197.34545454545454,219.5818181818182,55.92727272727274,78.16363636363639,0.13468013468013468,0
1.0277777777777777,0.5833333333333334,9,2,11,1.0,0.058823529411764705,197.39999999999998,223.29090909090908,136.4363636363636,162.3272727272727,0.13602693602693602,0
0.3611111111111111,0.5833333333333334,0,2,11,3.0,0.3333333333333333,196.76969696969695,224.83030303030304,30.151515151515127,58.21212121212122,0.13737373737373737,0
0.16666666666666666,0.5833333333333334,0,2,11,11.0,1.0,178.32727272727274,224.5515151515152,-36.47272727272727,9.751515151515179,0.13804713804713806,0
0.3611111111111111,0.2222222222222222,0,0,11,11.0,1.0,225.23030303030305,190.20606060606062,7.03030303030306,-27.99393939393937,0.1367003367003367,0
0.3611111111111111,0.2222222222222222,0,0,11,6.0,1.0,224.6060606060606,189.18181818181816,19.896969696969677,-15.52727272727276,0.13602693602693602,0
0.3888888888888889,0.25,0,0,11,7.0,1.0,223.84242424242424,190.46060606060607,26.660606060606057,-6.721212121212119,0.13737373737373737,0
0.4166666666666667,0.25,0,0,11,8.0,1.0,221.4363636363636,192.35757575757577,30.090909090909065,1.0121212121212295,0.1393939393939394,0
0.4444444444444444,0.25,0,0,11,8.0,0.8333333333333334,215.38181818181818,186.13333333333333,27.072727272727263,-2.1757575757575864,0.14074074074074075,0
0.4166666666666667,0.25,0,0,11,9.0,1.0,206.69696969696966,183.45454545454547,15.733333333333292,-7.509090909090901,0.1414141414141414,0
0.3888888888888889,0.25,0,0,11,8.0,0.8571428571428571,197.74545454545455,188.22424242424242,9.472727272727269,-0.04848484848486123,0.14276094276094276,0
0.3888888888888889,0.3333333333333333,0,0,11,8.0,1.0,192.27878787878785,202.21818181818182,0.13333333333329733,10.072727272727263,0.14343434343434344,0
0.4722222222222222,0.3333333333333333,0,0,11,7.0,1.0,190.20606060606062,210.84242424242424,-6.4484848484848385,14.187878787878788,0.1441077441077441,0
0.4444444444444444,0.3333333333333333,9,0,11,6.5,0.6666666666666666,189.18181818181816,211.46060606060607,19.581818181818164,41.860606060606074,0.1441077441077441,0
0.4722222222222222,0.25,0,0,11,6.0,0.8,190.46060606060607,212.1030303030303,6.351515151515173,27.9939393939394,0.1447811447811448,0
0.3333333333333333,0.2222222222222222,0,0,11,6.0,0.6666666666666666,192.35757575757577,214.430303030303,-18.606060606060595,3.46666666666664,0.14612794612794613,0
0.3611111111111111,0.2222222222222222,0,0,6,3.5,0.5,217.16363636363636,190.0666666666667,5.036363636363632,-22.060606060606034,0.13265993265993267,0
0.4166666666666667,0.2222222222222222,0,0,6,6.0,1.0,217.8909090909091,191.62424242424242,14.836363636363643,-11.430303030303037,0.12996632996632998,0
0.4166666666666667,0.2222222222222222,0,0,7,7.0,1.0,217.9818181818182,194.71515151515152,22.4909090909091,-0.7757575757575808,0.12794612794612795,0
0.4444444444444444,0.2222222222222222,0,0,8,8.0,1.0,216.53939393939393,186.9878787878788,25.5030303030303,-4.048484848484833,0.1259259259259259,0
0.4166666666666667,0.2222222222222222,0,0,9,8.0,1.0,211.05454545454543,178.62424242424242,22.945454545454538,-9.48484848484847,0.12457912457912458,0
0.4166666666666667,0.2222222222222222,0,0,9,8.0,0.8333333333333334,203.5575757575758,181.8969696969697,12.503030303030329,-9.157575757575756,0.12255892255892256,0
0.3611111111111111,0.25,0,0,10,8.0,0.8333333333333334,196.5272727272727,202.13939393939393,0.8181818181817846,6.430303030303008,0.12053872053872054,0
0.6111111111111112,0.25,0,0,11,7.5,0.8333333333333334,191.54545454545453,221.1090909090909,-5.836363636363643,23.72727272727272,0.1191919191919192,0
0.6111111111111112,0.25,0,0,11,6.0,0.625,190.06666666666663,227.70303030303032,22.19393939393936,59.83030303030304,0.11851851851851852,0
0.5277777777777778,0.25,9,0,11,4.0,0.5,191.62424242424242,227.1090909090909,21.0060606060606,56.49090909090907,0.1164983164983165,0
0.3611111111111111,0.25,0,0,11,11.0,1.0,194.71515151515155,227.4424242424242,-12.484848484848442,20.24242424242422,0.11515151515151516,0
0.3888888888888889,0.2222222222222222,0,0,9,8.0,1.0,226.0242424242424,192.5090909090909,28.824242424242414,-4.690909090909088,0.1286195286195286,0
0.3611111111111111,0.2222222222222222,0,0,10,8.0,1.0,221.03636363636363,174.12727272727273,26.072727272727263,-20.836363636363643,0.1292929292929293,0
0.3611111111111111,0.2222222222222222,0,0,11,8.0,1.0,212.36969696969697,149.87272727272727,19.333333333333343,-43.16363636363636,0.1292929292929293,0
0.3333333333333333,0.2222222222222222,0,0,10,8.0,1.0,203.86060606060605,164.23030303030305,9.133333333333326,-30.49696969696967,0.1286195286195286,0
0.4166666666666667,0.3611111111111111,0,0,9,9.0,1.0,198.16969696969696,196.5575757575758,2.1515151515151274,0.5393939393939604,0.1292929292929293,0
0.8611111111111112,0.8333333333333334,0,0,10,7.0,0.8333333333333334,195.0666666666667,234.9939393939394,8.28484848484851,48.21212121212122,0.1292929292929293,0
0.8333333333333334,0.8333333333333334,0,0,11,2.0,0.3333333333333333,194.24242424242425,237.32727272727274,54.66060606060606,97.74545454545455,0.1292929292929293,0
0.8055555555555556,0.8055555555555556,8,0,11,2.0,0.26666666666666666,194.5939393939394,236.74545454545455,71.33939393939394,113.4909090909091,0.1286195286195286,0
0.25,0.7777777777777778,0,0,11,11.0,1.0,192.5090909090909,235.1212121212121,-37.345454545454544,5.2666666666666515,0.12794612794612795,0
0.1388888888888889,0.75,0,0,11,11.0,1.0,174.12727272727273,233.569696969697,-62.43636363636364,-2.993939393939371,0.12996632996632998,0
0.3333333333333333,0.25,0,0,11,6.0,1.0,232.44242424242427,203.76969696969698,16.29696969696971,-12.375757575757575,0.12457912457912458,0
0.3333333333333333,0.25,0,0,11,7.0,1.0,233.04848484848483,204.30303030303034,23.26666666666665,-5.478787878787841,0.1292929292929293,0
0.3333333333333333,0.25,0,0,11,8.0,1.0,231.16363636363636,202.68484848484846,24.345454545454544,-4.133333333333354,0.13265993265993267,0
0.3611111111111111,0.25,0,0,11,8.0,1.0,225.4969696969697,190.30909090909088,20.26060606060605,-14.927272727272765,0.13602693602693602,0
0.3611111111111111,0.25,0,0,11,8.0,0.8333333333333334,217.70303030303032,168.0969696969697,14.648484848484856,-34.95757575757577,0.14006734006734006,0
0.3611111111111111,0.25,0,0,11,8.0,1.0,210.9151515151515,172.4666666666667,7.896969696969677,-30.551515151515133,0.14276094276094276,0
0.3611111111111111,0.5,0,0,11,8.0,1.0,207.27878787878788,189.04848484848483,0.44242424242423795,-17.78787878787881,0.1447811447811448,0
0.6111111111111112,0.5555555555555556,0,0,11,8.0,1.0,205.03636363636363,214.0121212121212,6.836363636363643,15.812121212121212,0.1468013468013468,0
0.5555555555555556,0.5555555555555556,5,0,11,2.0,0.3333333333333333,203.76969696969698,214.5575757575758,37.878787878787875,48.666666666666686,0.1494949494949495,0
0.5277777777777778,0.4722222222222222,5,0,11,2.0,0.3333333333333333,204.30303030303034,213.5090909090909,64.10303030303035,73.30909090909091,0.15016835016835017,0
0.19444444444444445,0.4444444444444444,5,0,11,11.0,1.0,202.68484848484846,213.0727272727273,-8.624242424242453,1.7636363636363797,0.15151515151515152,0
0.16666666666666666,0.4166666666666667,5,0,11,11.0,1.0,190.30909090909094,213.22424242424242,-25.327272727272685,-2.412121212121207,0.15488215488215487,0
1.0277777777777777,0.6388888888888888,2,0,11,8.0,1.0,181.19393939393942,197.47272727272727,12.739393939393949,29.0181818181818,0.2127946127946128,0
1.0277777777777777,0.6388888888888888,2,0,11,3.0,0.4444444444444444,178.1090909090909,206.9757575757576,43.39999999999998,72.26666666666668,0.21481481481481482,0
0.9722222222222222,0.6388888888888888,1,0,11,2.0,0.25,176.6,206.65454545454546,83.12727272727273,113.18181818181819,0.21683501683501682,0
0.3611111111111111,0.6388888888888888,1,0,11,3.0,0.4,173.70303030303032,206.65454545454546,-3.2787878787878526,29.672727272727286,0.21952861952861952,0
0.19444444444444445,0.6388888888888888,1,0,11,11.0,1.0,159.8969696969697,206.25454545454545,-48.28484848484848,-1.9272727272727366,0.22356902356902356,0
0.5555555555555556,0.2222222222222222,0,0,11,9.0,0.8571428571428571,200.79999999999998,179.4,29.76363636363635,8.363636363636374,0.2383838383838384,0
0.5277777777777778,0.2222222222222222,0,0,11,10.5,1.0,194.5575757575758,165.1090909090909,23.339393939393972,-6.109090909090924,0.23703703703703705,0
0.5,0.2222222222222222,0,0,11,10.5,1.0,185.64848484848486,154.96363636363637,11.52121212121213,-19.163636363636357,0.235016835016835,0
0.5,0.2222222222222222,0,0,11,10.5,1.0,176.9878787878788,159.24242424242425,0.9151515151515355,-16.830303030303014,0.232996632996633,0
0.4722222222222222,0.6666666666666666,0,0,11,9.5,1.0,172.5939393939394,186.32121212121214,-8.22424242424242,5.503030303030329,0.23097643097643097,0
0.8611111111111112,0.6666666666666666,0,0,11,9.0,0.8888888888888888,172.12727272727273,207.9878787878788,-9.181818181818187,26.678787878787887,0.22895622895622897,0
0.8333333333333334,0.6666666666666666,0,0,11,3.0,0.4666666666666667,173.80606060606058,214.69696969696972,40.606060606060595,81.49696969696973,0.22828282828282828,0
0.8055555555555556,0.6388888888888888,0,0,11,3.0,0.4666666666666667,177.0060606060606,214.64242424242423,26.624242424242425,64.26060606060605,0.22828282828282828,0
0.3888888888888889,0.6111111111111112,0,0,11,8.0,1.0,179.4,214.26666666666665,-14.74545454545455,20.121212121212096,0.22828282828282828,0
0.25,0.6111111111111112,0,0,11,9.0,1.0,165.1090909090909,214.83030303030304,-49.32727272727274,0.39393939393940514,0.22962962962962963,0
0.5833333333333334,0.2222222222222222,0,4,11,9.5,1.0,184.5090909090909,201.83030303030304,-0.9454545454545666,16.375757575757575,0.1622895622895623,0
1.0,0.2222222222222222,0,3,11,6.5,0.75,182.0,227.45454545454547,18.690909090909088,64.14545454545456,0.1595959595959596,0
1.0,0.2222222222222222,0,3,11,2.0,0.23076923076923078,182.0,230.9212121212121,50.45454545454547,99.37575757575758,0.1569023569023569,0
1.0,0.2222222222222222,0,2,11,2.5,0.3333333333333333,183.4969696969697,235.1090909090909,28.151515151515156,79.76363636363635,0.1542087542087542,0
0.1388888888888889,0.2222222222222222,0,2,11,8.5,1.0,177.6060606060606,236.569696969697,-47.666666666666686,11.296969696969711,0.15084175084175083,0
0.8611111111111112,0.8611111111111112,0,0,8,7.0,1.0,235.20606060606062,213.0787878787879,-0.1393939393939263,-22.26666666666665,0.09494949494949495,1
0.3611111111111111,0.3888888888888889,0,0,11,9.0,1.0,206.16969696969696,166.12121212121212,5.151515151515127,-34.896969696969705,0.15757575757575756,0
1.0277777777777777,1.0277777777777777,0,0,10,8.0,1.0,203.47272727272727,200.84848484848484,2.5999999999999943,-0.024242424242430616,0.16161616161616163,0
1.0,1.0277777777777777,1,0,9,2.0,0.25,202.15151515151516,213.33333333333334,90.86060606060606,102.04242424242425,0.16565656565656567,0
1.0,1.0277777777777777,1,0,8,2.0,0.2222222222222222,201.53939393939393,213.80606060606064,91.70303030303029,103.969696969697,0.16902356902356902,0
0.4722222222222222,1.0,1,0,7,3.0,0.4,201.12727272727273,213.54545454545453,24.854545454545445,37.27272727272725,0.1744107744107744,0
0.16666666666666666,0.9722222222222222,1,0,6,6.0,1.0,171.0606060606061,213.52727272727273,-41.19393939393936,1.2727272727272805,0.18181818181818182,0
0.3611111111111111,0.2222222222222222,2,0,8,7.0,1.0,211.67878787878792,174.84848484848487,20.969696969696997,-15.860606060606045,0.2080808080808081,0
0.3611111111111111,0.2222222222222222,3,0,8,7.0,1.0,211.9030303030303,173.72121212121215,29.193939393939388,-8.98787878787877,0.21077441077441078,0
0.3888888888888889,0.25,3,0,9,7.5,1.0,209.5939393939394,172.430303030303,31.066666666666663,-6.0969696969697225,0.21346801346801347,0
0.3888888888888889,0.25,3,0,10,8.0,1.0,202.4363636363636,152.64848484848486,25.21818181818179,-24.569696969696963,0.21414141414141413,0
0.4166666666666667,0.25,3,0,11,8.5,1.0,192.63030303030303,146.9090909090909,16.75757575757575,-28.96363636363637,0.21414141414141413,0
0.4166666666666667,0.25,3,0,11,8.5,1.0,183.9818181818182,157.53939393939393,12.527272727272731,-13.915151515151535,0.21414141414141413,0
0.4444444444444444,0.8611111111111112,3,0,11,8.0,1.0,179.4848484848485,188.97575757575757,5.6484848484848555,15.139393939393926,0.21548821548821548,0
0.8888888888888888,0.8333333333333334,3,0,11,8.0,1.0,177.20606060606062,204.94545454545457,5.206060606060618,32.94545454545457,0.21818181818181817,0
0.8611111111111112,0.8333333333333334,3,0,10,2.0,0.3333333333333333,174.84848484848487,204.55151515151513,62.73939393939396,92.44242424242422,0.22154882154882155,0
0.8611111111111112,0.8055555555555556,3,0,10,6.0,0.5714285714285714,173.72121212121215,203.81818181818184,17.103030303030323,47.20000000000002,0.22356902356902356,0
0.25,0.7777777777777778,3,0,10,8.0,1.0,172.43030303030307,204.30303030303028,-31.46060606060604,0.41212121212117836,0.2255892255892256,0
0.4722222222222222,0.25,4,0,10,6.0,0.6666666666666666,205.9272727272727,177.02424242424243,9.799999999999983,-19.103030303030295,0.21481481481481482,0
0.4444444444444444,0.25,4,0,11,6.0,0.8,202.70303030303032,178.77575757575758,18.666666666666686,-5.260606060606051,0.21414141414141413,0
0.4166666666666667,0.25,4,0,11,6.5,0.875,201.55151515151513,180.3818181818182,24.5151515151515,3.3454545454545723,0.21346801346801347,0
0.4444444444444444,0.25,4,0,11,8.0,1.0,199.06060606060603,182.63636363636363,21.806060606060583,5.381818181818176,0.21144781144781144,0
0.4444444444444444,0.25,4,0,11,8.0,1.0,194.35151515151514,177.75151515151515,15.98787878787877,-0.6121212121212238,0.2101010101010101,0
0.4444444444444444,0.25,4,0,11,8.5,0.875,185.73333333333335,176.38787878787878,10.278787878787881,0.9333333333333087,0.20875420875420875,0
0.3611111111111111,0.25,4,0,10,9.0,1.0,179.4424242424242,186.85454545454544,-3.0666666666666913,4.345454545454544,0.2080808080808081,0
0.3888888888888889,0.2777777777777778,4,0,9,8.5,1.0,177.55151515151513,202.5515151515152,-5.630303030303054,19.369696969697003,0.2080808080808081,0
0.6388888888888888,0.2777777777777778,4,0,8,8.0,1.0,177.02424242424243,213.84242424242424,-5.193939393939388,31.624242424242425,0.2074074074074074,0
0.6111111111111112,0.2777777777777778,4,0,7,7.0,0.8,178.77575757575758,214.0363636363636,10.921212121212136,46.18181818181816,0.2080808080808081,0
0.5833333333333334,0.2777777777777778,4,0,6,6.0,0.6666666666666666,180.38181818181818,213.6181818181818,1.2909090909090821,34.5272727272727,0.20942760942760943,0
0.3611111111111111,0.2222222222222222,5,0,8,7.0,1.0,213.9212121212121,181.29696969696968,20.666666666666657,-11.957575757575768,0.18316498316498317,0
0.3611111111111111,0.2222222222222222,5,0,9,7.0,1.0,214.18181818181816,183.15151515151516,27.99999999999997,-3.030303030303031,0.18047138047138048,0
0.3888888888888889,0.25,5,0,10,8.0,1.0,210.5151515151515,171.03636363636363,28.69696969696969,-10.781818181818181,0.17777777777777778,0
0.3888888888888889,0.25,5,0,11,8.5,1.0,203.46060606060607,158.2909090909091,22.878787878787875,-22.290909090909082,0.17306397306397306,0
0.3888888888888889,0.25,5,0,11,8.5,0.8333333333333334,194.27272727272725,161.6,13.872727272727246,-18.80000000000001,0.16835016835016836,0
0.3888888888888889,0.25,5,0,11,8.0,0.8,187.0848484848485,192.5090909090909,4.175757575757586,9.599999999999994,0.16565656565656567,0
0.8888888888888888,0.3888888888888889,0,0,11,8.5,1.0,182.86060606060605,224.4060606060606,-3.28484848484851,38.26060606060605,0.1622895622895623,0
0.8888888888888888,0.3888888888888889,5,0,11,3.0,0.4444444444444444,180.9333333333333,238.5818181818182,36.87878787878785,94.52727272727273,0.1595959595959596,0
0.8333333333333334,0.3888888888888889,4,0,11,2.0,0.23076923076923078,181.29696969696968,238.66060606060606,36.6242424242424,93.98787878787877,0.15622895622895622,0
0.5,0.3888888888888889,0,0,11,4.5,0.5,183.15151515151516,237.4121212121212,-12.921212121212108,41.33939393939394,0.15286195286195287,0
0.1388888888888889,0.3888888888888889,0,0,10,10.0,1.0,171.03636363636363,237.24848484848485,-65.74545454545455,0.46666666666666856,0.15016835016835017,0
0.75,0.8333333333333334,0,0,11,7.5,1.0,239.0727272727273,173.10303030303032,2.3454545454545723,-63.6242424242424,0.15151515151515152,0
0.8888888888888888,0.8611111111111112,0,0,11,4.0,0.6666666666666666,239.04848484848483,186.46060606060607,46.121212121212096,-6.466666666666669,0.1542087542087542,0
0.9166666666666666,0.9166666666666666,0,0,11,1.0,0.3125,237.94545454545457,186.72727272727275,118.09090909090911,66.87272727272729,0.1569023569023569,0
0.9166666666666666,0.9166666666666666,0,0,11,6.5,0.75,237.17575757575756,186.4666666666667,89.77575757575755,39.06666666666669,0.16094276094276094,0
0.4166666666666667,0.9166666666666666,0,0,11,8.0,1.0,222.29696969696968,187.4848484848485,37.351515151515144,2.5393939393939604,0.16430976430976432,0
0.4444444444444444,0.25,0,0,11,8.0,1.0,183.16969696969696,191.0545454545455,-3.793939393939411,4.090909090909122,0.16835016835016836,0
0.4166666666666667,0.25,0,0,11,9.0,1.0,153.3939393939394,198.45454545454547,-34.078787878787864,10.981818181818198,0.17306397306397306,0
0.4166666666666667,0.25,0,0,11,9.0,1.0,150.73333333333335,207.01818181818183,-35.0121212121212,21.27272727272728,0.17845117845117844,0
0.4166666666666667,0.25,0,0,11,9.0,1.0,173.1030303030303,214.15757575757576,-13.078787878787892,27.97575757575757,0.18316498316498317,0
0.4166666666666667,0.25,0,0,11,8.0,1.0,186.46060606060607,217.71515151515155,-4.066666666666663,27.187878787878816,0.18518518518518517,0
0.3611111111111111,0.25,0,0,11,8.0,1.0,186.72727272727275,218.569696969697,-9.72727272727272,22.115151515151524,0.18855218855218855,0
0.25,0.6111111111111112,0,0,11,11.0,0.6666666666666666,217.0848484848485,180.17575757575756,-1.242424242424221,-38.151515151515156,0.20606060606060606,0
0.6666666666666666,0.6944444444444444,0,0,11,11.0,1.0,217.32121212121214,184.3939393939394,7.048484848484861,-25.878787878787875,0.20606060606060606,0
0.6944444444444444,0.6944444444444444,0,0,11,2.0,0.36363636363636365,217.5636363636364,182.9272727272727,53.4727272727273,18.836363636363615,0.2074074074074074,0
0.6111111111111112,0.6944444444444444,0,0,11,7.0,0.7142857142857143,217.9393939393939,181.70303030303032,48.75757575757572,12.52121212121213,0.20942760942760943,0
0.4166666666666667,0.6944444444444444,0,0,11,8.0,1.0,215.5151515151515,182.16969696969696,30.71515151515149,-2.630303030303054,0.21212121212121213,0
0.4444444444444444,0.2222222222222222,0,0,11,8.5,1.0,197.5636363636364,183.75151515151515,11.018181818181858,-2.7939393939393824,0.21481481481481482,0
0.4722222222222222,0.2222222222222222,0,0,11,8.5,0.875,181.18181818181816,188.33939393939394,-0.6545454545454845,6.5030303030303,0.21548821548821548,0
0.4444444444444444,0.2222222222222222,0,0,11,9.0,0.875,172.69090909090912,195.62424242424242,-7.7090909090908895,15.22424242424242,0.21616161616161617,0
0.4444444444444444,0.2222222222222222,0,0,11,9.0,1.0,180.17575757575756,202.33333333333334,-2.696969696969717,19.460606060606068,0.21683501683501682,0
0.4444444444444444,0.2222222222222222,0,0,11,8.0,1.0,184.3939393939394,204.64848484848486,1.1575757575757564,21.412121212121207,0.21683501683501682,0
0.4722222222222222,0.2222222222222222,0,0,11,7.0,0.8571428571428571,182.9272727272727,204.44848484848487,-2.218181818181847,19.30303030303031,0.21683501683501682,0
0.3888888888888889,0.2222222222222222,0,0,11,8.5,0.8333333333333334,181.70303030303032,204.77575757575758,-14.933333333333309,8.139393939393955,0.2175084175084175,0
1.0277777777777777,1.0277777777777777,0,0,11,11.0,1.0,210.68484848484846,167.04848484848483,-0.4787878787878981,-44.115151515151524,0.232996632996633,0
1.0277777777777777,1.0277777777777777,0,0,11,10.0,0.6666666666666666,210.83030303030304,182.0181818181818,60.70303030303032,31.890909090909076,0.232996632996633,0
1.0277777777777777,1.0277777777777777,0,0,11,1.0,0.3157894736842105,210.86666666666665,181.96363636363637,113.44848484848482,84.54545454545455,0.23164983164983166,0
0.9166666666666666,1.0277777777777777,0,0,11,7.0,0.8571428571428571,210.89696969696968,182.0181818181818,73.42424242424241,44.54545454545453,0.23097643097643097,0
0.3055555555555556,1.0277777777777777,0,0,11,9.5,1.0,190.79999999999998,182.85454545454547,9.363636363636346,1.4181818181818358,0.23030303030303031,0
0.19444444444444445,0.8055555555555556,0,0,11,11.0,1.0,215.35757575757575,174.11515151515152,-0.06060606060606233,-41.30303030303028,0.20134680134680136,0
0.8611111111111112,0.8611111111111112,0,0,11,11.0,1.0,215.3939393939394,196.87878787878788,0.6121212121212238,-17.903030303030306,0.19528619528619529,0
0.8888888888888888,0.9166666666666666,0,0,11,2.0,0.375,215.27878787878788,204.38181818181818,73.55151515151516,62.654545454545456,0.19057239057239056,0
0.9166666666666666,0.9166666666666666,0,0,11,2.0,0.4117647058823529,215.26666666666665,204.22424242424242,79.79393939393938,68.75151515151515,0.18787878787878787,0
0.4444444444444444,0.9166666666666666,0,0,11,8.0,1.0,215.05454545454543,204.6121212121212,32.818181818181785,22.375757575757547,0.18383838383838383,0
0.3333333333333333,0.9166666666666666,0,0,11,9.0,1.0,190.64242424242423,205.75151515151515,-13.9939393939394,1.115151515151524,0.1797979797979798,0
0.3333333333333333,0.25,0,0,11,9.5,1.0,163.9939393939394,210.78181818181818,-39.76969696969695,7.01818181818183,0.17643097643097644,0
0.3611111111111111,0.25,0,0,11,10.0,1.0,153.14545454545456,219.9212121212121,-51.599999999999994,15.175757575757558,0.17306397306397306,0
0.3611111111111111,0.25,0,0,11,9.0,1.0,174.11515151515152,229.25454545454545,-30.048484848484833,25.090909090909093,0.16835016835016836,0
0.3611111111111111,0.25,0,0,11,8.0,1.0,196.87878787878788,234.75757575757575,-8.048484848484861,29.830303030303014,0.16363636363636364,0
0.3611111111111111,0.25,0,0,11,7.0,1.0,204.38181818181818,235.32727272727274,-3.7818181818181813,27.163636363636385,0.16026936026936026,0
0.3055555555555556,0.25,0,0,11,6.0,1.0,204.22424242424242,236.0787878787879,-15.030303030303031,16.824242424242442,0.15622895622895622,0
0.8888888888888888,0.8611111111111112,0,0,9,9.0,1.0,233.9939393939394,213.04242424242423,-0.2969696969696827,-21.24848484848485,0.0861952861952862,1
0.45161290322580644,0.22580645161290322,0,0,11,6.0,0.75,231.36805555555557,185.52083333333334,26.65972222222223,-19.1875,0.13610586011342155,0
0.45161290322580644,0.22580645161290322,0,0,11,7.0,0.75,229.61111111111111,188.8402777777778,41.88194444444446,1.1111111111111427,0.15217391304347827,0
0.45161290322580644,0.22580645161290322,1,0,11,7.0,1.0,224.7847222222222,196.2152777777778,41.4722222222222,12.9027777777778,0.16729678638941398,0
0.45161290322580644,0.22580645161290322,2,0,11,7.0,1.0,215.83333333333334,202.72916666666666,29.541666666666686,16.4375,0.18052930056710775,0
0.45161290322580644,0.25806451612903225,2,0,9,6.0,1.0,185.77777777777774,187.76388888888889,-10.472222222222257,-8.486111111111114,0.2003780718336484,0
0.3870967741935484,0.2903225806451613,2,0,8,4.0,1.0,184.57638888888889,175.64583333333334,-21.673611111111114,-30.604166666666657,0.20699432892249528,0
0.3548387096774194,0.3225806451612903,2,0,7,4.5,0.75,185.52083333333334,165.70138888888889,-20.166666666666657,-39.986111111111114,0.21266540642722118,0
0.3870967741935484,0.3548387096774194,2,0,6,5.0,0.8,188.8402777777778,168.02083333333334,-8.3472222222222,-29.166666666666657,0.21361058601134217,0
0.5483870967741935,0.5161290322580645,2,0,6,5.0,0.6666666666666666,196.2152777777778,179.6111111111111,1.1527777777777999,-15.451388888888914,0.21172022684310018,0
0.4838709677419355,0.4838709677419355,2,0,6,5.5,1.0,202.72916666666666,195.64583333333334,31.6875,24.604166666666686,0.20982986767485823,0
0.4838709677419355,0.45161290322580644,1,0,7,5.0,1.0,203.04166666666666,206.38194444444446,42.208333333333314,45.548611111111114,0.2051039697542533,0
0.4838709677419355,0.45161290322580644,1,0,8,5.5,1.0,199.3125,206.79861111111111,34.08333333333334,41.56944444444446,0.19754253308128544,0
0.45161290322580644,0.41935483870967744,0,0,9,5.5,1.0,187.76388888888889,203.20138888888889,9.763888888888886,25.201388888888886,0.1880907372400756,0
0.41935483870967744,0.3870967741935484,0,0,9,5.0,1.0,175.64583333333334,206.7847222222222,-19.958333333333314,11.180555555555543,0.18147448015122875,0
0.41935483870967744,0.3870967741935484,0,0,9,6.0,1.0,165.70138888888889,218.32638888888889,-47.63194444444446,4.993055555555543,0.19187145557655955,0
0.45161290322580644,0.2903225806451613,0,0,8,4.0,0.6666666666666666,168.02083333333334,228.2222222222222,-42.1875,18.013888888888857,0.19754253308128544,0
0.45161290322580644,0.2903225806451613,0,0,7,3.5,0.5,179.6111111111111,231.75694444444443,-17.24305555555557,34.90277777777777,0.1947069943289225,0
0.6129032258064516,0.7096774193548387,0,0,8,8.0,1.0,228.2222222222222,188.1875,-2.7152777777778,-42.75,0.1947069943289225,0
0.7741935483870968,0.7096774193548387,0,0,9,6.5,1.0,231.75694444444443,196.84722222222226,35.986111111111086,1.0763888888889142,0.18620037807183365,0
0.7741935483870968,0.7096774193548387,0,0,10,2.0,0.4166666666666667,231.76388888888889,195.28472222222226,84.68055555555554,48.201388888888914,0.18525519848771266,0
0.7741935483870968,0.7096774193548387,0,0,11,4.0,0.5555555555555556,231.33333333333334,197.15972222222226,65.29166666666669,31.1180555555556,0.1890359168241966,0
0.5483870967741935,0.7741935483870968,0,0,11,7.0,1.0,219.4027777777778,184.6875,20.7152777777778,-14.0,0.1880907372400756,0
0.4838709677419355,0.3548387096774194,0,0,11,7.0,0.8,191.2638888888889,174.63194444444446,-8.569444444444429,-25.201388888888886,0.18525519848771266,0
0.45161290322580644,0.3225806451612903,0,0,10,7.0,0.8,169.63194444444446,173.38194444444446,-22.388888888888886,-18.638888888888886,0.19754253308128544,0
0.41935483870967744,0.3225806451612903,0,0,11,7.0,0.8,170.60416666666666,194.875,-23.395833333333343,0.875,0.21266540642722118,0
0.6774193548387096,0.4838709677419355,0,0,11,7.0,1.0,188.1875,208.63194444444446,-17.270833333333343,3.1736111111111143,0.21928166351606806,0
0.6129032258064516,0.22580645161290322,5,0,11,3.0,0.5,196.84722222222226,206.36111111111111,42.2430555555556,51.75694444444446,0.22400756143667297,0
0.3548387096774194,0.41935483870967744,0,0,11,8.0,1.0,184.6875,192.61111111111111,-34.39583333333334,-26.47222222222223,0.24291115311909262,0
0.3870967741935484,0.3225806451612903,0,0,11,3.5,0.5,174.63194444444446,182.54166666666666,-30.4722222222222,-22.5625,0.2448015122873346,0
0.3870967741935484,0.3225806451612903,0,0,11,3.0,0.2,173.38194444444446,181.7152777777778,-21.513888888888886,-13.180555555555543,0.22495274102079396,0
0.3870967741935484,0.8064516129032258,0,0,11,3.0,0.3333333333333333,194.875,199.29166666666666,-9.708333333333343,-5.291666666666686,0.20982986767485823,0
0.8064516129032258,0.8064516129032258,0,0,10,3.0,0.3333333333333333,208.63194444444446,208.27083333333334,-3.305555555555543,-3.666666666666657,0.2051039697542533,0
0.7741935483870968,0.7741935483870968,0,0,9,2.0,0.3,206.36111111111111,205.91666666666666,45.048611111111114,44.60416666666666,0.1994328922495274,0
0.7096774193548387,0.7741935483870968,1,0,8,2.5,0.375,201.5277777777778,202.7638888888889,27.1527777777778,28.388888888888914,0.19092627599243855,0
0.3225806451612903,0.6451612903225806,1,0,8,6.0,0.75,203.80555555555557,208.72916666666666,-5.6527777777777715,-0.7291666666666856,0.18525519848771266,0
0.41935483870967744,0.3225806451612903,0,0,8,6.0,1.0,192.61111111111111,218.0,-21.430555555555543,3.958333333333343,0.17958412098298676,0
0.41935483870967744,0.3225806451612903,0,0,8,4.5,0.75,182.54166666666666,227.54166666666666,-18.770833333333343,26.229166666666657,0.15973534971644612,0
0.3870967741935484,0.3225806451612903,0,0,8,4.0,0.6666666666666666,181.7152777777778,231.50694444444446,-20.680555555555543,29.111111111111114,0.14177693761814744,0
0.3548387096774194,0.3225806451612903,0,0,7,5.0,0.75,199.29166666666666,230.99305555555554,-5.291666666666686,26.4097222222222,0.13799621928166353,0
0.2903225806451613,0.22580645161290322,0,0,7,6.0,1.0,208.27083333333334,229.52777777777774,-10.9375,10.3194444444444,0.13516068052930058,0
0.6774193548387096,1.032258064516129,1,0,11,11.0,1.0,231.67361111111111,195.8402777777778,18.048611111111114,-17.7847222222222,0.1266540642722117,0
1.032258064516129,1.032258064516129,2,6,11,2.0,0.16666666666666666,232.79166666666666,209.22916666666666,95.60416666666666,72.04166666666666,0.1285444234404537,0
1.032258064516129,1.032258064516129,10,6,11,1.5,0.0625,233.3125,211.2152777777778,214.625,192.5277777777778,0.12948960302457466,0
0.5161290322580645,1.032258064516129,2,0,11,2.0,0.3333333333333333,226.9097222222222,211.3125,56.0972222222222,40.5,0.13043478260869565,0
0.1935483870967742,1.032258064516129,0,0,11,11.0,1.0,194.74305555555554,211.9652777777778,-10.069444444444457,7.1527777777778,0.13137996219281664,0
0.16129032258064516,0.4838709677419355,0,0,0,0,0,216.84027777777774,172.24305555555557,-2.263888888888914,-46.861111111111086,0.18525519848771266,0
0.6451612903225806,0.6129032258064516,0,0,0,0,0,216.4097222222222,179.54861111111111,4.013888888888857,-32.84722222222223,0.19092627599243855,0
0.6774193548387096,0.6129032258064516,0,0,6,2.5,0.375,216.19444444444446,167.70833333333334,56.00694444444446,7.520833333333343,0.19754253308128544,0
0.6774193548387096,0.6129032258064516,1,0,7,2.0,0.3333333333333333,216.91666666666666,155.6597222222222,68.85416666666666,7.5972222222222,0.2051039697542533,0
0.41935483870967744,0.6129032258064516,2,0,8,7.0,0.75,215.86111111111111,170.24305555555554,38.77777777777777,-6.8402777777778,0.21455576559546313,0
0.5161290322580645,0.7419354838709677,1,0,9,7.0,1.0,197.22916666666666,185.21527777777774,5.645833333333314,-6.3680555555556,0.222117202268431,0
0.6451612903225806,0.5483870967741935,0,0,10,7.0,0.75,173.54861111111111,183.52777777777774,3.569444444444457,13.548611111111086,0.23156899810964082,0
0.6451612903225806,0.5483870967741935,0,0,11,2.5,0.375,161.7777777777778,169.15277777777774,20.2152777777778,27.590277777777743,0.24102079395085066,0
0.6451612903225806,0.5483870967741935,0,0,11,4.5,0.5,172.24305555555557,166.94444444444443,16.80555555555557,11.506944444444429,0.2514177693761815,0
0.3870967741935484,0.5483870967741935,0,0,11,11.0,1.0,179.54861111111111,174.02083333333334,-34.18055555555554,-39.708333333333314,0.2589792060491493,0
0.4838709677419355,0.5483870967741935,0,0,11,7.0,0.5,167.70833333333334,173.5972222222222,-18.770833333333314,-12.881944444444457,0.2627599243856333,0
0.5161290322580645,0.45161290322580644,0,7,11,4.5,0.5,155.6597222222222,171.08333333333334,5.2847222222222,20.708333333333343,0.2674858223062382,0
0.6129032258064516,0.45161290322580644,0,0,11,7.0,0.8,170.24305555555554,170.35416666666666,-0.36111111111111427,-0.25,0.2712665406427221,0
0.5161290322580645,0.45161290322580644,0,0,11,8.0,1.0,185.21527777777774,172.08333333333334,5.361111111111086,-7.770833333333314,0.27599243856332706,0
0.5483870967741935,0.2903225806451613,0,0,11,9.0,1.0,183.52777777777774,173.57638888888889,11.923611111111086,1.9722222222222285,0.2627599243856333,0
0.4838709677419355,0.2903225806451613,0,0,11,9.0,0.6666666666666666,169.15277777777774,181.73611111111111,-0.18055555555559977,12.402777777777771,0.24574669187145556,0
0.4838709677419355,0.2903225806451613,0,0,11,9.5,1.0,166.94444444444443,191.9722222222222,-5.368055555555571,19.6597222222222,0.2391304347826087,0
0.45161290322580644,0.2903225806451613,0,0,11,8.5,0.6666666666666666,174.02083333333334,201.29166666666666,4.604166666666686,31.875,0.23440453686200377,0
0.41935483870967744,0.2903225806451613,0,0,11,7.5,0.8333333333333334,173.5972222222222,204.9375,-0.9236111111111427,30.416666666666657,0.22967863894139887,0
0.41935483870967744,0.2903225806451613,1,0,11,6.5,1.0,171.08333333333334,204.50694444444446,-5.708333333333314,27.7152777777778,0.21361058601134217,0
0.41935483870967744,0.2903225806451613,1,0,10,6.0,1.0,170.35416666666666,204.74305555555557,-23.541666666666686,10.847222222222229,0.1994328922495274,0
0.25806451612903225,0.2903225806451613,0,0,9,6.0,1.0,172.08333333333334,205.11805555555557,-33.145833333333314,-0.11111111111108585,0.2003780718336484,0
0.2903225806451613,0.3548387096774194,0,0,8,8.0,1.0,206.75694444444446,155.7777777777778,-3.805555555555543,-54.7847222222222,0.21739130434782608,0
0.7419354838709677,0.3548387096774194,0,0,9,9.0,1.0,208.27083333333334,170.81944444444446,-1.875,-39.326388888888886,0.21644612476370512,0
0.8064516129032258,0.3548387096774194,0,1,10,2.5,0.375,210.18055555555557,174.8888888888889,75.61805555555557,40.326388888888914,0.21361058601134217,0
0.8064516129032258,0.3548387096774194,0,7,11,2.5,0.375,211.13194444444446,174.28472222222226,80.98611111111111,44.138888888888914,0.21172022684310018,0
0.4838709677419355,0.3548387096774194,0,0,11,8.0,0.8,210.86805555555557,174.25694444444446,50.138888888888914,13.5277777777778,0.20888468809073724,0
0.45161290322580644,0.3548387096774194,0,0,11,9.0,1.0,185.0902777777778,176.92361111111111,8.631944444444457,0.46527777777777146,0.20699432892249528,0
0.4838709677419355,0.2903225806451613,0,0,11,9.0,1.0,158.28472222222226,183.41666666666666,-16.986111111111086,8.145833333333314,0.2060491493383743,0
0.41935483870967744,0.2903225806451613,0,0,11,8.5,1.0,141.8125,193.9722222222222,-31.125,21.0347222222222,0.20321361058601134,0
0.41935483870967744,0.2903225806451613,0,0,11,8.0,1.0,155.7777777777778,204.7361111111111,-18.868055555555543,30.090277777777743,0.2107750472589792,0
0.41935483870967744,0.2903225806451613,0,0,11,7.5,1.0,170.81944444444446,212.2361111111111,-4.368055555555543,37.048611111111086,0.22022684310018903,0
0.3870967741935484,0.2903225806451613,0,0,11,6.5,1.0,174.8888888888889,215.57638888888889,-6.048611111111086,34.638888888888886,0.2381852551984877,0
0.3870967741935484,0.2903225806451613,0,0,10,6.0,1.0,174.28472222222226,216.68055555555554,-19.840277777777743,22.555555555555543,0.2533081285444234,0
0.3225806451612903,0.2903225806451613,0,0,9,7.5,1.0,174.25694444444446,216.77777777777774,-32.5972222222222,9.923611111111086,0.2627599243856333,0
0.5483870967741935,0.2903225806451613,1,0,11,5.0,0.8333333333333334,216.68055555555554,153.30555555555557,28.826388888888886,-34.548611111111086,0.2712665406427221,0
0.6451612903225806,0.2903225806451613,2,0,11,7.0,1.0,216.77777777777774,146.13888888888889,62.77777777777774,-7.861111111111114,0.2674858223062382,0
0.6451612903225806,0.2903225806451613,4,0,11,4.0,0.6666666666666666,213.70833333333334,138.0625,92.16666666666667,16.52083333333333,0.2646502835538752,0
0.6129032258064516,0.2903225806451613,3,0,11,7.0,0.8571428571428571,204.14583333333334,153.45138888888889,60.0,9.305555555555543,0.2637051039697543,0
0.5806451612903226,0.4838709677419355,2,0,11,8.0,1.0,183.1736111111111,175.91666666666666,11.361111111111086,4.104166666666657,0.2665406427221172,0
0.5806451612903226,0.45161290322580644,3,0,11,7.0,0.5714285714285714,154.4652777777778,170.02083333333334,10.506944444444457,26.0625,0.2712665406427221,0
0.5806451612903226,0.45161290322580644,5,0,11,5.0,0.5,139.89583333333334,151.66666666666666,17.250000000000014,29.02083333333333,0.276937618147448,0
0.5483870967741935,0.45161290322580644,3,0,11,6.0,0.5714285714285714,145.83333333333334,150.10416666666666,-1.75,2.5208333333333144,0.28071833648393196,0
0.3548387096774194,0.45161290322580644,1,0,11,8.5,1.0,153.30555555555557,170.10416666666666,-36.81944444444443,-20.020833333333343,0.28166351606805295,0
0.9354838709677419,0.22580645161290322,1,0,11,8.5,1.0,146.13888888888889,187.38194444444446,-43.90277777777777,-2.6597222222222,0.28071833648393196,0
1.0,0.22580645161290322,1,0,11,2.0,0.42857142857142855,138.0625,186.89583333333334,8.166666666666657,57.0,0.27882797731569,0
1.032258064516129,0.25806451612903225,1,0,11,6.0,0.5714285714285714,153.45138888888889,184.92361111111111,18.388888888888886,49.861111111111114,0.277882797731569,0
0.45161290322580644,0.25806451612903225,1,0,11,8.5,1.0,175.91666666666666,185.99305555555554,-9.4375,0.6388888888888857,0.2684310018903592,0
0.45161290322580644,0.25806451612903225,1,0,11,8.0,1.0,170.02083333333334,191.125,-19.875,1.2291666666666572,0.2561436672967864,0
0.41935483870967744,0.25806451612903225,1,0,11,9.0,1.0,151.66666666666666,200.88888888888889,-35.229166666666686,13.993055555555543,0.23534971644612476,0
0.4838709677419355,0.25806451612903225,1,0,11,9.0,1.0,150.10416666666666,212.9652777777778,-33.791666666666686,29.069444444444457,0.21833648393194707,0
0.4838709677419355,0.25806451612903225,1,0,10,8.0,1.0,170.10416666666666,222.97916666666666,-13.875,39.0,0.21361058601134217,0
0.3870967741935484,0.25806451612903225,1,0,9,7.0,1.0,187.38194444444446,227.45833333333334,-2.7222222222222,37.354166666666686,0.20793950850661624,0
0.3548387096774194,0.22580645161290322,1,0,8,6.5,1.0,186.89583333333334,227.375,-12.395833333333314,28.083333333333343,0.19659735349716445,0
0.3225806451612903,0.22580645161290322,1,0,7,6.5,1.0,184.92361111111111,227.13194444444446,-28.34722222222223,13.861111111111114,0.18525519848771266,0
0.41935483870967744,0.3225806451612903,1,0,7,7.0,1.0,200.82638888888889,192.32638888888889,1.9722222222222285,-6.5277777777777715,0.21833648393194707,0
0.45161290322580644,0.3225806451612903,7,0,7,7.0,1.0,188.02777777777774,161.4097222222222,12.361111111111086,-14.256944444444457,0.22684310018903592,0
0.45161290322580644,0.3225806451612903,7,0,8,3.5,0.5,191.45138888888889,141.84027777777777,34.47222222222223,-15.138888888888886,0.23629489603024575,0
0.2903225806451613,0.9354838709677419,1,0,9,9.0,1.0,197.6736111111111,156.47916666666666,-23.11805555555557,-64.3125,0.24291115311909262,0
0.9354838709677419,0.9354838709677419,0,0,10,8.0,1.0,192.6111111111111,171.9861111111111,-36.701388888888914,-57.326388888888914,0.24574669187145556,0
0.9354838709677419,0.9354838709677419,1,0,11,2.0,0.2,177.16666666666666,172.59027777777774,50.29166666666666,45.71527777777774,0.2485822306238185,0
0.9354838709677419,0.9354838709677419,2,0,10,2.0,0.3,184.47916666666666,174.13888888888889,56.4375,46.09722222222223,0.2514177693761815,0
0.3870967741935484,0.9354838709677419,3,0,9,8.5,0.75,202.3611111111111,174.50694444444443,31.75694444444443,3.9027777777777715,0.2561436672967864,0
0.8709677419354839,0.22580645161290322,1,0,11,8.5,0.75,209.46527777777774,167.82638888888889,20.402777777777743,-21.236111111111114,0.21833648393194707,0
0.8709677419354839,0.25806451612903225,1,0,11,3.0,0.4444444444444444,210.00694444444443,161.5138888888889,50.111111111111086,1.6180555555555713,0.22022684310018903,0
0.9032258064516129,0.2903225806451613,0,0,11,4.5,0.5,210.34027777777774,161.5902777777778,53.486111111111086,4.736111111111143,0.21833648393194707,0
0.5483870967741935,0.2903225806451613,1,0,11,9.0,1.0,203.43055555555554,167.4375,23.7847222222222,-12.208333333333343,0.21739130434782608,0
0.5806451612903226,0.2903225806451613,1,0,11,9.0,1.0,186.54166666666666,174.6597222222222,19.333333333333314,7.451388888888857,0.21928166351606806,0
0.5806451612903226,0.25806451612903225,1,0,11,10.0,1.0,168.60416666666666,182.68055555555554,11.979166666666657,26.055555555555543,0.22117202268431002,0
0.4838709677419355,0.25806451612903225,1,0,11,10.0,1.0,165.4652777777778,190.86805555555554,4.756944444444457,30.1597222222222,0.222117202268431,0
0.4838709677419355,0.25806451612903225,1,0,11,9.5,1.0,167.9027777777778,198.70833333333334,0.4652777777777999,31.270833333333343,0.22306238185255198,0
0.45161290322580644,0.25806451612903225,1,0,11,8.5,1.0,167.8263888888889,205.49305555555554,-6.340277777777743,31.326388888888886,0.22400756143667297,0
0.4838709677419355,0.25806451612903225,1,0,11,8.0,1.0,161.5138888888889,209.58333333333334,-20.861111111111086,27.208333333333343,0.22495274102079396,0
0.45161290322580644,0.22580645161290322,0,0,11,9.0,1.0,161.5902777777778,210.81944444444443,-29.9097222222222,19.31944444444443,0.22589792060491493,0
0.41935483870967744,0.9354838709677419,0,0,11,11.0,1.0,208.07638888888889,163.00694444444446,5.888888888888886,-39.18055555555554,0.20699432892249528,0
0.9354838709677419,0.9354838709677419,1,0,11,11.0,0.6,206.24305555555554,197.19444444444446,35.11805555555554,26.069444444444457,0.20793950850661624,0
0.9354838709677419,0.9354838709677419,9,0,11,2.0,0.2,204.74305555555554,199.0347222222222,91.49305555555554,85.7847222222222,0.2107750472589792,0
0.9354838709677419,0.9354838709677419,10,0,11,2.0,0.21428571428571427,202.61805555555554,202.35416666666666,107.28472222222221,107.02083333333333,0.21172022684310018,0
0.3225806451612903,0.9354838709677419,1,0,11,11.0,1.0,191.7847222222222,205.77777777777774,-5.423611111111143,8.5694444444444,0.2107750472589792,0
0.3548387096774194,0.3870967741935484,1,0,11,11.0,1.0,162.1875,207.70138888888889,-34.29166666666666,11.222222222222229,0.21172022684310018,0
0.3225806451612903,0.8387096774193549,1,0,11,11.0,1.0,205.74305555555554,161.26388888888889,-2.756944444444457,-47.236111111111114,0.2277882797731569,0
0.9032258064516129,0.9354838709677419,1,0,11,11.0,1.0,206.91666666666666,185.20138888888889,12.354166666666657,-9.361111111111114,0.22589792060491493,0
0.9354838709677419,0.9354838709677419,1,0,11,2.0,0.23076923076923078,207.75,187.75694444444446,62.41666666666666,42.423611111111114,0.22306238185255198,0
0.9354838709677419,0.9354838709677419,2,0,11,2.0,0.26666666666666666,208.2152777777778,186.94444444444446,92.79861111111113,71.52777777777779,0.22022684310018903,0
0.3225806451612903,0.9354838709677419,3,0,11,11.0,1.0,203.75694444444446,187.36805555555557,24.8402777777778,8.451388888888914,0.21550094517958412,0
0.22580645161290322,0.4838709677419355,4,0,11,11.0,1.0,182.79861111111111,190.0138888888889,-6.6597222222222285,0.5555555555555713,0.21172022684310018,0
0.7419354838709677,0.8709677419354839,1,0,11,11.0,1.0,223.9722222222222,186.91666666666666,14.743055555555543,-22.3125,0.16446124763705103,1
0.1935483870967742,0.3548387096774194,1,0,11,11.0,1.0,223.13194444444446,165.65277777777777,-1.3472222222222001,-58.826388888888886,0.21266540642722118,0
1.032258064516129,1.032258064516129,1,0,11,11.0,1.0,223.11805555555554,208.2361111111111,-0.7152777777777999,-15.597222222222257,0.19754253308128544,0
1.032258064516129,1.032258064516129,1,0,11,2.0,0.25,223.10416666666666,224.39583333333334,83.6875,84.97916666666669,0.17391304347826086,0
1.032258064516129,1.032258064516129,1,0,11,1.5,0.125,223.52777777777774,224.61111111111111,126.42361111111107,127.50694444444444,0.14839319470699433,0
0.6774193548387096,1.032258064516129,1,0,11,8.0,0.6666666666666666,223.85416666666666,224.9652777777778,48.8125,49.92361111111114,0.1446124763705104,0
0.1935483870967742,1.032258064516129,0,0,11,10.0,1.0,195.9097222222222,225.3125,-28.9027777777778,0.5,0.14272211720226843,0
0.3548387096774194,0.22580645161290322,1,0,11,11.0,1.0,224.24305555555557,183.91666666666666,19.40972222222223,-20.916666666666686,0.16446124763705103,0
0.3870967741935484,0.25806451612903225,1,12,11,6.0,1.0,224.0,180.29166666666666,60.83333333333334,17.125,0.16729678638941398,0
0.41935483870967744,0.2903225806451613,1,0,11,7.0,1.0,224.43055555555554,178.47222222222226,42.74305555555554,-3.215277777777743,0.17107750472589792,0
0.45161290322580644,0.2903225806451613,1,0,11,8.0,1.0,217.9097222222222,180.3125,30.201388888888857,-7.395833333333343,0.17391304347826086,0
0.4838709677419355,0.25806451612903225,1,0,11,9.0,1.0,197.5972222222222,184.63194444444443,12.076388888888857,-0.8888888888889142,0.1767485822306238,0
0.5806451612903226,0.25806451612903225,1,0,11,8.5,0.8333333333333334,183.22916666666666,192.70833333333334,4.708333333333314,14.1875,0.1776937618147448,0
0.6129032258064516,0.25806451612903225,0,0,11,8.5,0.8333333333333334,177.52083333333334,203.52777777777774,0.6875,26.6944444444444,0.18052930056710775,0
0.5483870967741935,0.25806451612903225,0,0,11,8.0,1.0,184.97222222222226,213.05555555555554,4.909722222222257,32.99305555555554,0.1824196597353497,0
0.4838709677419355,0.25806451612903225,1,0,11,8.0,0.8,183.91666666666666,216.8472222222222,-0.125,32.80555555555554,0.1843100189035917,0
0.45161290322580644,0.25806451612903225,1,0,11,7.0,0.8,180.29166666666666,216.25694444444443,-9.5,26.46527777777777,0.18525519848771266,0
0.2903225806451613,0.22580645161290322,1,0,11,8.5,0.75,178.47222222222226,215.39583333333334,-25.8194444444444,11.104166666666686,0.18714555765595464,0
0.2903225806451613,0.5161290322580645,1,0,11,9.0,1.0,217.50694444444443,163.05555555555557,6.506944444444429,-47.94444444444443,0.22589792060491493,0
0.7096774193548387,0.5806451612903226,1,0,11,8.0,1.0,219.1111111111111,177.5902777777778,16.027777777777743,-25.493055555555543,0.22873345935727787,0
0.7741935483870968,0.6774193548387096,0,12,11,3.0,0.5,219.2986111111111,182.14583333333334,77.27777777777774,40.125,0.22873345935727787,0
0.7741935483870968,0.6774193548387096,0,12,11,5.0,0.5833333333333334,216.11805555555554,184.3125,79.0347222222222,47.22916666666666,0.22967863894139887,0
0.4838709677419355,0.6774193548387096,0,0,11,8.0,1.0,210.04166666666666,186.06944444444446,38.66666666666666,14.694444444444457,0.22967863894139887,0
0.4838709677419355,0.6774193548387096,1,0,11,9.0,1.0,185.36805555555557,187.97916666666666,4.6597222222222285,7.270833333333314,0.23062381852551986,0
0.45161290322580644,0.2903225806451613,0,0,11,9.0,1.0,160.72916666666666,190.29861111111111,-19.958333333333343,9.611111111111114,0.23062381852551986,0
0.41935483870967744,0.2903225806451613,0,0,11,10.0,1.0,150.15972222222226,197.91666666666666,-34.8819444444444,12.875,0.23156899810964082,0
0.41935483870967744,0.2903225806451613,0,0,11,10.0,1.0,163.05555555555557,207.33333333333334,-24.15277777777777,20.125,0.23251417769376181,0
0.41935483870967744,0.2903225806451613,0,0,11,9.0,1.0,177.5902777777778,216.67361111111111,-8.368055555555543,30.71527777777777,0.23440453686200377,0
0.3870967741935484,0.3225806451612903,0,0,11,8.0,1.0,182.14583333333334,220.98611111111111,-8.625,30.21527777777777,0.23534971644612476,0
0.3548387096774194,0.3225806451612903,0,0,11,8.0,1.0,184.3125,221.06944444444446,-9.854166666666657,26.9027777777778,0.23534971644612476,0
0.2903225806451613,0.3225806451612903,0,0,11,7.0,1.0,186.06944444444446,219.9513888888889,-22.743055555555543,11.138888888888914,0.2334593572778828,0
0.1935483870967742,0.22580645161290322,0,0,11,7.0,1.0,187.97916666666666,219.06944444444446,-31.041666666666686,0.04861111111111427,0.23156899810964082,0
0.5161290322580645,0.7741935483870968,0,0,11,11.0,1.0,221.7361111111111,171.33333333333334,-0.03472222222225696,-50.4375,0.22967863894139887,0
0.8709677419354839,0.9032258064516129,0,0,11,11.0,0.75,222.08333333333334,189.0138888888889,39.354166666666686,6.284722222222257,0.22967863894139887,0
0.9032258064516129,0.9032258064516129,0,11,11,2.0,0.38461538461538464,222.21527777777774,188.80555555555557,115.46527777777774,82.05555555555557,0.23062381852551986,0
0.9032258064516129,0.9032258064516129,0,0,11,7.0,0.6666666666666666,222.0625,188.33333333333334,86.20833333333334,52.479166666666686,0.23062381852551986,0
0.3870967741935484,0.9032258064516129,0,0,11,9.5,1.0,208.89583333333334,188.95138888888889,19.708333333333343,-0.23611111111111427,0.23062381852551986,0
0.3870967741935484,0.3225806451612903,0,0,11,10.0,1.0,170.41666666666666,191.10416666666666,-18.541666666666686,2.1458333333333144,0.23062381852551986,0
0.3870967741935484,0.2903225806451613,0,0,11,10.5,1.0,141.77777777777777,197.15972222222226,-47.11805555555557,8.263888888888914,0.23062381852551986,0
0.3870967741935484,0.2903225806451613,0,0,11,10.5,1.0,143.93055555555554,206.18055555555557,-44.63194444444446,17.61805555555557,0.23062381852551986,0
0.3870967741935484,0.2903225806451613,0,0,11,10.0,1.0,171.33333333333334,215.18055555555557,-16.208333333333314,27.638888888888914,0.23062381852551986,0
0.3870967741935484,0.2903225806451613,0,0,11,9.5,1.0,189.0138888888889,220.3263888888889,-1.7361111111110858,29.576388888888914,0.23062381852551986,0
0.3870967741935484,0.2903225806451613,0,0,11,9.0,1.0,188.80555555555557,221.41666666666666,-6.2152777777777715,26.395833333333314,0.23062381852551986,0
0.3225806451612903,0.2903225806451613,0,0,11,11.0,1.0,188.33333333333334,221.39583333333334,-17.375,15.6875,0.23062381852551986,0
0.22580645161290322,0.22580645161290322,0,0,11,11.0,1.0,188.95138888888889,221.64583333333334,-28.861111111111114,3.833333333333343,0.23062381852551986,0
0.8064516129032258,0.6774193548387096,0,0,11,11.0,1.0,221.1875,159.41666666666666,-2.1875,-63.95833333333334,0.24196597353497165,0
1.032258064516129,0.6774193548387096,0,0,11,10.5,1.0,221.79861111111111,170.0902777777778,47.65277777777777,-4.055555555555543,0.24291115311909262,0
1.032258064516129,0.6774193548387096,0,0,11,3.5,0.5,222.26388888888889,170.9027777777778,89.84722222222223,38.48611111111114,0.2448015122873346,0
0.967741935483871,0.6774193548387096,0,0,11,7.0,1.0,222.80555555555554,170.76388888888889,85.2847222222222,33.24305555555554,0.24669187145557656,0
0.4838709677419355,0.6774193548387096,0,0,11,8.0,1.0,206.89583333333334,172.0625,37.5,2.666666666666657,0.24763705103969755,0
0.7741935483870968,0.7741935483870968,0,0,11,11.0,1.0,204.3402777777778,165.33333333333334,-2.993055555555543,-42.0,0.2523629489603025,0
0.8387096774193549,0.8064516129032258,0,0,11,11.0,1.0,205.60416666666666,170.55555555555557,31.25,-3.798611111111086,0.2514177693761815,0
0.8709677419354839,0.8709677419354839,0,0,11,3.5,0.5,206.27083333333334,165.2638888888889,73.875,32.86805555555557,0.2495274102079395,0
0.8709677419354839,0.8709677419354839,0,0,11,9.5,1.0,206.83333333333334,160.79861111111111,55.291666666666686,9.256944444444457,0.2495274102079395,0
0.5161290322580645,0.8709677419354839,0,0,11,9.0,1.0,195.95833333333334,158.7152777777778,20.6875,-16.555555555555543,0.2495274102079395,0
0.5161290322580645,0.2903225806451613,0,0,11,9.0,1.0,171.36111111111111,162.9027777777778,2.1736111111111143,-6.2847222222222,0.2504725897920605,0
0.4838709677419355,0.2903225806451613,0,0,11,10.0,1.0,152.76388888888889,172.54861111111111,-14.444444444444457,5.3402777777777715,0.2495274102079395,0
0.4838709677419355,0.2903225806451613,1,0,11,10.0,1.0,153.06944444444446,185.85416666666666,-6.326388888888886,26.458333333333314,0.2485822306238185,0
0.4838709677419355,0.2903225806451613,0,0,11,8.5,0.875,165.33333333333334,196.6111111111111,9.541666666666686,40.81944444444443,0.2485822306238185,0
0.5161290322580645,0.2903225806451613,0,0,11,8.0,1.0,170.55555555555557,202.94444444444443,9.597222222222229,41.986111111111086,0.2485822306238185,0
0.45161290322580644,0.2903225806451613,0,0,11,9.0,1.0,165.26388888888889,203.625,-6.694444444444457,31.666666666666657,0.2485822306238185,0
0.41935483870967744,0.25806451612903225,0,0,11,11.0,1.0,160.79861111111111,203.39583333333334,-23.930555555555543,18.666666666666686,0.2485822306238185,0
0.2903225806451613,1.032258064516129,0,0,11,11.0,1.0,203.125,180.11805555555554,0.3958333333333428,-22.611111111111114,0.20982986767485823,0
1.032258064516129,1.032258064516129,0,0,11,11.0,0.75,202.99305555555557,190.11111111111111,14.305555555555571,1.4236111111111143,0.20888468809073724,0
1.032258064516129,1.032258064516129,8,0,11,1.0,0.1875,202.86805555555557,192.0972222222222,144.0138888888889,133.24305555555554,0.20793950850661624,0
0.41935483870967744,1.032258064516129,0,0,11,11.0,0.75,202.8125,194.4027777777778,41.02083333333334,32.61111111111114,0.20699432892249528,0
0.2903225806451613,1.032258064516129,0,0,11,11.0,1.0,198.10416666666666,196.29166666666666,10.020833333333314,8.208333333333314,0.20699432892249528,0
0.3225806451612903,1.032258064516129,0,0,10,9.0,1.0,206.125,169.47916666666666,0.4583333333333428,-36.1875,0.21739130434782608,0
1.032258064516129,1.032258064516129,0,0,9,5.0,0.8,205.47222222222226,187.94444444444446,8.847222222222257,-8.680555555555543,0.21361058601134217,0
1.032258064516129,1.032258064516129,0,0,8,2.0,0.4375,205.97222222222226,191.1875,101.78472222222226,87.0,0.20888468809073724,0
1.032258064516129,1.032258064516129,0,0,7,5.0,0.6363636363636364,206.45833333333334,191.23611111111111,69.77083333333334,54.548611111111114,0.20415879017013233,0
0.41935483870967744,1.032258064516129,0,0,8,7.0,1.0,203.375,192.04861111111111,22.645833333333343,11.319444444444457,0.2003780718336484,0
0.3548387096774194,0.45161290322580644,0,0,9,8.5,1.0,168.82638888888889,194.5347222222222,-22.194444444444457,3.5138888888888573,0.19659735349716445,0
0.9354838709677419,0.9354838709677419,0,0,11,5.0,1.0,224.54166666666666,174.90972222222226,5.125,-44.5069444444444,0.13988657844990549,1
0.3225806451612903,1.032258064516129,0,0,11,7.0,0.5,226.2638888888889,215.6597222222222,6.618055555555571,-3.9861111111111427,0.16824196597353497,0
1.032258064516129,1.032258064516129,0,0,11,3.0,0.3333333333333333,225.48611111111111,227.13888888888889,50.88194444444446,52.53472222222223,0.13988657844990549,0
1.032258064516129,1.032258064516129,15,16,11,1.0,0.0625,225.22222222222226,228.0347222222222,178.3888888888889,181.20138888888886,0.11153119092627599,0
0.25806451612903225,1.032258064516129,0,0,11,7.0,0.5,223.3263888888889,227.11805555555554,29.659722222222257,33.451388888888886,0.10491493383742911,0
0.1935483870967742,1.032258064516129,0,0,11,11.0,1.0,206.56944444444446,226.79166666666666,-16.7847222222222,3.4375,0.10964083175803403,0
0.2903225806451613,0.3870967741935484,0,0,11,8.5,1.0,226.8472222222222,184.31944444444446,17.0972222222222,-25.430555555555543,0.1342155009451796,0
0.4838709677419355,0.3870967741935484,0,0,11,7.0,0.6666666666666666,227.1111111111111,175.48611111111111,38.048611111111086,-13.576388888888886,0.1446124763705104,0
0.4838709677419355,0.3870967741935484,0,8,11,4.5,0.5,225.31944444444443,168.9027777777778,77.81944444444443,21.4027777777778,0.15311909262759923,0
0.3225806451612903,0.3870967741935484,0,4,11,7.5,0.75,219.32638888888889,179.9652777777778,33.11805555555554,-6.243055555555543,0.16351606805293006,0
0.4838709677419355,0.3870967741935484,0,3,11,8.0,1.0,206.64583333333334,203.20138888888889,13.791666666666686,10.347222222222229,0.17391304347826086,0
0.4838709677419355,0.3870967741935484,0,4,11,8.0,1.0,182.10416666666666,221.99305555555554,8.208333333333314,48.0972222222222,0.1843100189035917,0
0.4838709677419355,0.3870967741935484,0,4,11,4.5,0.5,174.25694444444446,218.6111111111111,14.548611111111114,58.90277777777774,0.1956521739130435,0
0.4838709677419355,0.3870967741935484,0,2,11,6.5,0.75,175.52083333333334,200.30555555555554,2.4166666666666856,27.201388888888886,0.2060491493383743,0
0.25806451612903225,0.3870967741935484,0,2,11,8.5,1.0,184.31944444444446,182.1527777777778,-22.763888888888886,-24.930555555555543,0.21455576559546313,0
0.6451612903225806,0.41935483870967744,0,0,11,9.0,1.0,216.2847222222222,187.24305555555554,-6.131944444444457,-35.173611111111114,0.21739130434782608,0
0.6774193548387096,0.41935483870967744,0,0,11,4.5,0.5,218.5625,177.81944444444443,34.08333333333334,-6.6597222222222285,0.21455576559546313,0
0.6774193548387096,0.41935483870967744,0,0,11,3.0,0.3333333333333333,218.94444444444446,166.94444444444443,52.3402777777778,0.34027777777777146,0.21266540642722118,0
0.5483870967741935,0.41935483870967744,0,0,11,6.0,0.6,220.39583333333334,175.82638888888889,41.0,-3.569444444444457,0.20793950850661624,0
0.45161290322580644,0.6774193548387096,0,0,11,9.5,1.0,208.70138888888889,194.11805555555554,12.347222222222229,-2.2361111111111143,0.20321361058601134,0
0.6774193548387096,0.45161290322580644,0,0,11,8.0,0.6666666666666666,191.16666666666666,197.91666666666666,5.1875,11.9375,0.20226843100189035,0
0.6774193548387096,0.45161290322580644,0,1,11,2.0,0.2857142857142857,176.82638888888889,183.76388888888889,25.701388888888886,32.638888888888886,0.20321361058601134,0
0.6129032258064516,0.45161290322580644,0,2,11,2.0,0.3333333333333333,180.7847222222222,178.1736111111111,17.055555555555543,14.444444444444429,0.20888468809073724,0
0.2903225806451613,0.45161290322580644,0,0,11,8.5,1.0,187.24305555555554,181.4861111111111,-25.381944444444457,-31.138888888888914,0.21266540642722118,0
0.4838709677419355,0.41935483870967744,0,0,10,10.0,1.0,177.81944444444443,188.46527777777774,-28.18055555555557,-17.534722222222257,0.21172022684310018,0
0.5161290322580645,0.3225806451612903,0,1,9,6.0,1.0,166.94444444444443,188.9722222222222,-8.180555555555571,13.8472222222222,0.2107750472589792,0
0.5483870967741935,0.3225806451612903,0,0,8,7.0,1.0,175.82638888888889,190.46527777777774,5.6597222222222285,20.298611111111086,0.20982986767485823,0
0.45161290322580644,0.3225806451612903,0,0,8,8.0,1.0,194.11805555555554,191.0486111111111,4.888888888888886,1.8194444444444287,0.20793950850661624,0
0.45161290322580644,0.2903225806451613,0,0,9,9.0,1.0,197.91666666666666,194.4375,12.854166666666657,9.375,0.19659735349716445,0
0.41935483870967744,0.2903225806451613,0,0,10,9.5,1.0,183.76388888888889,202.52777777777774,-7.3402777777777715,11.423611111111086,0.18147448015122875,0
0.3870967741935484,0.2903225806451613,0,0,11,9.0,1.0,178.1736111111111,213.77777777777774,-12.576388888888914,23.027777777777743,0.17391304347826086,0
0.3870967741935484,0.2903225806451613,0,0,11,9.0,1.0,181.4861111111111,222.3611111111111,-8.055555555555571,32.81944444444443,0.17107750472589792,0
0.3870967741935484,0.2903225806451613,0,0,11,8.0,1.0,188.46527777777774,226.68055555555554,-4.388888888888914,33.826388888888886,0.16540642722117202,0
0.3548387096774194,0.2903225806451613,0,0,10,7.0,1.0,188.9722222222222,227.16666666666666,-11.944444444444457,26.25,0.14933837429111532,0
0.3548387096774194,0.2903225806451613,0,0,9,7.5,1.0,190.46527777777774,227.61111111111111,-23.347222222222257,13.798611111111114,0.13516068052930058,0
0.1935483870967742,0.22580645161290322,0,0,9,8.5,1.0,191.0486111111111,227.11111111111111,-35.55555555555557,0.5069444444444571,0.13610586011342155,0
0.6129032258064516,0.25806451612903225,0,0,11,11.0,1.0,225.1597222222222,185.81944444444446,-2.1736111111111427,-41.513888888888886,0.1824196597353497,0
0.6774193548387096,0.3548387096774194,0,16,11,6.5,0.5,226.39583333333334,184.125,60.125,17.854166666666657,0.1833648393194707,0
0.6774193548387096,0.3548387096774194,0,16,11,6.0,0.8,226.8125,184.5972222222222,69.29166666666666,27.076388888888857,0.1843100189035917,0
0.45161290322580644,0.3548387096774194,0,0,11,7.0,1.0,226.39583333333334,185.86805555555554,36.64583333333334,-3.881944444444457,0.18620037807183365,0
0.45161290322580644,0.3225806451612903,0,0,11,8.0,1.0,206.31944444444446,187.66666666666666,21.736111111111114,3.0833333333333144,0.1899810964083176,0
0.45161290322580644,0.2903225806451613,0,0,11,9.0,1.0,183.70833333333334,190.91666666666666,0.5833333333333428,7.791666666666657,0.1947069943289225,0
0.41935483870967744,0.2903225806451613,0,0,11,9.5,1.0,171.18055555555557,197.67361111111111,-13.486111111111086,13.006944444444457,0.19848771266540643,0
0.41935483870967744,0.2903225806451613,0,0,11,9.0,1.0,177.28472222222226,209.18055555555557,-8.715277777777743,23.18055555555557,0.1994328922495274,0
0.41935483870967744,0.2903225806451613,0,0,11,8.5,1.0,185.81944444444446,218.9375,-1.118055555555543,32.0,0.19848771266540643,0
0.41935483870967744,0.2903225806451613,0,0,11,8.0,1.0,184.125,224.53472222222226,-5.9375,34.47222222222226,0.19848771266540643,0
0.3870967741935484,0.2903225806451613,0,0,11,7.0,1.0,184.5972222222222,223.75,-11.1527777777778,28.0,0.1994328922495274,0
0.3870967741935484,0.25806451612903225,0,0,11,6.0,1.0,185.86805555555554,222.4375,-21.3402777777778,15.229166666666657,0.19848771266540643,0
0.22580645161290322,0.25806451612903225,0,0,11,11.0,1.0,187.66666666666666,221.74305555555554,-36.916666666666686,-2.8402777777778,0.19659735349716445,0
0.25806451612903225,0.45161290322580644,0,0,11,11.0,1.0,226.2152777777778,152.08333333333334,-3.680555555555543,-77.8125,0.20699432892249528,0
0.8709677419354839,0.8064516129032258,0,0,11,7.0,0.5,226.36111111111111,177.875,21.40277777777777,-27.083333333333343,0.21172022684310018,0
0.8709677419354839,0.8709677419354839,0,6,11,2.0,0.2727272727272727,227.19444444444446,180.02083333333334,87.63194444444446,40.45833333333334,0.21172022684310018,0
0.8709677419354839,0.8709677419354839,0,7,11,2.5,0.3333333333333333,227.8402777777778,180.9097222222222,123.98611111111113,77.05555555555553,0.21172022684310018,0
0.41935483870967744,0.8709677419354839,0,0,10,7.5,0.8333333333333334,221.27083333333334,181.38888888888889,46.875,6.993055555555543,0.2107750472589792,0
0.3870967741935484,0.8709677419354839,0,0,9,8.0,1.0,191.47222222222226,183.2986111111111,13.472222222222257,5.298611111111086,0.20982986767485823,0
0.3870967741935484,0.3225806451612903,0,0,10,8.0,1.0,149.45833333333334,187.31944444444443,-31.770833333333314,6.0902777777777715,0.20888468809073724,0
0.3870967741935484,0.2903225806451613,0,0,10,9.0,1.0,139.27083333333334,194.6736111111111,-41.5625,13.840277777777743,0.20982986767485823,0
0.3870967741935484,0.2903225806451613,0,0,10,9.0,1.0,152.08333333333334,204.5,-28.583333333333314,23.833333333333343,0.21172022684310018,0
0.3870967741935484,0.25806451612903225,0,0,9,8.5,1.0,177.875,212.09027777777774,-4.791666666666657,29.423611111111086,0.21266540642722118,0
0.3870967741935484,0.25806451612903225,0,0,8,8.0,1.0,180.02083333333334,215.55555555555554,-6.541666666666657,28.993055555555543,0.21361058601134217,0
0.3548387096774194,0.25806451612903225,0,0,7,7.0,1.0,180.9097222222222,214.9097222222222,-11.819444444444457,22.180555555555543,0.21455576559546313,0
0.22580645161290322,0.45161290322580644,0,0,11,11.0,1.0,215.05555555555554,161.31944444444446,-2.006944444444457,-55.74305555555554,0.20982986767485823,0
0.5806451612903226,0.5483870967741935,0,0,11,8.5,1.0,215.54166666666666,174.42361111111111,18.083333333333314,-23.03472222222223,0.21172022684310018,0
0.6451612903225806,0.6129032258064516,0,7,10,2.0,0.42857142857142855,216.0902777777778,172.48611111111111,61.63194444444446,18.02777777777777,0.21172022684310018,0
0.7096774193548387,0.6129032258064516,0,0,9,4.0,0.5,216.7152777777778,171.72916666666666,83.44444444444446,38.458333333333314,0.21266540642722118,0
0.45161290322580644,0.6129032258064516,0,0,9,8.0,1.0,210.48611111111111,171.83333333333334,32.69444444444446,-5.958333333333314,0.21266540642722118,0
0.4838709677419355,0.5806451612903226,0,0,10,7.5,0.8333333333333334,189.65972222222226,175.0277777777778,16.763888888888914,2.131944444444457,0.21172022684310018,0
0.5161290322580645,0.25806451612903225,0,0,10,8.5,0.8333333333333334,161.72916666666666,181.75,-10.854166666666686,9.166666666666657,0.2107750472589792,0
0.5161290322580645,0.25806451612903225,0,0,9,9.0,0.8,155.17361111111111,193.57638888888889,-16.805555555555543,21.59722222222223,0.20888468809073724,0
0.45161290322580644,0.25806451612903225,0,0,9,8.0,0.8333333333333334,161.31944444444446,202.99305555555554,-9.305555555555543,32.36805555555554,0.21361058601134217,0
0.41935483870967744,0.25806451612903225,0,0,8,7.0,0.8333333333333334,174.42361111111111,208.81944444444446,1.5277777777777715,35.923611111111114,0.2334593572778828,0
0.3870967741935484,0.25806451612903225,0,0,7,6.0,1.0,172.48611111111111,208.9652777777778,-9.076388888888886,27.4027777777778,0.2485822306238185,0
0.3548387096774194,0.25806451612903225,0,0,6,6.0,1.0,171.72916666666666,209.09722222222226,-19.0625,18.3055555555556,0.2570888468809074,0
0.1935483870967742,0.25806451612903225,0,0,5,5.0,1.0,171.83333333333334,209.79166666666666,-36.54166666666666,1.4166666666666572,0.26937618147448017,0
0.45161290322580644,0.5806451612903226,0,0,0,0,0,208.9652777777778,158.8125,0.5486111111111427,-49.60416666666666,0.2835538752362949,0
0.6774193548387096,0.5806451612903226,0,0,6,4.5,0.5,209.09722222222226,155.2847222222222,27.138888888888914,-26.673611111111143,0.2844990548204159,0
0.6774193548387096,0.5806451612903226,2,0,7,4.0,0.5,209.79166666666666,147.77777777777774,91.52083333333333,29.506944444444414,0.28071833648393196,0
0.6129032258064516,0.5806451612903226,2,0,7,6.0,0.625,209.6597222222222,159.38888888888889,66.95138888888886,16.680555555555543,0.276937618147448,0
0.5483870967741935,0.5806451612903226,0,0,7,7.0,1.0,200.24305555555554,176.30555555555554,26.805555555555543,2.868055555555543,0.27599243856332706,0
0.6451612903225806,0.5161290322580645,0,0,7,6.0,0.625,169.54861111111111,156.97916666666666,9.256944444444457,-3.3125,0.277882797731569,0
0.6451612903225806,0.5161290322580645,3,0,7,5.0,0.5555555555555556,147.64583333333334,135.74305555555554,15.520833333333343,3.618055555555543,0.2826086956521739,0
0.5806451612903226,0.5161290322580645,0,0,7,6.0,0.6666666666666666,144.80555555555557,132.85416666666666,-6.111111111111086,-18.0625,0.28733459357277885,0
0.5806451612903226,1.032258064516129,0,0,6,6.0,1.0,158.8125,161.61111111111111,-36.3125,-33.513888888888886,0.2892249527410208,0
0.8709677419354839,0.9032258064516129,0,0,3,3.0,0.0,155.2847222222222,178.2013888888889,-27.5902777777778,-4.673611111111086,0.28733459357277885,0
0.9354838709677419,0.9354838709677419,0,7,6,2.0,0.15384615384615385,147.77777777777774,181.9027777777778,54.84027777777774,88.9652777777778,0.28544423440453687,0
0.9354838709677419,0.9354838709677419,0,0,7,3.0,0.3333333333333333,159.38888888888889,183.73611111111111,27.97222222222223,52.31944444444446,0.2844990548204159,0
0.41935483870967744,0.967741935483871,0,0,8,7.0,0.6,176.30555555555554,186.4513888888889,2.0972222222222,12.243055555555571,0.2835538752362949,0
0.41935483870967744,0.41935483870967744,1,0,9,8.0,1.0,156.97916666666666,189.375,-22.229166666666686,10.166666666666657,0.277882797731569,0
0.3870967741935484,0.2903225806451613,0,0,10,8.5,1.0,135.74305555555554,195.8402777777778,-45.44444444444446,14.6527777777778,0.2561436672967864,0
0.41935483870967744,0.25806451612903225,0,0,10,8.0,1.0,132.85416666666666,204.68055555555554,-52.45833333333334,19.368055555555543,0.2391304347826087,0
0.41935483870967744,0.25806451612903225,0,0,9,7.0,1.0,161.61111111111111,214.18055555555554,-23.09722222222223,29.4722222222222,0.22873345935727787,0
0.3548387096774194,0.25806451612903225,0,0,8,6.0,1.0,178.2013888888889,220.06944444444446,-11.131944444444429,30.736111111111114,0.21455576559546313,0
0.3548387096774194,0.25806451612903225,0,0,7,6.0,1.0,181.9027777777778,221.79861111111111,-12.180555555555543,27.71527777777777,0.1937618147448015,0
0.2903225806451613,0.22580645161290322,0,0,6,6.0,1.0,183.73611111111111,221.0277777777778,-20.368055555555543,16.923611111111143,0.17958412098298676,0
0.5483870967741935,0.22580645161290322,0,0,6,6.0,1.0,221.44444444444446,189.38194444444443,2.069444444444457,-29.99305555555557,0.15406427221172023,0
0.6774193548387096,0.3225806451612903,0,8,7,4.0,0.5,221.5277777777778,194.10416666666666,56.50694444444446,29.083333333333314,0.15500945179584122,0
0.6774193548387096,0.3225806451612903,0,8,8,6.0,0.6666666666666666,221.20833333333334,193.86111111111111,64.625,37.27777777777777,0.15406427221172023,0
0.41935483870967744,0.3225806451612903,0,0,9,7.0,1.0,220.33333333333334,193.86805555555557,40.916666666666686,14.451388888888914,0.15406427221172023,0
0.3870967741935484,0.3225806451612903,0,0,10,8.0,1.0,201.60416666666666,195.2638888888889,6.875,0.534722222222257,0.15406427221172023,0
0.3870967741935484,0.2903225806451613,0,0,11,9.0,1.0,180.3263888888889,198.24305555555557,-13.673611111111086,4.243055555555571,0.15406427221172023,0
0.3870967741935484,0.25806451612903225,0,0,11,9.0,1.0,167.00694444444446,205.31944444444446,-26.576388888888886,11.736111111111114,0.15406427221172023,0
0.3870967741935484,0.25806451612903225,0,0,11,9.0,1.0,176.9097222222222,216.27083333333334,-17.0902777777778,22.270833333333343,0.15406427221172023,0
0.3870967741935484,0.25806451612903225,0,0,10,9.0,1.0,189.38194444444443,225.64583333333334,-4.638888888888914,31.625,0.15406427221172023,0
0.3870967741935484,0.25806451612903225,0,0,9,8.0,1.0,194.10416666666666,231.00694444444446,-3.6666666666666856,33.236111111111114,0.15406427221172023,0
0.3870967741935484,0.25806451612903225,0,0,8,7.0,1.0,193.86111111111111,231.0277777777778,-9.076388888888886,28.0902777777778,0.15406427221172023,0
0.3225806451612903,0.25806451612903225,0,0,7,6.0,1.0,193.86805555555557,230.60416666666666,-21.38194444444443,15.354166666666657,0.15406427221172023,0
0.16129032258064516,0.9354838709677419,0,0,7,7.0,1.0,231.52083333333334,171.47222222222226,-1.7291666666666572,-61.77777777777774,0.16824196597353497,1
0.3225806451612903,0.3548387096774194,0,0,11,7.0,1.0,199.72222222222226,209.5,-6.7569444444444,3.020833333333343,0.27977315689981097,0
0.45161290322580644,0.3548387096774194,0,0,11,9.0,1.0,199.125,181.59027777777774,-0.7916666666666572,-18.326388888888914,0.29206049149338376,0
0.45161290322580644,0.3548387096774194,5,0,11,2.0,0.2857142857142857,192.83333333333334,154.05555555555557,24.958333333333343,-13.819444444444429,0.30434782608695654,0
0.45161290322580644,0.3548387096774194,4,0,11,2.0,0.2857142857142857,195.6597222222222,138.24305555555557,19.638888888888857,-37.77777777777777,0.31568998109640833,0
0.16129032258064516,1.032258064516129,0,0,11,11.0,1.0,204.11805555555554,165.11111111111111,-29.048611111111114,-68.05555555555554,0.32608695652173914,0
1.032258064516129,1.032258064516129,0,0,11,11.0,1.0,191.4236111111111,171.8263888888889,-27.888888888888914,-47.486111111111086,0.3052930056710775,0
1.032258064516129,1.032258064516129,0,4,11,1.0,0.1875,181.27083333333334,171.23611111111111,88.97916666666667,78.94444444444444,0.2844990548204159,0
0.45161290322580644,1.032258064516129,0,4,10,7.0,0.75,192.35416666666666,169.9097222222222,41.79166666666666,19.3472222222222,0.28733459357277885,0
0.25806451612903225,1.032258064516129,1,4,9,8.0,1.0,209.5,169.6597222222222,37.625,-2.2152777777778,0.29300567107750475,0
0.6774193548387096,0.6451612903225806,0,4,4,4.0,1.0,206.8472222222222,163.4722222222222,7.993055555555543,-35.38194444444446,0.2391304347826087,0
0.7419354838709677,0.6774193548387096,0,4,6,4.0,0.75,206.75694444444446,164.30555555555554,45.5277777777778,3.0763888888888857,0.2381852551984877,0
0.7741935483870968,0.7096774193548387,0,5,7,3.0,0.5,207.125,160.2222222222222,103.20833333333333,56.30555555555553,0.23629489603024575,0
0.41935483870967744,0.7096774193548387,0,5,8,7.0,1.0,204.58333333333334,158.67361111111111,48.08333333333334,2.1736111111111143,0.23440453686200377,0
0.4838709677419355,0.7096774193548387,0,5,9,7.5,1.0,189.21527777777774,162.86805555555557,19.527777777777743,-6.819444444444429,0.2334593572778828,0
0.5483870967741935,0.2903225806451613,0,5,10,8.0,1.0,154.66666666666666,171.22916666666666,-9.5625,7.0,0.2334593572778828,0
0.5483870967741935,0.2903225806451613,0,5,10,8.5,1.0,140.54861111111111,181.7638888888889,-18.451388888888886,22.763888888888914,0.23251417769376181,0
0.5161290322580645,0.2903225806451613,0,5,10,7.0,0.8,143.36805555555557,190.72916666666666,-14.069444444444429,33.29166666666666,0.23251417769376181,0
0.4838709677419355,0.2903225806451613,0,5,9,7.0,0.8,163.4722222222222,197.34027777777774,3.8888888888888573,37.7569444444444,0.23251417769376181,0
0.41935483870967744,0.2903225806451613,0,5,8,7.0,1.0,164.30555555555554,201.54166666666666,-7.2777777777778,29.958333333333314,0.24007561436672967,0
0.3225806451612903,0.25806451612903225,0,5,7,6.0,1.0,160.2222222222222,203.8472222222222,-22.298611111111143,21.326388888888857,0.2589792060491493,0
0.4838709677419355,0.5483870967741935,0,5,0,0,0,204.82638888888889,147.38888888888889,11.993055555555543,-45.44444444444446,0.30434782608695654,0
0.6774193548387096,0.5806451612903226,0,5,6,4.5,0.5,205.9722222222222,143.68750000000003,42.82638888888886,-19.458333333333314,0.30245746691871456,0
0.6451612903225806,0.5806451612903226,3,5,7,3.0,0.3333333333333333,205.77083333333334,135.35416666666666,80.45833333333334,10.041666666666657,0.30434782608695654,0
0.6129032258064516,0.5806451612903226,3,5,7,3.0,0.3333333333333333,201.61805555555554,143.3125,83.53472222222221,25.22916666666667,0.30718336483931946,0
0.4838709677419355,0.5806451612903226,0,5,7,7.0,1.0,186.92361111111111,171.79166666666666,20.736111111111114,5.604166666666657,0.31285444234404536,0
0.6129032258064516,0.5806451612903226,0,5,7,7.0,0.8,160.43055555555557,173.20138888888889,2.5347222222222285,15.305555555555543,0.31947069943289225,0
0.6129032258064516,0.5483870967741935,3,5,7,2.5,0.4,135.51388888888889,142.02083333333334,28.534722222222214,35.04166666666667,0.32608695652173914,0
0.4838709677419355,0.5483870967741935,0,5,7,5.0,0.6666666666666666,136.52777777777777,136.0347222222222,-4.6597222222222285,-5.1527777777778,0.332703213610586,0
0.3548387096774194,0.5483870967741935,0,5,6,5.0,1.0,147.38888888888889,144.98611111111111,-34.38194444444446,-36.78472222222223,0.33648393194706994,0
0.8709677419354839,0.8709677419354839,0,5,6,6.0,1.0,143.6875,173.54166666666666,-48.72916666666666,-18.875,0.33742911153119093,0
0.8709677419354839,0.9032258064516129,0,5,7,2.0,0.3333333333333333,135.35416666666666,172.40972222222226,-10.0625,26.9930555555556,0.34026465028355385,0
0.9354838709677419,0.9354838709677419,0,5,8,2.0,0.23076923076923078,143.31250000000003,172.05555555555557,55.08333333333336,83.8263888888889,0.34120982986767484,0
0.3548387096774194,0.9354838709677419,1,5,9,7.5,1.0,171.79166666666666,172.18055555555557,-2.6666666666666856,-2.2777777777777715,0.3431001890359168,0
0.3548387096774194,0.967741935483871,1,5,10,8.0,1.0,173.20138888888889,174.59722222222226,0.9305555555555429,2.326388888888914,0.33742911153119093,0
0.41935483870967744,0.25806451612903225,0,5,11,9.0,1.0,142.02083333333334,179.49305555555557,-31.875,5.5972222222222285,0.32041587901701324,0
0.41935483870967744,0.25806451612903225,0,5,11,8.0,1.0,136.0347222222222,189.36111111111111,-35.0277777777778,18.298611111111114,0.30151228733459357,0
0.3870967741935484,0.25806451612903225,0,5,11,8.0,1.0,144.98611111111111,198.27083333333334,-26.22222222222223,27.0625,0.29678638941398866,0
0.3870967741935484,0.25806451612903225,0,5,11,8.0,1.0,173.54166666666666,204.94444444444443,-0.7291666666666856,30.673611111111086,0.28733459357277885,0
0.3548387096774194,0.25806451612903225,0,5,11,7.0,1.0,172.40972222222226,205.88888888888889,-5.902777777777743,27.576388888888886,0.26937618147448017,0
0.2903225806451613,0.22580645161290322,0,5,11,6.0,1.0,172.05555555555557,206.41666666666666,-13.840277777777771,20.520833333333314,0.2599243856332703,0
0.22580645161290322,0.6774193548387096,0,5,11,9.5,1.0,207.80555555555554,146.02083333333334,-1.6736111111111143,-63.458333333333314,0.2580340264650284,0
0.7741935483870968,1.032258064516129,0,5,11,10.0,1.0,207.86111111111111,192.76388888888889,22.798611111111114,7.701388888888886,0.2570888468809074,0
1.032258064516129,1.032258064516129,0,5,11,2.0,0.18181818181818182,209.16666666666666,194.75694444444443,91.83333333333333,77.4236111111111,0.2523629489603025,0
1.032258064516129,1.032258064516129,0,5,11,2.0,0.25,208.80555555555554,194.41666666666666,154.05555555555554,139.66666666666666,0.2485822306238185,0
0.25806451612903225,1.032258064516129,1,0,11,9.0,1.0,201.1111111111111,195.11111111111111,13.215277777777743,7.2152777777777715,0.2448015122873346,0
0.22580645161290322,1.032258064516129,2,0,11,9.5,1.0,170.625,197.5277777777778,-24.791666666666657,2.1111111111111427,0.24102079395085066,0
0.5806451612903226,0.7419354838709677,0,0,11,11.0,1.0,233.79166666666666,186.0277777777778,13.354166666666657,-34.4097222222222,0.17485822306238186,0
0.8064516129032258,0.7419354838709677,0,0,11,2.0,0.42857142857142855,233.70833333333334,193.67361111111111,60.541666666666686,20.506944444444457,0.17958412098298676,0
0.8064516129032258,0.7741935483870968,7,0,11,2.0,0.3076923076923077,233.25,195.84722222222226,141.58333333333331,104.18055555555559,0.1843100189035917,0
0.41935483870967744,0.7741935483870968,0,0,11,8.5,1.0,228.83333333333334,197.42361111111111,56.0625,24.65277777777777,0.18714555765595464,0
0.25806451612903225,0.7741935483870968,0,0,11,8.5,1.0,208.7847222222222,198.98611111111111,17.5972222222222,7.798611111111114,0.19092627599243855,0
0.2903225806451613,0.7741935483870968,0,0,11,11.0,1.0,211.38194444444446,158.0625,0.5694444444444571,-52.75,0.2741020793950851,0
0.8064516129032258,0.7741935483870968,0,0,11,11.0,1.0,211.11805555555554,167.0625,10.243055555555543,-33.8125,0.2741020793950851,0
0.8064516129032258,0.7741935483870968,0,0,11,2.0,0.46153846153846156,210.61111111111111,168.3125,68.09027777777777,25.791666666666657,0.2741020793950851,0
0.8064516129032258,0.7741935483870968,1,0,11,2.0,0.46153846153846156,210.39583333333334,168.80555555555557,69.89583333333334,28.30555555555557,0.27504725897920607,0
0.45161290322580644,0.7741935483870968,1,0,11,11.0,1.0,207.2152777777778,171.39583333333334,43.19444444444446,7.375,0.27504725897920607,0
0.3870967741935484,0.5483870967741935,2,0,11,11.0,1.0,184.73611111111111,175.375,15.069444444444457,5.708333333333343,0.27504725897920607,0
0.2903225806451613,0.3548387096774194,0,0,11,11.0,1.0,210.69444444444446,166.94444444444446,1.7986111111111143,-41.951388888888886,0.22495274102079396,0
0.8064516129032258,0.7741935483870968,0,0,11,11.0,1.0,210.01388888888889,197.5972222222222,3.743055555555543,-8.673611111111143,0.22589792060491493,0
0.8064516129032258,0.7741935483870968,0,0,11,2.0,0.4444444444444444,209.76388888888889,211.99305555555554,70.57638888888889,72.80555555555554,0.22684310018903592,0
0.8064516129032258,0.7741935483870968,11,0,11,2.0,0.3076923076923077,209.52083333333334,211.67361111111111,89.04166666666667,91.19444444444444,0.22684310018903592,0
0.5483870967741935,0.7741935483870968,0,0,11,11.0,1.0,208.11805555555557,210.42361111111111,38.11805555555557,40.423611111111114,0.2277882797731569,0
0.25806451612903225,0.7741935483870968,0,0,11,11.0,1.0,184.78472222222226,209.60416666666666,-25.5694444444444,-0.75,0.2277882797731569,0
0.2903225806451613,0.41935483870967744,0,0,11,9.0,1.0,209.06944444444443,176.70833333333334,-1.0972222222222285,-33.458333333333314,0.23724007561436672,0
0.8387096774193549,0.41935483870967744,0,0,11,8.0,1.0,209.61805555555554,193.16666666666666,2.0347222222222,-14.416666666666686,0.2334593572778828,0
0.8387096774193549,0.41935483870967744,0,0,11,4.0,0.5,208.9236111111111,197.89583333333334,50.75694444444443,39.729166666666686,0.22873345935727787,0
0.8387096774193549,0.41935483870967744,0,0,11,6.0,0.5454545454545454,208.96527777777774,196.31944444444443,59.27777777777774,46.63194444444443,0.22400756143667297,0
0.41935483870967744,0.41935483870967744,1,0,11,7.0,1.0,208.20138888888889,195.95833333333334,28.09722222222223,15.854166666666686,0.22022684310018903,0
0.22580645161290322,0.3870967741935484,1,0,11,8.0,1.0,191.9722222222222,198.52777777777774,-8.361111111111143,-1.8055555555555998,0.21550094517958412,0
0.12903225806451613,0.9354838709677419,0,0,10,7.0,1.0,231.76388888888889,160.79166666666666,-2.2361111111111143,-73.20833333333334,0.14083175803402648,1
0.36666666666666664,0.2,0,0,7,5.5,1.0,230.8156028368794,180.24113475177305,14.049645390070907,-36.52482269503545,0.13623188405797101,1
0.4,0.2,0,0,8,5.0,1.0,231.6241134751773,179.4113475177305,27.64539007092199,-24.567375886524815,0.15265700483091788,0
0.43333333333333335,0.23333333333333334,0,0,9,5.5,1.0,230.0283687943262,183.54609929078015,39.47517730496452,-7.007092198581546,0.17004830917874397,0
0.5,0.23333333333333334,1,0,10,6.0,1.0,224.8368794326241,191.1631205673759,41.156028368794324,7.482269503546121,0.18647342995169083,0
0.4666666666666667,0.23333333333333334,2,0,11,5.0,0.8,215.66666666666666,198.89361702127658,37.198581560283685,20.42553191489361,0.2,0
0.5,0.23333333333333334,2,0,11,4.5,0.6666666666666666,203.76595744680853,202.34751773049643,25.19148936170214,23.773049645390046,0.20869565217391303,0
0.5333333333333333,0.23333333333333334,3,0,11,5.5,1.0,192.73758865248226,197.8439716312057,11.54609929078012,16.652482269503565,0.21256038647342995,0
0.5,0.26666666666666666,0,0,11,5.5,1.0,184.23404255319147,183.08510638297875,-6.638297872340445,-7.787234042553166,0.2144927536231884,0
0.43333333333333335,0.26666666666666666,0,0,11,5.0,1.0,180.24113475177305,166.9787234042553,-21.184397163120565,-34.446808510638306,0.21932367149758455,0
0.36666666666666664,0.3333333333333333,0,0,11,5.5,1.0,179.41134751773052,157.29787234042553,-24.97163120567373,-47.08510638297872,0.22415458937198068,0
0.4,0.4666666666666667,2,0,11,6.0,1.0,183.54609929078015,161.645390070922,-17.687943262411352,-39.58865248226951,0.2222222222222222,0
0.6,0.5,3,0,11,6.0,1.0,191.1631205673759,175.4468085106383,3.2482269503546206,-12.468085106382972,0.221256038647343,0
0.5666666666666667,0.5,2,0,11,5.0,1.0,198.89361702127658,194.05673758865248,38.787234042553166,33.950354609929065,0.21932367149758455,0
0.5333333333333333,0.4666666666666667,2,0,11,5.5,1.0,202.34751773049643,205.645390070922,49.43262411347516,52.73049645390071,0.21545893719806763,0
0.5,0.43333333333333335,2,0,11,6.0,1.0,197.84397163120568,207.21985815602838,38.97163120567376,48.34751773049646,0.20772946859903382,0
0.4666666666666667,0.4,0,0,10,5.5,1.0,183.08510638297875,204.21985815602838,9.936170212765973,31.070921985815602,0.19806763285024154,0
0.43333333333333335,0.36666666666666664,0,0,9,6.5,1.0,166.9787234042553,208.5886524822695,-27.340425531914917,14.269503546099287,0.20676328502415459,0
0.43333333333333335,0.36666666666666664,0,0,8,8.0,1.0,157.29787234042556,218.3404255319149,-57.404255319148916,3.6382978723404165,0.21545893719806763,0
0.36666666666666664,0.26666666666666666,0,0,8,7.0,0.6666666666666666,161.645390070922,225.75886524822695,-46.26950354609929,17.843971631205676,0.2135265700483092,0
0.2,0.7333333333333333,0,0,0,0,0,218.3404255319149,178.3404255319149,-12.80851063829789,-52.80851063829789,0.2038647342995169,0
0.8,0.7333333333333333,0,0,0,0,0,225.75886524822695,199.6595744680851,-4.709219858156018,-30.80851063829786,0.19420289855072465,0
0.8,0.7333333333333333,0,0,6,2.0,0.2727272727272727,228.31205673758868,204.645390070922,77.67375886524826,54.007092198581574,0.18743961352657004,0
0.8,0.7333333333333333,0,0,7,2.0,0.2727272727272727,229.26241134751774,202.56737588652481,90.15602836879432,63.4609929078014,0.18937198067632852,0
0.7333333333333333,0.7333333333333333,0,0,8,5.0,0.75,230.09929078014184,204.56028368794327,46.31205673758865,20.773049645390074,0.19420289855072465,0
0.4,0.7333333333333333,0,0,8,5.0,1.0,204.08510638297875,189.5531914893617,-8.042553191489333,-22.57446808510639,0.19227053140096617,0
0.43333333333333335,0.3333333333333333,0,0,8,5.0,0.75,173.40425531914892,178.32624113475177,-29.65957446808514,-24.737588652482287,0.19227053140096617,0
0.4,0.3,0,0,8,3.0,0.3333333333333333,157.84397163120568,176.0,-40.90070921985816,-22.744680851063833,0.20579710144927535,0
0.36666666666666664,0.4,0,0,7,3.0,0.3333333333333333,178.3404255319149,193.5886524822695,-27.553191489361694,-12.304964539007074,0.21835748792270532,0
0.6,0.4,0,0,6,6.0,0.6666666666666666,199.6595744680851,202.3404255319149,-9.38297872340425,-6.702127659574472,0.22028985507246376,0
0.5,0.4,5,0,7,3.5,0.5,204.645390070922,201.3404255319149,50.92198581560285,47.61702127659575,0.22318840579710145,0
0.5,0.4,5,0,8,3.5,0.5,202.56737588652481,202.14184397163118,30.35460992907801,29.92907801418437,0.23091787439613526,0
0.36666666666666664,0.4,0,0,9,6.0,1.0,204.56028368794327,200.67375886524823,2.496453900709213,-1.3900709219858243,0.23671497584541062,0
0.43333333333333335,0.36666666666666664,0,0,10,6.0,1.0,189.5531914893617,185.31914893617022,-16.936170212765973,-21.170212765957444,0.2396135265700483,0
0.43333333333333335,0.3333333333333333,0,0,11,5.0,0.8,178.32624113475177,175.20567375886526,-20.141843971631204,-23.262411347517713,0.2222222222222222,0
0.4,0.3333333333333333,0,0,11,5.0,0.75,176.0,181.5035460992908,-23.063829787234056,-17.56028368794327,0.20193236714975846,0
0.7,0.8666666666666667,0,0,10,4.0,0.6666666666666666,193.5886524822695,200.354609929078,-15.304964539007074,-8.539007092198574,0.19420289855072465,0
0.8,0.8666666666666667,0,0,9,4.0,0.6,202.3404255319149,206.31205673758868,8.276595744680833,12.24822695035462,0.18937198067632852,0
0.7333333333333333,0.8333333333333334,0,0,8,2.0,0.18181818181818182,201.3404255319149,202.5390070921986,48.34042553191489,49.5390070921986,0.1826086956521739,0
0.7,0.6666666666666666,0,0,7,3.0,0.3333333333333333,202.14184397163123,204.48226950354606,23.588652482269538,25.92907801418437,0.1758454106280193,0
0.36666666666666664,0.6666666666666666,0,0,6,6.0,1.0,200.67375886524823,214.29787234042553,-12.283687943262407,1.3404255319148888,0.17101449275362318,0
0.4,0.4,0,0,6,3.0,0.3333333333333333,185.31914893617022,224.92198581560282,-24.234042553191472,15.36879432624113,0.1681159420289855,0
0.43333333333333335,0.3333333333333333,0,0,6,3.0,0.4,175.20567375886526,231.0,-21.21985815602835,34.57446808510639,0.15265700483091788,0
0.4,0.3333333333333333,0,0,4,3.0,0.25,181.5035460992908,233.3758865248227,-20.13475177304963,31.737588652482287,0.13719806763285025,0
0.3333333333333333,0.3333333333333333,0,0,4,3.5,0.5,200.354609929078,234.24113475177307,-15.02836879432624,18.858156028368825,0.13333333333333333,0
0.3,0.23333333333333334,0,0,4,2.5,0.5,206.31205673758868,234.7375886524823,-19.56028368794324,8.86524822695037,0.1294685990338164,0
0.16666666666666666,0.23333333333333334,0,0,6,6.0,1.0,235.91489361702125,190.36170212765956,0.6170212765957217,-44.93617021276597,0.13333333333333333,0
0.3333333333333333,0.26666666666666666,0,0,7,7.0,1.0,236.32624113475177,192.10638297872342,16.304964539007074,-27.914893617021278,0.13429951690821257,0
0.4,0.3,0,11,8,6.0,0.8,235.39007092198582,190.25531914893614,68.5390070921986,23.404255319148916,0.13429951690821257,0
0.43333333333333335,0.3,0,0,9,7.0,1.0,234.96453900709218,190.56028368794327,51.624113475177296,7.21985815602838,0.13526570048309178,0
0.43333333333333335,0.3333333333333333,0,0,9,8.0,1.0,229.87234042553192,193.0354609929078,35.063829787234056,-1.7730496453900741,0.13429951690821257,0
0.43333333333333335,0.3,0,0,9,9.0,1.0,207.39007092198582,194.96453900709218,14.45390070921988,2.0283687943262407,0.13333333333333333,0
0.4666666666666667,0.3,0,0,10,8.0,1.0,190.0709219858156,200.79432624113474,1.4964539007092128,12.219858156028351,0.13333333333333333,0
0.43333333333333335,0.3,0,0,11,8.0,1.0,181.66666666666666,210.5531914893617,-7.588652482269509,21.297872340425528,0.13333333333333333,0
0.43333333333333335,0.3,0,0,10,8.0,1.0,190.36170212765956,221.9148936170213,-3.489361702127667,28.063829787234084,0.13333333333333333,0
0.43333333333333335,0.26666666666666666,0,0,9,7.5,1.0,192.10638297872342,227.99290780141845,-3.893617021276583,31.992907801418454,0.13429951690821257,0
0.36666666666666664,0.26666666666666666,0,0,8,6.5,0.75,190.25531914893614,229.56028368794327,-4.787234042553223,34.51773049645391,0.13429951690821257,0
0.3333333333333333,0.26666666666666666,0,0,7,6.0,0.6666666666666666,190.56028368794327,229.73758865248226,-20.78014184397162,18.39716312056737,0.13429951690821257,0
0.2,0.23333333333333334,0,0,6,6.0,1.0,193.0354609929078,229.54609929078015,-32.241134751773075,4.269503546099287,0.13526570048309178,0
0.9666666666666667,1.0333333333333334,0,0,11,11.0,1.0,229.22695035460993,176.1985815602837,-0.9858156028368796,-54.01418439716309,0.1285024154589372,0
1.0333333333333334,1.0333333333333334,0,0,11,3.0,0.3333333333333333,228.93617021276592,210.354609929078,75.25531914893614,56.67375886524823,0.1294685990338164,0
1.0333333333333334,1.0333333333333334,6,10,11,1.5,0.0625,229.09929078014184,210.90780141843973,182.7163120567376,164.52482269503548,0.13043478260869565,0
1.0333333333333334,1.0333333333333334,8,0,11,2.0,0.125,229.4468085106383,210.02836879432627,122.76595744680851,103.34751773049648,0.13140096618357489,0
0.2,1.0333333333333334,0,0,11,11.0,1.0,204.54609929078015,210.14893617021278,-4.900709219858157,0.7021276595744723,0.13333333333333333,0
0.4666666666666667,0.4666666666666667,0,0,7,7.0,1.0,215.97872340425533,152.8368794326241,1.1276595744681117,-62.01418439716312,0.20772946859903382,0
1.0333333333333334,0.4666666666666667,0,0,8,4.0,0.6666666666666666,216.10638297872342,169.09929078014184,42.787234042553195,-4.21985815602838,0.20966183574879227,0
1.0333333333333334,0.4666666666666667,0,7,9,2.0,0.2857142857142857,215.65248226950357,168.7163120567376,124.7163120567376,77.78014184397163,0.20966183574879227,0
1.0333333333333334,0.4666666666666667,0,0,10,3.5,0.5,214.66666666666666,167.90780141843973,95.21985815602837,48.46099290780144,0.21159420289855072,0
0.3,0.4666666666666667,2,0,11,8.0,1.0,200.76595744680853,169.53191489361703,32.914893617021306,1.680851063829806,0.2135265700483092,0
0.23333333333333334,0.2,2,0,11,9.0,1.0,159.70212765957447,173.19148936170214,-11.510638297872333,1.9787234042553337,0.21642512077294687,0
0.7666666666666667,0.7333333333333333,0,5,11,6.5,0.5,201.93617021276597,176.43262411347519,8.489361702127667,-17.01418439716312,0.21835748792270532,0
0.8,0.7666666666666667,0,4,11,3.0,0.25,200.08510638297875,184.38297872340425,39.14893617021281,23.446808510638306,0.21739130434782608,0
0.8333333333333334,0.8,0,4,11,1.0,0.2727272727272727,199.0921985815603,183.90070921985816,103.28368794326242,88.09219858156028,0.21545893719806763,0
0.5333333333333333,0.8,0,0,11,6.0,0.5714285714285714,197.1631205673759,183.96453900709218,37.33333333333334,24.13475177304963,0.21256038647342995,0
0.5,0.8333333333333334,0,0,11,7.0,0.8,184.91489361702125,185.1631205673759,-0.5744680851064174,-0.3262411347517684,0.2106280193236715,0
0.4666666666666667,0.3,0,0,11,8.5,1.0,150.06382978723403,189.6312056737589,-33.91489361702128,5.652482269503594,0.20772946859903382,0
0.4666666666666667,0.3,0,0,11,9.0,1.0,138.8581560283688,198.20567375886526,-44.82269503546098,14.524822695035482,0.20483091787439614,0
0.4666666666666667,0.3,0,0,11,8.0,0.8333333333333334,147.04255319148936,208.9716312056738,-37.0,24.929078014184427,0.20096618357487922,0
0.5,0.3,0,0,11,8.0,1.0,176.43262411347519,217.77304964539007,-7.737588652482259,33.60283687943263,0.1961352657004831,0
0.5,0.3,0,0,11,7.5,1.0,184.38297872340425,222.59574468085108,-2.8936170212766115,35.31914893617022,0.19227053140096617,0
0.43333333333333335,0.3,0,0,11,6.5,0.75,183.90070921985816,224.2624113475177,-13.546099290780148,26.815602836879407,0.18840579710144928,0
0.3333333333333333,0.26666666666666666,0,0,11,6.0,0.6666666666666666,183.96453900709218,224.17021276595747,-25.929078014184398,14.27659574468089,0.1855072463768116,0
0.23333333333333334,0.2,0,0,11,7.0,0.5,185.1631205673759,223.65248226950357,-34.41134751773049,4.078014184397176,0.18164251207729468,0
0.3333333333333333,0.2,0,0,11,8.0,1.0,223.47517730496452,186.88652482269504,3.475177304964518,-33.11347517730496,0.1932367149758454,0
0.4,0.23333333333333334,0,0,11,7.5,1.0,222.9432624113475,183.7517730496454,13.539007092198545,-25.652482269503537,0.1932367149758454,0
0.43333333333333335,0.26666666666666666,0,0,11,8.0,1.0,222.53191489361703,181.8014184397163,24.80851063829789,-15.921985815602852,0.1932367149758454,0
0.43333333333333335,0.26666666666666666,0,0,11,7.5,0.8333333333333334,221.78014184397162,180.95035460992912,29.97163120567376,-10.85815602836874,0.19227053140096617,0
0.5,0.3,0,0,11,8.5,0.8333333333333334,217.36879432624116,172.17730496453905,31.815602836879464,-13.375886524822647,0.19130434782608696,0
0.5666666666666667,0.3,0,0,11,9.0,0.8,209.04255319148936,154.24822695035462,25.744680851063833,-29.049645390070907,0.19130434782608696,0
0.5333333333333333,0.3,0,0,11,9.0,1.0,199.645390070922,145.5886524822695,17.241134751773046,-36.815602836879435,0.19130434782608696,0
0.5333333333333333,0.3,0,0,11,9.0,1.0,191.6950354609929,166.27659574468086,11.992907801418426,-13.425531914893611,0.1932367149758454,0
0.7333333333333333,0.7333333333333333,0,0,11,7.5,0.8333333333333334,186.88652482269504,197.15602836879432,6.141843971631204,16.41134751773049,0.19516908212560385,0
0.8666666666666667,0.7333333333333333,0,0,11,6.0,0.7142857142857143,183.75177304964538,218.43971631205673,27.666666666666657,62.35460992907801,0.1961352657004831,0
0.7666666666666667,0.7333333333333333,15,0,11,3.0,0.36363636363636365,181.80141843971634,218.10638297872342,55.886524822695065,92.19148936170214,0.19806763285024154,0
0.8,0.7,3,0,11,2.5,0.3333333333333333,180.95035460992912,217.36879432624116,26.18439716312062,62.60283687943266,0.2,0
0.3333333333333333,0.6666666666666666,0,0,11,11.0,1.0,172.177304964539,216.6950354609929,-45.97163120567379,-1.4539007092198801,0.2,0
0.43333333333333335,0.23333333333333334,0,0,11,8.0,0.75,214.70921985815605,176.1985815602837,4.539007092198602,-33.97163120567373,0.18357487922705315,0
0.5333333333333333,0.26666666666666666,0,0,11,7.0,0.6,215.45390070921985,178.58865248226948,21.070921985815602,-15.794326241134769,0.18357487922705315,0
0.6,0.26666666666666666,0,0,11,7.0,0.8333333333333334,216.6595744680851,182.63120567375884,33.48936170212767,-0.5390070921986023,0.18357487922705315,0
0.6,0.26666666666666666,0,0,11,7.0,0.7142857142857143,215.14893617021275,184.63829787234044,39.91489361702125,9.404255319148945,0.18357487922705315,0
0.6666666666666666,0.26666666666666666,0,0,11,8.0,0.7142857142857143,207.48226950354606,177.8156028368794,32.758865248226925,3.092198581560268,0.18357487922705315,0
0.6,0.26666666666666666,0,0,11,10.0,1.0,195.9078014184397,174.4113475177305,17.269503546099287,-4.226950354609926,0.1826086956521739,0
0.5333333333333333,0.26666666666666666,0,0,11,9.0,1.0,184.26241134751774,186.1560283687943,1.8581560283687963,3.751773049645351,0.18067632850241547,0
0.5333333333333333,0.5,0,0,11,9.0,1.0,177.70921985815605,207.0283687943262,-9.141843971631175,20.17730496453899,0.17971014492753623,0
0.6333333333333333,0.5,0,0,11,8.0,1.0,176.1985815602837,223.31914893617022,-8.460992907801398,38.65957446808511,0.17777777777777778,0
0.5666666666666667,0.4666666666666667,2,0,11,4.0,0.5555555555555556,178.58865248226948,225.58156028368793,16.652482269503537,63.64539007092199,0.17391304347826086,0
0.5,0.4666666666666667,2,0,11,2.0,0.42857142857142855,182.63120567375884,225.709219858156,5.992907801418426,49.07092198581557,0.17101449275362318,0
0.3,0.43333333333333335,0,0,11,11.0,1.0,184.63829787234044,225.48226950354606,-35.25531914893614,5.588652482269481,0.16908212560386474,0
0.26666666666666666,0.36666666666666664,0,0,11,11.0,1.0,177.8156028368794,225.88652482269504,-46.73758865248229,1.3333333333333428,0.16618357487922705,0
0.3,0.2,0,0,11,8.5,1.0,226.72340425531914,193.87234042553192,-0.10638297872341695,-32.95744680851064,0.157487922705314,0
0.3333333333333333,0.2,0,0,11,9.0,1.0,228.24113475177305,191.5035460992908,9.539007092198574,-27.198581560283685,0.15845410628019324,0
0.4,0.23333333333333334,0,0,11,7.0,1.0,229.04255319148936,190.92198581560282,23.0,-15.120567375886537,0.15845410628019324,0
0.43333333333333335,0.26666666666666666,0,0,11,8.0,1.0,228.5886524822695,188.65248226950357,30.524822695035454,-9.41134751773049,0.157487922705314,0
0.43333333333333335,0.26666666666666666,0,0,11,9.0,1.0,225.10638297872342,174.26241134751774,32.53191489361703,-18.312056737588648,0.15555555555555556,0
0.4666666666666667,0.26666666666666666,0,0,11,9.0,1.0,217.19148936170214,134.36879432624116,26.212765957446834,-56.60992907801415,0.15265700483091788,0
0.4666666666666667,0.26666666666666666,0,0,11,9.0,1.0,207.60283687943263,133.39716312056737,16.64539007092199,-57.56028368794327,0.15169082125603864,0
0.5,0.3,0,0,11,9.0,1.0,198.89361702127658,158.8085106382979,8.063829787234027,-32.021276595744666,0.15072463768115943,0
0.8666666666666667,1.0,0,0,11,7.5,1.0,193.87234042553192,211.33333333333334,9.702127659574472,27.1631205673759,0.14879227053140096,0
0.9666666666666667,1.0,0,0,11,6.5,1.0,191.5035460992908,227.2127659574468,43.71631205673759,79.42553191489361,0.1497584541062802,0
0.9333333333333333,1.0,8,0,11,1.0,0.35714285714285715,190.92198581560285,228.73758865248226,119.77304964539009,157.58865248226948,0.15072463768115943,0
0.36666666666666664,0.9666666666666667,0,0,11,9.0,1.0,188.65248226950357,229.99290780141845,7.397163120567399,48.73758865248229,0.15169082125603864,0
0.2,0.9333333333333333,0,0,11,9.5,1.0,174.26241134751774,229.86524822695037,-49.758865248226954,5.843971631205676,0.1497584541062802,0
0.7333333333333333,0.9,0,0,11,10.0,1.0,231.7517730496454,188.21985815602838,20.517730496453908,-23.01418439716312,0.13816425120772946,1
0.3333333333333333,0.7666666666666667,0,0,11,9.0,1.0,229.3404255319149,163.822695035461,1.6595744680851112,-63.85815602836877,0.15845410628019324,0
1.0333333333333334,0.8,1,0,11,7.0,0.6666666666666666,229.6241134751773,200.99290780141845,40.21985815602835,11.58865248226951,0.1565217391304348,0
1.0333333333333334,0.8,4,3,11,2.0,0.15384615384615385,229.3687943262411,204.56028368794327,126.53900709219855,101.73049645390071,0.1565217391304348,0
1.0333333333333334,0.8,6,0,11,2.0,0.15384615384615385,228.23404255319147,203.7163120567376,134.7234042553191,110.20567375886525,0.1565217391304348,0
0.23333333333333334,0.8,7,0,11,8.5,1.0,214.9290780141844,203.70212765957447,22.24822695035462,11.021276595744695,0.157487922705314,0
0.23333333333333334,0.8,8,0,11,11.0,1.0,173.3049645390071,206.1914893617021,-31.97163120567376,0.9148936170212494,0.15942028985507245,0
0.3333333333333333,0.9666666666666667,1,0,11,10.0,1.0,214.95035460992912,144.67375886524823,3.6524822695035937,-66.6241134751773,0.24347826086956523,0
1.0333333333333334,1.0333333333333334,1,0,11,10.5,1.0,212.8085106382979,166.7304964539007,14.872340425531945,-31.20567375886523,0.25217391304347825,0
1.0333333333333334,1.0333333333333334,1,7,11,2.0,0.2,212.15602836879432,170.31205673758868,112.5177304964539,70.67375886524825,0.2579710144927536,0
1.0333333333333334,1.0333333333333334,1,0,11,2.0,0.25,211.7872340425532,167.7304964539007,107.48936170212767,63.432624113475185,0.2618357487922705,0
0.43333333333333335,1.0333333333333334,1,0,11,8.0,0.8,206.99290780141845,166.8794326241135,51.375886524822704,11.262411347517741,0.263768115942029,0
0.36666666666666664,1.0333333333333334,1,0,11,10.0,1.0,169.6241134751773,168.93617021276597,-4.482269503546121,-5.170212765957444,0.26570048309178745,0
0.26666666666666666,0.3,1,4,11,11.0,1.0,197.92198581560285,157.54609929078015,-1.312056737588648,-41.68794326241135,0.2579710144927536,0
0.7333333333333333,0.7,1,4,11,8.5,1.0,197.65248226950357,177.468085106383,-0.30496453900707365,-20.48936170212764,0.2570048309178744,0
0.7666666666666667,0.7333333333333333,1,4,11,3.0,0.3333333333333333,197.98581560283688,184.36170212765958,62.432624113475185,48.80851063829789,0.25507246376811593,0
0.8,0.7333333333333333,1,4,11,3.0,0.4166666666666667,198.56737588652481,182.02127659574467,75.71631205673758,59.17021276595743,0.25217391304347825,0
0.5333333333333333,0.7666666666666667,1,0,11,7.0,0.7142857142857143,198.8156028368794,183.5035460992908,37.85815602836877,22.54609929078015,0.2492753623188406,0
0.5,0.7666666666666667,1,0,11,9.0,1.0,177.58156028368793,186.20567375886526,-11.24822695035462,-2.624113475177296,0.24444444444444444,0
0.5,0.3,1,0,11,9.5,1.0,152.1205673758865,191.8794326241135,-30.49645390070924,9.262411347517741,0.24057971014492754,0
0.5333333333333333,0.3,1,0,11,10.5,1.0,139.7872340425532,200.20567375886526,-41.85106382978722,18.567375886524843,0.2357487922705314,0
0.5333333333333333,0.3,1,0,11,10.0,1.0,157.54609929078015,210.90070921985816,-24.262411347517713,29.092198581560297,0.23091787439613526,0
0.5,0.3,1,0,11,9.0,1.0,177.468085106383,219.34751773049643,-9.595744680851055,32.28368794326238,0.22608695652173913,0
0.5,0.3,1,0,11,8.0,1.0,184.36170212765956,223.80851063829786,-5.382978723404278,34.06382978723403,0.221256038647343,0
0.4,0.26666666666666666,1,0,11,7.0,1.0,182.02127659574467,225.0,-16.80851063829789,26.170212765957444,0.21642512077294687,0
0.3333333333333333,0.23333333333333334,1,0,11,6.5,1.0,183.5035460992908,225.00709219858155,-28.539007092198574,12.964539007092185,0.21159420289855072,0
0.26666666666666666,0.2,1,0,11,8.5,1.0,186.20567375886526,224.47517730496455,-35.624113475177296,2.645390070921991,0.20483091787439614,0
0.43333333333333335,0.23333333333333334,0,0,11,8.5,1.0,227.09929078014184,181.68085106382978,10.886524822695037,-34.53191489361703,0.17777777777777778,0
0.4666666666666667,0.26666666666666666,0,0,11,6.5,1.0,228.14184397163118,180.58156028368793,25.12056737588648,-22.43971631205676,0.17777777777777778,0
0.5333333333333333,0.26666666666666666,1,0,11,7.5,1.0,226.85106382978722,180.99290780141845,34.34042553191489,-11.51773049645388,0.18067632850241547,0
0.6,0.3,1,0,11,7.5,0.8333333333333334,222.9716312056738,177.25531914893614,39.6312056737589,-6.085106382978751,0.18454106280193236,0
0.6333333333333333,0.3,0,0,11,9.0,1.0,214.78014184397162,155.15602836879432,32.29078014184395,-27.333333333333343,0.18743961352657004,0
0.6333333333333333,0.3,1,0,11,10.0,1.0,203.91489361702125,144.60283687943263,24.702127659574444,-34.609929078014176,0.18937198067632852,0
0.6,0.3,1,0,10,8.0,1.0,192.95744680851064,157.3404255319149,12.914893617021278,-22.702127659574472,0.1932367149758454,0
0.6,0.7666666666666667,1,0,9,7.5,1.0,186.11347517730496,192.60283687943263,2.3900709219858243,8.879432624113491,0.1961352657004831,0
0.8666666666666667,0.7333333333333333,1,0,8,7.5,1.0,181.68085106382978,214.5886524822695,13.680851063829778,46.58865248226951,0.20193236714975846,0
0.8333333333333334,0.7333333333333333,13,0,9,4.0,0.5454545454545454,180.58156028368793,217.56028368794327,66.8368794326241,103.81560283687944,0.20772946859903382,0
0.8333333333333334,0.7,13,0,10,6.0,0.8,180.99290780141845,215.9716312056738,28.929078014184398,63.90780141843973,0.21159420289855072,0
0.3333333333333333,0.6666666666666666,0,0,11,7.5,1.0,177.25531914893614,215.31205673758862,-28.957446808510667,9.099290780141814,0.2135265700483092,0
0.5333333333333333,0.23333333333333334,0,0,11,6.0,0.6666666666666666,211.56028368794327,182.12765957446808,3.262411347517741,-26.170212765957444,0.21642512077294687,0
0.5666666666666667,0.23333333333333334,0,0,11,6.5,0.75,212.7446808510638,183.56028368794327,19.638297872340388,-9.546099290780148,0.21739130434782608,0
0.6,0.23333333333333334,0,0,11,7.0,0.8,213.31205673758868,186.45390070921985,29.6312056737589,2.773049645390074,0.21739130434782608,0
0.6,0.26666666666666666,0,0,11,8.5,1.0,211.82269503546095,190.25531914893614,29.92907801418437,8.361702127659555,0.21739130434782608,0
0.5666666666666667,0.26666666666666666,0,0,11,9.0,1.0,204.60992907801418,188.12765957446808,22.97163120567376,6.489361702127667,0.21835748792270532,0
0.4666666666666667,0.26666666666666666,0,0,11,9.0,1.0,195.02836879432627,171.41843971631204,12.177304964539047,-11.432624113475185,0.21642512077294687,0
0.4666666666666667,0.26666666666666666,0,0,11,9.0,1.0,186.22695035460993,165.88652482269504,0.035460992907786704,-20.304964539007102,0.21545893719806763,0
0.4666666666666667,0.3,0,0,11,9.0,1.0,182.40425531914892,177.3758865248227,-7.914893617021306,-12.943262411347519,0.2135265700483092,0
0.5333333333333333,0.5333333333333333,0,0,11,8.0,1.0,182.12765957446808,204.4964539007092,-12.127659574468083,10.241134751773046,0.21159420289855072,0
0.6,0.5333333333333333,1,0,11,9.0,1.0,183.56028368794327,218.67375886524823,3.751773049645408,38.86524822695037,0.2106280193236715,0
0.6,0.5,10,0,11,6.0,0.5714285714285714,186.45390070921985,220.56737588652481,46.26241134751771,80.37588652482268,0.20966183574879227,0
0.5666666666666667,0.4666666666666667,10,0,11,11.0,0.6666666666666666,190.2553191489362,219.24113475177305,12.595744680851084,41.581560283687935,0.20772946859903382,0
0.26666666666666666,0.43333333333333335,0,0,11,11.0,1.0,188.12765957446808,218.0921985815603,-26.148936170212778,3.8156028368794352,0.20579710144927535,0
0.36666666666666664,0.2,0,0,11,11.0,1.0,218.73758865248226,173.24113475177305,2.695035460992898,-42.801418439716315,0.2396135265700483,0
0.4,0.2,0,0,11,6.0,1.0,218.51773049645388,172.0851063829787,18.730496453900685,-27.7021276595745,0.24057971014492754,0
0.43333333333333335,0.23333333333333334,0,0,11,7.0,1.0,216.68794326241132,171.5531914893617,31.390070921985796,-13.744680851063833,0.24057971014492754,0
0.43333333333333335,0.26666666666666666,0,0,11,8.0,1.0,215.86524822695037,173.32624113475177,38.86524822695037,-3.6737588652482316,0.2396135265700483,0
0.4666666666666667,0.26666666666666666,0,0,11,9.0,1.0,209.61702127659575,158.26241134751774,37.19148936170214,-14.16312056737587,0.2396135265700483,0
0.4666666666666667,0.26666666666666666,0,0,11,10.0,1.0,200.3758865248227,138.80141843971631,30.078014184397176,-31.496453900709213,0.2396135265700483,0
0.4666666666666667,0.26666666666666666,0,0,11,10.5,1.0,187.36170212765958,134.0,13.829787234042556,-39.53191489361703,0.2396135265700483,0
0.4666666666666667,0.4,0,0,11,9.5,1.0,178.24113475177305,164.4609929078014,7.411347517730491,-6.368794326241158,0.2396135265700483,0
1.0333333333333334,1.0333333333333334,0,0,11,9.0,1.0,173.24113475177305,200.73758865248226,-2.375886524822704,25.12056737588651,0.2396135265700483,0
1.0,1.0333333333333334,1,0,11,7.0,0.625,172.08510638297875,221.4609929078014,43.74468085106386,93.12056737588651,0.24057971014492754,0
0.9666666666666667,1.0,7,0,11,2.0,0.3333333333333333,171.5531914893617,222.8368794326241,59.1063829787234,110.39007092198581,0.24154589371980675,0
0.8333333333333334,1.0,1,0,11,8.5,0.75,173.32624113475177,223.6950354609929,12.113475177304963,62.48226950354609,0.24154589371980675,0
0.26666666666666666,0.9666666666666667,0,0,11,11.0,1.0,158.26241134751774,223.85106382978722,-61.4609929078014,4.127659574468083,0.242512077294686,0
0.9333333333333333,0.9333333333333333,0,0,11,11.0,1.0,222.9645390070922,162.79432624113474,4.177304964539019,-55.992907801418454,0.19227053140096617,1
1.0,1.0333333333333334,0,0,11,11.0,1.0,227.99290780141845,173.62411347517732,10.375886524822704,-43.992907801418426,0.20772946859903382,0
1.0333333333333334,1.0333333333333334,0,3,11,4.0,0.6,229.52482269503548,193.7517730496454,88.03546099290782,52.26241134751774,0.20483091787439614,0
1.0333333333333334,1.0333333333333334,5,5,11,1.0,0.1875,229.57446808510636,195.33333333333334,206.17021276595742,171.9290780141844,0.2038647342995169,0
0.43333333333333335,1.0333333333333334,5,0,11,6.0,0.75,225.38297872340425,195.72340425531914,89.80851063829786,60.14893617021275,0.20579710144927535,0
0.26666666666666666,1.0333333333333334,6,0,11,9.0,1.0,196.11347517730496,196.354609929078,5.730496453900713,5.971631205673759,0.20772946859903382,0
0.26666666666666666,0.2,0,0,11,11.0,1.0,225.60992907801418,129.06382978723403,-0.7092198581560467,-97.2553191489362,0.24057971014492754,0
0.9666666666666667,1.0333333333333334,0,0,11,8.5,1.0,225.60992907801415,167.8368794326241,-0.41134751773054745,-58.18439716312059,0.24347826086956523,0
1.0333333333333334,1.0333333333333334,0,12,11,3.0,0.3333333333333333,225.82269503546095,186.26950354609926,103.03546099290776,63.482269503546064,0.24347826086956523,0
1.0333333333333334,1.0333333333333334,0,11,11,2.0,0.3125,226.1205673758865,183.8368794326241,155.60992907801415,113.32624113475175,0.24347826086956523,0
1.0333333333333334,1.0333333333333334,0,0,11,7.0,0.7142857142857143,226.13475177304963,184.8368794326241,98.34751773049643,57.04964539007091,0.24154589371980675,0
0.4,1.0333333333333334,0,0,11,9.0,1.0,191.70921985815605,188.18439716312056,2.8156028368794637,-0.7092198581560183,0.24154589371980675,0
0.4,0.23333333333333334,0,0,11,9.0,1.0,139.77304964539007,193.9716312056738,-47.05673758865248,7.141843971631232,0.242512077294686,0
0.4,0.2,0,0,11,9.0,1.0,107.02836879432625,200.7163120567376,-76.05673758865247,17.63120567375887,0.24347826086956523,0
0.4,0.2,0,0,11,9.0,1.0,129.06382978723403,209.6950354609929,-52.53191489361703,28.099290780141843,0.24444444444444444,0
0.4,0.2,0,0,11,8.0,1.0,167.8368794326241,217.4468085106383,-21.992907801418454,27.61702127659575,0.24541062801932367,0
0.4,0.2,0,0,11,7.0,1.0,186.2695035460993,221.41843971631207,-6.858156028368796,28.29078014184398,0.2463768115942029,0
0.4,0.2,0,0,11,7.0,1.0,183.8368794326241,221.0,-15.120567375886537,22.04255319148936,0.24830917874396136,0
0.36666666666666664,0.2,0,0,11,6.0,0.6666666666666666,184.8368794326241,219.1205673758865,-25.226950354609954,9.056737588652453,0.25217391304347825,0
0.26666666666666666,0.23333333333333334,0,0,11,11.0,1.0,213.41134751773052,176.6595744680851,3.2411347517730746,-33.51063829787233,0.2144927536231884,0
0.7333333333333333,0.23333333333333334,0,0,11,11.0,1.0,212.40425531914892,189.29787234042553,5.468085106382972,-17.638297872340416,0.21642512077294687,0
0.7666666666666667,0.26666666666666666,0,0,11,4.0,0.5,211.73758865248226,187.13475177304963,64.80141843971631,40.198581560283685,0.21642512077294687,0
0.8,0.3,0,0,11,7.0,0.6666666666666666,210.92198581560285,186.78014184397162,61.858156028368796,37.716312056737564,0.21835748792270532,0
0.4666666666666667,0.3,0,0,11,8.0,1.0,209.4113475177305,187.72340425531914,17.283687943262407,-4.404255319148945,0.21835748792270532,0
0.4666666666666667,0.3333333333333333,0,0,11,9.0,1.0,188.01418439716312,191.07801418439715,-0.7730496453900741,2.2907801418439533,0.21739130434782608,0
0.5,0.3,0,0,11,9.0,1.0,167.645390070922,197.46808510638297,-19.333333333333314,10.489361702127667,0.21642512077294687,0
0.5,0.3,0,0,11,8.5,0.8333333333333334,162.70921985815602,207.14184397163118,-22.929078014184398,21.50354609929076,0.21545893719806763,0
0.5,0.3,0,0,11,8.0,0.8333333333333334,176.6595744680851,216.76595744680853,-11.063829787234027,29.04255319148939,0.2144927536231884,0
0.4666666666666667,0.3,0,0,11,8.0,0.8,189.29787234042553,222.93617021276597,-0.5106382978723332,33.12765957446811,0.2135265700483092,0
0.4666666666666667,0.3,0,0,11,9.0,1.0,187.13475177304963,225.31914893617022,-8.567375886524843,29.61702127659575,0.21256038647342995,0
0.4,0.26666666666666666,0,0,11,11.0,1.0,186.78014184397162,225.7872340425532,-20.113475177304963,18.89361702127661,0.2106280193236715,0
0.3333333333333333,0.2,0,0,11,11.0,1.0,187.72340425531914,225.79432624113474,-31.106382978723417,6.964539007092185,0.20676328502415459,0
0.36666666666666664,0.2,0,0,11,11.0,1.0,225.17021276595744,191.01418439716312,1.425531914893611,-32.73049645390071,0.18937198067632852,0
0.4,0.2,0,0,11,6.0,1.0,226.0,190.06382978723403,15.2340425531915,-20.702127659574472,0.18840579710144928,0
0.4,0.2,0,0,11,7.0,1.0,226.99290780141845,189.40425531914892,31.503546099290787,-6.085106382978751,0.18840579710144928,0
0.4,0.2,0,0,11,8.0,1.0,226.66666666666666,190.46808510638297,34.32624113475177,-1.8723404255319167,0.18840579710144928,0
0.4,0.2,0,0,11,8.0,1.0,220.82978723404256,190.36879432624116,29.85106382978725,-0.6099290780141473,0.18840579710144928,0
0.4,0.2,0,0,11,9.0,1.0,210.0,187.57446808510642,20.27659574468086,-2.148936170212721,0.18840579710144928,0
0.4,0.2,0,0,11,9.0,1.0,199.53191489361703,192.29787234042556,10.042553191489361,2.8085106382978893,0.18840579710144928,0
0.4,0.2,0,0,11,9.0,1.0,192.93617021276597,204.0283687943262,3.9361702127659726,15.028368794326212,0.18840579710144928,0
0.4,0.2,0,0,11,8.0,1.0,191.01418439716312,219.11347517730496,-1.9007092198581574,26.198581560283685,0.18743961352657004,0
0.4,0.2,0,0,11,7.0,1.0,190.06382978723403,225.4113475177305,0.8723404255318883,36.21985815602835,0.18743961352657004,0
0.36666666666666664,0.2,16,0,11,6.0,1.0,189.40425531914892,225.75886524822695,8.787234042553166,45.141843971631204,0.18937198067632852,0
0.3333333333333333,0.2,0,0,11,8.5,1.0,226.68085106382978,192.8014184397163,0.3404255319148888,-33.5390070921986,0.21835748792270532,0
0.4,0.23333333333333334,0,0,11,9.0,1.0,226.25531914893614,187.48226950354606,5.702127659574444,-33.07092198581563,0.21932367149758455,0
0.4666666666666667,0.26666666666666666,0,0,11,6.0,0.8,225.9078014184397,182.27659574468086,23.333333333333314,-20.297872340425528,0.22028985507246376,0
0.4666666666666667,0.3,0,0,11,8.0,1.0,225.72340425531914,177.12765957446808,28.0,-20.595744680851055,0.22028985507246376,0
0.5,0.3,0,0,11,8.0,0.8,224.0283687943262,163.07801418439718,31.347517730496435,-29.6028368794326,0.22318840579710145,0
0.5,0.3,0,0,11,9.0,1.0,216.48936170212767,139.00709219858155,28.489361702127667,-48.992907801418454,0.2251207729468599,0
0.5333333333333333,0.3,0,0,11,8.5,1.0,206.95035460992906,144.21985815602838,25.184397163120565,-37.54609929078012,0.22415458937198068,0
0.5333333333333333,0.26666666666666666,0,0,11,7.0,1.0,197.6595744680851,170.43971631205673,20.595744680851055,-6.6241134751773245,0.22705314009661837,0
0.9333333333333333,0.26666666666666666,0,0,11,7.0,1.0,192.8014184397163,208.1985815602837,20.248226950354592,35.64539007092202,0.22995169082125605,0
0.9,0.26666666666666666,0,0,11,6.5,1.0,187.48226950354606,217.19148936170214,47.865248226950314,77.57446808510639,0.23381642512077294,0
0.8333333333333334,0.26666666666666666,13,0,11,5.5,0.5833333333333334,182.27659574468086,215.04964539007094,77.42553191489363,110.1985815602837,0.23478260869565218,0
0.3333333333333333,0.23333333333333334,0,0,10,6.0,1.0,177.12765957446808,212.60992907801418,-11.063829787234056,24.418439716312037,0.23381642512077294,0
0.26666666666666666,0.23333333333333334,0,0,11,10.0,1.0,163.07801418439718,211.52482269503548,-55.198581560283685,-6.751773049645379,0.23478260869565218,0
0.4,0.23333333333333334,0,0,11,7.0,1.0,215.77304964539007,176.43971631205673,1.4751773049645465,-37.858156028368796,0.23478260869565218,0
0.5,0.26666666666666666,0,0,11,6.0,0.8,217.82978723404256,176.3971631205674,21.553191489361694,-19.879432624113463,0.2318840579710145,0
0.5666666666666667,0.26666666666666666,0,0,11,5.5,0.75,219.2695035460993,178.90070921985816,39.63120567375887,-0.737588652482259,0.2251207729468599,0
0.5666666666666667,0.3,0,0,11,6.0,0.75,217.98581560283688,183.1914893617021,43.11347517730496,8.319148936170194,0.22028985507246376,0
0.6,0.3,0,0,11,8.0,0.7142857142857143,209.99290780141845,174.79432624113474,32.695035460992926,-2.503546099290787,0.21932367149758455,0
0.6333333333333333,0.3,0,0,11,8.0,0.8571428571428571,196.73758865248226,168.1985815602837,19.58865248226948,-8.950354609929065,0.21256038647342995,0
0.6,0.3,0,0,10,6.0,0.6666666666666666,183.59574468085108,173.6950354609929,8.85106382978725,-1.0496453900709355,0.20579710144927535,0
0.4666666666666667,0.5666666666666667,0,0,9,7.0,0.8333333333333334,177.2695035460993,199.68794326241132,-7.539007092198574,14.879432624113463,0.2028985507246377,0
0.6666666666666666,0.5666666666666667,0,0,8,6.0,0.8571428571428571,176.43971631205673,220.19858156028366,-13.581560283687963,30.177304964538962,0.20096618357487922,0
0.6333333333333333,0.5333333333333333,3,0,7,5.0,0.5714285714285714,176.39716312056737,226.43971631205673,26.843971631205676,76.88652482269504,0.20096618357487922,0
0.6,0.5,3,0,6,5.0,0.5714285714285714,178.90070921985816,225.5531914893617,13.879432624113463,60.531914893617,0.20096618357487922,0
0.26666666666666666,0.4666666666666667,0,0,5,5.0,1.0,183.19148936170214,226.3971631205674,-23.319148936170194,19.886524822695065,0.20096618357487922,0
0.16666666666666666,0.4666666666666667,0,0,5,5.0,1.0,174.79432624113474,226.4609929078014,-52.73758865248229,-1.0709219858156303,0.2,0
0.4,0.2,0,0,11,9.0,1.0,219.93617021276592,176.9078014184397,12.744680851063777,-30.283687943262436,0.19420289855072465,0
0.43333333333333335,0.23333333333333334,0,0,11,7.0,1.0,219.177304964539,176.02127659574467,26.815602836879407,-16.340425531914917,0.19420289855072465,0
0.43333333333333335,0.23333333333333334,0,0,11,7.0,1.0,216.85815602836882,176.0354609929078,35.45390070921988,-5.368794326241158,0.1961352657004831,0
0.43333333333333335,0.23333333333333334,0,0,11,7.5,1.0,212.72340425531914,163.95744680851064,34.65957446808508,-14.106382978723417,0.19516908212560385,0
0.43333333333333335,0.26666666666666666,0,0,11,9.0,1.0,204.85106382978725,143.19148936170214,27.957446808510667,-33.702127659574444,0.19710144927536233,0
0.4666666666666667,0.26666666666666666,0,0,11,9.0,1.0,193.65248226950357,135.69503546099293,17.886524822695065,-40.07092198581557,0.2,0
0.4666666666666667,0.26666666666666666,0,0,11,8.0,1.0,183.94326241134752,166.354609929078,8.539007092198574,-9.049645390070935,0.19806763285024154,0
0.9,0.7333333333333333,0,0,11,7.0,1.0,178.7872340425532,205.67375886524823,1.8510638297872504,28.737588652482287,0.19710144927536233,0
1.0,0.7333333333333333,0,0,11,7.0,1.0,176.9078014184397,229.81560283687944,37.375886524822675,90.28368794326241,0.19710144927536233,0
1.0,0.7333333333333333,6,0,11,1.0,0.42857142857142855,176.02127659574467,229.290780141844,62.914893617021264,116.18439716312061,0.1961352657004831,0
0.9666666666666667,0.7,0,0,11,5.0,1.0,176.0354609929078,227.76595744680853,21.58865248226948,73.31914893617022,0.1961352657004831,0
0.23333333333333334,0.6666666666666666,0,0,11,11.0,1.0,163.95744680851064,227.93617021276597,-67.5531914893617,-3.5744680851063606,0.19420289855072465,0
0.3,0.9666666666666667,0,0,11,8.0,1.0,228.0,168.93617021276597,-0.44680851063830573,-59.51063829787233,0.14492753623188406,1
0.3333333333333333,1.0333333333333334,0,0,11,11.0,1.0,207.85815602836882,152.70212765957447,2.8794326241135195,-52.27659574468083,0.21835748792270532,0
1.0333333333333334,1.0333333333333334,0,9,11,6.0,1.0,205.73049645390074,203.2695035460993,26.581560283687963,24.12056737588651,0.221256038647343,0
1.0333333333333334,1.0333333333333334,16,7,11,2.0,0.1875,205.73758865248226,222.93617021276597,168.58865248226948,185.78723404255322,0.22415458937198068,0
1.0333333333333334,1.0333333333333334,6,5,11,2.0,0.2,205.84397163120568,225.1914893617021,131.97163120567376,151.3191489361702,0.2251207729468599,0
0.36666666666666664,1.0333333333333334,0,0,11,6.5,0.75,197.12765957446808,225.3049645390071,31.510638297872333,59.68794326241135,0.2251207729468599,0
0.26666666666666666,0.2,0,0,0,0,0,225.15602836879432,190.31205673758868,-2.1631205673758984,-37.007092198581546,0.13623188405797101,0
0.36666666666666664,0.2,0,0,6,6.0,1.0,225.645390070922,190.89361702127658,10.347517730496463,-24.404255319148945,0.13429951690821257,0
0.36666666666666664,0.2,0,0,7,6.0,1.0,226.51773049645394,192.29787234042553,25.11347517730499,-9.106382978723417,0.13429951690821257,0
0.3333333333333333,0.2,0,0,8,7.0,0.75,227.54609929078015,192.56028368794327,35.48226950354609,0.4964539007092128,0.13333333333333333,0
0.3333333333333333,0.2,0,0,9,8.0,0.75,223.79432624113474,191.2482269503546,35.51773049645388,2.971631205673731,0.13140096618357489,0
0.4,0.2,0,0,9,9.0,0.75,214.67375886524823,190.65248226950357,24.078014184397176,0.056737588652509885,0.1323671497584541,0
0.4,0.2,0,0,10,9.0,1.0,202.92198581560285,194.04964539007094,9.113475177304991,0.24113475177307464,0.13333333333333333,0
0.4,0.2,0,0,10,8.5,0.75,193.91489361702125,205.54609929078015,1.4255319148935826,13.056737588652481,0.13429951690821257,0
0.4,0.2,0,0,9,7.5,0.75,190.31205673758868,217.56028368794327,-1.0709219858155734,26.17730496453902,0.13526570048309178,0
0.4,0.2,0,0,8,7.0,1.0,190.89361702127658,226.02836879432627,1.0212765957446663,36.15602836879435,0.13623188405797101,0
0.4,0.2,3,0,7,6.0,1.0,192.29787234042556,226.65248226950357,1.5957446808510838,35.95035460992909,0.13816425120772946,0
0.4,0.2,0,0,11,10.0,1.0,224.32624113475177,188.07801418439718,3.7943262411347405,-32.45390070921985,0.16618357487922705,0
0.43333333333333335,0.23333333333333334,0,0,11,9.0,1.0,224.2482269503546,186.31205673758868,15.695035460992898,-22.241134751773018,0.1671497584541063,0
0.4666666666666667,0.26666666666666666,0,0,11,7.5,1.0,224.56028368794327,185.70212765957447,29.45390070921985,-9.404255319148945,0.1671497584541063,0
0.5,0.26666666666666666,0,0,11,7.0,1.0,223.1985815602837,187.02127659574467,33.92198581560285,-2.255319148936195,0.1671497584541063,0
0.4666666666666667,0.26666666666666666,0,0,11,7.0,1.0,218.02127659574467,182.0,30.234042553191472,-5.7872340425531945,0.16618357487922705,0
0.5,0.26666666666666666,0,0,11,9.0,1.0,208.06382978723403,163.94326241134752,20.893617021276583,-23.226950354609926,0.16521739130434782,0
0.4666666666666667,0.26666666666666666,0,0,11,8.0,0.8,197.645390070922,159.51063829787233,13.666666666666686,-24.468085106382972,0.16231884057971013,0
0.4666666666666667,0.26666666666666666,0,0,10,8.0,1.0,190.72340425531914,176.32624113475177,4.7659574468085,-9.63120567375887,0.16135265700483092,0
0.6666666666666666,0.5666666666666667,0,0,9,8.0,1.0,188.07801418439718,207.05673758865248,-3.049645390070907,15.929078014184398,0.15845410628019324,0
0.6333333333333333,0.5666666666666667,0,0,8,5.5,0.6666666666666666,186.31205673758868,223.52482269503548,17.3971631205674,54.609929078014204,0.15555555555555556,0
0.6,0.5333333333333333,16,0,7,3.0,0.4444444444444444,185.70212765957444,226.10638297872342,53.91489361702125,94.31914893617022,0.15169082125603864,0
0.6,0.5,0,0,6,3.0,0.3333333333333333,187.02127659574467,227.47517730496452,9.19148936170211,49.64539007092196,0.14782608695652175,0
0.26666666666666666,0.5,0,0,2,2.0,0.0,182.0,228.177304964539,-37.36170212765958,8.815602836879407,0.14299516908212562,0
0.26666666666666666,0.2,0,0,0,0,0,226.9645390070922,196.36879432624116,-3.3758865248226755,-33.97163120567373,0.10338164251207729,0
0.36666666666666664,0.2,0,0,0,0,0,228.47517730496455,195.33333333333334,5.773049645390074,-27.36879432624113,0.09951690821256039,0
0.36666666666666664,0.2,0,0,6,6.0,1.0,229.6595744680851,194.90070921985816,24.2340425531915,-10.524822695035454,0.0966183574879227,0
0.36666666666666664,0.2,0,0,7,7.0,1.0,229.88652482269504,194.7872340425532,31.524822695035454,-3.574468085106389,0.09468599033816426,0
0.36666666666666664,0.2,0,0,8,8.0,1.0,227.56737588652481,195.00709219858155,32.35460992907801,-0.20567375886525952,0.09178743961352658,0
0.36666666666666664,0.2,0,0,9,9.0,1.0,219.48936170212767,194.22695035460993,23.95744680851064,-1.304964539007102,0.08888888888888889,0
0.36666666666666664,0.2,0,0,10,9.0,1.0,208.82978723404256,195.23404255319147,13.574468085106389,-0.02127659574469476,0.08792270531400966,0
0.36666666666666664,0.2,0,0,10,9.0,1.0,199.66666666666666,206.94326241134752,5.751773049645379,13.02836879432624,0.08599033816425121,0
0.36666666666666664,0.2,0,0,9,8.0,1.0,196.36879432624116,221.21985815602838,1.1773049645390188,26.02836879432624,0.08502415458937199,0
0.36666666666666664,0.2,0,0,8,7.5,1.0,195.33333333333334,232.72340425531914,-0.581560283687935,36.80851063829786,0.08309178743961353,0
0.3333333333333333,0.2,16,0,7,6.5,1.0,194.90070921985816,233.17021276595744,3.3262411347517684,41.595744680851055,0.0821256038647343,0
0.36666666666666664,0.2,0,0,6,3.5,0.5,232.18439716312056,194.9078014184397,6.503546099290787,-30.773049645390074,0.1178743961352657,0
0.43333333333333335,0.23333333333333334,0,0,7,6.5,1.0,230.82269503546095,192.2624113475177,15.141843971631175,-23.418439716312065,0.11980676328502415,0
0.43333333333333335,0.26666666666666666,0,0,8,6.5,1.0,229.79432624113474,191.08510638297875,29.45390070921985,-9.255319148936138,0.12173913043478261,0
0.4,0.26666666666666666,0,0,9,7.0,1.0,228.08510638297875,191.74468085106386,29.914893617021306,-6.4255319148935826,0.12367149758454106,0
0.36666666666666664,0.26666666666666666,0,0,10,8.0,1.0,223.177304964539,182.19148936170214,28.32624113475177,-12.659574468085083,0.1246376811594203,0
0.4,0.26666666666666666,0,0,11,9.0,1.0,213.90070921985816,153.18439716312056,22.198581560283685,-38.51773049645391,0.1246376811594203,0
0.4,0.26666666666666666,0,0,11,9.0,1.0,204.7304964539007,150.96453900709218,14.496453900709213,-39.269503546099315,0.12560386473429952,0
0.4,0.26666666666666666,0,0,10,8.0,0.8,197.7872340425532,172.7517730496454,6.468085106382972,-18.567375886524815,0.12753623188405797,0
0.8333333333333334,0.8333333333333334,0,0,9,8.0,1.0,194.9078014184397,213.14893617021278,1.2269503546099259,19.468085106383,0.13043478260869565,0
0.8,0.8,0,0,8,6.0,0.6,192.26241134751774,225.91489361702125,30.687943262411352,64.34042553191486,0.13429951690821257,0
0.7666666666666667,0.8,13,0,7,1.0,0.18181818181818182,191.08510638297875,225.68085106382978,86.78723404255322,121.38297872340425,0.13719806763285025,0
0.5,0.7666666666666667,0,0,6,3.0,0.3333333333333333,191.74468085106386,225.52482269503548,4.723404255319167,38.50354609929079,0.1391304347826087,0
0.16666666666666666,0.7333333333333333,0,0,0,0,0,182.19148936170214,224.6312056737589,-44.744680851063805,-2.3049645390070452,0.1391304347826087,0
0.36666666666666664,0.2,0,0,8,7.0,1.0,221.81560283687944,188.31914893617022,-3.6737588652482316,-37.170212765957444,0.1391304347826087,0
0.4,0.23333333333333334,0,0,8,7.0,1.0,223.8014184397163,187.52482269503548,11.69503546099287,-24.581560283687935,0.13816425120772946,0
0.43333333333333335,0.23333333333333334,0,0,8,7.0,0.8,226.36170212765958,189.1985815602837,27.170212765957444,-9.992907801418426,0.13623188405797101,0
0.5333333333333333,0.26666666666666666,0,0,9,6.5,0.8333333333333334,226.75886524822695,192.7872340425532,36.20567375886526,2.2340425531915002,0.13526570048309178,0
0.5333333333333333,0.26666666666666666,0,0,10,8.0,1.0,222.2695035460993,194.48226950354606,35.05673758865248,7.2695035460992585,0.13526570048309178,0
0.4666666666666667,0.26666666666666666,0,0,11,8.0,0.8,212.26241134751774,179.99290780141845,25.070921985815602,-7.198581560283685,0.13333333333333333,0
0.43333333333333335,0.26666666666666666,0,0,11,9.0,1.0,200.61702127659575,169.2624113475177,12.446808510638306,-18.907801418439732,0.1323671497584541,0
0.36666666666666664,0.26666666666666666,0,0,10,8.5,1.0,192.31914893617022,176.82978723404256,0.0851063829787222,-15.404255319148945,0.13140096618357489,0
0.43333333333333335,0.5666666666666667,0,0,9,8.0,1.0,188.31914893617022,204.49645390070918,-9.638297872340416,6.5390070921985455,0.1294685990338164,0
0.6333333333333333,0.5666666666666667,0,0,8,7.0,0.75,187.52482269503545,226.14893617021275,-5.730496453900713,32.89361702127658,0.12657004830917876,0
0.6,0.5666666666666667,10,0,7,2.5,0.375,189.1985815602837,230.1843971631206,40.432624113475214,81.4184397163121,0.1246376811594203,0
0.6,0.5333333333333333,9,0,6,2.0,0.2,192.7872340425532,229.1843971631206,27.021276595744695,63.41843971631209,0.12367149758454106,0
0.23333333333333334,0.5,0,0,0,0,0,194.48226950354606,227.8368794326241,-21.475177304964575,11.879432624113463,0.12173913043478261,0
0.2,0.23333333333333334,0,0,0,0,0,179.99290780141845,226.90070921985816,-51.773049645390046,-4.865248226950342,0.11690821256038647,0
0.36666666666666664,0.2,0,0,6,6.0,1.0,225.0851063829787,178.3687943262411,13.659574468085083,-33.05673758865251,0.15265700483091788,0
0.4,0.2,0,0,7,6.5,1.0,225.61702127659575,176.81560283687944,32.27659574468086,-16.524822695035454,0.1536231884057971,0
0.43333333333333335,0.23333333333333334,0,0,8,7.5,1.0,226.01418439716312,177.4609929078014,43.78014184397162,-4.773049645390103,0.1565217391304348,0
0.43333333333333335,0.23333333333333334,0,0,9,8.0,1.0,221.4468085106383,162.95035460992906,42.10638297872342,-16.390070921985824,0.15942028985507245,0
0.4,0.23333333333333334,0,0,10,9.0,1.0,210.23404255319147,143.58156028368793,31.87234042553189,-34.78014184397165,0.1603864734299517,0
0.4666666666666667,0.23333333333333334,0,0,11,9.0,1.0,195.66666666666666,139.38297872340425,18.262411347517713,-38.021276595744695,0.16135265700483092,0
0.4666666666666667,0.23333333333333334,0,0,11,9.0,1.0,184.9716312056738,171.32624113475177,10.29078014184401,-3.354609929078009,0.16328502415458937,0
1.0,0.6333333333333333,0,0,10,8.0,1.0,179.97872340425533,209.09929078014184,-0.319148936170194,28.801418439716315,0.16521739130434782,0
1.0333333333333334,0.6333333333333333,0,0,9,6.0,0.5714285714285714,178.36879432624116,228.48936170212767,44.49645390070924,94.61702127659575,0.16521739130434782,0
1.0,0.6333333333333333,6,0,8,1.0,0.26666666666666666,176.81560283687944,227.8794326241135,60.241134751773046,111.3049645390071,0.16908212560386474,0
0.9,0.6,0,0,7,3.0,0.4,177.4609929078014,228.65248226950357,9.758865248226925,60.95035460992909,0.17004830917874397,0
0.2,0.5666666666666667,0,0,6,6.0,1.0,162.95035460992906,229.82978723404256,-66.75177304964541,0.1276595744680833,0.17294685990338166,0
0.3,0.9666666666666667,0,0,1,1.0,0.0,227.27659574468086,150.04964539007094,1.5531914893617227,-75.6737588652482,0.1246376811594203,1
