blackness,connectivity,box_density_above,box_density_below,median_width,left_white,right_white,left_contrast,right_contrast,local_density,grid_above_left,grid_above_center,grid_above_right,grid_top_left,grid_top_center,grid_top_right,grid_bot_left,grid_bot_center,grid_bot_right,grid_below_left,grid_below_center,grid_below_right,label
0.7,0.7,0.0,0.0,4.0,167.2695035460993,192.61702127659575,18.97163120567376,44.31914893617022,0.19420289855072465,0.0,0.0,0.0,0.0,0.06,0.0,0.3645833333333333,0.5666666666666667,0.20833333333333334,0.058333333333333334,0.08,0.5666666666666667,0
0.7,0.7,0.0,0.0,4.0,167.2695035460993,192.61702127659575,18.97163120567376,44.31914893617022,0.19420289855072465,0.0,0.0,0.0,0.0,0.06,0.0,0.3645833333333333,0.5666666666666667,0.20833333333333334,0.058333333333333334,0.08,0.5666666666666667,0
0.7,0.7,0.0,0.0,4.0,167.2695035460993,192.61702127659575,18.97163120567376,44.31914893617022,0.19420289855072465,0.0,0.0,0.0,0.0,0.06,0.0,0.3645833333333333,0.5666666666666667,0.20833333333333334,0.058333333333333334,0.08,0.5666666666666667,0
0.8666666666666667,0.8333333333333334,0.0,1.0,1.0,237.8794326241135,182.84397163120568,136.9645390070922,81.9290780141844,0.13816425120772946,0.18333333333333332,0.0,0.016666666666666666,0.0,0.24,0.3875,0.0,0.2,0.0,0.008333333333333333,0.37333333333333335,0.26666666666666666,0
0.8666666666666667,0.8333333333333334,0.0,1.0,1.0,237.8794326241135,182.84397163120568,136.9645390070922,81.9290780141844,0.13816425120772946,0.18333333333333332,0.0,0.016666666666666666,0.0,0.24,0.3875,0.0,0.2,0.0,0.008333333333333333,0.37333333333333335,0.26666666666666666,0
0.7666666666666667,0.7333333333333333,0.16666666666666666,0.0,1.0,225.6950354609929,168.0212765957447,80.4609929078014,22.787234042553195,0.2589371980676328,0.08333333333333333,0.13333333333333333,0.13333333333333333,0.0,0.08,0.0625,0.22916666666666666,0.26666666666666666,0.3229166666666667,0.2833333333333333,0.32,0.4,0
0.7666666666666667,0.7333333333333333,0.16666666666666666,0.0,1.0,225.6950354609929,168.0212765957447,80.4609929078014,22.787234042553195,0.2589371980676328,0.08333333333333333,0.13333333333333333,0.13333333333333333,0.0,0.08,0.0625,0.22916666666666666,0.26666666666666666,0.3229166666666667,0.2833333333333333,0.32,0.4,0
0.7333333333333333,0.7,0.3333333333333333,0.6666666666666666,3.0,211.93617021276597,147.8085106382979,115.76595744680853,51.638297872340445,0.3690821256038647,0.13333333333333333,0.14666666666666667,0.10833333333333334,0.1625,0.26,0.3375,0.16666666666666666,0.6833333333333333,0.5729166666666666,0.38333333333333336,0.5066666666666667,0.525,0
0.7333333333333333,0.7,0.3333333333333333,0.6666666666666666,3.0,211.93617021276597,147.8085106382979,115.76595744680853,51.638297872340445,0.3690821256038647,0.13333333333333333,0.14666666666666667,0.10833333333333334,0.1625,0.26,0.3375,0.16666666666666666,0.6833333333333333,0.5729166666666666,0.38333333333333336,0.5066666666666667,0.525,0
0.7333333333333333,0.7,0.3333333333333333,0.6666666666666666,3.0,211.93617021276597,147.8085106382979,115.76595744680853,51.638297872340445,0.3690821256038647,0.13333333333333333,0.14666666666666667,0.10833333333333334,0.1625,0.26,0.3375,0.16666666666666666,0.6833333333333333,0.5729166666666666,0.38333333333333336,0.5066666666666667,0.525,0
0.7333333333333333,0.7,0.3888888888888889,0.5,3.0,206.6950354609929,155.80141843971634,105.63120567375886,54.7375886524823,0.38164251207729466,0.13333333333333333,0.14666666666666667,0.1,0.1375,0.34,0.3375,0.14583333333333334,0.85,0.4895833333333333,0.39166666666666666,0.5333333333333333,0.5166666666666667,0
0.7333333333333333,0.7,0.3888888888888889,0.5,3.0,206.6950354609929,155.80141843971634,105.63120567375886,54.7375886524823,0.38164251207729466,0.13333333333333333,0.14666666666666667,0.1,0.1375,0.34,0.3375,0.14583333333333334,0.85,0.4895833333333333,0.39166666666666666,0.5333333333333333,0.5166666666666667,0
0.7,0.7,0.36666666666666664,0.36666666666666664,5.0,131.87234042553192,131.63120567375884,8.063829787234042,7.822695035460967,0.39516908212560387,0.13333333333333333,0.14666666666666667,0.075,0.1375,0.34,0.3625,0.3333333333333333,0.6666666666666666,0.6041666666666666,0.425,0.48,0.5333333333333333,0
0.7,0.7,0.36666666666666664,0.36666666666666664,5.0,131.87234042553192,131.63120567375884,8.063829787234042,7.822695035460967,0.39516908212560387,0.13333333333333333,0.14666666666666667,0.075,0.1375,0.34,0.3625,0.3333333333333333,0.6666666666666666,0.6041666666666666,0.425,0.48,0.5333333333333333,0
0.7,0.7,0.3333333333333333,0.5833333333333334,2.0,148.14184397163123,163.68085106382978,31.226950354609954,46.7659574468085,0.39516908212560387,0.14166666666666666,0.10666666666666667,0.025,0.2625,0.3,0.25,0.65625,0.5166666666666667,0.4791666666666667,0.49166666666666664,0.52,0.525,0
0.7,0.7,0.2777777777777778,0.5,3.0,142.0,194.84397163120568,3.8723404255319167,56.71631205673759,0.41545893719806765,0.125,0.04,0.0,0.3375,0.36,0.2375,0.5833333333333334,0.6333333333333333,0.375,0.5083333333333333,0.49333333333333335,0.48333333333333334,0
0.7,0.7,0.2777777777777778,0.5,3.0,142.0,194.84397163120568,3.8723404255319167,56.71631205673759,0.41545893719806765,0.125,0.04,0.0,0.3375,0.36,0.2375,0.5833333333333334,0.6333333333333333,0.375,0.5083333333333333,0.49333333333333335,0.48333333333333334,0
0.7,0.7,0.2777777777777778,0.5,3.0,142.0,194.84397163120568,3.8723404255319167,56.71631205673759,0.41545893719806765,0.125,0.04,0.0,0.3375,0.36,0.2375,0.5833333333333334,0.6333333333333333,0.375,0.5083333333333333,0.49333333333333335,0.48333333333333334,0
0.7,0.7,0.2777777777777778,0.5,3.0,142.0,194.84397163120568,3.8723404255319167,56.71631205673759,0.41545893719806765,0.125,0.04,0.0,0.3375,0.36,0.2375,0.5833333333333334,0.6333333333333333,0.375,0.5083333333333333,0.49333333333333335,0.48333333333333334,0
0.7,0.7,0.2777777777777778,0.5,3.0,142.0,194.84397163120568,3.8723404255319167,56.71631205673759,0.41545893719806765,0.125,0.04,0.0,0.3375,0.36,0.2375,0.5833333333333334,0.6333333333333333,0.375,0.5083333333333333,0.49333333333333335,0.48333333333333334,0
0.8666666666666667,0.8333333333333334,0.0,0.5833333333333334,1.5,128.88652482269504,175.97872340425533,12.035460992907801,59.1276595744681,0.34782608695652173,0.14166666666666666,0.013333333333333334,0.0,0.8,0.28,0.4625,0.2604166666666667,0.3,0.0,0.4083333333333333,0.26666666666666666,0.2,0
0.8666666666666667,0.8333333333333334,0.0,0.5833333333333334,1.5,128.88652482269504,175.97872340425533,12.035460992907801,59.1276595744681,0.34782608695652173,0.14166666666666666,0.013333333333333334,0.0,0.8,0.28,0.4625,0.2604166666666667,0.3,0.0,0.4083333333333333,0.26666666666666666,0.2,0
0.8666666666666667,0.8333333333333334,0.0,0.5833333333333334,1.5,128.88652482269504,175.97872340425533,12.035460992907801,59.1276595744681,0.34782608695652173,0.14166666666666666,0.013333333333333334,0.0,0.8,0.28,0.4625,0.2604166666666667,0.3,0.0,0.4083333333333333,0.26666666666666666,0.2,0
0.8666666666666667,0.8333333333333334,0.0,0.5833333333333334,1.5,128.88652482269504,175.97872340425533,12.035460992907801,59.1276595744681,0.34782608695652173,0.14166666666666666,0.013333333333333334,0.0,0.8,0.28,0.4625,0.2604166666666667,0.3,0.0,0.4083333333333333,0.26666666666666666,0.2,0
0.9666666666666667,0.9333333333333333,0.0,1.0,1.0,229.96453900709218,179.1560283687943,114.56028368794325,63.751773049645365,0.24734299516908212,0.0,0.0,0.0,0.0,0.36,0.4125,0.14583333333333334,0.25,0.0,0.35833333333333334,0.44,0.19166666666666668,0
0.9666666666666667,0.9333333333333333,0.0,1.0,1.0,229.96453900709218,179.1560283687943,114.56028368794325,63.751773049645365,0.24734299516908212,0.0,0.0,0.0,0.0,0.36,0.4125,0.14583333333333334,0.25,0.0,0.35833333333333334,0.44,0.19166666666666668,0
0.9666666666666667,0.9333333333333333,0.0,1.0,1.0,229.96453900709218,179.1560283687943,114.56028368794325,63.751773049645365,0.24734299516908212,0.0,0.0,0.0,0.0,0.36,0.4125,0.14583333333333334,0.25,0.0,0.35833333333333334,0.44,0.19166666666666668,0
1.0333333333333334,0.9666666666666667,0.0,0.5,2.0,218.97872340425533,172.6950354609929,123.04255319148938,76.75886524822694,0.2589371980676328,0.0,0.0,0.0,0.0625,0.5,0.3375,0.19791666666666666,0.3,0.0,0.4666666666666667,0.6266666666666667,0.5166666666666667,0
1.0333333333333334,0.9666666666666667,0.0,0.5,2.0,218.97872340425533,172.6950354609929,123.04255319148938,76.75886524822694,0.2589371980676328,0.0,0.0,0.0,0.0625,0.5,0.3375,0.19791666666666666,0.3,0.0,0.4666666666666667,0.6266666666666667,0.5166666666666667,0
1.0333333333333334,0.9666666666666667,0.0,0.5,2.0,218.97872340425533,172.6950354609929,123.04255319148938,76.75886524822694,0.2589371980676328,0.0,0.0,0.0,0.0625,0.5,0.3375,0.19791666666666666,0.3,0.0,0.4666666666666667,0.6266666666666667,0.5166666666666667,0
1.0333333333333334,0.9666666666666667,0.0,0.5,2.0,218.97872340425533,172.6950354609929,123.04255319148938,76.75886524822694,0.2589371980676328,0.0,0.0,0.0,0.0625,0.5,0.3375,0.19791666666666666,0.3,0.0,0.4666666666666667,0.6266666666666667,0.5166666666666667,0
1.0333333333333334,0.9666666666666667,0.0,0.5,2.0,218.97872340425533,172.6950354609929,123.04255319148938,76.75886524822694,0.2589371980676328,0.0,0.0,0.0,0.0625,0.5,0.3375,0.19791666666666666,0.3,0.0,0.4666666666666667,0.6266666666666667,0.5166666666666667,0
1.0333333333333334,0.9666666666666667,0.0,0.5,1.5,218.68085106382978,181.99290780141845,117.44680851063829,80.75886524822697,0.2618357487922705,0.0,0.0,0.0,0.125,0.36,0.4125,0.375,0.3,0.020833333333333332,0.21666666666666667,0.5066666666666667,0.26666666666666666,0
1.0333333333333334,0.9666666666666667,0.0,0.5,1.5,218.68085106382978,181.99290780141845,117.44680851063829,80.75886524822697,0.2618357487922705,0.0,0.0,0.0,0.125,0.36,0.4125,0.375,0.3,0.020833333333333332,0.21666666666666667,0.5066666666666667,0.26666666666666666,0
1.0333333333333334,0.9666666666666667,0.0,0.5,1.5,218.68085106382978,181.99290780141845,117.44680851063829,80.75886524822697,0.2618357487922705,0.0,0.0,0.0,0.125,0.36,0.4125,0.375,0.3,0.020833333333333332,0.21666666666666667,0.5066666666666667,0.26666666666666666,0
1.0333333333333334,0.9666666666666667,0.0,0.5,1.5,218.68085106382978,181.99290780141845,117.44680851063829,80.75886524822697,0.2618357487922705,0.0,0.0,0.0,0.125,0.36,0.4125,0.375,0.3,0.020833333333333332,0.21666666666666667,0.5066666666666667,0.26666666666666666,0
0.9,0.8666666666666667,0.0,0.0,3.0,188.0,213.29787234042553,60.93617021276596,86.23404255319149,0.18647342995169083,0.0,0.0,0.0,0.0,0.22,0.0125,0.375,0.4166666666666667,0.21875,0.15833333333333333,0.2,0.25833333333333336,0
0.9,0.8666666666666667,0.0,0.0,3.0,188.0,213.29787234042553,60.93617021276596,86.23404255319149,0.18647342995169083,0.0,0.0,0.0,0.0,0.22,0.0125,0.375,0.4166666666666667,0.21875,0.15833333333333333,0.2,0.25833333333333336,0
0.9,0.8666666666666667,0.0,0.0,3.0,188.0,213.29787234042553,60.93617021276596,86.23404255319149,0.18647342995169083,0.0,0.0,0.0,0.0,0.22,0.0125,0.375,0.4166666666666667,0.21875,0.15833333333333333,0.2,0.25833333333333336,0
0.9,0.8666666666666667,0.0,0.0,3.0,188.0,213.29787234042553,60.93617021276596,86.23404255319149,0.18647342995169083,0.0,0.0,0.0,0.0,0.22,0.0125,0.375,0.4166666666666667,0.21875,0.15833333333333333,0.2,0.25833333333333336,0
0.8666666666666667,0.8666666666666667,0.0,0.3333333333333333,2.5,191.43971631205673,212.85106382978722,67.78014184397162,89.19148936170211,0.19227053140096617,0.0,0.0,0.0,0.0,0.26,0.0,0.34375,0.43333333333333335,0.17708333333333334,0.21666666666666667,0.22666666666666666,0.20833333333333334,0
0.8666666666666667,0.8666666666666667,0.0,0.3333333333333333,2.5,191.43971631205673,212.85106382978722,67.78014184397162,89.19148936170211,0.19227053140096617,0.0,0.0,0.0,0.0,0.26,0.0,0.34375,0.43333333333333335,0.17708333333333334,0.21666666666666667,0.22666666666666666,0.20833333333333334,0
0.8666666666666667,0.8666666666666667,0.0,0.3333333333333333,2.5,191.43971631205673,212.85106382978722,67.78014184397162,89.19148936170211,0.19227053140096617,0.0,0.0,0.0,0.0,0.26,0.0,0.34375,0.43333333333333335,0.17708333333333334,0.21666666666666667,0.22666666666666666,0.20833333333333334,0
1.0,0.9333333333333333,0.0,1.0,1.0,235.36170212765956,175.82978723404256,130.12765957446805,70.59574468085107,0.2106280193236715,0.0,0.16,0.24166666666666667,0.0,0.38,0.3625,0.15625,0.2,0.0,0.38333333333333336,0.3466666666666667,0.14166666666666666,0
1.0,0.9333333333333333,0.0,1.0,1.0,235.36170212765956,175.82978723404256,130.12765957446805,70.59574468085107,0.2106280193236715,0.0,0.16,0.24166666666666667,0.0,0.38,0.3625,0.15625,0.2,0.0,0.38333333333333336,0.3466666666666667,0.14166666666666666,0
0.9375,0.78125,0.16666666666666666,0.5416666666666666,4.0,213.843537414966,135.4013605442177,118.45578231292518,40.013605442176896,0.24979591836734694,0.058823529411764705,0.058823529411764705,0.0661764705882353,0.0,0.2,0.30357142857142855,0.010416666666666666,0.4,0.3020833333333333,0.08088235294117647,0.38823529411764707,0.11029411764705882,0
0.9375,0.78125,0.16666666666666666,0.5416666666666666,4.0,213.843537414966,135.4013605442177,118.45578231292518,40.013605442176896,0.24979591836734694,0.058823529411764705,0.058823529411764705,0.0661764705882353,0.0,0.2,0.30357142857142855,0.010416666666666666,0.4,0.3020833333333333,0.08088235294117647,0.38823529411764707,0.11029411764705882,0
0.9375,0.78125,0.16666666666666666,0.5416666666666666,4.0,213.843537414966,135.4013605442177,118.45578231292518,40.013605442176896,0.24979591836734694,0.058823529411764705,0.058823529411764705,0.0661764705882353,0.0,0.2,0.30357142857142855,0.010416666666666666,0.4,0.3020833333333333,0.08088235294117647,0.38823529411764707,0.11029411764705882,0
0.9375,0.78125,0.16666666666666666,0.5416666666666666,4.0,213.843537414966,135.4013605442177,118.45578231292518,40.013605442176896,0.24979591836734694,0.058823529411764705,0.058823529411764705,0.0661764705882353,0.0,0.2,0.30357142857142855,0.010416666666666666,0.4,0.3020833333333333,0.08088235294117647,0.38823529411764707,0.11029411764705882,0
0.9375,0.78125,0.16666666666666666,0.5416666666666666,4.0,213.843537414966,135.4013605442177,118.45578231292518,40.013605442176896,0.24979591836734694,0.058823529411764705,0.058823529411764705,0.0661764705882353,0.0,0.2,0.30357142857142855,0.010416666666666666,0.4,0.3020833333333333,0.08088235294117647,0.38823529411764707,0.11029411764705882,0
0.875,0.75,0.16666666666666666,0.0,3.5,197.42857142857142,174.1156462585034,80.95918367346937,57.646258503401356,0.22693877551020408,0.11764705882352941,0.058823529411764705,0.03676470588235294,0.16071428571428573,0.18571428571428572,0.30357142857142855,0.28125,0.2833333333333333,0.0,0.0,0.0,0.0,0
0.875,0.75,0.16666666666666666,0.0,3.5,197.42857142857142,174.1156462585034,80.95918367346937,57.646258503401356,0.22693877551020408,0.11764705882352941,0.058823529411764705,0.03676470588235294,0.16071428571428573,0.18571428571428572,0.30357142857142855,0.28125,0.2833333333333333,0.0,0.0,0.0,0.0,0
0.96875,0.8125,0.16666666666666666,0.08333333333333333,2.5,225.0,156.91836734693877,94.57142857142858,26.48979591836735,0.2383673469387755,0.051470588235294115,0.058823529411764705,0.058823529411764705,0.0625,0.3,0.25,0.0,0.35,0.2604166666666667,0.0,0.0,0.0,0
0.96875,0.8125,0.16666666666666666,0.08333333333333333,2.5,225.0,156.91836734693877,94.57142857142858,26.48979591836735,0.2383673469387755,0.051470588235294115,0.058823529411764705,0.058823529411764705,0.0625,0.3,0.25,0.0,0.35,0.2604166666666667,0.0,0.0,0.0,0
0.96875,0.8125,0.16666666666666666,0.08333333333333333,2.5,225.0,156.91836734693877,94.57142857142858,26.48979591836735,0.2383673469387755,0.051470588235294115,0.058823529411764705,0.058823529411764705,0.0625,0.3,0.25,0.0,0.35,0.2604166666666667,0.0,0.0,0.0,0
0.96875,0.8125,0.16666666666666666,0.08333333333333333,2.5,225.0,156.91836734693877,94.57142857142858,26.48979591836735,0.2383673469387755,0.051470588235294115,0.058823529411764705,0.058823529411764705,0.0625,0.3,0.25,0.0,0.35,0.2604166666666667,0.0,0.0,0.0,0
0.96875,0.8125,0.16666666666666666,0.08333333333333333,2.5,225.0,156.91836734693877,94.57142857142858,26.48979591836735,0.2383673469387755,0.051470588235294115,0.058823529411764705,0.058823529411764705,0.0625,0.3,0.25,0.0,0.35,0.2604166666666667,0.0,0.0,0.0,0
0.78125,0.78125,1.0,0.0,1.0,206.8843537414966,196.6938775510204,99.06802721088435,88.87755102040815,0.2179591836734694,0.09558823529411764,0.24705882352941178,0.375,0.11607142857142858,0.3142857142857143,0.09821428571428571,0.15625,0.18333333333333332,0.0,0.0,0.0,0.0,0
0.78125,0.78125,1.0,0.0,1.0,206.8843537414966,196.6938775510204,99.06802721088435,88.87755102040815,0.2179591836734694,0.09558823529411764,0.24705882352941178,0.375,0.11607142857142858,0.3142857142857143,0.09821428571428571,0.15625,0.18333333333333332,0.0,0.0,0.0,0.0,0
0.78125,0.78125,1.0,0.0,1.0,206.8843537414966,196.6938775510204,99.06802721088435,88.87755102040815,0.2179591836734694,0.09558823529411764,0.24705882352941178,0.375,0.11607142857142858,0.3142857142857143,0.09821428571428571,0.15625,0.18333333333333332,0.0,0.0,0.0,0.0,0
0.78125,0.78125,1.0,0.0,1.0,206.8843537414966,196.6938775510204,99.06802721088435,88.87755102040815,0.2179591836734694,0.09558823529411764,0.24705882352941178,0.375,0.11607142857142858,0.3142857142857143,0.09821428571428571,0.15625,0.18333333333333332,0.0,0.0,0.0,0.0,0
0.96875,0.8125,0.16666666666666666,0.08333333333333333,3.5,229.7551020408163,156.33333333333334,119.7551020408163,46.33333333333334,0.23673469387755103,0.17647058823529413,0.058823529411764705,0.058823529411764705,0.026785714285714284,0.21428571428571427,0.25,0.0,0.26666666666666666,0.3125,0.0,0.0,0.0,0
0.96875,0.8125,0.16666666666666666,0.08333333333333333,3.5,229.7551020408163,156.33333333333334,119.7551020408163,46.33333333333334,0.23673469387755103,0.17647058823529413,0.058823529411764705,0.058823529411764705,0.026785714285714284,0.21428571428571427,0.25,0.0,0.26666666666666666,0.3125,0.0,0.0,0.0,0
0.96875,0.8125,0.16666666666666666,0.08333333333333333,3.5,229.7551020408163,156.33333333333334,119.7551020408163,46.33333333333334,0.23673469387755103,0.17647058823529413,0.058823529411764705,0.058823529411764705,0.026785714285714284,0.21428571428571427,0.25,0.0,0.26666666666666666,0.3125,0.0,0.0,0.0,0
0.96875,0.8125,0.16666666666666666,0.08333333333333333,3.5,229.7551020408163,156.33333333333334,119.7551020408163,46.33333333333334,0.23673469387755103,0.17647058823529413,0.058823529411764705,0.058823529411764705,0.026785714285714284,0.21428571428571427,0.25,0.0,0.26666666666666666,0.3125,0.0,0.0,0.0,0
0.78125,0.78125,1.0,0.0,2.0,229.95238095238096,224.8027210884354,134.0544217687075,128.90476190476193,0.1910204081632653,0.20588235294117646,0.11764705882352941,0.125,0.0,0.4857142857142857,0.03571428571428571,0.0,0.13333333333333333,0.1875,0.0,0.10588235294117647,0.3014705882352941,0
0.78125,0.78125,1.0,0.0,2.0,229.95238095238096,224.8027210884354,134.0544217687075,128.90476190476193,0.1910204081632653,0.20588235294117646,0.11764705882352941,0.125,0.0,0.4857142857142857,0.03571428571428571,0.0,0.13333333333333333,0.1875,0.0,0.10588235294117647,0.3014705882352941,0
0.78125,0.78125,1.0,0.0,2.0,229.95238095238096,224.8027210884354,134.0544217687075,128.90476190476193,0.1910204081632653,0.20588235294117646,0.11764705882352941,0.125,0.0,0.4857142857142857,0.03571428571428571,0.0,0.13333333333333333,0.1875,0.0,0.10588235294117647,0.3014705882352941,0
0.78125,0.78125,1.0,0.0,2.0,229.95238095238096,224.8027210884354,134.0544217687075,128.90476190476193,0.1910204081632653,0.20588235294117646,0.11764705882352941,0.125,0.0,0.4857142857142857,0.03571428571428571,0.0,0.13333333333333333,0.1875,0.0,0.10588235294117647,0.3014705882352941,0
1.0,1.0,1.0,0.0,1.0,202.6530612244898,190.53061224489795,84.38775510204081,72.26530612244898,0.2595918367346939,0.27941176470588236,0.25882352941176473,0.2867647058823529,0.14285714285714285,0.32857142857142857,0.16964285714285715,0.3333333333333333,0.3,0.0,0.0,0.0,0.0,0
1.0,1.0,1.0,0.0,1.0,202.6530612244898,190.53061224489795,84.38775510204081,72.26530612244898,0.2595918367346939,0.27941176470588236,0.25882352941176473,0.2867647058823529,0.14285714285714285,0.32857142857142857,0.16964285714285715,0.3333333333333333,0.3,0.0,0.0,0.0,0.0,0
1.0,1.0,1.0,0.0,1.0,202.6530612244898,190.53061224489795,84.38775510204081,72.26530612244898,0.2595918367346939,0.27941176470588236,0.25882352941176473,0.2867647058823529,0.14285714285714285,0.32857142857142857,0.16964285714285715,0.3333333333333333,0.3,0.0,0.0,0.0,0.0,0
1.0,1.0,1.0,0.0,1.0,202.6530612244898,190.53061224489795,84.38775510204081,72.26530612244898,0.2595918367346939,0.27941176470588236,0.25882352941176473,0.2867647058823529,0.14285714285714285,0.32857142857142857,0.16964285714285715,0.3333333333333333,0.3,0.0,0.0,0.0,0.0,0
1.03125,1.03125,1.0,0.0,1.0,224.92517006802723,170.12925170068027,136.43537414965988,81.63945578231292,0.22693877551020408,0.25735294117647056,0.2,0.40441176470588236,0.0,0.34285714285714286,0.09821428571428571,0.0,0.3,0.25,0.0,0.0,0.0,0
1.03125,1.03125,1.0,0.0,1.0,224.92517006802723,170.12925170068027,136.43537414965988,81.63945578231292,0.22693877551020408,0.25735294117647056,0.2,0.40441176470588236,0.0,0.34285714285714286,0.09821428571428571,0.0,0.3,0.25,0.0,0.0,0.0,0
1.03125,1.03125,1.0,0.0,1.0,224.92517006802723,170.12925170068027,136.43537414965988,81.63945578231292,0.22693877551020408,0.25735294117647056,0.2,0.40441176470588236,0.0,0.34285714285714286,0.09821428571428571,0.0,0.3,0.25,0.0,0.0,0.0,0
1.03125,1.03125,1.0,0.0,1.0,224.92517006802723,170.12925170068027,136.43537414965988,81.63945578231292,0.22693877551020408,0.25735294117647056,0.2,0.40441176470588236,0.0,0.34285714285714286,0.09821428571428571,0.0,0.3,0.25,0.0,0.0,0.0,0
0.90625,0.78125,0.16666666666666666,0.0,4.0,203.2244897959184,145.99319727891157,63.102040816326564,5.870748299319729,0.30857142857142855,0.29411764705882354,0.07058823529411765,0.18382352941176472,0.044642857142857144,0.24285714285714285,0.26785714285714285,0.25,0.4,0.25,0.0,0.0,0.0,0
0.90625,0.78125,0.16666666666666666,0.0,4.0,203.2244897959184,145.99319727891157,63.102040816326564,5.870748299319729,0.30857142857142855,0.29411764705882354,0.07058823529411765,0.18382352941176472,0.044642857142857144,0.24285714285714285,0.26785714285714285,0.25,0.4,0.25,0.0,0.0,0.0,0
0.90625,0.78125,0.16666666666666666,0.0,4.0,203.2244897959184,145.99319727891157,63.102040816326564,5.870748299319729,0.30857142857142855,0.29411764705882354,0.07058823529411765,0.18382352941176472,0.044642857142857144,0.24285714285714285,0.26785714285714285,0.25,0.4,0.25,0.0,0.0,0.0,0
0.90625,0.78125,0.16666666666666666,0.0,4.0,203.2244897959184,145.99319727891157,63.102040816326564,5.870748299319729,0.30857142857142855,0.29411764705882354,0.07058823529411765,0.18382352941176472,0.044642857142857144,0.24285714285714285,0.26785714285714285,0.25,0.4,0.25,0.0,0.0,0.0,0
0.90625,0.78125,0.16666666666666666,0.0,4.0,203.2244897959184,145.99319727891157,63.102040816326564,5.870748299319729,0.30857142857142855,0.29411764705882354,0.07058823529411765,0.18382352941176472,0.044642857142857144,0.24285714285714285,0.26785714285714285,0.25,0.4,0.25,0.0,0.0,0.0,0
0.78125,0.78125,0.6666666666666666,0.0,2.0,225.19047619047618,226.265306122449,126.10884353741496,127.18367346938778,0.2253061224489796,0.27941176470588236,0.10588235294117647,0.11029411764705882,0.0,0.44285714285714284,0.09821428571428571,0.0,0.2,0.1875,0.0,0.0,0.25,0
0.78125,0.78125,1.0,0.0,2.0,221.05442176870747,225.72789115646256,80.97278911564624,85.64625850340133,0.2342857142857143,0.22794117647058823,0.10588235294117647,0.16176470588235295,0.0,0.44285714285714284,0.11607142857142858,0.0,0.2,0.25,0.0,0.0,0.29411764705882354,0
0.78125,0.78125,1.0,0.0,2.0,221.05442176870747,225.72789115646256,80.97278911564624,85.64625850340133,0.2342857142857143,0.22794117647058823,0.10588235294117647,0.16176470588235295,0.0,0.44285714285714284,0.11607142857142858,0.0,0.2,0.25,0.0,0.0,0.29411764705882354,0
0.78125,0.78125,1.0,0.0,2.0,221.05442176870747,225.72789115646256,80.97278911564624,85.64625850340133,0.2342857142857143,0.22794117647058823,0.10588235294117647,0.16176470588235295,0.0,0.44285714285714284,0.11607142857142858,0.0,0.2,0.25,0.0,0.0,0.29411764705882354,0
1.03125,0.78125,0.3333333333333333,0.8333333333333334,1.0,220.40816326530611,166.96598639455783,135.71428571428572,82.27210884353742,0.27755102040816326,0.08088235294117647,0.32941176470588235,0.4264705882352941,0.25892857142857145,0.18571428571428572,0.0,0.09375,0.4666666666666667,0.3854166666666667,0.07352941176470588,0.4,0.09558823529411764,0
1.03125,0.78125,0.3333333333333333,0.8333333333333334,1.0,220.40816326530611,166.96598639455783,135.71428571428572,82.27210884353742,0.27755102040816326,0.08088235294117647,0.32941176470588235,0.4264705882352941,0.25892857142857145,0.18571428571428572,0.0,0.09375,0.4666666666666667,0.3854166666666667,0.07352941176470588,0.4,0.09558823529411764,0
1.03125,0.78125,0.3333333333333333,0.8333333333333334,1.0,220.40816326530611,166.96598639455783,135.71428571428572,82.27210884353742,0.27755102040816326,0.08088235294117647,0.32941176470588235,0.4264705882352941,0.25892857142857145,0.18571428571428572,0.0,0.09375,0.4666666666666667,0.3854166666666667,0.07352941176470588,0.4,0.09558823529411764,0
1.03125,0.78125,0.3333333333333333,0.8333333333333334,1.0,220.40816326530611,166.96598639455783,135.71428571428572,82.27210884353742,0.27755102040816326,0.08088235294117647,0.32941176470588235,0.4264705882352941,0.25892857142857145,0.18571428571428572,0.0,0.09375,0.4666666666666667,0.3854166666666667,0.07352941176470588,0.4,0.09558823529411764,0
1.0,1.0,0.8333333333333334,0.0,2.0,232.59863945578232,179.6734693877551,147.2108843537415,94.28571428571428,0.1820408163265306,0.22794117647058823,0.24705882352941178,0.3897058823529412,0.026785714285714284,0.44285714285714284,0.11607142857142858,0.0,0.43333333333333335,0.3333333333333333,0.0,0.0,0.0,0
1.0,1.0,0.8333333333333334,0.0,2.0,232.59863945578232,179.6734693877551,147.2108843537415,94.28571428571428,0.1820408163265306,0.22794117647058823,0.24705882352941178,0.3897058823529412,0.026785714285714284,0.44285714285714284,0.11607142857142858,0.0,0.43333333333333335,0.3333333333333333,0.0,0.0,0.0,0
1.0,1.0,0.8333333333333334,0.0,2.0,232.59863945578232,179.6734693877551,147.2108843537415,94.28571428571428,0.1820408163265306,0.22794117647058823,0.24705882352941178,0.3897058823529412,0.026785714285714284,0.44285714285714284,0.11607142857142858,0.0,0.43333333333333335,0.3333333333333333,0.0,0.0,0.0,0
0.90625,0.75,0.16666666666666666,0.0,3.0,208.90476190476193,154.10204081632654,62.82312925170069,8.020408163265301,0.276734693877551,0.25735294117647056,0.058823529411764705,0.16176470588235295,0.0625,0.2714285714285714,0.2857142857142857,0.3333333333333333,0.4666666666666667,0.3333333333333333,0.0,0.0,0.0,1
0.90625,0.75,0.16666666666666666,0.0,3.0,208.90476190476193,154.10204081632654,62.82312925170069,8.020408163265301,0.276734693877551,0.25735294117647056,0.058823529411764705,0.16176470588235295,0.0625,0.2714285714285714,0.2857142857142857,0.3333333333333333,0.4666666666666667,0.3333333333333333,0.0,0.0,0.0,1
0.90625,0.75,0.16666666666666666,0.0,3.0,208.90476190476193,154.10204081632654,62.82312925170069,8.020408163265301,0.276734693877551,0.25735294117647056,0.058823529411764705,0.16176470588235295,0.0625,0.2714285714285714,0.2857142857142857,0.3333333333333333,0.4666666666666667,0.3333333333333333,0.0,0.0,0.0,1
0.90625,0.75,0.16666666666666666,0.0,3.0,208.90476190476193,154.10204081632654,62.82312925170069,8.020408163265301,0.276734693877551,0.25735294117647056,0.058823529411764705,0.16176470588235295,0.0625,0.2714285714285714,0.2857142857142857,0.3333333333333333,0.4666666666666667,0.3333333333333333,0.0,0.0,0.0,1
1.0,1.0,0.16666666666666666,0.0,2.0,204.27891156462587,183.0816326530612,69.09523809523813,47.897959183673464,0.2587755102040816,0.18382352941176472,0.17647058823529413,0.1323529411764706,0.16964285714285715,0.34285714285714286,0.30357142857142855,0.3333333333333333,0.3,0.0,0.0,0.0,0.0,0
1.0,1.0,0.16666666666666666,0.0,2.0,204.27891156462587,183.0816326530612,69.09523809523813,47.897959183673464,0.2587755102040816,0.18382352941176472,0.17647058823529413,0.1323529411764706,0.16964285714285715,0.34285714285714286,0.30357142857142855,0.3333333333333333,0.3,0.0,0.0,0.0,0.0,0
1.0,1.0,0.16666666666666666,0.0,2.0,204.27891156462587,183.0816326530612,69.09523809523813,47.897959183673464,0.2587755102040816,0.18382352941176472,0.17647058823529413,0.1323529411764706,0.16964285714285715,0.34285714285714286,0.30357142857142855,0.3333333333333333,0.3,0.0,0.0,0.0,0.0,0
0.75,0.75,0.8333333333333334,0.0,3.0,231.3061224489796,229.8775510204082,136.26530612244898,134.8367346938776,0.20244897959183675,0.14705882352941177,0.12941176470588237,0.08823529411764706,0.0,0.5285714285714286,0.1875,0.0,0.15,0.20833333333333334,0.0,0.09411764705882353,0.19117647058823528,0
0.75,0.75,0.8333333333333334,0.0,3.0,231.3061224489796,229.8775510204082,136.26530612244898,134.8367346938776,0.20244897959183675,0.14705882352941177,0.12941176470588237,0.08823529411764706,0.0,0.5285714285714286,0.1875,0.0,0.15,0.20833333333333334,0.0,0.09411764705882353,0.19117647058823528,0
0.75,0.75,0.8333333333333334,0.0,3.0,231.3061224489796,229.8775510204082,136.26530612244898,134.8367346938776,0.20244897959183675,0.14705882352941177,0.12941176470588237,0.08823529411764706,0.0,0.5285714285714286,0.1875,0.0,0.15,0.20833333333333334,0.0,0.09411764705882353,0.19117647058823528,0
0.75,0.75,0.8333333333333334,0.0,3.0,231.3061224489796,229.8775510204082,136.26530612244898,134.8367346938776,0.20244897959183675,0.14705882352941177,0.12941176470588237,0.08823529411764706,0.0,0.5285714285714286,0.1875,0.0,0.15,0.20833333333333334,0.0,0.09411764705882353,0.19117647058823528,0
0.90625,0.84375,0.5,0.8333333333333334,1.0,229.8775510204082,155.85714285714286,131.18367346938777,57.163265306122454,0.2636734693877551,0.08088235294117647,0.1411764705882353,0.47058823529411764,0.33035714285714285,0.3,0.20535714285714285,0.10416666666666667,0.31666666666666665,0.08333333333333333,0.13970588235294118,0.17647058823529413,0.0,0
0.90625,0.84375,0.5,0.8333333333333334,1.0,229.8775510204082,155.85714285714286,131.18367346938777,57.163265306122454,0.2636734693877551,0.08088235294117647,0.1411764705882353,0.47058823529411764,0.33035714285714285,0.3,0.20535714285714285,0.10416666666666667,0.31666666666666665,0.08333333333333333,0.13970588235294118,0.17647058823529413,0.0,0
0.90625,0.84375,0.5,0.8333333333333334,1.0,229.8775510204082,155.85714285714286,131.18367346938777,57.163265306122454,0.2636734693877551,0.08088235294117647,0.1411764705882353,0.47058823529411764,0.33035714285714285,0.3,0.20535714285714285,0.10416666666666667,0.31666666666666665,0.08333333333333333,0.13970588235294118,0.17647058823529413,0.0,0
0.875,0.875,0.16666666666666666,0.0,2.0,207.72108843537413,185.25170068027214,61.680272108843525,39.210884353741534,0.2253061224489796,0.1323529411764706,0.16470588235294117,0.11029411764705882,0.17857142857142858,0.3142857142857143,0.30357142857142855,0.16666666666666666,0.18333333333333332,0.0,0.0,0.0,0.0,0
0.875,0.875,0.16666666666666666,0.0,2.0,207.72108843537413,185.25170068027214,61.680272108843525,39.210884353741534,0.2253061224489796,0.1323529411764706,0.16470588235294117,0.11029411764705882,0.17857142857142858,0.3142857142857143,0.30357142857142855,0.16666666666666666,0.18333333333333332,0.0,0.0,0.0,0.0,0
0.875,0.875,0.16666666666666666,0.0,2.0,207.72108843537413,185.25170068027214,61.680272108843525,39.210884353741534,0.2253061224489796,0.1323529411764706,0.16470588235294117,0.11029411764705882,0.17857142857142858,0.3142857142857143,0.30357142857142855,0.16666666666666666,0.18333333333333332,0.0,0.0,0.0,0.0,0
0.875,0.875,0.16666666666666666,0.0,2.0,207.72108843537413,185.25170068027214,61.680272108843525,39.210884353741534,0.2253061224489796,0.1323529411764706,0.16470588235294117,0.11029411764705882,0.17857142857142858,0.3142857142857143,0.30357142857142855,0.16666666666666666,0.18333333333333332,0.0,0.0,0.0,0.0,0
1.03125,1.0,0.0,0.0,2.0,200.36054421768708,188.14285714285714,78.36054421768708,66.14285714285714,0.24897959183673468,0.13970588235294118,0.1411764705882353,0.21323529411764705,0.19642857142857142,0.4,0.29464285714285715,0.25,0.38333333333333336,0.0,0.0,0.0,0.0,0
1.03125,1.0,0.0,0.0,2.0,200.36054421768708,188.14285714285714,78.36054421768708,66.14285714285714,0.24897959183673468,0.13970588235294118,0.1411764705882353,0.21323529411764705,0.19642857142857142,0.4,0.29464285714285715,0.25,0.38333333333333336,0.0,0.0,0.0,0.0,0
1.03125,1.0,0.0,0.0,2.0,200.36054421768708,188.14285714285714,78.36054421768708,66.14285714285714,0.24897959183673468,0.13970588235294118,0.1411764705882353,0.21323529411764705,0.19642857142857142,0.4,0.29464285714285715,0.25,0.38333333333333336,0.0,0.0,0.0,0.0,0
1.03125,1.03125,0.6666666666666666,0.6666666666666666,1.0,233.41496598639455,164.41496598639455,169.9251700680272,100.9251700680272,0.21877551020408162,0.058823529411764705,0.09411764705882353,0.16911764705882354,0.14285714285714285,0.35714285714285715,0.20535714285714285,0.0,0.38333333333333336,0.17708333333333334,0.0,0.03529411764705882,0.13970588235294118,0
1.03125,1.03125,0.6666666666666666,0.6666666666666666,1.0,233.41496598639455,164.41496598639455,169.9251700680272,100.9251700680272,0.21877551020408162,0.058823529411764705,0.09411764705882353,0.16911764705882354,0.14285714285714285,0.35714285714285715,0.20535714285714285,0.0,0.38333333333333336,0.17708333333333334,0.0,0.03529411764705882,0.13970588235294118,0
1.03125,1.03125,0.6666666666666666,0.6666666666666666,1.0,233.41496598639455,164.41496598639455,169.9251700680272,100.9251700680272,0.21877551020408162,0.058823529411764705,0.09411764705882353,0.16911764705882354,0.14285714285714285,0.35714285714285715,0.20535714285714285,0.0,0.38333333333333336,0.17708333333333334,0.0,0.03529411764705882,0.13970588235294118,0
0.8125,0.75,0.16666666666666666,0.5,1.5,206.01360544217687,142.62585034013605,87.50340136054422,24.115646258503403,0.31265306122448977,0.11764705882352941,0.023529411764705882,0.022058823529411766,0.15178571428571427,0.3142857142857143,0.32142857142857145,0.17708333333333334,0.35,0.34375,0.20588235294117646,0.0,0.0,0
0.8125,0.75,0.16666666666666666,0.5,1.5,206.01360544217687,142.62585034013605,87.50340136054422,24.115646258503403,0.31265306122448977,0.11764705882352941,0.023529411764705882,0.022058823529411766,0.15178571428571427,0.3142857142857143,0.32142857142857145,0.17708333333333334,0.35,0.34375,0.20588235294117646,0.0,0.0,0
0.8125,0.75,0.16666666666666666,0.5,1.5,206.01360544217687,142.62585034013605,87.50340136054422,24.115646258503403,0.31265306122448977,0.11764705882352941,0.023529411764705882,0.022058823529411766,0.15178571428571427,0.3142857142857143,0.32142857142857145,0.17708333333333334,0.35,0.34375,0.20588235294117646,0.0,0.0,0
0.8125,0.75,0.16666666666666666,0.5,1.5,206.01360544217687,142.62585034013605,87.50340136054422,24.115646258503403,0.31265306122448977,0.11764705882352941,0.023529411764705882,0.022058823529411766,0.15178571428571427,0.3142857142857143,0.32142857142857145,0.17708333333333334,0.35,0.34375,0.20588235294117646,0.0,0.0,0
0.8125,0.75,0.16666666666666666,0.5,1.5,206.01360544217687,142.62585034013605,87.50340136054422,24.115646258503403,0.31265306122448977,0.11764705882352941,0.023529411764705882,0.022058823529411766,0.15178571428571427,0.3142857142857143,0.32142857142857145,0.17708333333333334,0.35,0.34375,0.20588235294117646,0.0,0.0,0
1.03125,1.03125,0.0,0.3333333333333333,1.0,196.34013605442178,183.87074829931973,90.93197278911565,78.4625850340136,0.22775510204081634,0.15441176470588236,0.10588235294117647,0.08088235294117647,0.16964285714285715,0.3,0.26785714285714285,0.16666666666666666,0.31666666666666665,0.0,0.0,0.0,0.022058823529411766,0
1.03125,1.03125,0.0,0.3333333333333333,1.0,196.34013605442178,183.87074829931973,90.93197278911565,78.4625850340136,0.22775510204081634,0.15441176470588236,0.10588235294117647,0.08088235294117647,0.16964285714285715,0.3,0.26785714285714285,0.16666666666666666,0.31666666666666665,0.0,0.0,0.0,0.022058823529411766,0
1.03125,1.03125,0.0,0.3333333333333333,1.0,196.34013605442178,183.87074829931973,90.93197278911565,78.4625850340136,0.22775510204081634,0.15441176470588236,0.10588235294117647,0.08088235294117647,0.16964285714285715,0.3,0.26785714285714285,0.16666666666666666,0.31666666666666665,0.0,0.0,0.0,0.022058823529411766,0
1.0,0.90625,0.8333333333333334,1.0,1.0,231.03401360544217,165.3265306122449,188.1768707482993,122.46938775510205,0.23346938775510204,0.08823529411764706,0.15294117647058825,0.23529411764705882,0.16964285714285715,0.2571428571428571,0.16964285714285715,0.0,0.2833333333333333,0.16666666666666666,0.09558823529411764,0.29411764705882354,0.35294117647058826,0
1.0,0.90625,0.8333333333333334,1.0,1.0,231.03401360544217,165.3265306122449,188.1768707482993,122.46938775510205,0.23346938775510204,0.08823529411764706,0.15294117647058825,0.23529411764705882,0.16964285714285715,0.2571428571428571,0.16964285714285715,0.0,0.2833333333333333,0.16666666666666666,0.09558823529411764,0.29411764705882354,0.35294117647058826,0
1.03125,1.03125,0.8333333333333334,1.0,1.0,204.0816326530612,194.47619047619048,117.734693877551,108.12925170068027,0.25142857142857145,0.03676470588235294,0.11764705882352941,0.25735294117647056,0.03571428571428571,0.3142857142857143,0.17857142857142858,0.2708333333333333,0.3,0.0,0.35294117647058826,0.1411764705882353,0.0,0
1.03125,1.03125,0.8333333333333334,1.0,1.0,204.0816326530612,194.47619047619048,117.734693877551,108.12925170068027,0.25142857142857145,0.03676470588235294,0.11764705882352941,0.25735294117647056,0.03571428571428571,0.3142857142857143,0.17857142857142858,0.2708333333333333,0.3,0.0,0.35294117647058826,0.1411764705882353,0.0,0
1.03125,1.03125,0.8333333333333334,1.0,1.0,204.0816326530612,194.47619047619048,117.734693877551,108.12925170068027,0.25142857142857145,0.03676470588235294,0.11764705882352941,0.25735294117647056,0.03571428571428571,0.3142857142857143,0.17857142857142858,0.2708333333333333,0.3,0.0,0.35294117647058826,0.1411764705882353,0.0,0
1.03125,1.03125,0.8333333333333334,1.0,1.0,204.0816326530612,194.47619047619048,117.734693877551,108.12925170068027,0.25142857142857145,0.03676470588235294,0.11764705882352941,0.25735294117647056,0.03571428571428571,0.3142857142857143,0.17857142857142858,0.2708333333333333,0.3,0.0,0.35294117647058826,0.1411764705882353,0.0,0
0.78125,0.75,0.5833333333333334,0.0,2.0,227.74829931972786,254.35374149659864,102.64625850340133,129.2517006802721,0.11183673469387755,0.11764705882352941,0.09411764705882353,0.0,0.07142857142857142,0.4142857142857143,0.0,0.0,0.16666666666666666,0.0,0.0,0.0,0.0,1
0.8,0.7666666666666667,0.5833333333333334,0.0,1.5,246.19148936170214,198.17021276595744,135.19148936170214,87.17021276595744,0.15942028985507245,0.26666666666666666,0.38666666666666666,0.475,0.025,0.24,0.0,0.0,0.21666666666666667,0.25,0.0,0.0,0.0,0
0.8,0.8,1.0,0.0,1.0,246.19148936170214,198.17021276595744,135.19148936170214,87.17021276595744,0.17198067632850242,0.25,0.36,0.48333333333333334,0.045454545454545456,0.23636363636363636,0.0,0.0,0.23636363636363636,0.2727272727272727,0.0,0.0,0.0,0
0.8,0.8,1.0,0.0,1.0,246.19148936170214,198.17021276595744,135.19148936170214,87.17021276595744,0.17198067632850242,0.25,0.36,0.48333333333333334,0.045454545454545456,0.23636363636363636,0.0,0.0,0.23636363636363636,0.2727272727272727,0.0,0.0,0.0,0
0.9,0.8666666666666667,0.5,0.0,2.0,244.43971631205673,200.04255319148936,153.41843971631204,109.02127659574468,0.1642512077294686,0.31666666666666665,0.41333333333333333,0.5333333333333333,0.056818181818181816,0.32727272727272727,0.0,0.0,0.23636363636363636,0.09090909090909091,0.058333333333333334,0.04,0.19166666666666668,0
0.9,0.8666666666666667,0.5,0.0,2.0,244.43971631205673,200.04255319148936,153.41843971631204,109.02127659574468,0.1642512077294686,0.31666666666666665,0.41333333333333333,0.5333333333333333,0.056818181818181816,0.32727272727272727,0.0,0.0,0.23636363636363636,0.09090909090909091,0.058333333333333334,0.04,0.19166666666666668,0
0.9,0.8666666666666667,0.5,0.0,2.0,244.43971631205673,200.04255319148936,153.41843971631204,109.02127659574468,0.1642512077294686,0.31666666666666665,0.41333333333333333,0.5333333333333333,0.056818181818181816,0.32727272727272727,0.0,0.0,0.23636363636363636,0.09090909090909091,0.058333333333333334,0.04,0.19166666666666668,0
0.8,0.7,0.3333333333333333,0.0,1.0,217.2553191489362,165.3758865248227,73.31914893617025,21.43971631205676,0.21932367149758455,0.2916666666666667,0.09333333333333334,0.23333333333333334,0.0,0.34545454545454546,0.32954545454545453,0.09090909090909091,0.21818181818181817,0.09090909090909091,0.2833333333333333,0.04,0.0,0
0.8,0.7,0.3333333333333333,0.0,1.0,217.2553191489362,165.3758865248227,73.31914893617025,21.43971631205676,0.21932367149758455,0.2916666666666667,0.09333333333333334,0.23333333333333334,0.0,0.34545454545454546,0.32954545454545453,0.09090909090909091,0.21818181818181817,0.09090909090909091,0.2833333333333333,0.04,0.0,0
0.8,0.7,0.3333333333333333,0.0,1.0,217.2553191489362,165.3758865248227,73.31914893617025,21.43971631205676,0.21932367149758455,0.2916666666666667,0.09333333333333334,0.23333333333333334,0.0,0.34545454545454546,0.32954545454545453,0.09090909090909091,0.21818181818181817,0.09090909090909091,0.2833333333333333,0.04,0.0,0
0.8,0.7,0.3333333333333333,0.0,1.0,217.2553191489362,165.3758865248227,73.31914893617025,21.43971631205676,0.21932367149758455,0.2916666666666667,0.09333333333333334,0.23333333333333334,0.0,0.34545454545454546,0.32954545454545453,0.09090909090909091,0.21818181818181817,0.09090909090909091,0.2833333333333333,0.04,0.0,0
0.8,0.7,0.3333333333333333,0.0,1.0,217.2553191489362,165.3758865248227,73.31914893617025,21.43971631205676,0.21932367149758455,0.2916666666666667,0.09333333333333334,0.23333333333333334,0.0,0.34545454545454546,0.32954545454545453,0.09090909090909091,0.21818181818181817,0.09090909090909091,0.2833333333333333,0.04,0.0,0
0.8666666666666667,0.8666666666666667,0.4166666666666667,0.0,2.0,215.46808510638297,193.60992907801418,73.3191489361702,51.4609929078014,0.22608695652173913,0.225,0.24,0.2833333333333333,0.13636363636363635,0.5272727272727272,0.2159090909090909,0.10227272727272728,0.23636363636363636,0.0,0.0,0.0,0.0,0
0.8666666666666667,0.8666666666666667,0.4166666666666667,0.0,2.0,215.46808510638297,193.60992907801418,73.3191489361702,51.4609929078014,0.22608695652173913,0.225,0.24,0.2833333333333333,0.13636363636363635,0.5272727272727272,0.2159090909090909,0.10227272727272728,0.23636363636363636,0.0,0.0,0.0,0.0,0
0.8666666666666667,0.8666666666666667,0.4166666666666667,0.0,2.0,215.46808510638297,193.60992907801418,73.3191489361702,51.4609929078014,0.22608695652173913,0.225,0.24,0.2833333333333333,0.13636363636363635,0.5272727272727272,0.2159090909090909,0.10227272727272728,0.23636363636363636,0.0,0.0,0.0,0.0,0
0.7666666666666667,0.7,0.0,0.0,2.0,238.822695035461,169.33333333333334,86.75886524822695,17.269503546099287,0.15942028985507245,0.5166666666666667,0.09333333333333334,0.13333333333333333,0.14772727272727273,0.4727272727272727,0.3409090909090909,0.0,0.2545454545454545,0.10227272727272728,0.0,0.0,0.0,0
0.7666666666666667,0.7,0.0,0.0,2.0,238.822695035461,169.33333333333334,86.75886524822695,17.269503546099287,0.15942028985507245,0.5166666666666667,0.09333333333333334,0.13333333333333333,0.14772727272727273,0.4727272727272727,0.3409090909090909,0.0,0.2545454545454545,0.10227272727272728,0.0,0.0,0.0,0
0.7666666666666667,0.7,0.0,0.0,2.0,238.822695035461,169.33333333333334,86.75886524822695,17.269503546099287,0.15942028985507245,0.5166666666666667,0.09333333333333334,0.13333333333333333,0.14772727272727273,0.4727272727272727,0.3409090909090909,0.0,0.2545454545454545,0.10227272727272728,0.0,0.0,0.0,0
0.7666666666666667,0.7,0.0,0.0,2.0,238.822695035461,169.33333333333334,86.75886524822695,17.269503546099287,0.15942028985507245,0.5166666666666667,0.09333333333333334,0.13333333333333333,0.14772727272727273,0.4727272727272727,0.3409090909090909,0.0,0.2545454545454545,0.10227272727272728,0.0,0.0,0.0,0
0.7333333333333333,0.7,0.0,0.0,2.5,166.93617021276597,234.97872340425533,15.42553191489364,83.468085106383,0.17971014492753623,0.275,0.13333333333333333,0.13333333333333333,0.32954545454545453,0.4727272727272727,0.3409090909090909,0.13636363636363635,0.2,0.0,0.0,0.0,0.0,0
0.7333333333333333,0.7,0.0,0.0,2.5,166.93617021276597,234.97872340425533,15.42553191489364,83.468085106383,0.17971014492753623,0.275,0.13333333333333333,0.13333333333333333,0.32954545454545453,0.4727272727272727,0.3409090909090909,0.13636363636363635,0.2,0.0,0.0,0.0,0.0,0
0.7333333333333333,0.7,0.0,0.0,2.5,166.93617021276597,234.97872340425533,15.42553191489364,83.468085106383,0.17971014492753623,0.275,0.13333333333333333,0.13333333333333333,0.32954545454545453,0.4727272727272727,0.3409090909090909,0.13636363636363635,0.2,0.0,0.0,0.0,0.0,0
0.7333333333333333,0.7,0.0,0.0,2.5,166.93617021276597,234.97872340425533,15.42553191489364,83.468085106383,0.17971014492753623,0.275,0.13333333333333333,0.13333333333333333,0.32954545454545453,0.4727272727272727,0.3409090909090909,0.13636363636363635,0.2,0.0,0.0,0.0,0.0,0
0.7333333333333333,0.7333333333333333,0.3333333333333333,0.0,4.0,212.04255319148936,168.0283687943262,60.57446808510639,16.56028368794324,0.23671497584541062,0.058333333333333334,0.12,0.35,0.06818181818181818,0.38181818181818183,0.26136363636363635,0.4318181818181818,0.45454545454545453,0.45454545454545453,0.0,0.0,0.0,0
0.7333333333333333,0.7333333333333333,0.3333333333333333,0.0,4.0,212.04255319148936,168.0283687943262,60.57446808510639,16.56028368794324,0.23671497584541062,0.058333333333333334,0.12,0.35,0.06818181818181818,0.38181818181818183,0.26136363636363635,0.4318181818181818,0.45454545454545453,0.45454545454545453,0.0,0.0,0.0,0
0.7333333333333333,0.7333333333333333,0.3333333333333333,0.0,4.0,212.04255319148936,168.0283687943262,60.57446808510639,16.56028368794324,0.23671497584541062,0.058333333333333334,0.12,0.35,0.06818181818181818,0.38181818181818183,0.26136363636363635,0.4318181818181818,0.45454545454545453,0.45454545454545453,0.0,0.0,0.0,0
0.7333333333333333,0.7333333333333333,0.3333333333333333,0.0,4.0,212.04255319148936,168.0283687943262,60.57446808510639,16.56028368794324,0.23671497584541062,0.058333333333333334,0.12,0.35,0.06818181818181818,0.38181818181818183,0.26136363636363635,0.4318181818181818,0.45454545454545453,0.45454545454545453,0.0,0.0,0.0,0
0.7333333333333333,0.7333333333333333,1.0,0.0,1.0,215.7872340425532,220.1631205673759,109.27659574468085,113.65248226950355,0.16908212560386474,0.25,0.4,0.5333333333333333,0.125,0.23636363636363636,0.0,0.45454545454545453,0.2727272727272727,0.0,0.0,0.0,0.125,0
0.7333333333333333,0.7333333333333333,1.0,0.0,1.0,215.7872340425532,220.1631205673759,109.27659574468085,113.65248226950355,0.16908212560386474,0.25,0.4,0.5333333333333333,0.125,0.23636363636363636,0.0,0.45454545454545453,0.2727272727272727,0.0,0.0,0.0,0.125,0
0.7,0.7,0.5,0.0,2.0,239.468085106383,178.05673758865245,113.85106382978725,52.4397163120567,0.19033816425120773,0.38333333333333336,0.30666666666666664,0.525,0.0,0.43636363636363634,0.13636363636363635,0.0,0.21818181818181817,0.36363636363636365,0.125,0.0,0.0,0
0.7,0.7,0.5,0.0,2.0,239.468085106383,178.05673758865245,113.85106382978725,52.4397163120567,0.19033816425120773,0.38333333333333336,0.30666666666666664,0.525,0.0,0.43636363636363634,0.13636363636363635,0.0,0.21818181818181817,0.36363636363636365,0.125,0.0,0.0,0
0.7,0.7,0.5,0.0,2.0,239.468085106383,178.05673758865245,113.85106382978725,52.4397163120567,0.19033816425120773,0.38333333333333336,0.30666666666666664,0.525,0.0,0.43636363636363634,0.13636363636363635,0.0,0.21818181818181817,0.36363636363636365,0.125,0.0,0.0,0
0.7333333333333333,0.7333333333333333,0.5833333333333334,0.0,1.5,214.9716312056738,196.56028368794327,95.95035460992911,77.53900709219859,0.2144927536231884,0.35833333333333334,0.41333333333333333,0.55,0.06818181818181818,0.3090909090909091,0.0,0.36363636363636365,0.43636363636363634,0.4318181818181818,0.0,0.0,0.0,0
0.7333333333333333,0.7333333333333333,0.5833333333333334,0.0,1.5,214.9716312056738,196.56028368794327,95.95035460992911,77.53900709219859,0.2144927536231884,0.35833333333333334,0.41333333333333333,0.55,0.06818181818181818,0.3090909090909091,0.0,0.36363636363636365,0.43636363636363634,0.4318181818181818,0.0,0.0,0.0,0
0.7333333333333333,0.7333333333333333,0.5833333333333334,0.0,1.5,214.9716312056738,196.56028368794327,95.95035460992911,77.53900709219859,0.2144927536231884,0.35833333333333334,0.41333333333333333,0.55,0.06818181818181818,0.3090909090909091,0.0,0.36363636363636365,0.43636363636363634,0.4318181818181818,0.0,0.0,0.0,0
0.7333333333333333,0.7333333333333333,0.375,0.0,4.0,215.92198581560285,191.07092198581563,68.92198581560285,44.07092198581563,0.19516908212560385,0.375,0.22666666666666666,0.38333333333333336,0.022727272727272728,0.5636363636363636,0.2840909090909091,0.3977272727272727,0.2545454545454545,0.0,0.0,0.0,0.0,0
0.7333333333333333,0.7333333333333333,0.375,0.0,4.0,215.92198581560285,191.07092198581563,68.92198581560285,44.07092198581563,0.19516908212560385,0.375,0.22666666666666666,0.38333333333333336,0.022727272727272728,0.5636363636363636,0.2840909090909091,0.3977272727272727,0.2545454545454545,0.0,0.0,0.0,0.0,0
0.7333333333333333,0.7333333333333333,0.375,0.0,4.0,215.92198581560285,191.07092198581563,68.92198581560285,44.07092198581563,0.19516908212560385,0.375,0.22666666666666666,0.38333333333333336,0.022727272727272728,0.5636363636363636,0.2840909090909091,0.3977272727272727,0.2545454545454545,0.0,0.0,0.0,0.0,0
0.8666666666666667,0.7333333333333333,0.0,0.0,1.0,169.22695035460993,184.43262411347519,50.50354609929077,65.70921985815603,0.24541062801932367,0.0,0.0,0.025,0.2159090909090909,0.2727272727272727,0.20454545454545456,0.13636363636363635,0.2,0.42045454545454547,0.35833333333333334,0.4266666666666667,0.3,1
0.8666666666666667,0.7333333333333333,0.0,0.0,1.0,169.22695035460993,184.43262411347519,50.50354609929077,65.70921985815603,0.24541062801932367,0.0,0.0,0.025,0.2159090909090909,0.2727272727272727,0.20454545454545456,0.13636363636363635,0.2,0.42045454545454547,0.35833333333333334,0.4266666666666667,0.3,1
0.8666666666666667,0.7333333333333333,0.0,0.0,1.0,169.22695035460993,184.43262411347519,50.50354609929077,65.70921985815603,0.24541062801932367,0.0,0.0,0.025,0.2159090909090909,0.2727272727272727,0.20454545454545456,0.13636363636363635,0.2,0.42045454545454547,0.35833333333333334,0.4266666666666667,0.3,1
0.7333333333333333,0.7,0.0,0.16666666666666666,2.0,245.19148936170214,160.77304964539007,100.95744680851064,16.539007092198574,0.14782608695652175,0.058333333333333334,0.09333333333333334,0.0,0.0,0.14545454545454545,0.125,0.045454545454545456,0.45454545454545453,0.23863636363636365,0.36666666666666664,0.10666666666666667,0.13333333333333333,0
0.7333333333333333,0.7,0.0,0.16666666666666666,2.0,245.19148936170214,160.77304964539007,100.95744680851064,16.539007092198574,0.14782608695652175,0.058333333333333334,0.09333333333333334,0.0,0.0,0.14545454545454545,0.125,0.045454545454545456,0.45454545454545453,0.23863636363636365,0.36666666666666664,0.10666666666666667,0.13333333333333333,0
0.7333333333333333,0.7,0.0,0.16666666666666666,2.0,245.19148936170214,160.77304964539007,100.95744680851064,16.539007092198574,0.14782608695652175,0.058333333333333334,0.09333333333333334,0.0,0.0,0.14545454545454545,0.125,0.045454545454545456,0.45454545454545453,0.23863636363636365,0.36666666666666664,0.10666666666666667,0.13333333333333333,0
0.7666666666666667,0.7333333333333333,0.0,0.0,2.0,172.01418439716312,244.07801418439718,25.609929078014176,97.67375886524823,0.19227053140096617,0.06666666666666667,0.02666666666666667,0.016666666666666666,0.09090909090909091,0.2,0.125,0.25,0.38181818181818183,0.2727272727272727,0.125,0.09333333333333334,0.16666666666666666,0
0.7666666666666667,0.7333333333333333,0.0,0.0,2.0,172.01418439716312,244.07801418439718,25.609929078014176,97.67375886524823,0.19227053140096617,0.06666666666666667,0.02666666666666667,0.016666666666666666,0.09090909090909091,0.2,0.125,0.25,0.38181818181818183,0.2727272727272727,0.125,0.09333333333333334,0.16666666666666666,0
0.7666666666666667,0.7333333333333333,0.0,0.0,2.0,172.01418439716312,244.07801418439718,25.609929078014176,97.67375886524823,0.19227053140096617,0.06666666666666667,0.02666666666666667,0.016666666666666666,0.09090909090909091,0.2,0.125,0.25,0.38181818181818183,0.2727272727272727,0.125,0.09333333333333334,0.16666666666666666,0
0.7666666666666667,0.7333333333333333,0.0,0.0,2.0,172.01418439716312,244.07801418439718,25.609929078014176,97.67375886524823,0.19227053140096617,0.06666666666666667,0.02666666666666667,0.016666666666666666,0.09090909090909091,0.2,0.125,0.25,0.38181818181818183,0.2727272727272727,0.125,0.09333333333333334,0.16666666666666666,0
1.032258064516129,1.032258064516129,0.0,0.0,4.0,222.2847222222222,128.99305555555557,109.63888888888887,16.347222222222243,0.28833333333333333,0.0,0.0,0.0,0.0,0.46153846153846156,0.4423076923076923,0.0,0.45,0.3958333333333333,0.04411764705882353,0.11764705882352941,0.08823529411764706,0
1.032258064516129,1.032258064516129,0.0,0.0,4.0,222.3472222222222,154.875,147.95138888888886,80.47916666666667,0.295,0.0,0.0,0.0,0.0,0.6153846153846154,0.4326923076923077,0.0,0.6,0.375,0.058823529411764705,0.11764705882352941,0.08823529411764706,0
1.032258064516129,1.032258064516129,0.0,0.0,4.0,222.3472222222222,154.875,147.95138888888886,80.47916666666667,0.295,0.0,0.0,0.0,0.0,0.6153846153846154,0.4326923076923077,0.0,0.6,0.375,0.058823529411764705,0.11764705882352941,0.08823529411764706,0
1.032258064516129,1.032258064516129,0.0,0.0,4.0,208.5347222222222,153.89583333333334,134.01388888888886,79.37500000000001,0.3016666666666667,0.0,0.0,0.0,0.0,0.6153846153846154,0.46153846153846156,0.0,0.6,0.3854166666666667,0.07352941176470588,0.11764705882352941,0.08823529411764706,0
1.032258064516129,1.032258064516129,0.0,0.0,4.0,208.5347222222222,153.89583333333334,134.01388888888886,79.37500000000001,0.3016666666666667,0.0,0.0,0.0,0.0,0.6153846153846154,0.46153846153846156,0.0,0.6,0.3854166666666667,0.07352941176470588,0.11764705882352941,0.08823529411764706,0
1.032258064516129,1.032258064516129,0.0,0.0,4.0,172.0625,178.29166666666666,77.27083333333333,83.49999999999999,0.31333333333333335,0.0,0.0,0.0,0.09615384615384616,0.6153846153846154,0.36538461538461536,0.09375,0.6,0.2916666666666667,0.08823529411764706,0.11764705882352941,0.08823529411764706,0
1.032258064516129,1.032258064516129,0.0,0.0,4.0,172.0625,178.29166666666666,77.27083333333333,83.49999999999999,0.31333333333333335,0.0,0.0,0.0,0.09615384615384616,0.6153846153846154,0.36538461538461536,0.09375,0.6,0.2916666666666667,0.08823529411764706,0.11764705882352941,0.08823529411764706,0
1.032258064516129,1.032258064516129,0.0,0.0,1.0,87.1875,135.66666666666666,-5.5,42.97916666666666,0.3616666666666667,0.0,0.0,0.0,0.28846153846153844,0.35384615384615387,0.38461538461538464,0.28125,0.3,0.3229166666666667,0.11764705882352941,0.11764705882352941,0.0661764705882353,0
1.032258064516129,1.032258064516129,0.0,0.0,1.0,87.1875,135.66666666666666,-5.5,42.97916666666666,0.3616666666666667,0.0,0.0,0.0,0.28846153846153844,0.35384615384615387,0.38461538461538464,0.28125,0.3,0.3229166666666667,0.11764705882352941,0.11764705882352941,0.0661764705882353,0
1.032258064516129,1.032258064516129,0.0,0.0,1.0,87.1875,135.66666666666666,-5.5,42.97916666666666,0.3616666666666667,0.0,0.0,0.0,0.28846153846153844,0.35384615384615387,0.38461538461538464,0.28125,0.3,0.3229166666666667,0.11764705882352941,0.11764705882352941,0.0661764705882353,0
0.8387096774193549,0.8064516129032258,0.3333333333333333,1.0,1.0,208.5277777777778,131.88194444444446,123.29861111111113,46.652777777777786,0.3,0.029411764705882353,0.07058823529411765,0.07352941176470588,0.25,0.2923076923076923,0.3557692307692308,0.0,0.21666666666666667,0.0,0.23529411764705882,0.24705882352941178,0.23529411764705882,0
0.8387096774193549,0.8064516129032258,0.3333333333333333,1.0,1.0,208.5277777777778,131.88194444444446,123.29861111111113,46.652777777777786,0.3,0.029411764705882353,0.07058823529411765,0.07352941176470588,0.25,0.2923076923076923,0.3557692307692308,0.0,0.21666666666666667,0.0,0.23529411764705882,0.24705882352941178,0.23529411764705882,0
0.8387096774193549,0.8064516129032258,0.3333333333333333,1.0,1.0,208.5277777777778,131.88194444444446,123.29861111111113,46.652777777777786,0.3,0.029411764705882353,0.07058823529411765,0.07352941176470588,0.25,0.2923076923076923,0.3557692307692308,0.0,0.21666666666666667,0.0,0.23529411764705882,0.24705882352941178,0.23529411764705882,0
0.8387096774193549,0.8064516129032258,0.3333333333333333,1.0,1.0,208.5277777777778,131.88194444444446,123.29861111111113,46.652777777777786,0.3,0.029411764705882353,0.07058823529411765,0.07352941176470588,0.25,0.2923076923076923,0.3557692307692308,0.0,0.21666666666666667,0.0,0.23529411764705882,0.24705882352941178,0.23529411764705882,0
0.7419354838709677,0.7096774193548387,0.0,0.8888888888888888,3.0,231.63194444444446,230.79166666666666,136.6957742316785,135.85549645390068,0.235,0.0,0.0,0.0,0.09821428571428571,0.2,0.08035714285714286,0.010416666666666666,0.5166666666666667,0.23958333333333334,0.04411764705882353,0.17647058823529413,0.19117647058823528,0
0.7419354838709677,0.7096774193548387,0.0,0.8888888888888888,3.0,231.63194444444446,230.79166666666666,136.6957742316785,135.85549645390068,0.235,0.0,0.0,0.0,0.09821428571428571,0.2,0.08035714285714286,0.010416666666666666,0.5166666666666667,0.23958333333333334,0.04411764705882353,0.17647058823529413,0.19117647058823528,0
0.7666666666666667,0.7333333333333333,0.0,0.8888888888888888,3.0,231.63194444444446,230.79166666666666,136.6957742316785,135.85549645390068,0.24,0.0,0.0,0.0,0.10576923076923077,0.2153846153846154,0.08653846153846154,0.0,0.5272727272727272,0.22727272727272727,0.04411764705882353,0.17647058823529413,0.19117647058823528,0
0.7419354838709677,0.7419354838709677,0.0,0.8888888888888888,3.0,231.63194444444446,230.79166666666666,136.6957742316785,135.85549645390068,0.24083333333333334,0.0,0.0,0.0,0.10576923076923077,0.2153846153846154,0.08653846153846154,0.0,0.5333333333333333,0.22916666666666666,0.04411764705882353,0.15294117647058825,0.18382352941176472,0
0.7741935483870968,0.7419354838709677,0.0,0.5833333333333334,2.0,164.33333333333334,173.44444444444446,49.97916666666667,59.090277777777786,0.25416666666666665,0.007352941176470588,0.03529411764705882,0.0661764705882353,0.49038461538461536,0.23076923076923078,0.28846153846153844,0.041666666666666664,0.2833333333333333,0.0,0.23529411764705882,0.2823529411764706,0.29411764705882354,0
0.7741935483870968,0.7419354838709677,0.0,0.5833333333333334,2.0,164.33333333333334,173.44444444444446,49.97916666666667,59.090277777777786,0.25416666666666665,0.007352941176470588,0.03529411764705882,0.0661764705882353,0.49038461538461536,0.23076923076923078,0.28846153846153844,0.041666666666666664,0.2833333333333333,0.0,0.23529411764705882,0.2823529411764706,0.29411764705882354,0
0.7741935483870968,0.7419354838709677,0.0,0.5833333333333334,2.0,164.33333333333334,173.44444444444446,49.97916666666667,59.090277777777786,0.25416666666666665,0.007352941176470588,0.03529411764705882,0.0661764705882353,0.49038461538461536,0.23076923076923078,0.28846153846153844,0.041666666666666664,0.2833333333333333,0.0,0.23529411764705882,0.2823529411764706,0.29411764705882354,0
0.7419354838709677,0.7096774193548387,0.3333333333333333,1.0,2.0,210.0605791962175,185.20833333333334,80.41474586288416,55.5625,0.2375,0.0,0.0,0.0,0.16346153846153846,0.4307692307692308,0.3557692307692308,0.08333333333333333,0.4166666666666667,0.0,0.29411764705882354,0.18823529411764706,0.0,0
0.7419354838709677,0.7096774193548387,0.3333333333333333,1.0,2.0,210.0605791962175,185.20833333333334,80.41474586288416,55.5625,0.2375,0.0,0.0,0.0,0.16346153846153846,0.4307692307692308,0.3557692307692308,0.08333333333333333,0.4166666666666667,0.0,0.29411764705882354,0.18823529411764706,0.0,0
0.7419354838709677,0.7096774193548387,0.3333333333333333,1.0,2.0,210.0605791962175,185.20833333333334,80.41474586288416,55.5625,0.2375,0.0,0.0,0.0,0.16346153846153846,0.4307692307692308,0.3557692307692308,0.08333333333333333,0.4166666666666667,0.0,0.29411764705882354,0.18823529411764706,0.0,0
0.7419354838709677,0.7419354838709677,0.0,0.5833333333333334,2.0,235.85416666666666,224.7777777777778,115.89583333333333,104.81944444444447,0.22666666666666666,0.0,0.0,0.0,0.0,0.15384615384615385,0.19230769230769232,0.16666666666666666,0.4,0.14583333333333334,0.04411764705882353,0.16470588235294117,0.3235294117647059,1
0.967741935483871,0.9032258064516129,0.0,0.5,1.0,206.30555555555554,191.3472222222222,91.51388888888887,76.55555555555553,0.27166666666666667,0.0,0.0,0.0,0.11538461538461539,0.3076923076923077,0.28846153846153844,0.34375,0.31666666666666665,0.0,0.17647058823529413,0.058823529411764705,0.058823529411764705,0
0.967741935483871,0.9032258064516129,0.0,0.5,1.0,206.30555555555554,191.3472222222222,91.51388888888887,76.55555555555553,0.27166666666666667,0.0,0.0,0.0,0.11538461538461539,0.3076923076923077,0.28846153846153844,0.34375,0.31666666666666665,0.0,0.17647058823529413,0.058823529411764705,0.058823529411764705,0
0.967741935483871,0.9032258064516129,0.0,0.5,1.0,206.30555555555554,191.3472222222222,91.51388888888887,76.55555555555553,0.27166666666666667,0.0,0.0,0.0,0.11538461538461539,0.3076923076923077,0.28846153846153844,0.34375,0.31666666666666665,0.0,0.17647058823529413,0.058823529411764705,0.058823529411764705,0
0.967741935483871,0.9032258064516129,0.0,0.5,1.0,206.30555555555554,191.3472222222222,91.51388888888887,76.55555555555553,0.27166666666666667,0.0,0.0,0.0,0.11538461538461539,0.3076923076923077,0.28846153846153844,0.34375,0.31666666666666665,0.0,0.17647058823529413,0.058823529411764705,0.058823529411764705,0
0.8387096774193549,0.7741935483870968,0.0,0.6666666666666666,1.0,178.93055555555554,166.6875,45.30555555555554,33.0625,0.26916666666666667,0.0,0.0,0.0,0.5384615384615384,0.23076923076923078,0.33653846153846156,0.052083333333333336,0.35,0.22916666666666666,0.058823529411764705,0.10588235294117647,0.22058823529411764,0
0.8387096774193549,0.7741935483870968,0.0,0.6666666666666666,1.0,178.93055555555554,166.6875,45.30555555555554,33.0625,0.26916666666666667,0.0,0.0,0.0,0.5384615384615384,0.23076923076923078,0.33653846153846156,0.052083333333333336,0.35,0.22916666666666666,0.058823529411764705,0.10588235294117647,0.22058823529411764,0
0.8387096774193549,0.7741935483870968,0.0,0.6666666666666666,1.0,178.93055555555554,166.6875,45.30555555555554,33.0625,0.26916666666666667,0.0,0.0,0.0,0.5384615384615384,0.23076923076923078,0.33653846153846156,0.052083333333333336,0.35,0.22916666666666666,0.058823529411764705,0.10588235294117647,0.22058823529411764,0
0.8387096774193549,0.7741935483870968,0.0,0.6666666666666666,1.0,178.93055555555554,166.6875,45.30555555555554,33.0625,0.26916666666666667,0.0,0.0,0.0,0.5384615384615384,0.23076923076923078,0.33653846153846156,0.052083333333333336,0.35,0.22916666666666666,0.058823529411764705,0.10588235294117647,0.22058823529411764,0
0.7419354838709677,0.7419354838709677,0.0,1.0,2.0,236.61111111111111,212.15277777777774,141.98611111111111,117.52777777777774,0.205,0.0,0.0,0.0,0.0,0.15384615384615385,0.019230769230769232,0.125,0.4166666666666667,0.2604166666666667,0.058823529411764705,0.15294117647058825,0.4264705882352941,0
0.7419354838709677,0.7419354838709677,0.0,1.0,2.0,236.61111111111111,212.15277777777774,141.98611111111111,117.52777777777774,0.205,0.0,0.0,0.0,0.0,0.15384615384615385,0.019230769230769232,0.125,0.4166666666666667,0.2604166666666667,0.058823529411764705,0.15294117647058825,0.4264705882352941,0
0.7419354838709677,0.7419354838709677,0.0,1.0,2.0,236.61111111111111,212.15277777777774,141.98611111111111,117.52777777777774,0.205,0.0,0.0,0.0,0.0,0.15384615384615385,0.019230769230769232,0.125,0.4166666666666667,0.2604166666666667,0.058823529411764705,0.15294117647058825,0.4264705882352941,0
0.7419354838709677,0.7419354838709677,0.0,1.0,2.0,236.61111111111111,212.15277777777774,141.98611111111111,117.52777777777774,0.205,0.0,0.0,0.0,0.0,0.15384615384615385,0.019230769230769232,0.125,0.4166666666666667,0.2604166666666667,0.058823529411764705,0.15294117647058825,0.4264705882352941,0
1.0,0.9354838709677419,0.16666666666666666,0.5,1.0,175.88194444444446,204.93055555555554,51.79861111111113,80.84722222222221,0.305,0.014705882352941176,0.0,0.0,0.125,0.35384615384615387,0.2980769230769231,0.21875,0.2833333333333333,0.2916666666666667,0.22058823529411764,0.15294117647058825,0.14705882352941177,0
1.0,0.9354838709677419,0.16666666666666666,0.5,1.0,175.88194444444446,204.93055555555554,51.79861111111113,80.84722222222221,0.305,0.014705882352941176,0.0,0.0,0.125,0.35384615384615387,0.2980769230769231,0.21875,0.2833333333333333,0.2916666666666667,0.22058823529411764,0.15294117647058825,0.14705882352941177,0
1.0,0.9354838709677419,0.16666666666666666,0.5,1.0,175.88194444444446,204.93055555555554,51.79861111111113,80.84722222222221,0.305,0.014705882352941176,0.0,0.0,0.125,0.35384615384615387,0.2980769230769231,0.21875,0.2833333333333333,0.2916666666666667,0.22058823529411764,0.15294117647058825,0.14705882352941177,0
0.967741935483871,0.9354838709677419,0.16666666666666666,0.0,1.0,168.6388888888889,201.72222222222226,71.65972222222224,104.74305555555559,0.2941666666666667,0.0,0.0,0.022058823529411766,0.27884615384615385,0.2923076923076923,0.23076923076923078,0.34375,0.3,0.125,0.16176470588235295,0.11764705882352941,0.10294117647058823,0
0.967741935483871,0.9354838709677419,0.16666666666666666,0.0,1.0,168.6388888888889,201.72222222222226,71.65972222222224,104.74305555555559,0.2941666666666667,0.0,0.0,0.022058823529411766,0.27884615384615385,0.2923076923076923,0.23076923076923078,0.34375,0.3,0.125,0.16176470588235295,0.11764705882352941,0.10294117647058823,0
0.967741935483871,0.9354838709677419,0.16666666666666666,0.0,1.0,168.6388888888889,201.72222222222226,71.65972222222224,104.74305555555559,0.2941666666666667,0.0,0.0,0.022058823529411766,0.27884615384615385,0.2923076923076923,0.23076923076923078,0.34375,0.3,0.125,0.16176470588235295,0.11764705882352941,0.10294117647058823,0
0.8064516129032258,0.7741935483870968,0.0,0.0,2.0,176.65972222222226,208.94444444444443,30.534722222222257,62.81944444444443,0.24833333333333332,0.0,0.0,0.04411764705882353,0.0,0.35384615384615387,0.34615384615384615,0.3229166666666667,0.25,0.13541666666666666,0.10294117647058823,0.058823529411764705,0.11764705882352941,0
0.8064516129032258,0.7741935483870968,0.0,0.0,2.0,176.65972222222226,208.94444444444443,30.534722222222257,62.81944444444443,0.24833333333333332,0.0,0.0,0.04411764705882353,0.0,0.35384615384615387,0.34615384615384615,0.3229166666666667,0.25,0.13541666666666666,0.10294117647058823,0.058823529411764705,0.11764705882352941,0
0.78125,0.75,0.0,0.0,2.0,176.65972222222226,208.94444444444443,30.534722222222257,62.81944444444443,0.24571428571428572,0.0,0.0,0.04411764705882353,0.0,0.35384615384615387,0.34615384615384615,0.3269230769230769,0.23076923076923078,0.14423076923076922,0.09558823529411764,0.058823529411764705,0.09558823529411764,0
0.7096774193548387,0.7419354838709677,0.0,0.8333333333333334,3.0,226.86805555555557,254.36805555555554,101.30555555555557,128.80555555555554,0.15916666666666668,0.0,0.0,0.0,0.17708333333333334,0.25,0.0,0.3173076923076923,0.5384615384615384,0.0,0.0661764705882353,0.15294117647058825,0.0,1
1.0,1.0,1.0,0.0,2.0,188.84027777777774,206.18055555555557,103.79861111111107,121.1388888888889,0.22916666666666666,0.33088235294117646,0.25882352941176473,0.375,0.0,0.38461538461538464,0.09615384615384616,0.3125,0.38333333333333336,0.14583333333333334,0.35294117647058826,0.2,0.0,0
1.0,1.0,1.0,0.0,2.0,188.84027777777774,206.18055555555557,103.79861111111107,121.1388888888889,0.22916666666666666,0.33088235294117646,0.25882352941176473,0.375,0.0,0.38461538461538464,0.09615384615384616,0.3125,0.38333333333333336,0.14583333333333334,0.35294117647058826,0.2,0.0,0
1.0,1.0,1.0,0.0,2.0,188.84027777777774,206.18055555555557,103.79861111111107,121.1388888888889,0.22916666666666666,0.33088235294117646,0.25882352941176473,0.375,0.0,0.38461538461538464,0.09615384615384616,0.3125,0.38333333333333336,0.14583333333333334,0.35294117647058826,0.2,0.0,0
0.8064516129032258,0.7741935483870968,1.0,0.0,1.5,227.0972222222222,233.31944444444443,131.07638888888886,137.2986111111111,0.15,0.13970588235294118,0.16470588235294117,0.2647058823529412,0.0,0.2923076923076923,0.0,0.0,0.13333333333333333,0.25,0.0,0.0,0.0,0
0.8064516129032258,0.7741935483870968,1.0,0.0,1.5,227.0972222222222,233.31944444444443,131.07638888888886,137.2986111111111,0.15,0.13970588235294118,0.16470588235294117,0.2647058823529412,0.0,0.2923076923076923,0.0,0.0,0.13333333333333333,0.25,0.0,0.0,0.0,0
0.8064516129032258,0.7741935483870968,1.0,0.0,1.5,227.0972222222222,233.31944444444443,131.07638888888886,137.2986111111111,0.15,0.13970588235294118,0.16470588235294117,0.2647058823529412,0.0,0.2923076923076923,0.0,0.0,0.13333333333333333,0.25,0.0,0.0,0.0,0
0.8064516129032258,0.7741935483870968,1.0,0.0,1.5,227.0972222222222,233.31944444444443,131.07638888888886,137.2986111111111,0.15,0.13970588235294118,0.16470588235294117,0.2647058823529412,0.0,0.2923076923076923,0.0,0.0,0.13333333333333333,0.25,0.0,0.0,0.0,0
0.8064516129032258,0.8064516129032258,1.0,0.0,2.0,224.8402777777778,223.5625,123.50694444444447,122.22916666666667,0.2075,0.14705882352941177,0.12941176470588237,0.3161764705882353,0.0,0.46153846153846156,0.0,0.0,0.13333333333333333,0.2708333333333333,0.0,0.0,0.0,0
0.8064516129032258,0.8064516129032258,1.0,0.0,2.0,224.8402777777778,223.5625,123.50694444444447,122.22916666666667,0.2075,0.14705882352941177,0.12941176470588237,0.3161764705882353,0.0,0.46153846153846156,0.0,0.0,0.13333333333333333,0.2708333333333333,0.0,0.0,0.0,0
0.8064516129032258,0.8064516129032258,1.0,0.0,2.0,224.8402777777778,223.5625,123.50694444444447,122.22916666666667,0.2075,0.14705882352941177,0.12941176470588237,0.3161764705882353,0.0,0.46153846153846156,0.0,0.0,0.13333333333333333,0.2708333333333333,0.0,0.0,0.0,0
0.8064516129032258,0.8064516129032258,1.0,0.0,2.0,224.8402777777778,223.5625,123.50694444444447,122.22916666666667,0.2075,0.14705882352941177,0.12941176470588237,0.3161764705882353,0.0,0.46153846153846156,0.0,0.0,0.13333333333333333,0.2708333333333333,0.0,0.0,0.0,0
1.032258064516129,1.032258064516129,0.5833333333333334,0.0,1.5,189.4236111111111,170.54166666666666,91.06944444444441,72.18749999999999,0.2791666666666667,0.5882352941176471,0.2235294117647059,0.4117647058823529,0.2980769230769231,0.38461538461538464,0.11538461538461539,0.0,0.25,0.25,0.0,0.0,0.0,0
1.032258064516129,1.032258064516129,0.5833333333333334,0.0,1.5,189.4236111111111,170.54166666666666,91.06944444444441,72.18749999999999,0.2791666666666667,0.5882352941176471,0.2235294117647059,0.4117647058823529,0.2980769230769231,0.38461538461538464,0.11538461538461539,0.0,0.25,0.25,0.0,0.0,0.0,0
1.032258064516129,1.032258064516129,0.5833333333333334,0.0,1.5,189.4236111111111,170.54166666666666,91.06944444444441,72.18749999999999,0.2791666666666667,0.5882352941176471,0.2235294117647059,0.4117647058823529,0.2980769230769231,0.38461538461538464,0.11538461538461539,0.0,0.25,0.25,0.0,0.0,0.0,0
0.967741935483871,0.7741935483870968,0.16666666666666666,0.0,1.0,137.17361111111111,150.0625,10.715277777777786,23.60416666666667,0.3525,0.10294117647058823,0.3176470588235294,0.33088235294117646,0.5961538461538461,0.2153846153846154,0.3173076923076923,0.2916666666666667,0.35,0.25,0.0,0.0,0.0,0
0.967741935483871,0.7741935483870968,0.16666666666666666,0.0,1.0,137.17361111111111,150.0625,10.715277777777786,23.60416666666667,0.3525,0.10294117647058823,0.3176470588235294,0.33088235294117646,0.5961538461538461,0.2153846153846154,0.3173076923076923,0.2916666666666667,0.35,0.25,0.0,0.0,0.0,0
0.967741935483871,0.7741935483870968,0.16666666666666666,0.0,1.0,137.17361111111111,150.0625,10.715277777777786,23.60416666666667,0.3525,0.10294117647058823,0.3176470588235294,0.33088235294117646,0.5961538461538461,0.2153846153846154,0.3173076923076923,0.2916666666666667,0.35,0.25,0.0,0.0,0.0,0
0.967741935483871,0.7741935483870968,0.16666666666666666,0.0,1.0,137.17361111111111,150.0625,10.715277777777786,23.60416666666667,0.3525,0.10294117647058823,0.3176470588235294,0.33088235294117646,0.5961538461538461,0.2153846153846154,0.3173076923076923,0.2916666666666667,0.35,0.25,0.0,0.0,0.0,0
0.8064516129032258,0.8064516129032258,0.6666666666666666,0.0,2.0,225.7847222222222,214.04861111111111,135.05555555555554,123.31944444444444,0.22083333333333333,0.18382352941176472,0.09411764705882353,0.3088235294117647,0.15384615384615385,0.35384615384615387,0.09615384615384616,0.0,0.15,0.10416666666666667,0.0,0.0,0.0,0
0.8064516129032258,0.8064516129032258,0.6666666666666666,0.0,2.0,225.7847222222222,214.04861111111111,135.05555555555554,123.31944444444444,0.22083333333333333,0.18382352941176472,0.09411764705882353,0.3088235294117647,0.15384615384615385,0.35384615384615387,0.09615384615384616,0.0,0.15,0.10416666666666667,0.0,0.0,0.0,0
0.8064516129032258,0.8064516129032258,0.6666666666666666,0.0,2.0,225.7847222222222,214.04861111111111,135.05555555555554,123.31944444444444,0.22083333333333333,0.18382352941176472,0.09411764705882353,0.3088235294117647,0.15384615384615385,0.35384615384615387,0.09615384615384616,0.0,0.15,0.10416666666666667,0.0,0.0,0.0,0
0.9354838709677419,0.8064516129032258,0.16666666666666666,0.5833333333333334,1.5,182.25,164.66666666666666,81.70833333333333,64.12499999999999,0.2625,0.36764705882352944,0.12941176470588237,0.19117647058823528,0.0,0.35384615384615387,0.3076923076923077,0.14583333333333334,0.31666666666666665,0.08333333333333333,0.21323529411764705,0.047058823529411764,0.0,0
0.9354838709677419,0.8064516129032258,0.16666666666666666,0.5833333333333334,1.5,182.25,164.66666666666666,81.70833333333333,64.12499999999999,0.2625,0.36764705882352944,0.12941176470588237,0.19117647058823528,0.0,0.35384615384615387,0.3076923076923077,0.14583333333333334,0.31666666666666665,0.08333333333333333,0.21323529411764705,0.047058823529411764,0.0,0
0.9354838709677419,0.8064516129032258,0.16666666666666666,0.5833333333333334,1.5,182.25,164.66666666666666,81.70833333333333,64.12499999999999,0.2625,0.36764705882352944,0.12941176470588237,0.19117647058823528,0.0,0.35384615384615387,0.3076923076923077,0.14583333333333334,0.31666666666666665,0.08333333333333333,0.21323529411764705,0.047058823529411764,0.0,0
0.9354838709677419,0.8064516129032258,0.16666666666666666,0.5833333333333334,1.5,182.25,164.66666666666666,81.70833333333333,64.12499999999999,0.2625,0.36764705882352944,0.12941176470588237,0.19117647058823528,0.0,0.35384615384615387,0.3076923076923077,0.14583333333333334,0.31666666666666665,0.08333333333333333,0.21323529411764705,0.047058823529411764,0.0,0
0.9354838709677419,0.8064516129032258,0.16666666666666666,0.5833333333333334,1.5,182.25,164.66666666666666,81.70833333333333,64.12499999999999,0.2625,0.36764705882352944,0.12941176470588237,0.19117647058823528,0.0,0.35384615384615387,0.3076923076923077,0.14583333333333334,0.31666666666666665,0.08333333333333333,0.21323529411764705,0.047058823529411764,0.0,0
0.9032258064516129,0.8709677419354839,0.25,0.0,2.0,174.06944444444446,165.01388888888889,49.44444444444446,40.388888888888886,0.3025,0.23529411764705882,0.1411764705882353,0.20588235294117646,0.4519230769230769,0.4461538461538462,0.3076923076923077,0.0,0.26666666666666666,0.17708333333333334,0.0,0.0,0.0,0
0.9032258064516129,0.8709677419354839,0.25,0.0,2.0,174.06944444444446,165.01388888888889,49.44444444444446,40.388888888888886,0.3025,0.23529411764705882,0.1411764705882353,0.20588235294117646,0.4519230769230769,0.4461538461538462,0.3076923076923077,0.0,0.26666666666666666,0.17708333333333334,0.0,0.0,0.0,0
0.9032258064516129,0.8709677419354839,0.25,0.0,2.0,174.06944444444446,165.01388888888889,49.44444444444446,40.388888888888886,0.3025,0.23529411764705882,0.1411764705882353,0.20588235294117646,0.4519230769230769,0.4461538461538462,0.3076923076923077,0.0,0.26666666666666666,0.17708333333333334,0.0,0.0,0.0,0
0.9032258064516129,0.9032258064516129,1.0,0.0,1.0,210.38194444444446,182.76388888888889,126.15277777777779,98.53472222222221,0.27,0.21323529411764705,0.27058823529411763,0.3602941176470588,0.1346153846153846,0.3230769230769231,0.10576923076923077,0.20833333333333334,0.31666666666666665,0.25,0.0,0.0,0.0,0
0.9032258064516129,0.9032258064516129,1.0,0.0,1.0,210.38194444444446,182.76388888888889,126.15277777777779,98.53472222222221,0.27,0.21323529411764705,0.27058823529411763,0.3602941176470588,0.1346153846153846,0.3230769230769231,0.10576923076923077,0.20833333333333334,0.31666666666666665,0.25,0.0,0.0,0.0,0
0.9032258064516129,0.9032258064516129,1.0,0.0,1.0,210.38194444444446,182.76388888888889,126.15277777777779,98.53472222222221,0.27,0.21323529411764705,0.27058823529411763,0.3602941176470588,0.1346153846153846,0.3230769230769231,0.10576923076923077,0.20833333333333334,0.31666666666666665,0.25,0.0,0.0,0.0,0
0.9032258064516129,0.9032258064516129,1.0,0.0,1.0,210.38194444444446,182.76388888888889,126.15277777777779,98.53472222222221,0.27,0.21323529411764705,0.27058823529411763,0.3602941176470588,0.1346153846153846,0.3230769230769231,0.10576923076923077,0.20833333333333334,0.31666666666666665,0.25,0.0,0.0,0.0,0
0.8709677419354839,0.7741935483870968,0.16666666666666666,0.0,2.0,211.34722222222226,176.65277777777774,67.40972222222226,32.71527777777774,0.24666666666666667,0.3161764705882353,0.2,0.2426470588235294,0.07692307692307693,0.35384615384615387,0.34615384615384615,0.25,0.26666666666666666,0.0,0.0,0.0,0.0,0
0.8709677419354839,0.7741935483870968,0.16666666666666666,0.0,2.0,211.34722222222226,176.65277777777774,67.40972222222226,32.71527777777774,0.24666666666666667,0.3161764705882353,0.2,0.2426470588235294,0.07692307692307693,0.35384615384615387,0.34615384615384615,0.25,0.26666666666666666,0.0,0.0,0.0,0.0,0
0.8709677419354839,0.7741935483870968,0.16666666666666666,0.0,2.0,211.34722222222226,176.65277777777774,67.40972222222226,32.71527777777774,0.24666666666666667,0.3161764705882353,0.2,0.2426470588235294,0.07692307692307693,0.35384615384615387,0.34615384615384615,0.25,0.26666666666666666,0.0,0.0,0.0,0.0,0
0.8064516129032258,0.8064516129032258,0.6666666666666666,0.0,2.0,226.47916666666666,254.375,106.31249999999999,134.20833333333331,0.15083333333333335,0.19852941176470587,0.10588235294117647,0.0,0.2980769230769231,0.4153846153846154,0.0,0.0,0.13333333333333333,0.0,0.0,0.0,0.0,1
1.0,0.972972972972973,0.16666666666666666,0.3333333333333333,2.0,206.05357142857144,163.95833333333334,113.30357142857144,71.20833333333334,0.31216931216931215,0.08552631578947369,0.09473684210526316,0.09210526315789473,0.21739130434782608,0.46956521739130436,0.34782608695652173,0.3125,0.5333333333333333,0.23958333333333334,0.05263157894736842,0.05263157894736842,0.05263157894736842,0
1.0,0.972972972972973,0.16666666666666666,0.3333333333333333,2.0,206.05357142857144,163.95833333333334,113.30357142857144,71.20833333333334,0.31216931216931215,0.08552631578947369,0.09473684210526316,0.09210526315789473,0.21739130434782608,0.46956521739130436,0.34782608695652173,0.3125,0.5333333333333333,0.23958333333333334,0.05263157894736842,0.05263157894736842,0.05263157894736842,0
1.0,0.972972972972973,0.16666666666666666,0.3333333333333333,2.0,206.05357142857144,163.95833333333334,113.30357142857144,71.20833333333334,0.31216931216931215,0.08552631578947369,0.09473684210526316,0.09210526315789473,0.21739130434782608,0.46956521739130436,0.34782608695652173,0.3125,0.5333333333333333,0.23958333333333334,0.05263157894736842,0.05263157894736842,0.05263157894736842,0
0.8918918918918919,0.8648648648648649,1.0,0.0,1.5,214.04166666666666,167.83333333333334,142.36309523809524,96.15476190476191,0.29894179894179895,0.125,0.42105263157894735,0.47368421052631576,0.21195652173913043,0.4608695652173913,0.22826086956521738,0.21875,0.35,0.2552083333333333,0.11842105263157894,0.17894736842105263,0.16447368421052633,0
0.8918918918918919,0.8648648648648649,1.0,0.0,1.5,214.04166666666666,167.83333333333334,142.36309523809524,96.15476190476191,0.29894179894179895,0.125,0.42105263157894735,0.47368421052631576,0.21195652173913043,0.4608695652173913,0.22826086956521738,0.21875,0.35,0.2552083333333333,0.11842105263157894,0.17894736842105263,0.16447368421052633,0
0.8918918918918919,0.8648648648648649,1.0,0.0,1.5,214.04166666666666,167.83333333333334,142.36309523809524,96.15476190476191,0.29894179894179895,0.125,0.42105263157894735,0.47368421052631576,0.21195652173913043,0.4608695652173913,0.22826086956521738,0.21875,0.35,0.2552083333333333,0.11842105263157894,0.17894736842105263,0.16447368421052633,0
0.8378378378378378,0.7837837837837838,0.08333333333333333,0.0,6.0,187.86309523809527,189.7380952380952,51.63095238095241,53.50595238095235,0.26322751322751325,0.4276315789473684,0.1368421052631579,0.18421052631578946,0.20108695652173914,0.40869565217391307,0.3532608695652174,0.2552083333333333,0.36666666666666664,0.08333333333333333,0.15789473684210525,0.14736842105263157,0.05921052631578947,0
0.8378378378378378,0.7837837837837838,0.08333333333333333,0.0,6.0,187.86309523809527,189.7380952380952,51.63095238095241,53.50595238095235,0.26322751322751325,0.4276315789473684,0.1368421052631579,0.18421052631578946,0.20108695652173914,0.40869565217391307,0.3532608695652174,0.2552083333333333,0.36666666666666664,0.08333333333333333,0.15789473684210525,0.14736842105263157,0.05921052631578947,0
0.8378378378378378,0.7837837837837838,0.08333333333333333,0.0,6.0,187.86309523809527,189.7380952380952,51.63095238095241,53.50595238095235,0.26322751322751325,0.4276315789473684,0.1368421052631579,0.18421052631578946,0.20108695652173914,0.40869565217391307,0.3532608695652174,0.2552083333333333,0.36666666666666664,0.08333333333333333,0.15789473684210525,0.14736842105263157,0.05921052631578947,0
0.8378378378378378,0.7837837837837838,0.08333333333333333,0.0,6.0,187.86309523809527,189.7380952380952,51.63095238095241,53.50595238095235,0.26322751322751325,0.4276315789473684,0.1368421052631579,0.18421052631578946,0.20108695652173914,0.40869565217391307,0.3532608695652174,0.2552083333333333,0.36666666666666664,0.08333333333333333,0.15789473684210525,0.14736842105263157,0.05921052631578947,0
0.8648648648648649,0.7027027027027027,0.0,0.16666666666666666,6.0,167.25,219.89880952380952,40.32142857142857,92.97023809523809,0.25,0.0,0.0,0.0,0.3423913043478261,0.2956521739130435,0.09782608695652174,0.328125,0.39166666666666666,0.11458333333333333,0.05263157894736842,0.05263157894736842,0.06578947368421052,0
0.8648648648648649,0.7027027027027027,0.0,0.16666666666666666,6.0,167.25,219.89880952380952,40.32142857142857,92.97023809523809,0.25,0.0,0.0,0.0,0.3423913043478261,0.2956521739130435,0.09782608695652174,0.328125,0.39166666666666666,0.11458333333333333,0.05263157894736842,0.05263157894736842,0.06578947368421052,0
0.8648648648648649,0.7027027027027027,0.0,0.16666666666666666,6.0,167.25,219.89880952380952,40.32142857142857,92.97023809523809,0.25,0.0,0.0,0.0,0.3423913043478261,0.2956521739130435,0.09782608695652174,0.328125,0.39166666666666666,0.11458333333333333,0.05263157894736842,0.05263157894736842,0.06578947368421052,0
0.7837837837837838,0.7027027027027027,0.0,0.2222222222222222,6.0,176.61904761904762,200.8869047619048,29.85119047619048,54.11904761904765,0.23941798941798942,0.0,0.0,0.0,0.043478260869565216,0.34782608695652173,0.2717391304347826,0.40625,0.44166666666666665,0.14583333333333334,0.09868421052631579,0.07368421052631578,0.21052631578947367,0
0.7567567567567568,0.7027027027027027,0.0,0.16666666666666666,4.5,181.2380952380952,198.89285714285714,39.470238095238074,57.125,0.2466931216931217,0.0,0.0,0.0,0.043478260869565216,0.4,0.266304347826087,0.4583333333333333,0.36666666666666664,0.16666666666666666,0.10526315789473684,0.06315789473684211,0.2565789473684211,0
0.7567567567567568,0.7027027027027027,0.0,0.16666666666666666,4.5,181.2380952380952,198.89285714285714,39.470238095238074,57.125,0.2466931216931217,0.0,0.0,0.0,0.043478260869565216,0.4,0.266304347826087,0.4583333333333333,0.36666666666666664,0.16666666666666666,0.10526315789473684,0.06315789473684211,0.2565789473684211,0
0.7567567567567568,0.7027027027027027,0.0,0.16666666666666666,4.5,181.2380952380952,198.89285714285714,39.470238095238074,57.125,0.2466931216931217,0.0,0.0,0.0,0.043478260869565216,0.4,0.266304347826087,0.4583333333333333,0.36666666666666664,0.16666666666666666,0.10526315789473684,0.06315789473684211,0.2565789473684211,0
0.8378378378378378,0.8378378378378378,0.0,0.9166666666666666,2.0,176.92261904761904,210.04166666666666,52.994047619047606,86.11309523809523,0.27645502645502645,0.0,0.0,0.0,0.2554347826086957,0.3652173913043478,0.23369565217391305,0.203125,0.4583333333333333,0.265625,0.3355263157894737,0.25263157894736843,0.13815789473684212,0
0.8378378378378378,0.8378378378378378,0.0,0.9166666666666666,2.0,176.92261904761904,210.04166666666666,52.994047619047606,86.11309523809523,0.27645502645502645,0.0,0.0,0.0,0.2554347826086957,0.3652173913043478,0.23369565217391305,0.203125,0.4583333333333333,0.265625,0.3355263157894737,0.25263157894736843,0.13815789473684212,0
0.8378378378378378,0.8378378378378378,0.0,0.9166666666666666,2.0,176.92261904761904,210.04166666666666,52.994047619047606,86.11309523809523,0.27645502645502645,0.0,0.0,0.0,0.2554347826086957,0.3652173913043478,0.23369565217391305,0.203125,0.4583333333333333,0.265625,0.3355263157894737,0.25263157894736843,0.13815789473684212,0
0.7837837837837838,0.7567567567567568,0.0,0.2916666666666667,4.5,169.05357142857144,216.67857142857142,43.357142857142875,90.98214285714285,0.23941798941798942,0.0,0.0,0.0,0.23369565217391305,0.21739130434782608,0.043478260869565216,0.3958333333333333,0.44166666666666665,0.18229166666666666,0.17105263157894737,0.2,0.20394736842105263,0
0.7837837837837838,0.7567567567567568,0.0,0.2916666666666667,4.5,169.05357142857144,216.67857142857142,43.357142857142875,90.98214285714285,0.23941798941798942,0.0,0.0,0.0,0.23369565217391305,0.21739130434782608,0.043478260869565216,0.3958333333333333,0.44166666666666665,0.18229166666666666,0.17105263157894737,0.2,0.20394736842105263,0
0.7837837837837838,0.7567567567567568,0.0,0.2916666666666667,4.5,169.05357142857144,216.67857142857142,43.357142857142875,90.98214285714285,0.23941798941798942,0.0,0.0,0.0,0.23369565217391305,0.21739130434782608,0.043478260869565216,0.3958333333333333,0.44166666666666665,0.18229166666666666,0.17105263157894737,0.2,0.20394736842105263,0
0.9473684210526315,0.8947368421052632,0.0,1.0,2.0,209.57627118644066,172.52542372881354,106.57627118644066,69.52542372881354,0.27223230490018147,0.19078947368421054,0.23157894736842105,0.14473684210526316,0.09375,0.425,0.3541666666666667,0.21354166666666666,0.525,0.19270833333333334,0.27631578947368424,0.3263157894736842,0.20394736842105263,0
0.9473684210526315,0.8947368421052632,0.0,1.0,2.0,209.57627118644066,172.52542372881354,106.57627118644066,69.52542372881354,0.27223230490018147,0.19078947368421054,0.23157894736842105,0.14473684210526316,0.09375,0.425,0.3541666666666667,0.21354166666666666,0.525,0.19270833333333334,0.27631578947368424,0.3263157894736842,0.20394736842105263,0
0.9473684210526315,0.8947368421052632,0.0,1.0,2.0,209.57627118644066,172.52542372881354,106.57627118644066,69.52542372881354,0.27223230490018147,0.19078947368421054,0.23157894736842105,0.14473684210526316,0.09375,0.425,0.3541666666666667,0.21354166666666666,0.525,0.19270833333333334,0.27631578947368424,0.3263157894736842,0.20394736842105263,0
0.7368421052631579,0.7105263157894737,0.0,0.5,2.0,213.6779661016949,184.30508474576268,57.169491525423695,27.796610169491487,0.20689655172413793,0.10526315789473684,0.010526315789473684,0.0,0.1875,0.24166666666666667,0.3177083333333333,0.24479166666666666,0.49166666666666664,0.08854166666666667,0.1513157894736842,0.06315789473684211,0.05263157894736842,0
0.7368421052631579,0.7105263157894737,0.0,0.5,2.0,213.6779661016949,184.30508474576268,57.169491525423695,27.796610169491487,0.20689655172413793,0.10526315789473684,0.010526315789473684,0.0,0.1875,0.24166666666666667,0.3177083333333333,0.24479166666666666,0.49166666666666664,0.08854166666666667,0.1513157894736842,0.06315789473684211,0.05263157894736842,0
0.7368421052631579,0.7105263157894737,0.0,0.5,2.0,213.6779661016949,184.30508474576268,57.169491525423695,27.796610169491487,0.20689655172413793,0.10526315789473684,0.010526315789473684,0.0,0.1875,0.24166666666666667,0.3177083333333333,0.24479166666666666,0.49166666666666664,0.08854166666666667,0.1513157894736842,0.06315789473684211,0.05263157894736842,0
0.7631578947368421,0.7105263157894737,0.0,0.5,2.0,214.9774011299435,174.89265536723164,80.55367231638417,40.468926553672304,0.2395644283121597,0.019736842105263157,0.16842105263157894,0.06578947368421052,0.07291666666666667,0.26666666666666666,0.2916666666666667,0.40625,0.5083333333333333,0.3072916666666667,0.11842105263157894,0.05263157894736842,0.05263157894736842,0
0.7631578947368421,0.7105263157894737,0.0,0.5,2.0,214.9774011299435,174.89265536723164,80.55367231638417,40.468926553672304,0.2395644283121597,0.019736842105263157,0.16842105263157894,0.06578947368421052,0.07291666666666667,0.26666666666666666,0.2916666666666667,0.40625,0.5083333333333333,0.3072916666666667,0.11842105263157894,0.05263157894736842,0.05263157894736842,0
0.7631578947368421,0.7105263157894737,0.0,0.5,2.0,214.9774011299435,174.89265536723164,80.55367231638417,40.468926553672304,0.2395644283121597,0.019736842105263157,0.16842105263157894,0.06578947368421052,0.07291666666666667,0.26666666666666666,0.2916666666666667,0.40625,0.5083333333333333,0.3072916666666667,0.11842105263157894,0.05263157894736842,0.05263157894736842,0
0.8157894736842105,0.7631578947368421,0.0,0.3333333333333333,2.0,211.90395480225985,195.70056497175142,64.58192090395477,48.37853107344634,0.20205686630369027,0.02631578947368421,0.0,0.0,0.14583333333333334,0.35833333333333334,0.2916666666666667,0.3020833333333333,0.43333333333333335,0.09895833333333333,0.05263157894736842,0.05263157894736842,0.05263157894736842,0
0.8157894736842105,0.7631578947368421,0.0,0.3333333333333333,2.0,211.90395480225985,195.70056497175142,64.58192090395477,48.37853107344634,0.20205686630369027,0.02631578947368421,0.0,0.0,0.14583333333333334,0.35833333333333334,0.2916666666666667,0.3020833333333333,0.43333333333333335,0.09895833333333333,0.05263157894736842,0.05263157894736842,0.05263157894736842,0
0.8157894736842105,0.7631578947368421,0.0,0.3333333333333333,2.0,211.90395480225985,195.70056497175142,64.58192090395477,48.37853107344634,0.20205686630369027,0.02631578947368421,0.0,0.0,0.14583333333333334,0.35833333333333334,0.2916666666666667,0.3020833333333333,0.43333333333333335,0.09895833333333333,0.05263157894736842,0.05263157894736842,0.05263157894736842,0
0.7368421052631579,0.7105263157894737,0.0,0.16666666666666666,4.0,211.89265536723164,180.17514124293783,57.90960451977401,26.192090395480193,0.2335148215366001,0.0,0.0,0.0,0.15625,0.275,0.2916666666666667,0.2760416666666667,0.525,0.2552083333333333,0.05263157894736842,0.05263157894736842,0.06578947368421052,1
0.7368421052631579,0.7105263157894737,0.0,0.16666666666666666,4.0,211.89265536723164,180.17514124293783,57.90960451977401,26.192090395480193,0.2335148215366001,0.0,0.0,0.0,0.15625,0.275,0.2916666666666667,0.2760416666666667,0.525,0.2552083333333333,0.05263157894736842,0.05263157894736842,0.06578947368421052,1
0.7368421052631579,0.7105263157894737,0.0,0.16666666666666666,4.0,211.89265536723164,180.17514124293783,57.90960451977401,26.192090395480193,0.2335148215366001,0.0,0.0,0.0,0.15625,0.275,0.2916666666666667,0.2760416666666667,0.525,0.2552083333333333,0.05263157894736842,0.05263157894736842,0.06578947368421052,1
0.7894736842105263,0.7105263157894737,0.16666666666666666,0.3333333333333333,2.0,209.1129943502825,189.7909604519774,57.45197740112994,38.12994350282486,0.22020568663036902,0.0,0.0,0.0,0.21875,0.30833333333333335,0.3802083333333333,0.296875,0.325,0.06770833333333333,0.05263157894736842,0.05263157894736842,0.05263157894736842,0
0.7894736842105263,0.7105263157894737,0.16666666666666666,0.3333333333333333,2.0,209.1129943502825,189.7909604519774,57.45197740112994,38.12994350282486,0.22020568663036902,0.0,0.0,0.0,0.21875,0.30833333333333335,0.3802083333333333,0.296875,0.325,0.06770833333333333,0.05263157894736842,0.05263157894736842,0.05263157894736842,0
0.7894736842105263,0.7105263157894737,0.16666666666666666,0.3333333333333333,2.0,209.1129943502825,189.7909604519774,57.45197740112994,38.12994350282486,0.22020568663036902,0.0,0.0,0.0,0.21875,0.30833333333333335,0.3802083333333333,0.296875,0.325,0.06770833333333333,0.05263157894736842,0.05263157894736842,0.05263157894736842,0
0.7894736842105263,0.7105263157894737,0.16666666666666666,0.3333333333333333,2.0,209.1129943502825,189.7909604519774,57.45197740112994,38.12994350282486,0.22020568663036902,0.0,0.0,0.0,0.21875,0.30833333333333335,0.3802083333333333,0.296875,0.325,0.06770833333333333,0.05263157894736842,0.05263157894736842,0.05263157894736842,0
0.8947368421052632,0.868421052631579,0.0,0.0,2.0,213.75141242937855,189.42937853107344,82.58192090395482,58.259887005649716,0.21173623714458562,0.0,0.0,0.0,0.17708333333333334,0.5,0.3697916666666667,0.2864583333333333,0.35833333333333334,0.0625,0.05263157894736842,0.05263157894736842,0.05263157894736842,0
0.8947368421052632,0.868421052631579,0.0,0.0,2.0,213.75141242937855,189.42937853107344,82.58192090395482,58.259887005649716,0.21173623714458562,0.0,0.0,0.0,0.17708333333333334,0.5,0.3697916666666667,0.2864583333333333,0.35833333333333334,0.0625,0.05263157894736842,0.05263157894736842,0.05263157894736842,0
0.8947368421052632,0.868421052631579,0.0,0.0,2.0,213.75141242937855,189.42937853107344,82.58192090395482,58.259887005649716,0.21173623714458562,0.0,0.0,0.0,0.17708333333333334,0.5,0.3697916666666667,0.2864583333333333,0.35833333333333334,0.0625,0.05263157894736842,0.05263157894736842,0.05263157894736842,0
0.7631578947368421,0.7368421052631579,0.0,0.5,2.0,214.82485875706212,195.72316384180792,89.70621468926551,70.60451977401131,0.22928009679370842,0.0,0.0,0.0,0.11458333333333333,0.2916666666666667,0.2916666666666667,0.2864583333333333,0.48333333333333334,0.09375,0.1513157894736842,0.05263157894736842,0.05263157894736842,0
0.7631578947368421,0.7368421052631579,0.0,0.5,2.0,214.82485875706212,195.72316384180792,89.70621468926551,70.60451977401131,0.22928009679370842,0.0,0.0,0.0,0.11458333333333333,0.2916666666666667,0.2916666666666667,0.2864583333333333,0.48333333333333334,0.09375,0.1513157894736842,0.05263157894736842,0.05263157894736842,0
0.7631578947368421,0.7368421052631579,0.0,0.5,2.0,214.82485875706212,195.72316384180792,89.70621468926551,70.60451977401131,0.22928009679370842,0.0,0.0,0.0,0.11458333333333333,0.2916666666666667,0.2916666666666667,0.2864583333333333,0.48333333333333334,0.09375,0.1513157894736842,0.05263157894736842,0.05263157894736842,0
0.8421052631578947,0.8157894736842105,0.0,0.5,2.0,185.3502824858757,179.03954802259886,53.689265536723155,47.37853107344631,0.21718088324258925,0.0,0.0,0.0,0.4322916666666667,0.3333333333333333,0.2864583333333333,0.15104166666666666,0.5083333333333333,0.2604166666666667,0.05263157894736842,0.05263157894736842,0.07236842105263158,0
0.8421052631578947,0.8157894736842105,0.0,0.5,2.0,185.3502824858757,179.03954802259886,53.689265536723155,47.37853107344631,0.21718088324258925,0.0,0.0,0.0,0.4322916666666667,0.3333333333333333,0.2864583333333333,0.15104166666666666,0.5083333333333333,0.2604166666666667,0.05263157894736842,0.05263157894736842,0.07236842105263158,0
0.8421052631578947,0.8157894736842105,0.0,0.5,2.0,185.3502824858757,179.03954802259886,53.689265536723155,47.37853107344631,0.21718088324258925,0.0,0.0,0.0,0.4322916666666667,0.3333333333333333,0.2864583333333333,0.15104166666666666,0.5083333333333333,0.2604166666666667,0.05263157894736842,0.05263157894736842,0.07236842105263158,0
1.0333333333333334,1.0333333333333334,0.19047619047619047,0.0,7.0,225.76595744680853,135.03546099290782,155.93617021276597,65.20567375886526,0.3207729468599034,0.0,0.0,0.0,0.0,0.7090909090909091,0.5227272727272727,0.0,0.6545454545454545,0.4772727272727273,0.03333333333333333,0.06666666666666667,0.025,0
1.0333333333333334,1.0333333333333334,0.19047619047619047,0.0,7.0,225.76595744680853,135.03546099290782,155.93617021276597,65.20567375886526,0.3207729468599034,0.0,0.0,0.0,0.0,0.7090909090909091,0.5227272727272727,0.0,0.6545454545454545,0.4772727272727273,0.03333333333333333,0.06666666666666667,0.025,0
1.0333333333333334,1.0333333333333334,0.19047619047619047,0.0,7.0,225.11347517730496,145.96453900709218,156.56028368794324,77.41134751773048,0.3294685990338164,0.0,0.0,0.0,0.0,0.8181818181818182,0.5113636363636364,0.0,0.7636363636363637,0.4431818181818182,0.041666666666666664,0.06666666666666667,0.016666666666666666,0
1.0333333333333334,1.0333333333333334,0.19047619047619047,0.0,7.0,225.11347517730496,145.96453900709218,156.56028368794324,77.41134751773048,0.3294685990338164,0.0,0.0,0.0,0.0,0.8181818181818182,0.5113636363636364,0.0,0.7636363636363637,0.4431818181818182,0.041666666666666664,0.06666666666666667,0.016666666666666666,0
1.0333333333333334,1.0333333333333334,0.19047619047619047,0.0,7.0,225.11347517730496,145.96453900709218,156.56028368794324,77.41134751773048,0.3294685990338164,0.0,0.0,0.0,0.0,0.8181818181818182,0.5113636363636364,0.0,0.7636363636363637,0.4431818181818182,0.041666666666666664,0.06666666666666667,0.016666666666666666,0
1.0333333333333334,1.0333333333333334,0.23809523809523808,0.0,7.0,193.0283687943262,158.1205673758865,109.21985815602834,74.31205673758863,0.3391304347826087,0.0,0.0,0.0,0.10227272727272728,0.7272727272727273,0.5,0.10227272727272728,0.7090909090909091,0.375,0.05,0.05333333333333334,0.016666666666666666,0
1.0333333333333334,1.0333333333333334,0.23809523809523808,0.0,7.0,193.0283687943262,158.1205673758865,109.21985815602834,74.31205673758863,0.3391304347826087,0.0,0.0,0.0,0.10227272727272728,0.7272727272727273,0.5,0.10227272727272728,0.7090909090909091,0.375,0.05,0.05333333333333334,0.016666666666666666,0
0.8,0.7333333333333333,0.0,0.0,3.0,153.90070921985816,144.27659574468086,17.666666666666657,8.042553191489361,0.28695652173913044,0.0,0.0,0.0,0.0,0.41818181818181815,0.2727272727272727,0.5340909090909091,0.38181818181818183,0.18181818181818182,0.35,0.09333333333333334,0.058333333333333334,0
0.8,0.7333333333333333,0.0,0.0,3.0,153.90070921985816,144.27659574468086,17.666666666666657,8.042553191489361,0.28695652173913044,0.0,0.0,0.0,0.0,0.41818181818181815,0.2727272727272727,0.5340909090909091,0.38181818181818183,0.18181818181818182,0.35,0.09333333333333334,0.058333333333333334,0
0.8,0.7333333333333333,0.0,0.0,3.0,153.90070921985816,144.27659574468086,17.666666666666657,8.042553191489361,0.28695652173913044,0.0,0.0,0.0,0.0,0.41818181818181815,0.2727272727272727,0.5340909090909091,0.38181818181818183,0.18181818181818182,0.35,0.09333333333333334,0.058333333333333334,0
0.8,0.7333333333333333,0.0,0.0,3.0,153.90070921985816,144.27659574468086,17.666666666666657,8.042553191489361,0.28695652173913044,0.0,0.0,0.0,0.0,0.41818181818181815,0.2727272727272727,0.5340909090909091,0.38181818181818183,0.18181818181818182,0.35,0.09333333333333334,0.058333333333333334,0
0.8333333333333334,0.7666666666666667,0.0,0.0,2.0,157.86524822695037,227.31205673758868,28.950354609929093,98.3971631205674,0.2560386473429952,0.0,0.0,0.0,0.2159090909090909,0.509090909090909,0.0,0.5,0.34545454545454546,0.0,0.24166666666666667,0.06666666666666667,0.03333333333333333,0
0.8333333333333334,0.7666666666666667,0.0,0.0,2.0,157.86524822695037,227.31205673758868,28.950354609929093,98.3971631205674,0.2560386473429952,0.0,0.0,0.0,0.2159090909090909,0.509090909090909,0.0,0.5,0.34545454545454546,0.0,0.24166666666666667,0.06666666666666667,0.03333333333333333,0
0.8333333333333334,0.7666666666666667,0.0,0.0,2.0,157.86524822695037,227.31205673758868,28.950354609929093,98.3971631205674,0.2560386473429952,0.0,0.0,0.0,0.2159090909090909,0.509090909090909,0.0,0.5,0.34545454545454546,0.0,0.24166666666666667,0.06666666666666667,0.03333333333333333,0
0.8333333333333334,0.7666666666666667,0.0,0.0,2.0,157.86524822695037,227.31205673758868,28.950354609929093,98.3971631205674,0.2560386473429952,0.0,0.0,0.0,0.2159090909090909,0.509090909090909,0.0,0.5,0.34545454545454546,0.0,0.24166666666666667,0.06666666666666667,0.03333333333333333,0
0.9,0.8333333333333334,0.0,1.0,1.0,203.81560283687944,129.85106382978722,114.56028368794327,40.595744680851055,0.29178743961352654,0.0,0.04,0.10833333333333334,0.07291666666666667,0.31666666666666665,0.40625,0.0125,0.32,0.15,0.3416666666666667,0.37333333333333335,0.2,0
0.9,0.8333333333333334,0.0,1.0,1.0,203.81560283687944,129.85106382978722,114.56028368794327,40.595744680851055,0.29178743961352654,0.0,0.04,0.10833333333333334,0.07291666666666667,0.31666666666666665,0.40625,0.0125,0.32,0.15,0.3416666666666667,0.37333333333333335,0.2,0
0.9,0.8666666666666667,0.0,1.0,1.0,203.81560283687944,129.85106382978722,114.56028368794327,40.595744680851055,0.3111111111111111,0.0,0.05333333333333334,0.13333333333333333,0.07954545454545454,0.34545454545454546,0.42045454545454547,0.056818181818181816,0.38181818181818183,0.20454545454545456,0.3333333333333333,0.30666666666666664,0.13333333333333333,0
0.9,0.8666666666666667,0.0,1.0,1.0,203.81560283687944,129.85106382978722,114.56028368794327,40.595744680851055,0.3111111111111111,0.0,0.05333333333333334,0.13333333333333333,0.07954545454545454,0.34545454545454546,0.42045454545454547,0.056818181818181816,0.38181818181818183,0.20454545454545456,0.3333333333333333,0.30666666666666664,0.13333333333333333,0
1.0333333333333334,0.9333333333333333,0.0,0.08333333333333333,3.5,203.1631205673759,180.177304964539,102.52482269503547,79.53900709219856,0.2821256038647343,0.0,0.0,0.0,0.09090909090909091,0.34545454545454546,0.3181818181818182,0.2159090909090909,0.43636363636363634,0.0,0.08333333333333333,0.09333333333333334,0.09166666666666666,0
1.0333333333333334,0.9333333333333333,0.0,0.08333333333333333,3.5,203.1631205673759,180.177304964539,102.52482269503547,79.53900709219856,0.2821256038647343,0.0,0.0,0.0,0.09090909090909091,0.34545454545454546,0.3181818181818182,0.2159090909090909,0.43636363636363634,0.0,0.08333333333333333,0.09333333333333334,0.09166666666666666,0
1.0333333333333334,0.9333333333333333,0.0,0.08333333333333333,3.5,203.1631205673759,180.177304964539,102.52482269503547,79.53900709219856,0.2821256038647343,0.0,0.0,0.0,0.09090909090909091,0.34545454545454546,0.3181818181818182,0.2159090909090909,0.43636363636363634,0.0,0.08333333333333333,0.09333333333333334,0.09166666666666666,0
1.0333333333333334,0.9333333333333333,0.0,0.0,2.5,203.1631205673759,180.177304964539,102.52482269503547,79.53900709219856,0.2599033816425121,0.0,0.0,0.0,0.08333333333333333,0.31666666666666665,0.2916666666666667,0.2125,0.48,0.0,0.11666666666666667,0.09333333333333334,0.09166666666666666,0
0.8666666666666667,0.8,1.0,0.0,2.0,194.94326241134752,188.51773049645388,109.04964539007092,102.62411347517728,0.26666666666666666,0.18333333333333332,0.4533333333333333,0.44166666666666665,0.045454545454545456,0.38181818181818183,0.0,0.23863636363636365,0.23636363636363636,0.0,0.11666666666666667,0.10666666666666667,0.125,0
0.8666666666666667,0.8,1.0,0.0,2.0,194.94326241134752,188.51773049645388,109.04964539007092,102.62411347517728,0.26666666666666666,0.18333333333333332,0.4533333333333333,0.44166666666666665,0.045454545454545456,0.38181818181818183,0.0,0.23863636363636365,0.23636363636363636,0.0,0.11666666666666667,0.10666666666666667,0.125,0
0.8666666666666667,0.8,1.0,0.0,2.0,194.94326241134752,188.51773049645388,109.04964539007092,102.62411347517728,0.26666666666666666,0.18333333333333332,0.4533333333333333,0.44166666666666665,0.045454545454545456,0.38181818181818183,0.0,0.23863636363636365,0.23636363636363636,0.0,0.11666666666666667,0.10666666666666667,0.125,0
0.8666666666666667,0.8,1.0,0.0,2.0,199.20567375886526,204.1985815602837,98.3758865248227,103.36879432624116,0.23091787439613526,0.26666666666666666,0.6533333333333333,0.4,0.0,0.4,0.0,0.2727272727272727,0.2545454545454545,0.0,0.13333333333333333,0.12,0.125,0
0.8666666666666667,0.8,1.0,0.0,2.0,199.20567375886526,204.1985815602837,98.3758865248227,103.36879432624116,0.23091787439613526,0.26666666666666666,0.6533333333333333,0.4,0.0,0.4,0.0,0.2727272727272727,0.2545454545454545,0.0,0.13333333333333333,0.12,0.125,0
0.8666666666666667,0.8,1.0,0.0,2.0,199.20567375886526,204.1985815602837,98.3758865248227,103.36879432624116,0.23091787439613526,0.26666666666666666,0.6533333333333333,0.4,0.0,0.4,0.0,0.2727272727272727,0.2545454545454545,0.0,0.13333333333333333,0.12,0.125,0
0.8,0.8,0.0,1.0,2.0,220.93617021276592,225.58865248226948,133.08510638297867,137.73758865248226,0.21835748792270532,0.18333333333333332,0.0,0.0,0.0,0.18181818181818182,0.056818181818181816,0.0,0.41818181818181815,0.13636363636363635,0.13333333333333333,0.22666666666666666,0.24166666666666667,0
0.8,0.8,0.0,1.0,2.0,220.93617021276592,225.58865248226948,133.08510638297867,137.73758865248226,0.21835748792270532,0.18333333333333332,0.0,0.0,0.0,0.18181818181818182,0.056818181818181816,0.0,0.41818181818181815,0.13636363636363635,0.13333333333333333,0.22666666666666666,0.24166666666666667,0
0.8,0.8,0.0,1.0,2.0,220.93617021276592,225.58865248226948,133.08510638297867,137.73758865248226,0.21835748792270532,0.18333333333333332,0.0,0.0,0.0,0.18181818181818182,0.056818181818181816,0.0,0.41818181818181815,0.13636363636363635,0.13333333333333333,0.22666666666666666,0.24166666666666667,0
1.0333333333333334,1.0333333333333334,1.0,0.25,2.0,195.7517730496454,210.23404255319147,142.9858156028369,157.46808510638294,0.2618357487922705,0.0,0.7066666666666667,0.525,0.08333333333333333,0.4666666666666667,0.08333333333333333,0.2625,0.48,0.1,0.39166666666666666,0.13333333333333333,0.11666666666666667,0
1.0333333333333334,1.0333333333333334,1.0,0.25,2.0,195.7517730496454,210.23404255319147,142.9858156028369,157.46808510638294,0.2647342995169082,0.0,0.6933333333333334,0.475,0.09090909090909091,0.4727272727272727,0.09090909090909091,0.29545454545454547,0.43636363636363634,0.09090909090909091,0.35833333333333334,0.13333333333333333,0.11666666666666667,0
1.0333333333333334,1.0333333333333334,1.0,0.25,2.0,195.7517730496454,210.23404255319147,142.9858156028369,157.46808510638294,0.2647342995169082,0.0,0.6933333333333334,0.475,0.09090909090909091,0.4727272727272727,0.09090909090909091,0.29545454545454547,0.43636363636363634,0.09090909090909091,0.35833333333333334,0.13333333333333333,0.11666666666666667,0
1.0333333333333334,1.0333333333333334,0.08333333333333333,0.5833333333333334,2.0,214.61702127659578,158.51063829787233,152.68085106382983,96.57446808510637,0.2570048309178744,0.2916666666666667,0.0,0.15,0.17045454545454544,0.4909090909090909,0.45454545454545453,0.17045454545454544,0.4727272727272727,0.3181818181818182,0.13333333333333333,0.17333333333333334,0.2,0
1.0333333333333334,1.0333333333333334,0.08333333333333333,0.5833333333333334,2.0,214.61702127659578,158.51063829787233,152.68085106382983,96.57446808510637,0.2570048309178744,0.2916666666666667,0.0,0.15,0.17045454545454544,0.4909090909090909,0.45454545454545453,0.17045454545454544,0.4727272727272727,0.3181818181818182,0.13333333333333333,0.17333333333333334,0.2,0
1.0333333333333334,1.0333333333333334,0.08333333333333333,0.5833333333333334,2.0,214.61702127659578,158.51063829787233,152.68085106382983,96.57446808510637,0.2570048309178744,0.2916666666666667,0.0,0.15,0.17045454545454544,0.4909090909090909,0.45454545454545453,0.17045454545454544,0.4727272727272727,0.3181818181818182,0.13333333333333333,0.17333333333333334,0.2,0
0.8666666666666667,0.8666666666666667,0.5833333333333334,0.16666666666666666,2.0,200.81560283687944,196.7163120567376,121.7517730496454,117.65248226950355,0.2927536231884058,0.11666666666666667,0.5466666666666666,0.275,0.10227272727272728,0.4,0.056818181818181816,0.13636363636363635,0.32727272727272727,0.14772727272727273,0.20833333333333334,0.22666666666666666,0.0,0
0.8666666666666667,0.8666666666666667,0.5833333333333334,0.16666666666666666,2.0,200.81560283687944,196.7163120567376,121.7517730496454,117.65248226950355,0.2927536231884058,0.11666666666666667,0.5466666666666666,0.275,0.10227272727272728,0.4,0.056818181818181816,0.13636363636363635,0.32727272727272727,0.14772727272727273,0.20833333333333334,0.22666666666666666,0.0,0
0.8666666666666667,0.8666666666666667,0.5833333333333334,0.16666666666666666,2.0,200.81560283687944,196.7163120567376,121.7517730496454,117.65248226950355,0.2927536231884058,0.11666666666666667,0.5466666666666666,0.275,0.10227272727272728,0.4,0.056818181818181816,0.13636363636363635,0.32727272727272727,0.14772727272727273,0.20833333333333334,0.22666666666666666,0.0,0
0.9333333333333333,0.9,0.0,0.16666666666666666,7.0,197.645390070922,171.66666666666666,63.98581560283688,38.007092198581546,0.2782608695652174,0.2916666666666667,0.0,0.075,0.375,0.4727272727272727,0.5340909090909091,0.3181818181818182,0.5272727272727272,0.19318181818181818,0.08333333333333333,0.12,0.075,1
0.9333333333333333,0.9,0.0,0.16666666666666666,7.0,197.645390070922,171.66666666666666,63.98581560283688,38.007092198581546,0.2782608695652174,0.2916666666666667,0.0,0.075,0.375,0.4727272727272727,0.5340909090909091,0.3181818181818182,0.5272727272727272,0.19318181818181818,0.08333333333333333,0.12,0.075,1
0.9333333333333333,0.9,0.0,0.16666666666666666,7.0,197.645390070922,171.66666666666666,63.98581560283688,38.007092198581546,0.2782608695652174,0.2916666666666667,0.0,0.075,0.375,0.4727272727272727,0.5340909090909091,0.3181818181818182,0.5272727272727272,0.19318181818181818,0.08333333333333333,0.12,0.075,1
0.9333333333333333,0.9,0.0,0.16666666666666666,7.0,197.645390070922,171.66666666666666,63.98581560283688,38.007092198581546,0.2782608695652174,0.2916666666666667,0.0,0.075,0.375,0.4727272727272727,0.5340909090909091,0.3181818181818182,0.5272727272727272,0.19318181818181818,0.08333333333333333,0.12,0.075,1
1.0333333333333334,0.9666666666666667,0.0,0.0,1.5,223.09929078014184,157.77304964539007,129.50354609929076,64.177304964539,0.2753623188405797,0.0,0.10666666666666667,0.15833333333333333,0.056818181818181816,0.32727272727272727,0.32954545454545453,0.0,0.3090909090909091,0.19318181818181818,0.06666666666666667,0.06666666666666667,0.075,0
1.0333333333333334,0.9666666666666667,0.0,0.0,1.5,223.09929078014184,157.77304964539007,129.50354609929076,64.177304964539,0.2753623188405797,0.0,0.10666666666666667,0.15833333333333333,0.056818181818181816,0.32727272727272727,0.32954545454545453,0.0,0.3090909090909091,0.19318181818181818,0.06666666666666667,0.06666666666666667,0.075,0
1.0333333333333334,0.9666666666666667,0.0,0.0,1.5,223.09929078014184,157.77304964539007,129.50354609929076,64.177304964539,0.2753623188405797,0.0,0.10666666666666667,0.15833333333333333,0.056818181818181816,0.32727272727272727,0.32954545454545453,0.0,0.3090909090909091,0.19318181818181818,0.06666666666666667,0.06666666666666667,0.075,0
1.0333333333333334,0.9666666666666667,0.0,0.0,1.5,223.09929078014184,157.77304964539007,129.50354609929076,64.177304964539,0.2753623188405797,0.0,0.10666666666666667,0.15833333333333333,0.056818181818181816,0.32727272727272727,0.32954545454545453,0.0,0.3090909090909091,0.19318181818181818,0.06666666666666667,0.06666666666666667,0.075,0
1.0333333333333334,0.9666666666666667,0.0,0.0,1.5,223.09929078014184,157.77304964539007,129.50354609929076,64.177304964539,0.2753623188405797,0.0,0.10666666666666667,0.15833333333333333,0.056818181818181816,0.32727272727272727,0.32954545454545453,0.0,0.3090909090909091,0.19318181818181818,0.06666666666666667,0.06666666666666667,0.075,0
1.0333333333333334,1.0333333333333334,1.0,0.3333333333333333,1.0,201.2482269503546,181.4113475177305,124.48226950354608,104.64539007092198,0.30434782608695654,0.05,0.49333333333333335,0.48333333333333334,0.125,0.2909090909090909,0.09090909090909091,0.18181818181818182,0.36363636363636365,0.25,0.075,0.05333333333333334,0.075,0
1.0333333333333334,1.0333333333333334,1.0,0.3333333333333333,1.0,201.2482269503546,181.4113475177305,124.48226950354608,104.64539007092198,0.30434782608695654,0.05,0.49333333333333335,0.48333333333333334,0.125,0.2909090909090909,0.09090909090909091,0.18181818181818182,0.36363636363636365,0.25,0.075,0.05333333333333334,0.075,0
1.0333333333333334,1.0333333333333334,1.0,0.3333333333333333,1.0,201.2482269503546,181.4113475177305,124.48226950354608,104.64539007092198,0.30434782608695654,0.05,0.49333333333333335,0.48333333333333334,0.125,0.2909090909090909,0.09090909090909091,0.18181818181818182,0.36363636363636365,0.25,0.075,0.05333333333333334,0.075,0
0.8666666666666667,0.8333333333333334,0.0,0.3611111111111111,6.5,193.3758865248227,170.645390070922,61.33333333333334,38.60283687943263,0.28405797101449276,0.2833333333333333,0.0,0.0,0.25,0.32727272727272727,0.4431818181818182,0.4090909090909091,0.5272727272727272,0.32954545454545453,0.06666666666666667,0.12,0.058333333333333334,0
0.8666666666666667,0.8333333333333334,0.0,0.3611111111111111,6.5,193.3758865248227,170.645390070922,61.33333333333334,38.60283687943263,0.28405797101449276,0.2833333333333333,0.0,0.0,0.25,0.32727272727272727,0.4431818181818182,0.4090909090909091,0.5272727272727272,0.32954545454545453,0.06666666666666667,0.12,0.058333333333333334,0
0.8666666666666667,0.8666666666666667,0.0,0.3611111111111111,6.0,193.3758865248227,170.645390070922,61.33333333333334,38.60283687943263,0.28405797101449276,0.2916666666666667,0.0,0.0,0.2,0.36,0.4875,0.375,0.48333333333333334,0.3020833333333333,0.06666666666666667,0.12,0.09166666666666666,0
0.8666666666666667,0.8666666666666667,0.0,0.3611111111111111,6.0,193.3758865248227,170.645390070922,61.33333333333334,38.60283687943263,0.28405797101449276,0.2916666666666667,0.0,0.0,0.2,0.36,0.4875,0.375,0.48333333333333334,0.3020833333333333,0.06666666666666667,0.12,0.09166666666666666,0
1.0333333333333334,1.0333333333333334,0.0,0.16666666666666666,2.0,225.3758865248227,227.04964539007094,118.71631205673759,120.39007092198582,0.26859903381642514,0.0,0.0,0.0,0.13636363636363635,0.34545454545454546,0.0,0.0,0.4,0.25,0.008333333333333333,0.0,0.10833333333333334,0
1.0333333333333334,1.0333333333333334,0.0,0.16666666666666666,2.0,224.56028368794327,228.6241134751773,90.53900709219857,94.6028368794326,0.2772946859903382,0.0,0.0,0.008333333333333333,0.07954545454545454,0.34545454545454546,0.045454545454545456,0.0,0.4,0.29545454545454547,0.0,0.0,0.15,0
1.0333333333333334,1.0333333333333334,0.0,0.16666666666666666,2.0,224.56028368794327,228.6241134751773,90.53900709219857,94.6028368794326,0.2772946859903382,0.0,0.0,0.008333333333333333,0.07954545454545454,0.34545454545454546,0.045454545454545456,0.0,0.4,0.29545454545454547,0.0,0.0,0.15,0
1.0333333333333334,1.0333333333333334,0.0,0.16666666666666666,2.0,224.56028368794327,228.6241134751773,90.53900709219857,94.6028368794326,0.2772946859903382,0.0,0.0,0.008333333333333333,0.07954545454545454,0.34545454545454546,0.045454545454545456,0.0,0.4,0.29545454545454547,0.0,0.0,0.15,0
1.0333333333333334,1.0333333333333334,0.8333333333333334,0.6666666666666666,1.0,204.45390070921985,149.89361702127658,163.26241134751774,108.70212765957446,0.3352657004830918,0.0,0.29333333333333333,0.5083333333333333,0.1,0.42,0.1375,0.5104166666666666,0.5833333333333334,0.4270833333333333,0.25,0.4666666666666667,0.35,0
1.0333333333333334,1.0333333333333334,0.8333333333333334,0.6666666666666666,1.0,204.45390070921985,149.89361702127658,163.26241134751774,108.70212765957446,0.3352657004830918,0.0,0.29333333333333333,0.5083333333333333,0.1,0.42,0.1375,0.5104166666666666,0.5833333333333334,0.4270833333333333,0.25,0.4666666666666667,0.35,0
1.0333333333333334,1.0333333333333334,0.6666666666666666,0.6666666666666666,2.0,204.45390070921985,149.89361702127658,163.26241134751774,108.70212765957446,0.3323671497584541,0.0,0.26666666666666666,0.4666666666666667,0.09090909090909091,0.4727272727272727,0.2159090909090909,0.4659090909090909,0.5454545454545454,0.3977272727272727,0.31666666666666665,0.48,0.31666666666666665,0
1.0333333333333334,1.0333333333333334,0.6666666666666666,0.6666666666666666,2.0,204.45390070921985,149.89361702127658,163.26241134751774,108.70212765957446,0.3323671497584541,0.0,0.26666666666666666,0.4666666666666667,0.09090909090909091,0.4727272727272727,0.2159090909090909,0.4659090909090909,0.5454545454545454,0.3977272727272727,0.31666666666666665,0.48,0.31666666666666665,0
1.0333333333333334,1.0333333333333334,1.0,0.0,1.0,195.4964539007092,209.63829787234042,100.47517730496453,114.61702127659574,0.242512077294686,0.13333333333333333,0.52,0.2916666666666667,0.14772727272727273,0.2909090909090909,0.09090909090909091,0.2840909090909091,0.32727272727272727,0.011363636363636364,0.23333333333333334,0.04,0.058333333333333334,0
1.0333333333333334,1.0333333333333334,1.0,0.0,1.0,195.4964539007092,209.63829787234042,100.47517730496453,114.61702127659574,0.242512077294686,0.13333333333333333,0.52,0.2916666666666667,0.14772727272727273,0.2909090909090909,0.09090909090909091,0.2840909090909091,0.32727272727272727,0.011363636363636364,0.23333333333333334,0.04,0.058333333333333334,0
1.0333333333333334,1.0333333333333334,1.0,0.0,1.0,195.4964539007092,209.63829787234042,100.47517730496453,114.61702127659574,0.242512077294686,0.13333333333333333,0.52,0.2916666666666667,0.14772727272727273,0.2909090909090909,0.09090909090909091,0.2840909090909091,0.32727272727272727,0.011363636363636364,0.23333333333333334,0.04,0.058333333333333334,0
0.9,0.8333333333333334,0.16666666666666666,0.16666666666666666,1.0,201.32624113475177,138.1205673758865,101.79432624113474,38.58865248226948,0.32657004830917874,0.041666666666666664,0.24,0.24166666666666667,0.07954545454545454,0.3090909090909091,0.375,0.18181818181818182,0.32727272727272727,0.18181818181818182,0.15833333333333333,0.2,0.225,0
0.9,0.8333333333333334,0.16666666666666666,0.16666666666666666,1.0,201.32624113475177,138.1205673758865,101.79432624113474,38.58865248226948,0.32657004830917874,0.041666666666666664,0.24,0.24166666666666667,0.07954545454545454,0.3090909090909091,0.375,0.18181818181818182,0.32727272727272727,0.18181818181818182,0.15833333333333333,0.2,0.225,0
0.9,0.8333333333333334,0.16666666666666666,0.16666666666666666,1.0,201.32624113475177,138.1205673758865,101.79432624113474,38.58865248226948,0.32657004830917874,0.041666666666666664,0.24,0.24166666666666667,0.07954545454545454,0.3090909090909091,0.375,0.18181818181818182,0.32727272727272727,0.18181818181818182,0.15833333333333333,0.2,0.225,0
0.9,0.8333333333333334,0.16666666666666666,0.16666666666666666,1.0,201.32624113475177,138.1205673758865,101.79432624113474,38.58865248226948,0.32657004830917874,0.041666666666666664,0.24,0.24166666666666667,0.07954545454545454,0.3090909090909091,0.375,0.18181818181818182,0.32727272727272727,0.18181818181818182,0.15833333333333333,0.2,0.225,0
0.9,0.8333333333333334,0.16666666666666666,0.16666666666666666,1.0,201.32624113475177,138.1205673758865,101.79432624113474,38.58865248226948,0.32657004830917874,0.041666666666666664,0.24,0.24166666666666667,0.07954545454545454,0.3090909090909091,0.375,0.18181818181818182,0.32727272727272727,0.18181818181818182,0.15833333333333333,0.2,0.225,0
1.0333333333333334,0.9666666666666667,0.0,0.16666666666666666,1.5,205.3404255319149,178.23404255319147,91.87234042553192,64.7659574468085,0.28792270531400965,0.10833333333333334,0.0,0.0,0.13636363636363635,0.3090909090909091,0.32954545454545453,0.18181818181818182,0.3090909090909091,0.0,0.23333333333333334,0.3466666666666667,0.125,0
1.0333333333333334,0.9666666666666667,0.0,0.16666666666666666,1.5,205.3404255319149,178.23404255319147,91.87234042553192,64.7659574468085,0.28792270531400965,0.10833333333333334,0.0,0.0,0.13636363636363635,0.3090909090909091,0.32954545454545453,0.18181818181818182,0.3090909090909091,0.0,0.23333333333333334,0.3466666666666667,0.125,0
1.0333333333333334,0.9666666666666667,0.0,0.16666666666666666,1.5,205.3404255319149,178.23404255319147,91.87234042553192,64.7659574468085,0.28792270531400965,0.10833333333333334,0.0,0.0,0.13636363636363635,0.3090909090909091,0.32954545454545453,0.18181818181818182,0.3090909090909091,0.0,0.23333333333333334,0.3466666666666667,0.125,0
1.0333333333333334,0.9666666666666667,0.0,0.16666666666666666,1.5,205.3404255319149,178.23404255319147,91.87234042553192,64.7659574468085,0.28792270531400965,0.10833333333333334,0.0,0.0,0.13636363636363635,0.3090909090909091,0.32954545454545453,0.18181818181818182,0.3090909090909091,0.0,0.23333333333333334,0.3466666666666667,0.125,0
0.9333333333333333,0.8333333333333334,0.0,0.0,1.0,192.3404255319149,169.20567375886526,65.27659574468085,42.14184397163122,0.263768115942029,0.275,0.0,0.075,0.0,0.32727272727272727,0.3068181818181818,0.20454545454545456,0.2727272727272727,0.0,0.06666666666666667,0.08,0.06666666666666667,0
0.9333333333333333,0.8333333333333334,0.0,0.0,1.0,192.3404255319149,169.20567375886526,65.27659574468085,42.14184397163122,0.263768115942029,0.275,0.0,0.075,0.0,0.32727272727272727,0.3068181818181818,0.20454545454545456,0.2727272727272727,0.0,0.06666666666666667,0.08,0.06666666666666667,0
0.9333333333333333,0.8333333333333334,0.0,0.0,1.0,192.3404255319149,169.20567375886526,65.27659574468085,42.14184397163122,0.263768115942029,0.275,0.0,0.075,0.0,0.32727272727272727,0.3068181818181818,0.20454545454545456,0.2727272727272727,0.0,0.06666666666666667,0.08,0.06666666666666667,0
0.9333333333333333,0.8333333333333334,0.0,0.0,1.0,192.3404255319149,169.20567375886526,65.27659574468085,42.14184397163122,0.263768115942029,0.275,0.0,0.075,0.0,0.32727272727272727,0.3068181818181818,0.20454545454545456,0.2727272727272727,0.0,0.06666666666666667,0.08,0.06666666666666667,0
1.0,0.8666666666666667,0.5,0.16666666666666666,1.0,229.9078014184397,157.39007092198582,138.6950354609929,66.17730496453902,0.23478260869565218,0.0,0.17333333333333334,0.21666666666666667,0.07954545454545454,0.41818181818181815,0.23863636363636365,0.0,0.2,0.2159090909090909,0.075,0.08,0.1,0
1.0,0.8666666666666667,0.5,0.16666666666666666,1.0,229.9078014184397,157.39007092198582,138.6950354609929,66.17730496453902,0.23478260869565218,0.0,0.17333333333333334,0.21666666666666667,0.07954545454545454,0.41818181818181815,0.23863636363636365,0.0,0.2,0.2159090909090909,0.075,0.08,0.1,0
1.0,0.8333333333333334,0.5,0.16666666666666666,1.0,229.9078014184397,157.39007092198582,138.6950354609929,66.17730496453902,0.23478260869565218,0.0,0.22666666666666666,0.25833333333333336,0.0875,0.4,0.175,0.0,0.18333333333333332,0.19791666666666666,0.075,0.08,0.11666666666666667,0
0.8333333333333334,0.8333333333333334,1.0,0.16666666666666666,2.0,199.0921985815603,194.21985815602838,87.36879432624114,82.49645390070923,0.27053140096618356,0.19166666666666668,0.5466666666666666,0.26666666666666666,0.09090909090909091,0.4727272727272727,0.09090909090909091,0.3977272727272727,0.32727272727272727,0.2159090909090909,0.03333333333333333,0.0,0.0,0
0.8333333333333334,0.8333333333333334,1.0,0.16666666666666666,2.0,199.0921985815603,194.21985815602838,87.36879432624114,82.49645390070923,0.27053140096618356,0.19166666666666668,0.5466666666666666,0.26666666666666666,0.09090909090909091,0.4727272727272727,0.09090909090909091,0.3977272727272727,0.32727272727272727,0.2159090909090909,0.03333333333333333,0.0,0.0,0
0.8333333333333334,0.8333333333333334,1.0,0.16666666666666666,2.0,199.0921985815603,194.21985815602838,87.36879432624114,82.49645390070923,0.27053140096618356,0.19166666666666668,0.5466666666666666,0.26666666666666666,0.09090909090909091,0.4727272727272727,0.09090909090909091,0.3977272727272727,0.32727272727272727,0.2159090909090909,0.03333333333333333,0.0,0.0,0
1.0,1.0,0.0,0.3333333333333333,2.0,224.43971631205673,225.42553191489358,126.97163120567376,127.95744680851061,0.23671497584541062,0.0,0.0,0.14166666666666666,0.13636363636363635,0.38181818181818183,0.17045454545454544,0.06818181818181818,0.38181818181818183,0.22727272727272727,0.008333333333333333,0.0,0.15833333333333333,0
1.0,1.0,0.0,0.3333333333333333,2.0,224.43971631205673,225.42553191489358,126.97163120567376,127.95744680851061,0.23671497584541062,0.0,0.0,0.14166666666666666,0.13636363636363635,0.38181818181818183,0.17045454545454544,0.06818181818181818,0.38181818181818183,0.22727272727272727,0.008333333333333333,0.0,0.15833333333333333,0
1.0,1.0,0.0,0.3333333333333333,2.0,224.43971631205673,225.42553191489358,126.97163120567376,127.95744680851061,0.23671497584541062,0.0,0.0,0.14166666666666666,0.13636363636363635,0.38181818181818183,0.17045454545454544,0.06818181818181818,0.38181818181818183,0.22727272727272727,0.008333333333333333,0.0,0.15833333333333333,0
1.0333333333333334,0.8,1.0,0.0,1.0,200.68794326241132,206.85106382978725,98.17730496453898,104.3404255319149,0.22028985507246376,0.09166666666666666,0.49333333333333335,0.26666666666666666,0.03409090909090909,0.18181818181818182,0.0,0.2159090909090909,0.32727272727272727,0.0,0.18333333333333332,0.08,0.05,1
1.0333333333333334,0.8,1.0,0.0,1.0,200.68794326241132,206.85106382978725,98.17730496453898,104.3404255319149,0.22028985507246376,0.09166666666666666,0.49333333333333335,0.26666666666666666,0.03409090909090909,0.18181818181818182,0.0,0.2159090909090909,0.32727272727272727,0.0,0.18333333333333332,0.08,0.05,1
1.0333333333333334,0.8,1.0,0.0,1.0,200.68794326241132,206.85106382978725,98.17730496453898,104.3404255319149,0.22028985507246376,0.09166666666666666,0.49333333333333335,0.26666666666666666,0.03409090909090909,0.18181818181818182,0.0,0.2159090909090909,0.32727272727272727,0.0,0.18333333333333332,0.08,0.05,1
1.0333333333333334,0.8,1.0,0.0,1.0,200.68794326241132,206.85106382978725,98.17730496453898,104.3404255319149,0.22028985507246376,0.09166666666666666,0.49333333333333335,0.26666666666666666,0.03409090909090909,0.18181818181818182,0.0,0.2159090909090909,0.32727272727272727,0.0,0.18333333333333332,0.08,0.05,1
1.0333333333333334,1.0333333333333334,0.8333333333333334,0.0,1.0,220.32624113475177,156.93617021276597,137.98581560283688,74.59574468085108,0.24347826086956523,0.19166666666666668,0.16,0.375,0.0,0.3090909090909091,0.125,0.0,0.2727272727272727,0.18181818181818182,0.11666666666666667,0.13333333333333333,0.125,0
1.0333333333333334,1.0333333333333334,0.8333333333333334,0.0,1.0,220.32624113475177,156.93617021276597,137.98581560283688,74.59574468085108,0.24347826086956523,0.19166666666666668,0.16,0.375,0.0,0.3090909090909091,0.125,0.0,0.2727272727272727,0.18181818181818182,0.11666666666666667,0.13333333333333333,0.125,0
1.0333333333333334,1.0333333333333334,0.8333333333333334,0.0,1.0,220.32624113475177,156.93617021276597,137.98581560283688,74.59574468085108,0.24347826086956523,0.19166666666666668,0.16,0.375,0.0,0.3090909090909091,0.125,0.0,0.2727272727272727,0.18181818181818182,0.11666666666666667,0.13333333333333333,0.125,0
1.0333333333333334,1.0333333333333334,0.8333333333333334,0.0,1.0,220.32624113475177,156.93617021276597,137.98581560283688,74.59574468085108,0.24347826086956523,0.19166666666666668,0.16,0.375,0.0,0.3090909090909091,0.125,0.0,0.2727272727272727,0.18181818181818182,0.11666666666666667,0.13333333333333333,0.125,0
1.0333333333333334,1.0333333333333334,0.3333333333333333,0.16666666666666666,1.0,207.58865248226948,182.78014184397162,127.29078014184395,102.48226950354609,0.2357487922705314,0.14166666666666666,0.04,0.14166666666666666,0.11363636363636363,0.32727272727272727,0.2840909090909091,0.18181818181818182,0.2727272727272727,0.0,0.13333333333333333,0.10666666666666667,0.075,0
1.0333333333333334,1.0333333333333334,0.3333333333333333,0.16666666666666666,1.0,207.58865248226948,182.78014184397162,127.29078014184395,102.48226950354609,0.2357487922705314,0.14166666666666666,0.04,0.14166666666666666,0.11363636363636363,0.32727272727272727,0.2840909090909091,0.18181818181818182,0.2727272727272727,0.0,0.13333333333333333,0.10666666666666667,0.075,0
1.0333333333333334,1.0333333333333334,0.3333333333333333,0.16666666666666666,1.0,207.58865248226948,182.78014184397162,127.29078014184395,102.48226950354609,0.2357487922705314,0.14166666666666666,0.04,0.14166666666666666,0.11363636363636363,0.32727272727272727,0.2840909090909091,0.18181818181818182,0.2727272727272727,0.0,0.13333333333333333,0.10666666666666667,0.075,0
1.0333333333333334,1.0333333333333334,0.3333333333333333,0.16666666666666666,1.0,207.58865248226948,182.78014184397162,127.29078014184395,102.48226950354609,0.2357487922705314,0.14166666666666666,0.04,0.14166666666666666,0.11363636363636363,0.32727272727272727,0.2840909090909091,0.18181818181818182,0.2727272727272727,0.0,0.13333333333333333,0.10666666666666667,0.075,0
0.8666666666666667,0.8333333333333334,1.0,0.0,1.0,205.8368794326241,184.09929078014184,124.90070921985814,103.16312056737588,0.2541062801932367,0.06666666666666667,0.4666666666666667,0.2916666666666667,0.022727272727272728,0.23636363636363636,0.0,0.18181818181818182,0.23636363636363636,0.1590909090909091,0.13333333333333333,0.3333333333333333,0.35833333333333334,0
0.8666666666666667,0.8333333333333334,1.0,0.0,1.0,205.8368794326241,184.09929078014184,124.90070921985814,103.16312056737588,0.2541062801932367,0.06666666666666667,0.4666666666666667,0.2916666666666667,0.022727272727272728,0.23636363636363636,0.0,0.18181818181818182,0.23636363636363636,0.1590909090909091,0.13333333333333333,0.3333333333333333,0.35833333333333334,0
0.8666666666666667,0.8333333333333334,1.0,0.0,1.0,205.8368794326241,184.09929078014184,124.90070921985814,103.16312056737588,0.2541062801932367,0.06666666666666667,0.4666666666666667,0.2916666666666667,0.022727272727272728,0.23636363636363636,0.0,0.18181818181818182,0.23636363636363636,0.1590909090909091,0.13333333333333333,0.3333333333333333,0.35833333333333334,0
0.8666666666666667,0.8333333333333334,1.0,0.0,1.0,205.8368794326241,184.09929078014184,124.90070921985814,103.16312056737588,0.2541062801932367,0.06666666666666667,0.4666666666666667,0.2916666666666667,0.022727272727272728,0.23636363636363636,0.0,0.18181818181818182,0.23636363636363636,0.1590909090909091,0.13333333333333333,0.3333333333333333,0.35833333333333334,0
0.9333333333333333,0.8333333333333334,0.16666666666666666,0.0,1.0,197.67375886524823,180.70921985815605,99.822695035461,82.85815602836881,0.2251207729468599,0.25,0.02666666666666667,0.15,0.0,0.34545454545454546,0.3181818181818182,0.125,0.12727272727272726,0.0,0.2833333333333333,0.10666666666666667,0.11666666666666667,0
0.9333333333333333,0.8333333333333334,0.16666666666666666,0.0,1.0,197.67375886524823,180.70921985815605,99.822695035461,82.85815602836881,0.2251207729468599,0.25,0.02666666666666667,0.15,0.0,0.34545454545454546,0.3181818181818182,0.125,0.12727272727272726,0.0,0.2833333333333333,0.10666666666666667,0.11666666666666667,0
0.9333333333333333,0.8333333333333334,0.16666666666666666,0.0,1.0,197.67375886524823,180.70921985815605,99.822695035461,82.85815602836881,0.2251207729468599,0.25,0.02666666666666667,0.15,0.0,0.34545454545454546,0.3181818181818182,0.125,0.12727272727272726,0.0,0.2833333333333333,0.10666666666666667,0.11666666666666667,0
0.9,0.8,0.0,0.0,2.0,183.73758865248226,168.9290780141844,55.50354609929076,40.6950354609929,0.24444444444444444,0.2916666666666667,0.0,0.058333333333333334,0.0,0.3333333333333333,0.3229166666666667,0.1875,0.22,0.0,0.06666666666666667,0.06666666666666667,0.05,1
0.9,0.8,0.0,0.0,2.0,183.73758865248226,168.9290780141844,55.50354609929076,40.6950354609929,0.24444444444444444,0.2916666666666667,0.0,0.058333333333333334,0.0,0.3333333333333333,0.3229166666666667,0.1875,0.22,0.0,0.06666666666666667,0.06666666666666667,0.05,1
0.9,0.8,0.0,0.0,2.0,183.73758865248226,168.9290780141844,55.50354609929076,40.6950354609929,0.24444444444444444,0.2916666666666667,0.0,0.058333333333333334,0.0,0.3333333333333333,0.3229166666666667,0.1875,0.22,0.0,0.06666666666666667,0.06666666666666667,0.05,1
0.8333333333333334,0.8,0.0,1.0,2.5,225.75886524822695,254.20567375886526,140.97163120567376,169.41843971631207,0.14106280193236714,0.0,0.0,0.0,0.10227272727272728,0.2727272727272727,0.0,0.0,0.509090909090909,0.0,0.05,0.21333333333333335,0.0,0
0.8333333333333334,0.8,0.0,1.0,2.5,225.75886524822695,254.20567375886526,140.97163120567376,169.41843971631207,0.14106280193236714,0.0,0.0,0.0,0.10227272727272728,0.2727272727272727,0.0,0.0,0.509090909090909,0.0,0.05,0.21333333333333335,0.0,0
0.8333333333333334,0.8,0.0,1.0,2.5,225.75886524822695,254.20567375886526,140.97163120567376,169.41843971631207,0.14106280193236714,0.0,0.0,0.0,0.10227272727272728,0.2727272727272727,0.0,0.0,0.509090909090909,0.0,0.05,0.21333333333333335,0.0,0
0.8333333333333334,0.8,0.0,1.0,2.5,225.75886524822695,254.20567375886526,140.97163120567376,169.41843971631207,0.14106280193236714,0.0,0.0,0.0,0.10227272727272728,0.2727272727272727,0.0,0.0,0.509090909090909,0.0,0.05,0.21333333333333335,0.0,0
1.032258064516129,1.0,0.0,0.0,5.0,228.5,139.58333333333334,149.4375,60.52083333333334,0.3166351606805293,0.0,0.0,0.0,0.0,0.6545454545454545,0.42045454545454547,0.0,0.6666666666666666,0.5520833333333334,0.008333333333333333,0.06666666666666667,0.06666666666666667,0
1.032258064516129,1.032258064516129,0.0,0.0,5.0,228.5,139.58333333333334,149.4375,60.52083333333334,0.3166351606805293,0.0,0.0,0.0,0.0,0.6545454545454545,0.42045454545454547,0.0,0.6666666666666666,0.5520833333333334,0.008333333333333333,0.06666666666666667,0.06666666666666667,0
1.032258064516129,1.032258064516129,0.0,0.0,5.0,227.38888888888889,154.08333333333334,149.34722222222223,76.04166666666667,0.32514177693761814,0.0,0.0,0.0,0.0,0.7636363636363637,0.4318181818181818,0.0,0.7666666666666667,0.5416666666666666,0.016666666666666666,0.06666666666666667,0.06666666666666667,0
1.032258064516129,1.032258064516129,0.0,0.0,5.0,227.38888888888889,154.08333333333334,149.34722222222223,76.04166666666667,0.32514177693761814,0.0,0.0,0.0,0.0,0.7636363636363637,0.4318181818181818,0.0,0.7666666666666667,0.5416666666666666,0.016666666666666666,0.06666666666666667,0.06666666666666667,0
1.032258064516129,1.032258064516129,0.0,0.0,5.0,227.38888888888889,154.08333333333334,149.34722222222223,76.04166666666667,0.32514177693761814,0.0,0.0,0.0,0.0,0.7636363636363637,0.4318181818181818,0.0,0.7666666666666667,0.5416666666666666,0.016666666666666666,0.06666666666666667,0.06666666666666667,0
1.032258064516129,1.032258064516129,0.0,0.0,5.0,195.1875,167.88888888888889,103.35416666666667,76.05555555555556,0.333648393194707,0.0,0.0,0.0,0.10227272727272728,0.6,0.4431818181818182,0.10416666666666667,0.7666666666666667,0.4479166666666667,0.025,0.06666666666666667,0.06666666666666667,0
1.032258064516129,1.032258064516129,0.0,0.0,1.5,82.97916666666667,129.7777777777778,-43.70833333333333,3.0902777777778,0.3960302457466919,0.0,0.0,0.0,0.4090909090909091,0.2909090909090909,0.4431818181818182,0.4166666666666667,0.45,0.4479166666666667,0.05,0.06666666666666667,0.06666666666666667,0
1.032258064516129,1.032258064516129,0.0,0.0,1.5,82.97916666666667,129.7777777777778,-43.70833333333333,3.0902777777778,0.3960302457466919,0.0,0.0,0.0,0.4090909090909091,0.2909090909090909,0.4431818181818182,0.4166666666666667,0.45,0.4479166666666667,0.05,0.06666666666666667,0.06666666666666667,0
1.032258064516129,1.032258064516129,0.0,0.0,1.5,82.97916666666667,129.7777777777778,-43.70833333333333,3.0902777777778,0.3960302457466919,0.0,0.0,0.0,0.4090909090909091,0.2909090909090909,0.4431818181818182,0.4166666666666667,0.45,0.4479166666666667,0.05,0.06666666666666667,0.06666666666666667,0
1.032258064516129,1.032258064516129,0.0,0.0,1.5,82.97916666666667,129.7777777777778,-43.70833333333333,3.0902777777778,0.3960302457466919,0.0,0.0,0.0,0.4090909090909091,0.2909090909090909,0.4431818181818182,0.4166666666666667,0.45,0.4479166666666667,0.05,0.06666666666666667,0.06666666666666667,0
1.032258064516129,0.7096774193548387,0.0,0.0,4.0,160.17361111111111,193.13888888888889,24.861111111111114,57.826388888888886,0.32041587901701324,0.0,0.0,0.0,0.4431818181818182,0.509090909090909,0.09090909090909091,0.4479166666666667,0.45,0.07291666666666667,0.06666666666666667,0.06666666666666667,0.08333333333333333,0
1.032258064516129,0.7096774193548387,0.0,0.0,4.0,160.17361111111111,193.13888888888889,24.861111111111114,57.826388888888886,0.32041587901701324,0.0,0.0,0.0,0.4431818181818182,0.509090909090909,0.09090909090909091,0.4479166666666667,0.45,0.07291666666666667,0.06666666666666667,0.06666666666666667,0.08333333333333333,0
1.032258064516129,0.7096774193548387,0.0,0.0,4.0,160.17361111111111,193.13888888888889,24.861111111111114,57.826388888888886,0.32041587901701324,0.0,0.0,0.0,0.4431818181818182,0.509090909090909,0.09090909090909091,0.4479166666666667,0.45,0.07291666666666667,0.06666666666666667,0.06666666666666667,0.08333333333333333,0
1.032258064516129,0.7096774193548387,0.0,0.0,4.0,160.17361111111111,193.13888888888889,24.861111111111114,57.826388888888886,0.32041587901701324,0.0,0.0,0.0,0.4431818181818182,0.509090909090909,0.09090909090909091,0.4479166666666667,0.45,0.07291666666666667,0.06666666666666667,0.06666666666666667,0.08333333333333333,0
0.8064516129032258,0.7096774193548387,0.0,0.2222222222222222,6.0,160.6527777777778,147.11805555555554,24.944444444444457,11.4097222222222,0.28733459357277885,0.0,0.0,0.0,0.0,0.32727272727272727,0.23863636363636365,0.4583333333333333,0.38333333333333336,0.19791666666666666,0.36666666666666664,0.09333333333333334,0.06666666666666667,0
0.8064516129032258,0.7096774193548387,0.0,0.2222222222222222,6.0,160.6527777777778,147.11805555555554,24.944444444444457,11.4097222222222,0.28733459357277885,0.0,0.0,0.0,0.0,0.32727272727272727,0.23863636363636365,0.4583333333333333,0.38333333333333336,0.19791666666666666,0.36666666666666664,0.09333333333333334,0.06666666666666667,0
0.8064516129032258,0.7096774193548387,0.0,0.2222222222222222,6.0,160.6527777777778,147.11805555555554,24.944444444444457,11.4097222222222,0.28733459357277885,0.0,0.0,0.0,0.0,0.32727272727272727,0.23863636363636365,0.4583333333333333,0.38333333333333336,0.19791666666666666,0.36666666666666664,0.09333333333333334,0.06666666666666667,0
0.8064516129032258,0.7096774193548387,0.0,0.2222222222222222,6.0,160.6527777777778,147.11805555555554,24.944444444444457,11.4097222222222,0.28733459357277885,0.0,0.0,0.0,0.0,0.32727272727272727,0.23863636363636365,0.4583333333333333,0.38333333333333336,0.19791666666666666,0.36666666666666664,0.09333333333333334,0.06666666666666667,0
0.8064516129032258,0.7096774193548387,0.0,0.0,7.0,158.63888888888889,223.18055555555554,25.78472222222223,90.32638888888889,0.2561436672967864,0.0,0.0,0.0,0.1590909090909091,0.45454545454545453,0.0,0.4583333333333333,0.38333333333333336,0.0,0.24166666666666667,0.06666666666666667,0.06666666666666667,0
0.8064516129032258,0.7096774193548387,0.0,0.0,7.0,158.63888888888889,223.18055555555554,25.78472222222223,90.32638888888889,0.2561436672967864,0.0,0.0,0.0,0.1590909090909091,0.45454545454545453,0.0,0.4583333333333333,0.38333333333333336,0.0,0.24166666666666667,0.06666666666666667,0.06666666666666667,0
0.8064516129032258,0.7096774193548387,0.0,0.0,7.0,158.63888888888889,223.18055555555554,25.78472222222223,90.32638888888889,0.2561436672967864,0.0,0.0,0.0,0.1590909090909091,0.45454545454545453,0.0,0.4583333333333333,0.38333333333333336,0.0,0.24166666666666667,0.06666666666666667,0.06666666666666667,0
0.8064516129032258,0.7096774193548387,0.0,0.0,7.0,158.63888888888889,223.18055555555554,25.78472222222223,90.32638888888889,0.2561436672967864,0.0,0.0,0.0,0.1590909090909091,0.45454545454545453,0.0,0.4583333333333333,0.38333333333333336,0.0,0.24166666666666667,0.06666666666666667,0.06666666666666667,0
1.032258064516129,1.032258064516129,1.0,1.0,2.0,209.17361111111111,153.56944444444443,159.19444444444446,103.59027777777777,0.31568998109640833,0.008333333333333333,0.4,0.4666666666666667,0.0,0.5272727272727272,0.17045454545454544,0.08333333333333333,0.43333333333333335,0.17708333333333334,0.35,0.38666666666666666,0.2833333333333333,0
1.032258064516129,1.032258064516129,1.0,1.0,2.0,209.17361111111111,153.56944444444443,159.19444444444446,103.59027777777777,0.31568998109640833,0.008333333333333333,0.4,0.4666666666666667,0.0,0.5272727272727272,0.17045454545454544,0.08333333333333333,0.43333333333333335,0.17708333333333334,0.35,0.38666666666666666,0.2833333333333333,0
1.032258064516129,1.032258064516129,1.0,1.0,2.0,209.17361111111111,153.56944444444443,159.19444444444446,103.59027777777777,0.31568998109640833,0.008333333333333333,0.4,0.4666666666666667,0.0,0.5272727272727272,0.17045454545454544,0.08333333333333333,0.43333333333333335,0.17708333333333334,0.35,0.38666666666666666,0.2833333333333333,0
1.032258064516129,1.032258064516129,1.0,0.16666666666666666,2.0,206.03472222222226,206.0277777777778,115.01388888888893,115.00694444444447,0.24669187145557656,0.13333333333333333,0.5733333333333334,0.25833333333333336,0.045454545454545456,0.45454545454545453,0.09090909090909091,0.17708333333333334,0.36666666666666664,0.0,0.15833333333333333,0.06666666666666667,0.06666666666666667,0
1.032258064516129,1.032258064516129,1.0,0.16666666666666666,2.0,206.03472222222226,206.0277777777778,115.01388888888893,115.00694444444447,0.24669187145557656,0.13333333333333333,0.5733333333333334,0.25833333333333336,0.045454545454545456,0.45454545454545453,0.09090909090909091,0.17708333333333334,0.36666666666666664,0.0,0.15833333333333333,0.06666666666666667,0.06666666666666667,0
1.032258064516129,1.032258064516129,1.0,0.16666666666666666,2.0,206.03472222222226,206.0277777777778,115.01388888888893,115.00694444444447,0.24669187145557656,0.13333333333333333,0.5733333333333334,0.25833333333333336,0.045454545454545456,0.45454545454545453,0.09090909090909091,0.17708333333333334,0.36666666666666664,0.0,0.15833333333333333,0.06666666666666667,0.06666666666666667,0
0.8709677419354839,0.8064516129032258,0.041666666666666664,0.0,3.5,205.77083333333334,157.75,86.47916666666667,38.45833333333333,0.27977315689981097,0.15833333333333333,0.09333333333333334,0.30833333333333335,0.045454545454545456,0.4,0.3977272727272727,0.08333333333333333,0.2,0.08333333333333333,0.13333333333333333,0.13333333333333333,0.13333333333333333,0
0.8709677419354839,0.8064516129032258,0.041666666666666664,0.0,3.5,205.77083333333334,157.75,86.47916666666667,38.45833333333333,0.27977315689981097,0.15833333333333333,0.09333333333333334,0.30833333333333335,0.045454545454545456,0.4,0.3977272727272727,0.08333333333333333,0.2,0.08333333333333333,0.13333333333333333,0.13333333333333333,0.13333333333333333,0
0.8709677419354839,0.8064516129032258,0.041666666666666664,0.0,3.5,205.77083333333334,157.75,86.47916666666667,38.45833333333333,0.27977315689981097,0.15833333333333333,0.09333333333333334,0.30833333333333335,0.045454545454545456,0.4,0.3977272727272727,0.08333333333333333,0.2,0.08333333333333333,0.13333333333333333,0.13333333333333333,0.13333333333333333,0
0.8709677419354839,0.8064516129032258,0.041666666666666664,0.0,3.5,205.77083333333334,157.75,86.47916666666667,38.45833333333333,0.27977315689981097,0.15833333333333333,0.09333333333333334,0.30833333333333335,0.045454545454545456,0.4,0.3977272727272727,0.08333333333333333,0.2,0.08333333333333333,0.13333333333333333,0.13333333333333333,0.13333333333333333,0
0.8709677419354839,0.8064516129032258,0.041666666666666664,0.0,3.5,205.77083333333334,157.75,86.47916666666667,38.45833333333333,0.27977315689981097,0.15833333333333333,0.09333333333333334,0.30833333333333335,0.045454545454545456,0.4,0.3977272727272727,0.08333333333333333,0.2,0.08333333333333333,0.13333333333333333,0.13333333333333333,0.13333333333333333,0
0.8709677419354839,0.8387096774193549,0.8333333333333334,0.0,1.0,201.94444444444443,171.07638888888889,106.9236111111111,76.05555555555556,0.2741020793950851,0.09166666666666666,0.13333333333333333,0.24166666666666667,0.09090909090909091,0.38181818181818183,0.22727272727272727,0.08333333333333333,0.16666666666666666,0.0,0.13333333333333333,0.13333333333333333,0.15833333333333333,0
0.8709677419354839,0.8387096774193549,0.8333333333333334,0.0,1.0,201.94444444444443,171.07638888888889,106.9236111111111,76.05555555555556,0.2741020793950851,0.09166666666666666,0.13333333333333333,0.24166666666666667,0.09090909090909091,0.38181818181818183,0.22727272727272727,0.08333333333333333,0.16666666666666666,0.0,0.13333333333333333,0.13333333333333333,0.15833333333333333,0
0.8709677419354839,0.8387096774193549,0.8333333333333334,0.0,1.0,201.94444444444443,171.07638888888889,106.9236111111111,76.05555555555556,0.2741020793950851,0.09166666666666666,0.13333333333333333,0.24166666666666667,0.09090909090909091,0.38181818181818183,0.22727272727272727,0.08333333333333333,0.16666666666666666,0.0,0.13333333333333333,0.13333333333333333,0.15833333333333333,0
0.8709677419354839,0.8387096774193549,0.8333333333333334,0.0,1.0,201.94444444444443,171.07638888888889,106.9236111111111,76.05555555555556,0.2741020793950851,0.09166666666666666,0.13333333333333333,0.24166666666666667,0.09090909090909091,0.38181818181818183,0.22727272727272727,0.08333333333333333,0.16666666666666666,0.0,0.13333333333333333,0.13333333333333333,0.15833333333333333,0
0.8709677419354839,0.8064516129032258,1.0,0.0,2.0,193.75,184.14583333333334,99.27083333333333,89.66666666666667,0.29300567107750475,0.18333333333333332,0.56,0.26666666666666666,0.022727272727272728,0.4,0.011363636363636364,0.16666666666666666,0.31666666666666665,0.16666666666666666,0.13333333333333333,0.13333333333333333,0.1,0
0.8709677419354839,0.8064516129032258,1.0,0.0,2.0,193.75,184.14583333333334,99.27083333333333,89.66666666666667,0.29300567107750475,0.18333333333333332,0.56,0.26666666666666666,0.022727272727272728,0.4,0.011363636363636364,0.16666666666666666,0.31666666666666665,0.16666666666666666,0.13333333333333333,0.13333333333333333,0.1,0
0.8709677419354839,0.8064516129032258,1.0,0.0,2.0,193.75,184.14583333333334,99.27083333333333,89.66666666666667,0.29300567107750475,0.18333333333333332,0.56,0.26666666666666666,0.022727272727272728,0.4,0.011363636363636364,0.16666666666666666,0.31666666666666665,0.16666666666666666,0.13333333333333333,0.13333333333333333,0.1,0
0.8709677419354839,0.8064516129032258,0.6666666666666666,0.0,1.0,198.99305555555554,172.375,99.80555555555554,73.1875,0.2599243856332703,0.175,0.12,0.325,0.0,0.36363636363636365,0.23863636363636365,0.16666666666666666,0.18333333333333332,0.0,0.11666666666666667,0.13333333333333333,0.13333333333333333,0
0.8709677419354839,0.8064516129032258,0.6666666666666666,0.0,1.0,198.99305555555554,172.375,99.80555555555554,73.1875,0.2599243856332703,0.175,0.12,0.325,0.0,0.36363636363636365,0.23863636363636365,0.16666666666666666,0.18333333333333332,0.0,0.11666666666666667,0.13333333333333333,0.13333333333333333,0
0.8709677419354839,0.8064516129032258,0.6666666666666666,0.0,1.0,198.99305555555554,172.375,99.80555555555554,73.1875,0.2599243856332703,0.175,0.12,0.325,0.0,0.36363636363636365,0.23863636363636365,0.16666666666666666,0.18333333333333332,0.0,0.11666666666666667,0.13333333333333333,0.13333333333333333,0
0.8709677419354839,0.8064516129032258,0.6666666666666666,0.0,1.0,198.99305555555554,172.375,99.80555555555554,73.1875,0.2599243856332703,0.175,0.12,0.325,0.0,0.36363636363636365,0.23863636363636365,0.16666666666666666,0.18333333333333332,0.0,0.11666666666666667,0.13333333333333333,0.13333333333333333,0
0.8709677419354839,0.8064516129032258,1.0,0.0,1.0,221.91666666666666,162.16666666666666,143.60416666666666,83.85416666666666,0.24102079395085066,0.10833333333333334,0.3466666666666667,0.475,0.10227272727272728,0.2545454545454545,0.045454545454545456,0.0,0.18333333333333332,0.16666666666666666,0.10833333333333334,0.16,0.10833333333333334,0
0.8709677419354839,0.8064516129032258,1.0,0.0,1.0,221.91666666666666,162.16666666666666,143.60416666666666,83.85416666666666,0.24102079395085066,0.10833333333333334,0.3466666666666667,0.475,0.10227272727272728,0.2545454545454545,0.045454545454545456,0.0,0.18333333333333332,0.16666666666666666,0.10833333333333334,0.16,0.10833333333333334,0
0.8709677419354839,0.8064516129032258,1.0,0.0,1.0,221.91666666666666,162.16666666666666,143.60416666666666,83.85416666666666,0.24102079395085066,0.10833333333333334,0.3466666666666667,0.475,0.10227272727272728,0.2545454545454545,0.045454545454545456,0.0,0.18333333333333332,0.16666666666666666,0.10833333333333334,0.16,0.10833333333333334,0
0.9032258064516129,0.8064516129032258,0.5,0.0,2.0,200.4027777777778,188.47916666666666,88.11111111111113,76.18749999999999,0.23629489603024575,0.20833333333333334,0.5066666666666667,0.26666666666666666,0.0,0.38181818181818183,0.0,0.16666666666666666,0.3,0.16666666666666666,0.10833333333333334,0.06666666666666667,0.08333333333333333,0
0.9032258064516129,0.8064516129032258,0.5,0.0,2.0,200.4027777777778,188.47916666666666,88.11111111111113,76.18749999999999,0.23629489603024575,0.20833333333333334,0.5066666666666667,0.26666666666666666,0.0,0.38181818181818183,0.0,0.16666666666666666,0.3,0.16666666666666666,0.10833333333333334,0.06666666666666667,0.08333333333333333,0
0.9032258064516129,0.8064516129032258,0.5,0.0,2.0,200.4027777777778,188.47916666666666,88.11111111111113,76.18749999999999,0.23629489603024575,0.20833333333333334,0.5066666666666667,0.26666666666666666,0.0,0.38181818181818183,0.0,0.16666666666666666,0.3,0.16666666666666666,0.10833333333333334,0.06666666666666667,0.08333333333333333,0
0.9032258064516129,0.8387096774193549,0.0,0.0,2.0,204.42361111111111,177.14583333333334,79.69444444444444,52.41666666666667,0.22967863894139887,0.15833333333333333,0.0,0.15833333333333333,0.0,0.4,0.3977272727272727,0.14583333333333334,0.23333333333333334,0.0,0.075,0.08,0.06666666666666667,0
0.9032258064516129,0.8387096774193549,0.0,0.0,2.0,204.42361111111111,177.14583333333334,79.69444444444444,52.41666666666667,0.22967863894139887,0.15833333333333333,0.0,0.15833333333333333,0.0,0.4,0.3977272727272727,0.14583333333333334,0.23333333333333334,0.0,0.075,0.08,0.06666666666666667,0
0.9032258064516129,0.8387096774193549,0.0,0.0,2.0,204.42361111111111,177.14583333333334,79.69444444444444,52.41666666666667,0.22967863894139887,0.15833333333333333,0.0,0.15833333333333333,0.0,0.4,0.3977272727272727,0.14583333333333334,0.23333333333333334,0.0,0.075,0.08,0.06666666666666667,0
0.9032258064516129,0.8387096774193549,0.0,0.0,2.0,204.42361111111111,177.14583333333334,79.69444444444444,52.41666666666667,0.22967863894139887,0.15833333333333333,0.0,0.15833333333333333,0.0,0.4,0.3977272727272727,0.14583333333333334,0.23333333333333334,0.0,0.075,0.08,0.06666666666666667,0
0.7741935483870968,0.7741935483870968,0.0,1.0,2.0,223.18055555555554,225.38888888888889,131.55555555555554,133.76388888888889,0.22022684310018903,0.008333333333333333,0.0,0.0,0.10227272727272728,0.09090909090909091,0.14772727272727273,0.0,0.38333333333333336,0.16666666666666666,0.06666666666666667,0.41333333333333333,0.43333333333333335,1
0.7741935483870968,0.7741935483870968,0.0,1.0,2.0,223.18055555555554,225.38888888888889,131.55555555555554,133.76388888888889,0.22022684310018903,0.008333333333333333,0.0,0.0,0.10227272727272728,0.09090909090909091,0.14772727272727273,0.0,0.38333333333333336,0.16666666666666666,0.06666666666666667,0.41333333333333333,0.43333333333333335,1
0.7741935483870968,0.7741935483870968,0.0,1.0,2.0,223.18055555555554,225.38888888888889,131.55555555555554,133.76388888888889,0.22022684310018903,0.008333333333333333,0.0,0.0,0.10227272727272728,0.09090909090909091,0.14772727272727273,0.0,0.38333333333333336,0.16666666666666666,0.06666666666666667,0.41333333333333333,0.43333333333333335,1
1.032258064516129,1.032258064516129,1.0,1.0,1.0,217.13194444444443,156.63888888888889,185.77777777777777,125.28472222222221,0.31001890359168244,0.0,0.4,0.525,0.056818181818181816,0.2,0.20454545454545456,0.1875,0.21666666666666667,0.1875,0.43333333333333335,0.38666666666666666,0.31666666666666665,0
1.032258064516129,1.032258064516129,1.0,1.0,1.0,217.13194444444443,156.63888888888889,185.77777777777777,125.28472222222221,0.31001890359168244,0.0,0.4,0.525,0.056818181818181816,0.2,0.20454545454545456,0.1875,0.21666666666666667,0.1875,0.43333333333333335,0.38666666666666666,0.31666666666666665,0
1.032258064516129,1.032258064516129,1.0,1.0,1.0,217.13194444444443,156.63888888888889,185.77777777777777,125.28472222222221,0.31001890359168244,0.0,0.4,0.525,0.056818181818181816,0.2,0.20454545454545456,0.1875,0.21666666666666667,0.1875,0.43333333333333335,0.38666666666666666,0.31666666666666665,0
1.032258064516129,1.032258064516129,1.0,1.0,1.0,217.13194444444443,156.63888888888889,185.77777777777777,125.28472222222221,0.31001890359168244,0.0,0.4,0.525,0.056818181818181816,0.2,0.20454545454545456,0.1875,0.21666666666666667,0.1875,0.43333333333333335,0.38666666666666666,0.31666666666666665,0
0.8709677419354839,0.8064516129032258,0.9166666666666666,0.0,2.0,220.38194444444443,152.23729314420805,137.88194444444443,69.73729314420805,0.28733459357277885,0.11666666666666667,0.5333333333333333,0.225,0.0,0.43636363636363634,0.18181818181818182,0.041666666666666664,0.3333333333333333,0.3854166666666667,0.06666666666666667,0.08,0.075,0
0.8709677419354839,0.8064516129032258,0.9166666666666666,0.0,2.0,220.38194444444443,152.23729314420805,137.88194444444443,69.73729314420805,0.28733459357277885,0.11666666666666667,0.5333333333333333,0.225,0.0,0.43636363636363634,0.18181818181818182,0.041666666666666664,0.3333333333333333,0.3854166666666667,0.06666666666666667,0.08,0.075,0
0.8709677419354839,0.8064516129032258,0.9166666666666666,0.0,2.0,220.38194444444443,152.23729314420805,137.88194444444443,69.73729314420805,0.28733459357277885,0.11666666666666667,0.5333333333333333,0.225,0.0,0.43636363636363634,0.18181818181818182,0.041666666666666664,0.3333333333333333,0.3854166666666667,0.06666666666666667,0.08,0.075,0
0.8709677419354839,0.8064516129032258,0.9166666666666666,0.0,2.0,220.38194444444443,152.23729314420805,137.88194444444443,69.73729314420805,0.28733459357277885,0.11666666666666667,0.5333333333333333,0.225,0.0,0.43636363636363634,0.18181818181818182,0.041666666666666664,0.3333333333333333,0.3854166666666667,0.06666666666666667,0.08,0.075,0
0.8709677419354839,0.8064516129032258,0.9166666666666666,0.0,2.0,220.38194444444443,152.23729314420805,137.88194444444443,69.73729314420805,0.28733459357277885,0.11666666666666667,0.5333333333333333,0.225,0.0,0.43636363636363634,0.18181818181818182,0.041666666666666664,0.3333333333333333,0.3854166666666667,0.06666666666666667,0.08,0.075,0
0.8709677419354839,0.8387096774193549,1.0,0.0,1.0,201.2222222222222,179.60416666666666,128.99305555555554,107.37499999999999,0.276937618147448,0.1,0.49333333333333335,0.43333333333333335,0.06818181818181818,0.2727272727272727,0.09090909090909091,0.23958333333333334,0.31666666666666665,0.1875,0.06666666666666667,0.06666666666666667,0.06666666666666667,0
0.8709677419354839,0.8387096774193549,1.0,0.0,1.0,201.2222222222222,179.60416666666666,128.99305555555554,107.37499999999999,0.276937618147448,0.1,0.49333333333333335,0.43333333333333335,0.06818181818181818,0.2727272727272727,0.09090909090909091,0.23958333333333334,0.31666666666666665,0.1875,0.06666666666666667,0.06666666666666667,0.06666666666666667,0
0.8709677419354839,0.8387096774193549,1.0,0.0,1.0,201.2222222222222,179.60416666666666,128.99305555555554,107.37499999999999,0.276937618147448,0.1,0.49333333333333335,0.43333333333333335,0.06818181818181818,0.2727272727272727,0.09090909090909091,0.23958333333333334,0.31666666666666665,0.1875,0.06666666666666667,0.06666666666666667,0.06666666666666667,0
0.8709677419354839,0.8387096774193549,1.0,0.0,1.0,201.2222222222222,179.60416666666666,128.99305555555554,107.37499999999999,0.276937618147448,0.1,0.49333333333333335,0.43333333333333335,0.06818181818181818,0.2727272727272727,0.09090909090909091,0.23958333333333334,0.31666666666666665,0.1875,0.06666666666666667,0.06666666666666667,0.06666666666666667,0
0.8709677419354839,0.8387096774193549,0.6666666666666666,0.0,1.0,199.36805555555554,203.77083333333334,87.22222222222221,91.62500000000001,0.2060491493383743,0.20833333333333334,0.5733333333333334,0.525,0.045454545454545456,0.2545454545454545,0.07954545454545454,0.14583333333333334,0.16666666666666666,0.0,0.06666666666666667,0.06666666666666667,0.06666666666666667,0
0.8709677419354839,0.8387096774193549,0.6666666666666666,0.0,1.0,199.36805555555554,203.77083333333334,87.22222222222221,91.62500000000001,0.2060491493383743,0.20833333333333334,0.5733333333333334,0.525,0.045454545454545456,0.2545454545454545,0.07954545454545454,0.14583333333333334,0.16666666666666666,0.0,0.06666666666666667,0.06666666666666667,0.06666666666666667,0
0.8709677419354839,0.8387096774193549,0.6666666666666666,0.0,1.0,199.36805555555554,203.77083333333334,87.22222222222221,91.62500000000001,0.2060491493383743,0.20833333333333334,0.5733333333333334,0.525,0.045454545454545456,0.2545454545454545,0.07954545454545454,0.14583333333333334,0.16666666666666666,0.0,0.06666666666666667,0.06666666666666667,0.06666666666666667,0
0.8709677419354839,0.8387096774193549,0.6666666666666666,0.0,1.0,199.36805555555554,203.77083333333334,87.22222222222221,91.62500000000001,0.2060491493383743,0.20833333333333334,0.5733333333333334,0.525,0.045454545454545456,0.2545454545454545,0.07954545454545454,0.14583333333333334,0.16666666666666666,0.0,0.06666666666666667,0.06666666666666667,0.06666666666666667,0
0.9354838709677419,0.8709677419354839,0.5833333333333334,0.0,2.0,222.72222222222226,176.86111111111111,135.1388888888889,89.27777777777779,0.22967863894139887,0.23333333333333334,0.36,0.5333333333333333,0.03409090909090909,0.43636363636363634,0.09090909090909091,0.0,0.23333333333333334,0.14583333333333334,0.06666666666666667,0.06666666666666667,0.06666666666666667,0
0.9354838709677419,0.8709677419354839,0.5833333333333334,0.0,2.0,222.72222222222226,176.86111111111111,135.1388888888889,89.27777777777779,0.22967863894139887,0.23333333333333334,0.36,0.5333333333333333,0.03409090909090909,0.43636363636363634,0.09090909090909091,0.0,0.23333333333333334,0.14583333333333334,0.06666666666666667,0.06666666666666667,0.06666666666666667,0
0.9354838709677419,0.8709677419354839,0.5833333333333334,0.0,2.0,222.72222222222226,176.86111111111111,135.1388888888889,89.27777777777779,0.22967863894139887,0.23333333333333334,0.36,0.5333333333333333,0.03409090909090909,0.43636363636363634,0.09090909090909091,0.0,0.23333333333333334,0.14583333333333334,0.06666666666666667,0.06666666666666667,0.06666666666666667,0
0.9354838709677419,0.8709677419354839,0.5833333333333334,0.0,2.0,222.72222222222226,176.86111111111111,135.1388888888889,89.27777777777779,0.22967863894139887,0.23333333333333334,0.36,0.5333333333333333,0.03409090909090909,0.43636363636363634,0.09090909090909091,0.0,0.23333333333333334,0.14583333333333334,0.06666666666666667,0.06666666666666667,0.06666666666666667,0
0.9032258064516129,0.8387096774193549,1.0,0.0,1.0,200.75,182.92361111111111,136.16666666666669,118.34027777777779,0.2637051039697543,0.25,0.41333333333333333,0.2833333333333333,0.056818181818181816,0.2545454545454545,0.09090909090909091,0.10416666666666667,0.21666666666666667,0.16666666666666666,0.06666666666666667,0.06666666666666667,0.06666666666666667,0
0.9032258064516129,0.8387096774193549,1.0,0.0,1.0,200.75,182.92361111111111,136.16666666666669,118.34027777777779,0.2637051039697543,0.25,0.41333333333333333,0.2833333333333333,0.056818181818181816,0.2545454545454545,0.09090909090909091,0.10416666666666667,0.21666666666666667,0.16666666666666666,0.06666666666666667,0.06666666666666667,0.06666666666666667,0
0.9032258064516129,0.8387096774193549,1.0,0.0,1.0,200.75,182.92361111111111,136.16666666666669,118.34027777777779,0.2637051039697543,0.25,0.41333333333333333,0.2833333333333333,0.056818181818181816,0.2545454545454545,0.09090909090909091,0.10416666666666667,0.21666666666666667,0.16666666666666666,0.06666666666666667,0.06666666666666667,0.06666666666666667,0
0.9032258064516129,0.8387096774193549,1.0,0.0,1.0,200.75,182.92361111111111,136.16666666666669,118.34027777777779,0.2637051039697543,0.25,0.41333333333333333,0.2833333333333333,0.056818181818181816,0.2545454545454545,0.09090909090909091,0.10416666666666667,0.21666666666666667,0.16666666666666666,0.06666666666666667,0.06666666666666667,0.06666666666666667,0
0.8709677419354839,0.8064516129032258,0.6666666666666666,0.0,2.0,198.6597222222222,211.92361111111111,112.1597222222222,125.42361111111111,0.22684310018903592,0.175,0.48,0.4166666666666667,0.045454545454545456,0.2909090909090909,0.09090909090909091,0.20833333333333334,0.3,0.0,0.06666666666666667,0.06666666666666667,0.041666666666666664,0
0.8709677419354839,0.8064516129032258,0.6666666666666666,0.0,2.0,198.6597222222222,211.92361111111111,112.1597222222222,125.42361111111111,0.22684310018903592,0.175,0.48,0.4166666666666667,0.045454545454545456,0.2909090909090909,0.09090909090909091,0.20833333333333334,0.3,0.0,0.06666666666666667,0.06666666666666667,0.041666666666666664,0
0.8709677419354839,0.8064516129032258,0.6666666666666666,0.0,2.0,198.6597222222222,211.92361111111111,112.1597222222222,125.42361111111111,0.22684310018903592,0.175,0.48,0.4166666666666667,0.045454545454545456,0.2909090909090909,0.09090909090909091,0.20833333333333334,0.3,0.0,0.06666666666666667,0.06666666666666667,0.041666666666666664,0
0.8387096774193549,0.8064516129032258,0.4166666666666667,0.0,2.0,225.6527777777778,190.95138888888889,105.48611111111113,70.78472222222221,0.22117202268431002,0.175,0.6133333333333333,0.5166666666666667,0.03409090909090909,0.38181818181818183,0.07954545454545454,0.0,0.3,0.23958333333333334,0.025,0.06666666666666667,0.06666666666666667,0
0.8387096774193549,0.8064516129032258,0.4166666666666667,0.0,2.0,225.6527777777778,190.95138888888889,105.48611111111113,70.78472222222221,0.22117202268431002,0.175,0.6133333333333333,0.5166666666666667,0.03409090909090909,0.38181818181818183,0.07954545454545454,0.0,0.3,0.23958333333333334,0.025,0.06666666666666667,0.06666666666666667,0
0.8387096774193549,0.8064516129032258,0.4166666666666667,0.0,2.0,225.6527777777778,190.95138888888889,105.48611111111113,70.78472222222221,0.22117202268431002,0.175,0.6133333333333333,0.5166666666666667,0.03409090909090909,0.38181818181818183,0.07954545454545454,0.0,0.3,0.23958333333333334,0.025,0.06666666666666667,0.06666666666666667,0
0.8709677419354839,0.8387096774193549,0.5833333333333334,0.0,2.0,205.4722222222222,180.56944444444446,88.45138888888887,63.54861111111113,0.2674858223062382,0.2916666666666667,0.38666666666666666,0.5333333333333333,0.045454545454545456,0.32727272727272727,0.09090909090909091,0.22916666666666666,0.3,0.16666666666666666,0.058333333333333334,0.05333333333333334,0.03333333333333333,0
0.8709677419354839,0.8387096774193549,0.5833333333333334,0.0,2.0,205.4722222222222,180.56944444444446,88.45138888888887,63.54861111111113,0.2674858223062382,0.2916666666666667,0.38666666666666666,0.5333333333333333,0.045454545454545456,0.32727272727272727,0.09090909090909091,0.22916666666666666,0.3,0.16666666666666666,0.058333333333333334,0.05333333333333334,0.03333333333333333,0
0.8709677419354839,0.8387096774193549,0.5833333333333334,0.0,2.0,205.4722222222222,180.56944444444446,88.45138888888887,63.54861111111113,0.2674858223062382,0.2916666666666667,0.38666666666666666,0.5333333333333333,0.045454545454545456,0.32727272727272727,0.09090909090909091,0.22916666666666666,0.3,0.16666666666666666,0.058333333333333334,0.05333333333333334,0.03333333333333333,0
0.9032258064516129,0.8387096774193549,1.0,0.0,1.0,206.875,184.67361111111111,132.375,110.17361111111111,0.22022684310018903,0.16666666666666666,0.4,0.5083333333333333,0.045454545454545456,0.32727272727272727,0.1590909090909091,0.14583333333333334,0.15,0.0,0.008333333333333333,0.02666666666666667,0.0,0
0.9032258064516129,0.8387096774193549,1.0,0.0,1.0,206.875,184.67361111111111,132.375,110.17361111111111,0.22022684310018903,0.16666666666666666,0.4,0.5083333333333333,0.045454545454545456,0.32727272727272727,0.1590909090909091,0.14583333333333334,0.15,0.0,0.008333333333333333,0.02666666666666667,0.0,0
0.9032258064516129,0.8387096774193549,1.0,0.0,1.0,206.875,184.67361111111111,132.375,110.17361111111111,0.22022684310018903,0.16666666666666666,0.4,0.5083333333333333,0.045454545454545456,0.32727272727272727,0.1590909090909091,0.14583333333333334,0.15,0.0,0.008333333333333333,0.02666666666666667,0.0,0
0.9032258064516129,0.8709677419354839,0.6666666666666666,0.0,2.0,228.95833333333334,162.8125,123.22916666666667,57.08333333333333,0.28544423440453687,0.0,0.25333333333333335,0.4083333333333333,0.09090909090909091,0.5272727272727272,0.23863636363636365,0.25,0.23333333333333334,0.09375,0.11666666666666667,0.0,0.0,1
0.9032258064516129,0.8709677419354839,0.6666666666666666,0.0,2.0,228.95833333333334,162.8125,123.22916666666667,57.08333333333333,0.28544423440453687,0.0,0.25333333333333335,0.4083333333333333,0.09090909090909091,0.5272727272727272,0.23863636363636365,0.25,0.23333333333333334,0.09375,0.11666666666666667,0.0,0.0,1
0.9032258064516129,0.8709677419354839,0.6666666666666666,0.0,2.0,228.95833333333334,162.8125,123.22916666666667,57.08333333333333,0.28544423440453687,0.0,0.25333333333333335,0.4083333333333333,0.09090909090909091,0.5272727272727272,0.23863636363636365,0.25,0.23333333333333334,0.09375,0.11666666666666667,0.0,0.0,1
0.8709677419354839,0.8387096774193549,0.8333333333333334,0.0,2.0,205.30555555555557,192.5902777777778,118.86805555555557,106.1527777777778,0.2599243856332703,0.16666666666666666,0.5066666666666667,0.21666666666666667,0.14772727272727273,0.36363636363636365,0.011363636363636364,0.08333333333333333,0.3,0.20833333333333334,0.0,0.0,0.0,0
0.8709677419354839,0.8387096774193549,0.8333333333333334,0.0,2.0,205.30555555555557,192.5902777777778,118.86805555555557,106.1527777777778,0.2599243856332703,0.16666666666666666,0.5066666666666667,0.21666666666666667,0.14772727272727273,0.36363636363636365,0.011363636363636364,0.08333333333333333,0.3,0.20833333333333334,0.0,0.0,0.0,0
0.8709677419354839,0.8387096774193549,0.8333333333333334,0.0,2.0,205.30555555555557,192.5902777777778,118.86805555555557,106.1527777777778,0.2599243856332703,0.16666666666666666,0.5066666666666667,0.21666666666666667,0.14772727272727273,0.36363636363636365,0.011363636363636364,0.08333333333333333,0.3,0.20833333333333334,0.0,0.0,0.0,0
0.8709677419354839,0.8064516129032258,0.5833333333333334,0.0,1.5,232.0,191.2013888888889,129.33333333333331,88.53472222222224,0.1899810964083176,0.175,0.49333333333333335,0.25,0.045454545454545456,0.2909090909090909,0.09090909090909091,0.0,0.2,0.16666666666666666,0.0,0.0,0.0,0
0.8709677419354839,0.8064516129032258,0.5833333333333334,0.0,1.5,232.0,191.2013888888889,129.33333333333331,88.53472222222224,0.1899810964083176,0.175,0.49333333333333335,0.25,0.045454545454545456,0.2909090909090909,0.09090909090909091,0.0,0.2,0.16666666666666666,0.0,0.0,0.0,0
0.8709677419354839,0.8064516129032258,0.5833333333333334,0.0,1.5,232.0,191.2013888888889,129.33333333333331,88.53472222222224,0.1899810964083176,0.175,0.49333333333333335,0.25,0.045454545454545456,0.2909090909090909,0.09090909090909091,0.0,0.2,0.16666666666666666,0.0,0.0,0.0,0
0.9032258064516129,0.8387096774193549,0.0,0.0,1.0,207.52083333333334,162.50694444444446,68.77083333333334,23.756944444444457,0.24763705103969755,0.15833333333333333,0.0,0.09166666666666666,0.045454545454545456,0.36363636363636365,0.38636363636363635,0.13541666666666666,0.2,0.11458333333333333,0.0,0.22666666666666666,0.225,0
0.9032258064516129,0.8387096774193549,0.0,0.0,1.0,207.52083333333334,162.50694444444446,68.77083333333334,23.756944444444457,0.24763705103969755,0.15833333333333333,0.0,0.09166666666666666,0.045454545454545456,0.36363636363636365,0.38636363636363635,0.13541666666666666,0.2,0.11458333333333333,0.0,0.22666666666666666,0.225,0
0.9032258064516129,0.8387096774193549,0.0,0.0,1.0,207.52083333333334,162.50694444444446,68.77083333333334,23.756944444444457,0.24763705103969755,0.15833333333333333,0.0,0.09166666666666666,0.045454545454545456,0.36363636363636365,0.38636363636363635,0.13541666666666666,0.2,0.11458333333333333,0.0,0.22666666666666666,0.225,0
0.9032258064516129,0.8387096774193549,0.0,0.0,1.0,207.52083333333334,162.50694444444446,68.77083333333334,23.756944444444457,0.24763705103969755,0.15833333333333333,0.0,0.09166666666666666,0.045454545454545456,0.36363636363636365,0.38636363636363635,0.13541666666666666,0.2,0.11458333333333333,0.0,0.22666666666666666,0.225,0
0.9032258064516129,0.8387096774193549,0.0,0.0,1.0,207.52083333333334,162.50694444444446,68.77083333333334,23.756944444444457,0.24763705103969755,0.15833333333333333,0.0,0.09166666666666666,0.045454545454545456,0.36363636363636365,0.38636363636363635,0.13541666666666666,0.2,0.11458333333333333,0.0,0.22666666666666666,0.225,0
0.8709677419354839,0.7741935483870968,0.0,0.0,2.0,205.55555555555554,187.52083333333334,78.55555555555554,60.52083333333334,0.22117202268431002,0.09166666666666666,0.14666666666666667,0.14166666666666666,0.13636363636363635,0.4,0.3522727272727273,0.10416666666666667,0.2833333333333333,0.0,0.175,0.0,0.0,0
0.8709677419354839,0.7741935483870968,0.0,0.0,2.0,205.55555555555554,187.52083333333334,78.55555555555554,60.52083333333334,0.22117202268431002,0.09166666666666666,0.14666666666666667,0.14166666666666666,0.13636363636363635,0.4,0.3522727272727273,0.10416666666666667,0.2833333333333333,0.0,0.175,0.0,0.0,0
0.8709677419354839,0.7741935483870968,0.0,0.0,2.0,205.55555555555554,187.52083333333334,78.55555555555554,60.52083333333334,0.22117202268431002,0.09166666666666666,0.14666666666666667,0.14166666666666666,0.13636363636363635,0.4,0.3522727272727273,0.10416666666666667,0.2833333333333333,0.0,0.175,0.0,0.0,0
0.9354838709677419,0.9032258064516129,0.0,0.0,1.0,231.43055555555557,164.67361111111111,123.05555555555557,56.298611111111114,0.21455576559546313,0.14166666666666666,0.16,0.275,0.125,0.36363636363636365,0.38636363636363635,0.0,0.18333333333333332,0.13541666666666666,0.0,0.02666666666666667,0.0,0
0.9354838709677419,0.9032258064516129,0.0,0.0,1.0,231.43055555555557,164.67361111111111,123.05555555555557,56.298611111111114,0.21455576559546313,0.14166666666666666,0.16,0.275,0.125,0.36363636363636365,0.38636363636363635,0.0,0.18333333333333332,0.13541666666666666,0.0,0.02666666666666667,0.0,0
0.9354838709677419,0.9032258064516129,0.0,0.0,1.0,231.43055555555557,164.67361111111111,123.05555555555557,56.298611111111114,0.21455576559546313,0.14166666666666666,0.16,0.275,0.125,0.36363636363636365,0.38636363636363635,0.0,0.18333333333333332,0.13541666666666666,0.0,0.02666666666666667,0.0,0
0.9354838709677419,0.9032258064516129,0.0,0.0,1.0,231.43055555555557,164.67361111111111,123.05555555555557,56.298611111111114,0.21455576559546313,0.14166666666666666,0.16,0.275,0.125,0.36363636363636365,0.38636363636363635,0.0,0.18333333333333332,0.13541666666666666,0.0,0.02666666666666667,0.0,0
0.8064516129032258,0.7741935483870968,1.0,0.0,1.0,210.5625,214.95833333333334,103.5,107.89583333333334,0.18525519848771266,0.15,0.56,0.55,0.0,0.2727272727272727,0.09090909090909091,0.25,0.26666666666666666,0.0,0.0,0.0,0.0,0
0.8064516129032258,0.7741935483870968,1.0,0.0,1.0,210.5625,214.95833333333334,103.5,107.89583333333334,0.18525519848771266,0.15,0.56,0.55,0.0,0.2727272727272727,0.09090909090909091,0.25,0.26666666666666666,0.0,0.0,0.0,0.0,0
0.8064516129032258,0.7741935483870968,1.0,0.0,1.0,210.5625,214.95833333333334,103.5,107.89583333333334,0.18525519848771266,0.15,0.56,0.55,0.0,0.2727272727272727,0.09090909090909091,0.25,0.26666666666666666,0.0,0.0,0.0,0.0,0
0.8064516129032258,0.7741935483870968,1.0,0.0,1.0,210.5625,214.95833333333334,103.5,107.89583333333334,0.18525519848771266,0.15,0.56,0.55,0.0,0.2727272727272727,0.09090909090909091,0.25,0.26666666666666666,0.0,0.0,0.0,0.0,0
1.032258064516129,1.032258064516129,1.0,0.0,1.0,227.41666666666666,189.125,178.9375,140.64583333333334,0.19848771266540643,0.3333333333333333,0.4533333333333333,0.4166666666666667,0.056818181818181816,0.2545454545454545,0.09090909090909091,0.0,0.3333333333333333,0.19791666666666666,0.0,0.0,0.0,0
1.032258064516129,1.032258064516129,1.0,0.0,1.0,227.41666666666666,189.125,178.9375,140.64583333333334,0.19848771266540643,0.3333333333333333,0.4533333333333333,0.4166666666666667,0.056818181818181816,0.2545454545454545,0.09090909090909091,0.0,0.3333333333333333,0.19791666666666666,0.0,0.0,0.0,0
1.032258064516129,1.032258064516129,1.0,0.0,1.0,227.41666666666666,189.125,178.9375,140.64583333333334,0.19848771266540643,0.3333333333333333,0.4533333333333333,0.4166666666666667,0.056818181818181816,0.2545454545454545,0.09090909090909091,0.0,0.3333333333333333,0.19791666666666666,0.0,0.0,0.0,0
1.032258064516129,1.0,0.0,0.0,4.0,208.23781179138322,165.73611111111111,103.2794784580499,60.777777777777786,0.23724007561436672,0.19166666666666668,0.0,0.375,0.0,0.38181818181818183,0.375,0.3333333333333333,0.45,0.1875,0.0,0.26666666666666666,0.24166666666666667,0
1.032258064516129,1.0,0.0,0.0,4.0,208.23781179138322,165.73611111111111,103.2794784580499,60.777777777777786,0.23724007561436672,0.19166666666666668,0.0,0.375,0.0,0.38181818181818183,0.375,0.3333333333333333,0.45,0.1875,0.0,0.26666666666666666,0.24166666666666667,0
1.032258064516129,1.0,0.0,0.0,4.0,208.23781179138322,165.73611111111111,103.2794784580499,60.777777777777786,0.23724007561436672,0.19166666666666668,0.0,0.375,0.0,0.38181818181818183,0.375,0.3333333333333333,0.45,0.1875,0.0,0.26666666666666666,0.24166666666666667,0
1.032258064516129,1.0,0.0,0.0,4.0,208.23781179138322,165.73611111111111,103.2794784580499,60.777777777777786,0.23724007561436672,0.19166666666666668,0.0,0.375,0.0,0.38181818181818183,0.375,0.3333333333333333,0.45,0.1875,0.0,0.26666666666666666,0.24166666666666667,0
0.7741935483870968,0.8064516129032258,0.0,1.0,2.0,232.4722222222222,227.65277777777774,143.82638888888886,139.0069444444444,0.18147448015122875,0.2,0.12,0.19166666666666668,0.0375,0.16,0.2125,0.0,0.4,0.11538461538461539,0.0,0.12,0.0,0
0.8,0.8,0.0,1.0,2.0,232.4722222222222,227.65277777777774,143.82638888888886,139.0069444444444,0.1855072463768116,0.2,0.12,0.19166666666666668,0.0375,0.16,0.2125,0.0,0.4,0.125,0.0,0.14666666666666667,0.0,0
0.7741935483870968,0.7741935483870968,0.0,1.0,2.0,232.4722222222222,227.65277777777774,143.82638888888886,139.0069444444444,0.18525519848771266,0.2,0.12,0.19166666666666668,0.03409090909090909,0.14545454545454545,0.19318181818181818,0.0,0.4,0.125,0.0,0.14666666666666667,0.0,0
0.9032258064516129,0.7741935483870968,0.3333333333333333,0.0,1.0,227.65277777777774,166.5138888888889,118.15277777777774,57.013888888888914,0.24102079395085066,0.1,0.26666666666666666,0.21666666666666667,0.09090909090909091,0.3090909090909091,0.375,0.25,0.2,0.08333333333333333,0.09166666666666666,0.0,0.0,0
0.9032258064516129,0.7741935483870968,0.3333333333333333,0.0,1.0,227.65277777777774,166.5138888888889,118.15277777777774,57.013888888888914,0.24102079395085066,0.1,0.26666666666666666,0.21666666666666667,0.09090909090909091,0.3090909090909091,0.375,0.25,0.2,0.08333333333333333,0.09166666666666666,0.0,0.0,0
0.9032258064516129,0.7741935483870968,0.3333333333333333,0.0,1.0,227.65277777777774,166.5138888888889,118.15277777777774,57.013888888888914,0.24102079395085066,0.1,0.26666666666666666,0.21666666666666667,0.09090909090909091,0.3090909090909091,0.375,0.25,0.2,0.08333333333333333,0.09166666666666666,0.0,0.0,0
0.9032258064516129,0.7741935483870968,0.3333333333333333,0.0,1.0,227.65277777777774,166.5138888888889,118.15277777777774,57.013888888888914,0.24102079395085066,0.1,0.26666666666666666,0.21666666666666667,0.09090909090909091,0.3090909090909091,0.375,0.25,0.2,0.08333333333333333,0.09166666666666666,0.0,0.0,0
0.9032258064516129,0.8709677419354839,1.0,0.0,1.0,209.9652777777778,189.625,135.4652777777778,115.125,0.2495274102079395,0.15,0.49333333333333335,0.5583333333333333,0.20454545454545456,0.2545454545454545,0.06818181818181818,0.10416666666666667,0.23333333333333334,0.13541666666666666,0.0,0.0,0.008333333333333333,0
0.9032258064516129,0.8709677419354839,1.0,0.0,1.0,209.9652777777778,189.625,135.4652777777778,115.125,0.2495274102079395,0.15,0.49333333333333335,0.5583333333333333,0.20454545454545456,0.2545454545454545,0.06818181818181818,0.10416666666666667,0.23333333333333334,0.13541666666666666,0.0,0.0,0.008333333333333333,0
0.9032258064516129,0.8709677419354839,1.0,0.0,1.0,209.9652777777778,189.625,135.4652777777778,115.125,0.2495274102079395,0.15,0.49333333333333335,0.5583333333333333,0.20454545454545456,0.2545454545454545,0.06818181818181818,0.10416666666666667,0.23333333333333334,0.13541666666666666,0.0,0.0,0.008333333333333333,0
0.9032258064516129,0.8709677419354839,1.0,0.0,1.0,209.9652777777778,189.625,135.4652777777778,115.125,0.2495274102079395,0.15,0.49333333333333335,0.5583333333333333,0.20454545454545456,0.2545454545454545,0.06818181818181818,0.10416666666666667,0.23333333333333334,0.13541666666666666,0.0,0.0,0.008333333333333333,0
1.032258064516129,1.032258064516129,0.5833333333333334,0.08333333333333333,2.0,231.74305555555554,189.79166666666666,147.45138888888886,105.49999999999999,0.2107750472589792,0.23333333333333334,0.52,0.5583333333333333,0.045454545454545456,0.4,0.09090909090909091,0.0,0.31666666666666665,0.1875,0.0,0.0,0.008333333333333333,0
1.032258064516129,1.032258064516129,0.5833333333333334,0.08333333333333333,2.0,231.74305555555554,189.79166666666666,147.45138888888886,105.49999999999999,0.2107750472589792,0.23333333333333334,0.52,0.5583333333333333,0.045454545454545456,0.4,0.09090909090909091,0.0,0.31666666666666665,0.1875,0.0,0.0,0.008333333333333333,0
1.032258064516129,1.032258064516129,0.5833333333333334,0.08333333333333333,2.0,231.74305555555554,189.79166666666666,147.45138888888886,105.49999999999999,0.2107750472589792,0.23333333333333334,0.52,0.5583333333333333,0.045454545454545456,0.4,0.09090909090909091,0.0,0.31666666666666665,0.1875,0.0,0.0,0.008333333333333333,0
1.032258064516129,1.032258064516129,0.5833333333333334,0.08333333333333333,2.0,231.74305555555554,189.79166666666666,147.45138888888886,105.49999999999999,0.2107750472589792,0.23333333333333334,0.52,0.5583333333333333,0.045454545454545456,0.4,0.09090909090909091,0.0,0.31666666666666665,0.1875,0.0,0.0,0.008333333333333333,0
0.8709677419354839,0.8064516129032258,0.0,0.3333333333333333,2.0,207.25,142.83333333333334,77.54166666666666,13.125,0.2741020793950851,0.225,0.05333333333333334,0.125,0.056818181818181816,0.34545454545454546,0.38636363636363635,0.1875,0.4,0.14583333333333334,0.008333333333333333,0.25333333333333335,0.225,0
0.8709677419354839,0.8064516129032258,0.0,0.3333333333333333,2.0,207.25,142.83333333333334,77.54166666666666,13.125,0.2741020793950851,0.225,0.05333333333333334,0.125,0.056818181818181816,0.34545454545454546,0.38636363636363635,0.1875,0.4,0.14583333333333334,0.008333333333333333,0.25333333333333335,0.225,0
0.8709677419354839,0.8064516129032258,0.0,0.3333333333333333,2.0,207.25,142.83333333333334,77.54166666666666,13.125,0.2741020793950851,0.225,0.05333333333333334,0.125,0.056818181818181816,0.34545454545454546,0.38636363636363635,0.1875,0.4,0.14583333333333334,0.008333333333333333,0.25333333333333335,0.225,0
0.8709677419354839,0.8064516129032258,0.0,0.3333333333333333,2.0,207.25,142.83333333333334,77.54166666666666,13.125,0.2741020793950851,0.225,0.05333333333333334,0.125,0.056818181818181816,0.34545454545454546,0.38636363636363635,0.1875,0.4,0.14583333333333334,0.008333333333333333,0.25333333333333335,0.225,0
0.8709677419354839,0.8064516129032258,0.0,0.3333333333333333,2.0,207.25,142.83333333333334,77.54166666666666,13.125,0.2741020793950851,0.225,0.05333333333333334,0.125,0.056818181818181816,0.34545454545454546,0.38636363636363635,0.1875,0.4,0.14583333333333334,0.008333333333333333,0.25333333333333335,0.225,0
0.8709677419354839,0.8064516129032258,0.16666666666666666,0.5,1.0,222.71527777777774,153.08333333333334,100.25694444444441,30.625000000000014,0.2381852551984877,0.11666666666666667,0.24,0.20833333333333334,0.11363636363636363,0.3090909090909091,0.3409090909090909,0.0,0.2833333333333333,0.19791666666666666,0.0,0.04,0.0,0
0.8709677419354839,0.8064516129032258,0.16666666666666666,0.5,1.0,222.71527777777774,153.08333333333334,100.25694444444441,30.625000000000014,0.2381852551984877,0.11666666666666667,0.24,0.20833333333333334,0.11363636363636363,0.3090909090909091,0.3409090909090909,0.0,0.2833333333333333,0.19791666666666666,0.0,0.04,0.0,0
0.8709677419354839,0.8064516129032258,0.16666666666666666,0.5,1.0,222.71527777777774,153.08333333333334,100.25694444444441,30.625000000000014,0.2381852551984877,0.11666666666666667,0.24,0.20833333333333334,0.11363636363636363,0.3090909090909091,0.3409090909090909,0.0,0.2833333333333333,0.19791666666666666,0.0,0.04,0.0,0
0.8709677419354839,0.8064516129032258,0.16666666666666666,0.5,1.0,222.71527777777774,153.08333333333334,100.25694444444441,30.625000000000014,0.2381852551984877,0.11666666666666667,0.24,0.20833333333333334,0.11363636363636363,0.3090909090909091,0.3409090909090909,0.0,0.2833333333333333,0.19791666666666666,0.0,0.04,0.0,0
0.8709677419354839,0.8064516129032258,0.16666666666666666,0.5,1.0,222.71527777777774,153.08333333333334,100.25694444444441,30.625000000000014,0.2381852551984877,0.11666666666666667,0.24,0.20833333333333334,0.11363636363636363,0.3090909090909091,0.3409090909090909,0.0,0.2833333333333333,0.19791666666666666,0.0,0.04,0.0,0
1.032258064516129,0.967741935483871,0.8333333333333334,0.0,1.0,205.66666666666666,183.29861111111111,132.8125,110.44444444444444,0.2561436672967864,0.13333333333333333,0.3466666666666667,0.5166666666666667,0.09090909090909091,0.21818181818181817,0.09090909090909091,0.2708333333333333,0.4166666666666667,0.16666666666666666,0.0,0.0,0.0,0
1.032258064516129,0.967741935483871,0.8333333333333334,0.0,1.0,205.66666666666666,183.29861111111111,132.8125,110.44444444444444,0.2561436672967864,0.13333333333333333,0.3466666666666667,0.5166666666666667,0.09090909090909091,0.21818181818181817,0.09090909090909091,0.2708333333333333,0.4166666666666667,0.16666666666666666,0.0,0.0,0.0,0
1.032258064516129,0.967741935483871,0.8333333333333334,0.0,1.0,205.66666666666666,183.29861111111111,132.8125,110.44444444444444,0.2561436672967864,0.13333333333333333,0.3466666666666667,0.5166666666666667,0.09090909090909091,0.21818181818181817,0.09090909090909091,0.2708333333333333,0.4166666666666667,0.16666666666666666,0.0,0.0,0.0,0
1.032258064516129,0.967741935483871,0.8333333333333334,0.0,1.0,205.66666666666666,183.29861111111111,132.8125,110.44444444444444,0.2561436672967864,0.13333333333333333,0.3466666666666667,0.5166666666666667,0.09090909090909091,0.21818181818181817,0.09090909090909091,0.2708333333333333,0.4166666666666667,0.16666666666666666,0.0,0.0,0.0,0
0.8064516129032258,0.7419354838709677,1.0,0.0,2.0,203.5,189.20833333333334,95.0625,80.77083333333334,0.22684310018903592,0.24166666666666667,0.37333333333333335,0.43333333333333335,0.0,0.43636363636363634,0.056818181818181816,0.23958333333333334,0.2833333333333333,0.0,0.0,0.0,0.0,0
0.8064516129032258,0.7419354838709677,1.0,0.0,2.0,203.5,189.20833333333334,95.0625,80.77083333333334,0.22684310018903592,0.24166666666666667,0.37333333333333335,0.43333333333333335,0.0,0.43636363636363634,0.056818181818181816,0.23958333333333334,0.2833333333333333,0.0,0.0,0.0,0.0,0
0.8064516129032258,0.7419354838709677,1.0,0.0,2.0,203.5,189.20833333333334,95.0625,80.77083333333334,0.22684310018903592,0.24166666666666667,0.37333333333333335,0.43333333333333335,0.0,0.43636363636363634,0.056818181818181816,0.23958333333333334,0.2833333333333333,0.0,0.0,0.0,0.0,0
0.8064516129032258,0.7741935483870968,1.0,0.0,1.0,218.35416666666666,184.45138888888889,117.08333333333333,83.18055555555556,0.20982986767485823,0.24166666666666667,0.4266666666666667,0.5833333333333334,0.0,0.2727272727272727,0.06818181818181818,0.0,0.26666666666666666,0.28125,0.0,0.0,0.0,0
0.8064516129032258,0.7741935483870968,1.0,0.0,1.0,218.35416666666666,184.45138888888889,117.08333333333333,83.18055555555556,0.20982986767485823,0.24166666666666667,0.4266666666666667,0.5833333333333334,0.0,0.2727272727272727,0.06818181818181818,0.0,0.26666666666666666,0.28125,0.0,0.0,0.0,0
0.8064516129032258,0.7741935483870968,1.0,0.0,1.0,218.35416666666666,184.45138888888889,117.08333333333333,83.18055555555556,0.20982986767485823,0.24166666666666667,0.4266666666666667,0.5833333333333334,0.0,0.2727272727272727,0.06818181818181818,0.0,0.26666666666666666,0.28125,0.0,0.0,0.0,0
0.9354838709677419,0.8064516129032258,0.0,0.0,1.0,204.30555555555557,175.34722222222226,86.43055555555557,57.47222222222226,0.2438563327032136,0.08333333333333333,0.0,0.058333333333333334,0.056818181818181816,0.32727272727272727,0.375,0.11458333333333333,0.18333333333333332,0.0,0.06666666666666667,0.06666666666666667,0.06666666666666667,1
0.9354838709677419,0.8064516129032258,0.0,0.0,1.0,204.30555555555557,175.34722222222226,86.43055555555557,57.47222222222226,0.2438563327032136,0.08333333333333333,0.0,0.058333333333333334,0.056818181818181816,0.32727272727272727,0.375,0.11458333333333333,0.18333333333333332,0.0,0.06666666666666667,0.06666666666666667,0.06666666666666667,1
0.9354838709677419,0.8064516129032258,0.0,0.0,1.0,204.30555555555557,175.34722222222226,86.43055555555557,57.47222222222226,0.2438563327032136,0.08333333333333333,0.0,0.058333333333333334,0.056818181818181816,0.32727272727272727,0.375,0.11458333333333333,0.18333333333333332,0.0,0.06666666666666667,0.06666666666666667,0.06666666666666667,1
0.7741935483870968,0.7741935483870968,0.0,1.0,2.0,220.32638888888889,254.4027777777778,71.53472222222223,105.61111111111114,0.13705103969754254,0.0,0.0,0.0,0.14772727272727273,0.16363636363636364,0.0,0.0,0.4166666666666667,0.0,0.06666666666666667,0.14666666666666667,0.0,0
0.7741935483870968,0.7741935483870968,0.0,1.0,2.0,220.32638888888889,254.4027777777778,71.53472222222223,105.61111111111114,0.13705103969754254,0.0,0.0,0.0,0.14772727272727273,0.16363636363636364,0.0,0.0,0.4166666666666667,0.0,0.06666666666666667,0.14666666666666667,0.0,0
0.7741935483870968,0.7741935483870968,0.0,1.0,2.0,220.32638888888889,254.4027777777778,71.53472222222223,105.61111111111114,0.13705103969754254,0.0,0.0,0.0,0.14772727272727273,0.16363636363636364,0.0,0.0,0.4166666666666667,0.0,0.06666666666666667,0.14666666666666667,0.0,0
0.9,0.8666666666666667,0.3333333333333333,0.0,1.0,242.3049645390071,173.91489361702125,105.0921985815603,36.702127659574444,0.2,0.11666666666666667,0.18666666666666668,0.35833333333333334,0.0,0.34545454545454546,0.2159090909090909,0.0,0.2,0.14772727272727273,0.0,0.0,0.0,1
0.9,0.8666666666666667,0.3333333333333333,0.0,1.0,242.3049645390071,173.91489361702125,105.0921985815603,36.702127659574444,0.2,0.11666666666666667,0.18666666666666668,0.35833333333333334,0.0,0.34545454545454546,0.2159090909090909,0.0,0.2,0.14772727272727273,0.0,0.0,0.0,1
0.9,0.8666666666666667,0.3333333333333333,0.0,1.0,242.3049645390071,173.91489361702125,105.0921985815603,36.702127659574444,0.2,0.11666666666666667,0.18666666666666668,0.35833333333333334,0.0,0.34545454545454546,0.2159090909090909,0.0,0.2,0.14772727272727273,0.0,0.0,0.0,1
0.7333333333333333,0.7333333333333333,0.6666666666666666,0.0,7.0,213.90070921985816,172.04255319148936,92.47517730496455,50.61702127659575,0.28405797101449276,0.125,0.4666666666666667,0.4666666666666667,0.25,0.6909090909090909,0.6022727272727273,0.4318181818181818,0.43636363636363634,0.3522727272727273,0.09166666666666666,0.02666666666666667,0.0,0
0.7333333333333333,0.7333333333333333,0.6666666666666666,0.0,7.0,213.90070921985816,172.04255319148936,92.47517730496455,50.61702127659575,0.28405797101449276,0.125,0.4666666666666667,0.4666666666666667,0.25,0.6909090909090909,0.6022727272727273,0.4318181818181818,0.43636363636363634,0.3522727272727273,0.09166666666666666,0.02666666666666667,0.0,0
0.7333333333333333,0.7333333333333333,0.6666666666666666,0.0,7.0,213.90070921985816,172.04255319148936,92.47517730496455,50.61702127659575,0.28405797101449276,0.125,0.4666666666666667,0.4666666666666667,0.25,0.6909090909090909,0.6022727272727273,0.4318181818181818,0.43636363636363634,0.3522727272727273,0.09166666666666666,0.02666666666666667,0.0,0
0.8,0.8,0.3333333333333333,0.0,4.0,245.11347517730496,174.7163120567376,102.24113475177305,31.843971631205676,0.2608695652173913,0.325,0.21333333333333335,0.375,0.2727272727272727,0.41818181818181815,0.20454545454545456,0.09090909090909091,0.32727272727272727,0.375,0.0,0.0,0.0,0
0.8,0.8,0.3333333333333333,0.0,4.0,245.11347517730496,174.7163120567376,102.24113475177305,31.843971631205676,0.2608695652173913,0.325,0.21333333333333335,0.375,0.2727272727272727,0.41818181818181815,0.20454545454545456,0.09090909090909091,0.32727272727272727,0.375,0.0,0.0,0.0,0
0.8,0.8,0.3333333333333333,0.0,4.0,245.11347517730496,174.7163120567376,102.24113475177305,31.843971631205676,0.2608695652173913,0.325,0.21333333333333335,0.375,0.2727272727272727,0.41818181818181815,0.20454545454545456,0.09090909090909091,0.32727272727272727,0.375,0.0,0.0,0.0,0
0.9666666666666667,0.9666666666666667,0.3333333333333333,0.0,6.0,219.5531914893617,132.0,127.68085106382978,40.12765957446808,0.3120772946859903,0.06666666666666667,0.24,0.38333333333333336,0.0,0.4909090909090909,0.5909090909090909,0.36363636363636365,0.6363636363636364,0.75,0.1,0.0,0.0,0
0.9666666666666667,0.9666666666666667,0.3333333333333333,0.0,6.0,219.5531914893617,132.0,127.68085106382978,40.12765957446808,0.3120772946859903,0.06666666666666667,0.24,0.38333333333333336,0.0,0.4909090909090909,0.5909090909090909,0.36363636363636365,0.6363636363636364,0.75,0.1,0.0,0.0,0
0.9666666666666667,0.9666666666666667,0.3333333333333333,0.0,6.0,219.5531914893617,132.0,127.68085106382978,40.12765957446808,0.3120772946859903,0.06666666666666667,0.24,0.38333333333333336,0.0,0.4909090909090909,0.5909090909090909,0.36363636363636365,0.6363636363636364,0.75,0.1,0.0,0.0,0
0.9666666666666667,0.9666666666666667,0.3333333333333333,0.0,6.0,219.5531914893617,132.0,127.68085106382978,40.12765957446808,0.3120772946859903,0.06666666666666667,0.24,0.38333333333333336,0.0,0.4909090909090909,0.5909090909090909,0.36363636363636365,0.6363636363636364,0.75,0.1,0.0,0.0,0
0.9666666666666667,0.9666666666666667,0.3333333333333333,0.0,6.0,219.5531914893617,132.0,127.68085106382978,40.12765957446808,0.3120772946859903,0.06666666666666667,0.24,0.38333333333333336,0.0,0.4909090909090909,0.5909090909090909,0.36363636363636365,0.6363636363636364,0.75,0.1,0.0,0.0,0
0.9333333333333333,0.9333333333333333,0.5833333333333334,0.0,6.0,169.10638297872342,155.39007092198582,75.93617021276597,62.21985815602838,0.4106280193236715,0.3416666666666667,0.3466666666666667,0.39166666666666666,0.5681818181818182,0.5272727272727272,0.11363636363636363,0.7386363636363636,0.6727272727272727,0.5340909090909091,0.0,0.0,0.10833333333333334,0
0.9333333333333333,0.9333333333333333,0.5833333333333334,0.0,6.0,169.10638297872342,155.39007092198582,75.93617021276597,62.21985815602838,0.4106280193236715,0.3416666666666667,0.3466666666666667,0.39166666666666666,0.5681818181818182,0.5272727272727272,0.11363636363636363,0.7386363636363636,0.6727272727272727,0.5340909090909091,0.0,0.0,0.10833333333333334,0
0.9333333333333333,0.9333333333333333,0.5833333333333334,0.0,6.0,169.10638297872342,155.39007092198582,75.93617021276597,62.21985815602838,0.4106280193236715,0.3416666666666667,0.3466666666666667,0.39166666666666666,0.5681818181818182,0.5272727272727272,0.11363636363636363,0.7386363636363636,0.6727272727272727,0.5340909090909091,0.0,0.0,0.10833333333333334,0
1.0333333333333334,1.0,0.0,1.0,2.0,227.36170212765956,181.61702127659575,120.57446808510636,74.82978723404256,0.22608695652173913,0.15833333333333333,0.13333333333333333,0.125,0.10227272727272728,0.45454545454545453,0.26136363636363635,0.09090909090909091,0.4,0.0,0.5833333333333334,0.5466666666666666,0.058333333333333334,0
1.0333333333333334,1.0,0.0,1.0,2.0,227.36170212765956,181.61702127659575,120.57446808510636,74.82978723404256,0.22608695652173913,0.15833333333333333,0.13333333333333333,0.125,0.10227272727272728,0.45454545454545453,0.26136363636363635,0.09090909090909091,0.4,0.0,0.5833333333333334,0.5466666666666666,0.058333333333333334,0
1.0333333333333334,1.0,0.0,1.0,2.0,227.36170212765956,181.61702127659575,120.57446808510636,74.82978723404256,0.22608695652173913,0.15833333333333333,0.13333333333333333,0.125,0.10227272727272728,0.45454545454545453,0.26136363636363635,0.09090909090909091,0.4,0.0,0.5833333333333334,0.5466666666666666,0.058333333333333334,0
1.0333333333333334,1.0,0.0,1.0,2.0,227.36170212765956,181.61702127659575,120.57446808510636,74.82978723404256,0.22608695652173913,0.15833333333333333,0.13333333333333333,0.125,0.10227272727272728,0.45454545454545453,0.26136363636363635,0.09090909090909091,0.4,0.0,0.5833333333333334,0.5466666666666666,0.058333333333333334,0
1.0333333333333334,0.9666666666666667,0.0,1.0,1.0,219.5035460992908,190.04964539007088,133.88652482269504,104.43262411347513,0.22028985507246376,0.16666666666666666,0.13333333333333333,0.15833333333333333,0.125,0.3090909090909091,0.29545454545454547,0.07954545454545454,0.2,0.0,0.6416666666666667,0.52,0.05,0
1.0333333333333334,0.9666666666666667,0.0,1.0,1.0,219.5035460992908,190.04964539007088,133.88652482269504,104.43262411347513,0.22028985507246376,0.16666666666666666,0.13333333333333333,0.15833333333333333,0.125,0.3090909090909091,0.29545454545454547,0.07954545454545454,0.2,0.0,0.6416666666666667,0.52,0.05,0
1.0333333333333334,0.9666666666666667,0.0,1.0,1.0,219.5035460992908,190.04964539007088,133.88652482269504,104.43262411347513,0.22028985507246376,0.16666666666666666,0.13333333333333333,0.15833333333333333,0.125,0.3090909090909091,0.29545454545454547,0.07954545454545454,0.2,0.0,0.6416666666666667,0.52,0.05,0
1.0333333333333334,0.9666666666666667,0.0,1.0,1.0,219.5035460992908,190.04964539007088,133.88652482269504,104.43262411347513,0.22028985507246376,0.16666666666666666,0.13333333333333333,0.15833333333333333,0.125,0.3090909090909091,0.29545454545454547,0.07954545454545454,0.2,0.0,0.6416666666666667,0.52,0.05,0
0.8333333333333334,0.8333333333333334,0.0,0.5833333333333334,2.0,237.54609929078015,194.18439716312056,103.1631205673759,59.801418439716315,0.18067632850241547,0.0,0.0,0.0,0.0,0.2545454545454545,0.36363636363636365,0.0,0.32727272727272727,0.0,0.225,0.5066666666666667,0.25,0
0.8333333333333334,0.8333333333333334,0.0,0.5833333333333334,2.0,237.54609929078015,194.18439716312056,103.1631205673759,59.801418439716315,0.18067632850241547,0.0,0.0,0.0,0.0,0.2545454545454545,0.36363636363636365,0.0,0.32727272727272727,0.0,0.225,0.5066666666666667,0.25,0
0.8333333333333334,0.8333333333333334,0.0,0.5833333333333334,2.0,237.54609929078015,194.18439716312056,103.1631205673759,59.801418439716315,0.18067632850241547,0.0,0.0,0.0,0.0,0.2545454545454545,0.36363636363636365,0.0,0.32727272727272727,0.0,0.225,0.5066666666666667,0.25,0
0.8333333333333334,0.8333333333333334,0.0,1.0,1.0,176.72340425531914,194.8156028368794,73.68085106382978,91.77304964539005,0.2995169082125604,0.0,0.0,0.0,0.36363636363636365,0.38181818181818183,0.36363636363636365,0.022727272727272728,0.21818181818181817,0.011363636363636364,0.4583333333333333,0.44,0.2916666666666667,0
0.8333333333333334,0.8333333333333334,0.0,1.0,1.0,176.72340425531914,194.8156028368794,73.68085106382978,91.77304964539005,0.2995169082125604,0.0,0.0,0.0,0.36363636363636365,0.38181818181818183,0.36363636363636365,0.022727272727272728,0.21818181818181817,0.011363636363636364,0.4583333333333333,0.44,0.2916666666666667,0
0.8333333333333334,0.8333333333333334,0.0,1.0,1.0,176.72340425531914,194.8156028368794,73.68085106382978,91.77304964539005,0.2995169082125604,0.0,0.0,0.0,0.36363636363636365,0.38181818181818183,0.36363636363636365,0.022727272727272728,0.21818181818181817,0.011363636363636364,0.4583333333333333,0.44,0.2916666666666667,0
0.8333333333333334,0.8333333333333334,0.0,1.0,1.0,176.72340425531914,194.8156028368794,73.68085106382978,91.77304964539005,0.2995169082125604,0.0,0.0,0.0,0.36363636363636365,0.38181818181818183,0.36363636363636365,0.022727272727272728,0.21818181818181817,0.011363636363636364,0.4583333333333333,0.44,0.2916666666666667,0
0.8333333333333334,0.8333333333333334,0.0,0.5,1.0,150.93617021276597,195.48936170212767,41.80851063829789,86.36170212765958,0.3516908212560386,0.0,0.0,0.0,0.3522727272727273,0.38181818181818183,0.3522727272727273,0.1590909090909091,0.32727272727272727,0.011363636363636364,0.325,0.21333333333333335,0.2916666666666667,0
0.8333333333333334,0.8333333333333334,0.0,0.5,1.0,150.93617021276597,195.48936170212767,41.80851063829789,86.36170212765958,0.3516908212560386,0.0,0.0,0.0,0.3522727272727273,0.38181818181818183,0.3522727272727273,0.1590909090909091,0.32727272727272727,0.011363636363636364,0.325,0.21333333333333335,0.2916666666666667,0
0.8333333333333334,0.8333333333333334,0.0,0.5,1.0,150.93617021276597,195.48936170212767,41.80851063829789,86.36170212765958,0.3516908212560386,0.0,0.0,0.0,0.3522727272727273,0.38181818181818183,0.3522727272727273,0.1590909090909091,0.32727272727272727,0.011363636363636364,0.325,0.21333333333333335,0.2916666666666667,0
0.8333333333333334,0.8333333333333334,0.0,0.8333333333333334,2.0,163.47517730496452,194.95744680851064,57.368794326241115,88.85106382978724,0.3217391304347826,0.0,0.0,0.0,0.36363636363636365,0.4,0.36363636363636365,0.03409090909090909,0.41818181818181815,0.0,0.43333333333333335,0.4266666666666667,0.275,0
0.8333333333333334,0.8333333333333334,0.0,0.8333333333333334,2.0,163.47517730496452,194.95744680851064,57.368794326241115,88.85106382978724,0.3217391304347826,0.0,0.0,0.0,0.36363636363636365,0.4,0.36363636363636365,0.03409090909090909,0.41818181818181815,0.0,0.43333333333333335,0.4266666666666667,0.275,0
0.8333333333333334,0.8333333333333334,0.0,0.8333333333333334,2.0,163.47517730496452,194.95744680851064,57.368794326241115,88.85106382978724,0.3217391304347826,0.0,0.0,0.0,0.36363636363636365,0.4,0.36363636363636365,0.03409090909090909,0.41818181818181815,0.0,0.43333333333333335,0.4266666666666667,0.275,0
0.8,0.8,0.0,1.0,2.0,238.92907801418437,194.60992907801418,114.71631205673756,70.39716312056737,0.22318840579710145,0.13333333333333333,0.16,0.16666666666666666,0.0,0.32727272727272727,0.36363636363636365,0.0,0.43636363636363634,0.09090909090909091,0.11666666666666667,0.48,0.35833333333333334,0
0.8,0.8,0.0,1.0,2.0,238.92907801418437,194.60992907801418,114.71631205673756,70.39716312056737,0.22318840579710145,0.13333333333333333,0.16,0.16666666666666666,0.0,0.32727272727272727,0.36363636363636365,0.0,0.43636363636363634,0.09090909090909091,0.11666666666666667,0.48,0.35833333333333334,0
0.8,0.8,0.0,1.0,2.0,238.92907801418437,194.60992907801418,114.71631205673756,70.39716312056737,0.22318840579710145,0.13333333333333333,0.16,0.16666666666666666,0.0,0.32727272727272727,0.36363636363636365,0.0,0.43636363636363634,0.09090909090909091,0.11666666666666667,0.48,0.35833333333333334,0
0.8,0.8,0.0,1.0,2.0,238.92907801418437,194.60992907801418,114.71631205673756,70.39716312056737,0.22318840579710145,0.13333333333333333,0.16,0.16666666666666666,0.0,0.32727272727272727,0.36363636363636365,0.0,0.43636363636363634,0.09090909090909091,0.11666666666666667,0.48,0.35833333333333334,0
0.8,0.8,0.0,1.0,1.0,186.7304964539007,195.17021276595744,81.98581560283688,90.42553191489361,0.3188405797101449,0.15,0.13333333333333333,0.13333333333333333,0.36363636363636365,0.38181818181818183,0.36363636363636365,0.09090909090909091,0.2909090909090909,0.09090909090909091,0.5,0.4533333333333333,0.36666666666666664,0
0.8,0.8,0.0,1.0,1.0,186.7304964539007,195.17021276595744,81.98581560283688,90.42553191489361,0.3188405797101449,0.15,0.13333333333333333,0.13333333333333333,0.36363636363636365,0.38181818181818183,0.36363636363636365,0.09090909090909091,0.2909090909090909,0.09090909090909091,0.5,0.4533333333333333,0.36666666666666664,0
0.8,0.8,0.0,1.0,1.0,186.7304964539007,195.17021276595744,81.98581560283688,90.42553191489361,0.3188405797101449,0.15,0.13333333333333333,0.13333333333333333,0.36363636363636365,0.38181818181818183,0.36363636363636365,0.09090909090909091,0.2909090909090909,0.09090909090909091,0.5,0.4533333333333333,0.36666666666666664,0
0.8,0.8,0.0,1.0,2.0,167.63829787234042,194.63829787234044,35.87234042553192,62.872340425531945,0.38067632850241545,0.13333333333333333,0.10666666666666667,0.016666666666666666,0.36363636363636365,0.4,0.36363636363636365,0.10227272727272728,0.45454545454545453,0.20454545454545456,0.5333333333333333,0.29333333333333333,0.23333333333333334,0
0.8,0.8,0.0,1.0,2.0,167.63829787234042,194.63829787234044,35.87234042553192,62.872340425531945,0.38067632850241545,0.13333333333333333,0.10666666666666667,0.016666666666666666,0.36363636363636365,0.4,0.36363636363636365,0.10227272727272728,0.45454545454545453,0.20454545454545456,0.5333333333333333,0.29333333333333333,0.23333333333333334,0
0.8,0.8,0.0,1.0,2.0,167.63829787234042,194.63829787234044,35.87234042553192,62.872340425531945,0.38067632850241545,0.13333333333333333,0.10666666666666667,0.016666666666666666,0.36363636363636365,0.4,0.36363636363636365,0.10227272727272728,0.45454545454545453,0.20454545454545456,0.5333333333333333,0.29333333333333333,0.23333333333333334,0
0.8,0.8,0.0,0.6666666666666666,1.0,155.0709219858156,196.22695035460993,28.64539007092199,69.80141843971631,0.3710144927536232,0.03333333333333333,0.06666666666666667,0.06666666666666667,0.36363636363636365,0.38181818181818183,0.36363636363636365,0.25,0.38181818181818183,0.09090909090909091,0.3,0.18666666666666668,0.19166666666666668,0
0.8,0.8,0.0,0.6666666666666666,1.0,155.0709219858156,196.22695035460993,28.64539007092199,69.80141843971631,0.3710144927536232,0.03333333333333333,0.06666666666666667,0.06666666666666667,0.36363636363636365,0.38181818181818183,0.36363636363636365,0.25,0.38181818181818183,0.09090909090909091,0.3,0.18666666666666668,0.19166666666666668,0
0.8,0.8,0.0,0.6666666666666666,1.0,155.0709219858156,196.22695035460993,28.64539007092199,69.80141843971631,0.3710144927536232,0.03333333333333333,0.06666666666666667,0.06666666666666667,0.36363636363636365,0.38181818181818183,0.36363636363636365,0.25,0.38181818181818183,0.09090909090909091,0.3,0.18666666666666668,0.19166666666666668,0
0.8,0.8,0.0,0.6666666666666666,1.0,155.0709219858156,196.22695035460993,28.64539007092199,69.80141843971631,0.3710144927536232,0.03333333333333333,0.06666666666666667,0.06666666666666667,0.36363636363636365,0.38181818181818183,0.36363636363636365,0.25,0.38181818181818183,0.09090909090909091,0.3,0.18666666666666668,0.19166666666666668,0
0.8,0.8,0.0,0.9166666666666666,2.0,167.06382978723406,198.39007092198582,38.17021276595747,69.49645390070924,0.33816425120772947,0.06666666666666667,0.08,0.125,0.36363636363636365,0.4,0.36363636363636365,0.125,0.43636363636363634,0.09090909090909091,0.475,0.37333333333333335,0.3416666666666667,0
0.8,0.8,0.0,0.9166666666666666,2.0,167.06382978723406,198.39007092198582,38.17021276595747,69.49645390070924,0.33816425120772947,0.06666666666666667,0.08,0.125,0.36363636363636365,0.4,0.36363636363636365,0.125,0.43636363636363634,0.09090909090909091,0.475,0.37333333333333335,0.3416666666666667,0
0.8,0.8,0.0,0.9166666666666666,2.0,167.06382978723406,198.39007092198582,38.17021276595747,69.49645390070924,0.33816425120772947,0.06666666666666667,0.08,0.125,0.36363636363636365,0.4,0.36363636363636365,0.125,0.43636363636363634,0.09090909090909091,0.475,0.37333333333333335,0.3416666666666667,0
0.7333333333333333,0.7,0.3333333333333333,1.0,2.0,199.4609929078014,159.78014184397162,93.4609929078014,53.78014184397162,0.2956521739130435,0.15833333333333333,0.14666666666666667,0.13333333333333333,0.32954545454545453,0.38181818181818183,0.3409090909090909,0.0,0.4,0.10227272727272728,0.7166666666666667,0.72,0.65,0
0.7333333333333333,0.7,0.3333333333333333,1.0,2.0,199.4609929078014,159.78014184397162,93.4609929078014,53.78014184397162,0.2956521739130435,0.15833333333333333,0.14666666666666667,0.13333333333333333,0.32954545454545453,0.38181818181818183,0.3409090909090909,0.0,0.4,0.10227272727272728,0.7166666666666667,0.72,0.65,0
0.7333333333333333,0.7,0.3333333333333333,1.0,2.0,199.4609929078014,159.78014184397162,93.4609929078014,53.78014184397162,0.2956521739130435,0.15833333333333333,0.14666666666666667,0.13333333333333333,0.32954545454545453,0.38181818181818183,0.3409090909090909,0.0,0.4,0.10227272727272728,0.7166666666666667,0.72,0.65,0
1.0333333333333334,0.7,0.8333333333333334,1.0,1.0,235.82978723404256,123.08510638297872,184.46808510638297,71.72340425531914,0.3323671497584541,0.03333333333333333,0.18666666666666668,0.475,0.125,0.2,0.13636363636363635,0.056818181818181816,0.2727272727272727,0.4090909090909091,0.1,0.4,0.5333333333333333,0
1.0333333333333334,0.7,0.8333333333333334,1.0,1.0,235.82978723404256,123.08510638297872,184.46808510638297,71.72340425531914,0.3323671497584541,0.03333333333333333,0.18666666666666668,0.475,0.125,0.2,0.13636363636363635,0.056818181818181816,0.2727272727272727,0.4090909090909091,0.1,0.4,0.5333333333333333,0
1.0333333333333334,0.7,0.8333333333333334,1.0,1.0,235.82978723404256,123.08510638297872,184.46808510638297,71.72340425531914,0.3323671497584541,0.03333333333333333,0.18666666666666668,0.475,0.125,0.2,0.13636363636363635,0.056818181818181816,0.2727272727272727,0.4090909090909091,0.1,0.4,0.5333333333333333,0
0.8666666666666667,0.7,0.0,1.0,1.0,190.95035460992906,144.51063829787233,93.6950354609929,47.25531914893617,0.36038647342995167,0.0,0.0,0.0,0.20454545454545456,0.38181818181818183,0.3522727272727273,0.22727272727272727,0.34545454545454546,0.18181818181818182,0.475,0.5333333333333333,0.475,0
0.8666666666666667,0.7,0.0,1.0,1.0,190.95035460992906,144.51063829787233,93.6950354609929,47.25531914893617,0.36038647342995167,0.0,0.0,0.0,0.20454545454545456,0.38181818181818183,0.3522727272727273,0.22727272727272727,0.34545454545454546,0.18181818181818182,0.475,0.5333333333333333,0.475,0
0.8666666666666667,0.7,0.0,1.0,1.0,190.95035460992906,144.51063829787233,93.6950354609929,47.25531914893617,0.36038647342995167,0.0,0.0,0.0,0.20454545454545456,0.38181818181818183,0.3522727272727273,0.22727272727272727,0.34545454545454546,0.18181818181818182,0.475,0.5333333333333333,0.475,0
0.8666666666666667,0.7,0.0,1.0,1.0,190.95035460992906,144.51063829787233,93.6950354609929,47.25531914893617,0.36038647342995167,0.0,0.0,0.0,0.20454545454545456,0.38181818181818183,0.3522727272727273,0.22727272727272727,0.34545454545454546,0.18181818181818182,0.475,0.5333333333333333,0.475,0
0.8666666666666667,0.8333333333333334,0.3333333333333333,1.0,1.0,190.1843971631206,141.4822695035461,104.16312056737591,55.46099290780141,0.3903381642512077,0.0,0.0,0.0,0.23863636363636365,0.36363636363636365,0.4772727272727273,0.18181818181818182,0.34545454545454546,0.18181818181818182,0.475,0.5333333333333333,0.5166666666666667,0
0.8666666666666667,0.8333333333333334,0.3333333333333333,1.0,1.0,190.1843971631206,141.4822695035461,104.16312056737591,55.46099290780141,0.3903381642512077,0.0,0.0,0.0,0.23863636363636365,0.36363636363636365,0.4772727272727273,0.18181818181818182,0.34545454545454546,0.18181818181818182,0.475,0.5333333333333333,0.5166666666666667,0
0.8666666666666667,0.8333333333333334,0.3333333333333333,1.0,1.0,190.1843971631206,141.4822695035461,104.16312056737591,55.46099290780141,0.3903381642512077,0.0,0.0,0.0,0.23863636363636365,0.36363636363636365,0.4772727272727273,0.18181818181818182,0.34545454545454546,0.18181818181818182,0.475,0.5333333333333333,0.5166666666666667,0
0.7666666666666667,0.7,0.3333333333333333,1.0,1.0,181.2127659574468,152.20567375886526,77.08510638297872,48.078014184397176,0.3719806763285024,0.0,0.0,0.11666666666666667,0.2727272727272727,0.32727272727272727,0.375,0.18181818181818182,0.34545454545454546,0.18181818181818182,0.5333333333333333,0.5066666666666667,0.5333333333333333,0
0.7666666666666667,0.7,0.3333333333333333,1.0,1.0,181.2127659574468,152.20567375886526,77.08510638297872,48.078014184397176,0.3719806763285024,0.0,0.0,0.11666666666666667,0.2727272727272727,0.32727272727272727,0.375,0.18181818181818182,0.34545454545454546,0.18181818181818182,0.5333333333333333,0.5066666666666667,0.5333333333333333,0
0.7666666666666667,0.7,0.3333333333333333,1.0,1.0,181.2127659574468,152.20567375886526,77.08510638297872,48.078014184397176,0.3719806763285024,0.0,0.0,0.11666666666666667,0.2727272727272727,0.32727272727272727,0.375,0.18181818181818182,0.34545454545454546,0.18181818181818182,0.5333333333333333,0.5066666666666667,0.5333333333333333,0
0.7666666666666667,0.7,0.3333333333333333,1.0,1.0,181.2127659574468,152.20567375886526,77.08510638297872,48.078014184397176,0.3719806763285024,0.0,0.0,0.11666666666666667,0.2727272727272727,0.32727272727272727,0.375,0.18181818181818182,0.34545454545454546,0.18181818181818182,0.5333333333333333,0.5066666666666667,0.5333333333333333,0
0.84375,0.75,0.6666666666666666,0.5,2.0,214.156462585034,143.71428571428572,131.34013605442175,60.89795918367348,0.31918367346938775,0.11029411764705882,0.21176470588235294,0.3602941176470588,0.019230769230769232,0.5076923076923077,0.20192307692307693,0.07692307692307693,0.35384615384615387,0.33653846153846156,0.3235294117647059,0.2235294117647059,0.0,0
0.84375,0.75,0.6666666666666666,0.5,2.0,214.156462585034,143.71428571428572,131.34013605442175,60.89795918367348,0.31918367346938775,0.11029411764705882,0.21176470588235294,0.3602941176470588,0.019230769230769232,0.5076923076923077,0.20192307692307693,0.07692307692307693,0.35384615384615387,0.33653846153846156,0.3235294117647059,0.2235294117647059,0.0,0
0.84375,0.75,0.6666666666666666,0.5,2.0,214.156462585034,143.71428571428572,131.34013605442175,60.89795918367348,0.31918367346938775,0.11029411764705882,0.21176470588235294,0.3602941176470588,0.019230769230769232,0.5076923076923077,0.20192307692307693,0.07692307692307693,0.35384615384615387,0.33653846153846156,0.3235294117647059,0.2235294117647059,0.0,0
0.84375,0.75,0.6666666666666666,0.5,2.0,214.156462585034,143.71428571428572,131.34013605442175,60.89795918367348,0.31918367346938775,0.11029411764705882,0.21176470588235294,0.3602941176470588,0.019230769230769232,0.5076923076923077,0.20192307692307693,0.07692307692307693,0.35384615384615387,0.33653846153846156,0.3235294117647059,0.2235294117647059,0.0,0
0.875,0.8125,0.5,0.0,2.0,187.51020408163268,173.43537414965985,82.10204081632655,68.02721088435372,0.38285714285714284,0.19117647058823528,0.3764705882352941,0.5588235294117647,0.08653846153846154,0.3230769230769231,0.0,0.3557692307692308,0.4461538461538462,0.4326923076923077,0.0,0.0,0.0,0
0.875,0.8125,0.5,0.0,2.0,187.51020408163268,173.43537414965985,82.10204081632655,68.02721088435372,0.38285714285714284,0.19117647058823528,0.3764705882352941,0.5588235294117647,0.08653846153846154,0.3230769230769231,0.0,0.3557692307692308,0.4461538461538462,0.4326923076923077,0.0,0.0,0.0,0
0.875,0.8125,0.5,0.0,2.0,187.51020408163268,173.43537414965985,82.10204081632655,68.02721088435372,0.38285714285714284,0.19117647058823528,0.3764705882352941,0.5588235294117647,0.08653846153846154,0.3230769230769231,0.0,0.3557692307692308,0.4461538461538462,0.4326923076923077,0.0,0.0,0.0,0
0.875,0.8125,0.5,0.0,2.0,187.51020408163268,173.43537414965985,82.10204081632655,68.02721088435372,0.38285714285714284,0.19117647058823528,0.3764705882352941,0.5588235294117647,0.08653846153846154,0.3230769230769231,0.0,0.3557692307692308,0.4461538461538462,0.4326923076923077,0.0,0.0,0.0,0
0.875,0.8125,0.5,0.0,2.0,187.51020408163268,173.43537414965985,82.10204081632655,68.02721088435372,0.38285714285714284,0.19117647058823528,0.3764705882352941,0.5588235294117647,0.08653846153846154,0.3230769230769231,0.0,0.3557692307692308,0.4461538461538462,0.4326923076923077,0.0,0.0,0.0,0
0.9375,0.875,0.5,0.0,2.0,137.7074829931973,148.08163265306123,55.68707482993199,66.06122448979593,0.4269387755102041,0.4485294117647059,0.23529411764705882,0.4117647058823529,0.2692307692307692,0.4307692307692308,0.07692307692307693,0.5865384615384616,0.6153846153846154,0.6153846153846154,0.0,0.0,0.0,0
0.9375,0.875,1.0,0.0,2.0,144.2857142857143,150.15646258503403,57.55102040816328,63.42176870748301,0.42612244897959184,0.4411764705882353,0.32941176470588235,0.36764705882352944,0.2692307692307692,0.46153846153846156,0.057692307692307696,0.6057692307692307,0.6153846153846154,0.6153846153846154,0.0,0.0,0.0,0
0.9375,0.875,1.0,0.0,2.0,144.2857142857143,150.15646258503403,57.55102040816328,63.42176870748301,0.42612244897959184,0.4411764705882353,0.32941176470588235,0.36764705882352944,0.2692307692307692,0.46153846153846156,0.057692307692307696,0.6057692307692307,0.6153846153846154,0.6153846153846154,0.0,0.0,0.0,0
0.9375,0.875,1.0,0.0,2.0,144.2857142857143,150.15646258503403,57.55102040816328,63.42176870748301,0.42612244897959184,0.4411764705882353,0.32941176470588235,0.36764705882352944,0.2692307692307692,0.46153846153846156,0.057692307692307696,0.6057692307692307,0.6153846153846154,0.6153846153846154,0.0,0.0,0.0,0
0.9375,0.875,1.0,0.0,2.0,144.2857142857143,150.15646258503403,57.55102040816328,63.42176870748301,0.42612244897959184,0.4411764705882353,0.32941176470588235,0.36764705882352944,0.2692307692307692,0.46153846153846156,0.057692307692307696,0.6057692307692307,0.6153846153846154,0.6153846153846154,0.0,0.0,0.0,0
0.9375,0.875,1.0,0.0,2.0,144.2857142857143,150.15646258503403,57.55102040816328,63.42176870748301,0.42612244897959184,0.4411764705882353,0.32941176470588235,0.36764705882352944,0.2692307692307692,0.46153846153846156,0.057692307692307696,0.6057692307692307,0.6153846153846154,0.6153846153846154,0.0,0.0,0.0,0
1.0,1.0,0.4166666666666667,0.0,2.0,175.24489795918365,140.43537414965988,90.4489795918367,55.639455782312936,0.4122448979591837,0.25735294117647056,0.10588235294117647,0.22794117647058823,0.019230769230769232,0.3076923076923077,0.16346153846153846,0.5961538461538461,0.6923076923076923,0.5576923076923077,0.0,0.0,0.0,0
1.0,1.0,0.4166666666666667,0.0,2.0,175.24489795918365,140.43537414965988,90.4489795918367,55.639455782312936,0.4122448979591837,0.25735294117647056,0.10588235294117647,0.22794117647058823,0.019230769230769232,0.3076923076923077,0.16346153846153846,0.5961538461538461,0.6923076923076923,0.5576923076923077,0.0,0.0,0.0,0
1.0,1.0,0.4166666666666667,0.0,2.0,175.24489795918365,140.43537414965988,90.4489795918367,55.639455782312936,0.4122448979591837,0.25735294117647056,0.10588235294117647,0.22794117647058823,0.019230769230769232,0.3076923076923077,0.16346153846153846,0.5961538461538461,0.6923076923076923,0.5576923076923077,0.0,0.0,0.0,0
1.0,1.0,0.4166666666666667,0.0,2.0,175.24489795918365,140.43537414965988,90.4489795918367,55.639455782312936,0.4122448979591837,0.25735294117647056,0.10588235294117647,0.22794117647058823,0.019230769230769232,0.3076923076923077,0.16346153846153846,0.5961538461538461,0.6923076923076923,0.5576923076923077,0.0,0.0,0.0,0
1.0,1.0,0.4166666666666667,0.0,2.0,175.24489795918365,140.43537414965988,90.4489795918367,55.639455782312936,0.4122448979591837,0.25735294117647056,0.10588235294117647,0.22794117647058823,0.019230769230769232,0.3076923076923077,0.16346153846153846,0.5961538461538461,0.6923076923076923,0.5576923076923077,0.0,0.0,0.0,0
1.03125,0.9375,0.0,0.0,3.5,189.91836734693877,185.58503401360542,58.85714285714286,54.52380952380952,0.3069387755102041,0.022058823529411766,0.0,0.0,0.16346153846153846,0.2923076923076923,0.3076923076923077,0.3942307692307692,0.3384615384615385,0.07692307692307693,0.0,0.0,0.0,0
1.03125,0.9375,0.0,0.0,3.5,189.91836734693877,185.58503401360542,58.85714285714286,54.52380952380952,0.3069387755102041,0.022058823529411766,0.0,0.0,0.16346153846153846,0.2923076923076923,0.3076923076923077,0.3942307692307692,0.3384615384615385,0.07692307692307693,0.0,0.0,0.0,0
1.03125,0.9375,0.0,0.0,3.5,189.91836734693877,185.58503401360542,58.85714285714286,54.52380952380952,0.3069387755102041,0.022058823529411766,0.0,0.0,0.16346153846153846,0.2923076923076923,0.3076923076923077,0.3942307692307692,0.3384615384615385,0.07692307692307693,0.0,0.0,0.0,0
1.03125,0.9375,0.0,0.0,3.5,189.91836734693877,185.58503401360542,58.85714285714286,54.52380952380952,0.3069387755102041,0.022058823529411766,0.0,0.0,0.16346153846153846,0.2923076923076923,0.3076923076923077,0.3942307692307692,0.3384615384615385,0.07692307692307693,0.0,0.0,0.0,0
0.84375,0.75,0.8333333333333334,0.0,1.0,228.0408163265306,143.12925170068027,101.75510204081631,16.84353741496598,0.31673469387755104,0.0,0.24705882352941178,0.41911764705882354,0.16346153846153846,0.3384615384615385,0.22115384615384615,0.07692307692307693,0.27692307692307694,0.33653846153846156,0.0,0.0,0.0,0
0.84375,0.75,0.8333333333333334,0.0,1.0,228.0408163265306,143.12925170068027,101.75510204081631,16.84353741496598,0.31673469387755104,0.0,0.24705882352941178,0.41911764705882354,0.16346153846153846,0.3384615384615385,0.22115384615384615,0.07692307692307693,0.27692307692307694,0.33653846153846156,0.0,0.0,0.0,0
0.84375,0.75,0.8333333333333334,0.0,1.0,228.0408163265306,143.12925170068027,101.75510204081631,16.84353741496598,0.31673469387755104,0.0,0.24705882352941178,0.41911764705882354,0.16346153846153846,0.3384615384615385,0.22115384615384615,0.07692307692307693,0.27692307692307694,0.33653846153846156,0.0,0.0,0.0,0
0.84375,0.75,0.8333333333333334,0.0,1.0,228.0408163265306,143.12925170068027,101.75510204081631,16.84353741496598,0.31673469387755104,0.0,0.24705882352941178,0.41911764705882354,0.16346153846153846,0.3384615384615385,0.22115384615384615,0.07692307692307693,0.27692307692307694,0.33653846153846156,0.0,0.0,0.0,0
0.84375,0.75,0.8333333333333334,0.0,1.0,228.0408163265306,143.12925170068027,101.75510204081631,16.84353741496598,0.31673469387755104,0.0,0.24705882352941178,0.41911764705882354,0.16346153846153846,0.3384615384615385,0.22115384615384615,0.07692307692307693,0.27692307692307694,0.33653846153846156,0.0,0.0,0.0,0
0.9375,0.875,0.16666666666666666,0.0,6.0,183.2244897959184,136.16326530612244,69.91836734693881,22.857142857142847,0.40816326530612246,0.27941176470588236,0.011764705882352941,0.11764705882352941,0.10576923076923077,0.3230769230769231,0.3076923076923077,0.40384615384615385,0.5692307692307692,0.6346153846153846,0.0,0.0,0.0,0
0.9375,0.875,0.16666666666666666,0.0,6.0,183.2244897959184,136.16326530612244,69.91836734693881,22.857142857142847,0.40816326530612246,0.27941176470588236,0.011764705882352941,0.11764705882352941,0.10576923076923077,0.3230769230769231,0.3076923076923077,0.40384615384615385,0.5692307692307692,0.6346153846153846,0.0,0.0,0.0,0
0.9375,0.875,0.16666666666666666,0.0,6.0,183.2244897959184,136.16326530612244,69.91836734693881,22.857142857142847,0.40816326530612246,0.27941176470588236,0.011764705882352941,0.11764705882352941,0.10576923076923077,0.3230769230769231,0.3076923076923077,0.40384615384615385,0.5692307692307692,0.6346153846153846,0.0,0.0,0.0,0
0.9375,0.875,0.16666666666666666,0.0,6.0,183.2244897959184,136.16326530612244,69.91836734693881,22.857142857142847,0.40816326530612246,0.27941176470588236,0.011764705882352941,0.11764705882352941,0.10576923076923077,0.3230769230769231,0.3076923076923077,0.40384615384615385,0.5692307692307692,0.6346153846153846,0.0,0.0,0.0,0
0.9375,0.875,0.16666666666666666,0.0,6.0,183.2244897959184,136.16326530612244,69.91836734693881,22.857142857142847,0.40816326530612246,0.27941176470588236,0.011764705882352941,0.11764705882352941,0.10576923076923077,0.3230769230769231,0.3076923076923077,0.40384615384615385,0.5692307692307692,0.6346153846153846,0.0,0.0,0.0,0
1.0,0.90625,0.0,0.0,6.0,184.85034013605446,149.55102040816325,80.3197278911565,45.0204081632653,0.4008163265306122,0.125,0.11764705882352941,0.11029411764705882,0.1346153846153846,0.2923076923076923,0.28846153846153844,0.6057692307692307,0.5846153846153846,0.40384615384615385,0.0,0.0,0.0,0
1.0,0.90625,0.0,0.0,6.0,184.85034013605446,149.55102040816325,80.3197278911565,45.0204081632653,0.4008163265306122,0.125,0.11764705882352941,0.11029411764705882,0.1346153846153846,0.2923076923076923,0.28846153846153844,0.6057692307692307,0.5846153846153846,0.40384615384615385,0.0,0.0,0.0,0
1.0,0.90625,0.0,0.0,6.0,184.85034013605446,149.55102040816325,80.3197278911565,45.0204081632653,0.4008163265306122,0.125,0.11764705882352941,0.11029411764705882,0.1346153846153846,0.2923076923076923,0.28846153846153844,0.6057692307692307,0.5846153846153846,0.40384615384615385,0.0,0.0,0.0,0
1.0,0.90625,0.0,0.0,6.0,184.85034013605446,149.55102040816325,80.3197278911565,45.0204081632653,0.4008163265306122,0.125,0.11764705882352941,0.11029411764705882,0.1346153846153846,0.2923076923076923,0.28846153846153844,0.6057692307692307,0.5846153846153846,0.40384615384615385,0.0,0.0,0.0,0
1.0,0.90625,0.0,0.0,6.0,184.85034013605446,149.55102040816325,80.3197278911565,45.0204081632653,0.4008163265306122,0.125,0.11764705882352941,0.11029411764705882,0.1346153846153846,0.2923076923076923,0.28846153846153844,0.6057692307692307,0.5846153846153846,0.40384615384615385,0.0,0.0,0.0,0
0.9375,0.875,0.16666666666666666,0.11904761904761904,7.0,182.0,135.17006802721087,76.40816326530613,29.578231292517003,0.39918367346938777,0.11764705882352941,0.10588235294117647,0.11029411764705882,0.25,0.3384615384615385,0.4230769230769231,0.4326923076923077,0.47692307692307695,0.4519230769230769,0.0,0.0,0.0,0
0.9375,0.875,0.16666666666666666,0.11904761904761904,7.0,182.0,135.17006802721087,76.40816326530613,29.578231292517003,0.39918367346938777,0.11764705882352941,0.10588235294117647,0.11029411764705882,0.25,0.3384615384615385,0.4230769230769231,0.4326923076923077,0.47692307692307695,0.4519230769230769,0.0,0.0,0.0,0
0.9375,0.875,0.16666666666666666,0.11904761904761904,7.0,182.0,135.17006802721087,76.40816326530613,29.578231292517003,0.39918367346938777,0.11764705882352941,0.10588235294117647,0.11029411764705882,0.25,0.3384615384615385,0.4230769230769231,0.4326923076923077,0.47692307692307695,0.4519230769230769,0.0,0.0,0.0,0
0.9375,0.90625,0.16666666666666666,0.16666666666666666,1.0,182.0,135.17006802721087,76.40816326530613,29.578231292517003,0.39918367346938777,0.11764705882352941,0.10588235294117647,0.11029411764705882,0.2708333333333333,0.36666666666666664,0.4583333333333333,0.4017857142857143,0.44285714285714284,0.41964285714285715,0.0,0.0,0.0,0
0.9375,0.90625,0.16666666666666666,0.16666666666666666,1.0,182.0,135.17006802721087,76.40816326530613,29.578231292517003,0.39918367346938777,0.11764705882352941,0.10588235294117647,0.11029411764705882,0.2708333333333333,0.36666666666666664,0.4583333333333333,0.4017857142857143,0.44285714285714284,0.41964285714285715,0.0,0.0,0.0,0
0.875,0.71875,0.2777777777777778,0.4166666666666667,6.0,182.31972789115648,141.31972789115648,53.666666666666686,12.666666666666686,0.4073469387755102,0.10294117647058823,0.12941176470588237,0.09558823529411764,0.49038461538461536,0.46153846153846156,0.5096153846153846,0.4807692307692308,0.6615384615384615,0.5865384615384616,0.0,0.0,0.0661764705882353,0
0.875,0.71875,0.2777777777777778,0.4166666666666667,6.0,182.31972789115648,141.31972789115648,53.666666666666686,12.666666666666686,0.4073469387755102,0.10294117647058823,0.12941176470588237,0.09558823529411764,0.49038461538461536,0.46153846153846156,0.5096153846153846,0.4807692307692308,0.6615384615384615,0.5865384615384616,0.0,0.0,0.0661764705882353,0
0.875,0.71875,0.2777777777777778,0.4166666666666667,6.0,182.31972789115648,141.31972789115648,53.666666666666686,12.666666666666686,0.4073469387755102,0.10294117647058823,0.12941176470588237,0.09558823529411764,0.49038461538461536,0.46153846153846156,0.5096153846153846,0.4807692307692308,0.6615384615384615,0.5865384615384616,0.0,0.0,0.0661764705882353,0
0.875,0.71875,0.2777777777777778,0.4166666666666667,6.0,182.31972789115648,141.31972789115648,53.666666666666686,12.666666666666686,0.4073469387755102,0.10294117647058823,0.12941176470588237,0.09558823529411764,0.49038461538461536,0.46153846153846156,0.5096153846153846,0.4807692307692308,0.6615384615384615,0.5865384615384616,0.0,0.0,0.0661764705882353,0
0.875,0.71875,0.3333333333333333,0.7083333333333334,4.5,227.3673469387755,135.0,121.44897959183673,29.08163265306122,0.3142857142857143,0.03676470588235294,0.21176470588235294,0.17647058823529413,0.08653846153846154,0.27692307692307694,0.3173076923076923,0.009615384615384616,0.5230769230769231,0.3076923076923077,0.04411764705882353,0.1411764705882353,0.21323529411764705,0
0.875,0.71875,0.3333333333333333,0.7083333333333334,4.5,227.3673469387755,135.0,121.44897959183673,29.08163265306122,0.3142857142857143,0.03676470588235294,0.21176470588235294,0.17647058823529413,0.08653846153846154,0.27692307692307694,0.3173076923076923,0.009615384615384616,0.5230769230769231,0.3076923076923077,0.04411764705882353,0.1411764705882353,0.21323529411764705,0
0.875,0.71875,0.3333333333333333,0.7083333333333334,4.5,227.3673469387755,135.0,121.44897959183673,29.08163265306122,0.3142857142857143,0.03676470588235294,0.21176470588235294,0.17647058823529413,0.08653846153846154,0.27692307692307694,0.3173076923076923,0.009615384615384616,0.5230769230769231,0.3076923076923077,0.04411764705882353,0.1411764705882353,0.21323529411764705,0
0.875,0.71875,0.3333333333333333,0.7083333333333334,4.5,227.3673469387755,135.0,121.44897959183673,29.08163265306122,0.3142857142857143,0.03676470588235294,0.21176470588235294,0.17647058823529413,0.08653846153846154,0.27692307692307694,0.3173076923076923,0.009615384615384616,0.5230769230769231,0.3076923076923077,0.04411764705882353,0.1411764705882353,0.21323529411764705,0
0.875,0.71875,0.3333333333333333,0.7083333333333334,4.5,227.3673469387755,135.0,121.44897959183673,29.08163265306122,0.3142857142857143,0.03676470588235294,0.21176470588235294,0.17647058823529413,0.08653846153846154,0.27692307692307694,0.3173076923076923,0.009615384615384616,0.5230769230769231,0.3076923076923077,0.04411764705882353,0.1411764705882353,0.21323529411764705,0
0.9375,0.84375,0.0,1.0,2.0,181.46938775510205,138.3265306122449,95.79591836734694,52.653061224489804,0.4016326530612245,0.08823529411764706,0.09411764705882353,0.10294117647058823,0.11538461538461539,0.23076923076923078,0.3076923076923077,0.25,0.46153846153846156,0.25961538461538464,0.2867647058823529,0.29411764705882354,0.3161764705882353,0
0.9375,0.84375,0.0,1.0,2.0,181.46938775510205,138.3265306122449,95.79591836734694,52.653061224489804,0.4016326530612245,0.08823529411764706,0.09411764705882353,0.10294117647058823,0.11538461538461539,0.23076923076923078,0.3076923076923077,0.25,0.46153846153846156,0.25961538461538464,0.2867647058823529,0.29411764705882354,0.3161764705882353,0
0.9375,0.84375,0.0,1.0,2.0,181.46938775510205,138.3265306122449,95.79591836734694,52.653061224489804,0.4016326530612245,0.08823529411764706,0.09411764705882353,0.10294117647058823,0.11538461538461539,0.23076923076923078,0.3076923076923077,0.25,0.46153846153846156,0.25961538461538464,0.2867647058823529,0.29411764705882354,0.3161764705882353,0
0.9375,0.84375,0.0,1.0,2.0,181.46938775510205,138.3265306122449,95.79591836734694,52.653061224489804,0.4016326530612245,0.08823529411764706,0.09411764705882353,0.10294117647058823,0.11538461538461539,0.23076923076923078,0.3076923076923077,0.25,0.46153846153846156,0.25961538461538464,0.2867647058823529,0.29411764705882354,0.3161764705882353,0
0.9375,0.84375,0.0,1.0,2.0,181.46938775510205,138.3265306122449,95.79591836734694,52.653061224489804,0.4016326530612245,0.08823529411764706,0.09411764705882353,0.10294117647058823,0.11538461538461539,0.23076923076923078,0.3076923076923077,0.25,0.46153846153846156,0.25961538461538464,0.2867647058823529,0.29411764705882354,0.3161764705882353,0
0.875,0.71875,0.0,1.0,1.5,186.843537414966,148.37414965986395,91.92517006802721,53.455782312925166,0.37551020408163266,0.08823529411764706,0.11764705882352941,0.13970588235294118,0.20192307692307693,0.26153846153846155,0.2692307692307692,0.22115384615384615,0.35384615384615387,0.2403846153846154,0.3161764705882353,0.3058823529411765,0.3161764705882353,0
0.875,0.71875,0.0,1.0,1.5,186.843537414966,148.37414965986395,91.92517006802721,53.455782312925166,0.37551020408163266,0.08823529411764706,0.11764705882352941,0.13970588235294118,0.20192307692307693,0.26153846153846155,0.2692307692307692,0.22115384615384615,0.35384615384615387,0.2403846153846154,0.3161764705882353,0.3058823529411765,0.3161764705882353,0
0.875,0.71875,0.0,1.0,1.5,186.843537414966,148.37414965986395,91.92517006802721,53.455782312925166,0.37551020408163266,0.08823529411764706,0.11764705882352941,0.13970588235294118,0.20192307692307693,0.26153846153846155,0.2692307692307692,0.22115384615384615,0.35384615384615387,0.2403846153846154,0.3161764705882353,0.3058823529411765,0.3161764705882353,0
0.875,0.71875,0.0,1.0,1.5,186.843537414966,148.37414965986395,91.92517006802721,53.455782312925166,0.37551020408163266,0.08823529411764706,0.11764705882352941,0.13970588235294118,0.20192307692307693,0.26153846153846155,0.2692307692307692,0.22115384615384615,0.35384615384615387,0.2403846153846154,0.3161764705882353,0.3058823529411765,0.3161764705882353,0
0.84375,0.75,0.8611111111111112,0.0,6.0,139.1360544217687,175.8843537414966,31.38095238095238,68.12925170068027,0.40244897959183673,0.27205882352941174,0.2235294117647059,0.13970588235294118,0.3557692307692308,0.6615384615384615,0.6538461538461539,0.38461538461538464,0.27692307692307694,0.25,0.15441176470588236,0.17647058823529413,0.125,0
0.84375,0.75,0.8611111111111112,0.0,6.0,139.1360544217687,175.8843537414966,31.38095238095238,68.12925170068027,0.40244897959183673,0.27205882352941174,0.2235294117647059,0.13970588235294118,0.3557692307692308,0.6615384615384615,0.6538461538461539,0.38461538461538464,0.27692307692307694,0.25,0.15441176470588236,0.17647058823529413,0.125,0
0.84375,0.75,0.8611111111111112,0.0,6.0,139.1360544217687,175.8843537414966,31.38095238095238,68.12925170068027,0.40244897959183673,0.27205882352941174,0.2235294117647059,0.13970588235294118,0.3557692307692308,0.6615384615384615,0.6538461538461539,0.38461538461538464,0.27692307692307694,0.25,0.15441176470588236,0.17647058823529413,0.125,0
0.84375,0.75,0.8611111111111112,0.0,6.0,139.1360544217687,175.8843537414966,31.38095238095238,68.12925170068027,0.40244897959183673,0.27205882352941174,0.2235294117647059,0.13970588235294118,0.3557692307692308,0.6615384615384615,0.6538461538461539,0.38461538461538464,0.27692307692307694,0.25,0.15441176470588236,0.17647058823529413,0.125,0
1.0,0.96875,0.0,0.0,2.0,228.27210884353744,199.42176870748298,130.68027210884355,101.82993197278911,0.19428571428571428,0.0,0.0,0.014705882352941176,0.0,0.3384615384615385,0.5192307692307693,0.07692307692307693,0.4307692307692308,0.028846153846153848,0.0,0.0,0.33088235294117646,0
1.0,0.96875,0.0,0.0,2.0,224.94557823129253,179.5578231292517,88.1496598639456,42.76190476190476,0.2,0.0,0.0,0.014705882352941176,0.0,0.3384615384615385,0.5288461538461539,0.07692307692307693,0.4307692307692308,0.028846153846153848,0.0,0.011764705882352941,0.36764705882352944,0
1.0,0.96875,0.0,0.0,2.0,224.94557823129253,179.5578231292517,88.1496598639456,42.76190476190476,0.2,0.0,0.0,0.014705882352941176,0.0,0.3384615384615385,0.5288461538461539,0.07692307692307693,0.4307692307692308,0.028846153846153848,0.0,0.011764705882352941,0.36764705882352944,0
1.0,0.96875,0.0,0.0,2.0,224.94557823129253,179.5578231292517,88.1496598639456,42.76190476190476,0.2,0.0,0.0,0.014705882352941176,0.0,0.3384615384615385,0.5288461538461539,0.07692307692307693,0.4307692307692308,0.028846153846153848,0.0,0.011764705882352941,0.36764705882352944,0
0.9375,0.84375,0.0,1.0,1.0,177.70748299319726,131.35374149659864,95.5442176870748,49.19047619047619,0.31183673469387757,0.014705882352941176,0.0,0.058823529411764705,0.5288461538461539,0.26153846153846155,0.3173076923076923,0.028846153846153848,0.3384615384615385,0.23076923076923078,0.36764705882352944,0.3764705882352941,0.25,0
0.9375,0.84375,0.0,1.0,1.0,177.70748299319726,131.35374149659864,95.5442176870748,49.19047619047619,0.31183673469387757,0.014705882352941176,0.0,0.058823529411764705,0.5288461538461539,0.26153846153846155,0.3173076923076923,0.028846153846153848,0.3384615384615385,0.23076923076923078,0.36764705882352944,0.3764705882352941,0.25,0
0.9375,0.84375,0.0,1.0,1.0,177.70748299319726,131.35374149659864,95.5442176870748,49.19047619047619,0.31183673469387757,0.014705882352941176,0.0,0.058823529411764705,0.5288461538461539,0.26153846153846155,0.3173076923076923,0.028846153846153848,0.3384615384615385,0.23076923076923078,0.36764705882352944,0.3764705882352941,0.25,0
0.9375,0.84375,0.0,1.0,1.0,177.70748299319726,131.35374149659864,95.5442176870748,49.19047619047619,0.31183673469387757,0.014705882352941176,0.0,0.058823529411764705,0.5288461538461539,0.26153846153846155,0.3173076923076923,0.028846153846153848,0.3384615384615385,0.23076923076923078,0.36764705882352944,0.3764705882352941,0.25,0
0.9375,0.84375,0.0,1.0,1.0,177.70748299319726,131.35374149659864,95.5442176870748,49.19047619047619,0.31183673469387757,0.014705882352941176,0.0,0.058823529411764705,0.5288461538461539,0.26153846153846155,0.3173076923076923,0.028846153846153848,0.3384615384615385,0.23076923076923078,0.36764705882352944,0.3764705882352941,0.25,0
0.875,0.71875,0.3333333333333333,0.9166666666666666,3.5,173.04761904761904,129.81632653061226,91.70068027210883,48.46938775510205,0.42857142857142855,0.11029411764705882,0.11764705882352941,0.11764705882352941,0.15384615384615385,0.3076923076923077,0.36538461538461536,0.2403846153846154,0.4,0.23076923076923078,0.29411764705882354,0.29411764705882354,0.29411764705882354,0
0.875,0.71875,0.3333333333333333,0.9166666666666666,3.5,173.04761904761904,129.81632653061226,91.70068027210883,48.46938775510205,0.42857142857142855,0.11029411764705882,0.11764705882352941,0.11764705882352941,0.15384615384615385,0.3076923076923077,0.36538461538461536,0.2403846153846154,0.4,0.23076923076923078,0.29411764705882354,0.29411764705882354,0.29411764705882354,0
0.875,0.71875,0.3333333333333333,0.9166666666666666,3.5,173.04761904761904,129.81632653061226,91.70068027210883,48.46938775510205,0.42857142857142855,0.11029411764705882,0.11764705882352941,0.11764705882352941,0.15384615384615385,0.3076923076923077,0.36538461538461536,0.2403846153846154,0.4,0.23076923076923078,0.29411764705882354,0.29411764705882354,0.29411764705882354,0
0.875,0.71875,0.3333333333333333,0.9166666666666666,3.5,173.04761904761904,129.81632653061226,91.70068027210883,48.46938775510205,0.42857142857142855,0.11029411764705882,0.11764705882352941,0.11764705882352941,0.15384615384615385,0.3076923076923077,0.36538461538461536,0.2403846153846154,0.4,0.23076923076923078,0.29411764705882354,0.29411764705882354,0.29411764705882354,0
0.9375,0.84375,0.3333333333333333,1.0,1.0,172.3673469387755,129.6938775510204,82.14285714285714,39.46938775510202,0.4416326530612245,0.11764705882352941,0.03529411764705882,0.0,0.22115384615384615,0.36923076923076925,0.38461538461538464,0.23076923076923078,0.4,0.23076923076923078,0.29411764705882354,0.29411764705882354,0.29411764705882354,0
0.9375,0.84375,0.3333333333333333,1.0,1.0,172.3673469387755,129.6938775510204,82.14285714285714,39.46938775510202,0.4416326530612245,0.11764705882352941,0.03529411764705882,0.0,0.22115384615384615,0.36923076923076925,0.38461538461538464,0.23076923076923078,0.4,0.23076923076923078,0.29411764705882354,0.29411764705882354,0.29411764705882354,0
0.9375,0.84375,0.3333333333333333,1.0,1.0,172.3673469387755,129.6938775510204,82.14285714285714,39.46938775510202,0.4416326530612245,0.11764705882352941,0.03529411764705882,0.0,0.22115384615384615,0.36923076923076925,0.38461538461538464,0.23076923076923078,0.4,0.23076923076923078,0.29411764705882354,0.29411764705882354,0.29411764705882354,0
0.9375,0.84375,0.3333333333333333,1.0,1.0,172.3673469387755,129.6938775510204,82.14285714285714,39.46938775510202,0.4416326530612245,0.11764705882352941,0.03529411764705882,0.0,0.22115384615384615,0.36923076923076925,0.38461538461538464,0.23076923076923078,0.4,0.23076923076923078,0.29411764705882354,0.29411764705882354,0.29411764705882354,0
0.9375,0.84375,0.3333333333333333,1.0,1.0,172.3673469387755,129.6938775510204,82.14285714285714,39.46938775510202,0.4416326530612245,0.11764705882352941,0.03529411764705882,0.0,0.22115384615384615,0.36923076923076925,0.38461538461538464,0.23076923076923078,0.4,0.23076923076923078,0.29411764705882354,0.29411764705882354,0.29411764705882354,0
1.03125,1.03125,0.5,0.08333333333333333,2.0,176.14285714285714,213.3265306122449,78.36734693877551,115.55102040816328,0.27346938775510204,0.0,0.4235294117647059,0.5735294117647058,0.0,0.4,0.057692307692307696,0.28846153846153844,0.49230769230769234,0.11538461538461539,0.25,0.1411764705882353,0.014705882352941176,0
1.0,1.03125,1.0,0.0,2.0,176.20408163265304,213.1156462585034,72.53061224489794,109.4421768707483,0.2693877551020408,0.0,0.5411764705882353,0.5661764705882353,0.0,0.4,0.08653846153846154,0.33653846153846156,0.4153846153846154,0.1346153846153846,0.27205882352941174,0.08235294117647059,0.014705882352941176,0
1.0,1.03125,1.0,0.0,2.0,176.20408163265304,213.1156462585034,72.53061224489794,109.4421768707483,0.2693877551020408,0.0,0.5411764705882353,0.5661764705882353,0.0,0.4,0.08653846153846154,0.33653846153846156,0.4153846153846154,0.1346153846153846,0.27205882352941174,0.08235294117647059,0.014705882352941176,0
1.0,1.03125,1.0,0.0,2.0,176.20408163265304,213.1156462585034,72.53061224489794,109.4421768707483,0.2693877551020408,0.0,0.5411764705882353,0.5661764705882353,0.0,0.4,0.08653846153846154,0.33653846153846156,0.4153846153846154,0.1346153846153846,0.27205882352941174,0.08235294117647059,0.014705882352941176,0
0.9375,0.8125,0.3333333333333333,0.9166666666666666,1.5,175.61904761904762,130.55102040816325,94.8639455782313,49.79591836734693,0.43183673469387757,0.08088235294117647,0.11764705882352941,0.11764705882352941,0.19230769230769232,0.3230769230769231,0.3942307692307692,0.21153846153846154,0.4153846153846154,0.18269230769230768,0.29411764705882354,0.3176470588235294,0.25735294117647056,0
0.9375,0.8125,0.3333333333333333,0.9166666666666666,1.5,175.61904761904762,130.55102040816325,94.8639455782313,49.79591836734693,0.43183673469387757,0.08088235294117647,0.11764705882352941,0.11764705882352941,0.19230769230769232,0.3230769230769231,0.3942307692307692,0.21153846153846154,0.4153846153846154,0.18269230769230768,0.29411764705882354,0.3176470588235294,0.25735294117647056,0
0.9375,0.8125,0.3333333333333333,0.9166666666666666,1.5,175.61904761904762,130.55102040816325,94.8639455782313,49.79591836734693,0.43183673469387757,0.08088235294117647,0.11764705882352941,0.11764705882352941,0.19230769230769232,0.3230769230769231,0.3942307692307692,0.21153846153846154,0.4153846153846154,0.18269230769230768,0.29411764705882354,0.3176470588235294,0.25735294117647056,0
0.9375,0.8125,0.3333333333333333,0.9166666666666666,1.5,175.61904761904762,130.55102040816325,94.8639455782313,49.79591836734693,0.43183673469387757,0.08088235294117647,0.11764705882352941,0.11764705882352941,0.19230769230769232,0.3230769230769231,0.3942307692307692,0.21153846153846154,0.4153846153846154,0.18269230769230768,0.29411764705882354,0.3176470588235294,0.25735294117647056,0
0.875,0.8125,0.2916666666666667,0.9166666666666666,4.0,176.78231292517003,137.35374149659864,80.19047619047616,40.76190476190477,0.42857142857142855,0.10294117647058823,0.058823529411764705,0.0,0.17307692307692307,0.4307692307692308,0.3557692307692308,0.15384615384615385,0.5076923076923077,0.17307692307692307,0.23529411764705882,0.2823529411764706,0.27941176470588236,0
0.875,0.8125,0.2916666666666667,0.9166666666666666,4.0,176.78231292517003,137.35374149659864,80.19047619047616,40.76190476190477,0.42857142857142855,0.10294117647058823,0.058823529411764705,0.0,0.17307692307692307,0.4307692307692308,0.3557692307692308,0.15384615384615385,0.5076923076923077,0.17307692307692307,0.23529411764705882,0.2823529411764706,0.27941176470588236,0
0.875,0.8125,0.2916666666666667,0.9166666666666666,4.0,176.78231292517003,137.35374149659864,80.19047619047616,40.76190476190477,0.42857142857142855,0.10294117647058823,0.058823529411764705,0.0,0.17307692307692307,0.4307692307692308,0.3557692307692308,0.15384615384615385,0.5076923076923077,0.17307692307692307,0.23529411764705882,0.2823529411764706,0.27941176470588236,0
0.875,0.8125,0.2916666666666667,0.9166666666666666,4.0,176.78231292517003,137.35374149659864,80.19047619047616,40.76190476190477,0.42857142857142855,0.10294117647058823,0.058823529411764705,0.0,0.17307692307692307,0.4307692307692308,0.3557692307692308,0.15384615384615385,0.5076923076923077,0.17307692307692307,0.23529411764705882,0.2823529411764706,0.27941176470588236,0
1.03125,1.03125,1.0,1.0,1.0,226.68027210884352,175.64625850340136,205.6190476190476,154.58503401360542,0.28408163265306124,0.0,0.4117647058823529,0.5073529411764706,0.09615384615384616,0.2153846153846154,0.0,0.0673076923076923,0.35384615384615387,0.23076923076923078,0.0,0.17647058823529413,0.33088235294117646,0
1.03125,1.03125,1.0,1.0,1.0,226.68027210884352,175.64625850340136,205.6190476190476,154.58503401360542,0.28408163265306124,0.0,0.4117647058823529,0.5073529411764706,0.09615384615384616,0.2153846153846154,0.0,0.0673076923076923,0.35384615384615387,0.23076923076923078,0.0,0.17647058823529413,0.33088235294117646,0
1.03125,1.03125,1.0,1.0,1.0,226.68027210884352,175.64625850340136,205.6190476190476,154.58503401360542,0.28408163265306124,0.0,0.4117647058823529,0.5073529411764706,0.09615384615384616,0.2153846153846154,0.0,0.0673076923076923,0.35384615384615387,0.23076923076923078,0.0,0.17647058823529413,0.33088235294117646,0
1.0,1.0,0.0,0.0,2.0,201.1972789115646,254.3877551020408,78.60544217687074,131.79591836734693,0.1689795918367347,0.029411764705882353,0.0,0.0,0.4326923076923077,0.3076923076923077,0.0,0.10576923076923077,0.3076923076923077,0.0,0.03676470588235294,0.0,0.0,0
1.0,1.0,0.0,0.0,2.0,201.1972789115646,254.3877551020408,78.60544217687074,131.79591836734693,0.1689795918367347,0.029411764705882353,0.0,0.0,0.4326923076923077,0.3076923076923077,0.0,0.10576923076923077,0.3076923076923077,0.0,0.03676470588235294,0.0,0.0,0
1.0,1.0,0.0,0.0,2.0,201.1972789115646,254.3877551020408,78.60544217687074,131.79591836734693,0.1689795918367347,0.029411764705882353,0.0,0.0,0.4326923076923077,0.3076923076923077,0.0,0.10576923076923077,0.3076923076923077,0.0,0.03676470588235294,0.0,0.0,0
1.0,1.0,0.0,0.0,2.0,201.1972789115646,254.3877551020408,78.60544217687074,131.79591836734693,0.1689795918367347,0.029411764705882353,0.0,0.0,0.4326923076923077,0.3076923076923077,0.0,0.10576923076923077,0.3076923076923077,0.0,0.03676470588235294,0.0,0.0,0
0.7419354838709677,0.7419354838709677,0.5833333333333334,0.0,1.5,199.7777777777778,176.53472222222226,97.9652777777778,74.72222222222226,0.23,0.09558823529411764,0.3058823529411765,0.5147058823529411,0.0,0.36923076923076925,0.2403846153846154,0.25,0.2,0.0,0.11029411764705882,0.03529411764705882,0.22794117647058823,0
0.7419354838709677,0.7419354838709677,0.5833333333333334,0.0,1.5,199.7777777777778,176.53472222222226,97.9652777777778,74.72222222222226,0.23,0.09558823529411764,0.3058823529411765,0.5147058823529411,0.0,0.36923076923076925,0.2403846153846154,0.25,0.2,0.0,0.11029411764705882,0.03529411764705882,0.22794117647058823,0
0.7419354838709677,0.7419354838709677,0.5833333333333334,0.0,1.5,199.7777777777778,176.53472222222226,97.9652777777778,74.72222222222226,0.23,0.09558823529411764,0.3058823529411765,0.5147058823529411,0.0,0.36923076923076925,0.2403846153846154,0.25,0.2,0.0,0.11029411764705882,0.03529411764705882,0.22794117647058823,0
0.7419354838709677,0.7419354838709677,0.5833333333333334,0.0,1.5,199.7777777777778,176.53472222222226,97.9652777777778,74.72222222222226,0.23,0.09558823529411764,0.3058823529411765,0.5147058823529411,0.0,0.36923076923076925,0.2403846153846154,0.25,0.2,0.0,0.11029411764705882,0.03529411764705882,0.22794117647058823,0
0.7560975609756098,0.7073170731707317,0.25,0.16666666666666666,2.0,190.9462365591398,201.58602150537635,37.31720430107529,47.95698924731184,0.27315296566077,0.14285714285714285,0.23809523809523808,0.22023809523809523,0.4519230769230769,0.2846153846153846,0.3076923076923077,0.35185185185185186,0.42962962962962964,0.08333333333333333,0.24404761904761904,0.13333333333333333,0.09523809523809523,0
0.7560975609756098,0.7073170731707317,0.25,0.16666666666666666,2.0,190.9462365591398,201.58602150537635,37.31720430107529,47.95698924731184,0.27315296566077,0.14285714285714285,0.23809523809523808,0.22023809523809523,0.4519230769230769,0.2846153846153846,0.3076923076923077,0.35185185185185186,0.42962962962962964,0.08333333333333333,0.24404761904761904,0.13333333333333333,0.09523809523809523,0
0.7560975609756098,0.7073170731707317,0.25,0.16666666666666666,2.0,190.9462365591398,201.58602150537635,37.31720430107529,47.95698924731184,0.27315296566077,0.14285714285714285,0.23809523809523808,0.22023809523809523,0.4519230769230769,0.2846153846153846,0.3076923076923077,0.35185185185185186,0.42962962962962964,0.08333333333333333,0.24404761904761904,0.13333333333333333,0.09523809523809523,0
0.8780487804878049,0.8780487804878049,0.16666666666666666,0.16666666666666666,1.0,217.74193548387098,180.6827956989247,107.0967741935484,70.03763440860213,0.2596253902185224,0.22023809523809523,0.19047619047619047,0.13095238095238096,0.3076923076923077,0.3769230769230769,0.33653846153846156,0.08333333333333333,0.31851851851851853,0.2777777777777778,0.09523809523809523,0.23809523809523808,0.17857142857142858,0
0.8780487804878049,0.8780487804878049,0.16666666666666666,0.16666666666666666,1.0,217.74193548387098,180.6827956989247,107.0967741935484,70.03763440860213,0.2596253902185224,0.22023809523809523,0.19047619047619047,0.13095238095238096,0.3076923076923077,0.3769230769230769,0.33653846153846156,0.08333333333333333,0.31851851851851853,0.2777777777777778,0.09523809523809523,0.23809523809523808,0.17857142857142858,0
0.8780487804878049,0.8780487804878049,0.16666666666666666,0.16666666666666666,1.0,217.74193548387098,180.6827956989247,107.0967741935484,70.03763440860213,0.2596253902185224,0.22023809523809523,0.19047619047619047,0.13095238095238096,0.3076923076923077,0.3769230769230769,0.33653846153846156,0.08333333333333333,0.31851851851851853,0.2777777777777778,0.09523809523809523,0.23809523809523808,0.17857142857142858,0
0.8048780487804879,0.7073170731707317,0.0,0.16666666666666666,2.0,196.40322580645162,181.95161290322582,69.11290322580645,54.661290322580655,0.2611862643080125,0.13095238095238096,0.0,0.03571428571428571,0.33653846153846156,0.23076923076923078,0.28365384615384615,0.2777777777777778,0.42962962962962964,0.25462962962962965,0.17857142857142858,0.2,0.011904761904761904,0
0.8048780487804879,0.7073170731707317,0.0,0.16666666666666666,2.0,196.40322580645162,181.95161290322582,69.11290322580645,54.661290322580655,0.2611862643080125,0.13095238095238096,0.0,0.03571428571428571,0.33653846153846156,0.23076923076923078,0.28365384615384615,0.2777777777777778,0.42962962962962964,0.25462962962962965,0.17857142857142858,0.2,0.011904761904761904,0
0.8048780487804879,0.7073170731707317,0.0,0.16666666666666666,2.0,196.40322580645162,181.95161290322582,69.11290322580645,54.661290322580655,0.2611862643080125,0.13095238095238096,0.0,0.03571428571428571,0.33653846153846156,0.23076923076923078,0.28365384615384615,0.2777777777777778,0.42962962962962964,0.25462962962962965,0.17857142857142858,0.2,0.011904761904761904,0
0.8048780487804879,0.7073170731707317,0.0,0.16666666666666666,2.0,196.40322580645162,181.95161290322582,69.11290322580645,54.661290322580655,0.2611862643080125,0.13095238095238096,0.0,0.03571428571428571,0.33653846153846156,0.23076923076923078,0.28365384615384615,0.2777777777777778,0.42962962962962964,0.25462962962962965,0.17857142857142858,0.2,0.011904761904761904,0
0.7560975609756098,0.7560975609756098,0.0,0.1111111111111111,3.0,233.92473118279568,228.20430107526883,97.6827956989247,91.96236559139786,0.2695109261186264,0.047619047619047616,0.0,0.0,0.23557692307692307,0.23076923076923078,0.23076923076923078,0.16203703703703703,0.45925925925925926,0.33796296296296297,0.1130952380952381,0.0,0.13690476190476192,0
0.7560975609756098,0.7560975609756098,0.0,0.1111111111111111,3.0,233.92473118279568,228.20430107526883,97.6827956989247,91.96236559139786,0.2695109261186264,0.047619047619047616,0.0,0.0,0.23557692307692307,0.23076923076923078,0.23076923076923078,0.16203703703703703,0.45925925925925926,0.33796296296296297,0.1130952380952381,0.0,0.13690476190476192,0
0.7560975609756098,0.7560975609756098,0.0,0.1111111111111111,3.0,233.92473118279568,228.20430107526883,97.6827956989247,91.96236559139786,0.2695109261186264,0.047619047619047616,0.0,0.0,0.23557692307692307,0.23076923076923078,0.23076923076923078,0.16203703703703703,0.45925925925925926,0.33796296296296297,0.1130952380952381,0.0,0.13690476190476192,0
0.7560975609756098,0.7560975609756098,0.0,0.1111111111111111,3.0,233.92473118279568,228.20430107526883,97.6827956989247,91.96236559139786,0.2695109261186264,0.047619047619047616,0.0,0.0,0.23557692307692307,0.23076923076923078,0.23076923076923078,0.16203703703703703,0.45925925925925926,0.33796296296296297,0.1130952380952381,0.0,0.13690476190476192,0
0.8048780487804879,0.7073170731707317,0.0,0.5833333333333334,2.0,186.83333333333334,179.63978494623657,62.44623655913979,55.25268817204302,0.2970863683662851,0.0,0.0,0.011904761904761904,0.24519230769230768,0.2692307692307692,0.3798076923076923,0.4675925925925926,0.5333333333333333,0.24074074074074073,0.14285714285714285,0.009523809523809525,0.0,1
0.8048780487804879,0.7073170731707317,0.0,0.5833333333333334,2.0,186.83333333333334,179.63978494623657,62.44623655913979,55.25268817204302,0.2970863683662851,0.0,0.0,0.011904761904761904,0.24519230769230768,0.2692307692307692,0.3798076923076923,0.4675925925925926,0.5333333333333333,0.24074074074074073,0.14285714285714285,0.009523809523809525,0.0,1
0.8048780487804879,0.7073170731707317,0.0,0.5833333333333334,2.0,186.83333333333334,179.63978494623657,62.44623655913979,55.25268817204302,0.2970863683662851,0.0,0.0,0.011904761904761904,0.24519230769230768,0.2692307692307692,0.3798076923076923,0.4675925925925926,0.5333333333333333,0.24074074074074073,0.14285714285714285,0.009523809523809525,0.0,1
0.9024390243902439,0.8292682926829268,0.25,0.16666666666666666,2.0,203.64516129032256,194.9301075268817,71.74193548387095,63.02688172043008,0.2970863683662851,0.02976190476190476,0.18095238095238095,0.03571428571428571,0.35096153846153844,0.4153846153846154,0.44711538461538464,0.24074074074074073,0.32592592592592595,0.1388888888888889,0.0,0.0,0.0,0
0.9024390243902439,0.8292682926829268,0.25,0.16666666666666666,2.0,203.64516129032256,194.9301075268817,71.74193548387095,63.02688172043008,0.2970863683662851,0.02976190476190476,0.18095238095238095,0.03571428571428571,0.35096153846153844,0.4153846153846154,0.44711538461538464,0.24074074074074073,0.32592592592592595,0.1388888888888889,0.0,0.0,0.0,0
0.9024390243902439,0.8292682926829268,0.25,0.16666666666666666,2.0,203.64516129032256,194.9301075268817,71.74193548387095,63.02688172043008,0.2970863683662851,0.02976190476190476,0.18095238095238095,0.03571428571428571,0.35096153846153844,0.4153846153846154,0.44711538461538464,0.24074074074074073,0.32592592592592595,0.1388888888888889,0.0,0.0,0.0,0
0.7560975609756098,0.7560975609756098,0.0,0.6666666666666666,1.0,174.27419354838707,178.06451612903228,45.69354838709674,49.48387096774195,0.2892819979188345,0.08928571428571429,0.11428571428571428,0.09523809523809523,0.38461538461538464,0.25384615384615383,0.27884615384615385,0.28703703703703703,0.35555555555555557,0.2175925925925926,0.0,0.0,0.0,0
0.7560975609756098,0.7560975609756098,0.0,0.6666666666666666,1.0,174.27419354838707,178.06451612903228,45.69354838709674,49.48387096774195,0.2892819979188345,0.08928571428571429,0.11428571428571428,0.09523809523809523,0.38461538461538464,0.25384615384615383,0.27884615384615385,0.28703703703703703,0.35555555555555557,0.2175925925925926,0.0,0.0,0.0,0
0.7560975609756098,0.7560975609756098,0.0,0.6666666666666666,1.0,174.27419354838707,178.06451612903228,45.69354838709674,49.48387096774195,0.2892819979188345,0.08928571428571429,0.11428571428571428,0.09523809523809523,0.38461538461538464,0.25384615384615383,0.27884615384615385,0.28703703703703703,0.35555555555555557,0.2175925925925926,0.0,0.0,0.0,0
0.7560975609756098,0.7560975609756098,0.0,0.6666666666666666,1.0,174.27419354838707,178.06451612903228,45.69354838709674,49.48387096774195,0.2892819979188345,0.08928571428571429,0.11428571428571428,0.09523809523809523,0.38461538461538464,0.25384615384615383,0.27884615384615385,0.28703703703703703,0.35555555555555557,0.2175925925925926,0.0,0.0,0.0,0
1.024390243902439,0.975609756097561,0.0,0.25,2.5,203.01075268817203,178.45698924731184,83.23655913978493,58.682795698924735,0.27887617065556713,0.023809523809523808,0.09523809523809523,0.05952380952380952,0.3317307692307692,0.4461538461538462,0.2644230769230769,0.24537037037037038,0.37777777777777777,0.06018518518518518,0.17857142857142858,0.1619047619047619,0.11904761904761904,0
1.024390243902439,0.975609756097561,0.0,0.25,2.5,203.01075268817203,178.45698924731184,83.23655913978493,58.682795698924735,0.27887617065556713,0.023809523809523808,0.09523809523809523,0.05952380952380952,0.3317307692307692,0.4461538461538462,0.2644230769230769,0.24537037037037038,0.37777777777777777,0.06018518518518518,0.17857142857142858,0.1619047619047619,0.11904761904761904,0
1.024390243902439,0.975609756097561,0.0,0.25,2.5,203.01075268817203,178.45698924731184,83.23655913978493,58.682795698924735,0.27887617065556713,0.023809523809523808,0.09523809523809523,0.05952380952380952,0.3317307692307692,0.4461538461538462,0.2644230769230769,0.24537037037037038,0.37777777777777777,0.06018518518518518,0.17857142857142858,0.1619047619047619,0.11904761904761904,0
1.024390243902439,0.975609756097561,0.0,0.25,2.5,203.01075268817203,178.45698924731184,83.23655913978493,58.682795698924735,0.27887617065556713,0.023809523809523808,0.09523809523809523,0.05952380952380952,0.3317307692307692,0.4461538461538462,0.2644230769230769,0.24537037037037038,0.37777777777777777,0.06018518518518518,0.17857142857142858,0.1619047619047619,0.11904761904761904,0
0.8292682926829268,0.7560975609756098,0.08333333333333333,0.0,6.0,197.57526881720432,180.44086021505373,62.123655913978524,44.98924731182794,0.27887617065556713,0.24404761904761904,0.09523809523809523,0.05952380952380952,0.25961538461538464,0.45384615384615384,0.27884615384615385,0.2175925925925926,0.37037037037037035,0.20833333333333334,0.0,0.0,0.0,0
0.8292682926829268,0.7560975609756098,0.08333333333333333,0.0,6.0,197.57526881720432,180.44086021505373,62.123655913978524,44.98924731182794,0.27887617065556713,0.24404761904761904,0.09523809523809523,0.05952380952380952,0.25961538461538464,0.45384615384615384,0.27884615384615385,0.2175925925925926,0.37037037037037035,0.20833333333333334,0.0,0.0,0.0,0
0.8292682926829268,0.7560975609756098,0.08333333333333333,0.0,6.0,197.57526881720432,180.44086021505373,62.123655913978524,44.98924731182794,0.27887617065556713,0.24404761904761904,0.09523809523809523,0.05952380952380952,0.25961538461538464,0.45384615384615384,0.27884615384615385,0.2175925925925926,0.37037037037037035,0.20833333333333334,0.0,0.0,0.0,0
0.8292682926829268,0.7560975609756098,0.08333333333333333,0.0,6.0,197.57526881720432,180.44086021505373,62.123655913978524,44.98924731182794,0.27887617065556713,0.24404761904761904,0.09523809523809523,0.05952380952380952,0.25961538461538464,0.45384615384615384,0.27884615384615385,0.2175925925925926,0.37037037037037035,0.20833333333333334,0.0,0.0,0.0,0
0.8292682926829268,0.7560975609756098,0.08333333333333333,0.0,6.0,197.57526881720432,180.44086021505373,62.123655913978524,44.98924731182794,0.27887617065556713,0.24404761904761904,0.09523809523809523,0.05952380952380952,0.25961538461538464,0.45384615384615384,0.27884615384615385,0.2175925925925926,0.37037037037037035,0.20833333333333334,0.0,0.0,0.0,0
0.7560975609756098,0.7560975609756098,0.0,0.0,2.0,213.90322580645162,215.20967741935485,86.30645161290323,87.61290322580646,0.2892819979188345,0.011904761904761904,0.0,0.02976190476190476,0.34134615384615385,0.19230769230769232,0.2403846153846154,0.12037037037037036,0.3925925925925926,0.42592592592592593,0.17857142857142858,0.009523809523809525,0.2619047619047619,1
0.7560975609756098,0.7560975609756098,0.0,0.0,2.0,213.90322580645162,215.20967741935485,86.30645161290323,87.61290322580646,0.2892819979188345,0.011904761904761904,0.0,0.02976190476190476,0.34134615384615385,0.19230769230769232,0.2403846153846154,0.12037037037037036,0.3925925925925926,0.42592592592592593,0.17857142857142858,0.009523809523809525,0.2619047619047619,1
0.7560975609756098,0.7560975609756098,0.0,0.0,2.0,213.90322580645162,215.20967741935485,86.30645161290323,87.61290322580646,0.2892819979188345,0.011904761904761904,0.0,0.02976190476190476,0.34134615384615385,0.19230769230769232,0.2403846153846154,0.12037037037037036,0.3925925925925926,0.42592592592592593,0.17857142857142858,0.009523809523809525,0.2619047619047619,1
0.7560975609756098,0.7560975609756098,0.0,0.0,2.0,213.90322580645162,215.20967741935485,86.30645161290323,87.61290322580646,0.2892819979188345,0.011904761904761904,0.0,0.02976190476190476,0.34134615384615385,0.19230769230769232,0.2403846153846154,0.12037037037037036,0.3925925925925926,0.42592592592592593,0.17857142857142858,0.009523809523809525,0.2619047619047619,1
0.8292682926829268,0.8048780487804879,0.3333333333333333,0.16666666666666666,3.0,209.79569892473117,178.45698924731184,75.52150537634407,44.182795698924735,0.3106139438085328,0.0,0.009523809523809525,0.10119047619047619,0.28365384615384615,0.4076923076923077,0.2692307692307692,0.30092592592592593,0.48148148148148145,0.2175925925925926,0.07738095238095238,0.0,0.0,0
0.8292682926829268,0.8048780487804879,0.3333333333333333,0.16666666666666666,3.0,209.79569892473117,178.45698924731184,75.52150537634407,44.182795698924735,0.3106139438085328,0.0,0.009523809523809525,0.10119047619047619,0.28365384615384615,0.4076923076923077,0.2692307692307692,0.30092592592592593,0.48148148148148145,0.2175925925925926,0.07738095238095238,0.0,0.0,0
0.8292682926829268,0.8048780487804879,0.3333333333333333,0.16666666666666666,3.0,209.79569892473117,178.45698924731184,75.52150537634407,44.182795698924735,0.3106139438085328,0.0,0.009523809523809525,0.10119047619047619,0.28365384615384615,0.4076923076923077,0.2692307692307692,0.30092592592592593,0.48148148148148145,0.2175925925925926,0.07738095238095238,0.0,0.0,0
0.9024390243902439,0.8292682926829268,0.0,0.0,1.0,197.58602150537635,164.96236559139786,82.56989247311829,49.94623655913979,0.2533818938605619,0.08928571428571429,0.11428571428571428,0.25,0.3701923076923077,0.36923076923076925,0.32211538461538464,0.2222222222222222,0.3333333333333333,0.24537037037037038,0.08333333333333333,0.1619047619047619,0.15476190476190477,0
0.9024390243902439,0.8292682926829268,0.0,0.0,1.0,197.58602150537635,164.96236559139786,82.56989247311829,49.94623655913979,0.2533818938605619,0.08928571428571429,0.11428571428571428,0.25,0.3701923076923077,0.36923076923076925,0.32211538461538464,0.2222222222222222,0.3333333333333333,0.24537037037037038,0.08333333333333333,0.1619047619047619,0.15476190476190477,0
0.9024390243902439,0.8292682926829268,0.0,0.0,1.0,197.58602150537635,164.96236559139786,82.56989247311829,49.94623655913979,0.2533818938605619,0.08928571428571429,0.11428571428571428,0.25,0.3701923076923077,0.36923076923076925,0.32211538461538464,0.2222222222222222,0.3333333333333333,0.24537037037037038,0.08333333333333333,0.1619047619047619,0.15476190476190477,0
0.7804878048780488,0.7073170731707317,0.0,0.0,2.0,199.03225806451613,196.1774193548387,60.903225806451616,58.04838709677418,0.2445369406867846,0.25,0.08571428571428572,0.07738095238095238,0.32211538461538464,0.3153846153846154,0.2692307692307692,0.24537037037037038,0.2740740740740741,0.08333333333333333,0.15476190476190477,0.09523809523809523,0.19047619047619047,0
0.7804878048780488,0.7073170731707317,0.0,0.0,2.0,199.03225806451613,196.1774193548387,60.903225806451616,58.04838709677418,0.2445369406867846,0.25,0.08571428571428572,0.07738095238095238,0.32211538461538464,0.3153846153846154,0.2692307692307692,0.24537037037037038,0.2740740740740741,0.08333333333333333,0.15476190476190477,0.09523809523809523,0.19047619047619047,0
0.7804878048780488,0.7073170731707317,0.0,0.0,2.0,199.03225806451613,196.1774193548387,60.903225806451616,58.04838709677418,0.2445369406867846,0.25,0.08571428571428572,0.07738095238095238,0.32211538461538464,0.3153846153846154,0.2692307692307692,0.24537037037037038,0.2740740740740741,0.08333333333333333,0.15476190476190477,0.09523809523809523,0.19047619047619047,0
0.7804878048780488,0.7073170731707317,0.0,0.0,2.0,199.03225806451613,196.1774193548387,60.903225806451616,58.04838709677418,0.2445369406867846,0.25,0.08571428571428572,0.07738095238095238,0.32211538461538464,0.3153846153846154,0.2692307692307692,0.24537037037037038,0.2740740740740741,0.08333333333333333,0.15476190476190477,0.09523809523809523,0.19047619047619047,0
0.7560975609756098,0.7073170731707317,0.9166666666666666,0.25,2.0,204.63440860215053,168.68817204301075,88.61827956989247,52.67204301075269,0.27835587929240374,0.011904761904761904,0.24761904761904763,0.2976190476190476,0.2980769230769231,0.5538461538461539,0.21634615384615385,0.2222222222222222,0.3333333333333333,0.20833333333333334,0.14285714285714285,0.37142857142857144,0.16666666666666666,0
0.7560975609756098,0.7073170731707317,0.9166666666666666,0.25,2.0,204.63440860215053,168.68817204301075,88.61827956989247,52.67204301075269,0.27835587929240374,0.011904761904761904,0.24761904761904763,0.2976190476190476,0.2980769230769231,0.5538461538461539,0.21634615384615385,0.2222222222222222,0.3333333333333333,0.20833333333333334,0.14285714285714285,0.37142857142857144,0.16666666666666666,0
0.7560975609756098,0.7073170731707317,0.9166666666666666,0.25,2.0,204.63440860215053,168.68817204301075,88.61827956989247,52.67204301075269,0.27835587929240374,0.011904761904761904,0.24761904761904763,0.2976190476190476,0.2980769230769231,0.5538461538461539,0.21634615384615385,0.2222222222222222,0.3333333333333333,0.20833333333333334,0.14285714285714285,0.37142857142857144,0.16666666666666666,0
0.7804878048780488,0.7560975609756098,0.08333333333333333,0.0,2.0,198.31182795698922,231.33870967741936,74.66666666666664,107.69354838709678,0.24245577523413112,0.3869047619047619,0.009523809523809525,0.17857142857142858,0.19230769230769232,0.2692307692307692,0.2980769230769231,0.07407407407407407,0.45925925925925926,0.1712962962962963,0.05357142857142857,0.0,0.0,0
0.7560975609756098,0.7560975609756098,0.0,0.0,2.0,200.70967741935485,231.22580645161293,65.90322580645162,96.4193548387097,0.24557752341311134,0.3392857142857143,0.0,0.23809523809523808,0.1875,0.23076923076923078,0.3173076923076923,0.0787037037037037,0.45925925925925926,0.18981481481481483,0.041666666666666664,0.0,0.0,0
0.7560975609756098,0.7560975609756098,0.0,0.0,2.0,200.70967741935485,231.22580645161293,65.90322580645162,96.4193548387097,0.24557752341311134,0.3392857142857143,0.0,0.23809523809523808,0.1875,0.23076923076923078,0.3173076923076923,0.0787037037037037,0.45925925925925926,0.18981481481481483,0.041666666666666664,0.0,0.0,0
0.7560975609756098,0.7560975609756098,0.0,0.0,2.0,200.70967741935485,231.22580645161293,65.90322580645162,96.4193548387097,0.24557752341311134,0.3392857142857143,0.0,0.23809523809523808,0.1875,0.23076923076923078,0.3173076923076923,0.0787037037037037,0.45925925925925926,0.18981481481481483,0.041666666666666664,0.0,0.0,0
0.975609756097561,0.926829268292683,0.0,0.0,2.0,228.98387096774195,172.1505376344086,93.40322580645162,36.56989247311827,0.2793964620187305,0.0,0.0,0.023809523809523808,0.2980769230769231,0.4230769230769231,0.33653846153846156,0.1111111111111111,0.48148148148148145,0.27314814814814814,0.10119047619047619,0.10476190476190476,0.15476190476190477,0
0.975609756097561,0.926829268292683,0.0,0.0,2.0,228.98387096774195,172.1505376344086,93.40322580645162,36.56989247311827,0.2793964620187305,0.0,0.0,0.023809523809523808,0.2980769230769231,0.4230769230769231,0.33653846153846156,0.1111111111111111,0.48148148148148145,0.27314814814814814,0.10119047619047619,0.10476190476190476,0.15476190476190477,0
0.975609756097561,0.926829268292683,0.0,0.0,2.0,228.98387096774195,172.1505376344086,93.40322580645162,36.56989247311827,0.2793964620187305,0.0,0.0,0.023809523809523808,0.2980769230769231,0.4230769230769231,0.33653846153846156,0.1111111111111111,0.48148148148148145,0.27314814814814814,0.10119047619047619,0.10476190476190476,0.15476190476190477,0
0.975609756097561,0.926829268292683,0.0,0.0,2.0,228.98387096774195,172.1505376344086,93.40322580645162,36.56989247311827,0.2793964620187305,0.0,0.0,0.023809523809523808,0.2980769230769231,0.4230769230769231,0.33653846153846156,0.1111111111111111,0.48148148148148145,0.27314814814814814,0.10119047619047619,0.10476190476190476,0.15476190476190477,0
0.975609756097561,0.926829268292683,0.0,0.0,2.0,228.98387096774195,172.1505376344086,93.40322580645162,36.56989247311827,0.2793964620187305,0.0,0.0,0.023809523809523808,0.2980769230769231,0.4230769230769231,0.33653846153846156,0.1111111111111111,0.48148148148148145,0.27314814814814814,0.10119047619047619,0.10476190476190476,0.15476190476190477,0
0.7804878048780488,0.7804878048780488,0.0,0.5,1.0,189.51075268817206,172.9462365591398,57.946236559139805,41.38172043010755,0.2934443288241415,0.017857142857142856,0.08571428571428572,0.06547619047619048,0.375,0.25384615384615383,0.27403846153846156,0.27314814814814814,0.4148148148148148,0.26851851851851855,0.15476190476190477,0.1523809523809524,0.16071428571428573,0
0.7804878048780488,0.7804878048780488,0.0,0.5,1.0,189.51075268817206,172.9462365591398,57.946236559139805,41.38172043010755,0.2934443288241415,0.017857142857142856,0.08571428571428572,0.06547619047619048,0.375,0.25384615384615383,0.27403846153846156,0.27314814814814814,0.4148148148148148,0.26851851851851855,0.15476190476190477,0.1523809523809524,0.16071428571428573,0
0.8536585365853658,0.7317073170731707,0.06666666666666667,0.06666666666666667,5.0,162.19354838709677,161.46236559139786,40.43548387096773,39.704301075268816,0.34079084287200834,0.13690476190476192,0.09523809523809523,0.03571428571428571,0.49038461538461536,0.2846153846153846,0.33653846153846156,0.33796296296296297,0.4222222222222222,0.32407407407407407,0.1488095238095238,0.14285714285714285,0.02976190476190476,0
0.8536585365853658,0.7317073170731707,0.06666666666666667,0.06666666666666667,5.0,162.19354838709677,161.46236559139786,40.43548387096773,39.704301075268816,0.34079084287200834,0.13690476190476192,0.09523809523809523,0.03571428571428571,0.49038461538461536,0.2846153846153846,0.33653846153846156,0.33796296296296297,0.4222222222222222,0.32407407407407407,0.1488095238095238,0.14285714285714285,0.02976190476190476,0
0.8536585365853658,0.7317073170731707,0.06666666666666667,0.06666666666666667,5.0,162.19354838709677,161.46236559139786,40.43548387096773,39.704301075268816,0.34079084287200834,0.13690476190476192,0.09523809523809523,0.03571428571428571,0.49038461538461536,0.2846153846153846,0.33653846153846156,0.33796296296296297,0.4222222222222222,0.32407407407407407,0.1488095238095238,0.14285714285714285,0.02976190476190476,0
0.8536585365853658,0.7317073170731707,0.06666666666666667,0.06666666666666667,5.0,162.19354838709677,161.46236559139786,40.43548387096773,39.704301075268816,0.34079084287200834,0.13690476190476192,0.09523809523809523,0.03571428571428571,0.49038461538461536,0.2846153846153846,0.33653846153846156,0.33796296296296297,0.4222222222222222,0.32407407407407407,0.1488095238095238,0.14285714285714285,0.02976190476190476,0
0.8536585365853658,0.7317073170731707,0.06666666666666667,0.06666666666666667,5.0,162.19354838709677,161.46236559139786,40.43548387096773,39.704301075268816,0.34079084287200834,0.13690476190476192,0.09523809523809523,0.03571428571428571,0.49038461538461536,0.2846153846153846,0.33653846153846156,0.33796296296296297,0.4222222222222222,0.32407407407407407,0.1488095238095238,0.14285714285714285,0.02976190476190476,0
0.7804878048780488,0.7560975609756098,0.0,0.0,2.0,226.10752688172045,230.91397849462365,100.12365591397851,104.93010752688171,0.2684703433922997,0.0,0.0,0.08928571428571429,0.2932692307692308,0.23076923076923078,0.3798076923076923,0.14351851851851852,0.42962962962962964,0.3472222222222222,0.0,0.0,0.0,0
0.7804878048780488,0.7560975609756098,0.0,0.0,2.0,226.10752688172045,230.91397849462365,100.12365591397851,104.93010752688171,0.2684703433922997,0.0,0.0,0.08928571428571429,0.2932692307692308,0.23076923076923078,0.3798076923076923,0.14351851851851852,0.42962962962962964,0.3472222222222222,0.0,0.0,0.0,0
0.7804878048780488,0.7560975609756098,0.0,0.0,2.0,226.10752688172045,230.91397849462365,100.12365591397851,104.93010752688171,0.2684703433922997,0.0,0.0,0.08928571428571429,0.2932692307692308,0.23076923076923078,0.3798076923076923,0.14351851851851852,0.42962962962962964,0.3472222222222222,0.0,0.0,0.0,0
0.7804878048780488,0.7560975609756098,0.0,0.0,2.0,226.10752688172045,230.91397849462365,100.12365591397851,104.93010752688171,0.2684703433922997,0.0,0.0,0.08928571428571429,0.2932692307692308,0.23076923076923078,0.3798076923076923,0.14351851851851852,0.42962962962962964,0.3472222222222222,0.0,0.0,0.0,0
0.8780487804878049,0.8048780487804879,0.9444444444444444,0.0,3.0,231.1989247311828,154.0698924731183,112.6182795698925,35.48924731182798,0.2679500520291363,0.0,0.10476190476190476,0.05952380952380952,0.17307692307692307,0.45384615384615384,0.40865384615384615,0.3055555555555556,0.4666666666666667,0.2361111111111111,0.0,0.0,0.0,0
0.8780487804878049,0.8048780487804879,0.9444444444444444,0.0,3.0,231.1989247311828,154.0698924731183,112.6182795698925,35.48924731182798,0.2679500520291363,0.0,0.10476190476190476,0.05952380952380952,0.17307692307692307,0.45384615384615384,0.40865384615384615,0.3055555555555556,0.4666666666666667,0.2361111111111111,0.0,0.0,0.0,0
0.8780487804878049,0.8048780487804879,0.9444444444444444,0.0,3.0,231.1989247311828,154.0698924731183,112.6182795698925,35.48924731182798,0.2679500520291363,0.0,0.10476190476190476,0.05952380952380952,0.17307692307692307,0.45384615384615384,0.40865384615384615,0.3055555555555556,0.4666666666666667,0.2361111111111111,0.0,0.0,0.0,0
0.8780487804878049,0.8048780487804879,0.9444444444444444,0.0,3.0,231.1989247311828,154.0698924731183,112.6182795698925,35.48924731182798,0.2679500520291363,0.0,0.10476190476190476,0.05952380952380952,0.17307692307692307,0.45384615384615384,0.40865384615384615,0.3055555555555556,0.4666666666666667,0.2361111111111111,0.0,0.0,0.0,0
0.8780487804878049,0.8048780487804879,0.9444444444444444,0.0,3.0,231.1989247311828,154.0698924731183,112.6182795698925,35.48924731182798,0.2679500520291363,0.0,0.10476190476190476,0.05952380952380952,0.17307692307692307,0.45384615384615384,0.40865384615384615,0.3055555555555556,0.4666666666666667,0.2361111111111111,0.0,0.0,0.0,0
0.926829268292683,0.7317073170731707,0.0,0.0,2.0,174.96236559139788,217.15053763440858,45.54301075268822,87.73118279569891,0.2663891779396462,0.023809523809523808,0.0,0.0,0.35096153846153844,0.3076923076923077,0.07692307692307693,0.3333333333333333,0.37037037037037035,0.08796296296296297,0.0,0.009523809523809525,0.39285714285714285,0
0.926829268292683,0.7317073170731707,0.0,0.0,2.0,174.96236559139788,217.15053763440858,45.54301075268822,87.73118279569891,0.2663891779396462,0.023809523809523808,0.0,0.0,0.35096153846153844,0.3076923076923077,0.07692307692307693,0.3333333333333333,0.37037037037037035,0.08796296296296297,0.0,0.009523809523809525,0.39285714285714285,0
0.926829268292683,0.7317073170731707,0.0,0.0,2.0,174.96236559139788,217.15053763440858,45.54301075268822,87.73118279569891,0.2663891779396462,0.023809523809523808,0.0,0.0,0.35096153846153844,0.3076923076923077,0.07692307692307693,0.3333333333333333,0.37037037037037035,0.08796296296296297,0.0,0.009523809523809525,0.39285714285714285,0
0.8780487804878049,0.8536585365853658,0.0,1.0,1.0,209.26344086021504,195.39247311827958,110.16666666666666,96.2956989247312,0.2559833506763788,0.0,0.0,0.0,0.07692307692307693,0.27692307692307694,0.28846153846153844,0.08796296296296297,0.3925925925925926,0.3425925925925926,0.39285714285714285,0.3047619047619048,0.08333333333333333,0
0.8780487804878049,0.8536585365853658,0.0,1.0,1.0,209.26344086021504,195.39247311827958,110.16666666666666,96.2956989247312,0.2559833506763788,0.0,0.0,0.0,0.07692307692307693,0.27692307692307694,0.28846153846153844,0.08796296296296297,0.3925925925925926,0.3425925925925926,0.39285714285714285,0.3047619047619048,0.08333333333333333,0
0.8780487804878049,0.8536585365853658,0.0,1.0,1.0,209.26344086021504,195.39247311827958,110.16666666666666,96.2956989247312,0.2559833506763788,0.0,0.0,0.0,0.07692307692307693,0.27692307692307694,0.28846153846153844,0.08796296296296297,0.3925925925925926,0.3425925925925926,0.39285714285714285,0.3047619047619048,0.08333333333333333,0
0.8780487804878049,0.8536585365853658,0.0,1.0,1.0,209.26344086021504,195.39247311827958,110.16666666666666,96.2956989247312,0.2559833506763788,0.0,0.0,0.0,0.07692307692307693,0.27692307692307694,0.28846153846153844,0.08796296296296297,0.3925925925925926,0.3425925925925926,0.39285714285714285,0.3047619047619048,0.08333333333333333,0
0.7560975609756098,0.7560975609756098,0.0,0.0,7.0,234.0,126.83333333333333,95.48387096774192,-11.68279569892475,0.1571279916753382,0.0,0.0,0.0,0.0625,0.3153846153846154,0.19230769230769232,0.10648148148148148,0.6370370370370371,0.4074074074074074,0.0,0.0,0.0,0
0.7560975609756098,0.7560975609756098,0.0,0.0,7.0,234.0,126.83333333333333,95.48387096774192,-11.68279569892475,0.1571279916753382,0.0,0.0,0.0,0.0625,0.3153846153846154,0.19230769230769232,0.10648148148148148,0.6370370370370371,0.4074074074074074,0.0,0.0,0.0,0
0.7560975609756098,0.7560975609756098,0.0,0.0,7.0,234.0,126.83333333333333,95.48387096774192,-11.68279569892475,0.1571279916753382,0.0,0.0,0.0,0.0625,0.3153846153846154,0.19230769230769232,0.10648148148148148,0.6370370370370371,0.4074074074074074,0.0,0.0,0.0,0
0.7560975609756098,0.7560975609756098,0.0,0.0,8.0,231.1236559139785,136.60752688172042,66.01075268817203,-28.505376344086045,0.1550468262226847,0.0,0.0,0.0,0.0625,0.3769230769230769,0.14423076923076922,0.10185185185185185,0.7925925925925926,0.3055555555555556,0.0,0.0,0.0,0
0.7560975609756098,0.7560975609756098,0.0,0.0,8.0,177.95161290322582,207.90322580645162,50.70967741935486,80.66129032258065,0.15088449531737774,0.0,0.0,0.0,0.13942307692307693,0.3769230769230769,0.04807692307692308,0.27314814814814814,0.7925925925925926,0.10185185185185185,0.0,0.0,0.0,0
0.7560975609756098,0.7560975609756098,0.0,0.0,8.0,158.13978494623655,240.58064516129033,31.510752688172033,113.95161290322582,0.14932362122788762,0.0,0.0,0.0,0.1778846153846154,0.3769230769230769,0.0,0.36574074074074076,0.7925925925925926,0.0,0.0,0.0,0.0,0
0.7560975609756098,0.7560975609756098,0.0,0.0,7.0,160.4301075268817,254.40322580645162,33.801075268817186,127.7741935483871,0.14724245577523412,0.0,0.0,0.0,0.21153846153846154,0.3076923076923077,0.0,0.4398148148148148,0.6518518518518519,0.0,0.0,0.0,0.0,0
0.7560975609756098,0.7560975609756098,0.0,0.0,7.0,160.4301075268817,254.40322580645162,33.801075268817186,127.7741935483871,0.14724245577523412,0.0,0.0,0.0,0.21153846153846154,0.3076923076923077,0.0,0.4398148148148148,0.6518518518518519,0.0,0.0,0.0,0.0,0
0.7560975609756098,0.7560975609756098,0.0,0.0,7.0,160.4301075268817,254.40322580645162,33.801075268817186,127.7741935483871,0.14724245577523412,0.0,0.0,0.0,0.21153846153846154,0.3076923076923077,0.0,0.4398148148148148,0.6518518518518519,0.0,0.0,0.0,0.0,0
0.7560975609756098,0.7560975609756098,0.0,0.0,6.0,156.67204301075267,254.40322580645162,0.10752688172041758,97.83870967741936,0.14516129032258066,0.0,0.0,0.0,0.2548076923076923,0.23076923076923078,0.0,0.5231481481481481,0.4888888888888889,0.0,0.0,0.0,0.0,0
0.7,0.7,0.5833333333333334,0.0,2.0,245.7111111111111,206.25185185185185,139.33333333333331,99.87407407407407,0.11957671957671957,0.13333333333333333,0.5066666666666667,0.43333333333333335,0.0,0.45,0.21875,0.0,0.1,0.0,0.125,0.13333333333333333,0.11666666666666667,0
0.7,0.7,0.5833333333333334,0.0,2.0,245.7111111111111,206.25185185185185,139.33333333333331,99.87407407407407,0.11957671957671957,0.13333333333333333,0.5066666666666667,0.43333333333333335,0.0,0.45,0.21875,0.0,0.1,0.0,0.125,0.13333333333333333,0.11666666666666667,0
0.7,0.7,0.5833333333333334,0.0,2.0,245.7111111111111,206.25185185185185,139.33333333333331,99.87407407407407,0.11957671957671957,0.13333333333333333,0.5066666666666667,0.43333333333333335,0.0,0.45,0.21875,0.0,0.1,0.0,0.125,0.13333333333333333,0.11666666666666667,0
0.725,0.7,0.0,0.0,7.0,126.0327868852459,240.22950819672133,-15.32786885245902,98.86885245901641,0.20676890534108938,0.02976190476190476,0.01904761904761905,0.0,0.5625,0.38461538461538464,0.0,0.3605769230769231,0.4307692307692308,0.019230769230769232,0.14285714285714285,0.11428571428571428,0.10119047619047619,0
0.7,0.7,0.0,0.0,6.0,136.22950819672133,240.29508196721312,-7.0327868852458835,97.03278688524591,0.2004230565838181,0.03571428571428571,0.009523809523809525,0.0,0.5721153846153846,0.2923076923076923,0.0,0.41346153846153844,0.33076923076923076,0.028846153846153848,0.14285714285714285,0.10476190476190476,0.10119047619047619,0
0.7,0.7,0.0,0.0,6.0,136.22950819672133,240.29508196721312,-7.0327868852458835,97.03278688524591,0.2004230565838181,0.03571428571428571,0.009523809523809525,0.0,0.5721153846153846,0.2923076923076923,0.0,0.41346153846153844,0.33076923076923076,0.028846153846153848,0.14285714285714285,0.10476190476190476,0.10119047619047619,0
0.7,0.7,0.0,0.0,6.0,136.22950819672133,240.29508196721312,-7.0327868852458835,97.03278688524591,0.2004230565838181,0.03571428571428571,0.009523809523809525,0.0,0.5721153846153846,0.2923076923076923,0.0,0.41346153846153844,0.33076923076923076,0.028846153846153848,0.14285714285714285,0.10476190476190476,0.10119047619047619,0
0.7419354838709677,0.7096774193548387,0.0,0.75,2.0,200.16666666666666,204.47916666666666,77.87499999999999,82.18749999999999,0.17583333333333334,0.0,0.0,0.0,0.10576923076923077,0.12307692307692308,0.0,0.14583333333333334,0.48333333333333334,0.25,0.5220588235294118,0.3176470588235294,0.09558823529411764,0
0.7419354838709677,0.7096774193548387,0.0,0.75,2.0,200.16666666666666,204.47916666666666,77.87499999999999,82.18749999999999,0.17583333333333334,0.0,0.0,0.0,0.10576923076923077,0.12307692307692308,0.0,0.14583333333333334,0.48333333333333334,0.25,0.5220588235294118,0.3176470588235294,0.09558823529411764,0
0.7419354838709677,0.7096774193548387,0.0,0.75,2.0,200.16666666666666,204.47916666666666,77.87499999999999,82.18749999999999,0.17583333333333334,0.0,0.0,0.0,0.10576923076923077,0.12307692307692308,0.0,0.14583333333333334,0.48333333333333334,0.25,0.5220588235294118,0.3176470588235294,0.09558823529411764,0
0.7741935483870968,0.7096774193548387,0.0,0.16666666666666666,2.0,233.8125,167.58333333333334,100.58333333333334,34.354166666666686,0.18416666666666667,0.0,0.0,0.0,0.11538461538461539,0.26153846153846155,0.20192307692307693,0.041666666666666664,0.38333333333333336,0.4791666666666667,0.3161764705882353,0.32941176470588235,0.3897058823529412,0
0.7741935483870968,0.7096774193548387,0.0,0.16666666666666666,2.0,233.8125,167.58333333333334,100.58333333333334,34.354166666666686,0.18416666666666667,0.0,0.0,0.0,0.11538461538461539,0.26153846153846155,0.20192307692307693,0.041666666666666664,0.38333333333333336,0.4791666666666667,0.3161764705882353,0.32941176470588235,0.3897058823529412,0
0.7741935483870968,0.7096774193548387,0.0,0.16666666666666666,2.0,233.8125,167.58333333333334,100.58333333333334,34.354166666666686,0.18416666666666667,0.0,0.0,0.0,0.11538461538461539,0.26153846153846155,0.20192307692307693,0.041666666666666664,0.38333333333333336,0.4791666666666667,0.3161764705882353,0.32941176470588235,0.3897058823529412,0
0.8064516129032258,0.7419354838709677,0.0,0.1111111111111111,3.0,163.5,181.57638888888889,6.6875,24.763888888888886,0.2,0.0,0.0,0.0,0.19230769230769232,0.3230769230769231,0.07692307692307693,0.23958333333333334,0.4,0.4166666666666667,0.3235294117647059,0.3411764705882353,0.2647058823529412,0
0.8064516129032258,0.7419354838709677,0.0,0.1111111111111111,3.0,163.5,181.57638888888889,6.6875,24.763888888888886,0.2,0.0,0.0,0.0,0.19230769230769232,0.3230769230769231,0.07692307692307693,0.23958333333333334,0.4,0.4166666666666667,0.3235294117647059,0.3411764705882353,0.2647058823529412,0
0.8064516129032258,0.7419354838709677,0.0,0.1111111111111111,3.0,163.5,181.57638888888889,6.6875,24.763888888888886,0.2,0.0,0.0,0.0,0.19230769230769232,0.3230769230769231,0.07692307692307693,0.23958333333333334,0.4,0.4166666666666667,0.3235294117647059,0.3411764705882353,0.2647058823529412,0
0.8064516129032258,0.7419354838709677,0.0,0.1111111111111111,3.0,163.5,181.57638888888889,6.6875,24.763888888888886,0.2,0.0,0.0,0.0,0.19230769230769232,0.3230769230769231,0.07692307692307693,0.23958333333333334,0.4,0.4166666666666667,0.3235294117647059,0.3411764705882353,0.2647058823529412,0
0.8064516129032258,0.7741935483870968,0.3333333333333333,1.0,1.0,238.88874113475177,126.3125,159.38874113475177,46.8125,0.25166666666666665,0.0,0.18823529411764706,0.16911764705882354,0.0,0.2923076923076923,0.4230769230769231,0.020833333333333332,0.3,0.28125,0.10294117647058823,0.29411764705882354,0.1323529411764706,0
0.8064516129032258,0.7741935483870968,0.3333333333333333,1.0,1.0,238.88874113475177,126.3125,159.38874113475177,46.8125,0.25166666666666665,0.0,0.18823529411764706,0.16911764705882354,0.0,0.2923076923076923,0.4230769230769231,0.020833333333333332,0.3,0.28125,0.10294117647058823,0.29411764705882354,0.1323529411764706,0
0.8064516129032258,0.7741935483870968,0.3333333333333333,1.0,1.0,238.88874113475177,126.3125,159.38874113475177,46.8125,0.25166666666666665,0.0,0.18823529411764706,0.16911764705882354,0.0,0.2923076923076923,0.4230769230769231,0.020833333333333332,0.3,0.28125,0.10294117647058823,0.29411764705882354,0.1323529411764706,0
0.8064516129032258,0.7741935483870968,0.3333333333333333,1.0,1.0,238.88874113475177,126.3125,159.38874113475177,46.8125,0.25166666666666665,0.0,0.18823529411764706,0.16911764705882354,0.0,0.2923076923076923,0.4230769230769231,0.020833333333333332,0.3,0.28125,0.10294117647058823,0.29411764705882354,0.1323529411764706,0
0.8064516129032258,0.7419354838709677,0.25,0.6944444444444444,6.0,240.6875,103.35416666666667,137.83333333333331,0.5,0.3,0.0,0.23529411764705882,0.16911764705882354,0.10576923076923077,0.3076923076923077,0.4326923076923077,0.11458333333333333,0.48333333333333334,0.4166666666666667,0.2647058823529412,0.5647058823529412,0.5147058823529411,0
0.8064516129032258,0.7419354838709677,0.25,0.6944444444444444,6.0,240.6875,103.35416666666667,137.83333333333331,0.5,0.3,0.0,0.23529411764705882,0.16911764705882354,0.10576923076923077,0.3076923076923077,0.4326923076923077,0.11458333333333333,0.48333333333333334,0.4166666666666667,0.2647058823529412,0.5647058823529412,0.5147058823529411,0
0.8064516129032258,0.7419354838709677,0.25,0.6944444444444444,6.0,240.6875,103.35416666666667,137.83333333333331,0.5,0.3,0.0,0.23529411764705882,0.16911764705882354,0.10576923076923077,0.3076923076923077,0.4326923076923077,0.11458333333333333,0.48333333333333334,0.4166666666666667,0.2647058823529412,0.5647058823529412,0.5147058823529411,0
0.8064516129032258,0.7419354838709677,0.25,0.6944444444444444,6.0,240.6875,103.35416666666667,137.83333333333331,0.5,0.3,0.0,0.23529411764705882,0.16911764705882354,0.10576923076923077,0.3076923076923077,0.4326923076923077,0.11458333333333333,0.48333333333333334,0.4166666666666667,0.2647058823529412,0.5647058823529412,0.5147058823529411,0
0.8064516129032258,0.7419354838709677,0.25,0.6944444444444444,6.0,240.6875,103.35416666666667,137.83333333333331,0.5,0.3,0.0,0.23529411764705882,0.16911764705882354,0.10576923076923077,0.3076923076923077,0.4326923076923077,0.11458333333333333,0.48333333333333334,0.4166666666666667,0.2647058823529412,0.5647058823529412,0.5147058823529411,0
0.8709677419354839,0.7419354838709677,0.0,0.5416666666666666,3.5,234.60416666666666,155.29861111111111,129.08333333333331,49.777777777777786,0.2225,0.022058823529411766,0.0,0.0,0.09615384615384616,0.26153846153846155,0.33653846153846156,0.0,0.35,0.2604166666666667,0.11029411764705882,0.4823529411764706,0.5588235294117647,0
0.8709677419354839,0.7419354838709677,0.0,0.5416666666666666,3.5,234.60416666666666,155.29861111111111,129.08333333333331,49.777777777777786,0.2225,0.022058823529411766,0.0,0.0,0.09615384615384616,0.26153846153846155,0.33653846153846156,0.0,0.35,0.2604166666666667,0.11029411764705882,0.4823529411764706,0.5588235294117647,0
0.8709677419354839,0.7419354838709677,0.0,0.5416666666666666,3.5,234.60416666666666,155.29861111111111,129.08333333333331,49.777777777777786,0.2225,0.022058823529411766,0.0,0.0,0.09615384615384616,0.26153846153846155,0.33653846153846156,0.0,0.35,0.2604166666666667,0.11029411764705882,0.4823529411764706,0.5588235294117647,0
0.8709677419354839,0.7419354838709677,0.0,0.5416666666666666,3.5,234.60416666666666,155.29861111111111,129.08333333333331,49.777777777777786,0.2225,0.022058823529411766,0.0,0.0,0.09615384615384616,0.26153846153846155,0.33653846153846156,0.0,0.35,0.2604166666666667,0.11029411764705882,0.4823529411764706,0.5588235294117647,0
0.9032258064516129,0.8387096774193549,0.0,1.0,1.0,211.38194444444443,148.65972222222223,103.56944444444443,40.84722222222223,0.2991666666666667,0.022058823529411766,0.08235294117647059,0.10294117647058823,0.0673076923076923,0.3230769230769231,0.4519230769230769,0.25,0.45,0.2708333333333333,0.5882352941176471,0.6588235294117647,0.5588235294117647,0
0.9032258064516129,0.8387096774193549,0.0,1.0,1.0,211.38194444444443,148.65972222222223,103.56944444444443,40.84722222222223,0.2991666666666667,0.022058823529411766,0.08235294117647059,0.10294117647058823,0.0673076923076923,0.3230769230769231,0.4519230769230769,0.25,0.45,0.2708333333333333,0.5882352941176471,0.6588235294117647,0.5588235294117647,0
0.9032258064516129,0.8387096774193549,0.0,1.0,1.0,211.38194444444443,148.65972222222223,103.56944444444443,40.84722222222223,0.2991666666666667,0.022058823529411766,0.08235294117647059,0.10294117647058823,0.0673076923076923,0.3230769230769231,0.4519230769230769,0.25,0.45,0.2708333333333333,0.5882352941176471,0.6588235294117647,0.5588235294117647,0
0.9032258064516129,0.8387096774193549,0.0,1.0,1.0,211.38194444444443,148.65972222222223,103.56944444444443,40.84722222222223,0.2991666666666667,0.022058823529411766,0.08235294117647059,0.10294117647058823,0.0673076923076923,0.3230769230769231,0.4519230769230769,0.25,0.45,0.2708333333333333,0.5882352941176471,0.6588235294117647,0.5588235294117647,0
1.0666666666666667,1.0333333333333334,0.3333333333333333,1.0,1.0,235.63194444444446,166.1597222222222,147.06944444444446,77.5972222222222,0.214468085106383,0.0,0.10588235294117647,0.25,0.0,0.4461538461538462,0.3269230769230769,0.0,0.2727272727272727,0.0,0.051470588235294115,0.49411764705882355,0.49264705882352944,0
1.032258064516129,1.032258064516129,0.3333333333333333,1.0,1.0,235.63194444444446,166.1597222222222,147.06944444444446,77.5972222222222,0.21083333333333334,0.0,0.10588235294117647,0.25,0.0,0.4461538461538462,0.3269230769230769,0.0,0.26666666666666666,0.0,0.051470588235294115,0.5294117647058824,0.5514705882352942,0
1.032258064516129,1.032258064516129,0.3333333333333333,1.0,1.0,235.63194444444446,166.1597222222222,147.06944444444446,77.5972222222222,0.21083333333333334,0.0,0.10588235294117647,0.25,0.0,0.4461538461538462,0.3269230769230769,0.0,0.26666666666666666,0.0,0.051470588235294115,0.5294117647058824,0.5514705882352942,0
1.032258064516129,1.032258064516129,0.3333333333333333,1.0,1.0,235.63194444444446,166.1597222222222,147.06944444444446,77.5972222222222,0.21083333333333334,0.0,0.10588235294117647,0.25,0.0,0.4461538461538462,0.3269230769230769,0.0,0.26666666666666666,0.0,0.051470588235294115,0.5294117647058824,0.5514705882352942,0
1.0,0.9354838709677419,0.0,1.0,1.0,232.64583333333334,175.83333333333334,158.97916666666669,102.16666666666667,0.22416666666666665,0.014705882352941176,0.058823529411764705,0.058823529411764705,0.04807692307692308,0.3384615384615385,0.36538461538461536,0.0,0.26666666666666666,0.0,0.6764705882352942,0.611764705882353,0.11764705882352941,0
1.0,0.9354838709677419,0.0,1.0,1.0,232.64583333333334,175.83333333333334,158.97916666666669,102.16666666666667,0.22416666666666665,0.014705882352941176,0.058823529411764705,0.058823529411764705,0.04807692307692308,0.3384615384615385,0.36538461538461536,0.0,0.26666666666666666,0.0,0.6764705882352942,0.611764705882353,0.11764705882352941,0
1.0,0.9354838709677419,0.0,1.0,1.0,232.64583333333334,175.83333333333334,158.97916666666669,102.16666666666667,0.22416666666666665,0.014705882352941176,0.058823529411764705,0.058823529411764705,0.04807692307692308,0.3384615384615385,0.36538461538461536,0.0,0.26666666666666666,0.0,0.6764705882352942,0.611764705882353,0.11764705882352941,0
1.0,0.9354838709677419,0.0,1.0,1.0,232.64583333333334,175.83333333333334,158.97916666666669,102.16666666666667,0.22416666666666665,0.014705882352941176,0.058823529411764705,0.058823529411764705,0.04807692307692308,0.3384615384615385,0.36538461538461536,0.0,0.26666666666666666,0.0,0.6764705882352942,0.611764705882353,0.11764705882352941,0
1.0,0.9354838709677419,0.0,1.0,1.0,232.64583333333334,175.83333333333334,158.97916666666669,102.16666666666667,0.22416666666666665,0.014705882352941176,0.058823529411764705,0.058823529411764705,0.04807692307692308,0.3384615384615385,0.36538461538461536,0.0,0.26666666666666666,0.0,0.6764705882352942,0.611764705882353,0.11764705882352941,0
0.967741935483871,0.9032258064516129,0.0,0.6666666666666666,6.0,236.97532505910166,127.77260638297872,131.28782505910166,22.085106382978722,0.2791666666666667,0.11029411764705882,0.058823529411764705,0.11029411764705882,0.07142857142857142,0.5,0.4642857142857143,0.16666666666666666,0.5333333333333333,0.4583333333333333,0.16176470588235295,0.5176470588235295,0.6102941176470589,0
0.9375,0.90625,0.0,0.6666666666666666,6.0,236.97532505910166,127.77260638297872,131.28782505910166,22.085106382978722,0.28489795918367344,0.11029411764705882,0.058823529411764705,0.11029411764705882,0.07142857142857142,0.5,0.4642857142857143,0.16666666666666666,0.5833333333333334,0.5416666666666666,0.11764705882352941,0.4588235294117647,0.5514705882352942,0
0.967741935483871,0.9354838709677419,0.0,0.7083333333333334,4.5,236.97532505910166,127.77260638297872,131.28782505910166,22.085106382978722,0.29083333333333333,0.11029411764705882,0.058823529411764705,0.11029411764705882,0.07692307692307693,0.5384615384615384,0.5,0.16666666666666666,0.5833333333333334,0.5416666666666666,0.11764705882352941,0.4588235294117647,0.5514705882352942,0
0.967741935483871,0.9354838709677419,0.0,0.7083333333333334,4.5,236.97532505910166,127.77260638297872,131.28782505910166,22.085106382978722,0.29083333333333333,0.11029411764705882,0.058823529411764705,0.11029411764705882,0.07692307692307693,0.5384615384615384,0.5,0.16666666666666666,0.5833333333333334,0.5416666666666666,0.11764705882352941,0.4588235294117647,0.5514705882352942,0
0.967741935483871,0.9354838709677419,0.0,0.7083333333333334,4.5,236.97532505910166,127.77260638297872,131.28782505910166,22.085106382978722,0.29083333333333333,0.11029411764705882,0.058823529411764705,0.11029411764705882,0.07692307692307693,0.5384615384615384,0.5,0.16666666666666666,0.5833333333333334,0.5416666666666666,0.11764705882352941,0.4588235294117647,0.5514705882352942,0
0.9354838709677419,0.9032258064516129,0.0,1.0,4.0,177.20833333333334,137.83333333333334,87.06250000000001,47.687500000000014,0.4,0.1323529411764706,0.10588235294117647,0.11029411764705882,0.09615384615384616,0.3230769230769231,0.3557692307692308,0.6041666666666666,0.7166666666666667,0.4895833333333333,0.47794117647058826,0.5176470588235295,0.49264705882352944,0
0.9354838709677419,0.9032258064516129,0.0,1.0,4.0,177.20833333333334,137.83333333333334,87.06250000000001,47.687500000000014,0.4,0.1323529411764706,0.10588235294117647,0.11029411764705882,0.09615384615384616,0.3230769230769231,0.3557692307692308,0.6041666666666666,0.7166666666666667,0.4895833333333333,0.47794117647058826,0.5176470588235295,0.49264705882352944,0
0.9354838709677419,0.9032258064516129,0.0,1.0,4.0,177.20833333333334,137.83333333333334,87.06250000000001,47.687500000000014,0.4,0.1323529411764706,0.10588235294117647,0.11029411764705882,0.09615384615384616,0.3230769230769231,0.3557692307692308,0.6041666666666666,0.7166666666666667,0.4895833333333333,0.47794117647058826,0.5176470588235295,0.49264705882352944,0
0.9354838709677419,0.9032258064516129,0.0,1.0,4.0,177.20833333333334,137.83333333333334,87.06250000000001,47.687500000000014,0.4,0.1323529411764706,0.10588235294117647,0.11029411764705882,0.09615384615384616,0.3230769230769231,0.3557692307692308,0.6041666666666666,0.7166666666666667,0.4895833333333333,0.47794117647058826,0.5176470588235295,0.49264705882352944,0
0.9354838709677419,0.9032258064516129,0.0,1.0,4.0,177.20833333333334,137.83333333333334,87.06250000000001,47.687500000000014,0.4,0.1323529411764706,0.10588235294117647,0.11029411764705882,0.09615384615384616,0.3230769230769231,0.3557692307692308,0.6041666666666666,0.7166666666666667,0.4895833333333333,0.47794117647058826,0.5176470588235295,0.49264705882352944,0
0.8064516129032258,0.7419354838709677,0.0,0.9166666666666666,1.5,192.60416666666666,143.6875,76.47916666666666,27.5625,0.3433333333333333,0.10294117647058823,0.10588235294117647,0.10294117647058823,0.019230769230769232,0.27692307692307694,0.33653846153846156,0.3333333333333333,0.4666666666666667,0.13541666666666666,0.5588235294117647,0.6470588235294118,0.6102941176470589,0
0.8064516129032258,0.7419354838709677,0.0,0.9166666666666666,1.5,192.60416666666666,143.6875,76.47916666666666,27.5625,0.3433333333333333,0.10294117647058823,0.10588235294117647,0.10294117647058823,0.019230769230769232,0.27692307692307694,0.33653846153846156,0.3333333333333333,0.4666666666666667,0.13541666666666666,0.5588235294117647,0.6470588235294118,0.6102941176470589,0
0.8064516129032258,0.7419354838709677,0.0,0.9166666666666666,1.5,192.60416666666666,143.6875,76.47916666666666,27.5625,0.3433333333333333,0.10294117647058823,0.10588235294117647,0.10294117647058823,0.019230769230769232,0.27692307692307694,0.33653846153846156,0.3333333333333333,0.4666666666666667,0.13541666666666666,0.5588235294117647,0.6470588235294118,0.6102941176470589,0
0.8064516129032258,0.7419354838709677,0.0,0.9166666666666666,1.5,192.60416666666666,143.6875,76.47916666666666,27.5625,0.3433333333333333,0.10294117647058823,0.10588235294117647,0.10294117647058823,0.019230769230769232,0.27692307692307694,0.33653846153846156,0.3333333333333333,0.4666666666666667,0.13541666666666666,0.5588235294117647,0.6470588235294118,0.6102941176470589,0
0.8064516129032258,0.7419354838709677,0.0,0.9166666666666666,1.5,192.60416666666666,143.6875,76.47916666666666,27.5625,0.3433333333333333,0.10294117647058823,0.10588235294117647,0.10294117647058823,0.019230769230769232,0.27692307692307694,0.33653846153846156,0.3333333333333333,0.4666666666666667,0.13541666666666666,0.5588235294117647,0.6470588235294118,0.6102941176470589,0
1.032258064516129,1.032258064516129,1.0,1.0,1.0,232.63888888888889,145.7986111111111,196.11805555555554,109.27777777777774,0.27,0.0,0.17647058823529413,0.34558823529411764,0.0,0.4461538461538462,0.375,0.0,0.31666666666666665,0.23958333333333334,0.6544117647058824,0.788235294117647,0.6544117647058824,0
1.032258064516129,1.032258064516129,1.0,1.0,1.0,232.63888888888889,145.7986111111111,196.11805555555554,109.27777777777774,0.27,0.0,0.17647058823529413,0.34558823529411764,0.0,0.4461538461538462,0.375,0.0,0.31666666666666665,0.23958333333333334,0.6544117647058824,0.788235294117647,0.6544117647058824,0
1.032258064516129,1.032258064516129,0.5,1.0,1.0,195.4722222222222,174.0625,114.76388888888887,93.35416666666667,0.2966666666666667,0.09558823529411764,0.11764705882352941,0.19117647058823528,0.11538461538461539,0.4461538461538462,0.40384615384615385,0.17708333333333334,0.3333333333333333,0.0,0.6176470588235294,0.4823529411764706,0.1323529411764706,0
1.032258064516129,1.032258064516129,0.5,1.0,1.0,195.4722222222222,174.0625,114.76388888888887,93.35416666666667,0.2966666666666667,0.09558823529411764,0.11764705882352941,0.19117647058823528,0.11538461538461539,0.4461538461538462,0.40384615384615385,0.17708333333333334,0.3333333333333333,0.0,0.6176470588235294,0.4823529411764706,0.1323529411764706,0
1.032258064516129,1.032258064516129,0.5,1.0,1.0,195.4722222222222,174.0625,114.76388888888887,93.35416666666667,0.2966666666666667,0.09558823529411764,0.11764705882352941,0.19117647058823528,0.11538461538461539,0.4461538461538462,0.40384615384615385,0.17708333333333334,0.3333333333333333,0.0,0.6176470588235294,0.4823529411764706,0.1323529411764706,0
1.032258064516129,1.032258064516129,1.0,1.0,1.0,233.51388888888889,122.0763888888889,184.47222222222223,73.03472222222223,0.33166666666666667,0.08823529411764706,0.21176470588235294,0.4264705882352941,0.057692307692307696,0.4307692307692308,0.375,0.0,0.35,0.3958333333333333,0.125,0.3058823529411765,0.34558823529411764,0
1.032258064516129,1.032258064516129,1.0,1.0,1.0,233.51388888888889,122.0763888888889,184.47222222222223,73.03472222222223,0.33166666666666667,0.08823529411764706,0.21176470588235294,0.4264705882352941,0.057692307692307696,0.4307692307692308,0.375,0.0,0.35,0.3958333333333333,0.125,0.3058823529411765,0.34558823529411764,0
1.032258064516129,1.032258064516129,1.0,1.0,1.0,233.51388888888889,122.0763888888889,184.47222222222223,73.03472222222223,0.33166666666666667,0.08823529411764706,0.21176470588235294,0.4264705882352941,0.057692307692307696,0.4307692307692308,0.375,0.0,0.35,0.3958333333333333,0.125,0.3058823529411765,0.34558823529411764,0
1.032258064516129,1.032258064516129,1.0,1.0,1.0,233.51388888888889,122.0763888888889,184.47222222222223,73.03472222222223,0.33166666666666667,0.08823529411764706,0.21176470588235294,0.4264705882352941,0.057692307692307696,0.4307692307692308,0.375,0.0,0.35,0.3958333333333333,0.125,0.3058823529411765,0.34558823529411764,0
1.032258064516129,0.967741935483871,0.0,0.8888888888888888,6.0,183.52777777777774,118.52083333333333,95.65277777777774,30.64583333333333,0.425,0.17647058823529413,0.17647058823529413,0.27205882352941174,0.11538461538461539,0.4153846153846154,0.4230769230769231,0.5416666666666666,0.6833333333333333,0.3854166666666667,0.35294117647058826,0.4823529411764706,0.5441176470588235,0
1.032258064516129,0.967741935483871,0.0,0.8888888888888888,6.0,183.52777777777774,118.52083333333333,95.65277777777774,30.64583333333333,0.425,0.17647058823529413,0.17647058823529413,0.27205882352941174,0.11538461538461539,0.4153846153846154,0.4230769230769231,0.5416666666666666,0.6833333333333333,0.3854166666666667,0.35294117647058826,0.4823529411764706,0.5441176470588235,0
1.032258064516129,0.967741935483871,0.0,0.8888888888888888,6.0,183.52777777777774,118.52083333333333,95.65277777777774,30.64583333333333,0.425,0.17647058823529413,0.17647058823529413,0.27205882352941174,0.11538461538461539,0.4153846153846154,0.4230769230769231,0.5416666666666666,0.6833333333333333,0.3854166666666667,0.35294117647058826,0.4823529411764706,0.5441176470588235,0
1.032258064516129,0.967741935483871,0.0,0.8888888888888888,6.0,183.52777777777774,118.52083333333333,95.65277777777774,30.64583333333333,0.425,0.17647058823529413,0.17647058823529413,0.27205882352941174,0.11538461538461539,0.4153846153846154,0.4230769230769231,0.5416666666666666,0.6833333333333333,0.3854166666666667,0.35294117647058826,0.4823529411764706,0.5441176470588235,0
1.032258064516129,0.967741935483871,0.0,0.8888888888888888,6.0,183.52777777777774,118.52083333333333,95.65277777777774,30.64583333333333,0.425,0.17647058823529413,0.17647058823529413,0.27205882352941174,0.11538461538461539,0.4153846153846154,0.4230769230769231,0.5416666666666666,0.6833333333333333,0.3854166666666667,0.35294117647058826,0.4823529411764706,0.5441176470588235,0
0.8064516129032258,0.7419354838709677,0.0,1.0,1.5,196.80555555555554,152.98611111111111,86.61805555555554,42.798611111111114,0.33166666666666667,0.10294117647058823,0.09411764705882353,0.07352941176470588,0.1346153846153846,0.26153846153846155,0.33653846153846156,0.2604166666666667,0.43333333333333335,0.19791666666666666,0.625,0.7176470588235294,0.6176470588235294,0
0.8064516129032258,0.7419354838709677,0.0,1.0,1.5,196.80555555555554,152.98611111111111,86.61805555555554,42.798611111111114,0.33166666666666667,0.10294117647058823,0.09411764705882353,0.07352941176470588,0.1346153846153846,0.26153846153846155,0.33653846153846156,0.2604166666666667,0.43333333333333335,0.19791666666666666,0.625,0.7176470588235294,0.6176470588235294,0
0.8064516129032258,0.7419354838709677,0.0,1.0,1.5,196.80555555555554,152.98611111111111,86.61805555555554,42.798611111111114,0.33166666666666667,0.10294117647058823,0.09411764705882353,0.07352941176470588,0.1346153846153846,0.26153846153846155,0.33653846153846156,0.2604166666666667,0.43333333333333335,0.19791666666666666,0.625,0.7176470588235294,0.6176470588235294,0
0.8387096774193549,0.7741935483870968,0.3333333333333333,1.0,1.0,228.42361111111111,173.19444444444443,112.98611111111111,57.75694444444443,0.22916666666666666,0.08823529411764706,0.11764705882352941,0.08823529411764706,0.038461538461538464,0.2153846153846154,0.33653846153846156,0.0,0.2,0.0,0.6470588235294118,0.8470588235294118,0.7647058823529411,0
0.8387096774193549,0.7741935483870968,0.3333333333333333,1.0,1.0,228.42361111111111,173.19444444444443,112.98611111111111,57.75694444444443,0.22916666666666666,0.08823529411764706,0.11764705882352941,0.08823529411764706,0.038461538461538464,0.2153846153846154,0.33653846153846156,0.0,0.2,0.0,0.6470588235294118,0.8470588235294118,0.7647058823529411,0
0.8387096774193549,0.7741935483870968,0.3333333333333333,1.0,1.0,228.42361111111111,173.19444444444443,112.98611111111111,57.75694444444443,0.22916666666666666,0.08823529411764706,0.11764705882352941,0.08823529411764706,0.038461538461538464,0.2153846153846154,0.33653846153846156,0.0,0.2,0.0,0.6470588235294118,0.8470588235294118,0.7647058823529411,0
0.967741935483871,0.9354838709677419,0.16666666666666666,1.0,1.0,227.52083333333334,145.51388888888889,134.0,51.99305555555556,0.275,0.058823529411764705,0.058823529411764705,0.08823529411764706,0.009615384615384616,0.3384615384615385,0.38461538461538464,0.0,0.3,0.25,0.7279411764705882,0.8235294117647058,0.7573529411764706,0
0.967741935483871,0.9354838709677419,0.16666666666666666,1.0,1.0,227.52083333333334,145.51388888888889,134.0,51.99305555555556,0.275,0.058823529411764705,0.058823529411764705,0.08823529411764706,0.009615384615384616,0.3384615384615385,0.38461538461538464,0.0,0.3,0.25,0.7279411764705882,0.8235294117647058,0.7573529411764706,0
0.967741935483871,0.9354838709677419,0.16666666666666666,1.0,1.0,227.52083333333334,145.51388888888889,134.0,51.99305555555556,0.275,0.058823529411764705,0.058823529411764705,0.08823529411764706,0.009615384615384616,0.3384615384615385,0.38461538461538464,0.0,0.3,0.25,0.7279411764705882,0.8235294117647058,0.7573529411764706,0
0.967741935483871,0.9354838709677419,0.16666666666666666,1.0,1.0,227.52083333333334,145.51388888888889,134.0,51.99305555555556,0.275,0.058823529411764705,0.058823529411764705,0.08823529411764706,0.009615384615384616,0.3384615384615385,0.38461538461538464,0.0,0.3,0.25,0.7279411764705882,0.8235294117647058,0.7573529411764706,0
0.8571428571428571,0.8333333333333334,0.08333333333333333,0.0,6.0,235.026455026455,149.984126984127,107.80423280423278,22.76190476190476,0.21300563236047107,0.0,0.02857142857142857,0.18452380952380953,0.0787037037037037,0.4222222222222222,0.39814814814814814,0.05555555555555555,0.35555555555555557,0.47685185185185186,0.0,0.0,0.05357142857142857,0
0.8571428571428571,0.8333333333333334,0.08333333333333333,0.0,6.0,235.026455026455,149.984126984127,107.80423280423278,22.76190476190476,0.21300563236047107,0.0,0.02857142857142857,0.18452380952380953,0.0787037037037037,0.4222222222222222,0.39814814814814814,0.05555555555555555,0.35555555555555557,0.47685185185185186,0.0,0.0,0.05357142857142857,0
0.8571428571428571,0.8333333333333334,0.08333333333333333,0.0,6.0,235.026455026455,149.984126984127,107.80423280423278,22.76190476190476,0.21300563236047107,0.0,0.02857142857142857,0.18452380952380953,0.0787037037037037,0.4222222222222222,0.39814814814814814,0.05555555555555555,0.35555555555555557,0.47685185185185186,0.0,0.0,0.05357142857142857,0
0.8571428571428571,0.8333333333333334,0.08333333333333333,0.0,6.0,235.026455026455,149.984126984127,107.80423280423278,22.76190476190476,0.21300563236047107,0.0,0.02857142857142857,0.18452380952380953,0.0787037037037037,0.4222222222222222,0.39814814814814814,0.05555555555555555,0.35555555555555557,0.47685185185185186,0.0,0.0,0.05357142857142857,0
0.7857142857142857,0.7619047619047619,0.0,0.0,6.0,190.40211640211638,159.973544973545,46.164021164021136,15.735449735449748,0.29237071172555046,0.05357142857142857,0.08571428571428572,0.08928571428571429,0.11574074074074074,0.34814814814814815,0.33796296296296297,0.46296296296296297,0.5037037037037037,0.48148148148148145,0.0,0.0,0.05357142857142857,0
0.7857142857142857,0.7619047619047619,0.0,0.0,6.0,190.40211640211638,159.973544973545,46.164021164021136,15.735449735449748,0.29237071172555046,0.05357142857142857,0.08571428571428572,0.08928571428571429,0.11574074074074074,0.34814814814814815,0.33796296296296297,0.46296296296296297,0.5037037037037037,0.48148148148148145,0.0,0.0,0.05357142857142857,0
0.7857142857142857,0.7619047619047619,0.0,0.0,6.0,190.40211640211638,159.973544973545,46.164021164021136,15.735449735449748,0.29237071172555046,0.05357142857142857,0.08571428571428572,0.08928571428571429,0.11574074074074074,0.34814814814814815,0.33796296296296297,0.46296296296296297,0.5037037037037037,0.48148148148148145,0.0,0.0,0.05357142857142857,0
0.7857142857142857,0.7619047619047619,0.0,0.0,6.0,190.40211640211638,159.973544973545,46.164021164021136,15.735449735449748,0.29237071172555046,0.05357142857142857,0.08571428571428572,0.08928571428571429,0.11574074074074074,0.34814814814814815,0.33796296296296297,0.46296296296296297,0.5037037037037037,0.48148148148148145,0.0,0.0,0.05357142857142857,0
0.7857142857142857,0.7619047619047619,0.0,0.0,6.0,190.40211640211638,159.973544973545,46.164021164021136,15.735449735449748,0.29237071172555046,0.05357142857142857,0.08571428571428572,0.08928571428571429,0.11574074074074074,0.34814814814814815,0.33796296296296297,0.46296296296296297,0.5037037037037037,0.48148148148148145,0.0,0.0,0.05357142857142857,0
0.8571428571428571,0.8571428571428571,0.08333333333333333,0.0,6.0,191.05820105820104,146.7195767195767,72.3280423280423,27.989417989417973,0.3061955965181772,0.10714285714285714,0.11428571428571428,0.21428571428571427,0.1111111111111111,0.4148148148148148,0.3611111111111111,0.48148148148148145,0.5037037037037037,0.48148148148148145,0.0,0.0,0.02976190476190476,0
0.8571428571428571,0.8571428571428571,0.08333333333333333,0.0,6.0,191.05820105820104,146.7195767195767,72.3280423280423,27.989417989417973,0.3061955965181772,0.10714285714285714,0.11428571428571428,0.21428571428571427,0.1111111111111111,0.4148148148148148,0.3611111111111111,0.48148148148148145,0.5037037037037037,0.48148148148148145,0.0,0.0,0.02976190476190476,0
0.8571428571428571,0.8571428571428571,0.08333333333333333,0.0,6.0,191.05820105820104,146.7195767195767,72.3280423280423,27.989417989417973,0.3061955965181772,0.10714285714285714,0.11428571428571428,0.21428571428571427,0.1111111111111111,0.4148148148148148,0.3611111111111111,0.48148148148148145,0.5037037037037037,0.48148148148148145,0.0,0.0,0.02976190476190476,0
0.8571428571428571,0.8571428571428571,0.08333333333333333,0.0,6.0,191.05820105820104,146.7195767195767,72.3280423280423,27.989417989417973,0.3061955965181772,0.10714285714285714,0.11428571428571428,0.21428571428571427,0.1111111111111111,0.4148148148148148,0.3611111111111111,0.48148148148148145,0.5037037037037037,0.48148148148148145,0.0,0.0,0.02976190476190476,0
0.8571428571428571,0.8571428571428571,0.08333333333333333,0.0,6.0,191.05820105820104,146.7195767195767,72.3280423280423,27.989417989417973,0.3061955965181772,0.10714285714285714,0.11428571428571428,0.21428571428571427,0.1111111111111111,0.4148148148148148,0.3611111111111111,0.48148148148148145,0.5037037037037037,0.48148148148148145,0.0,0.0,0.02976190476190476,0
0.8571428571428571,0.8571428571428571,0.6666666666666666,0.0,3.0,170.48148148148147,200.989417989418,55.25925925925924,85.76719576719577,0.22939068100358423,0.25,0.08571428571428572,0.1130952380952381,0.2916666666666667,0.4962962962962963,0.23148148148148148,0.48148148148148145,0.37037037037037035,0.027777777777777776,0.0,0.0,0.047619047619047616,0
0.8571428571428571,0.8571428571428571,0.6666666666666666,0.0,3.0,170.48148148148147,200.989417989418,55.25925925925924,85.76719576719577,0.22939068100358423,0.25,0.08571428571428572,0.1130952380952381,0.2916666666666667,0.4962962962962963,0.23148148148148148,0.48148148148148145,0.37037037037037035,0.027777777777777776,0.0,0.0,0.047619047619047616,0
0.8571428571428571,0.8571428571428571,0.6666666666666666,0.0,3.0,170.48148148148147,200.989417989418,55.25925925925924,85.76719576719577,0.22939068100358423,0.25,0.08571428571428572,0.1130952380952381,0.2916666666666667,0.4962962962962963,0.23148148148148148,0.48148148148148145,0.37037037037037035,0.027777777777777776,0.0,0.0,0.047619047619047616,0
0.8571428571428571,0.8571428571428571,0.6666666666666666,0.0,3.0,170.48148148148147,200.989417989418,55.25925925925924,85.76719576719577,0.22939068100358423,0.25,0.08571428571428572,0.1130952380952381,0.2916666666666667,0.4962962962962963,0.23148148148148148,0.48148148148148145,0.37037037037037035,0.027777777777777776,0.0,0.0,0.047619047619047616,0
0.8809523809523809,0.8809523809523809,0.4791666666666667,0.0,8.0,191.89947089947088,158.67724867724868,85.39153439153438,52.16931216931218,0.31797235023041476,0.07142857142857142,0.10476190476190476,0.18452380952380953,0.1111111111111111,0.4444444444444444,0.3194444444444444,0.5185185185185185,0.5333333333333333,0.4675925925925926,0.0,0.0,0.047619047619047616,0
0.8809523809523809,0.8809523809523809,0.4791666666666667,0.0,8.0,191.89947089947088,158.67724867724868,85.39153439153438,52.16931216931218,0.31797235023041476,0.07142857142857142,0.10476190476190476,0.18452380952380953,0.1111111111111111,0.4444444444444444,0.3194444444444444,0.5185185185185185,0.5333333333333333,0.4675925925925926,0.0,0.0,0.047619047619047616,0
0.8809523809523809,0.8809523809523809,0.4791666666666667,0.0,8.0,191.89947089947088,158.67724867724868,85.39153439153438,52.16931216931218,0.31797235023041476,0.07142857142857142,0.10476190476190476,0.18452380952380953,0.1111111111111111,0.4444444444444444,0.3194444444444444,0.5185185185185185,0.5333333333333333,0.4675925925925926,0.0,0.0,0.047619047619047616,0
0.8333333333333334,0.7142857142857143,0.08333333333333333,0.4583333333333333,4.5,168.67195767195767,199.16931216931218,22.164021164021165,52.66137566137567,0.3020993343573989,0.023809523809523808,0.0,0.0,0.2777777777777778,0.34074074074074073,0.3472222222222222,0.4583333333333333,0.4888888888888889,0.08796296296296297,0.38095238095238093,0.1619047619047619,0.0,0
0.8333333333333334,0.7142857142857143,0.08333333333333333,0.4583333333333333,4.5,168.67195767195767,199.16931216931218,22.164021164021165,52.66137566137567,0.3020993343573989,0.023809523809523808,0.0,0.0,0.2777777777777778,0.34074074074074073,0.3472222222222222,0.4583333333333333,0.4888888888888889,0.08796296296296297,0.38095238095238093,0.1619047619047619,0.0,0
0.8333333333333334,0.7142857142857143,0.08333333333333333,0.4583333333333333,4.5,168.67195767195767,199.16931216931218,22.164021164021165,52.66137566137567,0.3020993343573989,0.023809523809523808,0.0,0.0,0.2777777777777778,0.34074074074074073,0.3472222222222222,0.4583333333333333,0.4888888888888889,0.08796296296296297,0.38095238095238093,0.1619047619047619,0.0,0
0.7380952380952381,0.7380952380952381,0.0,0.0,2.0,230.62962962962965,233.90476190476193,97.32804232804236,100.60317460317464,0.14695340501792115,0.0,0.0,0.0,0.10648148148148148,0.31851851851851853,0.08333333333333333,0.0787037037037037,0.2740740740740741,0.08796296296296297,0.0,0.0,0.0,0
0.7380952380952381,0.7380952380952381,0.0,0.0,2.0,230.62962962962965,233.90476190476193,97.32804232804236,100.60317460317464,0.14695340501792115,0.0,0.0,0.0,0.10648148148148148,0.31851851851851853,0.08333333333333333,0.0787037037037037,0.2740740740740741,0.08796296296296297,0.0,0.0,0.0,0
0.7380952380952381,0.7380952380952381,0.0,0.0,2.0,230.62962962962965,233.90476190476193,97.32804232804236,100.60317460317464,0.14695340501792115,0.0,0.0,0.0,0.10648148148148148,0.31851851851851853,0.08333333333333333,0.0787037037037037,0.2740740740740741,0.08796296296296297,0.0,0.0,0.0,0
1.0238095238095237,1.0,0.05555555555555555,0.2222222222222222,3.0,171.6931216931217,190.60846560846562,80.05820105820106,98.97354497354499,0.27342549923195086,0.047619047619047616,0.13333333333333333,0.20238095238095238,0.33796296296296297,0.34074074074074073,0.2916666666666667,0.5972222222222222,0.4444444444444444,0.06018518518518518,0.18452380952380953,0.09523809523809523,0.011904761904761904,0
1.0238095238095237,1.0,0.05555555555555555,0.2222222222222222,3.0,171.6931216931217,190.60846560846562,80.05820105820106,98.97354497354499,0.27342549923195086,0.047619047619047616,0.13333333333333333,0.20238095238095238,0.33796296296296297,0.34074074074074073,0.2916666666666667,0.5972222222222222,0.4444444444444444,0.06018518518518518,0.18452380952380953,0.09523809523809523,0.011904761904761904,0
1.0238095238095237,1.0,0.05555555555555555,0.2222222222222222,3.0,171.6931216931217,190.60846560846562,80.05820105820106,98.97354497354499,0.27342549923195086,0.047619047619047616,0.13333333333333333,0.20238095238095238,0.33796296296296297,0.34074074074074073,0.2916666666666667,0.5972222222222222,0.4444444444444444,0.06018518518518518,0.18452380952380953,0.09523809523809523,0.011904761904761904,0
0.8809523809523809,0.8571428571428571,0.08333333333333333,0.0,6.0,235.34920634920636,155.03174603174602,114.36507936507937,34.04761904761904,0.2114695340501792,0.0,0.0,0.011904761904761904,0.046296296296296294,0.362962962962963,0.3472222222222222,0.05092592592592592,0.35555555555555557,0.44907407407407407,0.0,0.0,0.05952380952380952,0
0.8809523809523809,0.8571428571428571,0.08333333333333333,0.0,6.0,235.34920634920636,155.03174603174602,114.36507936507937,34.04761904761904,0.2114695340501792,0.0,0.0,0.011904761904761904,0.046296296296296294,0.362962962962963,0.3472222222222222,0.05092592592592592,0.35555555555555557,0.44907407407407407,0.0,0.0,0.05952380952380952,0
0.8809523809523809,0.8571428571428571,0.08333333333333333,0.0,6.0,235.34920634920636,155.03174603174602,114.36507936507937,34.04761904761904,0.2114695340501792,0.0,0.0,0.011904761904761904,0.046296296296296294,0.362962962962963,0.3472222222222222,0.05092592592592592,0.35555555555555557,0.44907407407407407,0.0,0.0,0.05952380952380952,0
0.8809523809523809,0.8571428571428571,0.08333333333333333,0.0,6.0,235.34920634920636,155.03174603174602,114.36507936507937,34.04761904761904,0.2114695340501792,0.0,0.0,0.011904761904761904,0.046296296296296294,0.362962962962963,0.3472222222222222,0.05092592592592592,0.35555555555555557,0.44907407407407407,0.0,0.0,0.05952380952380952,0
0.8333333333333334,0.7857142857142857,0.0,0.16666666666666666,6.0,165.9047619047619,159.65608465608466,34.269841269841265,28.021164021164026,0.36200716845878134,0.08333333333333333,0.0761904761904762,0.08928571428571429,0.5277777777777778,0.3037037037037037,0.2777777777777778,0.5,0.5333333333333333,0.49074074074074076,0.10714285714285714,0.14285714285714285,0.10119047619047619,0
0.8333333333333334,0.7857142857142857,0.0,0.16666666666666666,6.0,165.9047619047619,159.65608465608466,34.269841269841265,28.021164021164026,0.36200716845878134,0.08333333333333333,0.0761904761904762,0.08928571428571429,0.5277777777777778,0.3037037037037037,0.2777777777777778,0.5,0.5333333333333333,0.49074074074074076,0.10714285714285714,0.14285714285714285,0.10119047619047619,0
0.8333333333333334,0.7857142857142857,0.0,0.16666666666666666,6.0,165.9047619047619,159.65608465608466,34.269841269841265,28.021164021164026,0.36200716845878134,0.08333333333333333,0.0761904761904762,0.08928571428571429,0.5277777777777778,0.3037037037037037,0.2777777777777778,0.5,0.5333333333333333,0.49074074074074076,0.10714285714285714,0.14285714285714285,0.10119047619047619,0
0.8333333333333334,0.7857142857142857,0.0,0.16666666666666666,6.0,165.9047619047619,159.65608465608466,34.269841269841265,28.021164021164026,0.36200716845878134,0.08333333333333333,0.0761904761904762,0.08928571428571429,0.5277777777777778,0.3037037037037037,0.2777777777777778,0.5,0.5333333333333333,0.49074074074074076,0.10714285714285714,0.14285714285714285,0.10119047619047619,0
0.8333333333333334,0.7857142857142857,0.0,0.16666666666666666,6.0,165.9047619047619,159.65608465608466,34.269841269841265,28.021164021164026,0.36200716845878134,0.08333333333333333,0.0761904761904762,0.08928571428571429,0.5277777777777778,0.3037037037037037,0.2777777777777778,0.5,0.5333333333333333,0.49074074074074076,0.10714285714285714,0.14285714285714285,0.10119047619047619,0
0.8809523809523809,0.8571428571428571,0.027777777777777776,0.05555555555555555,6.0,181.65608465608466,194.1851851851852,69.02116402116403,81.55026455026456,0.22734254992319508,0.06547619047619048,0.047619047619047616,0.011904761904761904,0.10185185185185185,0.34814814814814815,0.2824074074074074,0.5138888888888888,0.3851851851851852,0.027777777777777776,0.10119047619047619,0.10476190476190476,0.09523809523809523,0
0.8809523809523809,0.8571428571428571,0.027777777777777776,0.05555555555555555,6.0,181.65608465608466,194.1851851851852,69.02116402116403,81.55026455026456,0.22734254992319508,0.06547619047619048,0.047619047619047616,0.011904761904761904,0.10185185185185185,0.34814814814814815,0.2824074074074074,0.5138888888888888,0.3851851851851852,0.027777777777777776,0.10119047619047619,0.10476190476190476,0.09523809523809523,0
0.8809523809523809,0.8571428571428571,0.027777777777777776,0.05555555555555555,6.0,181.65608465608466,194.1851851851852,69.02116402116403,81.55026455026456,0.22734254992319508,0.06547619047619048,0.047619047619047616,0.011904761904761904,0.10185185185185185,0.34814814814814815,0.2824074074074074,0.5138888888888888,0.3851851851851852,0.027777777777777776,0.10119047619047619,0.10476190476190476,0.09523809523809523,0
0.8809523809523809,0.8571428571428571,0.027777777777777776,0.05555555555555555,6.0,181.65608465608466,194.1851851851852,69.02116402116403,81.55026455026456,0.22734254992319508,0.06547619047619048,0.047619047619047616,0.011904761904761904,0.10185185185185185,0.34814814814814815,0.2824074074074074,0.5138888888888888,0.3851851851851852,0.027777777777777776,0.10119047619047619,0.10476190476190476,0.09523809523809523,0
0.9523809523809523,0.9285714285714286,0.3333333333333333,0.0,2.0,185.015873015873,153.83597883597884,76.79365079365078,45.61375661375661,0.3143881208397337,0.047619047619047616,0.10476190476190476,0.13690476190476192,0.041666666666666664,0.5037037037037037,0.2962962962962963,0.4861111111111111,0.5703703703703704,0.5,0.07738095238095238,0.05714285714285714,0.05357142857142857,0
0.9523809523809523,0.9285714285714286,0.3333333333333333,0.0,2.0,185.015873015873,153.83597883597884,76.79365079365078,45.61375661375661,0.3143881208397337,0.047619047619047616,0.10476190476190476,0.13690476190476192,0.041666666666666664,0.5037037037037037,0.2962962962962963,0.4861111111111111,0.5703703703703704,0.5,0.07738095238095238,0.05714285714285714,0.05357142857142857,0
0.9523809523809523,0.9285714285714286,0.3333333333333333,0.0,2.0,185.015873015873,153.83597883597884,76.79365079365078,45.61375661375661,0.3143881208397337,0.047619047619047616,0.10476190476190476,0.13690476190476192,0.041666666666666664,0.5037037037037037,0.2962962962962963,0.4861111111111111,0.5703703703703704,0.5,0.07738095238095238,0.05714285714285714,0.05357142857142857,0
0.9523809523809523,0.9285714285714286,0.3333333333333333,0.0,2.0,185.015873015873,153.83597883597884,76.79365079365078,45.61375661375661,0.3143881208397337,0.047619047619047616,0.10476190476190476,0.13690476190476192,0.041666666666666664,0.5037037037037037,0.2962962962962963,0.4861111111111111,0.5703703703703704,0.5,0.07738095238095238,0.05714285714285714,0.05357142857142857,0
0.9523809523809523,0.9285714285714286,0.3333333333333333,0.0,2.0,185.015873015873,153.83597883597884,76.79365079365078,45.61375661375661,0.3143881208397337,0.047619047619047616,0.10476190476190476,0.13690476190476192,0.041666666666666664,0.5037037037037037,0.2962962962962963,0.4861111111111111,0.5703703703703704,0.5,0.07738095238095238,0.05714285714285714,0.05357142857142857,0
1.0,0.8571428571428571,0.8333333333333334,0.0,2.0,179.97883597883597,149.92592592592592,94.88359788359787,64.83068783068782,0.3379416282642089,0.10119047619047619,0.3523809523809524,0.3630952380952381,0.041666666666666664,0.4666666666666667,0.1712962962962963,0.5740740740740741,0.6222222222222222,0.5046296296296297,0.047619047619047616,0.08571428571428572,0.10119047619047619,0
1.0,0.8571428571428571,0.8333333333333334,0.0,2.0,179.97883597883597,149.92592592592592,94.88359788359787,64.83068783068782,0.3379416282642089,0.10119047619047619,0.3523809523809524,0.3630952380952381,0.041666666666666664,0.4666666666666667,0.1712962962962963,0.5740740740740741,0.6222222222222222,0.5046296296296297,0.047619047619047616,0.08571428571428572,0.10119047619047619,0
1.0,0.8571428571428571,0.8333333333333334,0.0,2.0,179.97883597883597,149.92592592592592,94.88359788359787,64.83068783068782,0.3379416282642089,0.10119047619047619,0.3523809523809524,0.3630952380952381,0.041666666666666664,0.4666666666666667,0.1712962962962963,0.5740740740740741,0.6222222222222222,0.5046296296296297,0.047619047619047616,0.08571428571428572,0.10119047619047619,0
0.8709677419354839,0.8709677419354839,0.2777777777777778,0.0,6.0,224.8293650793651,139.61805555555554,128.7668650793651,43.55555555555554,0.29017013232514177,0.2833333333333333,0.4533333333333333,0.525,0.1590909090909091,0.34545454545454546,0.38636363636363635,0.0,0.43333333333333335,0.46875,0.0,0.0,0.0,0
0.8709677419354839,0.8709677419354839,0.2777777777777778,0.0,6.0,224.8293650793651,139.61805555555554,128.7668650793651,43.55555555555554,0.29017013232514177,0.2833333333333333,0.4533333333333333,0.525,0.1590909090909091,0.34545454545454546,0.38636363636363635,0.0,0.43333333333333335,0.46875,0.0,0.0,0.0,0
0.8709677419354839,0.8709677419354839,0.2777777777777778,0.0,6.0,224.8293650793651,139.61805555555554,128.7668650793651,43.55555555555554,0.29017013232514177,0.2833333333333333,0.4533333333333333,0.525,0.1590909090909091,0.34545454545454546,0.38636363636363635,0.0,0.43333333333333335,0.46875,0.0,0.0,0.0,0
0.8709677419354839,0.8709677419354839,0.2777777777777778,0.0,6.0,224.8293650793651,139.61805555555554,128.7668650793651,43.55555555555554,0.29017013232514177,0.2833333333333333,0.4533333333333333,0.525,0.1590909090909091,0.34545454545454546,0.38636363636363635,0.0,0.43333333333333335,0.46875,0.0,0.0,0.0,0
0.8709677419354839,0.8709677419354839,0.2777777777777778,0.0,6.0,224.8293650793651,139.61805555555554,128.7668650793651,43.55555555555554,0.29017013232514177,0.2833333333333333,0.4533333333333333,0.525,0.1590909090909091,0.34545454545454546,0.38636363636363635,0.0,0.43333333333333335,0.46875,0.0,0.0,0.0,0
0.9354838709677419,0.8709677419354839,0.5,0.16666666666666666,3.0,236.55555555555554,126.58333333333331,139.22222222222223,29.249999999999986,0.3279773156899811,0.3416666666666667,0.56,0.49166666666666664,0.1590909090909091,0.34545454545454546,0.375,0.0,0.36666666666666664,0.4375,0.0,0.02666666666666667,0.03333333333333333,0
0.9354838709677419,0.8709677419354839,0.5,0.16666666666666666,3.0,236.55555555555554,126.58333333333331,139.22222222222223,29.249999999999986,0.3279773156899811,0.3416666666666667,0.56,0.49166666666666664,0.1590909090909091,0.34545454545454546,0.375,0.0,0.36666666666666664,0.4375,0.0,0.02666666666666667,0.03333333333333333,0
0.9354838709677419,0.8709677419354839,0.5,0.16666666666666666,3.0,236.55555555555554,126.58333333333331,139.22222222222223,29.249999999999986,0.3279773156899811,0.3416666666666667,0.56,0.49166666666666664,0.1590909090909091,0.34545454545454546,0.375,0.0,0.36666666666666664,0.4375,0.0,0.02666666666666667,0.03333333333333333,0
0.9354838709677419,0.8709677419354839,0.5,0.16666666666666666,3.0,236.55555555555554,126.58333333333331,139.22222222222223,29.249999999999986,0.3279773156899811,0.3416666666666667,0.56,0.49166666666666664,0.1590909090909091,0.34545454545454546,0.375,0.0,0.36666666666666664,0.4375,0.0,0.02666666666666667,0.03333333333333333,0
0.9354838709677419,0.8709677419354839,0.5,0.16666666666666666,3.0,236.55555555555554,126.58333333333331,139.22222222222223,29.249999999999986,0.3279773156899811,0.3416666666666667,0.56,0.49166666666666664,0.1590909090909091,0.34545454545454546,0.375,0.0,0.36666666666666664,0.4375,0.0,0.02666666666666667,0.03333333333333333,0
0.7419354838709677,0.7419354838709677,0.2857142857142857,0.07142857142857142,7.0,151.83333333333334,236.72916666666666,20.979166666666686,105.875,0.2882797731568998,0.13333333333333333,0.37333333333333335,0.5416666666666666,0.5681818181818182,0.6181818181818182,0.0,0.3958333333333333,0.31666666666666665,0.0,0.0,0.04,0.0,0
0.7419354838709677,0.7419354838709677,0.3055555555555556,0.08333333333333333,6.0,151.9513888888889,239.7361111111111,26.430555555555586,114.21527777777776,0.26937618147448017,0.125,0.4666666666666667,0.48333333333333334,0.5681818181818182,0.509090909090909,0.0,0.3854166666666667,0.25,0.0,0.0,0.04,0.0,0
0.7419354838709677,0.7419354838709677,0.3055555555555556,0.08333333333333333,6.0,151.9513888888889,239.7361111111111,26.430555555555586,114.21527777777776,0.26937618147448017,0.125,0.4666666666666667,0.48333333333333334,0.5681818181818182,0.509090909090909,0.0,0.3854166666666667,0.25,0.0,0.0,0.04,0.0,0
0.7419354838709677,0.7419354838709677,0.3055555555555556,0.08333333333333333,6.0,151.9513888888889,239.7361111111111,26.430555555555586,114.21527777777776,0.26937618147448017,0.125,0.4666666666666667,0.48333333333333334,0.5681818181818182,0.509090909090909,0.0,0.3854166666666667,0.25,0.0,0.0,0.04,0.0,0
0.7419354838709677,0.7419354838709677,0.3055555555555556,0.08333333333333333,6.0,151.9513888888889,239.7361111111111,26.430555555555586,114.21527777777776,0.26937618147448017,0.125,0.4666666666666667,0.48333333333333334,0.5681818181818182,0.509090909090909,0.0,0.3854166666666667,0.25,0.0,0.0,0.04,0.0,0
0.8709677419354839,0.8709677419354839,0.5833333333333334,0.0,2.0,238.2152777777778,188.5902777777778,122.06944444444447,72.44444444444447,0.1786389413988658,0.35,0.44,0.25,0.0,0.23636363636363636,0.0,0.0,0.31666666666666665,0.3854166666666667,0.0,0.0,0.0,0
0.8709677419354839,0.8709677419354839,0.5833333333333334,0.0,2.0,238.2152777777778,188.5902777777778,122.06944444444447,72.44444444444447,0.1786389413988658,0.35,0.44,0.25,0.0,0.23636363636363636,0.0,0.0,0.31666666666666665,0.3854166666666667,0.0,0.0,0.0,0
0.8709677419354839,0.8709677419354839,0.5833333333333334,0.0,2.0,238.2152777777778,188.5902777777778,122.06944444444447,72.44444444444447,0.1786389413988658,0.35,0.44,0.25,0.0,0.23636363636363636,0.0,0.0,0.31666666666666665,0.3854166666666667,0.0,0.0,0.0,0
0.8709677419354839,0.8709677419354839,0.5833333333333334,0.0,2.0,238.2152777777778,188.5902777777778,122.06944444444447,72.44444444444447,0.1786389413988658,0.35,0.44,0.25,0.0,0.23636363636363636,0.0,0.0,0.31666666666666665,0.3854166666666667,0.0,0.0,0.0,0
0.9354838709677419,0.8387096774193549,0.5,0.25,6.0,191.86111111111111,108.0625,108.48611111111111,24.6875,0.4111531190926276,0.058333333333333334,0.26666666666666666,0.4666666666666667,0.0,0.4727272727272727,0.5227272727272727,0.3333333333333333,0.5333333333333333,0.5729166666666666,0.0,0.08,0.05,0
0.9354838709677419,0.8387096774193549,0.5,0.25,6.0,191.86111111111111,108.0625,108.48611111111111,24.6875,0.4111531190926276,0.058333333333333334,0.26666666666666666,0.4666666666666667,0.0,0.4727272727272727,0.5227272727272727,0.3333333333333333,0.5333333333333333,0.5729166666666666,0.0,0.08,0.05,0
0.9354838709677419,0.8387096774193549,0.5,0.25,6.0,191.86111111111111,108.0625,108.48611111111111,24.6875,0.4111531190926276,0.058333333333333334,0.26666666666666666,0.4666666666666667,0.0,0.4727272727272727,0.5227272727272727,0.3333333333333333,0.5333333333333333,0.5729166666666666,0.0,0.08,0.05,0
0.9354838709677419,0.8387096774193549,0.5,0.25,6.0,191.86111111111111,108.0625,108.48611111111111,24.6875,0.4111531190926276,0.058333333333333334,0.26666666666666666,0.4666666666666667,0.0,0.4727272727272727,0.5227272727272727,0.3333333333333333,0.5333333333333333,0.5729166666666666,0.0,0.08,0.05,0
0.9354838709677419,0.8387096774193549,0.5,0.25,6.0,191.86111111111111,108.0625,108.48611111111111,24.6875,0.4111531190926276,0.058333333333333334,0.26666666666666666,0.4666666666666667,0.0,0.4727272727272727,0.5227272727272727,0.3333333333333333,0.5333333333333333,0.5729166666666666,0.0,0.08,0.05,0
0.967741935483871,0.7096774193548387,0.2878787878787879,0.19696969696969696,11.0,134.23611111111111,134.62528344671202,45.75694444444444,46.14611678004535,0.5293005671077504,0.4166666666666667,0.36,0.5083333333333333,0.5113636363636364,0.6545454545454545,0.45454545454545453,0.5416666666666666,0.55,0.5208333333333334,0.03333333333333333,0.06666666666666667,0.06666666666666667,0
0.967741935483871,0.8387096774193549,0.2727272727272727,0.22727272727272727,11.0,139.7222222222222,135.28500566893425,57.95138888888887,53.51417233560092,0.5198487712665406,0.36666666666666664,0.4533333333333333,0.44166666666666665,0.5,0.6545454545454545,0.45454545454545453,0.5416666666666666,0.5333333333333333,0.5416666666666666,0.03333333333333333,0.06666666666666667,0.09166666666666666,0
0.967741935483871,0.8387096774193549,0.2727272727272727,0.22727272727272727,11.0,139.7222222222222,135.28500566893425,57.95138888888887,53.51417233560092,0.5198487712665406,0.36666666666666664,0.4533333333333333,0.44166666666666665,0.5,0.6545454545454545,0.45454545454545453,0.5416666666666666,0.5333333333333333,0.5416666666666666,0.03333333333333333,0.06666666666666667,0.09166666666666666,0
0.967741935483871,0.8387096774193549,0.2727272727272727,0.22727272727272727,11.0,139.7222222222222,135.28500566893425,57.95138888888887,53.51417233560092,0.5198487712665406,0.36666666666666664,0.4533333333333333,0.44166666666666665,0.5,0.6545454545454545,0.45454545454545453,0.5416666666666666,0.5333333333333333,0.5416666666666666,0.03333333333333333,0.06666666666666667,0.09166666666666666,0
0.967741935483871,0.8387096774193549,0.2727272727272727,0.22727272727272727,11.0,139.7222222222222,135.28500566893425,57.95138888888887,53.51417233560092,0.5198487712665406,0.36666666666666664,0.4533333333333333,0.44166666666666665,0.5,0.6545454545454545,0.45454545454545453,0.5416666666666666,0.5333333333333333,0.5416666666666666,0.03333333333333333,0.06666666666666667,0.09166666666666666,0
0.967741935483871,0.8387096774193549,0.2727272727272727,0.22727272727272727,11.0,139.7222222222222,135.28500566893425,57.95138888888887,53.51417233560092,0.5198487712665406,0.36666666666666664,0.4533333333333333,0.44166666666666665,0.5,0.6545454545454545,0.45454545454545453,0.5416666666666666,0.5333333333333333,0.5416666666666666,0.03333333333333333,0.06666666666666667,0.09166666666666666,0
0.9032258064516129,0.7096774193548387,0.3055555555555556,0.0,6.0,133.20138888888889,235.52083333333334,4.305555555555543,106.625,0.27977315689981097,0.375,0.44,0.4666666666666667,0.36363636363636365,0.38181818181818183,0.09090909090909091,0.5416666666666666,0.3333333333333333,0.0,0.125,0.0,0.0,1
0.9032258064516129,0.7096774193548387,0.3055555555555556,0.0,6.0,133.20138888888889,235.52083333333334,4.305555555555543,106.625,0.27977315689981097,0.375,0.44,0.4666666666666667,0.36363636363636365,0.38181818181818183,0.09090909090909091,0.5416666666666666,0.3333333333333333,0.0,0.125,0.0,0.0,1
0.9032258064516129,0.7096774193548387,0.3055555555555556,0.0,6.0,133.20138888888889,235.52083333333334,4.305555555555543,106.625,0.27977315689981097,0.375,0.44,0.4666666666666667,0.36363636363636365,0.38181818181818183,0.09090909090909091,0.5416666666666666,0.3333333333333333,0.0,0.125,0.0,0.0,1
0.9032258064516129,0.7096774193548387,0.3055555555555556,0.0,6.0,133.20138888888889,235.52083333333334,4.305555555555543,106.625,0.27977315689981097,0.375,0.44,0.4666666666666667,0.36363636363636365,0.38181818181818183,0.09090909090909091,0.5416666666666666,0.3333333333333333,0.0,0.125,0.0,0.0,1
0.9354838709677419,0.7419354838709677,0.4722222222222222,0.08333333333333333,6.0,211.19444444444446,135.47916666666666,92.38194444444446,16.666666666666657,0.28071833648393196,0.0,0.17333333333333334,0.45,0.0,0.41818181818181815,0.48863636363636365,0.07291666666666667,0.5,0.3125,0.14166666666666666,0.0,0.0,0
0.9354838709677419,0.7419354838709677,0.4722222222222222,0.08333333333333333,6.0,211.19444444444446,135.47916666666666,92.38194444444446,16.666666666666657,0.28071833648393196,0.0,0.17333333333333334,0.45,0.0,0.41818181818181815,0.48863636363636365,0.07291666666666667,0.5,0.3125,0.14166666666666666,0.0,0.0,0
0.9354838709677419,0.7419354838709677,0.4722222222222222,0.08333333333333333,6.0,211.19444444444446,135.47916666666666,92.38194444444446,16.666666666666657,0.28071833648393196,0.0,0.17333333333333334,0.45,0.0,0.41818181818181815,0.48863636363636365,0.07291666666666667,0.5,0.3125,0.14166666666666666,0.0,0.0,0
0.9354838709677419,0.7419354838709677,0.4722222222222222,0.08333333333333333,6.0,211.19444444444446,135.47916666666666,92.38194444444446,16.666666666666657,0.28071833648393196,0.0,0.17333333333333334,0.45,0.0,0.41818181818181815,0.48863636363636365,0.07291666666666667,0.5,0.3125,0.14166666666666666,0.0,0.0,0
0.9354838709677419,0.7419354838709677,0.4722222222222222,0.08333333333333333,6.0,211.19444444444446,135.47916666666666,92.38194444444446,16.666666666666657,0.28071833648393196,0.0,0.17333333333333334,0.45,0.0,0.41818181818181815,0.48863636363636365,0.07291666666666667,0.5,0.3125,0.14166666666666666,0.0,0.0,0
0.8620689655172413,0.7931034482758621,0.16666666666666666,0.16666666666666666,2.0,166.45652173913047,216.33333333333334,35.23913043478265,85.11594202898553,0.2855731225296443,0.041666666666666664,0.0,0.0,0.4875,0.2,0.0,0.22727272727272727,0.34545454545454546,0.0,0.0,0.0,0.0,0
0.8620689655172413,0.7931034482758621,0.16666666666666666,0.16666666666666666,2.0,166.45652173913047,216.33333333333334,35.23913043478265,85.11594202898553,0.2855731225296443,0.041666666666666664,0.0,0.0,0.4875,0.2,0.0,0.22727272727272727,0.34545454545454546,0.0,0.0,0.0,0.0,0
0.8620689655172413,0.7931034482758621,0.16666666666666666,0.16666666666666666,2.0,166.45652173913047,216.33333333333334,35.23913043478265,85.11594202898553,0.2855731225296443,0.041666666666666664,0.0,0.0,0.4875,0.2,0.0,0.22727272727272727,0.34545454545454546,0.0,0.0,0.0,0.0,0
1.0344827586206897,1.0344827586206897,0.08333333333333333,0.0,4.0,223.6086956521739,131.83333333333334,141.73913043478262,49.963768115942045,0.30632411067193677,0.0,0.0,0.0,0.0,0.48,0.4,0.0,0.4909090909090909,0.36363636363636365,0.0,0.0,0.0,0
1.0344827586206897,1.0344827586206897,0.125,0.0,4.0,221.40579710144928,137.6159420289855,140.90579710144928,57.1159420289855,0.31126482213438733,0.0,0.0,0.0,0.0,0.64,0.35,0.0,0.6545454545454545,0.29545454545454547,0.0,0.0,0.0,0
1.0344827586206897,1.0344827586206897,0.125,0.0,4.0,221.40579710144928,137.6159420289855,140.90579710144928,57.1159420289855,0.31126482213438733,0.0,0.0,0.0,0.0,0.64,0.35,0.0,0.6545454545454545,0.29545454545454547,0.0,0.0,0.0,0
1.0344827586206897,1.0344827586206897,0.16666666666666666,0.0,4.0,201.44202898550725,121.89130434782608,122.44202898550725,42.89130434782608,0.31225296442687744,0.0,0.0,0.0,0.0,0.64,0.3875,0.0,0.6727272727272727,0.3181818181818182,0.0,0.0,0.0,0
1.0344827586206897,1.0344827586206897,0.16666666666666666,0.0,4.0,201.44202898550725,121.89130434782608,122.44202898550725,42.89130434782608,0.31225296442687744,0.0,0.0,0.0,0.0,0.64,0.3875,0.0,0.6727272727272727,0.3181818181818182,0.0,0.0,0.0,0
1.0344827586206897,1.0344827586206897,0.16666666666666666,0.0,4.0,201.44202898550725,121.89130434782608,122.44202898550725,42.89130434782608,0.31225296442687744,0.0,0.0,0.0,0.0,0.64,0.3875,0.0,0.6727272727272727,0.3181818181818182,0.0,0.0,0.0,0
1.0344827586206897,1.0344827586206897,0.16666666666666666,0.0,4.0,154.57971014492753,138.97826086956522,72.8623188405797,57.26086956521739,0.3102766798418972,0.0,0.0,0.0,0.1,0.52,0.3625,0.10227272727272728,0.5454545454545454,0.3181818181818182,0.0,0.0,0.0,0
1.0344827586206897,1.0344827586206897,0.16666666666666666,0.0,2.0,80.40579710144927,196.66666666666666,-18.659420289855078,97.60144927536231,0.34881422924901184,0.0,0.0,0.016666666666666666,0.4,0.36,0.2875,0.4090909090909091,0.38181818181818183,0.14772727272727273,0.0,0.0,0.0,0
1.0344827586206897,1.0344827586206897,0.16666666666666666,0.0,2.0,108.32608695652175,192.7964847363552,-8.760869565217376,75.70952821461609,0.3715415019762846,0.0,0.0,0.041666666666666664,0.4,0.4,0.3875,0.42045454545454547,0.36363636363636365,0.18181818181818182,0.0,0.0,0.0,0
1.0344827586206897,1.0344827586206897,0.16666666666666666,0.0,2.0,108.32608695652175,192.7964847363552,-8.760869565217376,75.70952821461609,0.3715415019762846,0.0,0.0,0.041666666666666664,0.4,0.4,0.3875,0.42045454545454547,0.36363636363636365,0.18181818181818182,0.0,0.0,0.0,0
1.0344827586206897,1.0344827586206897,0.16666666666666666,0.0,2.0,108.32608695652175,192.7964847363552,-8.760869565217376,75.70952821461609,0.3715415019762846,0.0,0.0,0.041666666666666664,0.4,0.4,0.3875,0.42045454545454547,0.36363636363636365,0.18181818181818182,0.0,0.0,0.0,0
1.0344827586206897,1.0344827586206897,0.0,0.16666666666666666,2.0,223.30434782608697,225.9565217391304,109.69565217391306,112.3478260869565,0.18972332015810275,0.0,0.0,0.041666666666666664,0.0,0.34,0.0,0.0,0.34545454545454546,0.0,0.0,0.0,0.0,0
1.0344827586206897,1.0344827586206897,0.0,0.16666666666666666,2.0,223.30434782608697,225.9565217391304,109.69565217391306,112.3478260869565,0.18972332015810275,0.0,0.0,0.041666666666666664,0.0,0.34,0.0,0.0,0.34545454545454546,0.0,0.0,0.0,0.0,0
1.0344827586206897,1.0344827586206897,0.0,0.16666666666666666,2.0,223.30434782608697,225.9565217391304,109.69565217391306,112.3478260869565,0.18972332015810275,0.0,0.0,0.041666666666666664,0.0,0.34,0.0,0.0,0.34545454545454546,0.0,0.0,0.0,0.0,0
0.8620689655172413,0.8275862068965517,1.0,0.16666666666666666,2.0,224.9927536231884,190.43478260869566,106.3623188405797,71.80434782608695,0.21640316205533597,0.016666666666666666,0.5466666666666666,0.475,0.0,0.38,0.0,0.0,0.23636363636363636,0.17045454545454544,0.0,0.0,0.0,0
0.8620689655172413,0.8275862068965517,1.0,0.16666666666666666,2.0,224.9927536231884,190.43478260869566,106.3623188405797,71.80434782608695,0.21640316205533597,0.016666666666666666,0.5466666666666666,0.475,0.0,0.38,0.0,0.0,0.23636363636363636,0.17045454545454544,0.0,0.0,0.0,0
0.8620689655172413,0.8275862068965517,1.0,0.16666666666666666,2.0,224.9927536231884,190.43478260869566,106.3623188405797,71.80434782608695,0.21640316205533597,0.016666666666666666,0.5466666666666666,0.475,0.0,0.38,0.0,0.0,0.23636363636363636,0.17045454545454544,0.0,0.0,0.0,0
1.0344827586206897,1.0344827586206897,0.16666666666666666,0.125,4.0,198.8550724637681,135.29710144927537,111.20289855072461,47.64492753623189,0.3359683794466403,0.0,0.18666666666666668,0.25833333333333336,0.0,0.38,0.275,0.3409090909090909,0.6,0.4659090909090909,0.0,0.0,0.0,0
1.0344827586206897,1.0344827586206897,0.16666666666666666,0.125,4.0,198.8550724637681,135.29710144927537,111.20289855072461,47.64492753623189,0.3359683794466403,0.0,0.18666666666666668,0.25833333333333336,0.0,0.38,0.275,0.3409090909090909,0.6,0.4659090909090909,0.0,0.0,0.0,0
1.0344827586206897,1.0344827586206897,0.16666666666666666,0.125,4.0,198.8550724637681,135.29710144927537,111.20289855072461,47.64492753623189,0.3359683794466403,0.0,0.18666666666666668,0.25833333333333336,0.0,0.38,0.275,0.3409090909090909,0.6,0.4659090909090909,0.0,0.0,0.0,0
1.0344827586206897,1.0344827586206897,0.16666666666666666,0.125,4.0,198.8550724637681,135.29710144927537,111.20289855072461,47.64492753623189,0.3359683794466403,0.0,0.18666666666666668,0.25833333333333336,0.0,0.38,0.275,0.3409090909090909,0.6,0.4659090909090909,0.0,0.0,0.0,0
1.0344827586206897,1.0344827586206897,0.16666666666666666,0.125,4.0,198.8550724637681,135.29710144927537,111.20289855072461,47.64492753623189,0.3359683794466403,0.0,0.18666666666666668,0.25833333333333336,0.0,0.38,0.275,0.3409090909090909,0.6,0.4659090909090909,0.0,0.0,0.0,0
1.0344827586206897,0.9655172413793104,0.0,0.2222222222222222,3.0,183.36231884057972,177.5,60.0144927536232,54.152173913043484,0.30237154150197626,0.05,0.08,0.025,0.025,0.32,0.225,0.375,0.36363636363636365,0.0,0.0,0.0,0.0,0
1.0344827586206897,0.9655172413793104,0.0,0.2222222222222222,3.0,183.36231884057972,177.5,60.0144927536232,54.152173913043484,0.30237154150197626,0.05,0.08,0.025,0.025,0.32,0.225,0.375,0.36363636363636365,0.0,0.0,0.0,0.0,0
1.0344827586206897,0.9655172413793104,0.0,0.2222222222222222,3.0,183.36231884057972,177.5,60.0144927536232,54.152173913043484,0.30237154150197626,0.05,0.08,0.025,0.025,0.32,0.225,0.375,0.36363636363636365,0.0,0.0,0.0,0.0,0
1.0344827586206897,0.9655172413793104,0.0,0.2222222222222222,3.0,183.36231884057972,177.5,60.0144927536232,54.152173913043484,0.30237154150197626,0.05,0.08,0.025,0.025,0.32,0.225,0.375,0.36363636363636365,0.0,0.0,0.0,0.0,0
1.0344827586206897,0.9655172413793104,0.0,0.2222222222222222,3.0,183.36231884057972,177.5,60.0144927536232,54.152173913043484,0.30237154150197626,0.05,0.08,0.025,0.025,0.32,0.225,0.375,0.36363636363636365,0.0,0.0,0.0,0.0,0
0.9310344827586207,0.8620689655172413,0.16666666666666666,1.0,1.0,223.48550724637684,141.97101449275362,143.768115942029,62.2536231884058,0.2737154150197628,0.0,0.0,0.075,0.0,0.34,0.35,0.0,0.23636363636363636,0.0,0.0,0.28,0.3333333333333333,0
0.9310344827586207,0.8620689655172413,0.16666666666666666,1.0,1.0,223.48550724637684,141.97101449275362,143.768115942029,62.2536231884058,0.2737154150197628,0.0,0.0,0.075,0.0,0.34,0.35,0.0,0.23636363636363636,0.0,0.0,0.28,0.3333333333333333,0
0.9310344827586207,0.8620689655172413,0.16666666666666666,1.0,1.0,223.48550724637684,141.97101449275362,143.768115942029,62.2536231884058,0.2737154150197628,0.0,0.0,0.075,0.0,0.34,0.35,0.0,0.23636363636363636,0.0,0.0,0.28,0.3333333333333333,0
0.9310344827586207,0.8620689655172413,0.16666666666666666,1.0,1.0,223.48550724637684,141.97101449275362,143.768115942029,62.2536231884058,0.2737154150197628,0.0,0.0,0.075,0.0,0.34,0.35,0.0,0.23636363636363636,0.0,0.0,0.28,0.3333333333333333,0
0.9310344827586207,0.8620689655172413,0.16666666666666666,1.0,1.0,223.48550724637684,141.97101449275362,143.768115942029,62.2536231884058,0.2737154150197628,0.0,0.0,0.075,0.0,0.34,0.35,0.0,0.23636363636363636,0.0,0.0,0.28,0.3333333333333333,0
1.0344827586206897,1.0344827586206897,0.3333333333333333,1.0,1.0,200.08695652173913,152.1594202898551,137.97826086956522,90.05072463768118,0.2875494071146245,0.0,0.04,0.2,0.0,0.34,0.2625,0.0,0.2545454545454545,0.0,0.3333333333333333,0.36,0.3333333333333333,0
1.0344827586206897,1.0344827586206897,0.3333333333333333,1.0,1.0,200.08695652173913,152.1594202898551,137.97826086956522,90.05072463768118,0.2875494071146245,0.0,0.04,0.2,0.0,0.34,0.2625,0.0,0.2545454545454545,0.0,0.3333333333333333,0.36,0.3333333333333333,0
1.0344827586206897,1.0344827586206897,0.3333333333333333,1.0,1.0,200.08695652173913,152.1594202898551,137.97826086956522,90.05072463768118,0.2875494071146245,0.0,0.04,0.2,0.0,0.34,0.2625,0.0,0.2545454545454545,0.0,0.3333333333333333,0.36,0.3333333333333333,0
0.9310344827586207,0.8275862068965517,0.0,1.0,1.0,202.36956521739128,166.7753623188406,108.49999999999999,72.9057971014493,0.2549407114624506,0.0,0.09333333333333334,0.25,0.0,0.3,0.3875,0.0,0.23636363636363636,0.0,0.3333333333333333,0.24,0.0,0
0.9310344827586207,0.8275862068965517,0.0,1.0,1.0,202.36956521739128,166.7753623188406,108.49999999999999,72.9057971014493,0.2549407114624506,0.0,0.09333333333333334,0.25,0.0,0.3,0.3875,0.0,0.23636363636363636,0.0,0.3333333333333333,0.24,0.0,0
0.9310344827586207,0.8275862068965517,0.0,1.0,1.0,202.36956521739128,166.7753623188406,108.49999999999999,72.9057971014493,0.2549407114624506,0.0,0.09333333333333334,0.25,0.0,0.3,0.3875,0.0,0.23636363636363636,0.0,0.3333333333333333,0.24,0.0,0
0.9310344827586207,0.8275862068965517,0.0,1.0,1.0,202.36956521739128,166.7753623188406,108.49999999999999,72.9057971014493,0.2549407114624506,0.0,0.09333333333333334,0.25,0.0,0.3,0.3875,0.0,0.23636363636363636,0.0,0.3333333333333333,0.24,0.0,0
0.9310344827586207,0.8275862068965517,0.0,1.0,1.0,202.36956521739128,166.7753623188406,108.49999999999999,72.9057971014493,0.2549407114624506,0.0,0.09333333333333334,0.25,0.0,0.3,0.3875,0.0,0.23636363636363636,0.0,0.3333333333333333,0.24,0.0,0
1.0344827586206897,1.0344827586206897,0.16666666666666666,0.16666666666666666,2.0,223.9927536231884,222.8043478260869,124.57971014492753,123.39130434782604,0.16106719367588934,0.0,0.0,0.0,0.05,0.38,0.0,0.0,0.36363636363636365,0.0,0.0,0.0,0.0,0
1.0344827586206897,1.0344827586206897,0.16666666666666666,0.16666666666666666,2.0,222.81884057971016,225.71739130434784,95.86231884057972,98.7608695652174,0.17292490118577075,0.0,0.0,0.0,0.0,0.38,0.0,0.0,0.36363636363636365,0.0,0.0,0.0,0.0,0
1.0344827586206897,1.0344827586206897,0.16666666666666666,0.16666666666666666,2.0,222.81884057971016,225.71739130434784,95.86231884057972,98.7608695652174,0.17292490118577075,0.0,0.0,0.0,0.0,0.38,0.0,0.0,0.36363636363636365,0.0,0.0,0.0,0.0,0
1.0344827586206897,1.0344827586206897,0.16666666666666666,0.16666666666666666,2.0,222.81884057971016,225.71739130434784,95.86231884057972,98.7608695652174,0.17292490118577075,0.0,0.0,0.0,0.0,0.38,0.0,0.0,0.36363636363636365,0.0,0.0,0.0,0.0,0
1.0344827586206897,1.0344827586206897,0.08333333333333333,0.0,2.0,224.80434782608697,221.16666666666666,126.2608695652174,122.6231884057971,0.15019762845849802,0.0,0.0,0.0,0.0,0.32,0.0,0.0,0.32727272727272727,0.0,0.0,0.0,0.0,0
1.0344827586206897,1.0344827586206897,0.16666666666666666,0.0,2.0,223.21739130434784,220.96376811594203,113.54347826086958,111.28985507246377,0.1600790513833992,0.0,0.0,0.0,0.0,0.32,0.0,0.0,0.32727272727272727,0.022727272727272728,0.0,0.0,0.041666666666666664,0
1.0344827586206897,1.0344827586206897,0.16666666666666666,0.0,2.0,223.21739130434784,220.96376811594203,113.54347826086958,111.28985507246377,0.1600790513833992,0.0,0.0,0.0,0.0,0.32,0.0,0.0,0.32727272727272727,0.022727272727272728,0.0,0.0,0.041666666666666664,0
1.0344827586206897,1.0344827586206897,0.16666666666666666,0.0,2.0,223.21739130434784,220.96376811594203,113.54347826086958,111.28985507246377,0.1600790513833992,0.0,0.0,0.0,0.0,0.32,0.0,0.0,0.32727272727272727,0.022727272727272728,0.0,0.0,0.041666666666666664,0
1.0344827586206897,1.0344827586206897,0.16666666666666666,0.0,2.0,223.21739130434784,220.96376811594203,113.54347826086958,111.28985507246377,0.1600790513833992,0.0,0.0,0.0,0.0,0.32,0.0,0.0,0.32727272727272727,0.022727272727272728,0.0,0.0,0.041666666666666664,0
1.0344827586206897,1.0344827586206897,0.5833333333333334,0.9166666666666666,2.0,180.02173913043478,223.21739130434784,128.47826086956522,171.67391304347828,0.23517786561264822,0.0,0.4533333333333333,0.26666666666666666,0.0,0.4,0.0,0.13636363636363635,0.4727272727272727,0.0,0.2916666666666667,0.18666666666666668,0.05,0
1.0344827586206897,1.0344827586206897,0.5833333333333334,0.9166666666666666,2.0,180.02173913043478,223.21739130434784,128.47826086956522,171.67391304347828,0.23517786561264822,0.0,0.4533333333333333,0.26666666666666666,0.0,0.4,0.0,0.13636363636363635,0.4727272727272727,0.0,0.2916666666666667,0.18666666666666668,0.05,0
1.0344827586206897,1.0344827586206897,0.5833333333333334,0.9166666666666666,2.0,180.02173913043478,223.21739130434784,128.47826086956522,171.67391304347828,0.23517786561264822,0.0,0.4533333333333333,0.26666666666666666,0.0,0.4,0.0,0.13636363636363635,0.4727272727272727,0.0,0.2916666666666667,0.18666666666666668,0.05,0
1.0344827586206897,1.0344827586206897,0.5833333333333334,0.9166666666666666,2.0,180.02173913043478,223.21739130434784,128.47826086956522,171.67391304347828,0.23517786561264822,0.0,0.4533333333333333,0.26666666666666666,0.0,0.4,0.0,0.13636363636363635,0.4727272727272727,0.0,0.2916666666666667,0.18666666666666668,0.05,0
0.8620689655172413,0.8275862068965517,0.16666666666666666,0.6666666666666666,2.0,217.90579710144925,146.56521739130434,101.7101449275362,30.369565217391298,0.2766798418972332,0.0,0.0,0.0,0.0,0.38,0.45,0.0,0.4727272727272727,0.18181818181818182,0.24166666666666667,0.37333333333333335,0.30833333333333335,0
0.8620689655172413,0.8275862068965517,0.16666666666666666,0.6666666666666666,2.0,217.90579710144925,146.56521739130434,101.7101449275362,30.369565217391298,0.2766798418972332,0.0,0.0,0.0,0.0,0.38,0.45,0.0,0.4727272727272727,0.18181818181818182,0.24166666666666667,0.37333333333333335,0.30833333333333335,0
0.8620689655172413,0.8275862068965517,0.16666666666666666,0.6666666666666666,2.0,217.90579710144925,146.56521739130434,101.7101449275362,30.369565217391298,0.2766798418972332,0.0,0.0,0.0,0.0,0.38,0.45,0.0,0.4727272727272727,0.18181818181818182,0.24166666666666667,0.37333333333333335,0.30833333333333335,0
0.8620689655172413,0.8275862068965517,0.16666666666666666,0.6666666666666666,2.0,217.90579710144925,146.56521739130434,101.7101449275362,30.369565217391298,0.2766798418972332,0.0,0.0,0.0,0.0,0.38,0.45,0.0,0.4727272727272727,0.18181818181818182,0.24166666666666667,0.37333333333333335,0.30833333333333335,0
0.8620689655172413,0.8275862068965517,0.16666666666666666,0.6666666666666666,2.0,217.90579710144925,146.56521739130434,101.7101449275362,30.369565217391298,0.2766798418972332,0.0,0.0,0.0,0.0,0.38,0.45,0.0,0.4727272727272727,0.18181818181818182,0.24166666666666667,0.37333333333333335,0.30833333333333335,0
1.0344827586206897,1.0344827586206897,1.0,0.16666666666666666,1.0,199.08695652173913,198.41304347826087,103.54347826086956,102.86956521739131,0.26778656126482214,0.0,0.6,0.5083333333333333,0.0,0.24,0.0,0.18181818181818182,0.34545454545454546,0.19318181818181818,0.2,0.2,0.23333333333333334,0
1.0344827586206897,1.0344827586206897,1.0,0.16666666666666666,1.0,199.08695652173913,198.41304347826087,103.54347826086956,102.86956521739131,0.26778656126482214,0.0,0.6,0.5083333333333333,0.0,0.24,0.0,0.18181818181818182,0.34545454545454546,0.19318181818181818,0.2,0.2,0.23333333333333334,0
1.0344827586206897,1.0344827586206897,1.0,0.16666666666666666,1.0,199.08695652173913,198.41304347826087,103.54347826086956,102.86956521739131,0.26778656126482214,0.0,0.6,0.5083333333333333,0.0,0.24,0.0,0.18181818181818182,0.34545454545454546,0.19318181818181818,0.2,0.2,0.23333333333333334,0
1.0344827586206897,1.0344827586206897,1.0,0.16666666666666666,1.0,199.08695652173913,198.41304347826087,103.54347826086956,102.86956521739131,0.26778656126482214,0.0,0.6,0.5083333333333333,0.0,0.24,0.0,0.18181818181818182,0.34545454545454546,0.19318181818181818,0.2,0.2,0.23333333333333334,0
1.0344827586206897,1.0344827586206897,1.0,0.0,1.0,203.0724637681159,175.20289855072463,137.33333333333331,109.46376811594202,0.2608695652173913,0.0,0.38666666666666666,0.4666666666666667,0.0,0.24,0.0,0.3068181818181818,0.4727272727272727,0.4090909090909091,0.175,0.12,0.125,0
1.0344827586206897,1.0344827586206897,1.0,0.0,1.0,203.0724637681159,175.20289855072463,137.33333333333331,109.46376811594202,0.2608695652173913,0.0,0.38666666666666666,0.4666666666666667,0.0,0.24,0.0,0.3068181818181818,0.4727272727272727,0.4090909090909091,0.175,0.12,0.125,0
1.0344827586206897,1.0344827586206897,1.0,0.0,1.0,203.0724637681159,175.20289855072463,137.33333333333331,109.46376811594202,0.2608695652173913,0.0,0.38666666666666666,0.4666666666666667,0.0,0.24,0.0,0.3068181818181818,0.4727272727272727,0.4090909090909091,0.175,0.12,0.125,0
1.0344827586206897,1.0344827586206897,1.0,0.0,1.0,203.0724637681159,175.20289855072463,137.33333333333331,109.46376811594202,0.2608695652173913,0.0,0.38666666666666666,0.4666666666666667,0.0,0.24,0.0,0.3068181818181818,0.4727272727272727,0.4090909090909091,0.175,0.12,0.125,0
1.0344827586206897,1.0344827586206897,0.16666666666666666,0.0,2.0,215.7391304347826,220.75362318840578,116.08695652173911,121.1014492753623,0.1976284584980237,0.0,0.0,0.0,0.0,0.32,0.0,0.0,0.34545454545454546,0.0,0.0,0.0,0.0,0
1.0344827586206897,1.0344827586206897,0.16666666666666666,0.0,2.0,215.7391304347826,220.75362318840578,116.08695652173911,121.1014492753623,0.1976284584980237,0.0,0.0,0.0,0.0,0.32,0.0,0.0,0.34545454545454546,0.0,0.0,0.0,0.0,0
1.0344827586206897,1.0344827586206897,0.16666666666666666,0.0,2.0,215.7391304347826,220.75362318840578,116.08695652173911,121.1014492753623,0.1976284584980237,0.0,0.0,0.0,0.0,0.32,0.0,0.0,0.34545454545454546,0.0,0.0,0.0,0.0,0
0.9655172413793104,0.896551724137931,0.16666666666666666,0.0,1.0,199.463768115942,167.36231884057972,89.50724637681157,57.40579710144928,0.26778656126482214,0.0,0.13333333333333333,0.26666666666666666,0.0,0.3,0.3375,0.13636363636363635,0.2,0.0,0.0,0.0,0.0,0
0.9655172413793104,0.896551724137931,0.16666666666666666,0.0,1.0,199.463768115942,167.36231884057972,89.50724637681157,57.40579710144928,0.26778656126482214,0.0,0.13333333333333333,0.26666666666666666,0.0,0.3,0.3375,0.13636363636363635,0.2,0.0,0.0,0.0,0.0,0
0.9655172413793104,0.896551724137931,0.16666666666666666,0.0,1.0,199.463768115942,167.36231884057972,89.50724637681157,57.40579710144928,0.26778656126482214,0.0,0.13333333333333333,0.26666666666666666,0.0,0.3,0.3375,0.13636363636363635,0.2,0.0,0.0,0.0,0.0,0
1.0344827586206897,1.0344827586206897,0.6666666666666666,1.0,2.0,215.21014492753622,143.268115942029,188.3405797101449,116.39855072463769,0.3092885375494071,0.0,0.24,0.38333333333333336,0.1,0.4,0.1,0.0,0.4727272727272727,0.23863636363636365,0.35,0.48,0.3416666666666667,0
1.0344827586206897,1.0344827586206897,0.6666666666666666,1.0,2.0,215.21014492753622,143.268115942029,188.3405797101449,116.39855072463769,0.3092885375494071,0.0,0.24,0.38333333333333336,0.1,0.4,0.1,0.0,0.4727272727272727,0.23863636363636365,0.35,0.48,0.3416666666666667,0
1.0344827586206897,1.0344827586206897,0.6666666666666666,1.0,2.0,215.21014492753622,143.268115942029,188.3405797101449,116.39855072463769,0.3092885375494071,0.0,0.24,0.38333333333333336,0.1,0.4,0.1,0.0,0.4727272727272727,0.23863636363636365,0.35,0.48,0.3416666666666667,0
1.0344827586206897,1.0344827586206897,0.5,0.6666666666666666,2.0,169.03623188405797,175.5072463768116,74.90579710144927,81.37681159420289,0.33893280632411066,0.10833333333333334,0.14666666666666667,0.18333333333333332,0.0375,0.52,0.2125,0.4090909090909091,0.5272727272727272,0.0,0.2916666666666667,0.09333333333333334,0.0,0
1.0344827586206897,1.0344827586206897,0.5,0.6666666666666666,2.0,169.03623188405797,175.5072463768116,74.90579710144927,81.37681159420289,0.33893280632411066,0.10833333333333334,0.14666666666666667,0.18333333333333332,0.0375,0.52,0.2125,0.4090909090909091,0.5272727272727272,0.0,0.2916666666666667,0.09333333333333334,0.0,0
1.0344827586206897,1.0344827586206897,0.5,0.6666666666666666,2.0,169.03623188405797,175.5072463768116,74.90579710144927,81.37681159420289,0.33893280632411066,0.10833333333333334,0.14666666666666667,0.18333333333333332,0.0375,0.52,0.2125,0.4090909090909091,0.5272727272727272,0.0,0.2916666666666667,0.09333333333333334,0.0,0
1.0344827586206897,1.0344827586206897,0.5,0.6666666666666666,2.0,169.03623188405797,175.5072463768116,74.90579710144927,81.37681159420289,0.33893280632411066,0.10833333333333334,0.14666666666666667,0.18333333333333332,0.0375,0.52,0.2125,0.4090909090909091,0.5272727272727272,0.0,0.2916666666666667,0.09333333333333334,0.0,0
0.896551724137931,0.7586206896551724,0.8333333333333334,0.0,2.0,216.73188405797103,162.6376811594203,132.86231884057975,78.76811594202901,0.26778656126482214,0.016666666666666666,0.4533333333333333,0.44166666666666665,0.1,0.5,0.2125,0.0,0.23636363636363636,0.22727272727272727,0.0,0.0,0.0,0
0.896551724137931,0.7586206896551724,0.8333333333333334,0.0,2.0,216.73188405797103,162.6376811594203,132.86231884057975,78.76811594202901,0.26778656126482214,0.016666666666666666,0.4533333333333333,0.44166666666666665,0.1,0.5,0.2125,0.0,0.23636363636363636,0.22727272727272727,0.0,0.0,0.0,0
0.896551724137931,0.7586206896551724,0.8333333333333334,0.0,2.0,216.73188405797103,162.6376811594203,132.86231884057975,78.76811594202901,0.26778656126482214,0.016666666666666666,0.4533333333333333,0.44166666666666665,0.1,0.5,0.2125,0.0,0.23636363636363636,0.22727272727272727,0.0,0.0,0.0,0
0.896551724137931,0.7586206896551724,0.8333333333333334,0.0,2.0,216.73188405797103,162.6376811594203,132.86231884057975,78.76811594202901,0.26778656126482214,0.016666666666666666,0.4533333333333333,0.44166666666666665,0.1,0.5,0.2125,0.0,0.23636363636363636,0.22727272727272727,0.0,0.0,0.0,0
0.896551724137931,0.7586206896551724,0.8333333333333334,0.0,2.0,216.73188405797103,162.6376811594203,132.86231884057975,78.76811594202901,0.26778656126482214,0.016666666666666666,0.4533333333333333,0.44166666666666665,0.1,0.5,0.2125,0.0,0.23636363636363636,0.22727272727272727,0.0,0.0,0.0,0
1.0344827586206897,0.896551724137931,0.4166666666666667,0.0,6.0,169.83333333333334,125.39130434782608,66.05072463768117,21.608695652173907,0.4407114624505929,0.075,0.18666666666666668,0.31666666666666665,0.1,0.52,0.2375,0.5909090909090909,0.7090909090909091,0.7045454545454546,0.0,0.0,0.0,0
1.0344827586206897,1.0,0.5952380952380952,0.0,7.0,169.07246376811597,126.97101449275362,69.92028985507248,27.81884057971014,0.43774703557312256,0.041666666666666664,0.24,0.2833333333333333,0.1,0.56,0.2125,0.6136363636363636,0.7272727272727273,0.7045454545454546,0.0,0.0,0.0,0
1.0344827586206897,1.0,0.5952380952380952,0.0,7.0,169.07246376811597,126.97101449275362,69.92028985507248,27.81884057971014,0.43774703557312256,0.041666666666666664,0.24,0.2833333333333333,0.1,0.56,0.2125,0.6136363636363636,0.7272727272727273,0.7045454545454546,0.0,0.0,0.0,0
1.0344827586206897,1.0,0.5952380952380952,0.0,7.0,169.07246376811597,126.97101449275362,69.92028985507248,27.81884057971014,0.43774703557312256,0.041666666666666664,0.24,0.2833333333333333,0.1,0.56,0.2125,0.6136363636363636,0.7272727272727273,0.7045454545454546,0.0,0.0,0.0,0
1.0344827586206897,1.0,0.5952380952380952,0.0,7.0,169.07246376811597,126.97101449275362,69.92028985507248,27.81884057971014,0.43774703557312256,0.041666666666666664,0.24,0.2833333333333333,0.1,0.56,0.2125,0.6136363636363636,0.7272727272727273,0.7045454545454546,0.0,0.0,0.0,0
1.0344827586206897,1.0,0.5952380952380952,0.0,7.0,169.07246376811597,126.97101449275362,69.92028985507248,27.81884057971014,0.43774703557312256,0.041666666666666664,0.24,0.2833333333333333,0.1,0.56,0.2125,0.6136363636363636,0.7272727272727273,0.7045454545454546,0.0,0.0,0.0,0
1.0344827586206897,0.9310344827586207,0.2777777777777778,0.0,6.0,172.7753623188406,175.14492753623188,53.75362318840581,56.123188405797094,0.32707509881422925,0.058333333333333334,0.02666666666666667,0.11666666666666667,0.0875,0.5,0.3375,0.625,0.5454545454545454,0.0,0.0,0.0,0.0,0
1.0344827586206897,1.0,0.3055555555555556,0.0,6.0,173.79710144927535,173.25362318840578,79.34057971014491,78.79710144927535,0.31225296442687744,0.058333333333333334,0.05333333333333334,0.09166666666666666,0.0875,0.56,0.2875,0.6022727272727273,0.43636363636363634,0.0,0.0,0.0,0.0,0
1.0344827586206897,1.0,0.3055555555555556,0.0,6.0,173.79710144927535,173.25362318840578,79.34057971014491,78.79710144927535,0.31225296442687744,0.058333333333333334,0.05333333333333334,0.09166666666666666,0.0875,0.56,0.2875,0.6022727272727273,0.43636363636363634,0.0,0.0,0.0,0.0,0
1.0344827586206897,1.0,0.3055555555555556,0.0,6.0,173.79710144927535,173.25362318840578,79.34057971014491,78.79710144927535,0.31225296442687744,0.058333333333333334,0.05333333333333334,0.09166666666666666,0.0875,0.56,0.2875,0.6022727272727273,0.43636363636363634,0.0,0.0,0.0,0.0,0
1.0344827586206897,1.0,0.3055555555555556,0.0,6.0,173.79710144927535,173.25362318840578,79.34057971014491,78.79710144927535,0.31225296442687744,0.058333333333333334,0.05333333333333334,0.09166666666666666,0.0875,0.56,0.2875,0.6022727272727273,0.43636363636363634,0.0,0.0,0.0,0.0,0
1.0344827586206897,1.0,0.08333333333333333,0.0,2.0,220.6231884057971,254.3840579710145,118.05797101449275,151.81884057971016,0.13043478260869565,0.0,0.0,0.0,0.0375,0.34,0.0,0.0,0.38181818181818183,0.0,0.0,0.0,0.0,0
1.0344827586206897,1.0,0.16666666666666666,0.0,2.0,218.59420289855075,254.3840579710145,99.63768115942031,135.42753623188406,0.11758893280632411,0.0,0.0,0.0,0.0,0.34,0.0,0.0,0.38181818181818183,0.0,0.0,0.0,0.0,0
1.0344827586206897,1.0,0.16666666666666666,0.0,2.0,218.59420289855075,254.3840579710145,99.63768115942031,135.42753623188406,0.11758893280632411,0.0,0.0,0.0,0.0,0.34,0.0,0.0,0.38181818181818183,0.0,0.0,0.0,0.0,0
1.0344827586206897,1.0,0.16666666666666666,0.0,2.0,218.59420289855075,254.3840579710145,99.63768115942031,135.42753623188406,0.11758893280632411,0.0,0.0,0.0,0.0,0.34,0.0,0.0,0.38181818181818183,0.0,0.0,0.0,0.0,0
1.0344827586206897,1.0,0.16666666666666666,0.0,2.0,218.59420289855075,254.3840579710145,99.63768115942031,135.42753623188406,0.11758893280632411,0.0,0.0,0.0,0.0,0.34,0.0,0.0,0.38181818181818183,0.0,0.0,0.0,0.0,0
0.8709677419354839,0.7096774193548387,0.0,0.16666666666666666,6.0,240.0972222222222,163.3125,114.1597222222222,37.375,0.1725,0.19852941176470587,0.0,0.014705882352941176,0.019230769230769232,0.23076923076923078,0.2692307692307692,0.0,0.26666666666666666,0.3854166666666667,0.0,0.0,0.08823529411764706,0
0.8709677419354839,0.7096774193548387,0.0,0.16666666666666666,6.0,240.0972222222222,163.3125,114.1597222222222,37.375,0.1725,0.19852941176470587,0.0,0.014705882352941176,0.019230769230769232,0.23076923076923078,0.2692307692307692,0.0,0.26666666666666666,0.3854166666666667,0.0,0.0,0.08823529411764706,0
0.8709677419354839,0.7096774193548387,0.0,0.16666666666666666,6.0,240.0972222222222,163.3125,114.1597222222222,37.375,0.1725,0.19852941176470587,0.0,0.014705882352941176,0.019230769230769232,0.23076923076923078,0.2692307692307692,0.0,0.26666666666666666,0.3854166666666667,0.0,0.0,0.08823529411764706,0
0.8709677419354839,0.7096774193548387,0.0,0.16666666666666666,6.0,240.0972222222222,163.3125,114.1597222222222,37.375,0.1725,0.19852941176470587,0.0,0.014705882352941176,0.019230769230769232,0.23076923076923078,0.2692307692307692,0.0,0.26666666666666666,0.3854166666666667,0.0,0.0,0.08823529411764706,0
0.8709677419354839,0.7096774193548387,0.0,0.16666666666666666,6.0,240.0972222222222,163.3125,114.1597222222222,37.375,0.1725,0.19852941176470587,0.0,0.014705882352941176,0.019230769230769232,0.23076923076923078,0.2692307692307692,0.0,0.26666666666666666,0.3854166666666667,0.0,0.0,0.08823529411764706,0
0.8709677419354839,0.8387096774193549,0.5833333333333334,0.0,1.5,182.02083333333334,146.35416666666666,82.29166666666667,46.624999999999986,0.35833333333333334,0.20588235294117646,0.27058823529411763,0.3235294117647059,0.038461538461538464,0.3384615384615385,0.20192307692307693,0.3333333333333333,0.36666666666666664,0.3333333333333333,0.0,0.0,0.051470588235294115,0
0.8709677419354839,0.8387096774193549,0.5833333333333334,0.0,1.5,182.02083333333334,146.35416666666666,82.29166666666667,46.624999999999986,0.35833333333333334,0.20588235294117646,0.27058823529411763,0.3235294117647059,0.038461538461538464,0.3384615384615385,0.20192307692307693,0.3333333333333333,0.36666666666666664,0.3333333333333333,0.0,0.0,0.051470588235294115,0
0.8709677419354839,0.8387096774193549,0.5833333333333334,0.0,1.5,182.02083333333334,146.35416666666666,82.29166666666667,46.624999999999986,0.35833333333333334,0.20588235294117646,0.27058823529411763,0.3235294117647059,0.038461538461538464,0.3384615384615385,0.20192307692307693,0.3333333333333333,0.36666666666666664,0.3333333333333333,0.0,0.0,0.051470588235294115,0
0.8709677419354839,0.8387096774193549,0.5833333333333334,0.0,1.5,182.02083333333334,146.35416666666666,82.29166666666667,46.624999999999986,0.35833333333333334,0.20588235294117646,0.27058823529411763,0.3235294117647059,0.038461538461538464,0.3384615384615385,0.20192307692307693,0.3333333333333333,0.36666666666666664,0.3333333333333333,0.0,0.0,0.051470588235294115,0
0.8709677419354839,0.8387096774193549,0.5833333333333334,0.0,1.5,182.02083333333334,146.35416666666666,82.29166666666667,46.624999999999986,0.35833333333333334,0.20588235294117646,0.27058823529411763,0.3235294117647059,0.038461538461538464,0.3384615384615385,0.20192307692307693,0.3333333333333333,0.36666666666666664,0.3333333333333333,0.0,0.0,0.051470588235294115,0
0.8387096774193549,0.8387096774193549,0.5833333333333334,0.0,1.5,178.27083333333334,186.8402777777778,95.22916666666667,103.79861111111113,0.2808333333333333,0.21323529411764705,0.36470588235294116,0.47058823529411764,0.028846153846153848,0.3384615384615385,0.10576923076923077,0.3541666666666667,0.26666666666666666,0.0,0.09558823529411764,0.17647058823529413,0.13970588235294118,0
0.8387096774193549,0.8387096774193549,0.5833333333333334,0.0,1.5,178.27083333333334,186.8402777777778,95.22916666666667,103.79861111111113,0.2808333333333333,0.21323529411764705,0.36470588235294116,0.47058823529411764,0.028846153846153848,0.3384615384615385,0.10576923076923077,0.3541666666666667,0.26666666666666666,0.0,0.09558823529411764,0.17647058823529413,0.13970588235294118,0
0.8387096774193549,0.8387096774193549,0.5833333333333334,0.0,1.5,178.27083333333334,186.8402777777778,95.22916666666667,103.79861111111113,0.2808333333333333,0.21323529411764705,0.36470588235294116,0.47058823529411764,0.028846153846153848,0.3384615384615385,0.10576923076923077,0.3541666666666667,0.26666666666666666,0.0,0.09558823529411764,0.17647058823529413,0.13970588235294118,0
0.8387096774193549,0.8387096774193549,0.5833333333333334,0.0,1.5,178.27083333333334,186.8402777777778,95.22916666666667,103.79861111111113,0.2808333333333333,0.21323529411764705,0.36470588235294116,0.47058823529411764,0.028846153846153848,0.3384615384615385,0.10576923076923077,0.3541666666666667,0.26666666666666666,0.0,0.09558823529411764,0.17647058823529413,0.13970588235294118,0
0.7333333333333333,0.7,0.0,0.0,2.0,235.97872340425533,191.36170212765956,92.51063829787236,47.89361702127658,0.17191489361702128,0.0,0.0,0.03676470588235294,0.0,0.26153846153846155,0.14423076923076922,0.1590909090909091,0.21818181818181817,0.3409090909090909,0.3161764705882353,0.023529411764705882,0.20588235294117646,0
0.7333333333333333,0.7,0.0,0.0,2.0,235.97872340425533,191.36170212765956,92.51063829787236,47.89361702127658,0.17191489361702128,0.0,0.0,0.03676470588235294,0.0,0.26153846153846155,0.14423076923076922,0.1590909090909091,0.21818181818181817,0.3409090909090909,0.3161764705882353,0.023529411764705882,0.20588235294117646,0
0.7333333333333333,0.7,0.0,0.0,2.0,235.97872340425533,191.36170212765956,92.51063829787236,47.89361702127658,0.17191489361702128,0.0,0.0,0.03676470588235294,0.0,0.26153846153846155,0.14423076923076922,0.1590909090909091,0.21818181818181817,0.3409090909090909,0.3161764705882353,0.023529411764705882,0.20588235294117646,0
0.7333333333333333,0.7,0.0,0.0,2.0,235.97872340425533,191.36170212765956,92.51063829787236,47.89361702127658,0.17191489361702128,0.0,0.0,0.03676470588235294,0.0,0.26153846153846155,0.14423076923076922,0.1590909090909091,0.21818181818181817,0.3409090909090909,0.3161764705882353,0.023529411764705882,0.20588235294117646,0
0.8,0.7333333333333333,0.0,0.0,6.0,238.98581560283688,164.8581560283688,91.56028368794327,17.432624113475185,0.18808510638297873,0.0,0.0,0.0,0.0,0.3076923076923077,0.19230769230769232,0.0,0.3090909090909091,0.2840909090909091,0.11764705882352941,0.11764705882352941,0.25735294117647056,0
0.8,0.7333333333333333,0.0,0.0,6.0,238.98581560283688,164.8581560283688,91.56028368794327,17.432624113475185,0.18808510638297873,0.0,0.0,0.0,0.0,0.3076923076923077,0.19230769230769232,0.0,0.3090909090909091,0.2840909090909091,0.11764705882352941,0.11764705882352941,0.25735294117647056,0
0.8,0.7333333333333333,0.0,0.0,6.0,238.98581560283688,164.8581560283688,91.56028368794327,17.432624113475185,0.18808510638297873,0.0,0.0,0.0,0.0,0.3076923076923077,0.19230769230769232,0.0,0.3090909090909091,0.2840909090909091,0.11764705882352941,0.11764705882352941,0.25735294117647056,0
0.7666666666666667,0.7333333333333333,0.0,0.0,7.0,170.7375886524823,214.31205673758868,17.716312056737593,61.29078014184398,0.2102127659574468,0.0,0.0,0.0,0.15384615384615385,0.36923076923076925,0.11538461538461539,0.14772727272727273,0.32727272727272727,0.26136363636363635,0.125,0.09411764705882353,0.3161764705882353,0
0.7741935483870968,0.7096774193548387,0.0,1.0,1.0,235.5625,189.58333333333334,124.29166666666667,78.31250000000001,0.19166666666666668,0.0,0.0,0.0,0.0,0.24615384615384617,0.3076923076923077,0.3854166666666667,0.2,0.0,0.4852941176470588,0.6470588235294118,0.4632352941176471,0
0.7741935483870968,0.7096774193548387,0.0,1.0,1.0,235.5625,189.58333333333334,124.29166666666667,78.31250000000001,0.19166666666666668,0.0,0.0,0.0,0.0,0.24615384615384617,0.3076923076923077,0.3854166666666667,0.2,0.0,0.4852941176470588,0.6470588235294118,0.4632352941176471,0
0.7741935483870968,0.7096774193548387,0.0,1.0,1.0,235.5625,189.58333333333334,124.29166666666667,78.31250000000001,0.19166666666666668,0.0,0.0,0.0,0.0,0.24615384615384617,0.3076923076923077,0.3854166666666667,0.2,0.0,0.4852941176470588,0.6470588235294118,0.4632352941176471,0
0.7741935483870968,0.7096774193548387,0.0,1.0,1.0,235.5625,189.58333333333334,124.29166666666667,78.31250000000001,0.19166666666666668,0.0,0.0,0.0,0.0,0.24615384615384617,0.3076923076923077,0.3854166666666667,0.2,0.0,0.4852941176470588,0.6470588235294118,0.4632352941176471,0
0.7741935483870968,0.7096774193548387,0.0,1.0,1.0,235.5625,189.58333333333334,124.29166666666667,78.31250000000001,0.19166666666666668,0.0,0.0,0.0,0.0,0.24615384615384617,0.3076923076923077,0.3854166666666667,0.2,0.0,0.4852941176470588,0.6470588235294118,0.4632352941176471,0
0.7741935483870968,0.7096774193548387,0.3333333333333333,0.8333333333333334,2.0,202.125,138.54166666666666,79.0625,15.479166666666657,0.30416666666666664,0.0,0.0,0.0,0.11538461538461539,0.38461538461538464,0.4230769230769231,0.2604166666666667,0.4166666666666667,0.4791666666666667,0.4117647058823529,0.4235294117647059,0.38235294117647056,0
0.7741935483870968,0.7096774193548387,0.3333333333333333,0.8333333333333334,2.0,202.125,138.54166666666666,79.0625,15.479166666666657,0.30416666666666664,0.0,0.0,0.0,0.11538461538461539,0.38461538461538464,0.4230769230769231,0.2604166666666667,0.4166666666666667,0.4791666666666667,0.4117647058823529,0.4235294117647059,0.38235294117647056,0
0.7741935483870968,0.7096774193548387,0.3333333333333333,0.8333333333333334,2.0,202.125,138.54166666666666,79.0625,15.479166666666657,0.30416666666666664,0.0,0.0,0.0,0.11538461538461539,0.38461538461538464,0.4230769230769231,0.2604166666666667,0.4166666666666667,0.4791666666666667,0.4117647058823529,0.4235294117647059,0.38235294117647056,0
0.7741935483870968,0.7096774193548387,0.3333333333333333,0.8333333333333334,2.0,202.125,138.54166666666666,79.0625,15.479166666666657,0.30416666666666664,0.0,0.0,0.0,0.11538461538461539,0.38461538461538464,0.4230769230769231,0.2604166666666667,0.4166666666666667,0.4791666666666667,0.4117647058823529,0.4235294117647059,0.38235294117647056,0
0.7741935483870968,0.7096774193548387,0.3333333333333333,0.6666666666666666,1.5,136.35416666666666,168.4513888888889,34.20833333333333,66.30555555555559,0.275,0.0,0.0,0.125,0.17307692307692307,0.2923076923076923,0.40384615384615385,0.2916666666666667,0.31666666666666665,0.2708333333333333,0.47794117647058826,0.47058823529411764,0.20588235294117646,0
0.7741935483870968,0.7096774193548387,0.3333333333333333,0.6666666666666666,1.5,136.35416666666666,168.4513888888889,34.20833333333333,66.30555555555559,0.275,0.0,0.0,0.125,0.17307692307692307,0.2923076923076923,0.40384615384615385,0.2916666666666667,0.31666666666666665,0.2708333333333333,0.47794117647058826,0.47058823529411764,0.20588235294117646,0
0.7741935483870968,0.7096774193548387,0.3333333333333333,0.6666666666666666,1.5,136.35416666666666,168.4513888888889,34.20833333333333,66.30555555555559,0.275,0.0,0.0,0.125,0.17307692307692307,0.2923076923076923,0.40384615384615385,0.2916666666666667,0.31666666666666665,0.2708333333333333,0.47794117647058826,0.47058823529411764,0.20588235294117646,0
0.7741935483870968,0.7096774193548387,0.3333333333333333,0.6666666666666666,1.5,136.35416666666666,168.4513888888889,34.20833333333333,66.30555555555559,0.275,0.0,0.0,0.125,0.17307692307692307,0.2923076923076923,0.40384615384615385,0.2916666666666667,0.31666666666666665,0.2708333333333333,0.47794117647058826,0.47058823529411764,0.20588235294117646,0
0.8064516129032258,0.7419354838709677,0.0,0.9166666666666666,2.0,241.68055555555554,193.5972222222222,131.51388888888886,83.43055555555553,0.14333333333333334,0.0,0.0,0.0,0.09615384615384616,0.27692307692307694,0.36538461538461536,0.0,0.38333333333333336,0.0,0.0,0.4117647058823529,0.27941176470588236,0
0.8064516129032258,0.7419354838709677,0.0,0.9166666666666666,2.0,241.68055555555554,193.5972222222222,131.51388888888886,83.43055555555553,0.14333333333333334,0.0,0.0,0.0,0.09615384615384616,0.27692307692307694,0.36538461538461536,0.0,0.38333333333333336,0.0,0.0,0.4117647058823529,0.27941176470588236,0
0.8064516129032258,0.7419354838709677,0.0,0.9166666666666666,2.0,241.68055555555554,193.5972222222222,131.51388888888886,83.43055555555553,0.14333333333333334,0.0,0.0,0.0,0.09615384615384616,0.27692307692307694,0.36538461538461536,0.0,0.38333333333333336,0.0,0.0,0.4117647058823529,0.27941176470588236,0
0.8064516129032258,0.7419354838709677,0.0,0.9166666666666666,2.0,241.68055555555554,193.5972222222222,131.51388888888886,83.43055555555553,0.14333333333333334,0.0,0.0,0.0,0.09615384615384616,0.27692307692307694,0.36538461538461536,0.0,0.38333333333333336,0.0,0.0,0.4117647058823529,0.27941176470588236,0
0.8064516129032258,0.7419354838709677,0.0,0.9166666666666666,2.0,241.68055555555554,193.5972222222222,131.51388888888886,83.43055555555553,0.14333333333333334,0.0,0.0,0.0,0.09615384615384616,0.27692307692307694,0.36538461538461536,0.0,0.38333333333333336,0.0,0.0,0.4117647058823529,0.27941176470588236,0
0.8709677419354839,0.8064516129032258,0.0,0.5833333333333334,2.0,238.54166666666666,189.0486111111111,147.4375,97.94444444444441,0.17833333333333334,0.0,0.0,0.0,0.0,0.24615384615384617,0.33653846153846156,0.20833333333333334,0.23333333333333334,0.0,0.40441176470588236,0.6588235294117647,0.5514705882352942,0
0.8709677419354839,0.8064516129032258,0.0,0.5833333333333334,2.0,238.54166666666666,189.0486111111111,147.4375,97.94444444444441,0.17833333333333334,0.0,0.0,0.0,0.0,0.24615384615384617,0.33653846153846156,0.20833333333333334,0.23333333333333334,0.0,0.40441176470588236,0.6588235294117647,0.5514705882352942,0
0.8709677419354839,0.8064516129032258,0.0,0.5833333333333334,2.0,238.54166666666666,189.0486111111111,147.4375,97.94444444444441,0.17833333333333334,0.0,0.0,0.0,0.0,0.24615384615384617,0.33653846153846156,0.20833333333333334,0.23333333333333334,0.0,0.40441176470588236,0.6588235294117647,0.5514705882352942,0
0.8709677419354839,0.8064516129032258,0.0,0.5833333333333334,2.0,238.54166666666666,189.0486111111111,147.4375,97.94444444444441,0.17833333333333334,0.0,0.0,0.0,0.0,0.24615384615384617,0.33653846153846156,0.20833333333333334,0.23333333333333334,0.0,0.40441176470588236,0.6588235294117647,0.5514705882352942,0
0.8709677419354839,0.8064516129032258,0.0,0.5833333333333334,2.0,238.54166666666666,189.0486111111111,147.4375,97.94444444444441,0.17833333333333334,0.0,0.0,0.0,0.0,0.24615384615384617,0.33653846153846156,0.20833333333333334,0.23333333333333334,0.0,0.40441176470588236,0.6588235294117647,0.5514705882352942,0
0.8387096774193549,0.7419354838709677,0.75,0.0,4.0,223.86111111111111,136.08333333333334,140.38194444444446,52.60416666666667,0.30833333333333335,0.0,0.2823529411764706,0.2426470588235294,0.0,0.8,0.6145833333333334,0.057692307692307696,0.38461538461538464,0.33653846153846156,0.0,0.0,0.0,0
0.8387096774193549,0.7419354838709677,0.75,0.0,4.0,223.86111111111111,136.08333333333334,140.38194444444446,52.60416666666667,0.30833333333333335,0.0,0.2823529411764706,0.2426470588235294,0.0,0.8,0.6145833333333334,0.057692307692307696,0.38461538461538464,0.33653846153846156,0.0,0.0,0.0,0
0.8387096774193549,0.7419354838709677,0.75,0.0,4.0,223.86111111111111,136.08333333333334,140.38194444444446,52.60416666666667,0.30833333333333335,0.0,0.2823529411764706,0.2426470588235294,0.0,0.8,0.6145833333333334,0.057692307692307696,0.38461538461538464,0.33653846153846156,0.0,0.0,0.0,0
0.8387096774193549,0.7419354838709677,0.75,0.0,4.0,223.86111111111111,136.08333333333334,140.38194444444446,52.60416666666667,0.30833333333333335,0.0,0.2823529411764706,0.2426470588235294,0.0,0.8,0.6145833333333334,0.057692307692307696,0.38461538461538464,0.33653846153846156,0.0,0.0,0.0,0
0.8387096774193549,0.7419354838709677,1.0,0.0,4.0,219.53472222222226,151.83333333333334,137.5138888888889,69.81250000000001,0.31833333333333336,0.0,0.3411764705882353,0.25,0.0,0.8833333333333333,0.6041666666666666,0.07692307692307693,0.4307692307692308,0.2980769230769231,0.0,0.0,0.0,0
0.8387096774193549,0.7419354838709677,1.0,0.0,1.0,87.29166666666667,130.98611111111111,-42.41666666666667,1.2777777777777715,0.3825,0.1323529411764706,0.24705882352941178,0.22058823529411764,0.375,0.6333333333333333,0.46875,0.23076923076923078,0.2923076923076923,0.28846153846153844,0.0,0.0,0.0,0
0.8387096774193549,0.7419354838709677,1.0,0.0,1.0,87.29166666666667,130.98611111111111,-42.41666666666667,1.2777777777777715,0.3825,0.1323529411764706,0.24705882352941178,0.22058823529411764,0.375,0.6333333333333333,0.46875,0.23076923076923078,0.2923076923076923,0.28846153846153844,0.0,0.0,0.0,0
0.8387096774193549,0.7419354838709677,1.0,0.0,1.0,87.29166666666667,130.98611111111111,-42.41666666666667,1.2777777777777715,0.3825,0.1323529411764706,0.24705882352941178,0.22058823529411764,0.375,0.6333333333333333,0.46875,0.23076923076923078,0.2923076923076923,0.28846153846153844,0.0,0.0,0.0,0
0.8387096774193549,0.7419354838709677,1.0,0.0,1.0,87.29166666666667,130.98611111111111,-42.41666666666667,1.2777777777777715,0.3825,0.1323529411764706,0.24705882352941178,0.22058823529411764,0.375,0.6333333333333333,0.46875,0.23076923076923078,0.2923076923076923,0.28846153846153844,0.0,0.0,0.0,0
0.8387096774193549,0.7419354838709677,0.6666666666666666,0.0,3.0,168.5972222222222,206.9375,63.05555555555553,101.39583333333333,0.35,0.23529411764705882,0.18823529411764706,0.007352941176470588,0.5,0.6,0.041666666666666664,0.25961538461538464,0.3384615384615385,0.19230769230769232,0.0,0.0,0.0,0
0.8387096774193549,0.7419354838709677,0.6666666666666666,0.0,3.0,168.5972222222222,206.9375,63.05555555555553,101.39583333333333,0.35,0.23529411764705882,0.18823529411764706,0.007352941176470588,0.5,0.6,0.041666666666666664,0.25961538461538464,0.3384615384615385,0.19230769230769232,0.0,0.0,0.0,0
0.8387096774193549,0.7419354838709677,0.6666666666666666,0.0,3.0,168.5972222222222,206.9375,63.05555555555553,101.39583333333333,0.35,0.23529411764705882,0.18823529411764706,0.007352941176470588,0.5,0.6,0.041666666666666664,0.25961538461538464,0.3384615384615385,0.19230769230769232,0.0,0.0,0.0,0
0.8387096774193549,0.7419354838709677,0.6666666666666666,0.0,3.0,168.5972222222222,206.9375,63.05555555555553,101.39583333333333,0.35,0.23529411764705882,0.18823529411764706,0.007352941176470588,0.5,0.6,0.041666666666666664,0.25961538461538464,0.3384615384615385,0.19230769230769232,0.0,0.0,0.0,0
0.8387096774193549,0.7419354838709677,0.6666666666666666,0.0,3.0,168.5972222222222,206.9375,63.05555555555553,101.39583333333333,0.35,0.23529411764705882,0.18823529411764706,0.007352941176470588,0.5,0.6,0.041666666666666664,0.25961538461538464,0.3384615384615385,0.19230769230769232,0.0,0.0,0.0,0
0.8064516129032258,0.8064516129032258,0.75,0.0,2.0,229.03472222222226,210.75694444444446,117.78472222222226,99.50694444444446,0.20833333333333334,0.058823529411764705,0.12941176470588237,0.21323529411764705,0.0,0.4166666666666667,0.010416666666666666,0.0,0.16923076923076924,0.22115384615384615,0.0,0.10588235294117647,0.22794117647058823,0
0.8064516129032258,0.8064516129032258,0.75,0.0,2.0,229.03472222222226,210.75694444444446,117.78472222222226,99.50694444444446,0.20833333333333334,0.058823529411764705,0.12941176470588237,0.21323529411764705,0.0,0.4166666666666667,0.010416666666666666,0.0,0.16923076923076924,0.22115384615384615,0.0,0.10588235294117647,0.22794117647058823,0
0.8064516129032258,0.8064516129032258,0.75,0.0,2.0,229.03472222222226,210.75694444444446,117.78472222222226,99.50694444444446,0.20833333333333334,0.058823529411764705,0.12941176470588237,0.21323529411764705,0.0,0.4166666666666667,0.010416666666666666,0.0,0.16923076923076924,0.22115384615384615,0.0,0.10588235294117647,0.22794117647058823,0
0.8064516129032258,0.8064516129032258,0.75,0.0,2.0,229.03472222222226,210.75694444444446,117.78472222222226,99.50694444444446,0.20833333333333334,0.058823529411764705,0.12941176470588237,0.21323529411764705,0.0,0.4166666666666667,0.010416666666666666,0.0,0.16923076923076924,0.22115384615384615,0.0,0.10588235294117647,0.22794117647058823,0
0.8064516129032258,0.8064516129032258,1.0,0.0,2.0,223.8611111111111,223.875,133.3611111111111,133.375,0.25583333333333336,0.04411764705882353,0.11764705882352941,0.19117647058823528,0.0,0.43333333333333335,0.19791666666666666,0.0,0.18461538461538463,0.3173076923076923,0.0,0.0,0.08088235294117647,1
0.8064516129032258,0.8064516129032258,1.0,0.0,2.0,223.8611111111111,223.875,133.3611111111111,133.375,0.25583333333333336,0.04411764705882353,0.11764705882352941,0.19117647058823528,0.0,0.43333333333333335,0.19791666666666666,0.0,0.18461538461538463,0.3173076923076923,0.0,0.0,0.08088235294117647,1
0.8064516129032258,0.8064516129032258,1.0,0.0,2.0,223.8611111111111,223.875,133.3611111111111,133.375,0.25583333333333336,0.04411764705882353,0.11764705882352941,0.19117647058823528,0.0,0.43333333333333335,0.19791666666666666,0.0,0.18461538461538463,0.3173076923076923,0.0,0.0,0.08088235294117647,1
0.8064516129032258,0.8064516129032258,1.0,0.0,2.0,223.8611111111111,223.875,133.3611111111111,133.375,0.25583333333333336,0.04411764705882353,0.11764705882352941,0.19117647058823528,0.0,0.43333333333333335,0.19791666666666666,0.0,0.18461538461538463,0.3173076923076923,0.0,0.0,0.08088235294117647,1
0.9354838709677419,0.8709677419354839,0.16666666666666666,0.16666666666666666,6.0,220.6527777777778,132.54861111111111,113.31944444444447,25.215277777777786,0.32166666666666666,0.11764705882352941,0.09411764705882353,0.11764705882352941,0.052083333333333336,0.31666666666666665,0.3645833333333333,0.08653846153846154,0.46153846153846156,0.4807692307692308,0.0,0.0,0.0,0
0.9354838709677419,0.8709677419354839,0.16666666666666666,0.16666666666666666,6.0,220.6527777777778,132.54861111111111,113.31944444444447,25.215277777777786,0.32166666666666666,0.11764705882352941,0.09411764705882353,0.11764705882352941,0.052083333333333336,0.31666666666666665,0.3645833333333333,0.08653846153846154,0.46153846153846156,0.4807692307692308,0.0,0.0,0.0,0
0.9354838709677419,0.8709677419354839,0.16666666666666666,0.16666666666666666,6.0,220.6527777777778,132.54861111111111,113.31944444444447,25.215277777777786,0.32166666666666666,0.11764705882352941,0.09411764705882353,0.11764705882352941,0.052083333333333336,0.31666666666666665,0.3645833333333333,0.08653846153846154,0.46153846153846156,0.4807692307692308,0.0,0.0,0.0,0
0.9354838709677419,0.8709677419354839,0.16666666666666666,0.16666666666666666,6.0,220.6527777777778,132.54861111111111,113.31944444444447,25.215277777777786,0.32166666666666666,0.11764705882352941,0.09411764705882353,0.11764705882352941,0.052083333333333336,0.31666666666666665,0.3645833333333333,0.08653846153846154,0.46153846153846156,0.4807692307692308,0.0,0.0,0.0,0
0.9354838709677419,0.8709677419354839,0.16666666666666666,0.16666666666666666,6.0,220.6527777777778,132.54861111111111,113.31944444444447,25.215277777777786,0.32166666666666666,0.11764705882352941,0.09411764705882353,0.11764705882352941,0.052083333333333336,0.31666666666666665,0.3645833333333333,0.08653846153846154,0.46153846153846156,0.4807692307692308,0.0,0.0,0.0,0
0.9354838709677419,0.8387096774193549,0.16666666666666666,0.6666666666666666,6.0,183.32638888888889,143.53202947845807,86.40972222222221,46.6153628117914,0.385,0.11764705882352941,0.11764705882352941,0.11764705882352941,0.10416666666666667,0.2833333333333333,0.34375,0.5288461538461539,0.7076923076923077,0.5288461538461539,0.03676470588235294,0.058823529411764705,0.08823529411764706,0
0.9354838709677419,0.8387096774193549,0.16666666666666666,0.6666666666666666,6.0,183.32638888888889,143.53202947845807,86.40972222222221,46.6153628117914,0.385,0.11764705882352941,0.11764705882352941,0.11764705882352941,0.10416666666666667,0.2833333333333333,0.34375,0.5288461538461539,0.7076923076923077,0.5288461538461539,0.03676470588235294,0.058823529411764705,0.08823529411764706,0
0.9354838709677419,0.8387096774193549,0.16666666666666666,0.6666666666666666,6.0,183.32638888888889,143.53202947845807,86.40972222222221,46.6153628117914,0.385,0.11764705882352941,0.11764705882352941,0.11764705882352941,0.10416666666666667,0.2833333333333333,0.34375,0.5288461538461539,0.7076923076923077,0.5288461538461539,0.03676470588235294,0.058823529411764705,0.08823529411764706,0
0.9354838709677419,0.8387096774193549,0.16666666666666666,0.6666666666666666,6.0,183.32638888888889,143.53202947845807,86.40972222222221,46.6153628117914,0.385,0.11764705882352941,0.11764705882352941,0.11764705882352941,0.10416666666666667,0.2833333333333333,0.34375,0.5288461538461539,0.7076923076923077,0.5288461538461539,0.03676470588235294,0.058823529411764705,0.08823529411764706,0
0.9354838709677419,0.8387096774193549,0.16666666666666666,0.6666666666666666,6.0,183.32638888888889,143.53202947845807,86.40972222222221,46.6153628117914,0.385,0.11764705882352941,0.11764705882352941,0.11764705882352941,0.10416666666666667,0.2833333333333333,0.34375,0.5288461538461539,0.7076923076923077,0.5288461538461539,0.03676470588235294,0.058823529411764705,0.08823529411764706,0
0.8709677419354839,0.7096774193548387,0.3611111111111111,0.5,6.0,221.53102836879432,120.96941489361701,117.73936170212765,17.177748226950342,0.3233333333333333,0.17647058823529413,0.23529411764705882,0.18382352941176472,0.3409090909090909,0.4727272727272727,0.6136363636363636,0.10714285714285714,0.5714285714285714,0.6071428571428571,0.0,0.07058823529411765,0.08823529411764706,0
0.8709677419354839,0.8387096774193549,0.16666666666666666,0.8809523809523809,7.0,177.86805555555554,137.04861111111111,62.659722222222214,21.840277777777786,0.4091666666666667,0.10294117647058823,0.09411764705882353,0.10294117647058823,0.1875,0.35,0.3125,0.3076923076923077,0.676923076923077,0.5865384615384616,0.21323529411764705,0.12941176470588237,0.07352941176470588,0
0.8709677419354839,0.8387096774193549,0.16666666666666666,0.8809523809523809,7.0,177.86805555555554,137.04861111111111,62.659722222222214,21.840277777777786,0.4091666666666667,0.10294117647058823,0.09411764705882353,0.10294117647058823,0.1875,0.35,0.3125,0.3076923076923077,0.676923076923077,0.5865384615384616,0.21323529411764705,0.12941176470588237,0.07352941176470588,0
0.8709677419354839,0.8387096774193549,0.16666666666666666,0.8809523809523809,7.0,177.86805555555554,137.04861111111111,62.659722222222214,21.840277777777786,0.4091666666666667,0.10294117647058823,0.09411764705882353,0.10294117647058823,0.1875,0.35,0.3125,0.3076923076923077,0.676923076923077,0.5865384615384616,0.21323529411764705,0.12941176470588237,0.07352941176470588,0
0.8709677419354839,0.8387096774193549,0.16666666666666666,0.8809523809523809,7.0,177.86805555555554,137.04861111111111,62.659722222222214,21.840277777777786,0.4091666666666667,0.10294117647058823,0.09411764705882353,0.10294117647058823,0.1875,0.35,0.3125,0.3076923076923077,0.676923076923077,0.5865384615384616,0.21323529411764705,0.12941176470588237,0.07352941176470588,0
0.8709677419354839,0.8387096774193549,0.16666666666666666,0.8809523809523809,7.0,177.86805555555554,137.04861111111111,62.659722222222214,21.840277777777786,0.4091666666666667,0.10294117647058823,0.09411764705882353,0.10294117647058823,0.1875,0.35,0.3125,0.3076923076923077,0.676923076923077,0.5865384615384616,0.21323529411764705,0.12941176470588237,0.07352941176470588,0
0.9354838709677419,0.8387096774193549,0.16666666666666666,0.4722222222222222,6.0,171.97916666666666,128.36111111111111,78.06249999999999,34.44444444444444,0.42333333333333334,0.09558823529411764,0.10588235294117647,0.07352941176470588,0.15625,0.26666666666666666,0.3333333333333333,0.5769230769230769,0.6307692307692307,0.3942307692307692,0.04411764705882353,0.011764705882352941,0.029411764705882353,0
0.9354838709677419,0.8387096774193549,0.16666666666666666,0.4722222222222222,6.0,171.97916666666666,128.36111111111111,78.06249999999999,34.44444444444444,0.42333333333333334,0.09558823529411764,0.10588235294117647,0.07352941176470588,0.15625,0.26666666666666666,0.3333333333333333,0.5769230769230769,0.6307692307692307,0.3942307692307692,0.04411764705882353,0.011764705882352941,0.029411764705882353,0
0.9354838709677419,0.8387096774193549,0.16666666666666666,0.4722222222222222,6.0,171.97916666666666,128.36111111111111,78.06249999999999,34.44444444444444,0.42333333333333334,0.09558823529411764,0.10588235294117647,0.07352941176470588,0.15625,0.26666666666666666,0.3333333333333333,0.5769230769230769,0.6307692307692307,0.3942307692307692,0.04411764705882353,0.011764705882352941,0.029411764705882353,0
0.9354838709677419,0.8387096774193549,0.16666666666666666,0.4722222222222222,6.0,171.97916666666666,128.36111111111111,78.06249999999999,34.44444444444444,0.42333333333333334,0.09558823529411764,0.10588235294117647,0.07352941176470588,0.15625,0.26666666666666666,0.3333333333333333,0.5769230769230769,0.6307692307692307,0.3942307692307692,0.04411764705882353,0.011764705882352941,0.029411764705882353,0
0.9354838709677419,0.8387096774193549,0.16666666666666666,0.4722222222222222,6.0,171.97916666666666,128.36111111111111,78.06249999999999,34.44444444444444,0.42333333333333334,0.09558823529411764,0.10588235294117647,0.07352941176470588,0.15625,0.26666666666666666,0.3333333333333333,0.5769230769230769,0.6307692307692307,0.3942307692307692,0.04411764705882353,0.011764705882352941,0.029411764705882353,0
1.0,0.967741935483871,0.16666666666666666,0.0,2.0,222.8402777777778,220.7222222222222,124.19444444444447,122.07638888888887,0.2608333333333333,0.0,0.0,0.15441176470588236,0.052083333333333336,0.35,0.125,0.07692307692307693,0.47692307692307695,0.25,0.014705882352941176,0.047058823529411764,0.0,0
1.0,0.967741935483871,0.16666666666666666,0.0,2.0,220.99305555555554,217.39583333333334,91.6597222222222,88.0625,0.26916666666666667,0.0,0.0,0.18382352941176472,0.020833333333333332,0.35,0.17708333333333334,0.07692307692307693,0.47692307692307695,0.2980769230769231,0.029411764705882353,0.023529411764705882,0.0,0
1.0,0.967741935483871,0.16666666666666666,0.0,2.0,220.99305555555554,217.39583333333334,91.6597222222222,88.0625,0.26916666666666667,0.0,0.0,0.18382352941176472,0.020833333333333332,0.35,0.17708333333333334,0.07692307692307693,0.47692307692307695,0.2980769230769231,0.029411764705882353,0.023529411764705882,0.0,0
1.0,0.967741935483871,0.16666666666666666,0.0,2.0,220.99305555555554,217.39583333333334,91.6597222222222,88.0625,0.26916666666666667,0.0,0.0,0.18382352941176472,0.020833333333333332,0.35,0.17708333333333334,0.07692307692307693,0.47692307692307695,0.2980769230769231,0.029411764705882353,0.023529411764705882,0.0,0
0.9032258064516129,0.8387096774193549,0.1111111111111111,0.1388888888888889,6.0,217.39583333333334,130.5625,78.14583333333334,-8.6875,0.34833333333333333,0.04411764705882353,0.2235294117647059,0.18382352941176472,0.21875,0.2833333333333333,0.375,0.3269230769230769,0.4307692307692308,0.3942307692307692,0.014705882352941176,0.0,0.0,0
0.9032258064516129,0.8387096774193549,0.1111111111111111,0.1388888888888889,6.0,217.39583333333334,130.5625,78.14583333333334,-8.6875,0.34833333333333333,0.04411764705882353,0.2235294117647059,0.18382352941176472,0.21875,0.2833333333333333,0.375,0.3269230769230769,0.4307692307692308,0.3942307692307692,0.014705882352941176,0.0,0.0,0
0.9032258064516129,0.8387096774193549,0.1111111111111111,0.1388888888888889,6.0,217.39583333333334,130.5625,78.14583333333334,-8.6875,0.34833333333333333,0.04411764705882353,0.2235294117647059,0.18382352941176472,0.21875,0.2833333333333333,0.375,0.3269230769230769,0.4307692307692308,0.3942307692307692,0.014705882352941176,0.0,0.0,0
0.9032258064516129,0.8387096774193549,0.1111111111111111,0.1388888888888889,6.0,217.39583333333334,130.5625,78.14583333333334,-8.6875,0.34833333333333333,0.04411764705882353,0.2235294117647059,0.18382352941176472,0.21875,0.2833333333333333,0.375,0.3269230769230769,0.4307692307692308,0.3942307692307692,0.014705882352941176,0.0,0.0,0
1.0,1.0,0.16666666666666666,0.0,7.0,184.24305555555557,149.91666666666666,78.6388888888889,44.312499999999986,0.38666666666666666,0.125,0.11764705882352941,0.11029411764705882,0.11458333333333333,0.45,0.28125,0.375,0.5692307692307692,0.5480769230769231,0.0,0.03529411764705882,0.014705882352941176,0
1.0,1.0,0.16666666666666666,0.0,7.0,184.24305555555557,149.91666666666666,78.6388888888889,44.312499999999986,0.38666666666666666,0.125,0.11764705882352941,0.11029411764705882,0.11458333333333333,0.45,0.28125,0.375,0.5692307692307692,0.5480769230769231,0.0,0.03529411764705882,0.014705882352941176,0
1.0,1.0,0.16666666666666666,0.0,7.0,184.24305555555557,149.91666666666666,78.6388888888889,44.312499999999986,0.38666666666666666,0.125,0.11764705882352941,0.11029411764705882,0.11458333333333333,0.45,0.28125,0.375,0.5692307692307692,0.5480769230769231,0.0,0.03529411764705882,0.014705882352941176,0
1.0,1.0,0.16666666666666666,0.0,7.0,184.24305555555557,149.91666666666666,78.6388888888889,44.312499999999986,0.38666666666666666,0.125,0.11764705882352941,0.11029411764705882,0.11458333333333333,0.45,0.28125,0.375,0.5692307692307692,0.5480769230769231,0.0,0.03529411764705882,0.014705882352941176,0
1.0,1.0,0.16666666666666666,0.0,7.0,184.24305555555557,149.91666666666666,78.6388888888889,44.312499999999986,0.38666666666666666,0.125,0.11764705882352941,0.11029411764705882,0.11458333333333333,0.45,0.28125,0.375,0.5692307692307692,0.5480769230769231,0.0,0.03529411764705882,0.014705882352941176,0
1.0,0.9032258064516129,0.2916666666666667,0.0,4.0,179.50694444444446,134.85416666666666,79.31944444444446,34.66666666666666,0.36833333333333335,0.11029411764705882,0.2,0.3014705882352941,0.052083333333333336,0.35,0.2604166666666667,0.6057692307692307,0.6615384615384615,0.6057692307692307,0.0,0.0,0.0,0
1.0,0.9032258064516129,0.2916666666666667,0.0,4.0,179.50694444444446,134.85416666666666,79.31944444444446,34.66666666666666,0.36833333333333335,0.11029411764705882,0.2,0.3014705882352941,0.052083333333333336,0.35,0.2604166666666667,0.6057692307692307,0.6615384615384615,0.6057692307692307,0.0,0.0,0.0,0
1.0,0.9032258064516129,0.2916666666666667,0.0,4.0,179.50694444444446,134.85416666666666,79.31944444444446,34.66666666666666,0.36833333333333335,0.11029411764705882,0.2,0.3014705882352941,0.052083333333333336,0.35,0.2604166666666667,0.6057692307692307,0.6615384615384615,0.6057692307692307,0.0,0.0,0.0,0
1.0,0.9032258064516129,0.2916666666666667,0.0,4.0,179.50694444444446,134.85416666666666,79.31944444444446,34.66666666666666,0.36833333333333335,0.11029411764705882,0.2,0.3014705882352941,0.052083333333333336,0.35,0.2604166666666667,0.6057692307692307,0.6615384615384615,0.6057692307692307,0.0,0.0,0.0,0
1.0,0.9032258064516129,0.2916666666666667,0.0,4.0,179.50694444444446,134.85416666666666,79.31944444444446,34.66666666666666,0.36833333333333335,0.11029411764705882,0.2,0.3014705882352941,0.052083333333333336,0.35,0.2604166666666667,0.6057692307692307,0.6615384615384615,0.6057692307692307,0.0,0.0,0.0,0
0.9032258064516129,0.8387096774193549,1.0,0.0,1.0,182.51388888888889,183.45833333333334,97.95138888888889,98.89583333333334,0.2916666666666667,0.1323529411764706,0.2,0.25735294117647056,0.10416666666666667,0.31666666666666665,0.16666666666666666,0.5192307692307693,0.38461538461538464,0.07692307692307693,0.007352941176470588,0.047058823529411764,0.0,0
0.9032258064516129,0.8387096774193549,1.0,0.0,1.0,182.51388888888889,183.45833333333334,97.95138888888889,98.89583333333334,0.2916666666666667,0.1323529411764706,0.2,0.25735294117647056,0.10416666666666667,0.31666666666666665,0.16666666666666666,0.5192307692307693,0.38461538461538464,0.07692307692307693,0.007352941176470588,0.047058823529411764,0.0,0
0.9032258064516129,0.8387096774193549,1.0,0.0,1.0,182.51388888888889,183.45833333333334,97.95138888888889,98.89583333333334,0.2916666666666667,0.1323529411764706,0.2,0.25735294117647056,0.10416666666666667,0.31666666666666665,0.16666666666666666,0.5192307692307693,0.38461538461538464,0.07692307692307693,0.007352941176470588,0.047058823529411764,0.0,0
0.9032258064516129,0.8387096774193549,1.0,0.0,1.0,182.51388888888889,183.45833333333334,97.95138888888889,98.89583333333334,0.2916666666666667,0.1323529411764706,0.2,0.25735294117647056,0.10416666666666667,0.31666666666666665,0.16666666666666666,0.5192307692307693,0.38461538461538464,0.07692307692307693,0.007352941176470588,0.047058823529411764,0.0,0
0.9032258064516129,0.8387096774193549,0.2777777777777778,0.0,3.0,226.79166666666666,137.60416666666666,99.60416666666666,10.416666666666657,0.2808333333333333,0.08088235294117647,0.0,0.0661764705882353,0.041666666666666664,0.35,0.3125,0.07692307692307693,0.35384615384615387,0.5,0.0,0.0,0.022058823529411766,0
0.9032258064516129,0.8387096774193549,0.2777777777777778,0.0,3.0,226.79166666666666,137.60416666666666,99.60416666666666,10.416666666666657,0.2808333333333333,0.08088235294117647,0.0,0.0661764705882353,0.041666666666666664,0.35,0.3125,0.07692307692307693,0.35384615384615387,0.5,0.0,0.0,0.022058823529411766,0
0.9032258064516129,0.8387096774193549,0.2777777777777778,0.0,3.0,226.79166666666666,137.60416666666666,99.60416666666666,10.416666666666657,0.2808333333333333,0.08088235294117647,0.0,0.0661764705882353,0.041666666666666664,0.35,0.3125,0.07692307692307693,0.35384615384615387,0.5,0.0,0.0,0.022058823529411766,0
0.9032258064516129,0.8387096774193549,0.2777777777777778,0.0,3.0,226.79166666666666,137.60416666666666,99.60416666666666,10.416666666666657,0.2808333333333333,0.08088235294117647,0.0,0.0661764705882353,0.041666666666666664,0.35,0.3125,0.07692307692307693,0.35384615384615387,0.5,0.0,0.0,0.022058823529411766,0
0.9032258064516129,0.8387096774193549,0.2777777777777778,0.0,3.0,226.79166666666666,137.60416666666666,99.60416666666666,10.416666666666657,0.2808333333333333,0.08088235294117647,0.0,0.0661764705882353,0.041666666666666664,0.35,0.3125,0.07692307692307693,0.35384615384615387,0.5,0.0,0.0,0.022058823529411766,0
1.0,1.0,0.25,0.0,2.0,183.6597222222222,143.0972222222222,91.24305555555553,50.68055555555553,0.37416666666666665,0.11029411764705882,0.011764705882352941,0.058823529411764705,0.0625,0.35,0.2916666666666667,0.6153846153846154,0.6615384615384615,0.5673076923076923,0.0,0.0,0.014705882352941176,0
1.0,1.0,0.25,0.0,2.0,183.6597222222222,143.0972222222222,91.24305555555553,50.68055555555553,0.37416666666666665,0.11029411764705882,0.011764705882352941,0.058823529411764705,0.0625,0.35,0.2916666666666667,0.6153846153846154,0.6615384615384615,0.5673076923076923,0.0,0.0,0.014705882352941176,0
1.0,1.0,0.25,0.0,2.0,183.6597222222222,143.0972222222222,91.24305555555553,50.68055555555553,0.37416666666666665,0.11029411764705882,0.011764705882352941,0.058823529411764705,0.0625,0.35,0.2916666666666667,0.6153846153846154,0.6615384615384615,0.5673076923076923,0.0,0.0,0.014705882352941176,0
1.0,1.0,0.25,0.0,2.0,183.6597222222222,143.0972222222222,91.24305555555553,50.68055555555553,0.37416666666666665,0.11029411764705882,0.011764705882352941,0.058823529411764705,0.0625,0.35,0.2916666666666667,0.6153846153846154,0.6615384615384615,0.5673076923076923,0.0,0.0,0.014705882352941176,0
1.0,1.0,0.25,0.0,2.0,183.6597222222222,143.0972222222222,91.24305555555553,50.68055555555553,0.37416666666666665,0.11029411764705882,0.011764705882352941,0.058823529411764705,0.0625,0.35,0.2916666666666667,0.6153846153846154,0.6615384615384615,0.5673076923076923,0.0,0.0,0.014705882352941176,0
1.032258064516129,0.7096774193548387,0.0,0.0,4.5,178.70833333333334,149.35416666666666,41.916666666666686,12.5625,0.3925,0.13970588235294118,0.0,0.04411764705882353,0.125,0.36666666666666664,0.3333333333333333,0.3557692307692308,0.5846153846153846,0.46153846153846156,0.0,0.0,0.0,0
1.032258064516129,1.032258064516129,0.0,0.0,6.0,182.2777777777778,148.3125,71.75694444444447,37.79166666666667,0.38333333333333336,0.11029411764705882,0.0,0.051470588235294115,0.07291666666666667,0.45,0.28125,0.36538461538461536,0.5846153846153846,0.47115384615384615,0.0,0.0,0.0,0
1.032258064516129,1.032258064516129,0.0,0.0,6.0,182.2777777777778,148.3125,71.75694444444447,37.79166666666667,0.38333333333333336,0.11029411764705882,0.0,0.051470588235294115,0.07291666666666667,0.45,0.28125,0.36538461538461536,0.5846153846153846,0.47115384615384615,0.0,0.0,0.0,0
1.032258064516129,1.032258064516129,0.0,0.0,6.0,182.2777777777778,148.3125,71.75694444444447,37.79166666666667,0.38333333333333336,0.11029411764705882,0.0,0.051470588235294115,0.07291666666666667,0.45,0.28125,0.36538461538461536,0.5846153846153846,0.47115384615384615,0.0,0.0,0.0,0
1.032258064516129,1.032258064516129,0.0,0.0,6.0,182.2777777777778,148.3125,71.75694444444447,37.79166666666667,0.38333333333333336,0.11029411764705882,0.0,0.051470588235294115,0.07291666666666667,0.45,0.28125,0.36538461538461536,0.5846153846153846,0.47115384615384615,0.0,0.0,0.0,0
1.032258064516129,1.032258064516129,0.0,0.0,6.0,182.2777777777778,148.3125,71.75694444444447,37.79166666666667,0.38333333333333336,0.11029411764705882,0.0,0.051470588235294115,0.07291666666666667,0.45,0.28125,0.36538461538461536,0.5846153846153846,0.47115384615384615,0.0,0.0,0.0,0
1.0,1.0,0.16666666666666666,0.0,6.0,182.42361111111111,128.00694444444446,57.25694444444444,2.8402777777777857,0.3958333333333333,0.07352941176470588,0.10588235294117647,0.27941176470588236,0.125,0.31666666666666665,0.34375,0.5192307692307693,0.676923076923077,0.5673076923076923,0.022058823529411766,0.0,0.0,0
1.0,1.0,0.16666666666666666,0.0,6.0,182.42361111111111,128.00694444444446,57.25694444444444,2.8402777777777857,0.3958333333333333,0.07352941176470588,0.10588235294117647,0.27941176470588236,0.125,0.31666666666666665,0.34375,0.5192307692307693,0.676923076923077,0.5673076923076923,0.022058823529411766,0.0,0.0,0
1.0,1.0,0.16666666666666666,0.0,6.0,182.42361111111111,128.00694444444446,57.25694444444444,2.8402777777777857,0.3958333333333333,0.07352941176470588,0.10588235294117647,0.27941176470588236,0.125,0.31666666666666665,0.34375,0.5192307692307693,0.676923076923077,0.5673076923076923,0.022058823529411766,0.0,0.0,0
1.0,1.0,0.16666666666666666,0.0,6.0,182.42361111111111,128.00694444444446,57.25694444444444,2.8402777777777857,0.3958333333333333,0.07352941176470588,0.10588235294117647,0.27941176470588236,0.125,0.31666666666666665,0.34375,0.5192307692307693,0.676923076923077,0.5673076923076923,0.022058823529411766,0.0,0.0,0
1.0,1.0,0.16666666666666666,0.0,6.0,182.42361111111111,128.00694444444446,57.25694444444444,2.8402777777777857,0.3958333333333333,0.07352941176470588,0.10588235294117647,0.27941176470588236,0.125,0.31666666666666665,0.34375,0.5192307692307693,0.676923076923077,0.5673076923076923,0.022058823529411766,0.0,0.0,0
1.032258064516129,0.967741935483871,0.0,0.0,3.0,226.95138888888889,252.08333333333334,101.20138888888889,126.33333333333334,0.10416666666666667,0.0,0.0,0.0,0.0,0.35,0.0,0.0,0.46153846153846156,0.0,0.014705882352941176,0.0,0.0,0
1.032258064516129,0.967741935483871,0.0,0.0,3.0,226.3125,254.3888888888889,120.85416666666667,148.9305555555556,0.09666666666666666,0.0,0.0,0.0,0.0,0.35,0.0,0.0,0.46153846153846156,0.0,0.0,0.0,0.0,0
1.032258064516129,0.967741935483871,0.0,0.0,3.0,226.3125,254.3888888888889,120.85416666666667,148.9305555555556,0.09666666666666666,0.0,0.0,0.0,0.0,0.35,0.0,0.0,0.46153846153846156,0.0,0.0,0.0,0.0,0
1.032258064516129,0.967741935483871,0.0,0.0,3.0,226.3125,254.3888888888889,120.85416666666667,148.9305555555556,0.09666666666666666,0.0,0.0,0.0,0.0,0.35,0.0,0.0,0.46153846153846156,0.0,0.0,0.0,0.0,0
1.032258064516129,0.967741935483871,0.0,0.0,3.0,226.3125,254.3888888888889,120.85416666666667,148.9305555555556,0.09666666666666666,0.0,0.0,0.0,0.0,0.35,0.0,0.0,0.46153846153846156,0.0,0.0,0.0,0.0,0
0.8387096774193549,0.8387096774193549,0.5,0.0,1.5,243.79166666666666,217.95138888888889,116.56249999999999,90.72222222222221,0.135,0.34558823529411764,0.4117647058823529,0.058823529411764705,0.0625,0.31666666666666665,0.0,0.0,0.16923076923076924,0.15384615384615385,0.0,0.0,0.0,0
0.8387096774193549,0.8387096774193549,0.5,0.0,1.5,243.79166666666666,217.95138888888889,116.56249999999999,90.72222222222221,0.135,0.34558823529411764,0.4117647058823529,0.058823529411764705,0.0625,0.31666666666666665,0.0,0.0,0.16923076923076924,0.15384615384615385,0.0,0.0,0.0,0
0.8387096774193549,0.8387096774193549,0.5,0.0,1.5,243.79166666666666,217.95138888888889,116.56249999999999,90.72222222222221,0.135,0.34558823529411764,0.4117647058823529,0.058823529411764705,0.0625,0.31666666666666665,0.0,0.0,0.16923076923076924,0.15384615384615385,0.0,0.0,0.0,0
0.8666666666666667,0.8333333333333334,0.3333333333333333,1.0,1.0,238.32624113475177,124.61702127659576,158.34751773049646,44.638297872340445,0.27246376811594203,0.0,0.26666666666666666,0.2833333333333333,0.0,0.23636363636363636,0.29545454545454547,0.07954545454545454,0.34545454545454546,0.3068181818181818,0.20833333333333334,0.29333333333333333,0.13333333333333333,0
0.8666666666666667,0.8333333333333334,0.3333333333333333,1.0,1.0,238.32624113475177,124.61702127659576,158.34751773049646,44.638297872340445,0.27246376811594203,0.0,0.26666666666666666,0.2833333333333333,0.0,0.23636363636363636,0.29545454545454547,0.07954545454545454,0.34545454545454546,0.3068181818181818,0.20833333333333334,0.29333333333333333,0.13333333333333333,0
0.8666666666666667,0.8333333333333334,0.3333333333333333,1.0,1.0,238.32624113475177,124.61702127659576,158.34751773049646,44.638297872340445,0.27246376811594203,0.0,0.26666666666666666,0.2833333333333333,0.0,0.23636363636363636,0.29545454545454547,0.07954545454545454,0.34545454545454546,0.3068181818181818,0.20833333333333334,0.29333333333333333,0.13333333333333333,0
0.8666666666666667,0.8333333333333334,0.3333333333333333,1.0,1.0,238.32624113475177,124.61702127659576,158.34751773049646,44.638297872340445,0.27246376811594203,0.0,0.26666666666666666,0.2833333333333333,0.0,0.23636363636363636,0.29545454545454547,0.07954545454545454,0.34545454545454546,0.3068181818181818,0.20833333333333334,0.29333333333333333,0.13333333333333333,0
0.9,0.8666666666666667,0.0,1.0,1.0,230.3758865248227,163.91489361702125,131.67375886524823,65.21276595744678,0.24444444444444444,0.09166666666666666,0.08,0.2,0.0,0.2727272727272727,0.36363636363636365,0.2727272727272727,0.2,0.0,0.31666666666666665,0.14666666666666667,0.06666666666666667,0
0.9,0.8666666666666667,0.0,1.0,1.0,230.3758865248227,163.91489361702125,131.67375886524823,65.21276595744678,0.24444444444444444,0.09166666666666666,0.08,0.2,0.0,0.2727272727272727,0.36363636363636365,0.2727272727272727,0.2,0.0,0.31666666666666665,0.14666666666666667,0.06666666666666667,0
0.9,0.8666666666666667,0.0,1.0,1.0,230.3758865248227,163.91489361702125,131.67375886524823,65.21276595744678,0.24444444444444444,0.09166666666666666,0.08,0.2,0.0,0.2727272727272727,0.36363636363636365,0.2727272727272727,0.2,0.0,0.31666666666666665,0.14666666666666667,0.06666666666666667,0
0.9,0.8666666666666667,0.0,1.0,1.0,230.3758865248227,163.91489361702125,131.67375886524823,65.21276595744678,0.24444444444444444,0.09166666666666666,0.08,0.2,0.0,0.2727272727272727,0.36363636363636365,0.2727272727272727,0.2,0.0,0.31666666666666665,0.14666666666666667,0.06666666666666667,0
0.8,0.7,0.0,0.5,2.0,231.53191489361703,155.51773049645388,117.61702127659575,41.6028368794326,0.18647342995169083,0.0,0.05333333333333334,0.18333333333333332,0.03409090909090909,0.2727272727272727,0.4659090909090909,0.0,0.2727272727272727,0.0,0.0,0.12,0.0,0
0.8,0.7,0.0,0.5,2.0,231.53191489361703,155.51773049645388,117.61702127659575,41.6028368794326,0.18647342995169083,0.0,0.05333333333333334,0.18333333333333332,0.03409090909090909,0.2727272727272727,0.4659090909090909,0.0,0.2727272727272727,0.0,0.0,0.12,0.0,0
0.8,0.7,0.0,0.5,2.0,231.53191489361703,155.51773049645388,117.61702127659575,41.6028368794326,0.18647342995169083,0.0,0.05333333333333334,0.18333333333333332,0.03409090909090909,0.2727272727272727,0.4659090909090909,0.0,0.2727272727272727,0.0,0.0,0.12,0.0,0
0.8,0.7,0.0,0.5,2.0,231.53191489361703,155.51773049645388,117.61702127659575,41.6028368794326,0.18647342995169083,0.0,0.05333333333333334,0.18333333333333332,0.03409090909090909,0.2727272727272727,0.4659090909090909,0.0,0.2727272727272727,0.0,0.0,0.12,0.0,0
0.8666666666666667,0.7666666666666667,0.0,0.0,2.0,182.11347517730496,236.13475177304963,20.879432624113463,74.90070921985813,0.16328502415458937,0.008333333333333333,0.0,0.0,0.11363636363636363,0.32727272727272727,0.0,0.375,0.21818181818181817,0.0,0.08333333333333333,0.09333333333333334,0.125,0
0.8666666666666667,0.7666666666666667,0.0,0.0,2.0,182.11347517730496,236.13475177304963,20.879432624113463,74.90070921985813,0.16328502415458937,0.008333333333333333,0.0,0.0,0.11363636363636363,0.32727272727272727,0.0,0.375,0.21818181818181817,0.0,0.08333333333333333,0.09333333333333334,0.125,0
0.8666666666666667,0.7666666666666667,0.0,0.0,2.0,182.11347517730496,236.13475177304963,20.879432624113463,74.90070921985813,0.16328502415458937,0.008333333333333333,0.0,0.0,0.11363636363636363,0.32727272727272727,0.0,0.375,0.21818181818181817,0.0,0.08333333333333333,0.09333333333333334,0.125,0
0.8333333333333334,0.7333333333333333,0.0,0.06666666666666667,5.0,236.41843971631207,168.1205673758865,81.80141843971631,13.503546099290759,0.21256038647342995,0.0,0.0,0.0,0.0,0.41818181818181815,0.3068181818181818,0.0,0.4,0.38636363636363635,0.075,0.10666666666666667,0.31666666666666665,0
0.8333333333333334,0.7333333333333333,0.0,0.06666666666666667,5.0,236.41843971631207,168.1205673758865,81.80141843971631,13.503546099290759,0.21256038647342995,0.0,0.0,0.0,0.0,0.41818181818181815,0.3068181818181818,0.0,0.4,0.38636363636363635,0.075,0.10666666666666667,0.31666666666666665,0
0.8333333333333334,0.7333333333333333,0.0,0.06666666666666667,5.0,236.41843971631207,168.1205673758865,81.80141843971631,13.503546099290759,0.21256038647342995,0.0,0.0,0.0,0.0,0.41818181818181815,0.3068181818181818,0.0,0.4,0.38636363636363635,0.075,0.10666666666666667,0.31666666666666665,0
0.8333333333333334,0.7333333333333333,0.0,0.06666666666666667,5.0,236.41843971631207,168.1205673758865,81.80141843971631,13.503546099290759,0.21256038647342995,0.0,0.0,0.0,0.0,0.41818181818181815,0.3068181818181818,0.0,0.4,0.38636363636363635,0.075,0.10666666666666667,0.31666666666666665,0
0.8,0.7333333333333333,0.0,0.0,4.5,170.1914893617021,206.82978723404256,19.978723404255305,56.61702127659575,0.26280193236714977,0.0,0.0,0.11666666666666667,0.19318181818181818,0.4727272727272727,0.26136363636363635,0.1590909090909091,0.32727272727272727,0.3181818181818182,0.09166666666666666,0.06666666666666667,0.35,0
0.8,0.7333333333333333,0.0,0.0,4.0,163.11347517730496,178.95744680851064,15.687943262411352,31.531914893617028,0.27342995169082124,0.0,0.0,0.11666666666666667,0.22727272727272727,0.41818181818181815,0.3068181818181818,0.20454545454545456,0.2545454545454545,0.3522727272727273,0.09166666666666666,0.06666666666666667,0.35833333333333334,0
0.8,0.7333333333333333,0.0,0.0,4.0,163.11347517730496,178.95744680851064,15.687943262411352,31.531914893617028,0.27342995169082124,0.0,0.0,0.11666666666666667,0.22727272727272727,0.41818181818181815,0.3068181818181818,0.20454545454545456,0.2545454545454545,0.3522727272727273,0.09166666666666666,0.06666666666666667,0.35833333333333334,0
0.8666666666666667,0.8,0.09523809523809523,0.3333333333333333,7.0,195.32624113475177,128.9645390070922,82.28368794326241,15.921985815602852,0.3497584541062802,0.16666666666666666,0.16,0.13333333333333333,0.18181818181818182,0.36363636363636365,0.3409090909090909,0.22727272727272727,0.5636363636363636,0.3522727272727273,0.5416666666666666,0.6133333333333333,0.49166666666666664,1
0.8666666666666667,0.8,0.09523809523809523,0.3333333333333333,7.0,195.32624113475177,128.9645390070922,82.28368794326241,15.921985815602852,0.3497584541062802,0.16666666666666666,0.16,0.13333333333333333,0.18181818181818182,0.36363636363636365,0.3409090909090909,0.22727272727272727,0.5636363636363636,0.3522727272727273,0.5416666666666666,0.6133333333333333,0.49166666666666664,1
0.8666666666666667,0.8,0.09523809523809523,0.3333333333333333,7.0,195.32624113475177,128.9645390070922,82.28368794326241,15.921985815602852,0.3497584541062802,0.16666666666666666,0.16,0.13333333333333333,0.18181818181818182,0.36363636363636365,0.3409090909090909,0.22727272727272727,0.5636363636363636,0.3522727272727273,0.5416666666666666,0.6133333333333333,0.49166666666666664,1
0.8666666666666667,0.8,0.09523809523809523,0.3333333333333333,7.0,195.32624113475177,128.9645390070922,82.28368794326241,15.921985815602852,0.3497584541062802,0.16666666666666666,0.16,0.13333333333333333,0.18181818181818182,0.36363636363636365,0.3409090909090909,0.22727272727272727,0.5636363636363636,0.3522727272727273,0.5416666666666666,0.6133333333333333,0.49166666666666664,1
0.8666666666666667,0.8,0.09523809523809523,0.3333333333333333,7.0,195.32624113475177,128.9645390070922,82.28368794326241,15.921985815602852,0.3497584541062802,0.16666666666666666,0.16,0.13333333333333333,0.18181818181818182,0.36363636363636365,0.3409090909090909,0.22727272727272727,0.5636363636363636,0.3522727272727273,0.5416666666666666,0.6133333333333333,0.49166666666666664,1
0.8387096774193549,0.7419354838709677,0.0,0.0,6.5,224.66666666666666,144.92361111111111,100.16666666666666,20.423611111111114,0.2533081285444234,0.0,0.0,0.0,0.0625,0.45,0.21875,0.056818181818181816,0.41818181818181815,0.4431818181818182,0.13333333333333333,0.13333333333333333,0.21666666666666667,0
0.8387096774193549,0.7419354838709677,0.0,0.0,6.5,224.66666666666666,144.92361111111111,100.16666666666666,20.423611111111114,0.2533081285444234,0.0,0.0,0.0,0.0625,0.45,0.21875,0.056818181818181816,0.41818181818181815,0.4431818181818182,0.13333333333333333,0.13333333333333333,0.21666666666666667,0
0.8387096774193549,0.7419354838709677,0.0,0.0,6.5,224.66666666666666,144.92361111111111,100.16666666666666,20.423611111111114,0.2533081285444234,0.0,0.0,0.0,0.0625,0.45,0.21875,0.056818181818181816,0.41818181818181815,0.4431818181818182,0.13333333333333333,0.13333333333333333,0.21666666666666667,0
0.8387096774193549,0.7419354838709677,0.0,0.0,6.5,224.66666666666666,144.92361111111111,100.16666666666666,20.423611111111114,0.2533081285444234,0.0,0.0,0.0,0.0625,0.45,0.21875,0.056818181818181816,0.41818181818181815,0.4431818181818182,0.13333333333333333,0.13333333333333333,0.21666666666666667,0
0.8064516129032258,0.7419354838709677,0.0,0.09523809523809523,7.0,143.86805555555557,169.3125,17.11805555555557,42.5625,0.2826086956521739,0.0,0.0,0.0,0.22916666666666666,0.43333333333333335,0.0,0.2159090909090909,0.38181818181818183,0.48863636363636365,0.13333333333333333,0.13333333333333333,0.2833333333333333,0
0.8064516129032258,0.7419354838709677,0.0,0.09523809523809523,7.0,143.86805555555557,169.3125,17.11805555555557,42.5625,0.2826086956521739,0.0,0.0,0.0,0.22916666666666666,0.43333333333333335,0.0,0.2159090909090909,0.38181818181818183,0.48863636363636365,0.13333333333333333,0.13333333333333333,0.2833333333333333,0
0.8064516129032258,0.7419354838709677,0.0,0.09523809523809523,7.0,143.86805555555557,169.3125,17.11805555555557,42.5625,0.2826086956521739,0.0,0.0,0.0,0.22916666666666666,0.43333333333333335,0.0,0.2159090909090909,0.38181818181818183,0.48863636363636365,0.13333333333333333,0.13333333333333333,0.2833333333333333,0
0.8064516129032258,0.7419354838709677,0.0,0.09523809523809523,7.0,143.86805555555557,169.3125,17.11805555555557,42.5625,0.2826086956521739,0.0,0.0,0.0,0.22916666666666666,0.43333333333333335,0.0,0.2159090909090909,0.38181818181818183,0.48863636363636365,0.13333333333333333,0.13333333333333333,0.2833333333333333,0
0.8064516129032258,0.7419354838709677,0.0,0.09523809523809523,7.0,143.86805555555557,169.3125,17.11805555555557,42.5625,0.2826086956521739,0.0,0.0,0.0,0.22916666666666666,0.43333333333333335,0.0,0.2159090909090909,0.38181818181818183,0.48863636363636365,0.13333333333333333,0.13333333333333333,0.2833333333333333,0
0.7741935483870968,0.7419354838709677,0.0,1.0,3.0,231.5277777777778,232.6875,135.9652777777778,137.125,0.10302457466918714,0.0,0.0,0.0,0.0,0.3,0.0,0.0,0.5818181818181818,0.0,0.06666666666666667,0.29333333333333333,0.041666666666666664,0
0.7741935483870968,0.7419354838709677,0.0,1.0,3.0,231.5277777777778,232.6875,135.9652777777778,137.125,0.10302457466918714,0.0,0.0,0.0,0.0,0.3,0.0,0.0,0.5818181818181818,0.0,0.06666666666666667,0.29333333333333333,0.041666666666666664,0
0.7741935483870968,0.7419354838709677,0.0,1.0,3.0,231.5277777777778,232.6875,135.9652777777778,137.125,0.10302457466918714,0.0,0.0,0.0,0.0,0.3,0.0,0.0,0.5818181818181818,0.0,0.06666666666666667,0.29333333333333333,0.041666666666666664,0
0.7741935483870968,0.7419354838709677,0.0,1.0,3.0,231.5277777777778,232.6875,135.9652777777778,137.125,0.10302457466918714,0.0,0.0,0.0,0.0,0.3,0.0,0.0,0.5818181818181818,0.0,0.06666666666666667,0.29333333333333333,0.041666666666666664,0
0.8064516129032258,0.7741935483870968,0.0,0.6666666666666666,2.0,197.59722222222226,115.82808956916101,86.70138888888893,4.93225623582768,0.2741020793950851,0.0,0.0,0.0,0.0,0.21666666666666667,0.2604166666666667,0.23863636363636365,0.509090909090909,0.5795454545454546,0.025,0.18666666666666668,0.21666666666666667,0
0.8064516129032258,0.7741935483870968,0.0,1.0,2.0,201.1527777777778,88.64058956916101,89.36111111111113,-23.151077097505663,0.28071833648393196,0.0,0.0,0.0,0.0,0.23333333333333334,0.25,0.2727272727272727,0.4909090909090909,0.6136363636363636,0.025,0.2,0.20833333333333334,0
0.8064516129032258,0.7741935483870968,0.0,1.0,2.0,201.1527777777778,88.64058956916101,89.36111111111113,-23.151077097505663,0.28071833648393196,0.0,0.0,0.0,0.0,0.23333333333333334,0.25,0.2727272727272727,0.4909090909090909,0.6136363636363636,0.025,0.2,0.20833333333333334,0
0.8064516129032258,0.7741935483870968,0.0,1.0,2.0,201.1527777777778,88.64058956916101,89.36111111111113,-23.151077097505663,0.28071833648393196,0.0,0.0,0.0,0.0,0.23333333333333334,0.25,0.2727272727272727,0.4909090909090909,0.6136363636363636,0.025,0.2,0.20833333333333334,0
0.8064516129032258,0.7741935483870968,0.0,1.0,2.0,201.1527777777778,88.64058956916101,89.36111111111113,-23.151077097505663,0.28071833648393196,0.0,0.0,0.0,0.0,0.23333333333333334,0.25,0.2727272727272727,0.4909090909090909,0.6136363636363636,0.025,0.2,0.20833333333333334,0
0.8064516129032258,0.7741935483870968,0.0,0.6333333333333333,5.0,134.9375,155.34027777777777,47.64583333333333,68.0486111111111,0.29017013232514177,0.0,0.0,0.0,0.125,0.3333333333333333,0.0625,0.5454545454545454,0.6545454545454545,0.4318181818181818,0.11666666666666667,0.24,0.08333333333333333,0
0.8064516129032258,0.7741935483870968,0.0,0.75,4.5,129.88888888888889,199.7986111111111,40.13378684807256,110.04350907029476,0.29017013232514177,0.0,0.0,0.0,0.11363636363636363,0.36363636363636365,0.0,0.53125,0.8333333333333334,0.28125,0.125,0.28,0.041666666666666664,0
0.75,0.75,0.0,1.0,4.0,149.73611111111111,215.3125,60.861111111111114,126.4375,0.2839962997224792,0.0,0.0,0.0,0.14583333333333334,0.4166666666666667,0.0,0.5208333333333334,0.9,0.2604166666666667,0.125,0.30666666666666664,0.025,0
0.7741935483870968,0.7419354838709677,0.0,1.0,4.0,149.73611111111111,215.3125,60.861111111111114,126.4375,0.27599243856332706,0.0,0.0,0.0,0.14583333333333334,0.4166666666666667,0.0,0.5454545454545454,0.9090909090909091,0.2840909090909091,0.14166666666666666,0.37333333333333335,0.025,0
0.7741935483870968,0.7419354838709677,0.0,1.0,4.0,149.73611111111111,215.3125,60.861111111111114,126.4375,0.27599243856332706,0.0,0.0,0.0,0.14583333333333334,0.4166666666666667,0.0,0.5454545454545454,0.9090909090909091,0.2840909090909091,0.14166666666666666,0.37333333333333335,0.025,0
0.7741935483870968,0.7419354838709677,0.0,0.9166666666666666,4.0,141.56944444444446,208.90972222222226,52.69444444444446,120.03472222222226,0.27032136105860116,0.0,0.0,0.0,0.20833333333333334,0.31666666666666665,0.0,0.5909090909090909,0.7090909090909091,0.2840909090909091,0.19166666666666668,0.30666666666666664,0.025,0
1.032258064516129,0.967741935483871,1.0,1.0,1.0,208.5625,145.125,179.91666666666666,116.47916666666667,0.2844990548204159,0.0,0.30666666666666664,0.45,0.07291666666666667,0.43333333333333335,0.3854166666666667,0.22727272727272727,0.34545454545454546,0.13636363636363635,0.058333333333333334,0.4266666666666667,0.39166666666666666,0
1.032258064516129,0.967741935483871,1.0,1.0,1.0,208.5625,145.125,179.91666666666666,116.47916666666667,0.2844990548204159,0.0,0.30666666666666664,0.45,0.07291666666666667,0.43333333333333335,0.3854166666666667,0.22727272727272727,0.34545454545454546,0.13636363636363635,0.058333333333333334,0.4266666666666667,0.39166666666666666,0
1.032258064516129,0.967741935483871,1.0,1.0,1.0,208.5625,145.125,179.91666666666666,116.47916666666667,0.2844990548204159,0.0,0.30666666666666664,0.45,0.07291666666666667,0.43333333333333335,0.3854166666666667,0.22727272727272727,0.34545454545454546,0.13636363636363635,0.058333333333333334,0.4266666666666667,0.39166666666666666,0
0.7419354838709677,0.7419354838709677,0.0,0.8333333333333334,3.0,229.91666666666666,216.91666666666666,137.5625,124.56249999999999,0.1843100189035917,0.0,0.0,0.0,0.0,0.21666666666666667,0.2604166666666667,0.0,0.5636363636363636,0.14772727272727273,0.008333333333333333,0.22666666666666666,0.058333333333333334,0
0.7419354838709677,0.7419354838709677,0.0,0.8333333333333334,3.0,229.91666666666666,216.91666666666666,137.5625,124.56249999999999,0.1843100189035917,0.0,0.0,0.0,0.0,0.21666666666666667,0.2604166666666667,0.0,0.5636363636363636,0.14772727272727273,0.008333333333333333,0.22666666666666666,0.058333333333333334,0
0.7419354838709677,0.7419354838709677,0.0,0.8333333333333334,3.0,229.91666666666666,216.91666666666666,137.5625,124.56249999999999,0.1843100189035917,0.0,0.0,0.0,0.0,0.21666666666666667,0.2604166666666667,0.0,0.5636363636363636,0.14772727272727273,0.008333333333333333,0.22666666666666666,0.058333333333333334,0
0.7419354838709677,0.7419354838709677,0.0,0.8333333333333334,3.0,229.91666666666666,216.91666666666666,137.5625,124.56249999999999,0.1843100189035917,0.0,0.0,0.0,0.0,0.21666666666666667,0.2604166666666667,0.0,0.5636363636363636,0.14772727272727273,0.008333333333333333,0.22666666666666666,0.058333333333333334,0
1.032258064516129,1.032258064516129,0.5,0.25,6.0,232.8402777777778,108.94982993197279,150.7777777777778,26.887329931972786,0.35255198487712663,0.0,0.28,0.45,0.21875,0.5666666666666667,0.5520833333333334,0.1590909090909091,0.4,0.23863636363636365,0.05,0.21333333333333335,0.06666666666666667,0
1.032258064516129,1.032258064516129,0.5,0.25,6.0,232.8402777777778,108.94982993197279,150.7777777777778,26.887329931972786,0.35255198487712663,0.0,0.28,0.45,0.21875,0.5666666666666667,0.5520833333333334,0.1590909090909091,0.4,0.23863636363636365,0.05,0.21333333333333335,0.06666666666666667,0
1.032258064516129,1.032258064516129,0.5,0.25,6.0,232.8402777777778,108.94982993197279,150.7777777777778,26.887329931972786,0.35255198487712663,0.0,0.28,0.45,0.21875,0.5666666666666667,0.5520833333333334,0.1590909090909091,0.4,0.23863636363636365,0.05,0.21333333333333335,0.06666666666666667,0
1.032258064516129,1.032258064516129,0.5,0.25,6.0,232.8402777777778,108.94982993197279,150.7777777777778,26.887329931972786,0.35255198487712663,0.0,0.28,0.45,0.21875,0.5666666666666667,0.5520833333333334,0.1590909090909091,0.4,0.23863636363636365,0.05,0.21333333333333335,0.06666666666666667,0
1.032258064516129,0.7096774193548387,0.6666666666666666,0.2619047619047619,7.0,230.92361111111111,109.44982993197279,169.13194444444446,47.65816326530612,0.3449905482041588,0.008333333333333333,0.37333333333333335,0.4,0.16666666666666666,0.7,0.4791666666666667,0.125,0.4727272727272727,0.19318181818181818,0.05,0.21333333333333335,0.06666666666666667,0
0.8709677419354839,0.7741935483870968,0.8333333333333334,0.0,1.0,206.2847222222222,177.20138888888889,99.36805555555553,70.28472222222221,0.2504725897920605,0.39166666666666666,0.22666666666666666,0.30833333333333335,0.21875,0.31666666666666665,0.125,0.0,0.07272727272727272,0.0,0.06666666666666667,0.06666666666666667,0.06666666666666667,0
0.8709677419354839,0.7741935483870968,0.8333333333333334,0.0,1.0,206.2847222222222,177.20138888888889,99.36805555555553,70.28472222222221,0.2504725897920605,0.39166666666666666,0.22666666666666666,0.30833333333333335,0.21875,0.31666666666666665,0.125,0.0,0.07272727272727272,0.0,0.06666666666666667,0.06666666666666667,0.06666666666666667,0
0.8709677419354839,0.7741935483870968,0.8333333333333334,0.0,1.0,206.2847222222222,177.20138888888889,99.36805555555553,70.28472222222221,0.2504725897920605,0.39166666666666666,0.22666666666666666,0.30833333333333335,0.21875,0.31666666666666665,0.125,0.0,0.07272727272727272,0.0,0.06666666666666667,0.06666666666666667,0.06666666666666667,0
0.8709677419354839,0.7741935483870968,0.8333333333333334,0.0,1.0,206.2847222222222,177.20138888888889,99.36805555555553,70.28472222222221,0.2504725897920605,0.39166666666666666,0.22666666666666666,0.30833333333333335,0.21875,0.31666666666666665,0.125,0.0,0.07272727272727272,0.0,0.06666666666666667,0.06666666666666667,0.06666666666666667,0
0.8709677419354839,0.8064516129032258,0.0,0.5,1.0,229.54166666666666,124.74305555555556,122.97916666666666,18.180555555555557,0.22684310018903592,0.0,0.02666666666666667,0.15833333333333333,0.0,0.26666666666666666,0.3854166666666667,0.0,0.2909090909090909,0.18181818181818182,0.075,0.36,0.23333333333333334,0
0.8709677419354839,0.8064516129032258,0.0,0.5,1.0,229.54166666666666,124.74305555555556,122.97916666666666,18.180555555555557,0.22684310018903592,0.0,0.02666666666666667,0.15833333333333333,0.0,0.26666666666666666,0.3854166666666667,0.0,0.2909090909090909,0.18181818181818182,0.075,0.36,0.23333333333333334,0
0.8709677419354839,0.8064516129032258,0.0,0.5,1.0,229.54166666666666,124.74305555555556,122.97916666666666,18.180555555555557,0.22684310018903592,0.0,0.02666666666666667,0.15833333333333333,0.0,0.26666666666666666,0.3854166666666667,0.0,0.2909090909090909,0.18181818181818182,0.075,0.36,0.23333333333333334,0
0.8709677419354839,0.8064516129032258,0.0,0.5,1.0,229.54166666666666,124.74305555555556,122.97916666666666,18.180555555555557,0.22684310018903592,0.0,0.02666666666666667,0.15833333333333333,0.0,0.26666666666666666,0.3854166666666667,0.0,0.2909090909090909,0.18181818181818182,0.075,0.36,0.23333333333333334,0
0.967741935483871,0.8709677419354839,0.0,0.0,2.0,180.95138888888889,183.00694444444446,31.493055555555543,33.548611111111114,0.20888468809073724,0.25833333333333336,0.0,0.03333333333333333,0.3541666666666667,0.45,0.34375,0.0,0.2545454545454545,0.0,0.058333333333333334,0.02666666666666667,0.008333333333333333,0
0.967741935483871,0.8709677419354839,0.0,0.0,2.0,180.95138888888889,183.00694444444446,31.493055555555543,33.548611111111114,0.20888468809073724,0.25833333333333336,0.0,0.03333333333333333,0.3541666666666667,0.45,0.34375,0.0,0.2545454545454545,0.0,0.058333333333333334,0.02666666666666667,0.008333333333333333,0
0.967741935483871,0.8709677419354839,0.0,0.0,2.0,180.95138888888889,183.00694444444446,31.493055555555543,33.548611111111114,0.20888468809073724,0.25833333333333336,0.0,0.03333333333333333,0.3541666666666667,0.45,0.34375,0.0,0.2545454545454545,0.0,0.058333333333333334,0.02666666666666667,0.008333333333333333,0
0.967741935483871,0.8709677419354839,0.0,0.0,2.0,180.95138888888889,183.00694444444446,31.493055555555543,33.548611111111114,0.20888468809073724,0.25833333333333336,0.0,0.03333333333333333,0.3541666666666667,0.45,0.34375,0.0,0.2545454545454545,0.0,0.058333333333333334,0.02666666666666667,0.008333333333333333,0
0.9032258064516129,0.8064516129032258,0.0,0.027777777777777776,5.5,223.08333333333334,142.11111111111111,85.125,4.1527777777777715,0.2674858223062382,0.0,0.0,0.0,0.041666666666666664,0.4666666666666667,0.5625,0.0,0.43636363636363634,0.4431818181818182,0.125,0.06666666666666667,0.06666666666666667,0
0.9032258064516129,0.8387096774193549,0.0,0.05555555555555555,5.5,222.61111111111111,160.36805555555554,118.04861111111111,55.80555555555554,0.2741020793950851,0.0,0.0,0.0,0.041666666666666664,0.6,0.5,0.0,0.5818181818181818,0.375,0.10833333333333334,0.06666666666666667,0.06666666666666667,0
0.9032258064516129,0.8387096774193549,0.0,0.05555555555555555,5.5,222.61111111111111,160.36805555555554,118.04861111111111,55.80555555555554,0.2741020793950851,0.0,0.0,0.0,0.041666666666666664,0.6,0.5,0.0,0.5818181818181818,0.375,0.10833333333333334,0.06666666666666667,0.06666666666666667,0
0.9032258064516129,0.8387096774193549,0.0,0.05555555555555555,5.5,212.45138888888889,169.54861111111111,100.51388888888889,57.611111111111114,0.29300567107750475,0.0,0.0,0.0,0.052083333333333336,0.7333333333333333,0.4479166666666667,0.0,0.7272727272727273,0.3181818181818182,0.09166666666666666,0.06666666666666667,0.06666666666666667,0
0.9032258064516129,0.8387096774193549,0.0,0.05555555555555555,5.5,212.45138888888889,169.54861111111111,100.51388888888889,57.611111111111114,0.29300567107750475,0.0,0.0,0.0,0.052083333333333336,0.7333333333333333,0.4479166666666667,0.0,0.7272727272727273,0.3181818181818182,0.09166666666666666,0.06666666666666667,0.06666666666666667,0
0.8709677419354839,0.8387096774193549,0.0,0.05555555555555555,5.5,184.9097222222222,162.9861111111111,51.26388888888886,29.340277777777743,0.31379962192816635,0.0,0.0,0.0,0.13541666666666666,0.75,0.4375,0.09090909090909091,0.6,0.38636363636363635,0.075,0.06666666666666667,0.06666666666666667,0
0.8709677419354839,0.8387096774193549,0.0,0.05555555555555555,5.5,184.9097222222222,162.9861111111111,51.26388888888886,29.340277777777743,0.31379962192816635,0.0,0.0,0.0,0.13541666666666666,0.75,0.4375,0.09090909090909091,0.6,0.38636363636363635,0.075,0.06666666666666667,0.06666666666666667,0
0.8709677419354839,0.8387096774193549,0.0,0.05555555555555555,5.5,145.39583333333334,144.52083333333334,5.1875,4.3125,0.33081285444234404,0.0,0.0,0.0,0.22916666666666666,0.6166666666666667,0.5104166666666666,0.18181818181818182,0.45454545454545453,0.45454545454545453,0.06666666666666667,0.06666666666666667,0.06666666666666667,0
0.8709677419354839,0.8387096774193549,0.0,0.05555555555555555,5.5,145.39583333333334,144.52083333333334,5.1875,4.3125,0.33081285444234404,0.0,0.0,0.0,0.22916666666666666,0.6166666666666667,0.5104166666666666,0.18181818181818182,0.45454545454545453,0.45454545454545453,0.06666666666666667,0.06666666666666667,0.06666666666666667,0
0.7741935483870968,0.7741935483870968,0.0,0.9166666666666666,2.0,220.7152777777778,205.0763888888889,110.81944444444447,95.18055555555559,0.32608695652173914,0.0,0.0,0.0,0.3020833333333333,0.2,0.28125,0.20454545454545456,0.41818181818181815,0.3181818181818182,0.06666666666666667,0.24,0.6833333333333333,1
0.7741935483870968,0.7741935483870968,0.0,0.9166666666666666,2.0,220.7152777777778,205.0763888888889,110.81944444444447,95.18055555555559,0.32608695652173914,0.0,0.0,0.0,0.3020833333333333,0.2,0.28125,0.20454545454545456,0.41818181818181815,0.3181818181818182,0.06666666666666667,0.24,0.6833333333333333,1
0.7741935483870968,0.7741935483870968,0.0,0.9166666666666666,2.0,220.7152777777778,205.0763888888889,110.81944444444447,95.18055555555559,0.32608695652173914,0.0,0.0,0.0,0.3020833333333333,0.2,0.28125,0.20454545454545456,0.41818181818181815,0.3181818181818182,0.06666666666666667,0.24,0.6833333333333333,1
0.7741935483870968,0.7741935483870968,0.0,0.9166666666666666,2.0,220.7152777777778,205.0763888888889,110.81944444444447,95.18055555555559,0.32608695652173914,0.0,0.0,0.0,0.3020833333333333,0.2,0.28125,0.20454545454545456,0.41818181818181815,0.3181818181818182,0.06666666666666667,0.24,0.6833333333333333,1
0.9032258064516129,0.8064516129032258,0.0,0.0,1.0,226.19444444444443,143.10416666666666,104.94444444444443,21.854166666666657,0.22967863894139887,0.0,0.013333333333333334,0.21666666666666667,0.0,0.31666666666666665,0.3229166666666667,0.0,0.2545454545454545,0.25,0.09166666666666666,0.29333333333333333,0.15,0
0.9032258064516129,0.8064516129032258,0.0,0.0,1.0,226.19444444444443,143.10416666666666,104.94444444444443,21.854166666666657,0.22967863894139887,0.0,0.013333333333333334,0.21666666666666667,0.0,0.31666666666666665,0.3229166666666667,0.0,0.2545454545454545,0.25,0.09166666666666666,0.29333333333333333,0.15,0
0.9032258064516129,0.8064516129032258,0.0,0.0,1.0,226.19444444444443,143.10416666666666,104.94444444444443,21.854166666666657,0.22967863894139887,0.0,0.013333333333333334,0.21666666666666667,0.0,0.31666666666666665,0.3229166666666667,0.0,0.2545454545454545,0.25,0.09166666666666666,0.29333333333333333,0.15,0
0.9032258064516129,0.8064516129032258,0.0,0.0,1.0,226.19444444444443,143.10416666666666,104.94444444444443,21.854166666666657,0.22967863894139887,0.0,0.013333333333333334,0.21666666666666667,0.0,0.31666666666666665,0.3229166666666667,0.0,0.2545454545454545,0.25,0.09166666666666666,0.29333333333333333,0.15,0
0.9032258064516129,0.8064516129032258,0.0,0.0,1.0,226.19444444444443,143.10416666666666,104.94444444444443,21.854166666666657,0.22967863894139887,0.0,0.013333333333333334,0.21666666666666667,0.0,0.31666666666666665,0.3229166666666667,0.0,0.2545454545454545,0.25,0.09166666666666666,0.29333333333333333,0.15,0
0.9354838709677419,0.8387096774193549,0.16666666666666666,0.0,2.0,200.96130952380952,182.70833333333334,68.12797619047618,49.875,0.22684310018903592,0.0,0.013333333333333334,0.08333333333333333,0.03125,0.43333333333333335,0.3020833333333333,0.10227272727272728,0.2,0.0,0.06666666666666667,0.06666666666666667,0.041666666666666664,0
0.9354838709677419,0.8387096774193549,0.16666666666666666,0.0,2.0,200.96130952380952,182.70833333333334,68.12797619047618,49.875,0.22684310018903592,0.0,0.013333333333333334,0.08333333333333333,0.03125,0.43333333333333335,0.3020833333333333,0.10227272727272728,0.2,0.0,0.06666666666666667,0.06666666666666667,0.041666666666666664,0
0.9354838709677419,0.8387096774193549,0.16666666666666666,0.0,2.0,200.96130952380952,182.70833333333334,68.12797619047618,49.875,0.22684310018903592,0.0,0.013333333333333334,0.08333333333333333,0.03125,0.43333333333333335,0.3020833333333333,0.10227272727272728,0.2,0.0,0.06666666666666667,0.06666666666666667,0.041666666666666664,0
0.9354838709677419,0.8387096774193549,0.16666666666666666,0.0,2.0,200.96130952380952,182.70833333333334,68.12797619047618,49.875,0.22684310018903592,0.0,0.013333333333333334,0.08333333333333333,0.03125,0.43333333333333335,0.3020833333333333,0.10227272727272728,0.2,0.0,0.06666666666666667,0.06666666666666667,0.041666666666666664,0
0.8387096774193549,0.8064516129032258,0.8333333333333334,0.0,1.0,228.39838435374148,177.89583333333334,123.81505102040815,73.31250000000001,0.16729678638941398,0.0,0.17333333333333334,0.275,0.041666666666666664,0.4,0.21875,0.0,0.07272727272727272,0.0,0.03333333333333333,0.0,0.008333333333333333,0
0.8387096774193549,0.8064516129032258,0.8333333333333334,0.0,1.0,228.39838435374148,177.89583333333334,123.81505102040815,73.31250000000001,0.16729678638941398,0.0,0.17333333333333334,0.275,0.041666666666666664,0.4,0.21875,0.0,0.07272727272727272,0.0,0.03333333333333333,0.0,0.008333333333333333,0
0.8387096774193549,0.8064516129032258,0.8333333333333334,0.0,1.0,228.39838435374148,177.89583333333334,123.81505102040815,73.31250000000001,0.16729678638941398,0.0,0.17333333333333334,0.275,0.041666666666666664,0.4,0.21875,0.0,0.07272727272727272,0.0,0.03333333333333333,0.0,0.008333333333333333,0
0.7419354838709677,0.7096774193548387,0.0,0.8888888888888888,3.0,232.0268912529551,254.39158163265304,134.23522458628844,156.5999149659864,0.08979206049149338,0.0,0.0,0.0,0.0,0.23333333333333334,0.0,0.0,0.6,0.0,0.11666666666666667,0.28,0.0,0
0.7419354838709677,0.7096774193548387,0.0,0.8888888888888888,3.0,232.0268912529551,254.39158163265304,134.23522458628844,156.5999149659864,0.08979206049149338,0.0,0.0,0.0,0.0,0.23333333333333334,0.0,0.0,0.6,0.0,0.11666666666666667,0.28,0.0,0
0.7419354838709677,0.7096774193548387,0.0,0.8888888888888888,3.0,232.0268912529551,254.39158163265304,134.23522458628844,156.5999149659864,0.08979206049149338,0.0,0.0,0.0,0.0,0.23333333333333334,0.0,0.0,0.6,0.0,0.11666666666666667,0.28,0.0,0
0.7419354838709677,0.7096774193548387,0.0,0.8888888888888888,3.0,232.0268912529551,254.39158163265304,134.23522458628844,156.5999149659864,0.08979206049149338,0.0,0.0,0.0,0.0,0.23333333333333334,0.0,0.0,0.6,0.0,0.11666666666666667,0.28,0.0,0
1.03125,0.9375,0.0,0.8333333333333334,1.0,195.07482993197277,182.06802721088434,130.8707482993197,117.86394557823128,0.2677551020408163,0.058823529411764705,0.36470588235294116,0.4264705882352941,0.17857142857142858,0.22857142857142856,0.19642857142857142,0.1875,0.3,0.16666666666666666,0.2647058823529412,0.4470588235294118,0.2426470588235294,0
1.03125,0.9375,0.0,0.8333333333333334,1.0,195.07482993197277,182.06802721088434,130.8707482993197,117.86394557823128,0.2677551020408163,0.058823529411764705,0.36470588235294116,0.4264705882352941,0.17857142857142858,0.22857142857142856,0.19642857142857142,0.1875,0.3,0.16666666666666666,0.2647058823529412,0.4470588235294118,0.2426470588235294,0
1.03125,0.9375,0.0,0.8333333333333334,1.0,195.07482993197277,182.06802721088434,130.8707482993197,117.86394557823128,0.2677551020408163,0.058823529411764705,0.36470588235294116,0.4264705882352941,0.17857142857142858,0.22857142857142856,0.19642857142857142,0.1875,0.3,0.16666666666666666,0.2647058823529412,0.4470588235294118,0.2426470588235294,0
0.90625,0.90625,0.5833333333333334,0.16666666666666666,2.0,223.59183673469389,193.1768707482993,101.28571428571429,70.87074829931971,0.21306122448979592,0.051470588235294115,0.4588235294117647,0.4264705882352941,0.0,0.44285714285714284,0.16071428571428573,0.0,0.23333333333333334,0.07291666666666667,0.014705882352941176,0.11764705882352941,0.058823529411764705,0
0.90625,0.90625,0.5833333333333334,0.16666666666666666,2.0,223.59183673469389,193.1768707482993,101.28571428571429,70.87074829931971,0.21306122448979592,0.051470588235294115,0.4588235294117647,0.4264705882352941,0.0,0.44285714285714284,0.16071428571428573,0.0,0.23333333333333334,0.07291666666666667,0.014705882352941176,0.11764705882352941,0.058823529411764705,0
0.90625,0.90625,0.5833333333333334,0.16666666666666666,2.0,223.59183673469389,193.1768707482993,101.28571428571429,70.87074829931971,0.21306122448979592,0.051470588235294115,0.4588235294117647,0.4264705882352941,0.0,0.44285714285714284,0.16071428571428573,0.0,0.23333333333333334,0.07291666666666667,0.014705882352941176,0.11764705882352941,0.058823529411764705,0
0.8125,0.78125,0.5833333333333334,0.0,2.0,219.3673469387755,219.53061224489795,129.14285714285714,129.30612244897958,0.21551020408163266,0.007352941176470588,0.09411764705882353,0.11029411764705882,0.0,0.45714285714285713,0.008928571428571428,0.0,0.15,0.14583333333333334,0.14705882352941177,0.0,0.3235294117647059,0
0.8125,0.78125,1.0,0.0,2.0,219.97278911564626,211.01360544217687,119.3809523809524,110.421768707483,0.2220408163265306,0.007352941176470588,0.10588235294117647,0.15441176470588236,0.008928571428571428,0.44285714285714284,0.0625,0.0,0.15,0.25,0.11764705882352941,0.011764705882352941,0.3382352941176471,0
0.8125,0.78125,1.0,0.0,2.0,219.97278911564626,211.01360544217687,119.3809523809524,110.421768707483,0.2220408163265306,0.007352941176470588,0.10588235294117647,0.15441176470588236,0.008928571428571428,0.44285714285714284,0.0625,0.0,0.15,0.25,0.11764705882352941,0.011764705882352941,0.3382352941176471,0
0.8125,0.78125,1.0,0.0,2.0,219.97278911564626,211.01360544217687,119.3809523809524,110.421768707483,0.2220408163265306,0.007352941176470588,0.10588235294117647,0.15441176470588236,0.008928571428571428,0.44285714285714284,0.0625,0.0,0.15,0.25,0.11764705882352941,0.011764705882352941,0.3382352941176471,0
0.875,0.78125,0.16666666666666666,0.16666666666666666,1.0,196.81632653061226,202.20408163265304,83.9387755102041,89.32653061224488,0.23755102040816325,0.08088235294117647,0.38823529411764707,0.45588235294117646,0.13392857142857142,0.18571428571428572,0.24107142857142858,0.14583333333333334,0.31666666666666665,0.010416666666666666,0.2647058823529412,0.24705882352941178,0.022058823529411766,0
0.875,0.78125,0.16666666666666666,0.16666666666666666,1.0,196.81632653061226,202.20408163265304,83.9387755102041,89.32653061224488,0.23755102040816325,0.08088235294117647,0.38823529411764707,0.45588235294117646,0.13392857142857142,0.18571428571428572,0.24107142857142858,0.14583333333333334,0.31666666666666665,0.010416666666666666,0.2647058823529412,0.24705882352941178,0.022058823529411766,0
0.875,0.78125,0.16666666666666666,0.16666666666666666,1.0,196.81632653061226,202.20408163265304,83.9387755102041,89.32653061224488,0.23755102040816325,0.08088235294117647,0.38823529411764707,0.45588235294117646,0.13392857142857142,0.18571428571428572,0.24107142857142858,0.14583333333333334,0.31666666666666665,0.010416666666666666,0.2647058823529412,0.24705882352941178,0.022058823529411766,0
0.875,0.78125,0.16666666666666666,0.16666666666666666,1.0,196.81632653061226,202.20408163265304,83.9387755102041,89.32653061224488,0.23755102040816325,0.08088235294117647,0.38823529411764707,0.45588235294117646,0.13392857142857142,0.18571428571428572,0.24107142857142858,0.14583333333333334,0.31666666666666665,0.010416666666666666,0.2647058823529412,0.24705882352941178,0.022058823529411766,0
0.8125,0.75,0.8333333333333334,0.3333333333333333,1.0,213.8639455782313,171.59863945578232,126.8843537414966,84.61904761904762,0.23020408163265307,0.058823529411764705,0.16470588235294117,0.4485294117647059,0.07142857142857142,0.35714285714285715,0.25,0.020833333333333332,0.13333333333333333,0.0,0.0661764705882353,0.11764705882352941,0.07352941176470588,0
0.8125,0.75,0.8333333333333334,0.3333333333333333,1.0,213.8639455782313,171.59863945578232,126.8843537414966,84.61904761904762,0.23020408163265307,0.058823529411764705,0.16470588235294117,0.4485294117647059,0.07142857142857142,0.35714285714285715,0.25,0.020833333333333332,0.13333333333333333,0.0,0.0661764705882353,0.11764705882352941,0.07352941176470588,0
0.8125,0.75,0.8333333333333334,0.3333333333333333,1.0,213.8639455782313,171.59863945578232,126.8843537414966,84.61904761904762,0.23020408163265307,0.058823529411764705,0.16470588235294117,0.4485294117647059,0.07142857142857142,0.35714285714285715,0.25,0.020833333333333332,0.13333333333333333,0.0,0.0661764705882353,0.11764705882352941,0.07352941176470588,0
0.78125,0.78125,1.0,0.5555555555555556,3.0,221.74149659863943,207.42857142857144,145.5374149659864,131.22448979591837,0.25795918367346937,0.058823529411764705,0.16470588235294117,0.058823529411764705,0.03571428571428571,0.6,0.03571428571428571,0.0,0.2833333333333333,0.08333333333333333,0.0,0.2823529411764706,0.38235294117647056,0
0.78125,0.78125,0.6666666666666666,0.5555555555555556,3.0,217.87755102040816,211.27210884353744,91.16326530612245,84.55782312925173,0.2702040816326531,0.058823529411764705,0.16470588235294117,0.058823529411764705,0.044642857142857144,0.5857142857142857,0.0625,0.0,0.3,0.125,0.014705882352941176,0.32941176470588235,0.38235294117647056,0
0.78125,0.78125,0.6666666666666666,0.5555555555555556,3.0,217.87755102040816,211.27210884353744,91.16326530612245,84.55782312925173,0.2702040816326531,0.058823529411764705,0.16470588235294117,0.058823529411764705,0.044642857142857144,0.5857142857142857,0.0625,0.0,0.3,0.125,0.014705882352941176,0.32941176470588235,0.38235294117647056,0
0.78125,0.78125,0.6666666666666666,0.5555555555555556,3.0,217.87755102040816,211.27210884353744,91.16326530612245,84.55782312925173,0.2702040816326531,0.058823529411764705,0.16470588235294117,0.058823529411764705,0.044642857142857144,0.5857142857142857,0.0625,0.0,0.3,0.125,0.014705882352941176,0.32941176470588235,0.38235294117647056,0
0.78125,0.78125,0.6666666666666666,0.0,1.0,226.8231292517007,187.88435374149662,110.86394557823131,71.92517006802724,0.1820408163265306,0.11029411764705882,0.17647058823529413,0.2647058823529412,0.0,0.35714285714285715,0.17857142857142858,0.0,0.06666666666666667,0.0,0.0,0.0,0.0,0
0.78125,0.78125,0.6666666666666666,0.0,1.0,226.8231292517007,187.88435374149662,110.86394557823131,71.92517006802724,0.1820408163265306,0.11029411764705882,0.17647058823529413,0.2647058823529412,0.0,0.35714285714285715,0.17857142857142858,0.0,0.06666666666666667,0.0,0.0,0.0,0.0,0
0.78125,0.78125,0.6666666666666666,0.0,1.0,226.8231292517007,187.88435374149662,110.86394557823131,71.92517006802724,0.1820408163265306,0.11029411764705882,0.17647058823529413,0.2647058823529412,0.0,0.35714285714285715,0.17857142857142858,0.0,0.06666666666666667,0.0,0.0,0.0,0.0,0
1.03125,1.03125,0.5833333333333334,0.25,2.0,230.10204081632654,175.6938775510204,148.3673469387755,93.95918367346937,0.23265306122448978,0.022058823529411766,0.5058823529411764,0.4117647058823529,0.0,0.42857142857142855,0.32142857142857145,0.0,0.25,0.09375,0.0,0.08235294117647059,0.19117647058823528,0
1.03125,1.03125,0.5833333333333334,0.25,2.0,230.10204081632654,175.6938775510204,148.3673469387755,93.95918367346937,0.23265306122448978,0.022058823529411766,0.5058823529411764,0.4117647058823529,0.0,0.42857142857142855,0.32142857142857145,0.0,0.25,0.09375,0.0,0.08235294117647059,0.19117647058823528,0
1.03125,1.03125,0.5833333333333334,0.25,2.0,230.10204081632654,175.6938775510204,148.3673469387755,93.95918367346937,0.23265306122448978,0.022058823529411766,0.5058823529411764,0.4117647058823529,0.0,0.42857142857142855,0.32142857142857145,0.0,0.25,0.09375,0.0,0.08235294117647059,0.19117647058823528,0
0.78125,0.78125,1.0,0.0,2.0,225.96598639455783,223.6938775510204,129.68027210884355,127.4081632653061,0.22775510204081634,0.058823529411764705,0.15294117647058825,0.21323529411764705,0.0,0.4142857142857143,0.2857142857142857,0.0,0.13333333333333333,0.1875,0.022058823529411766,0.0,0.022058823529411766,0
0.78125,0.78125,1.0,0.0,2.0,225.96598639455783,223.6938775510204,129.68027210884355,127.4081632653061,0.22775510204081634,0.058823529411764705,0.15294117647058825,0.21323529411764705,0.0,0.4142857142857143,0.2857142857142857,0.0,0.13333333333333333,0.1875,0.022058823529411766,0.0,0.022058823529411766,0
0.78125,0.78125,1.0,0.0,2.0,225.96598639455783,223.6938775510204,129.68027210884355,127.4081632653061,0.22775510204081634,0.058823529411764705,0.15294117647058825,0.21323529411764705,0.0,0.4142857142857143,0.2857142857142857,0.0,0.13333333333333333,0.1875,0.022058823529411766,0.0,0.022058823529411766,0
0.78125,0.78125,1.0,0.0,2.0,225.96598639455783,223.6938775510204,129.68027210884355,127.4081632653061,0.22775510204081634,0.058823529411764705,0.15294117647058825,0.21323529411764705,0.0,0.4142857142857143,0.2857142857142857,0.0,0.13333333333333333,0.1875,0.022058823529411766,0.0,0.022058823529411766,0
1.0,0.96875,0.08333333333333333,0.5,2.0,205.12925170068024,157.5374149659864,97.74149659863943,50.14965986394557,0.29061224489795917,0.21323529411764705,0.24705882352941178,0.5,0.38392857142857145,0.32857142857142857,0.21428571428571427,0.0,0.4666666666666667,0.3125,0.0,0.07058823529411765,0.17647058823529413,1
1.0,0.96875,0.08333333333333333,0.5,2.0,205.12925170068024,157.5374149659864,97.74149659863943,50.14965986394557,0.29061224489795917,0.21323529411764705,0.24705882352941178,0.5,0.38392857142857145,0.32857142857142857,0.21428571428571427,0.0,0.4666666666666667,0.3125,0.0,0.07058823529411765,0.17647058823529413,1
1.0,0.96875,0.08333333333333333,0.5,2.0,205.12925170068024,157.5374149659864,97.74149659863943,50.14965986394557,0.29061224489795917,0.21323529411764705,0.24705882352941178,0.5,0.38392857142857145,0.32857142857142857,0.21428571428571427,0.0,0.4666666666666667,0.3125,0.0,0.07058823529411765,0.17647058823529413,1
1.0,0.96875,0.08333333333333333,0.5,2.0,205.12925170068024,157.5374149659864,97.74149659863943,50.14965986394557,0.29061224489795917,0.21323529411764705,0.24705882352941178,0.5,0.38392857142857145,0.32857142857142857,0.21428571428571427,0.0,0.4666666666666667,0.3125,0.0,0.07058823529411765,0.17647058823529413,1
0.78125,0.78125,1.0,0.0,2.0,226.18367346938774,227.82993197278913,111.63265306122447,113.27891156462586,0.20081632653061224,0.014705882352941176,0.15294117647058825,0.19117647058823528,0.0,0.4142857142857143,0.17857142857142858,0.0,0.13333333333333333,0.0,0.0,0.0,0.022058823529411766,0
0.78125,0.78125,1.0,0.0,2.0,226.18367346938774,227.82993197278913,111.63265306122447,113.27891156462586,0.20081632653061224,0.014705882352941176,0.15294117647058825,0.19117647058823528,0.0,0.4142857142857143,0.17857142857142858,0.0,0.13333333333333333,0.0,0.0,0.0,0.022058823529411766,0
0.78125,0.78125,1.0,0.0,2.0,226.18367346938774,227.82993197278913,111.63265306122447,113.27891156462586,0.20081632653061224,0.014705882352941176,0.15294117647058825,0.19117647058823528,0.0,0.4142857142857143,0.17857142857142858,0.0,0.13333333333333333,0.0,0.0,0.0,0.022058823529411766,0
0.78125,0.78125,1.0,0.0,2.0,226.18367346938774,227.82993197278913,111.63265306122447,113.27891156462586,0.20081632653061224,0.014705882352941176,0.15294117647058825,0.19117647058823528,0.0,0.4142857142857143,0.17857142857142858,0.0,0.13333333333333333,0.0,0.0,0.0,0.022058823529411766,0
1.03125,1.03125,1.0,0.16666666666666666,1.0,229.5374149659864,125.05442176870747,165.78231292517006,61.299319727891145,0.3363265306122449,0.10294117647058823,0.5294117647058824,0.5294117647058824,0.21428571428571427,0.4714285714285714,0.5714285714285714,0.0625,0.15,0.3125,0.0,0.0,0.007352941176470588,1
1.03125,1.03125,1.0,0.16666666666666666,1.0,229.5374149659864,125.05442176870747,165.78231292517006,61.299319727891145,0.3363265306122449,0.10294117647058823,0.5294117647058824,0.5294117647058824,0.21428571428571427,0.4714285714285714,0.5714285714285714,0.0625,0.15,0.3125,0.0,0.0,0.007352941176470588,1
1.03125,1.03125,1.0,0.16666666666666666,1.0,229.5374149659864,125.05442176870747,165.78231292517006,61.299319727891145,0.3363265306122449,0.10294117647058823,0.5294117647058824,0.5294117647058824,0.21428571428571427,0.4714285714285714,0.5714285714285714,0.0625,0.15,0.3125,0.0,0.0,0.007352941176470588,1
1.03125,1.03125,1.0,0.16666666666666666,1.0,229.5374149659864,125.05442176870747,165.78231292517006,61.299319727891145,0.3363265306122449,0.10294117647058823,0.5294117647058824,0.5294117647058824,0.21428571428571427,0.4714285714285714,0.5714285714285714,0.0625,0.15,0.3125,0.0,0.0,0.007352941176470588,1
1.03125,1.03125,1.0,0.16666666666666666,1.0,229.5374149659864,125.05442176870747,165.78231292517006,61.299319727891145,0.3363265306122449,0.10294117647058823,0.5294117647058824,0.5294117647058824,0.21428571428571427,0.4714285714285714,0.5714285714285714,0.0625,0.15,0.3125,0.0,0.0,0.007352941176470588,1
0.90625,0.90625,0.5,0.0,2.0,226.6530612244898,160.70068027210883,145.20408163265307,79.2517006802721,0.22448979591836735,0.04411764705882353,0.4823529411764706,0.5,0.017857142857142856,0.5142857142857142,0.39285714285714285,0.0,0.2,0.28125,0.0,0.0,0.0,0
0.90625,0.90625,0.5,0.0,2.0,226.6530612244898,160.70068027210883,145.20408163265307,79.2517006802721,0.22448979591836735,0.04411764705882353,0.4823529411764706,0.5,0.017857142857142856,0.5142857142857142,0.39285714285714285,0.0,0.2,0.28125,0.0,0.0,0.0,0
0.90625,0.90625,0.5,0.0,2.0,226.6530612244898,160.70068027210883,145.20408163265307,79.2517006802721,0.22448979591836735,0.04411764705882353,0.4823529411764706,0.5,0.017857142857142856,0.5142857142857142,0.39285714285714285,0.0,0.2,0.28125,0.0,0.0,0.0,0
0.90625,0.875,0.3333333333333333,0.0,2.0,227.51020408163265,186.8231292517007,117.6938775510204,77.00680272108845,0.17387755102040817,0.07352941176470588,0.47058823529411764,0.47058823529411764,0.05357142857142857,0.45714285714285713,0.3392857142857143,0.0,0.16666666666666666,0.0,0.0,0.0,0.0,0
0.90625,0.875,0.3333333333333333,0.0,2.0,227.51020408163265,186.8231292517007,117.6938775510204,77.00680272108845,0.17387755102040817,0.07352941176470588,0.47058823529411764,0.47058823529411764,0.05357142857142857,0.45714285714285713,0.3392857142857143,0.0,0.16666666666666666,0.0,0.0,0.0,0.0,0
0.90625,0.875,0.3333333333333333,0.0,2.0,227.51020408163265,186.8231292517007,117.6938775510204,77.00680272108845,0.17387755102040817,0.07352941176470588,0.47058823529411764,0.47058823529411764,0.05357142857142857,0.45714285714285713,0.3392857142857143,0.0,0.16666666666666666,0.0,0.0,0.0,0.0,0
0.875,0.875,0.0,0.08333333333333333,2.0,223.99319727891157,152.87755102040816,106.62585034013605,35.51020408163265,0.25551020408163266,0.14705882352941177,0.1411764705882353,0.3161764705882353,0.0,0.3142857142857143,0.32142857142857145,0.0,0.25,0.4270833333333333,0.0,0.011764705882352941,0.09558823529411764,0
0.875,0.875,0.0,0.08333333333333333,2.0,223.99319727891157,152.87755102040816,106.62585034013605,35.51020408163265,0.25551020408163266,0.14705882352941177,0.1411764705882353,0.3161764705882353,0.0,0.3142857142857143,0.32142857142857145,0.0,0.25,0.4270833333333333,0.0,0.011764705882352941,0.09558823529411764,0
0.875,0.875,0.0,0.08333333333333333,2.0,223.99319727891157,152.87755102040816,106.62585034013605,35.51020408163265,0.25551020408163266,0.14705882352941177,0.1411764705882353,0.3161764705882353,0.0,0.3142857142857143,0.32142857142857145,0.0,0.25,0.4270833333333333,0.0,0.011764705882352941,0.09558823529411764,0
0.8125,0.8125,0.8888888888888888,0.05555555555555555,3.0,199.6530612244898,254.3469387755102,116.65306122448979,171.3469387755102,0.16653061224489796,0.058823529411764705,0.10588235294117647,0.0,0.07142857142857142,0.6,0.0,0.11458333333333333,0.23333333333333334,0.0,0.09558823529411764,0.047058823529411764,0.0,0
0.8125,0.8125,0.8888888888888888,0.05555555555555555,3.0,199.6530612244898,254.3469387755102,116.65306122448979,171.3469387755102,0.16653061224489796,0.058823529411764705,0.10588235294117647,0.0,0.07142857142857142,0.6,0.0,0.11458333333333333,0.23333333333333334,0.0,0.09558823529411764,0.047058823529411764,0.0,0
0.8125,0.8125,0.8888888888888888,0.05555555555555555,3.0,199.6530612244898,254.3469387755102,116.65306122448979,171.3469387755102,0.16653061224489796,0.058823529411764705,0.10588235294117647,0.0,0.07142857142857142,0.6,0.0,0.11458333333333333,0.23333333333333334,0.0,0.09558823529411764,0.047058823529411764,0.0,0
0.8125,0.8125,0.8888888888888888,0.05555555555555555,3.0,199.6530612244898,254.3469387755102,116.65306122448979,171.3469387755102,0.16653061224489796,0.058823529411764705,0.10588235294117647,0.0,0.07142857142857142,0.6,0.0,0.11458333333333333,0.23333333333333334,0.0,0.09558823529411764,0.047058823529411764,0.0,0
0.7631578947368421,0.7368421052631579,0.0,0.08333333333333333,2.0,179.72316384180792,240.9943502824859,42.80790960451978,104.07909604519776,0.12341197822141561,0.0,0.010526315789473684,0.0,0.20833333333333334,0.23333333333333334,0.0,0.28125,0.4166666666666667,0.015625,0.13815789473684212,0.031578947368421054,0.0,0
0.7631578947368421,0.7368421052631579,0.0,0.08333333333333333,2.0,179.72316384180792,240.9943502824859,42.80790960451978,104.07909604519776,0.12341197822141561,0.0,0.010526315789473684,0.0,0.20833333333333334,0.23333333333333334,0.0,0.28125,0.4166666666666667,0.015625,0.13815789473684212,0.031578947368421054,0.0,0
0.7631578947368421,0.7368421052631579,0.0,0.08333333333333333,2.0,179.72316384180792,240.9943502824859,42.80790960451978,104.07909604519776,0.12341197822141561,0.0,0.010526315789473684,0.0,0.20833333333333334,0.23333333333333334,0.0,0.28125,0.4166666666666667,0.015625,0.13815789473684212,0.031578947368421054,0.0,0
0.7631578947368421,0.7368421052631579,0.0,0.08333333333333333,2.0,179.72316384180792,240.9943502824859,42.80790960451978,104.07909604519776,0.12341197822141561,0.0,0.010526315789473684,0.0,0.20833333333333334,0.23333333333333334,0.0,0.28125,0.4166666666666667,0.015625,0.13815789473684212,0.031578947368421054,0.0,0
0.7631578947368421,0.7631578947368421,0.0,1.0,1.0,156.0225988700565,241.3559322033898,40.07344632768361,125.40677966101693,0.1355111917725348,0.0,0.0,0.0,0.22916666666666666,0.08333333333333333,0.0,0.3072916666666667,0.38333333333333336,0.0,0.5328947368421053,0.4631578947368421,0.1118421052631579,0
0.7631578947368421,0.7631578947368421,0.0,1.0,1.0,156.0225988700565,241.3559322033898,40.07344632768361,125.40677966101693,0.1355111917725348,0.0,0.0,0.0,0.22916666666666666,0.08333333333333333,0.0,0.3072916666666667,0.38333333333333336,0.0,0.5328947368421053,0.4631578947368421,0.1118421052631579,0
0.7631578947368421,0.7631578947368421,0.0,1.0,1.0,156.0225988700565,241.3559322033898,40.07344632768361,125.40677966101693,0.1355111917725348,0.0,0.0,0.0,0.22916666666666666,0.08333333333333333,0.0,0.3072916666666667,0.38333333333333336,0.0,0.5328947368421053,0.4631578947368421,0.1118421052631579,0
0.7105263157894737,0.7105263157894737,0.0,0.6666666666666666,2.0,195.66666666666666,241.70621468926552,86.2598870056497,132.29943502824858,0.13309134906231096,0.0,0.0,0.0,0.19270833333333334,0.13333333333333333,0.0,0.3177083333333333,0.49166666666666664,0.08333333333333333,0.40789473684210525,0.4631578947368421,0.10526315789473684,0
0.7105263157894737,0.7105263157894737,0.0,0.6666666666666666,2.0,195.66666666666666,241.70621468926552,86.2598870056497,132.29943502824858,0.13309134906231096,0.0,0.0,0.0,0.19270833333333334,0.13333333333333333,0.0,0.3177083333333333,0.49166666666666664,0.08333333333333333,0.40789473684210525,0.4631578947368421,0.10526315789473684,0
0.7105263157894737,0.7105263157894737,0.0,0.6666666666666666,2.0,195.66666666666666,241.70621468926552,86.2598870056497,132.29943502824858,0.13309134906231096,0.0,0.0,0.0,0.19270833333333334,0.13333333333333333,0.0,0.3177083333333333,0.49166666666666664,0.08333333333333333,0.40789473684210525,0.4631578947368421,0.10526315789473684,0
1.032258064516129,1.0,0.08333333333333333,0.16666666666666666,4.0,219.58092403628117,130.01388888888889,145.53925736961452,55.972222222222214,0.333648393194707,0.0,0.0,0.0,0.0,0.5166666666666667,0.5729166666666666,0.022727272727272728,0.5272727272727272,0.5113636363636364,0.058333333333333334,0.13333333333333333,0.13333333333333333,0
1.032258064516129,1.0,0.125,0.16666666666666666,4.0,218.5625,142.38194444444443,146.85416666666669,70.6736111111111,0.3506616257088847,0.0,0.0,0.0,0.0,0.6833333333333333,0.5729166666666666,0.03409090909090909,0.6727272727272727,0.48863636363636365,0.075,0.13333333333333333,0.13333333333333333,0
1.032258064516129,1.0,0.125,0.16666666666666666,4.0,218.5625,142.38194444444443,146.85416666666669,70.6736111111111,0.3506616257088847,0.0,0.0,0.0,0.0,0.6833333333333333,0.5729166666666666,0.03409090909090909,0.6727272727272727,0.48863636363636365,0.075,0.13333333333333333,0.13333333333333333,0
1.032258064516129,1.0,0.16666666666666666,0.16666666666666666,4.0,200.94444444444443,149.26388888888889,129.38194444444443,77.70138888888889,0.3620037807183365,0.0,0.0,0.0,0.010416666666666666,0.7,0.6145833333333334,0.045454545454545456,0.7090909090909091,0.5,0.09166666666666666,0.13333333333333333,0.13333333333333333,0
1.032258064516129,1.0,0.16666666666666666,0.16666666666666666,4.0,200.94444444444443,149.26388888888889,129.38194444444443,77.70138888888889,0.3620037807183365,0.0,0.0,0.0,0.010416666666666666,0.7,0.6145833333333334,0.045454545454545456,0.7090909090909091,0.5,0.09166666666666666,0.13333333333333333,0.13333333333333333,0
1.032258064516129,1.0,0.16666666666666666,0.16666666666666666,4.0,200.94444444444443,149.26388888888889,129.38194444444443,77.70138888888889,0.3620037807183365,0.0,0.0,0.0,0.010416666666666666,0.7,0.6145833333333334,0.045454545454545456,0.7090909090909091,0.5,0.09166666666666666,0.13333333333333333,0.13333333333333333,0
1.032258064516129,1.0,0.125,0.16666666666666666,4.0,152.5277777777778,163.48611111111111,64.48611111111113,75.44444444444444,0.3742911153119093,0.0,0.0,0.0,0.11458333333333333,0.7,0.53125,0.14772727272727273,0.6727272727272727,0.4318181818181818,0.10833333333333334,0.13333333333333333,0.13333333333333333,0
1.032258064516129,1.0,0.125,0.16666666666666666,4.0,152.5277777777778,163.48611111111111,64.48611111111113,75.44444444444444,0.3742911153119093,0.0,0.0,0.0,0.11458333333333333,0.7,0.53125,0.14772727272727273,0.6727272727272727,0.4318181818181818,0.10833333333333334,0.13333333333333333,0.13333333333333333,0
0.8064516129032258,0.7096774193548387,0.0,0.09523809523809523,7.0,148.6527777777778,222.5902777777778,15.298611111111143,89.23611111111114,0.2826086956521739,0.0,0.0,0.0,0.22916666666666666,0.4666666666666667,0.0,0.5113636363636364,0.34545454545454546,0.022727272727272728,0.24166666666666667,0.09333333333333334,0.10833333333333334,0
0.8064516129032258,0.7096774193548387,0.0,0.09523809523809523,7.0,148.6527777777778,222.5902777777778,15.298611111111143,89.23611111111114,0.2826086956521739,0.0,0.0,0.0,0.22916666666666666,0.4666666666666667,0.0,0.5113636363636364,0.34545454545454546,0.022727272727272728,0.24166666666666667,0.09333333333333334,0.10833333333333334,0
0.8064516129032258,0.7096774193548387,0.0,0.09523809523809523,7.0,148.6527777777778,222.5902777777778,15.298611111111143,89.23611111111114,0.2826086956521739,0.0,0.0,0.0,0.22916666666666666,0.4666666666666667,0.0,0.5113636363636364,0.34545454545454546,0.022727272727272728,0.24166666666666667,0.09333333333333334,0.10833333333333334,0
0.8064516129032258,0.7096774193548387,0.0,0.09523809523809523,7.0,148.6527777777778,222.5902777777778,15.298611111111143,89.23611111111114,0.2826086956521739,0.0,0.0,0.0,0.22916666666666666,0.4666666666666667,0.0,0.5113636363636364,0.34545454545454546,0.022727272727272728,0.24166666666666667,0.09333333333333334,0.10833333333333334,0
1.032258064516129,0.8709677419354839,1.0,1.0,2.0,144.3263888888889,200.91666666666666,95.11805555555557,151.70833333333331,0.3440453686200378,0.0,0.41333333333333333,0.425,0.4270833333333333,0.45,0.010416666666666666,0.25,0.45454545454545453,0.045454545454545456,0.5833333333333334,0.6533333333333333,0.10833333333333334,0
1.032258064516129,0.8709677419354839,1.0,1.0,2.0,144.3263888888889,200.91666666666666,95.11805555555557,151.70833333333331,0.3440453686200378,0.0,0.41333333333333333,0.425,0.4270833333333333,0.45,0.010416666666666666,0.25,0.45454545454545453,0.045454545454545456,0.5833333333333334,0.6533333333333333,0.10833333333333334,0
1.032258064516129,0.8709677419354839,1.0,1.0,2.0,144.3263888888889,200.91666666666666,95.11805555555557,151.70833333333331,0.3440453686200378,0.0,0.41333333333333333,0.425,0.4270833333333333,0.45,0.010416666666666666,0.25,0.45454545454545453,0.045454545454545456,0.5833333333333334,0.6533333333333333,0.10833333333333334,0
1.032258064516129,0.8709677419354839,1.0,1.0,2.0,144.3263888888889,200.91666666666666,95.11805555555557,151.70833333333331,0.3440453686200378,0.0,0.41333333333333333,0.425,0.4270833333333333,0.45,0.010416666666666666,0.25,0.45454545454545453,0.045454545454545456,0.5833333333333334,0.6533333333333333,0.10833333333333334,0
0.9032258064516129,0.8064516129032258,0.3333333333333333,0.0,2.5,149.8472222222222,214.88194444444446,22.18055555555553,87.21527777777779,0.2570888468809074,0.058333333333333334,0.0,0.0,0.14583333333333334,0.26666666666666666,0.0,0.375,0.36363636363636365,0.06818181818181818,0.14166666666666666,0.17333333333333334,0.19166666666666668,0
0.9032258064516129,0.8064516129032258,0.3333333333333333,0.0,2.5,149.8472222222222,214.88194444444446,22.18055555555553,87.21527777777779,0.2570888468809074,0.058333333333333334,0.0,0.0,0.14583333333333334,0.26666666666666666,0.0,0.375,0.36363636363636365,0.06818181818181818,0.14166666666666666,0.17333333333333334,0.19166666666666668,0
0.9032258064516129,0.8064516129032258,0.3333333333333333,0.0,2.5,149.8472222222222,214.88194444444446,22.18055555555553,87.21527777777779,0.2570888468809074,0.058333333333333334,0.0,0.0,0.14583333333333334,0.26666666666666666,0.0,0.375,0.36363636363636365,0.06818181818181818,0.14166666666666666,0.17333333333333334,0.19166666666666668,0
0.9032258064516129,0.8064516129032258,0.3333333333333333,0.0,2.5,149.8472222222222,214.88194444444446,22.18055555555553,87.21527777777779,0.2570888468809074,0.058333333333333334,0.0,0.0,0.14583333333333334,0.26666666666666666,0.0,0.375,0.36363636363636365,0.06818181818181818,0.14166666666666666,0.17333333333333334,0.19166666666666668,0
0.7741935483870968,0.7741935483870968,0.0,0.9166666666666666,2.0,228.51388888888889,229.5138888888889,138.88888888888889,139.8888888888889,0.22684310018903592,0.0,0.0,0.0,0.03125,0.21666666666666667,0.17708333333333334,0.0,0.4909090909090909,0.25,0.1,0.26666666666666666,0.23333333333333334,0
0.7741935483870968,0.7741935483870968,0.0,0.9166666666666666,2.0,228.51388888888889,229.5138888888889,138.88888888888889,139.8888888888889,0.22684310018903592,0.0,0.0,0.0,0.03125,0.21666666666666667,0.17708333333333334,0.0,0.4909090909090909,0.25,0.1,0.26666666666666666,0.23333333333333334,0
0.7741935483870968,0.7741935483870968,0.0,0.9166666666666666,2.0,228.51388888888889,229.5138888888889,138.88888888888889,139.8888888888889,0.22684310018903592,0.0,0.0,0.0,0.03125,0.21666666666666667,0.17708333333333334,0.0,0.4909090909090909,0.25,0.1,0.26666666666666666,0.23333333333333334,0
0.7741935483870968,0.7741935483870968,0.0,0.9166666666666666,2.0,228.51388888888889,229.5138888888889,138.88888888888889,139.8888888888889,0.22684310018903592,0.0,0.0,0.0,0.03125,0.21666666666666667,0.17708333333333334,0.0,0.4909090909090909,0.25,0.1,0.26666666666666666,0.23333333333333334,0
0.8709677419354839,0.8387096774193549,0.0,1.0,2.0,229.1875,160.51388888888889,115.39583333333333,46.722222222222214,0.30434782608695654,0.0,0.0,0.0,0.13541666666666666,0.38333333333333336,0.3229166666666667,0.3068181818181818,0.4,0.0,0.20833333333333334,0.37333333333333335,0.39166666666666666,0
0.8709677419354839,0.8387096774193549,0.0,1.0,2.0,229.1875,160.51388888888889,115.39583333333333,46.722222222222214,0.30434782608695654,0.0,0.0,0.0,0.13541666666666666,0.38333333333333336,0.3229166666666667,0.3068181818181818,0.4,0.0,0.20833333333333334,0.37333333333333335,0.39166666666666666,0
0.8709677419354839,0.8387096774193549,0.0,1.0,2.0,229.1875,160.51388888888889,115.39583333333333,46.722222222222214,0.30434782608695654,0.0,0.0,0.0,0.13541666666666666,0.38333333333333336,0.3229166666666667,0.3068181818181818,0.4,0.0,0.20833333333333334,0.37333333333333335,0.39166666666666666,0
0.8709677419354839,0.8387096774193549,0.0,1.0,2.0,229.1875,160.51388888888889,115.39583333333333,46.722222222222214,0.30434782608695654,0.0,0.0,0.0,0.13541666666666666,0.38333333333333336,0.3229166666666667,0.3068181818181818,0.4,0.0,0.20833333333333334,0.37333333333333335,0.39166666666666666,0
1.0,0.967741935483871,0.0,1.0,1.0,213.5972222222222,156.89583333333334,146.76388888888886,90.06250000000001,0.2533081285444234,0.0,0.17333333333333334,0.2,0.11458333333333333,0.3333333333333333,0.28125,0.0,0.21818181818181817,0.0,0.35833333333333334,0.3466666666666667,0.36666666666666664,0
1.0,0.967741935483871,0.0,1.0,1.0,213.5972222222222,156.89583333333334,146.76388888888886,90.06250000000001,0.2533081285444234,0.0,0.17333333333333334,0.2,0.11458333333333333,0.3333333333333333,0.28125,0.0,0.21818181818181817,0.0,0.35833333333333334,0.3466666666666667,0.36666666666666664,0
1.0,0.967741935483871,0.0,1.0,1.0,213.5972222222222,156.89583333333334,146.76388888888886,90.06250000000001,0.2533081285444234,0.0,0.17333333333333334,0.2,0.11458333333333333,0.3333333333333333,0.28125,0.0,0.21818181818181817,0.0,0.35833333333333334,0.3466666666666667,0.36666666666666664,0
1.0,0.967741935483871,0.0,1.0,1.0,213.5972222222222,156.89583333333334,146.76388888888886,90.06250000000001,0.2533081285444234,0.0,0.17333333333333334,0.2,0.11458333333333333,0.3333333333333333,0.28125,0.0,0.21818181818181817,0.0,0.35833333333333334,0.3466666666666667,0.36666666666666664,0
0.8064516129032258,0.7741935483870968,0.25,0.75,2.0,209.3472222222222,179.88194444444446,101.82638888888887,72.36111111111113,0.2277882797731569,0.041666666666666664,0.10666666666666667,0.016666666666666666,0.13541666666666666,0.3333333333333333,0.3958333333333333,0.0,0.2909090909090909,0.0,0.36666666666666664,0.3466666666666667,0.1,0
0.8064516129032258,0.7741935483870968,0.25,0.75,2.0,209.3472222222222,179.88194444444446,101.82638888888887,72.36111111111113,0.2277882797731569,0.041666666666666664,0.10666666666666667,0.016666666666666666,0.13541666666666666,0.3333333333333333,0.3958333333333333,0.0,0.2909090909090909,0.0,0.36666666666666664,0.3466666666666667,0.1,0
0.8064516129032258,0.7741935483870968,0.25,0.75,2.0,209.3472222222222,179.88194444444446,101.82638888888887,72.36111111111113,0.2277882797731569,0.041666666666666664,0.10666666666666667,0.016666666666666666,0.13541666666666666,0.3333333333333333,0.3958333333333333,0.0,0.2909090909090909,0.0,0.36666666666666664,0.3466666666666667,0.1,0
0.7741935483870968,0.7741935483870968,0.0,1.0,2.0,229.5625,231.9722222222222,138.95833333333331,141.36805555555554,0.14933837429111532,0.0,0.0,0.2,0.0,0.21666666666666667,0.21875,0.0,0.4727272727272727,0.0,0.06666666666666667,0.17333333333333334,0.0,1
0.7741935483870968,0.7741935483870968,0.0,1.0,2.0,229.5625,231.9722222222222,138.95833333333331,141.36805555555554,0.14933837429111532,0.0,0.0,0.2,0.0,0.21666666666666667,0.21875,0.0,0.4727272727272727,0.0,0.06666666666666667,0.17333333333333334,0.0,1
0.7741935483870968,0.7741935483870968,0.0,1.0,2.0,229.5625,231.9722222222222,138.95833333333331,141.36805555555554,0.14933837429111532,0.0,0.0,0.2,0.0,0.21666666666666667,0.21875,0.0,0.4727272727272727,0.0,0.06666666666666667,0.17333333333333334,0.0,1
0.7741935483870968,0.7741935483870968,0.0,1.0,2.0,229.5625,231.9722222222222,138.95833333333331,141.36805555555554,0.14933837429111532,0.0,0.0,0.2,0.0,0.21666666666666667,0.21875,0.0,0.4727272727272727,0.0,0.06666666666666667,0.17333333333333334,0.0,1
0.8387096774193549,0.7741935483870968,0.0,0.5,2.0,212.83333333333334,188.49305555555554,115.27083333333334,90.93055555555554,0.21833648393194707,0.25833333333333336,0.0,0.0,0.2708333333333333,0.16666666666666666,0.2916666666666667,0.0,0.3090909090909091,0.3068181818181818,0.0,0.25333333333333335,0.20833333333333334,0
0.8387096774193549,0.7741935483870968,0.0,0.5,2.0,212.83333333333334,188.49305555555554,115.27083333333334,90.93055555555554,0.21833648393194707,0.25833333333333336,0.0,0.0,0.2708333333333333,0.16666666666666666,0.2916666666666667,0.0,0.3090909090909091,0.3068181818181818,0.0,0.25333333333333335,0.20833333333333334,0
0.8387096774193549,0.7741935483870968,0.0,0.5,2.0,212.83333333333334,188.49305555555554,115.27083333333334,90.93055555555554,0.21833648393194707,0.25833333333333336,0.0,0.0,0.2708333333333333,0.16666666666666666,0.2916666666666667,0.0,0.3090909090909091,0.3068181818181818,0.0,0.25333333333333335,0.20833333333333334,0
0.8387096774193549,0.7741935483870968,0.0,0.5,2.0,212.83333333333334,188.49305555555554,115.27083333333334,90.93055555555554,0.21833648393194707,0.25833333333333336,0.0,0.0,0.2708333333333333,0.16666666666666666,0.2916666666666667,0.0,0.3090909090909091,0.3068181818181818,0.0,0.25333333333333335,0.20833333333333334,0
0.8387096774193549,0.7741935483870968,0.0,0.5,2.0,212.83333333333334,188.49305555555554,115.27083333333334,90.93055555555554,0.21833648393194707,0.25833333333333336,0.0,0.0,0.2708333333333333,0.16666666666666666,0.2916666666666667,0.0,0.3090909090909091,0.3068181818181818,0.0,0.25333333333333335,0.20833333333333334,0
1.0,0.9032258064516129,0.0,0.0,1.0,229.46527777777774,177.82638888888889,85.65277777777774,34.013888888888886,0.14839319470699433,0.0,0.0,0.058333333333333334,0.0,0.3,0.2916666666666667,0.0,0.23636363636363636,0.0,0.0,0.0,0.008333333333333333,0
1.0,0.9032258064516129,0.0,0.0,1.0,229.46527777777774,177.82638888888889,85.65277777777774,34.013888888888886,0.14839319470699433,0.0,0.0,0.058333333333333334,0.0,0.3,0.2916666666666667,0.0,0.23636363636363636,0.0,0.0,0.0,0.008333333333333333,0
1.0,0.9032258064516129,0.0,0.0,1.0,229.46527777777774,177.82638888888889,85.65277777777774,34.013888888888886,0.14839319470699433,0.0,0.0,0.058333333333333334,0.0,0.3,0.2916666666666667,0.0,0.23636363636363636,0.0,0.0,0.0,0.008333333333333333,0
0.7741935483870968,0.7741935483870968,0.0,1.0,2.0,228.44444444444446,234.81944444444446,97.5902777777778,103.9652777777778,0.1446124763705104,0.0,0.0,0.0,0.0,0.2,0.10416666666666667,0.0,0.4,0.13636363636363635,0.008333333333333333,0.18666666666666668,0.2,0
0.7741935483870968,0.7741935483870968,0.0,1.0,2.0,228.44444444444446,234.81944444444446,97.5902777777778,103.9652777777778,0.1446124763705104,0.0,0.0,0.0,0.0,0.2,0.10416666666666667,0.0,0.4,0.13636363636363635,0.008333333333333333,0.18666666666666668,0.2,0
0.7741935483870968,0.7741935483870968,0.0,1.0,2.0,228.44444444444446,234.81944444444446,97.5902777777778,103.9652777777778,0.1446124763705104,0.0,0.0,0.0,0.0,0.2,0.10416666666666667,0.0,0.4,0.13636363636363635,0.008333333333333333,0.18666666666666668,0.2,0
1.032258064516129,1.032258064516129,0.2916666666666667,0.5833333333333334,4.0,123.11111111111113,233.5277777777778,81.48611111111113,191.9027777777778,0.2485822306238185,0.0,0.25333333333333335,0.0,0.28125,0.4,0.0,0.36363636363636365,0.43636363636363634,0.0,0.525,0.6,0.041666666666666664,0
1.032258064516129,1.032258064516129,0.2916666666666667,0.5833333333333334,4.0,123.11111111111113,233.5277777777778,81.48611111111113,191.9027777777778,0.2485822306238185,0.0,0.25333333333333335,0.0,0.28125,0.4,0.0,0.36363636363636365,0.43636363636363634,0.0,0.525,0.6,0.041666666666666664,0
1.032258064516129,1.032258064516129,0.2916666666666667,0.5833333333333334,4.0,123.11111111111113,233.5277777777778,81.48611111111113,191.9027777777778,0.2485822306238185,0.0,0.25333333333333335,0.0,0.28125,0.4,0.0,0.36363636363636365,0.43636363636363634,0.0,0.525,0.6,0.041666666666666664,0
1.032258064516129,1.032258064516129,0.2916666666666667,0.5833333333333334,4.0,123.11111111111113,233.5277777777778,81.48611111111113,191.9027777777778,0.2485822306238185,0.0,0.25333333333333335,0.0,0.28125,0.4,0.0,0.36363636363636365,0.43636363636363634,0.0,0.525,0.6,0.041666666666666664,0
0.8387096774193549,0.8064516129032258,0.0,0.5833333333333334,2.0,231.29166666666666,166.6875,104.04166666666666,39.4375,0.20982986767485823,0.0,0.0,0.0,0.0,0.36666666666666664,0.3333333333333333,0.0,0.4727272727272727,0.18181818181818182,0.075,0.14666666666666667,0.18333333333333332,0
0.8387096774193549,0.8064516129032258,0.0,0.5833333333333334,2.0,231.29166666666666,166.6875,104.04166666666666,39.4375,0.20982986767485823,0.0,0.0,0.0,0.0,0.36666666666666664,0.3333333333333333,0.0,0.4727272727272727,0.18181818181818182,0.075,0.14666666666666667,0.18333333333333332,0
0.8387096774193549,0.8064516129032258,0.0,0.5833333333333334,2.0,231.29166666666666,166.6875,104.04166666666666,39.4375,0.20982986767485823,0.0,0.0,0.0,0.0,0.36666666666666664,0.3333333333333333,0.0,0.4727272727272727,0.18181818181818182,0.075,0.14666666666666667,0.18333333333333332,0
0.8387096774193549,0.8064516129032258,0.0,0.5833333333333334,2.0,231.29166666666666,166.6875,104.04166666666666,39.4375,0.20982986767485823,0.0,0.0,0.0,0.0,0.36666666666666664,0.3333333333333333,0.0,0.4727272727272727,0.18181818181818182,0.075,0.14666666666666667,0.18333333333333332,0
1.032258064516129,0.967741935483871,0.0,0.0,1.0,232.63888888888889,185.26388888888889,131.84722222222223,84.47222222222221,0.1833648393194707,0.10833333333333334,0.09333333333333334,0.11666666666666667,0.08333333333333333,0.38333333333333336,0.4270833333333333,0.0,0.16363636363636364,0.0,0.06666666666666667,0.06666666666666667,0.06666666666666667,0
1.032258064516129,0.967741935483871,0.0,0.0,1.0,232.63888888888889,185.26388888888889,131.84722222222223,84.47222222222221,0.1833648393194707,0.10833333333333334,0.09333333333333334,0.11666666666666667,0.08333333333333333,0.38333333333333336,0.4270833333333333,0.0,0.16363636363636364,0.0,0.06666666666666667,0.06666666666666667,0.06666666666666667,0
1.032258064516129,0.967741935483871,0.0,0.0,1.0,232.63888888888889,185.26388888888889,131.84722222222223,84.47222222222221,0.1833648393194707,0.10833333333333334,0.09333333333333334,0.11666666666666667,0.08333333333333333,0.38333333333333336,0.4270833333333333,0.0,0.16363636363636364,0.0,0.06666666666666667,0.06666666666666667,0.06666666666666667,0
1.032258064516129,0.967741935483871,0.0,0.0,1.0,232.63888888888889,185.26388888888889,131.84722222222223,84.47222222222221,0.1833648393194707,0.10833333333333334,0.09333333333333334,0.11666666666666667,0.08333333333333333,0.38333333333333336,0.4270833333333333,0.0,0.16363636363636364,0.0,0.06666666666666667,0.06666666666666667,0.06666666666666667,0
0.7419354838709677,0.7419354838709677,0.0,1.0,2.0,230.04166666666666,231.8125,117.85416666666666,119.625,0.17013232514177692,0.0,0.0,0.0,0.08333333333333333,0.25,0.16666666666666666,0.0,0.4,0.03409090909090909,0.06666666666666667,0.2,0.25833333333333336,0
0.7419354838709677,0.7419354838709677,0.0,1.0,2.0,230.04166666666666,231.8125,117.85416666666666,119.625,0.17013232514177692,0.0,0.0,0.0,0.08333333333333333,0.25,0.16666666666666666,0.0,0.4,0.03409090909090909,0.06666666666666667,0.2,0.25833333333333336,0
0.7419354838709677,0.7419354838709677,0.0,1.0,2.0,230.04166666666666,231.8125,117.85416666666666,119.625,0.17013232514177692,0.0,0.0,0.0,0.08333333333333333,0.25,0.16666666666666666,0.0,0.4,0.03409090909090909,0.06666666666666667,0.2,0.25833333333333336,0
0.7419354838709677,0.7419354838709677,0.0,1.0,2.0,230.04166666666666,231.8125,117.85416666666666,119.625,0.17013232514177692,0.0,0.0,0.0,0.08333333333333333,0.25,0.16666666666666666,0.0,0.4,0.03409090909090909,0.06666666666666667,0.2,0.25833333333333336,0
0.8709677419354839,0.8387096774193549,0.16666666666666666,0.16666666666666666,1.0,165.71527777777774,231.41666666666666,55.819444444444414,121.52083333333333,0.19848771266540643,0.0,0.0,0.0,0.19791666666666666,0.26666666666666666,0.08333333333333333,0.3522727272727273,0.2545454545454545,0.011363636363636364,0.06666666666666667,0.06666666666666667,0.13333333333333333,0
0.8709677419354839,0.8387096774193549,0.16666666666666666,0.16666666666666666,1.0,165.71527777777774,231.41666666666666,55.819444444444414,121.52083333333333,0.19848771266540643,0.0,0.0,0.0,0.19791666666666666,0.26666666666666666,0.08333333333333333,0.3522727272727273,0.2545454545454545,0.011363636363636364,0.06666666666666667,0.06666666666666667,0.13333333333333333,0
0.8709677419354839,0.8387096774193549,0.16666666666666666,0.16666666666666666,1.0,165.71527777777774,231.41666666666666,55.819444444444414,121.52083333333333,0.19848771266540643,0.0,0.0,0.0,0.19791666666666666,0.26666666666666666,0.08333333333333333,0.3522727272727273,0.2545454545454545,0.011363636363636364,0.06666666666666667,0.06666666666666667,0.13333333333333333,0
0.8709677419354839,0.8387096774193549,0.16666666666666666,0.16666666666666666,1.0,165.71527777777774,231.41666666666666,55.819444444444414,121.52083333333333,0.19848771266540643,0.0,0.0,0.0,0.19791666666666666,0.26666666666666666,0.08333333333333333,0.3522727272727273,0.2545454545454545,0.011363636363636364,0.06666666666666667,0.06666666666666667,0.13333333333333333,0
1.032258064516129,1.032258064516129,0.4166666666666667,0.5833333333333334,4.0,125.50694444444444,222.20833333333334,73.36111111111111,170.0625,0.27977315689981097,0.18333333333333332,0.2,0.0,0.4479166666666667,0.4666666666666667,0.09375,0.3977272727272727,0.4727272727272727,0.22727272727272727,0.48333333333333334,0.5333333333333333,0.19166666666666668,0
1.032258064516129,1.032258064516129,0.4166666666666667,0.5833333333333334,4.0,125.50694444444444,222.20833333333334,73.36111111111111,170.0625,0.27977315689981097,0.18333333333333332,0.2,0.0,0.4479166666666667,0.4666666666666667,0.09375,0.3977272727272727,0.4727272727272727,0.22727272727272727,0.48333333333333334,0.5333333333333333,0.19166666666666668,0
1.032258064516129,1.032258064516129,0.4166666666666667,0.5833333333333334,4.0,125.50694444444444,222.20833333333334,73.36111111111111,170.0625,0.27977315689981097,0.18333333333333332,0.2,0.0,0.4479166666666667,0.4666666666666667,0.09375,0.3977272727272727,0.4727272727272727,0.22727272727272727,0.48333333333333334,0.5333333333333333,0.19166666666666668,0
1.0,1.03125,0.4166666666666667,0.5833333333333334,4.0,125.50694444444444,222.20833333333334,73.36111111111111,170.0625,0.27474560592044406,0.16666666666666666,0.2,0.0,0.41346153846153844,0.4461538461538462,0.08653846153846154,0.3977272727272727,0.4727272727272727,0.22727272727272727,0.48333333333333334,0.5333333333333333,0.19166666666666668,0
1.0,0.9354838709677419,0.0,0.0,1.5,232.04861111111111,183.93055555555554,104.27777777777779,56.159722222222214,0.17296786389413987,0.0,0.0,0.0,0.0,0.3,0.2604166666666667,0.09090909090909091,0.2909090909090909,0.0,0.06666666666666667,0.12,0.13333333333333333,0
1.0,0.9354838709677419,0.0,0.0,1.5,232.04861111111111,183.93055555555554,104.27777777777779,56.159722222222214,0.17296786389413987,0.0,0.0,0.0,0.0,0.3,0.2604166666666667,0.09090909090909091,0.2909090909090909,0.0,0.06666666666666667,0.12,0.13333333333333333,0
1.032258064516129,0.967741935483871,0.0,0.0,2.0,207.7777777777778,185.81944444444443,98.50694444444447,76.5486111111111,0.24291115311909262,0.08333333333333333,0.0,0.0,0.07291666666666667,0.3333333333333333,0.2604166666666667,0.36363636363636365,0.41818181818181815,0.09090909090909091,0.08333333333333333,0.10666666666666667,0.09166666666666666,0
1.032258064516129,0.967741935483871,0.0,0.0,2.0,207.7777777777778,185.81944444444443,98.50694444444447,76.5486111111111,0.24291115311909262,0.08333333333333333,0.0,0.0,0.07291666666666667,0.3333333333333333,0.2604166666666667,0.36363636363636365,0.41818181818181815,0.09090909090909091,0.08333333333333333,0.10666666666666667,0.09166666666666666,0
1.032258064516129,0.967741935483871,0.0,0.0,2.0,207.7777777777778,185.81944444444443,98.50694444444447,76.5486111111111,0.24291115311909262,0.08333333333333333,0.0,0.0,0.07291666666666667,0.3333333333333333,0.2604166666666667,0.36363636363636365,0.41818181818181815,0.09090909090909091,0.08333333333333333,0.10666666666666667,0.09166666666666666,0
0.7741935483870968,0.7096774193548387,0.0,0.0,6.0,226.7222222222222,151.79166666666666,81.13888888888886,6.208333333333314,0.29773156899810965,0.26666666666666666,0.06666666666666667,0.275,0.1590909090909091,0.38181818181818183,0.5227272727272727,0.0,0.31666666666666665,0.1875,0.0,0.0,0.0,0
0.7741935483870968,0.7096774193548387,0.0,0.0,6.0,226.7222222222222,151.79166666666666,81.13888888888886,6.208333333333314,0.29773156899810965,0.26666666666666666,0.06666666666666667,0.275,0.1590909090909091,0.38181818181818183,0.5227272727272727,0.0,0.31666666666666665,0.1875,0.0,0.0,0.0,0
0.7741935483870968,0.7096774193548387,0.0,0.0,6.0,226.7222222222222,151.79166666666666,81.13888888888886,6.208333333333314,0.29773156899810965,0.26666666666666666,0.06666666666666667,0.275,0.1590909090909091,0.38181818181818183,0.5227272727272727,0.0,0.31666666666666665,0.1875,0.0,0.0,0.0,0
0.7741935483870968,0.7096774193548387,0.0,0.0,6.0,226.7222222222222,151.79166666666666,81.13888888888886,6.208333333333314,0.29773156899810965,0.26666666666666666,0.06666666666666667,0.275,0.1590909090909091,0.38181818181818183,0.5227272727272727,0.0,0.31666666666666665,0.1875,0.0,0.0,0.0,0
0.7741935483870968,0.7096774193548387,0.07142857142857142,0.0,7.0,156.4097222222222,164.46527777777774,25.513888888888857,33.5694444444444,0.2892249527410208,0.041666666666666664,0.10666666666666667,0.475,0.19318181818181818,0.43636363636363634,0.5340909090909091,0.16666666666666666,0.35,0.0,0.0,0.0,0.0,0
0.7741935483870968,0.7096774193548387,0.07142857142857142,0.0,7.0,156.4097222222222,164.46527777777774,25.513888888888857,33.5694444444444,0.2892249527410208,0.041666666666666664,0.10666666666666667,0.475,0.19318181818181818,0.43636363636363634,0.5340909090909091,0.16666666666666666,0.35,0.0,0.0,0.0,0.0,0
0.7741935483870968,0.7096774193548387,0.07142857142857142,0.0,7.0,156.4097222222222,164.46527777777774,25.513888888888857,33.5694444444444,0.2892249527410208,0.041666666666666664,0.10666666666666667,0.475,0.19318181818181818,0.43636363636363634,0.5340909090909091,0.16666666666666666,0.35,0.0,0.0,0.0,0.0,0
0.7741935483870968,0.7096774193548387,0.07142857142857142,0.0,7.0,156.4097222222222,164.46527777777774,25.513888888888857,33.5694444444444,0.2892249527410208,0.041666666666666664,0.10666666666666667,0.475,0.19318181818181818,0.43636363636363634,0.5340909090909091,0.16666666666666666,0.35,0.0,0.0,0.0,0.0,0
0.7741935483870968,0.7096774193548387,0.07142857142857142,0.0,7.0,156.4097222222222,164.46527777777774,25.513888888888857,33.5694444444444,0.2892249527410208,0.041666666666666664,0.10666666666666667,0.475,0.19318181818181818,0.43636363636363634,0.5340909090909091,0.16666666666666666,0.35,0.0,0.0,0.0,0.0,0
0.9032258064516129,0.8387096774193549,0.0,0.2,5.0,230.13194444444443,144.34722222222223,149.27777777777777,63.49305555555556,0.22873345935727787,0.041666666666666664,0.29333333333333333,0.35833333333333334,0.0,0.2727272727272727,0.3181818181818182,0.0,0.35,0.3541666666666667,0.0,0.08,0.0,0
0.9032258064516129,0.8387096774193549,0.0,0.2,5.0,230.13194444444443,144.34722222222223,149.27777777777777,63.49305555555556,0.22873345935727787,0.041666666666666664,0.29333333333333333,0.35833333333333334,0.0,0.2727272727272727,0.3181818181818182,0.0,0.35,0.3541666666666667,0.0,0.08,0.0,0
0.9032258064516129,0.8387096774193549,0.0,0.2,5.0,230.13194444444443,144.34722222222223,149.27777777777777,63.49305555555556,0.22873345935727787,0.041666666666666664,0.29333333333333333,0.35833333333333334,0.0,0.2727272727272727,0.3181818181818182,0.0,0.35,0.3541666666666667,0.0,0.08,0.0,0
0.9032258064516129,0.8387096774193549,0.0,0.2,5.0,230.13194444444443,144.34722222222223,149.27777777777777,63.49305555555556,0.22873345935727787,0.041666666666666664,0.29333333333333333,0.35833333333333334,0.0,0.2727272727272727,0.3181818181818182,0.0,0.35,0.3541666666666667,0.0,0.08,0.0,0
0.9032258064516129,0.8387096774193549,0.0,0.2,5.0,230.13194444444443,144.34722222222223,149.27777777777777,63.49305555555556,0.22873345935727787,0.041666666666666664,0.29333333333333333,0.35833333333333334,0.0,0.2727272727272727,0.3181818181818182,0.0,0.35,0.3541666666666667,0.0,0.08,0.0,0
1.032258064516129,1.032258064516129,1.0,1.0,1.0,155.64583333333334,220.47916666666666,113.5625,178.39583333333331,0.2381852551984877,0.49166666666666664,0.64,0.0,0.0,0.21818181818181817,0.0,0.3020833333333333,0.45,0.010416666666666666,0.4583333333333333,0.3333333333333333,0.025,0
1.032258064516129,1.032258064516129,1.0,1.0,1.0,155.64583333333334,220.47916666666666,113.5625,178.39583333333331,0.2381852551984877,0.49166666666666664,0.64,0.0,0.0,0.21818181818181817,0.0,0.3020833333333333,0.45,0.010416666666666666,0.4583333333333333,0.3333333333333333,0.025,0
1.032258064516129,1.032258064516129,1.0,1.0,1.0,155.64583333333334,220.47916666666666,113.5625,178.39583333333331,0.2381852551984877,0.49166666666666664,0.64,0.0,0.0,0.21818181818181817,0.0,0.3020833333333333,0.45,0.010416666666666666,0.4583333333333333,0.3333333333333333,0.025,0
1.032258064516129,1.032258064516129,1.0,1.0,1.0,155.64583333333334,220.47916666666666,113.5625,178.39583333333331,0.2381852551984877,0.49166666666666664,0.64,0.0,0.0,0.21818181818181817,0.0,0.3020833333333333,0.45,0.010416666666666666,0.4583333333333333,0.3333333333333333,0.025,0
0.7741935483870968,0.7741935483870968,1.0,0.0,2.0,230.7777777777778,231.85416666666666,134.98611111111114,136.0625,0.12381852551984877,0.0,0.17333333333333334,0.0,0.0,0.4,0.0,0.0,0.13333333333333333,0.11458333333333333,0.0,0.0,0.0,0
0.7741935483870968,0.7741935483870968,1.0,0.0,2.0,230.7777777777778,231.85416666666666,134.98611111111114,136.0625,0.12381852551984877,0.0,0.17333333333333334,0.0,0.0,0.4,0.0,0.0,0.13333333333333333,0.11458333333333333,0.0,0.0,0.0,0
0.7741935483870968,0.7741935483870968,1.0,0.0,2.0,230.7777777777778,231.85416666666666,134.98611111111114,136.0625,0.12381852551984877,0.0,0.17333333333333334,0.0,0.0,0.4,0.0,0.0,0.13333333333333333,0.11458333333333333,0.0,0.0,0.0,0
0.7741935483870968,0.7741935483870968,1.0,0.0,2.0,230.7777777777778,231.85416666666666,134.98611111111114,136.0625,0.12381852551984877,0.0,0.17333333333333334,0.0,0.0,0.4,0.0,0.0,0.13333333333333333,0.11458333333333333,0.0,0.0,0.0,0
0.7741935483870968,0.7741935483870968,0.3333333333333333,0.0,1.5,199.52083333333334,162.56944444444446,89.70833333333334,52.75694444444446,0.26937618147448017,0.15833333333333333,0.26666666666666666,0.425,0.0,0.3090909090909091,0.1590909090909091,0.3333333333333333,0.31666666666666665,0.20833333333333334,0.0,0.0,0.0,0
0.7741935483870968,0.7741935483870968,0.3333333333333333,0.0,1.5,199.52083333333334,162.56944444444446,89.70833333333334,52.75694444444446,0.26937618147448017,0.15833333333333333,0.26666666666666666,0.425,0.0,0.3090909090909091,0.1590909090909091,0.3333333333333333,0.31666666666666665,0.20833333333333334,0.0,0.0,0.0,0
0.7741935483870968,0.7741935483870968,0.3333333333333333,0.0,1.5,199.52083333333334,162.56944444444446,89.70833333333334,52.75694444444446,0.26937618147448017,0.15833333333333333,0.26666666666666666,0.425,0.0,0.3090909090909091,0.1590909090909091,0.3333333333333333,0.31666666666666665,0.20833333333333334,0.0,0.0,0.0,0
0.8387096774193549,0.8064516129032258,0.0,0.0,2.0,204.91666666666666,165.29861111111111,63.875,24.256944444444457,0.2589792060491493,0.19166666666666668,0.17333333333333334,0.21666666666666667,0.0,0.34545454545454546,0.3409090909090909,0.13541666666666666,0.23333333333333334,0.22916666666666666,0.0,0.0,0.0,0
0.8387096774193549,0.8064516129032258,0.0,0.0,2.0,204.91666666666666,165.29861111111111,63.875,24.256944444444457,0.2589792060491493,0.19166666666666668,0.17333333333333334,0.21666666666666667,0.0,0.34545454545454546,0.3409090909090909,0.13541666666666666,0.23333333333333334,0.22916666666666666,0.0,0.0,0.0,0
0.8387096774193549,0.8064516129032258,0.0,0.0,2.0,204.91666666666666,165.29861111111111,63.875,24.256944444444457,0.2589792060491493,0.19166666666666668,0.17333333333333334,0.21666666666666667,0.0,0.34545454545454546,0.3409090909090909,0.13541666666666666,0.23333333333333334,0.22916666666666666,0.0,0.0,0.0,0
0.9032258064516129,0.7741935483870968,0.16666666666666666,0.0,1.0,202.72916666666666,184.2482269503546,74.54166666666666,56.06072695035459,0.22022684310018903,0.15,0.12,0.06666666666666667,0.0,0.2909090909090909,0.32954545454545453,0.25,0.3,0.0,0.0,0.0,0.0,0
0.9032258064516129,0.7741935483870968,0.16666666666666666,0.0,1.0,202.72916666666666,184.2482269503546,74.54166666666666,56.06072695035459,0.22022684310018903,0.15,0.12,0.06666666666666667,0.0,0.2909090909090909,0.32954545454545453,0.25,0.3,0.0,0.0,0.0,0.0,0
0.9032258064516129,0.7741935483870968,0.16666666666666666,0.0,1.0,202.72916666666666,184.2482269503546,74.54166666666666,56.06072695035459,0.22022684310018903,0.15,0.12,0.06666666666666667,0.0,0.2909090909090909,0.32954545454545453,0.25,0.3,0.0,0.0,0.0,0.0,0
0.9032258064516129,0.7741935483870968,0.16666666666666666,0.0,1.0,202.72916666666666,184.2482269503546,74.54166666666666,56.06072695035459,0.22022684310018903,0.15,0.12,0.06666666666666667,0.0,0.2909090909090909,0.32954545454545453,0.25,0.3,0.0,0.0,0.0,0.0,0
0.7741935483870968,0.7096774193548387,1.0,0.0,2.0,230.30555555555557,228.18055555555557,122.28472222222224,120.15972222222224,0.16540642722117202,0.06666666666666667,0.25333333333333335,0.06666666666666667,0.0,0.4,0.0125,0.0,0.12307692307692308,0.11538461538461539,0.0,0.0,0.016666666666666666,0
0.75,0.71875,1.0,0.0,2.0,230.30555555555557,228.18055555555557,122.28472222222224,120.15972222222224,0.16558741905642924,0.06666666666666667,0.22666666666666666,0.06666666666666667,0.0,0.4,0.011363636363636364,0.0,0.12307692307692308,0.11538461538461539,0.0,0.0,0.016666666666666666,0
0.7741935483870968,0.7419354838709677,1.0,0.0,2.0,230.30555555555557,228.18055555555557,122.28472222222224,120.15972222222224,0.16918714555765596,0.06666666666666667,0.22666666666666666,0.06666666666666667,0.0,0.4,0.011363636363636364,0.0,0.13333333333333333,0.11458333333333333,0.0,0.0,0.025,0
0.7741935483870968,0.7419354838709677,1.0,0.0,2.0,230.30555555555557,228.18055555555557,122.28472222222224,120.15972222222224,0.16918714555765596,0.06666666666666667,0.22666666666666666,0.06666666666666667,0.0,0.4,0.011363636363636364,0.0,0.13333333333333333,0.11458333333333333,0.0,0.0,0.025,0
1.0,1.0,0.4166666666666667,0.0,2.0,200.81944444444443,199.19444444444446,131.4236111111111,129.79861111111114,0.2334593572778828,0.06666666666666667,0.4266666666666667,0.2,0.0,0.34545454545454546,0.0,0.15625,0.4666666666666667,0.4583333333333333,0.0,0.0,0.0,0
1.0,1.0,0.4166666666666667,0.0,2.0,200.81944444444443,199.19444444444446,131.4236111111111,129.79861111111114,0.2334593572778828,0.06666666666666667,0.4266666666666667,0.2,0.0,0.34545454545454546,0.0,0.15625,0.4666666666666667,0.4583333333333333,0.0,0.0,0.0,0
1.0,1.0,0.4166666666666667,0.0,2.0,200.81944444444443,199.19444444444446,131.4236111111111,129.79861111111114,0.2334593572778828,0.06666666666666667,0.4266666666666667,0.2,0.0,0.34545454545454546,0.0,0.15625,0.4666666666666667,0.4583333333333333,0.0,0.0,0.0,0
0.8064516129032258,0.8064516129032258,1.0,0.0,1.0,206.04861111111111,206.02083333333334,105.23611111111111,105.20833333333334,0.2051039697542533,0.05,0.41333333333333333,0.26666666666666666,0.0,0.23636363636363636,0.0,0.22916666666666666,0.2833333333333333,0.3645833333333333,0.0,0.0,0.0,0
0.8064516129032258,0.8064516129032258,1.0,0.0,1.0,206.04861111111111,206.02083333333334,105.23611111111111,105.20833333333334,0.2051039697542533,0.05,0.41333333333333333,0.26666666666666666,0.0,0.23636363636363636,0.0,0.22916666666666666,0.2833333333333333,0.3645833333333333,0.0,0.0,0.0,0
0.8064516129032258,0.8064516129032258,1.0,0.0,1.0,206.04861111111111,206.02083333333334,105.23611111111111,105.20833333333334,0.2051039697542533,0.05,0.41333333333333333,0.26666666666666666,0.0,0.23636363636363636,0.0,0.22916666666666666,0.2833333333333333,0.3645833333333333,0.0,0.0,0.0,0
0.8064516129032258,0.7741935483870968,1.0,0.0,2.0,223.39583333333334,227.5,97.10416666666667,101.20833333333333,0.19092627599243855,0.06666666666666667,0.17333333333333334,0.06666666666666667,0.0,0.4,0.07954545454545454,0.0,0.13333333333333333,0.11458333333333333,0.0,0.0,0.0,0
0.8064516129032258,0.7741935483870968,1.0,0.0,2.0,223.39583333333334,227.5,97.10416666666667,101.20833333333333,0.19092627599243855,0.06666666666666667,0.17333333333333334,0.06666666666666667,0.0,0.4,0.07954545454545454,0.0,0.13333333333333333,0.11458333333333333,0.0,0.0,0.0,0
0.8064516129032258,0.7741935483870968,1.0,0.0,2.0,223.39583333333334,227.5,97.10416666666667,101.20833333333333,0.19092627599243855,0.06666666666666667,0.17333333333333334,0.06666666666666667,0.0,0.4,0.07954545454545454,0.0,0.13333333333333333,0.11458333333333333,0.0,0.0,0.0,0
1.032258064516129,0.8709677419354839,0.0,0.0,2.0,227.63194444444446,160.81944444444443,89.23611111111111,22.423611111111086,0.2996219281663516,0.1,0.06666666666666667,0.1,0.125,0.36363636363636365,0.375,0.041666666666666664,0.36666666666666664,0.25,0.0,0.0,0.0,0
1.032258064516129,0.8709677419354839,0.0,0.0,2.0,227.63194444444446,160.81944444444443,89.23611111111111,22.423611111111086,0.2996219281663516,0.1,0.06666666666666667,0.1,0.125,0.36363636363636365,0.375,0.041666666666666664,0.36666666666666664,0.25,0.0,0.0,0.0,0
1.032258064516129,0.8709677419354839,0.0,0.0,2.0,227.63194444444446,160.81944444444443,89.23611111111111,22.423611111111086,0.2996219281663516,0.1,0.06666666666666667,0.1,0.125,0.36363636363636365,0.375,0.041666666666666664,0.36666666666666664,0.25,0.0,0.0,0.0,0
1.032258064516129,0.8709677419354839,0.0,0.0,2.0,227.63194444444446,160.81944444444443,89.23611111111111,22.423611111111086,0.2996219281663516,0.1,0.06666666666666667,0.1,0.125,0.36363636363636365,0.375,0.041666666666666664,0.36666666666666664,0.25,0.0,0.0,0.0,0
0.9354838709677419,0.8064516129032258,0.0,0.0,1.0,225.10416666666666,194.63888888888889,105.97916666666666,75.51388888888889,0.16540642722117202,0.041666666666666664,0.28,0.525,0.0,0.14545454545454545,0.36363636363636365,0.0,0.2,0.041666666666666664,0.0,0.0,0.0,0
0.9354838709677419,0.8064516129032258,0.0,0.0,1.0,225.10416666666666,194.63888888888889,105.97916666666666,75.51388888888889,0.16540642722117202,0.041666666666666664,0.28,0.525,0.0,0.14545454545454545,0.36363636363636365,0.0,0.2,0.041666666666666664,0.0,0.0,0.0,0
0.8064516129032258,0.8064516129032258,0.5,0.0,2.0,228.3472222222222,225.1597222222222,108.95138888888887,105.76388888888887,0.16257088846880907,0.10833333333333334,0.17333333333333334,0.06666666666666667,0.1590909090909091,0.4,0.0,0.052083333333333336,0.21666666666666667,0.020833333333333332,0.0,0.0,0.0,0
0.8064516129032258,0.8064516129032258,1.0,0.0,2.0,227.9375,227.64583333333334,93.6875,93.39583333333334,0.15500945179584122,0.10833333333333334,0.17333333333333334,0.058333333333333334,0.13636363636363635,0.4,0.0,0.041666666666666664,0.23333333333333334,0.010416666666666666,0.0,0.0,0.0,0
0.8064516129032258,0.8064516129032258,1.0,0.0,2.0,227.9375,227.64583333333334,93.6875,93.39583333333334,0.15500945179584122,0.10833333333333334,0.17333333333333334,0.058333333333333334,0.13636363636363635,0.4,0.0,0.041666666666666664,0.23333333333333334,0.010416666666666666,0.0,0.0,0.0,0
0.8064516129032258,0.8064516129032258,1.0,0.0,2.0,227.9375,227.64583333333334,93.6875,93.39583333333334,0.15500945179584122,0.10833333333333334,0.17333333333333334,0.058333333333333334,0.13636363636363635,0.4,0.0,0.041666666666666664,0.23333333333333334,0.010416666666666666,0.0,0.0,0.0,0
1.032258064516129,1.032258064516129,1.0,1.0,1.0,230.1527777777778,156.6875,176.8402777777778,103.375,0.2722117202268431,0.016666666666666666,0.38666666666666666,0.4083333333333333,0.0,0.34545454545454546,0.3181818181818182,0.020833333333333332,0.36666666666666664,0.28125,0.0,0.32,0.21666666666666667,0
1.032258064516129,1.032258064516129,1.0,1.0,1.0,230.1527777777778,156.6875,176.8402777777778,103.375,0.2722117202268431,0.016666666666666666,0.38666666666666666,0.4083333333333333,0.0,0.34545454545454546,0.3181818181818182,0.020833333333333332,0.36666666666666664,0.28125,0.0,0.32,0.21666666666666667,0
1.032258064516129,1.032258064516129,1.0,1.0,1.0,230.1527777777778,156.6875,176.8402777777778,103.375,0.2722117202268431,0.016666666666666666,0.38666666666666666,0.4083333333333333,0.0,0.34545454545454546,0.3181818181818182,0.020833333333333332,0.36666666666666664,0.28125,0.0,0.32,0.21666666666666667,0
1.032258064516129,1.032258064516129,1.0,1.0,1.0,230.1527777777778,156.6875,176.8402777777778,103.375,0.2722117202268431,0.016666666666666666,0.38666666666666666,0.4083333333333333,0.0,0.34545454545454546,0.3181818181818182,0.020833333333333332,0.36666666666666664,0.28125,0.0,0.32,0.21666666666666667,0
0.8709677419354839,0.8387096774193549,0.3958333333333333,0.0,8.0,212.6875,94.9513888888889,69.04166666666666,-48.69444444444444,0.24291115311909262,0.0,0.09333333333333334,0.06666666666666667,0.125,0.7818181818181819,0.5,0.0,0.43333333333333335,0.23958333333333334,0.0,0.0,0.0,1
0.8709677419354839,0.8387096774193549,0.3958333333333333,0.0,8.0,212.6875,94.9513888888889,69.04166666666666,-48.69444444444444,0.24291115311909262,0.0,0.09333333333333334,0.06666666666666667,0.125,0.7818181818181819,0.5,0.0,0.43333333333333335,0.23958333333333334,0.0,0.0,0.0,1
0.8709677419354839,0.8387096774193549,0.3958333333333333,0.0,8.0,212.6875,94.9513888888889,69.04166666666666,-48.69444444444444,0.24291115311909262,0.0,0.09333333333333334,0.06666666666666667,0.125,0.7818181818181819,0.5,0.0,0.43333333333333335,0.23958333333333334,0.0,0.0,0.0,1
0.9333333333333333,0.8666666666666667,0.4791666666666667,0.0,8.5,147.09722222222223,217.9722222222222,55.43055555555556,126.30555555555553,0.24830917874396136,0.03333333333333333,0.12,0.016666666666666666,0.325,0.94,0.125,0.1875,0.5666666666666667,0.0625,0.0,0.0,0.0,0
0.9032258064516129,0.8709677419354839,0.4166666666666667,0.0,8.0,136.20833333333334,251.70833333333334,44.66666666666667,160.16666666666669,0.24291115311909262,0.016666666666666666,0.06666666666666667,0.0,0.3977272727272727,1.0,0.0,0.25,0.5666666666666667,0.0,0.0,0.0,0.0,0
0.9032258064516129,0.8709677419354839,0.4166666666666667,0.0,8.0,136.20833333333334,251.70833333333334,44.66666666666667,160.16666666666669,0.24291115311909262,0.016666666666666666,0.06666666666666667,0.0,0.3977272727272727,1.0,0.0,0.25,0.5666666666666667,0.0,0.0,0.0,0.0,0
0.9032258064516129,0.8709677419354839,0.4166666666666667,0.0,8.0,136.20833333333334,251.70833333333334,44.66666666666667,160.16666666666669,0.24291115311909262,0.016666666666666666,0.06666666666666667,0.0,0.3977272727272727,1.0,0.0,0.25,0.5666666666666667,0.0,0.0,0.0,0.0,0
0.9032258064516129,0.8709677419354839,0.35714285714285715,0.0,7.0,146.56309101654847,254.40277777777774,44.91725768321514,152.7569444444444,0.2381852551984877,0.025,0.05333333333333334,0.0,0.5113636363636364,0.8,0.0,0.3229166666666667,0.45,0.0,0.0,0.0,0.0,0
0.8064516129032258,0.7741935483870968,0.0,0.75,4.0,231.8629535147392,162.35416666666666,142.59212018140585,73.08333333333333,0.25833333333333336,0.029411764705882353,0.08235294117647059,0.08823529411764706,0.0,0.26666666666666666,0.21875,0.0,0.7692307692307693,0.5096153846153846,0.0,0.24705882352941178,0.22794117647058823,0
0.8064516129032258,0.7741935483870968,0.0,0.75,4.0,231.8629535147392,162.35416666666666,142.59212018140585,73.08333333333333,0.25833333333333336,0.029411764705882353,0.08235294117647059,0.08823529411764706,0.0,0.26666666666666666,0.21875,0.0,0.7692307692307693,0.5096153846153846,0.0,0.24705882352941178,0.22794117647058823,0
0.8064516129032258,0.7741935483870968,0.0,0.875,4.0,224.84027777777774,177.8125,136.27777777777774,89.25,0.26416666666666666,0.03676470588235294,0.09411764705882353,0.08823529411764706,0.0,0.26666666666666666,0.25,0.0,0.7846153846153846,0.5288461538461539,0.007352941176470588,0.25882352941176473,0.22794117647058823,0
0.8064516129032258,0.7741935483870968,0.0,0.875,4.0,224.84027777777774,177.8125,136.27777777777774,89.25,0.26416666666666666,0.03676470588235294,0.09411764705882353,0.08823529411764706,0.0,0.26666666666666666,0.25,0.0,0.7846153846153846,0.5288461538461539,0.007352941176470588,0.25882352941176473,0.22794117647058823,0
0.7741935483870968,0.7741935483870968,0.0,0.625,4.0,179.18055555555554,188.1111111111111,26.305555555555543,35.236111111111086,0.2725,0.04411764705882353,0.10588235294117647,0.08088235294117647,0.041666666666666664,0.26666666666666666,0.20833333333333334,0.125,0.7692307692307693,0.4423076923076923,0.03676470588235294,0.24705882352941178,0.22058823529411764,0
0.7741935483870968,0.7741935483870968,0.0,0.625,4.0,179.18055555555554,188.1111111111111,26.305555555555543,35.236111111111086,0.2725,0.04411764705882353,0.10588235294117647,0.08088235294117647,0.041666666666666664,0.26666666666666666,0.20833333333333334,0.125,0.7692307692307693,0.4423076923076923,0.03676470588235294,0.24705882352941178,0.22058823529411764,0
0.7741935483870968,0.7741935483870968,0.0,0.6666666666666666,1.0,91.03472222222221,142.27777777777777,-60.11111111111113,-8.868055555555571,0.31666666666666665,0.0661764705882353,0.07058823529411765,0.08823529411764706,0.125,0.16666666666666666,0.1875,0.375,0.4,0.47115384615384615,0.11764705882352941,0.2,0.21323529411764705,0
0.7741935483870968,0.7741935483870968,0.0,0.6666666666666666,1.0,91.03472222222221,142.27777777777777,-60.11111111111113,-8.868055555555571,0.31666666666666665,0.0661764705882353,0.07058823529411765,0.08823529411764706,0.125,0.16666666666666666,0.1875,0.375,0.4,0.47115384615384615,0.11764705882352941,0.2,0.21323529411764705,0
0.7419354838709677,0.7419354838709677,0.0,0.16666666666666666,1.0,148.41666666666666,238.42361111111111,2.791666666666657,92.79861111111111,0.13916666666666666,0.0,0.0,0.0,0.3020833333333333,0.08333333333333333,0.0,0.27884615384615385,0.4,0.0,0.40441176470588236,0.17647058823529413,0.1323529411764706,0
0.7419354838709677,0.7419354838709677,0.0,0.16666666666666666,1.0,148.41666666666666,238.42361111111111,2.791666666666657,92.79861111111111,0.13916666666666666,0.0,0.0,0.0,0.3020833333333333,0.08333333333333333,0.0,0.27884615384615385,0.4,0.0,0.40441176470588236,0.17647058823529413,0.1323529411764706,0
0.7419354838709677,0.7419354838709677,0.0,0.16666666666666666,1.0,148.41666666666666,238.42361111111111,2.791666666666657,92.79861111111111,0.13916666666666666,0.0,0.0,0.0,0.3020833333333333,0.08333333333333333,0.0,0.27884615384615385,0.4,0.0,0.40441176470588236,0.17647058823529413,0.1323529411764706,0
0.7419354838709677,0.7419354838709677,0.0,0.16666666666666666,1.0,148.41666666666666,238.42361111111111,2.791666666666657,92.79861111111111,0.13916666666666666,0.0,0.0,0.0,0.3020833333333333,0.08333333333333333,0.0,0.27884615384615385,0.4,0.0,0.40441176470588236,0.17647058823529413,0.1323529411764706,0
0.7096774193548387,0.7096774193548387,0.0,1.0,1.0,163.00694444444443,237.18055555555554,50.65277777777776,124.82638888888887,0.155,0.0,0.0,0.0,0.0625,0.06666666666666667,0.0,0.3076923076923077,0.4153846153846154,0.0,0.5073529411764706,0.4,0.11764705882352941,0
0.7096774193548387,0.7096774193548387,0.0,1.0,1.0,163.00694444444443,237.18055555555554,50.65277777777776,124.82638888888887,0.155,0.0,0.0,0.0,0.0625,0.06666666666666667,0.0,0.3076923076923077,0.4153846153846154,0.0,0.5073529411764706,0.4,0.11764705882352941,0
0.7096774193548387,0.7096774193548387,0.0,1.0,1.0,163.00694444444443,237.18055555555554,50.65277777777776,124.82638888888887,0.155,0.0,0.0,0.0,0.0625,0.06666666666666667,0.0,0.3076923076923077,0.4153846153846154,0.0,0.5073529411764706,0.4,0.11764705882352941,0
0.7096774193548387,0.7096774193548387,0.0,1.0,1.0,163.00694444444443,237.18055555555554,50.65277777777776,124.82638888888887,0.155,0.0,0.0,0.0,0.0625,0.06666666666666667,0.0,0.3076923076923077,0.4153846153846154,0.0,0.5073529411764706,0.4,0.11764705882352941,0
0.8387096774193549,0.8387096774193549,0.0,0.6666666666666666,1.0,146.26388888888889,231.51388888888889,37.263888888888886,122.51388888888889,0.195,0.0,0.0,0.0,0.07291666666666667,0.08333333333333333,0.0,0.5096153846153846,0.4461538461538462,0.0,0.38235294117647056,0.24705882352941178,0.125,0
0.8387096774193549,0.8387096774193549,0.0,0.6666666666666666,1.0,146.26388888888889,231.51388888888889,37.263888888888886,122.51388888888889,0.195,0.0,0.0,0.0,0.07291666666666667,0.08333333333333333,0.0,0.5096153846153846,0.4461538461538462,0.0,0.38235294117647056,0.24705882352941178,0.125,0
0.8709677419354839,0.8709677419354839,0.0,1.0,1.0,172.4722222222222,232.4375,51.4097222222222,111.375,0.15333333333333332,0.0,0.0,0.0,0.10416666666666667,0.1,0.0,0.3173076923076923,0.3230769230769231,0.0,0.5073529411764706,0.4470588235294118,0.125,0
0.8709677419354839,0.8709677419354839,0.0,1.0,1.0,172.4722222222222,232.4375,51.4097222222222,111.375,0.15333333333333332,0.0,0.0,0.0,0.10416666666666667,0.1,0.0,0.3173076923076923,0.3230769230769231,0.0,0.5073529411764706,0.4470588235294118,0.125,0
0.8709677419354839,0.8709677419354839,0.0,1.0,1.0,172.4722222222222,232.4375,51.4097222222222,111.375,0.15333333333333332,0.0,0.0,0.0,0.10416666666666667,0.1,0.0,0.3173076923076923,0.3230769230769231,0.0,0.5073529411764706,0.4470588235294118,0.125,0
0.8709677419354839,0.8709677419354839,0.5,0.16666666666666666,2.0,166.60416666666666,205.93055555555554,29.416666666666657,68.74305555555554,0.2575,0.11029411764705882,0.10588235294117647,0.17647058823529413,0.16666666666666666,0.4666666666666667,0.25,0.34615384615384615,0.3076923076923077,0.009615384615384616,0.125,0.15294117647058825,0.1323529411764706,0
0.8709677419354839,0.8709677419354839,0.5,0.16666666666666666,2.0,166.60416666666666,205.93055555555554,29.416666666666657,68.74305555555554,0.2575,0.11029411764705882,0.10588235294117647,0.17647058823529413,0.16666666666666666,0.4666666666666667,0.25,0.34615384615384615,0.3076923076923077,0.009615384615384616,0.125,0.15294117647058825,0.1323529411764706,0
0.8709677419354839,0.8709677419354839,0.5,0.16666666666666666,2.0,166.60416666666666,205.93055555555554,29.416666666666657,68.74305555555554,0.2575,0.11029411764705882,0.10588235294117647,0.17647058823529413,0.16666666666666666,0.4666666666666667,0.25,0.34615384615384615,0.3076923076923077,0.009615384615384616,0.125,0.15294117647058825,0.1323529411764706,0
0.967741935483871,0.9032258064516129,0.0,0.5833333333333334,1.5,229.96527777777774,135.75,147.0486111111111,52.83333333333333,0.24166666666666667,0.029411764705882353,0.2823529411764706,0.2647058823529412,0.0,0.3,0.3333333333333333,0.08653846153846154,0.3230769230769231,0.28846153846153844,0.04411764705882353,0.43529411764705883,0.4632352941176471,0
0.967741935483871,0.9032258064516129,0.0,0.5833333333333334,1.5,229.96527777777774,135.75,147.0486111111111,52.83333333333333,0.24166666666666667,0.029411764705882353,0.2823529411764706,0.2647058823529412,0.0,0.3,0.3333333333333333,0.08653846153846154,0.3230769230769231,0.28846153846153844,0.04411764705882353,0.43529411764705883,0.4632352941176471,0
0.967741935483871,0.9032258064516129,0.0,0.5833333333333334,1.5,229.96527777777774,135.75,147.0486111111111,52.83333333333333,0.24166666666666667,0.029411764705882353,0.2823529411764706,0.2647058823529412,0.0,0.3,0.3333333333333333,0.08653846153846154,0.3230769230769231,0.28846153846153844,0.04411764705882353,0.43529411764705883,0.4632352941176471,0
0.967741935483871,0.9032258064516129,0.0,0.5833333333333334,1.5,229.96527777777774,135.75,147.0486111111111,52.83333333333333,0.24166666666666667,0.029411764705882353,0.2823529411764706,0.2647058823529412,0.0,0.3,0.3333333333333333,0.08653846153846154,0.3230769230769231,0.28846153846153844,0.04411764705882353,0.43529411764705883,0.4632352941176471,0
1.032258064516129,1.032258064516129,0.0,1.0,1.0,231.93055555555554,173.99305555555557,144.80555555555554,86.86805555555557,0.20583333333333334,0.125,0.18823529411764706,0.16911764705882354,0.0,0.3333333333333333,0.3229166666666667,0.0,0.26153846153846155,0.0,0.08088235294117647,0.3764705882352941,0.10294117647058823,0
1.032258064516129,1.032258064516129,0.0,1.0,1.0,231.93055555555554,173.99305555555557,144.80555555555554,86.86805555555557,0.20583333333333334,0.125,0.18823529411764706,0.16911764705882354,0.0,0.3333333333333333,0.3229166666666667,0.0,0.26153846153846155,0.0,0.08088235294117647,0.3764705882352941,0.10294117647058823,0
1.032258064516129,1.032258064516129,0.0,1.0,1.0,231.93055555555554,173.99305555555557,144.80555555555554,86.86805555555557,0.20583333333333334,0.125,0.18823529411764706,0.16911764705882354,0.0,0.3333333333333333,0.3229166666666667,0.0,0.26153846153846155,0.0,0.08088235294117647,0.3764705882352941,0.10294117647058823,0
1.032258064516129,1.032258064516129,0.0,1.0,1.0,231.93055555555554,173.99305555555557,144.80555555555554,86.86805555555557,0.20583333333333334,0.125,0.18823529411764706,0.16911764705882354,0.0,0.3333333333333333,0.3229166666666667,0.0,0.26153846153846155,0.0,0.08088235294117647,0.3764705882352941,0.10294117647058823,0
1.032258064516129,1.032258064516129,0.6666666666666666,0.0,1.0,232.625,171.7152777777778,158.58333333333331,97.67361111111113,0.205,0.058823529411764705,0.09411764705882353,0.19117647058823528,0.0,0.4,0.2916666666666667,0.0,0.18461538461538463,0.0,0.125,0.11764705882352941,0.1323529411764706,0
1.032258064516129,1.032258064516129,0.6666666666666666,0.0,1.0,232.625,171.7152777777778,158.58333333333331,97.67361111111113,0.205,0.058823529411764705,0.09411764705882353,0.19117647058823528,0.0,0.4,0.2916666666666667,0.0,0.18461538461538463,0.0,0.125,0.11764705882352941,0.1323529411764706,0
1.032258064516129,1.032258064516129,0.6666666666666666,0.0,1.0,232.625,171.7152777777778,158.58333333333331,97.67361111111113,0.205,0.058823529411764705,0.09411764705882353,0.19117647058823528,0.0,0.4,0.2916666666666667,0.0,0.18461538461538463,0.0,0.125,0.11764705882352941,0.1323529411764706,0
1.032258064516129,1.032258064516129,0.6666666666666666,0.0,1.0,232.625,171.7152777777778,158.58333333333331,97.67361111111113,0.205,0.058823529411764705,0.09411764705882353,0.19117647058823528,0.0,0.4,0.2916666666666667,0.0,0.18461538461538463,0.0,0.125,0.11764705882352941,0.1323529411764706,0
0.7741935483870968,0.7096774193548387,0.0,0.2777777777777778,6.5,230.3402777777778,140.27083333333334,113.86111111111113,23.79166666666667,0.205,0.0,0.0,0.0,0.0,0.23333333333333334,0.2708333333333333,0.0,0.49230769230769234,0.2692307692307692,0.17647058823529413,0.3411764705882353,0.17647058823529413,0
0.7741935483870968,0.7096774193548387,0.0,0.2777777777777778,6.5,230.3402777777778,140.27083333333334,113.86111111111113,23.79166666666667,0.205,0.0,0.0,0.0,0.0,0.23333333333333334,0.2708333333333333,0.0,0.49230769230769234,0.2692307692307692,0.17647058823529413,0.3411764705882353,0.17647058823529413,0
0.7741935483870968,0.7096774193548387,0.0,0.2777777777777778,6.5,230.3402777777778,140.27083333333334,113.86111111111113,23.79166666666667,0.205,0.0,0.0,0.0,0.0,0.23333333333333334,0.2708333333333333,0.0,0.49230769230769234,0.2692307692307692,0.17647058823529413,0.3411764705882353,0.17647058823529413,0
0.8,0.7,0.0,0.2777777777777778,6.5,230.3402777777778,140.27083333333334,113.86111111111113,23.79166666666667,0.20851063829787234,0.0,0.0,0.0,0.0,0.23333333333333334,0.2708333333333333,0.0,0.5,0.2916666666666667,0.17647058823529413,0.36470588235294116,0.17647058823529413,0
0.8709677419354839,0.8064516129032258,0.047619047619047616,0.23809523809523808,7.0,232.32638888888889,135.54861111111111,105.84722222222221,9.069444444444443,0.205,0.0,0.0,0.0,0.0,0.2833333333333333,0.3645833333333333,0.0,0.5230769230769231,0.3076923076923077,0.07352941176470588,0.4588235294117647,0.07352941176470588,0
0.8709677419354839,0.8064516129032258,0.047619047619047616,0.23809523809523808,7.0,232.32638888888889,135.54861111111111,105.84722222222221,9.069444444444443,0.205,0.0,0.0,0.0,0.0,0.2833333333333333,0.3645833333333333,0.0,0.5230769230769231,0.3076923076923077,0.07352941176470588,0.4588235294117647,0.07352941176470588,0
0.8709677419354839,0.8064516129032258,0.047619047619047616,0.23809523809523808,7.0,232.32638888888889,135.54861111111111,105.84722222222221,9.069444444444443,0.205,0.0,0.0,0.0,0.0,0.2833333333333333,0.3645833333333333,0.0,0.5230769230769231,0.3076923076923077,0.07352941176470588,0.4588235294117647,0.07352941176470588,0
0.8709677419354839,0.8064516129032258,0.047619047619047616,0.23809523809523808,7.0,232.32638888888889,135.54861111111111,105.84722222222221,9.069444444444443,0.205,0.0,0.0,0.0,0.0,0.2833333333333333,0.3645833333333333,0.0,0.5230769230769231,0.3076923076923077,0.07352941176470588,0.4588235294117647,0.07352941176470588,0
0.8709677419354839,0.8064516129032258,0.047619047619047616,0.23809523809523808,7.0,232.32638888888889,135.54861111111111,105.84722222222221,9.069444444444443,0.205,0.0,0.0,0.0,0.0,0.2833333333333333,0.3645833333333333,0.0,0.5230769230769231,0.3076923076923077,0.07352941176470588,0.4588235294117647,0.07352941176470588,0
0.9354838709677419,0.7419354838709677,0.1111111111111111,0.3055555555555556,6.0,133.61805555555557,205.1597222222222,31.4513888888889,102.99305555555553,0.31285444234404536,0.225,0.04,0.03333333333333333,0.20454545454545456,0.34545454545454546,0.45454545454545453,0.5729166666666666,0.4666666666666667,0.0,0.45,0.18666666666666668,0.16666666666666666,0
0.9354838709677419,0.7419354838709677,0.1111111111111111,0.3055555555555556,6.0,133.61805555555557,205.1597222222222,31.4513888888889,102.99305555555553,0.31285444234404536,0.225,0.04,0.03333333333333333,0.20454545454545456,0.34545454545454546,0.45454545454545453,0.5729166666666666,0.4666666666666667,0.0,0.45,0.18666666666666668,0.16666666666666666,0
0.9354838709677419,0.7419354838709677,0.1111111111111111,0.3055555555555556,6.0,133.61805555555557,205.1597222222222,31.4513888888889,102.99305555555553,0.31285444234404536,0.225,0.04,0.03333333333333333,0.20454545454545456,0.34545454545454546,0.45454545454545453,0.5729166666666666,0.4666666666666667,0.0,0.45,0.18666666666666668,0.16666666666666666,0
0.8064516129032258,0.7096774193548387,0.0,1.0,1.0,232.6875,158.1875,125.375,50.875,0.20888468809073724,0.0,0.0,0.0,0.0,0.21818181818181817,0.36363636363636365,0.0,0.21666666666666667,0.052083333333333336,0.1,0.48,0.475,0
0.8064516129032258,0.7096774193548387,0.0,1.0,1.0,232.6875,158.1875,125.375,50.875,0.20888468809073724,0.0,0.0,0.0,0.0,0.21818181818181817,0.36363636363636365,0.0,0.21666666666666667,0.052083333333333336,0.1,0.48,0.475,0
0.8064516129032258,0.7096774193548387,0.0,1.0,1.0,232.6875,158.1875,125.375,50.875,0.20888468809073724,0.0,0.0,0.0,0.0,0.21818181818181817,0.36363636363636365,0.0,0.21666666666666667,0.052083333333333336,0.1,0.48,0.475,0
0.7419354838709677,0.7096774193548387,0.0,0.3,5.0,229.35416666666666,160.4513888888889,112.97916666666666,44.076388888888914,0.21928166351606806,0.0,0.0,0.05,0.0,0.2,0.22727272727272727,0.052083333333333336,0.43333333333333335,0.4791666666666667,0.16666666666666666,0.3466666666666667,0.16666666666666666,0
0.7419354838709677,0.7096774193548387,0.0,0.3,5.0,229.35416666666666,160.4513888888889,112.97916666666666,44.076388888888914,0.21928166351606806,0.0,0.0,0.05,0.0,0.2,0.22727272727272727,0.052083333333333336,0.43333333333333335,0.4791666666666667,0.16666666666666666,0.3466666666666667,0.16666666666666666,0
0.7419354838709677,0.7096774193548387,0.0,0.3,5.0,229.35416666666666,160.4513888888889,112.97916666666666,44.076388888888914,0.21928166351606806,0.0,0.0,0.05,0.0,0.2,0.22727272727272727,0.052083333333333336,0.43333333333333335,0.4791666666666667,0.16666666666666666,0.3466666666666667,0.16666666666666666,0
0.7419354838709677,0.7096774193548387,0.0,0.3,5.0,229.35416666666666,160.4513888888889,112.97916666666666,44.076388888888914,0.21928166351606806,0.0,0.0,0.05,0.0,0.2,0.22727272727272727,0.052083333333333336,0.43333333333333335,0.4791666666666667,0.16666666666666666,0.3466666666666667,0.16666666666666666,0
0.7419354838709677,0.7096774193548387,0.0,0.3,5.0,229.35416666666666,160.4513888888889,112.97916666666666,44.076388888888914,0.21928166351606806,0.0,0.0,0.05,0.0,0.2,0.22727272727272727,0.052083333333333336,0.43333333333333335,0.4791666666666667,0.16666666666666666,0.3466666666666667,0.16666666666666666,0
1.0,0.967741935483871,0.08333333333333333,1.0,2.0,217.99305555555554,129.77083333333334,120.97222222222221,32.750000000000014,0.28638941398865786,0.10833333333333334,0.02666666666666667,0.0,0.0,0.509090909090909,0.32954545454545453,0.0,0.5666666666666667,0.3020833333333333,0.125,0.5466666666666666,0.14166666666666666,0
1.0,0.967741935483871,0.08333333333333333,1.0,2.0,217.99305555555554,129.77083333333334,120.97222222222221,32.750000000000014,0.28638941398865786,0.10833333333333334,0.02666666666666667,0.0,0.0,0.509090909090909,0.32954545454545453,0.0,0.5666666666666667,0.3020833333333333,0.125,0.5466666666666666,0.14166666666666666,0
1.0,0.967741935483871,0.08333333333333333,1.0,2.0,217.99305555555554,129.77083333333334,120.97222222222221,32.750000000000014,0.28638941398865786,0.10833333333333334,0.02666666666666667,0.0,0.0,0.509090909090909,0.32954545454545453,0.0,0.5666666666666667,0.3020833333333333,0.125,0.5466666666666666,0.14166666666666666,0
1.0,0.967741935483871,0.08333333333333333,1.0,2.0,217.99305555555554,129.77083333333334,120.97222222222221,32.750000000000014,0.28638941398865786,0.10833333333333334,0.02666666666666667,0.0,0.0,0.509090909090909,0.32954545454545453,0.0,0.5666666666666667,0.3020833333333333,0.125,0.5466666666666666,0.14166666666666666,0
1.0,0.967741935483871,0.08333333333333333,1.0,2.0,217.99305555555554,129.77083333333334,120.97222222222221,32.750000000000014,0.28638941398865786,0.10833333333333334,0.02666666666666667,0.0,0.0,0.509090909090909,0.32954545454545453,0.0,0.5666666666666667,0.3020833333333333,0.125,0.5466666666666666,0.14166666666666666,0
1.032258064516129,1.032258064516129,0.0,1.0,2.0,222.86111111111111,129.09722222222223,171.65277777777777,77.88888888888889,0.3497164461247637,0.125,0.05333333333333334,0.38333333333333336,0.045454545454545456,0.32727272727272727,0.5340909090909091,0.0,0.55,0.28125,0.13333333333333333,0.6133333333333333,0.3,0
1.032258064516129,1.032258064516129,0.0,1.0,2.0,222.86111111111111,129.09722222222223,171.65277777777777,77.88888888888889,0.3497164461247637,0.125,0.05333333333333334,0.38333333333333336,0.045454545454545456,0.32727272727272727,0.5340909090909091,0.0,0.55,0.28125,0.13333333333333333,0.6133333333333333,0.3,0
1.032258064516129,1.032258064516129,0.0,1.0,2.0,222.86111111111111,129.09722222222223,171.65277777777777,77.88888888888889,0.3497164461247637,0.125,0.05333333333333334,0.38333333333333336,0.045454545454545456,0.32727272727272727,0.5340909090909091,0.0,0.55,0.28125,0.13333333333333333,0.6133333333333333,0.3,0
1.032258064516129,1.032258064516129,0.0,1.0,2.0,222.86111111111111,129.09722222222223,171.65277777777777,77.88888888888889,0.3497164461247637,0.125,0.05333333333333334,0.38333333333333336,0.045454545454545456,0.32727272727272727,0.5340909090909091,0.0,0.55,0.28125,0.13333333333333333,0.6133333333333333,0.3,0
1.032258064516129,1.032258064516129,0.0,1.0,2.0,222.86111111111111,129.09722222222223,171.65277777777777,77.88888888888889,0.3497164461247637,0.125,0.05333333333333334,0.38333333333333336,0.045454545454545456,0.32727272727272727,0.5340909090909091,0.0,0.55,0.28125,0.13333333333333333,0.6133333333333333,0.3,0
0.7096774193548387,0.7096774193548387,0.0,0.4722222222222222,6.0,229.5625,156.29166666666666,114.70833333333333,41.437499999999986,0.3052930056710775,0.0,0.0,0.0,0.0,0.2727272727272727,0.2727272727272727,0.0,0.8333333333333334,0.6354166666666666,0.11666666666666667,0.24,0.20833333333333334,0
0.7096774193548387,0.7096774193548387,0.0,0.4722222222222222,6.0,229.5625,156.29166666666666,114.70833333333333,41.437499999999986,0.3052930056710775,0.0,0.0,0.0,0.0,0.2727272727272727,0.2727272727272727,0.0,0.8333333333333334,0.6354166666666666,0.11666666666666667,0.24,0.20833333333333334,0
0.7096774193548387,0.7096774193548387,0.0,0.5555555555555556,6.0,221.25694444444446,166.11805555555554,107.52777777777779,52.38888888888887,0.32608695652173914,0.0,0.0,0.0,0.0,0.34545454545454546,0.25,0.020833333333333332,1.0,0.5625,0.125,0.24,0.20833333333333334,0
0.7096774193548387,0.7096774193548387,0.0,0.5555555555555556,6.0,221.25694444444446,166.11805555555554,107.52777777777779,52.38888888888887,0.32608695652173914,0.0,0.0,0.0,0.0,0.34545454545454546,0.25,0.020833333333333332,1.0,0.5625,0.125,0.24,0.20833333333333334,0
0.7096774193548387,0.7096774193548387,0.0,0.5833333333333334,6.0,185.29861111111111,158.40972222222223,54.798611111111114,27.90972222222223,0.34593572778827975,0.0,0.0,0.0,0.03409090909090909,0.34545454545454546,0.25,0.14583333333333334,1.0,0.5625,0.14166666666666666,0.22666666666666666,0.21666666666666667,0
0.7096774193548387,0.7096774193548387,0.0,0.5,6.0,147.75,139.4097222222222,17.083333333333343,8.743055555555543,0.3601134215500945,0.0,0.0,0.0,0.07954545454545454,0.3090909090909091,0.26136363636363635,0.2708333333333333,0.8333333333333334,0.6666666666666666,0.15833333333333333,0.2,0.225,0
0.7096774193548387,0.7096774193548387,0.0,0.5,6.0,147.75,139.4097222222222,17.083333333333343,8.743055555555543,0.3601134215500945,0.0,0.0,0.0,0.07954545454545454,0.3090909090909091,0.26136363636363635,0.2708333333333333,0.8333333333333334,0.6666666666666666,0.15833333333333333,0.2,0.225,0
0.7096774193548387,0.7096774193548387,0.0,0.4722222222222222,6.0,117.11111111111113,141.88194444444443,-29.74305555555553,-4.9722222222222285,0.3657844990548204,0.0,0.0,0.0,0.125,0.2727272727272727,0.25,0.3958333333333333,0.7333333333333333,0.7083333333333334,0.175,0.17333333333333334,0.225,0
0.8666666666666667,0.8333333333333334,0.75,0.08333333333333333,4.0,238.11347517730496,166.53900709219857,156.4113475177305,84.8368794326241,0.242512077294686,0.0,0.21333333333333335,0.11666666666666667,0.0,0.8,0.5113636363636364,0.0,0.41818181818181815,0.19318181818181818,0.0,0.0,0.0,0
0.8666666666666667,0.8333333333333334,0.75,0.08333333333333333,4.0,238.11347517730496,166.53900709219857,156.4113475177305,84.8368794326241,0.242512077294686,0.0,0.21333333333333335,0.11666666666666667,0.0,0.8,0.5113636363636364,0.0,0.41818181818181815,0.19318181818181818,0.0,0.0,0.0,0
0.8666666666666667,0.8333333333333334,0.75,0.08333333333333333,4.0,238.11347517730496,166.53900709219857,156.4113475177305,84.8368794326241,0.242512077294686,0.0,0.21333333333333335,0.11666666666666667,0.0,0.8,0.5113636363636364,0.0,0.41818181818181815,0.19318181818181818,0.0,0.0,0.0,0
0.8666666666666667,0.8333333333333334,0.75,0.08333333333333333,4.0,238.11347517730496,166.53900709219857,156.4113475177305,84.8368794326241,0.242512077294686,0.0,0.21333333333333335,0.11666666666666667,0.0,0.8,0.5113636363636364,0.0,0.41818181818181815,0.19318181818181818,0.0,0.0,0.0,0
0.8666666666666667,0.8333333333333334,1.0,0.16666666666666666,4.0,230.2127659574468,169.74468085106383,151.29787234042553,90.82978723404256,0.24734299516908212,0.0,0.22666666666666666,0.125,0.0,0.8181818181818182,0.5340909090909091,0.011363636363636364,0.4,0.2159090909090909,0.0,0.0,0.0,0
0.8666666666666667,0.8,1.0,0.16666666666666666,4.0,230.2127659574468,169.74468085106383,151.29787234042553,90.82978723404256,0.24734299516908212,0.0,0.28,0.16666666666666666,0.0,0.82,0.525,0.010416666666666666,0.36666666666666664,0.19791666666666666,0.0,0.0,0.0,0
0.8666666666666667,0.8666666666666667,0.25,0.041666666666666664,4.0,139.41843971631207,232.5886524822695,52.24822695035462,145.41843971631207,0.1748792270531401,0.058333333333333334,0.05333333333333334,0.0,0.09090909090909091,0.34545454545454546,0.0,0.5340909090909091,0.38181818181818183,0.0,0.0,0.0,0.0,0
0.8666666666666667,0.8666666666666667,0.25,0.041666666666666664,4.0,139.41843971631207,232.5886524822695,52.24822695035462,145.41843971631207,0.1748792270531401,0.058333333333333334,0.05333333333333334,0.0,0.09090909090909091,0.34545454545454546,0.0,0.5340909090909091,0.38181818181818183,0.0,0.0,0.0,0.0,0
0.8666666666666667,0.8666666666666667,0.25,0.041666666666666664,4.0,139.41843971631207,232.5886524822695,52.24822695035462,145.41843971631207,0.1748792270531401,0.058333333333333334,0.05333333333333334,0.0,0.09090909090909091,0.34545454545454546,0.0,0.5340909090909091,0.38181818181818183,0.0,0.0,0.0,0.0,0
1.0,0.9666666666666667,0.3333333333333333,0.08333333333333333,4.0,143.66666666666666,229.08510638297875,68.30496453900709,153.72340425531917,0.2,0.08333333333333333,0.17333333333333334,0.0,0.3409090909090909,0.4727272727272727,0.0,0.29545454545454547,0.32727272727272727,0.0,0.0,0.0,0.0,0
1.0,0.9666666666666667,0.3333333333333333,0.08333333333333333,4.0,143.66666666666666,229.08510638297875,68.30496453900709,153.72340425531917,0.2,0.08333333333333333,0.17333333333333334,0.0,0.3409090909090909,0.4727272727272727,0.0,0.29545454545454547,0.32727272727272727,0.0,0.0,0.0,0.0,0
1.0,0.9666666666666667,0.3333333333333333,0.08333333333333333,4.0,143.66666666666666,229.08510638297875,68.30496453900709,153.72340425531917,0.2,0.08333333333333333,0.17333333333333334,0.0,0.3409090909090909,0.4727272727272727,0.0,0.29545454545454547,0.32727272727272727,0.0,0.0,0.0,0.0,0
1.0,0.9666666666666667,0.3333333333333333,0.08333333333333333,4.0,143.66666666666666,229.08510638297875,68.30496453900709,153.72340425531917,0.2,0.08333333333333333,0.17333333333333334,0.0,0.3409090909090909,0.4727272727272727,0.0,0.29545454545454547,0.32727272727272727,0.0,0.0,0.0,0.0,0
1.0333333333333334,1.0,0.0,0.16666666666666666,2.0,229.73758865248226,232.03546099290782,142.63120567375887,144.92907801418443,0.09758454106280193,0.0,0.0,0.0,0.0,0.36363636363636365,0.0,0.0,0.41818181818181815,0.0,0.0,0.0,0.0,0
1.0333333333333334,1.0,0.0,0.16666666666666666,2.0,229.73758865248226,232.03546099290782,142.63120567375887,144.92907801418443,0.09758454106280193,0.0,0.0,0.0,0.0,0.36363636363636365,0.0,0.0,0.41818181818181815,0.0,0.0,0.0,0.0,0
1.0333333333333334,1.0,0.0,0.16666666666666666,2.0,229.73758865248226,232.03546099290782,142.63120567375887,144.92907801418443,0.09758454106280193,0.0,0.0,0.0,0.0,0.36363636363636365,0.0,0.0,0.41818181818181815,0.0,0.0,0.0,0.0,0
1.0333333333333334,1.0,0.0,0.16666666666666666,2.0,229.73758865248226,232.03546099290782,142.63120567375887,144.92907801418443,0.09758454106280193,0.0,0.0,0.0,0.0,0.36363636363636365,0.0,0.0,0.41818181818181815,0.0,0.0,0.0,0.0,0
1.0333333333333334,1.0333333333333334,0.20833333333333334,0.375,4.0,231.59574468085108,131.53191489361703,157.7021276595745,57.63829787234043,0.25024154589371983,0.0,0.32,0.5333333333333333,0.20454545454545456,0.45454545454545453,0.38636363636363635,0.0,0.38181818181818183,0.3181818181818182,0.0,0.5333333333333333,0.49166666666666664,0
1.0333333333333334,1.0333333333333334,0.20833333333333334,0.375,4.0,231.59574468085108,131.53191489361703,157.7021276595745,57.63829787234043,0.25024154589371983,0.0,0.32,0.5333333333333333,0.20454545454545456,0.45454545454545453,0.38636363636363635,0.0,0.38181818181818183,0.3181818181818182,0.0,0.5333333333333333,0.49166666666666664,0
1.0333333333333334,1.0333333333333334,0.20833333333333334,0.375,4.0,231.59574468085108,131.53191489361703,157.7021276595745,57.63829787234043,0.25024154589371983,0.0,0.32,0.5333333333333333,0.20454545454545456,0.45454545454545453,0.38636363636363635,0.0,0.38181818181818183,0.3181818181818182,0.0,0.5333333333333333,0.49166666666666664,0
1.0333333333333334,1.0333333333333334,0.20833333333333334,0.375,4.0,231.59574468085108,131.53191489361703,157.7021276595745,57.63829787234043,0.25024154589371983,0.0,0.32,0.5333333333333333,0.20454545454545456,0.45454545454545453,0.38636363636363635,0.0,0.38181818181818183,0.3181818181818182,0.0,0.5333333333333333,0.49166666666666664,0
1.0333333333333334,1.0333333333333334,0.0,0.16666666666666666,2.0,225.85106382978725,225.68794326241132,119.61702127659576,119.45390070921984,0.13429951690821257,0.0,0.0,0.0,0.0,0.34545454545454546,0.0,0.0,0.32727272727272727,0.0,0.0,0.0,0.0,0
1.0333333333333334,1.0333333333333334,0.0,0.16666666666666666,2.0,225.85106382978725,225.68794326241132,119.61702127659576,119.45390070921984,0.13429951690821257,0.0,0.0,0.0,0.0,0.34545454545454546,0.0,0.0,0.32727272727272727,0.0,0.0,0.0,0.0,0
1.0333333333333334,1.0333333333333334,0.0,0.16666666666666666,2.0,225.85106382978725,225.68794326241132,119.61702127659576,119.45390070921984,0.13429951690821257,0.0,0.0,0.0,0.0,0.34545454545454546,0.0,0.0,0.32727272727272727,0.0,0.0,0.0,0.0,0
1.0333333333333334,1.0333333333333334,0.0,0.16666666666666666,2.0,225.85106382978725,225.68794326241132,119.61702127659576,119.45390070921984,0.13429951690821257,0.0,0.0,0.0,0.0,0.34545454545454546,0.0,0.0,0.32727272727272727,0.0,0.0,0.0,0.0,0
0.9666666666666667,0.9,0.16666666666666666,0.0,1.0,228.7446808510638,156.06382978723403,108.531914893617,35.85106382978722,0.2038647342995169,0.0,0.013333333333333334,0.15,0.0,0.36363636363636365,0.3181818181818182,0.0,0.14545454545454545,0.20454545454545456,0.0,0.0,0.425,0
0.9666666666666667,0.9,0.16666666666666666,0.0,1.0,228.7446808510638,156.06382978723403,108.531914893617,35.85106382978722,0.2038647342995169,0.0,0.013333333333333334,0.15,0.0,0.36363636363636365,0.3181818181818182,0.0,0.14545454545454545,0.20454545454545456,0.0,0.0,0.425,0
0.9666666666666667,0.9,0.16666666666666666,0.0,1.0,228.7446808510638,156.06382978723403,108.531914893617,35.85106382978722,0.2038647342995169,0.0,0.013333333333333334,0.15,0.0,0.36363636363636365,0.3181818181818182,0.0,0.14545454545454545,0.20454545454545456,0.0,0.0,0.425,0
1.0333333333333334,1.0333333333333334,0.3333333333333333,0.16666666666666666,2.0,224.48936170212767,141.91489361702128,151.17021276595744,68.59574468085107,0.25217391304347825,0.0,0.13333333333333333,0.3416666666666667,0.011363636363636364,0.5272727272727272,0.48863636363636365,0.0,0.32727272727272727,0.0,0.0,0.0,0.0,0
1.0333333333333334,1.0333333333333334,0.3333333333333333,0.16666666666666666,2.0,224.48936170212767,141.91489361702128,151.17021276595744,68.59574468085107,0.25217391304347825,0.0,0.13333333333333333,0.3416666666666667,0.011363636363636364,0.5272727272727272,0.48863636363636365,0.0,0.32727272727272727,0.0,0.0,0.0,0.0,0
1.0333333333333334,1.0333333333333334,0.3333333333333333,0.16666666666666666,2.0,224.48936170212767,141.91489361702128,151.17021276595744,68.59574468085107,0.25217391304347825,0.0,0.13333333333333333,0.3416666666666667,0.011363636363636364,0.5272727272727272,0.48863636363636365,0.0,0.32727272727272727,0.0,0.0,0.0,0.0,0
1.0333333333333334,1.0,0.0,0.16666666666666666,2.0,224.82978723404256,225.7872340425532,103.72340425531915,104.68085106382979,0.15265700483091788,0.0,0.0,0.0,0.0,0.32727272727272727,0.0,0.0,0.32727272727272727,0.0,0.0,0.0,0.0,0
1.0333333333333334,1.0,0.0,0.16666666666666666,2.0,223.79432624113474,225.58865248226948,128.87943262411346,130.6737588652482,0.16135265700483092,0.0,0.0,0.008333333333333333,0.0,0.32727272727272727,0.0,0.0,0.32727272727272727,0.0,0.0,0.0,0.0,0
1.0333333333333334,1.0,0.0,0.16666666666666666,2.0,223.79432624113474,225.58865248226948,128.87943262411346,130.6737588652482,0.16135265700483092,0.0,0.0,0.008333333333333333,0.0,0.32727272727272727,0.0,0.0,0.32727272727272727,0.0,0.0,0.0,0.0,0
1.0333333333333334,1.0,0.0,0.16666666666666666,2.0,223.79432624113474,225.58865248226948,128.87943262411346,130.6737588652482,0.16135265700483092,0.0,0.0,0.008333333333333333,0.0,0.32727272727272727,0.0,0.0,0.32727272727272727,0.0,0.0,0.0,0.0,0
0.8,0.7,0.3888888888888889,0.16666666666666666,6.0,228.60283687943263,140.9078014184397,95.83687943262413,8.141843971631204,0.3120772946859903,0.0,0.10666666666666667,0.13333333333333333,0.0,0.6,0.6931818181818182,0.0,0.2727272727272727,0.3409090909090909,0.0,0.0,0.0,0
0.8333333333333334,0.7,0.5277777777777778,0.16666666666666666,6.0,228.80851063829786,155.51063829787233,128.7659574468085,55.46808510638297,0.3178743961352657,0.0,0.14666666666666667,0.13333333333333333,0.0,0.8,0.5909090909090909,0.0,0.34545454545454546,0.3181818181818182,0.0,0.0,0.0,0
0.8333333333333334,0.7,0.5277777777777778,0.16666666666666666,6.0,228.80851063829786,155.51063829787233,128.7659574468085,55.46808510638297,0.3178743961352657,0.0,0.14666666666666667,0.13333333333333333,0.0,0.8,0.5909090909090909,0.0,0.34545454545454546,0.3181818181818182,0.0,0.0,0.0,0
0.8333333333333334,0.7,0.6388888888888888,0.16666666666666666,6.0,216.354609929078,160.8368794326241,107.95035460992908,52.43262411347517,0.33816425120772947,0.0,0.17333333333333334,0.13333333333333333,0.0,1.0,0.48863636363636365,0.03409090909090909,0.36363636363636365,0.3068181818181818,0.0,0.0,0.0,0
0.8333333333333334,0.7,0.6388888888888888,0.16666666666666666,6.0,216.354609929078,160.8368794326241,107.95035460992908,52.43262411347517,0.33816425120772947,0.0,0.17333333333333334,0.13333333333333333,0.0,1.0,0.48863636363636365,0.03409090909090909,0.36363636363636365,0.3068181818181818,0.0,0.0,0.0,0
0.8,0.7,0.75,0.16666666666666666,6.0,184.16312056737584,147.54609929078015,50.82269503546095,14.20567375886526,0.35555555555555557,0.016666666666666666,0.17333333333333334,0.13333333333333333,0.125,0.9272727272727272,0.5340909090909091,0.07954545454545454,0.34545454545454546,0.3181818181818182,0.0,0.0,0.0,0
0.8,0.7,0.75,0.16666666666666666,6.0,184.16312056737584,147.54609929078015,50.82269503546095,14.20567375886526,0.35555555555555557,0.016666666666666666,0.17333333333333334,0.13333333333333333,0.125,0.9272727272727272,0.5340909090909091,0.07954545454545454,0.34545454545454546,0.3181818181818182,0.0,0.0,0.0,0
0.8,0.7,0.6944444444444444,0.16666666666666666,6.0,140.86524822695034,130.59574468085108,10.035460992907787,-0.23404255319147182,0.370048309178744,0.041666666666666664,0.13333333333333333,0.14166666666666666,0.25,0.7636363636363637,0.625,0.125,0.3090909090909091,0.32954545454545453,0.0,0.0,0.0,0
0.8,0.7,0.6944444444444444,0.16666666666666666,6.0,140.86524822695034,130.59574468085108,10.035460992907787,-0.23404255319147182,0.370048309178744,0.041666666666666664,0.13333333333333333,0.14166666666666666,0.25,0.7636363636363637,0.625,0.125,0.3090909090909091,0.32954545454545453,0.0,0.0,0.0,0
1.0,1.0,0.0,0.16666666666666666,2.0,221.08510638297875,224.13475177304963,82.80851063829789,85.85815602836877,0.1681159420289855,0.0,0.0,0.0,0.09090909090909091,0.43636363636363634,0.022727272727272728,0.0,0.34545454545454546,0.0,0.0,0.0,0.0,0
1.0,1.0,0.0,0.16666666666666666,2.0,221.08510638297875,224.13475177304963,82.80851063829789,85.85815602836877,0.1681159420289855,0.0,0.0,0.0,0.09090909090909091,0.43636363636363634,0.022727272727272728,0.0,0.34545454545454546,0.0,0.0,0.0,0.0,0
1.0,1.0,0.0,0.16666666666666666,2.0,221.08510638297875,224.13475177304963,82.80851063829789,85.85815602836877,0.1681159420289855,0.0,0.0,0.0,0.09090909090909091,0.43636363636363634,0.022727272727272728,0.0,0.34545454545454546,0.0,0.0,0.0,0.0,0
1.0333333333333334,1.0,0.0,0.16666666666666666,2.0,223.54609929078015,254.2482269503546,113.56737588652483,144.26950354609926,0.08502415458937199,0.0,0.0,0.0,0.0,0.32727272727272727,0.0,0.0,0.32727272727272727,0.0,0.0,0.0,0.0,0
1.0333333333333334,1.0,0.0,0.08333333333333333,2.0,222.77304964539007,254.39716312056737,134.8581560283688,166.4822695035461,0.08309178743961353,0.0,0.0,0.0,0.0,0.32727272727272727,0.0,0.0,0.32727272727272727,0.0,0.0,0.0,0.0,0
1.0333333333333334,1.0,0.0,0.08333333333333333,2.0,222.77304964539007,254.39716312056737,134.8581560283688,166.4822695035461,0.08309178743961353,0.0,0.0,0.0,0.0,0.32727272727272727,0.0,0.0,0.32727272727272727,0.0,0.0,0.0,0.0,0
1.0333333333333334,1.0,0.0,0.08333333333333333,2.0,222.77304964539007,254.39716312056737,134.8581560283688,166.4822695035461,0.08309178743961353,0.0,0.0,0.0,0.0,0.32727272727272727,0.0,0.0,0.32727272727272727,0.0,0.0,0.0,0.0,0
1.0333333333333334,1.0,0.0,0.08333333333333333,2.0,222.77304964539007,254.39716312056737,134.8581560283688,166.4822695035461,0.08309178743961353,0.0,0.0,0.0,0.0,0.32727272727272727,0.0,0.0,0.32727272727272727,0.0,0.0,0.0,0.0,0
0.8064516129032258,0.8064516129032258,1.0,0.0,2.0,224.92361111111111,224.48611111111111,129.75694444444446,129.31944444444446,0.16833333333333333,0.058823529411764705,0.12941176470588237,0.10294117647058823,0.0,0.46153846153846156,0.0,0.0,0.16666666666666666,0.16666666666666666,0.0,0.0,0.09558823529411764,0
0.8064516129032258,0.8064516129032258,1.0,0.0,2.0,224.92361111111111,224.48611111111111,129.75694444444446,129.31944444444446,0.16833333333333333,0.058823529411764705,0.12941176470588237,0.10294117647058823,0.0,0.46153846153846156,0.0,0.0,0.16666666666666666,0.16666666666666666,0.0,0.0,0.09558823529411764,0
0.8064516129032258,0.8064516129032258,1.0,0.0,2.0,224.92361111111111,224.48611111111111,129.75694444444446,129.31944444444446,0.16833333333333333,0.058823529411764705,0.12941176470588237,0.10294117647058823,0.0,0.46153846153846156,0.0,0.0,0.16666666666666666,0.16666666666666666,0.0,0.0,0.09558823529411764,0
0.8064516129032258,0.8064516129032258,1.0,0.0,2.0,224.92361111111111,224.48611111111111,129.75694444444446,129.31944444444446,0.16833333333333333,0.058823529411764705,0.12941176470588237,0.10294117647058823,0.0,0.46153846153846156,0.0,0.0,0.16666666666666666,0.16666666666666666,0.0,0.0,0.09558823529411764,0
0.8064516129032258,0.8064516129032258,0.5833333333333334,0.0,2.0,223.8125,224.4652777777778,105.0,105.6527777777778,0.17,0.058823529411764705,0.11764705882352941,0.058823529411764705,0.0,0.4307692307692308,0.019230769230769232,0.0,0.13333333333333333,0.08333333333333333,0.0,0.0,0.029411764705882353,0
0.8064516129032258,0.8064516129032258,1.0,0.0,2.0,223.7847222222222,225.625,103.9097222222222,105.75,0.17666666666666667,0.058823529411764705,0.11764705882352941,0.07352941176470588,0.0,0.4307692307692308,0.04807692307692308,0.0,0.13333333333333333,0.16666666666666666,0.0,0.0,0.09558823529411764,0
0.8064516129032258,0.8064516129032258,1.0,0.0,2.0,223.7847222222222,225.625,103.9097222222222,105.75,0.17666666666666667,0.058823529411764705,0.11764705882352941,0.07352941176470588,0.0,0.4307692307692308,0.04807692307692308,0.0,0.13333333333333333,0.16666666666666666,0.0,0.0,0.09558823529411764,0
0.8064516129032258,0.8064516129032258,1.0,0.0,2.0,223.7847222222222,225.625,103.9097222222222,105.75,0.17666666666666667,0.058823529411764705,0.11764705882352941,0.07352941176470588,0.0,0.4307692307692308,0.04807692307692308,0.0,0.13333333333333333,0.16666666666666666,0.0,0.0,0.09558823529411764,0
0.8064516129032258,0.8064516129032258,1.0,0.0,2.0,223.7847222222222,225.625,103.9097222222222,105.75,0.17666666666666667,0.058823529411764705,0.11764705882352941,0.07352941176470588,0.0,0.4307692307692308,0.04807692307692308,0.0,0.13333333333333333,0.16666666666666666,0.0,0.0,0.09558823529411764,0
0.8387096774193549,0.8064516129032258,1.0,0.0,2.0,222.23611111111111,225.9652777777778,132.69444444444446,136.42361111111114,0.15166666666666667,0.058823529411764705,0.12941176470588237,0.11764705882352941,0.0,0.4153846153846154,0.0,0.0,0.13333333333333333,0.08333333333333333,0.0,0.0,0.007352941176470588,0
0.8387096774193549,0.8064516129032258,1.0,0.0,2.0,222.23611111111111,225.9652777777778,132.69444444444446,136.42361111111114,0.15166666666666667,0.058823529411764705,0.12941176470588237,0.11764705882352941,0.0,0.4153846153846154,0.0,0.0,0.13333333333333333,0.08333333333333333,0.0,0.0,0.007352941176470588,0
0.8387096774193549,0.8064516129032258,1.0,0.0,2.0,222.23611111111111,225.9652777777778,132.69444444444446,136.42361111111114,0.15166666666666667,0.058823529411764705,0.12941176470588237,0.11764705882352941,0.0,0.4153846153846154,0.0,0.0,0.13333333333333333,0.08333333333333333,0.0,0.0,0.007352941176470588,0
0.8387096774193549,0.8064516129032258,1.0,0.0,2.0,222.23611111111111,225.9652777777778,132.69444444444446,136.42361111111114,0.15166666666666667,0.058823529411764705,0.12941176470588237,0.11764705882352941,0.0,0.4153846153846154,0.0,0.0,0.13333333333333333,0.08333333333333333,0.0,0.0,0.007352941176470588,0
0.8064516129032258,0.8064516129032258,0.75,0.0,2.0,222.47222222222226,224.5277777777778,118.45138888888893,120.50694444444447,0.1575,0.058823529411764705,0.12941176470588237,0.1323529411764706,0.0,0.4307692307692308,0.0,0.0,0.13333333333333333,0.125,0.0,0.0,0.058823529411764705,0
0.8064516129032258,0.8064516129032258,1.0,0.0,2.0,222.05555555555557,226.54861111111111,119.2013888888889,123.69444444444444,0.16416666666666666,0.058823529411764705,0.12941176470588237,0.18382352941176472,0.0,0.4307692307692308,0.0,0.0,0.13333333333333333,0.17708333333333334,0.0,0.0,0.058823529411764705,0
0.8064516129032258,0.8064516129032258,1.0,0.0,2.0,222.05555555555557,226.54861111111111,119.2013888888889,123.69444444444444,0.16416666666666666,0.058823529411764705,0.12941176470588237,0.18382352941176472,0.0,0.4307692307692308,0.0,0.0,0.13333333333333333,0.17708333333333334,0.0,0.0,0.058823529411764705,0
0.8064516129032258,0.8064516129032258,1.0,0.0,2.0,222.05555555555557,226.54861111111111,119.2013888888889,123.69444444444444,0.16416666666666666,0.058823529411764705,0.12941176470588237,0.18382352941176472,0.0,0.4307692307692308,0.0,0.0,0.13333333333333333,0.17708333333333334,0.0,0.0,0.058823529411764705,0
0.9032258064516129,0.8709677419354839,0.5,0.0,2.0,237.7847222222222,254.3888888888889,115.45138888888887,132.0555555555556,0.07333333333333333,0.04411764705882353,0.03529411764705882,0.0,0.125,0.43333333333333335,0.0,0.08653846153846154,0.23076923076923078,0.0,0.0,0.0,0.0,0
0.9032258064516129,0.9032258064516129,0.5,0.0,2.0,237.7847222222222,254.3888888888889,115.45138888888887,132.0555555555556,0.07333333333333333,0.0,0.0,0.0,0.11538461538461539,0.4,0.0,0.09375,0.25,0.0,0.0,0.0,0.0,0
0.9032258064516129,0.9032258064516129,0.5,0.0,2.0,237.7847222222222,254.3888888888889,115.45138888888887,132.0555555555556,0.07333333333333333,0.0,0.0,0.0,0.11538461538461539,0.4,0.0,0.09375,0.25,0.0,0.0,0.0,0.0,0
0.9032258064516129,0.9032258064516129,0.5,0.0,2.0,237.7847222222222,254.3888888888889,115.45138888888887,132.0555555555556,0.07333333333333333,0.0,0.0,0.0,0.11538461538461539,0.4,0.0,0.09375,0.25,0.0,0.0,0.0,0.0,0
0.8125,0.8125,0.05555555555555555,0.0,3.0,240.6530612244898,181.21088435374148,86.0816326530612,26.639455782312893,0.16326530612244897,0.125,0.10588235294117647,0.1323529411764706,0.0,0.2923076923076923,0.41346153846153844,0.0,0.23076923076923078,0.04807692307692308,0.0,0.0,0.0,0
0.8125,0.8125,0.05555555555555555,0.0,3.0,240.6530612244898,181.21088435374148,86.0816326530612,26.639455782312893,0.16326530612244897,0.125,0.10588235294117647,0.1323529411764706,0.0,0.2923076923076923,0.41346153846153844,0.0,0.23076923076923078,0.04807692307692308,0.0,0.0,0.0,0
0.8125,0.8125,0.05555555555555555,0.0,3.0,240.6530612244898,181.21088435374148,86.0816326530612,26.639455782312893,0.16326530612244897,0.125,0.10588235294117647,0.1323529411764706,0.0,0.2923076923076923,0.41346153846153844,0.0,0.23076923076923078,0.04807692307692308,0.0,0.0,0.0,0
0.9375,0.90625,0.5833333333333334,0.0,2.0,215.3061224489796,131.96598639455783,105.69387755102042,22.353741496598644,0.2857142857142857,0.10294117647058823,0.4588235294117647,0.3161764705882353,0.0,0.4461538461538462,0.5673076923076923,0.14423076923076922,0.23076923076923078,0.16346153846153846,0.29411764705882354,0.11764705882352941,0.051470588235294115,0
0.9375,0.90625,0.5833333333333334,0.0,2.0,215.3061224489796,131.96598639455783,105.69387755102042,22.353741496598644,0.2857142857142857,0.10294117647058823,0.4588235294117647,0.3161764705882353,0.0,0.4461538461538462,0.5673076923076923,0.14423076923076922,0.23076923076923078,0.16346153846153846,0.29411764705882354,0.11764705882352941,0.051470588235294115,0
0.9375,0.90625,0.5833333333333334,0.0,2.0,215.3061224489796,131.96598639455783,105.69387755102042,22.353741496598644,0.2857142857142857,0.10294117647058823,0.4588235294117647,0.3161764705882353,0.0,0.4461538461538462,0.5673076923076923,0.14423076923076922,0.23076923076923078,0.16346153846153846,0.29411764705882354,0.11764705882352941,0.051470588235294115,0
0.9375,0.90625,0.5833333333333334,0.0,2.0,215.3061224489796,131.96598639455783,105.69387755102042,22.353741496598644,0.2857142857142857,0.10294117647058823,0.4588235294117647,0.3161764705882353,0.0,0.4461538461538462,0.5673076923076923,0.14423076923076922,0.23076923076923078,0.16346153846153846,0.29411764705882354,0.11764705882352941,0.051470588235294115,0
0.9375,0.90625,0.5833333333333334,0.0,2.0,215.3061224489796,131.96598639455783,105.69387755102042,22.353741496598644,0.2857142857142857,0.10294117647058823,0.4588235294117647,0.3161764705882353,0.0,0.4461538461538462,0.5673076923076923,0.14423076923076922,0.23076923076923078,0.16346153846153846,0.29411764705882354,0.11764705882352941,0.051470588235294115,0
0.8387096774193549,0.8064516129032258,1.0,0.0,1.0,237.91666666666666,169.375,132.58333333333331,64.04166666666667,0.17,0.058823529411764705,0.36470588235294116,0.3897058823529412,0.0,0.35384615384615387,0.2980769230769231,0.0,0.16666666666666666,0.2916666666666667,0.0,0.0,0.0,0
0.8387096774193549,0.8064516129032258,1.0,0.0,1.0,237.91666666666666,169.375,132.58333333333331,64.04166666666667,0.17,0.058823529411764705,0.36470588235294116,0.3897058823529412,0.0,0.35384615384615387,0.2980769230769231,0.0,0.16666666666666666,0.2916666666666667,0.0,0.0,0.0,0
0.8387096774193549,0.8064516129032258,1.0,0.0,1.0,237.91666666666666,169.375,132.58333333333331,64.04166666666667,0.17,0.058823529411764705,0.36470588235294116,0.3897058823529412,0.0,0.35384615384615387,0.2980769230769231,0.0,0.16666666666666666,0.2916666666666667,0.0,0.0,0.0,0
0.8387096774193549,0.8064516129032258,1.0,0.0,1.0,237.91666666666666,169.375,132.58333333333331,64.04166666666667,0.17,0.058823529411764705,0.36470588235294116,0.3897058823529412,0.0,0.35384615384615387,0.2980769230769231,0.0,0.16666666666666666,0.2916666666666667,0.0,0.0,0.0,0
0.8387096774193549,0.8064516129032258,1.0,0.0,1.0,237.91666666666666,169.375,132.58333333333331,64.04166666666667,0.17,0.058823529411764705,0.36470588235294116,0.3897058823529412,0.0,0.35384615384615387,0.2980769230769231,0.0,0.16666666666666666,0.2916666666666667,0.0,0.0,0.0,0
1.032258064516129,0.8709677419354839,0.6666666666666666,0.5,1.0,236.90972222222226,128.14583333333334,138.47222222222226,29.708333333333343,0.25416666666666665,0.07352941176470588,0.4470588235294118,0.4485294117647059,0.0,0.3384615384615385,0.46153846153846156,0.0,0.3333333333333333,0.4166666666666667,0.0,0.0,0.0,0
1.032258064516129,0.8709677419354839,0.6666666666666666,0.5,1.0,236.90972222222226,128.14583333333334,138.47222222222226,29.708333333333343,0.25416666666666665,0.07352941176470588,0.4470588235294118,0.4485294117647059,0.0,0.3384615384615385,0.46153846153846156,0.0,0.3333333333333333,0.4166666666666667,0.0,0.0,0.0,0
1.032258064516129,0.8709677419354839,0.6666666666666666,0.5,1.0,236.90972222222226,128.14583333333334,138.47222222222226,29.708333333333343,0.25416666666666665,0.07352941176470588,0.4470588235294118,0.4485294117647059,0.0,0.3384615384615385,0.46153846153846156,0.0,0.3333333333333333,0.4166666666666667,0.0,0.0,0.0,0
1.032258064516129,0.8709677419354839,0.6666666666666666,0.5,1.0,236.90972222222226,128.14583333333334,138.47222222222226,29.708333333333343,0.25416666666666665,0.07352941176470588,0.4470588235294118,0.4485294117647059,0.0,0.3384615384615385,0.46153846153846156,0.0,0.3333333333333333,0.4166666666666667,0.0,0.0,0.0,0
0.7419354838709677,0.7096774193548387,1.0,0.0,1.0,207.11805555555554,202.08333333333334,99.47222222222221,94.43750000000001,0.18916666666666668,0.16911764705882354,0.38823529411764707,0.4264705882352941,0.0,0.2153846153846154,0.0673076923076923,0.20833333333333334,0.31666666666666665,0.125,0.0,0.0,0.0,0
0.7419354838709677,0.7096774193548387,1.0,0.0,1.0,207.11805555555554,202.08333333333334,99.47222222222221,94.43750000000001,0.18916666666666668,0.16911764705882354,0.38823529411764707,0.4264705882352941,0.0,0.2153846153846154,0.0673076923076923,0.20833333333333334,0.31666666666666665,0.125,0.0,0.0,0.0,0
0.9032258064516129,0.8709677419354839,0.16666666666666666,0.0,1.0,207.74305555555554,162.1597222222222,80.24305555555554,34.6597222222222,0.23583333333333334,0.23529411764705882,0.2823529411764706,0.22794117647058823,0.028846153846153848,0.3076923076923077,0.3076923076923077,0.2916666666666667,0.26666666666666666,0.125,0.0,0.0,0.0,0
0.9032258064516129,0.8709677419354839,0.16666666666666666,0.0,1.0,207.74305555555554,162.1597222222222,80.24305555555554,34.6597222222222,0.23583333333333334,0.23529411764705882,0.2823529411764706,0.22794117647058823,0.028846153846153848,0.3076923076923077,0.3076923076923077,0.2916666666666667,0.26666666666666666,0.125,0.0,0.0,0.0,0
0.9032258064516129,0.8709677419354839,0.16666666666666666,0.0,1.0,207.74305555555554,162.1597222222222,80.24305555555554,34.6597222222222,0.23583333333333334,0.23529411764705882,0.2823529411764706,0.22794117647058823,0.028846153846153848,0.3076923076923077,0.3076923076923077,0.2916666666666667,0.26666666666666666,0.125,0.0,0.0,0.0,0
0.9032258064516129,0.8709677419354839,0.16666666666666666,0.0,1.0,207.74305555555554,162.1597222222222,80.24305555555554,34.6597222222222,0.23583333333333334,0.23529411764705882,0.2823529411764706,0.22794117647058823,0.028846153846153848,0.3076923076923077,0.3076923076923077,0.2916666666666667,0.26666666666666666,0.125,0.0,0.0,0.0,0
0.8709677419354839,0.8387096774193549,0.5,0.0,2.0,233.61111111111111,167.45833333333334,150.04861111111111,83.89583333333334,0.18916666666666668,0.09558823529411764,0.3411764705882353,0.45588235294117646,0.0,0.4307692307692308,0.25961538461538464,0.0,0.21666666666666667,0.17708333333333334,0.0,0.0,0.0,1
0.8709677419354839,0.8387096774193549,0.5,0.0,2.0,233.61111111111111,167.45833333333334,150.04861111111111,83.89583333333334,0.18916666666666668,0.09558823529411764,0.3411764705882353,0.45588235294117646,0.0,0.4307692307692308,0.25961538461538464,0.0,0.21666666666666667,0.17708333333333334,0.0,0.0,0.0,1
0.8709677419354839,0.8387096774193549,0.5,0.0,2.0,233.61111111111111,167.45833333333334,150.04861111111111,83.89583333333334,0.18916666666666668,0.09558823529411764,0.3411764705882353,0.45588235294117646,0.0,0.4307692307692308,0.25961538461538464,0.0,0.21666666666666667,0.17708333333333334,0.0,0.0,0.0,1
0.8064516129032258,0.7741935483870968,0.0,0.0,1.0,217.2777777777778,198.39583333333334,85.63194444444446,66.75,0.1775,0.07352941176470588,0.10588235294117647,0.21323529411764705,0.0,0.27692307692307694,0.25,0.2916666666666667,0.15,0.0,0.0,0.0,0.0,0
0.8064516129032258,0.7741935483870968,0.0,0.0,1.0,217.2777777777778,198.39583333333334,85.63194444444446,66.75,0.1775,0.07352941176470588,0.10588235294117647,0.21323529411764705,0.0,0.27692307692307694,0.25,0.2916666666666667,0.15,0.0,0.0,0.0,0.0,0
0.8064516129032258,0.7741935483870968,0.0,0.0,1.0,217.2777777777778,198.39583333333334,85.63194444444446,66.75,0.1775,0.07352941176470588,0.10588235294117647,0.21323529411764705,0.0,0.27692307692307694,0.25,0.2916666666666667,0.15,0.0,0.0,0.0,0.0,0
0.7419354838709677,0.7096774193548387,0.5833333333333334,0.0,2.0,237.2847222222222,254.39583333333334,114.63888888888887,131.75,0.06,0.022058823529411766,0.09411764705882353,0.0,0.04807692307692308,0.4307692307692308,0.0,0.0,0.11666666666666667,0.0,0.0,0.0,0.0,0
0.7419354838709677,0.7096774193548387,0.5833333333333334,0.0,2.0,237.2847222222222,254.39583333333334,114.63888888888887,131.75,0.06,0.022058823529411766,0.09411764705882353,0.0,0.04807692307692308,0.4307692307692308,0.0,0.0,0.11666666666666667,0.0,0.0,0.0,0.0,0
0.7419354838709677,0.7096774193548387,0.5833333333333334,0.0,2.0,237.2847222222222,254.39583333333334,114.63888888888887,131.75,0.06,0.022058823529411766,0.09411764705882353,0.0,0.04807692307692308,0.4307692307692308,0.0,0.0,0.11666666666666667,0.0,0.0,0.0,0.0,0
0.7419354838709677,0.7096774193548387,0.5833333333333334,0.0,2.0,237.2847222222222,254.39583333333334,114.63888888888887,131.75,0.06,0.022058823529411766,0.09411764705882353,0.0,0.04807692307692308,0.4307692307692308,0.0,0.0,0.11666666666666667,0.0,0.0,0.0,0.0,0
0.8333333333333334,0.7380952380952381,0.1111111111111111,0.0,3.0,199.32275132275132,190.7142857142857,61.10052910052909,52.492063492063465,0.15873015873015872,0.06547619047619048,0.44761904761904764,0.27380952380952384,0.41203703703703703,0.34074074074074073,0.39351851851851855,0.0,0.35555555555555557,0.13425925925925927,0.0,0.0,0.0,0
0.8333333333333334,0.7380952380952381,0.1111111111111111,0.0,3.0,199.32275132275132,190.7142857142857,61.10052910052909,52.492063492063465,0.15873015873015872,0.06547619047619048,0.44761904761904764,0.27380952380952384,0.41203703703703703,0.34074074074074073,0.39351851851851855,0.0,0.35555555555555557,0.13425925925925927,0.0,0.0,0.0,0
0.8333333333333334,0.7380952380952381,0.1111111111111111,0.0,3.0,199.32275132275132,190.7142857142857,61.10052910052909,52.492063492063465,0.15873015873015872,0.06547619047619048,0.44761904761904764,0.27380952380952384,0.41203703703703703,0.34074074074074073,0.39351851851851855,0.0,0.35555555555555557,0.13425925925925927,0.0,0.0,0.0,0
0.8333333333333334,0.7380952380952381,0.1111111111111111,0.0,3.0,199.32275132275132,190.7142857142857,61.10052910052909,52.492063492063465,0.15873015873015872,0.06547619047619048,0.44761904761904764,0.27380952380952384,0.41203703703703703,0.34074074074074073,0.39351851851851855,0.0,0.35555555555555557,0.13425925925925927,0.0,0.0,0.0,0
0.8333333333333334,0.7380952380952381,0.1111111111111111,0.0,3.0,199.32275132275132,190.7142857142857,61.10052910052909,52.492063492063465,0.15873015873015872,0.06547619047619048,0.44761904761904764,0.27380952380952384,0.41203703703703703,0.34074074074074073,0.39351851851851855,0.0,0.35555555555555557,0.13425925925925927,0.0,0.0,0.0,0
0.7666666666666667,0.7666666666666667,0.0,0.7916666666666666,4.0,239.58865248226948,141.4255319148936,152.37588652482268,54.212765957446805,0.28405797101449276,0.0,0.0,0.0,0.0,0.3333333333333333,0.2916666666666667,0.05,0.8,0.6375,0.075,0.4666666666666667,0.39166666666666666,0
0.7666666666666667,0.7666666666666667,0.0,0.7916666666666666,4.0,239.58865248226948,141.4255319148936,152.37588652482268,54.212765957446805,0.28405797101449276,0.0,0.0,0.0,0.0,0.3333333333333333,0.2916666666666667,0.05,0.8,0.6375,0.075,0.4666666666666667,0.39166666666666666,0
0.7666666666666667,0.7666666666666667,0.0,0.7916666666666666,4.0,239.58865248226948,141.4255319148936,152.37588652482268,54.212765957446805,0.28405797101449276,0.0,0.0,0.0,0.0,0.3333333333333333,0.2916666666666667,0.05,0.8,0.6375,0.075,0.4666666666666667,0.39166666666666666,0
0.7666666666666667,0.8,0.0,0.7916666666666666,4.0,239.58865248226948,141.4255319148936,152.37588652482268,54.212765957446805,0.293719806763285,0.0,0.0,0.0,0.0,0.36363636363636365,0.3181818181818182,0.045454545454545456,0.7818181818181819,0.6477272727272727,0.075,0.4266666666666667,0.38333333333333336,0
0.8,0.8,0.0,0.8333333333333334,4.0,224.0709219858156,161.79432624113474,141.98581560283688,79.70921985815602,0.2975845410628019,0.0,0.0,0.0,0.0,0.36363636363636365,0.3522727272727273,0.011363636363636364,0.8545454545454545,0.5568181818181818,0.1,0.48,0.35,0
0.8,0.8,0.0,0.9166666666666666,2.0,85.43971631205675,137.61702127659575,-32.7304964539007,19.446808510638306,0.33719806763285026,0.0,0.0,0.0,0.17045454545454544,0.2545454545454545,0.26136363636363635,0.38636363636363635,0.5272727272727272,0.45454545454545453,0.2916666666666667,0.3466666666666667,0.3,0
0.8,0.7666666666666667,0.0,0.9166666666666666,2.0,85.43971631205675,137.61702127659575,-32.7304964539007,19.446808510638306,0.33719806763285026,0.0,0.0,0.0,0.17045454545454544,0.2545454545454545,0.26136363636363635,0.38636363636363635,0.5272727272727272,0.45454545454545453,0.2916666666666667,0.3466666666666667,0.3,0
0.8,0.7666666666666667,0.0,0.9166666666666666,2.0,85.43971631205675,137.61702127659575,-32.7304964539007,19.446808510638306,0.33719806763285026,0.0,0.0,0.0,0.17045454545454544,0.2545454545454545,0.26136363636363635,0.38636363636363635,0.5272727272727272,0.45454545454545453,0.2916666666666667,0.3466666666666667,0.3,0
0.7333333333333333,0.7,0.16666666666666666,1.0,2.0,203.52482269503548,154.92198581560282,84.58865248226952,35.985815602836865,0.2821256038647343,0.0,0.0,0.06666666666666667,0.011363636363636364,0.38181818181818183,0.5113636363636364,0.18181818181818182,0.4909090909090909,0.07954545454545454,0.65,0.7333333333333333,0.7,0
0.7333333333333333,0.7,0.16666666666666666,1.0,2.0,203.52482269503548,154.92198581560282,84.58865248226952,35.985815602836865,0.2821256038647343,0.0,0.0,0.06666666666666667,0.011363636363636364,0.38181818181818183,0.5113636363636364,0.18181818181818182,0.4909090909090909,0.07954545454545454,0.65,0.7333333333333333,0.7,0
0.7333333333333333,0.7,0.16666666666666666,1.0,2.0,203.52482269503548,154.92198581560282,84.58865248226952,35.985815602836865,0.2821256038647343,0.0,0.0,0.06666666666666667,0.011363636363636364,0.38181818181818183,0.5113636363636364,0.18181818181818182,0.4909090909090909,0.07954545454545454,0.65,0.7333333333333333,0.7,0
0.7333333333333333,0.7,0.2916666666666667,0.125,4.5,221.11347517730496,163.90780141843973,73.47517730496455,16.269503546099315,0.25507246376811593,0.025,0.0,0.0,0.125,0.2,0.0,0.03409090909090909,0.43636363636363634,0.5,0.5833333333333334,0.64,0.6166666666666667,0
0.7333333333333333,0.7,0.2916666666666667,0.125,4.5,221.11347517730496,163.90780141843973,73.47517730496455,16.269503546099315,0.25507246376811593,0.025,0.0,0.0,0.125,0.2,0.0,0.03409090909090909,0.43636363636363634,0.5,0.5833333333333334,0.64,0.6166666666666667,0
0.7333333333333333,0.7,0.2916666666666667,0.125,4.5,221.11347517730496,163.90780141843973,73.47517730496455,16.269503546099315,0.25507246376811593,0.025,0.0,0.0,0.125,0.2,0.0,0.03409090909090909,0.43636363636363634,0.5,0.5833333333333334,0.64,0.6166666666666667,0
0.8333333333333334,0.8,0.16666666666666666,1.0,1.0,234.17730496453905,182.92198581560282,123.85815602836884,72.60283687943262,0.13719806763285025,0.008333333333333333,0.04,0.0,0.045454545454545456,0.2545454545454545,0.375,0.0,0.21818181818181817,0.0,0.0,0.36,0.075,0
0.8333333333333334,0.8,0.16666666666666666,1.0,1.0,234.17730496453905,182.92198581560282,123.85815602836884,72.60283687943262,0.13719806763285025,0.008333333333333333,0.04,0.0,0.045454545454545456,0.2545454545454545,0.375,0.0,0.21818181818181817,0.0,0.0,0.36,0.075,0
0.8333333333333334,0.8,0.16666666666666666,1.0,1.0,234.17730496453905,182.92198581560282,123.85815602836884,72.60283687943262,0.13719806763285025,0.008333333333333333,0.04,0.0,0.045454545454545456,0.2545454545454545,0.375,0.0,0.21818181818181817,0.0,0.0,0.36,0.075,0
0.8333333333333334,0.8,0.16666666666666666,1.0,1.0,234.17730496453905,182.92198581560282,123.85815602836884,72.60283687943262,0.13719806763285025,0.008333333333333333,0.04,0.0,0.045454545454545456,0.2545454545454545,0.375,0.0,0.21818181818181817,0.0,0.0,0.36,0.075,0
0.7666666666666667,0.7,0.0,1.0,1.0,238.177304964539,140.60283687943263,106.00709219858155,8.432624113475185,0.22608695652173913,0.0,0.06666666666666667,0.125,0.0,0.32727272727272727,0.45454545454545453,0.10227272727272728,0.23636363636363636,0.0,0.2,0.5866666666666667,0.6583333333333333,0
0.7666666666666667,0.7,0.0,1.0,1.0,238.177304964539,140.60283687943263,106.00709219858155,8.432624113475185,0.22608695652173913,0.0,0.06666666666666667,0.125,0.0,0.32727272727272727,0.45454545454545453,0.10227272727272728,0.23636363636363636,0.0,0.2,0.5866666666666667,0.6583333333333333,0
0.7666666666666667,0.7,0.0,1.0,1.0,238.177304964539,140.60283687943263,106.00709219858155,8.432624113475185,0.22608695652173913,0.0,0.06666666666666667,0.125,0.0,0.32727272727272727,0.45454545454545453,0.10227272727272728,0.23636363636363636,0.0,0.2,0.5866666666666667,0.6583333333333333,0
0.7666666666666667,0.7,0.0,1.0,1.0,238.177304964539,140.60283687943263,106.00709219858155,8.432624113475185,0.22608695652173913,0.0,0.06666666666666667,0.125,0.0,0.32727272727272727,0.45454545454545453,0.10227272727272728,0.23636363636363636,0.0,0.2,0.5866666666666667,0.6583333333333333,0
0.7666666666666667,0.7,0.0,1.0,1.0,238.177304964539,140.60283687943263,106.00709219858155,8.432624113475185,0.22608695652173913,0.0,0.06666666666666667,0.125,0.0,0.32727272727272727,0.45454545454545453,0.10227272727272728,0.23636363636363636,0.0,0.2,0.5866666666666667,0.6583333333333333,0
1.0333333333333334,1.0333333333333334,0.3333333333333333,1.0,1.0,235.36879432624116,181.8156028368794,193.5390070921986,139.98581560283685,0.14396135265700483,0.0,0.13333333333333333,0.3,0.0,0.32727272727272727,0.2727272727272727,0.0,0.2,0.0,0.15,0.32,0.10833333333333334,0
1.0333333333333334,1.0333333333333334,0.3333333333333333,1.0,1.0,235.36879432624116,181.8156028368794,193.5390070921986,139.98581560283685,0.14396135265700483,0.0,0.13333333333333333,0.3,0.0,0.32727272727272727,0.2727272727272727,0.0,0.2,0.0,0.15,0.32,0.10833333333333334,0
0.9,0.8333333333333334,0.0,1.0,1.0,238.56028368794327,192.97872340425533,106.60283687943263,61.021276595744695,0.13429951690821257,0.08333333333333333,0.13333333333333333,0.075,0.0,0.2727272727272727,0.32954545454545453,0.0,0.2909090909090909,0.0,0.125,0.38666666666666666,0.0,0
0.9,0.8333333333333334,0.0,1.0,1.0,238.56028368794327,192.97872340425533,106.60283687943263,61.021276595744695,0.13429951690821257,0.08333333333333333,0.13333333333333333,0.075,0.0,0.2727272727272727,0.32954545454545453,0.0,0.2909090909090909,0.0,0.125,0.38666666666666666,0.0,0
0.9,0.8333333333333334,0.0,1.0,1.0,238.56028368794327,192.97872340425533,106.60283687943263,61.021276595744695,0.13429951690821257,0.08333333333333333,0.13333333333333333,0.075,0.0,0.2727272727272727,0.32954545454545453,0.0,0.2909090909090909,0.0,0.125,0.38666666666666666,0.0,0
0.7666666666666667,0.7333333333333333,0.3333333333333333,1.0,2.0,237.77304964539007,132.42553191489364,134.66666666666669,29.319148936170237,0.21256038647342995,0.0,0.32,0.2833333333333333,0.0,0.32727272727272727,0.42045454545454547,0.0,0.45454545454545453,0.23863636363636365,0.041666666666666664,0.37333333333333335,0.11666666666666667,1
0.7666666666666667,0.7333333333333333,0.3333333333333333,1.0,2.0,237.77304964539007,132.42553191489364,134.66666666666669,29.319148936170237,0.21256038647342995,0.0,0.32,0.2833333333333333,0.0,0.32727272727272727,0.42045454545454547,0.0,0.45454545454545453,0.23863636363636365,0.041666666666666664,0.37333333333333335,0.11666666666666667,1
0.7666666666666667,0.7333333333333333,0.3333333333333333,1.0,2.0,237.77304964539007,132.42553191489364,134.66666666666669,29.319148936170237,0.21256038647342995,0.0,0.32,0.2833333333333333,0.0,0.32727272727272727,0.42045454545454547,0.0,0.45454545454545453,0.23863636363636365,0.041666666666666664,0.37333333333333335,0.11666666666666667,1
0.7666666666666667,0.7333333333333333,0.3333333333333333,1.0,2.0,237.77304964539007,132.42553191489364,134.66666666666669,29.319148936170237,0.21256038647342995,0.0,0.32,0.2833333333333333,0.0,0.32727272727272727,0.42045454545454547,0.0,0.45454545454545453,0.23863636363636365,0.041666666666666664,0.37333333333333335,0.11666666666666667,1
0.8666666666666667,0.8666666666666667,0.75,0.16666666666666666,4.0,231.80851063829786,140.80851063829786,152.08510638297872,61.08510638297871,0.28888888888888886,0.0,0.2,0.13333333333333333,0.03125,0.8,0.65625,0.0,0.4,0.2375,0.0,0.02666666666666667,0.008333333333333333,0
0.8666666666666667,0.8333333333333334,0.75,0.16666666666666666,4.0,231.80851063829786,140.80851063829786,152.08510638297872,61.08510638297871,0.28888888888888886,0.0,0.25333333333333335,0.16666666666666666,0.03409090909090909,0.8,0.6477272727272727,0.0,0.36363636363636365,0.2159090909090909,0.0,0.0,0.0,0
0.8666666666666667,0.8333333333333334,0.75,0.16666666666666666,4.0,231.80851063829786,140.80851063829786,152.08510638297872,61.08510638297871,0.28888888888888886,0.0,0.25333333333333335,0.16666666666666666,0.03409090909090909,0.8,0.6477272727272727,0.0,0.36363636363636365,0.2159090909090909,0.0,0.0,0.0,0
0.8666666666666667,0.8333333333333334,0.75,0.16666666666666666,4.0,231.80851063829786,140.80851063829786,152.08510638297872,61.08510638297871,0.28888888888888886,0.0,0.25333333333333335,0.16666666666666666,0.03409090909090909,0.8,0.6477272727272727,0.0,0.36363636363636365,0.2159090909090909,0.0,0.0,0.0,0
0.8666666666666667,0.8333333333333334,1.0,0.20833333333333334,4.0,225.00709219858155,159.0709219858156,148.90070921985813,82.9645390070922,0.2956521739130435,0.0,0.28,0.19166666666666668,0.03409090909090909,0.8727272727272727,0.6590909090909091,0.011363636363636364,0.38181818181818183,0.19318181818181818,0.0,0.0,0.0,0
0.8666666666666667,0.8333333333333334,0.4166666666666667,0.25,2.0,85.38297872340426,141.99290780141843,-50.148936170212764,6.460992907801398,0.34202898550724636,0.11666666666666667,0.18666666666666668,0.18333333333333332,0.3977272727272727,0.6363636363636364,0.5113636363636364,0.19318181818181818,0.2,0.13636363636363635,0.0,0.0,0.0,0
0.8666666666666667,0.8333333333333334,0.4166666666666667,0.25,2.0,85.38297872340426,141.99290780141843,-50.148936170212764,6.460992907801398,0.34202898550724636,0.11666666666666667,0.18666666666666668,0.18333333333333332,0.3977272727272727,0.6363636363636364,0.5113636363636364,0.19318181818181818,0.2,0.13636363636363635,0.0,0.0,0.0,0
0.8666666666666667,0.8333333333333334,0.4166666666666667,0.25,2.0,85.38297872340426,141.99290780141843,-50.148936170212764,6.460992907801398,0.34202898550724636,0.11666666666666667,0.18666666666666668,0.18333333333333332,0.3977272727272727,0.6363636363636364,0.5113636363636364,0.19318181818181818,0.2,0.13636363636363635,0.0,0.0,0.0,0
0.8666666666666667,0.8333333333333334,0.4166666666666667,0.25,2.0,85.38297872340426,141.99290780141843,-50.148936170212764,6.460992907801398,0.34202898550724636,0.11666666666666667,0.18666666666666668,0.18333333333333332,0.3977272727272727,0.6363636363636364,0.5113636363636364,0.19318181818181818,0.2,0.13636363636363635,0.0,0.0,0.0,0
0.8666666666666667,0.8,0.7222222222222222,0.0,3.0,172.91489361702125,213.5390070921986,62.61702127659572,103.24113475177307,0.2531400966183575,0.23333333333333334,0.21333333333333335,0.016666666666666666,0.5454545454545454,0.6181818181818182,0.045454545454545456,0.1590909090909091,0.2727272727272727,0.011363636363636364,0.0,0.0,0.0,0
0.8666666666666667,0.8,0.7222222222222222,0.0,3.0,172.91489361702125,213.5390070921986,62.61702127659572,103.24113475177307,0.2531400966183575,0.23333333333333334,0.21333333333333335,0.016666666666666666,0.5454545454545454,0.6181818181818182,0.045454545454545456,0.1590909090909091,0.2727272727272727,0.011363636363636364,0.0,0.0,0.0,0
0.8666666666666667,0.8,0.7222222222222222,0.0,3.0,172.91489361702125,213.5390070921986,62.61702127659572,103.24113475177307,0.2531400966183575,0.23333333333333334,0.21333333333333335,0.016666666666666666,0.5454545454545454,0.6181818181818182,0.045454545454545456,0.1590909090909091,0.2727272727272727,0.011363636363636364,0.0,0.0,0.0,0
0.8666666666666667,0.8,0.7222222222222222,0.0,3.0,172.91489361702125,213.5390070921986,62.61702127659572,103.24113475177307,0.2531400966183575,0.23333333333333334,0.21333333333333335,0.016666666666666666,0.5454545454545454,0.6181818181818182,0.045454545454545456,0.1590909090909091,0.2727272727272727,0.011363636363636364,0.0,0.0,0.0,0
0.8666666666666667,0.8,0.7222222222222222,0.0,3.0,172.91489361702125,213.5390070921986,62.61702127659572,103.24113475177307,0.2531400966183575,0.23333333333333334,0.21333333333333335,0.016666666666666666,0.5454545454545454,0.6181818181818182,0.045454545454545456,0.1590909090909091,0.2727272727272727,0.011363636363636364,0.0,0.0,0.0,0
0.8666666666666667,0.8,0.0,0.5833333333333334,2.0,230.12765957446808,164.17021276595744,114.65957446808511,48.70212765957447,0.13816425120772946,0.0,0.10666666666666667,0.2,0.0,0.2909090909090909,0.375,0.0,0.2909090909090909,0.0,0.0,0.3333333333333333,0.3333333333333333,0
0.8666666666666667,0.8,0.0,0.5833333333333334,2.0,230.12765957446808,164.17021276595744,114.65957446808511,48.70212765957447,0.13816425120772946,0.0,0.10666666666666667,0.2,0.0,0.2909090909090909,0.375,0.0,0.2909090909090909,0.0,0.0,0.3333333333333333,0.3333333333333333,0
0.8666666666666667,0.8,0.0,0.5833333333333334,2.0,230.12765957446808,164.17021276595744,114.65957446808511,48.70212765957447,0.13816425120772946,0.0,0.10666666666666667,0.2,0.0,0.2909090909090909,0.375,0.0,0.2909090909090909,0.0,0.0,0.3333333333333333,0.3333333333333333,0
0.8666666666666667,0.8,0.0,0.5833333333333334,2.0,230.12765957446808,164.17021276595744,114.65957446808511,48.70212765957447,0.13816425120772946,0.0,0.10666666666666667,0.2,0.0,0.2909090909090909,0.375,0.0,0.2909090909090909,0.0,0.0,0.3333333333333333,0.3333333333333333,0
1.0333333333333334,1.0333333333333334,0.0,0.6666666666666666,1.5,225.6241134751773,179.31205673758868,112.56028368794325,66.24822695035463,0.1748792270531401,0.0,0.0,0.1,0.0,0.4,0.38636363636363635,0.0,0.2545454545454545,0.0,0.30833333333333335,0.26666666666666666,0.0,0
1.0333333333333334,1.0333333333333334,0.0,0.6666666666666666,1.5,225.6241134751773,179.31205673758868,112.56028368794325,66.24822695035463,0.1748792270531401,0.0,0.0,0.1,0.0,0.4,0.38636363636363635,0.0,0.2545454545454545,0.0,0.30833333333333335,0.26666666666666666,0.0,0
1.0333333333333334,1.0333333333333334,0.0,0.6666666666666666,1.5,225.6241134751773,179.31205673758868,112.56028368794325,66.24822695035463,0.1748792270531401,0.0,0.0,0.1,0.0,0.4,0.38636363636363635,0.0,0.2545454545454545,0.0,0.30833333333333335,0.26666666666666666,0.0,0
1.0333333333333334,1.0333333333333334,0.0,0.16666666666666666,2.0,223.66666666666666,224.17021276595744,141.34751773049646,141.85106382978722,0.12270531400966184,0.0,0.0,0.0,0.0,0.34545454545454546,0.0,0.0,0.36363636363636365,0.0,0.0,0.0,0.0,0
1.0333333333333334,1.0333333333333334,0.0,0.16666666666666666,2.0,223.66666666666666,224.17021276595744,141.34751773049646,141.85106382978722,0.12270531400966184,0.0,0.0,0.0,0.0,0.34545454545454546,0.0,0.0,0.36363636363636365,0.0,0.0,0.0,0.0,0
1.0333333333333334,1.0333333333333334,0.0,0.16666666666666666,2.0,223.66666666666666,224.17021276595744,141.34751773049646,141.85106382978722,0.12270531400966184,0.0,0.0,0.0,0.0,0.34545454545454546,0.0,0.0,0.36363636363636365,0.0,0.0,0.0,0.0,0
1.0333333333333334,1.0333333333333334,0.0,0.16666666666666666,2.0,223.66666666666666,224.17021276595744,141.34751773049646,141.85106382978722,0.12270531400966184,0.0,0.0,0.0,0.0,0.34545454545454546,0.0,0.0,0.36363636363636365,0.0,0.0,0.0,0.0,0
0.8666666666666667,0.7,0.0,1.0,1.0,226.05673758865248,183.79432624113474,111.35460992907801,69.09219858156027,0.16135265700483092,0.0,0.0,0.0,0.0,0.2545454545454545,0.36363636363636365,0.0,0.2,0.0,0.0,0.26666666666666666,0.26666666666666666,0
0.8666666666666667,0.7,0.0,1.0,1.0,226.05673758865248,183.79432624113474,111.35460992907801,69.09219858156027,0.16135265700483092,0.0,0.0,0.0,0.0,0.2545454545454545,0.36363636363636365,0.0,0.2,0.0,0.0,0.26666666666666666,0.26666666666666666,0
1.0333333333333334,1.0333333333333334,0.08333333333333333,1.0,2.0,222.31205673758868,183.82978723404256,136.7375886524823,98.25531914893617,0.19130434782608696,0.0,0.04,0.18333333333333332,0.0,0.45454545454545453,0.3068181818181818,0.0,0.32727272727272727,0.0,0.3333333333333333,0.3333333333333333,0.0,0
1.0333333333333334,1.0333333333333334,0.08333333333333333,1.0,2.0,222.31205673758868,183.82978723404256,136.7375886524823,98.25531914893617,0.19130434782608696,0.0,0.04,0.18333333333333332,0.0,0.45454545454545453,0.3068181818181818,0.0,0.32727272727272727,0.0,0.3333333333333333,0.3333333333333333,0.0,0
1.0333333333333334,1.0333333333333334,0.08333333333333333,1.0,2.0,222.31205673758868,183.82978723404256,136.7375886524823,98.25531914893617,0.19130434782608696,0.0,0.04,0.18333333333333332,0.0,0.45454545454545453,0.3068181818181818,0.0,0.32727272727272727,0.0,0.3333333333333333,0.3333333333333333,0.0,0
1.0333333333333334,1.0333333333333334,0.0,0.08333333333333333,2.0,227.71631205673756,226.08510638297875,121.37588652482268,119.74468085106386,0.178743961352657,0.0,0.0,0.0,0.0,0.34545454545454546,0.0,0.0,0.32727272727272727,0.0,0.0,0.0,0.0,0
1.0333333333333334,1.0333333333333334,0.0,0.16666666666666666,2.0,227.2624113475177,226.7446808510638,122.87943262411346,122.36170212765956,0.19420289855072465,0.0,0.0,0.0,0.0,0.34545454545454546,0.09090909090909091,0.0,0.32727272727272727,0.125,0.0,0.0,0.09166666666666666,0
1.0333333333333334,1.0333333333333334,0.0,0.16666666666666666,2.0,227.2624113475177,226.7446808510638,122.87943262411346,122.36170212765956,0.19420289855072465,0.0,0.0,0.0,0.0,0.34545454545454546,0.09090909090909091,0.0,0.32727272727272727,0.125,0.0,0.0,0.09166666666666666,0
1.0333333333333334,1.0333333333333334,0.0,0.16666666666666666,2.0,227.2624113475177,226.7446808510638,122.87943262411346,122.36170212765956,0.19420289855072465,0.0,0.0,0.0,0.0,0.34545454545454546,0.09090909090909091,0.0,0.32727272727272727,0.125,0.0,0.0,0.09166666666666666,0
1.0333333333333334,1.0333333333333334,0.0,0.16666666666666666,2.0,227.2624113475177,226.7446808510638,122.87943262411346,122.36170212765956,0.19420289855072465,0.0,0.0,0.0,0.0,0.34545454545454546,0.09090909090909091,0.0,0.32727272727272727,0.125,0.0,0.0,0.09166666666666666,0
1.0333333333333334,0.9333333333333333,0.0,1.0,1.0,226.4113475177305,185.0,101.64539007092198,60.234042553191486,0.2599033816425121,0.0,0.0,0.0,0.11363636363636363,0.3090909090909091,0.3181818181818182,0.10227272727272728,0.23636363636363636,0.0,0.0,0.29333333333333333,0.3333333333333333,0
1.0333333333333334,0.9333333333333333,0.0,1.0,1.0,226.4113475177305,185.0,101.64539007092198,60.234042553191486,0.2599033816425121,0.0,0.0,0.0,0.11363636363636363,0.3090909090909091,0.3181818181818182,0.10227272727272728,0.23636363636363636,0.0,0.0,0.29333333333333333,0.3333333333333333,0
1.0333333333333334,0.9333333333333333,0.0,1.0,1.0,226.4113475177305,185.0,101.64539007092198,60.234042553191486,0.2599033816425121,0.0,0.0,0.0,0.11363636363636363,0.3090909090909091,0.3181818181818182,0.10227272727272728,0.23636363636363636,0.0,0.0,0.29333333333333333,0.3333333333333333,0
1.0333333333333334,0.8666666666666667,0.8333333333333334,0.5,1.0,222.13475177304963,180.09929078014184,124.47517730496452,82.43971631205673,0.21159420289855072,0.0,0.16,0.4166666666666667,0.0,0.2909090909090909,0.14772727272727273,0.0,0.18181818181818182,0.0,0.3333333333333333,0.25333333333333335,0.0,1
1.0333333333333334,0.8666666666666667,0.8333333333333334,0.5,1.0,222.13475177304963,180.09929078014184,124.47517730496452,82.43971631205673,0.21159420289855072,0.0,0.16,0.4166666666666667,0.0,0.2909090909090909,0.14772727272727273,0.0,0.18181818181818182,0.0,0.3333333333333333,0.25333333333333335,0.0,1
1.0333333333333334,0.8666666666666667,0.8333333333333334,0.5,1.0,222.13475177304963,180.09929078014184,124.47517730496452,82.43971631205673,0.21159420289855072,0.0,0.16,0.4166666666666667,0.0,0.2909090909090909,0.14772727272727273,0.0,0.18181818181818182,0.0,0.3333333333333333,0.25333333333333335,0.0,1
1.0333333333333334,0.8666666666666667,0.8333333333333334,0.5,1.0,222.13475177304963,180.09929078014184,124.47517730496452,82.43971631205673,0.21159420289855072,0.0,0.16,0.4166666666666667,0.0,0.2909090909090909,0.14772727272727273,0.0,0.18181818181818182,0.0,0.3333333333333333,0.25333333333333335,0.0,1
0.9333333333333333,0.8333333333333334,0.0,0.8333333333333334,2.0,223.58156028368793,167.05673758865248,114.32624113475177,57.801418439716315,0.21642512077294687,0.0,0.2,0.09166666666666666,0.0,0.32727272727272727,0.3522727272727273,0.0,0.2727272727272727,0.0,0.0,0.38666666666666666,0.3333333333333333,0
0.9333333333333333,0.8333333333333334,0.0,0.8333333333333334,2.0,223.58156028368793,167.05673758865248,114.32624113475177,57.801418439716315,0.21642512077294687,0.0,0.2,0.09166666666666666,0.0,0.32727272727272727,0.3522727272727273,0.0,0.2727272727272727,0.0,0.0,0.38666666666666666,0.3333333333333333,0
0.9333333333333333,0.8333333333333334,0.0,0.8333333333333334,2.0,223.58156028368793,167.05673758865248,114.32624113475177,57.801418439716315,0.21642512077294687,0.0,0.2,0.09166666666666666,0.0,0.32727272727272727,0.3522727272727273,0.0,0.2727272727272727,0.0,0.0,0.38666666666666666,0.3333333333333333,0
0.9333333333333333,0.8333333333333334,0.0,0.8333333333333334,2.0,223.58156028368793,167.05673758865248,114.32624113475177,57.801418439716315,0.21642512077294687,0.0,0.2,0.09166666666666666,0.0,0.32727272727272727,0.3522727272727273,0.0,0.2727272727272727,0.0,0.0,0.38666666666666666,0.3333333333333333,0
0.9333333333333333,0.8333333333333334,0.0,0.8333333333333334,2.0,223.58156028368793,167.05673758865248,114.32624113475177,57.801418439716315,0.21642512077294687,0.0,0.2,0.09166666666666666,0.0,0.32727272727272727,0.3522727272727273,0.0,0.2727272727272727,0.0,0.0,0.38666666666666666,0.3333333333333333,0
1.0333333333333334,1.0333333333333334,0.16666666666666666,1.0,1.0,224.48936170212764,178.21276595744678,162.80851063829786,116.531914893617,0.20869565217391303,0.0,0.013333333333333334,0.14166666666666666,0.0,0.32727272727272727,0.3181818181818182,0.0,0.23636363636363636,0.0,0.2916666666666667,0.29333333333333333,0.0,0
1.0333333333333334,1.0333333333333334,0.16666666666666666,1.0,1.0,224.48936170212764,178.21276595744678,162.80851063829786,116.531914893617,0.20869565217391303,0.0,0.013333333333333334,0.14166666666666666,0.0,0.32727272727272727,0.3181818181818182,0.0,0.23636363636363636,0.0,0.2916666666666667,0.29333333333333333,0.0,0
1.0333333333333334,1.0333333333333334,0.16666666666666666,1.0,1.0,224.48936170212764,178.21276595744678,162.80851063829786,116.531914893617,0.20869565217391303,0.0,0.013333333333333334,0.14166666666666666,0.0,0.32727272727272727,0.3181818181818182,0.0,0.23636363636363636,0.0,0.2916666666666667,0.29333333333333333,0.0,0
1.0333333333333334,1.0333333333333334,0.16666666666666666,1.0,1.0,224.48936170212764,178.21276595744678,162.80851063829786,116.531914893617,0.20869565217391303,0.0,0.013333333333333334,0.14166666666666666,0.0,0.32727272727272727,0.3181818181818182,0.0,0.23636363636363636,0.0,0.2916666666666667,0.29333333333333333,0.0,0
1.0333333333333334,1.0333333333333334,0.0,0.16666666666666666,2.0,227.2836879432624,225.7446808510638,136.6241134751773,135.0851063829787,0.157487922705314,0.0,0.0,0.0,0.0,0.34545454545454546,0.0,0.0,0.32727272727272727,0.0,0.0,0.0,0.0,0
1.0333333333333334,1.0333333333333334,0.0,0.16666666666666666,2.0,227.2836879432624,225.7446808510638,136.6241134751773,135.0851063829787,0.157487922705314,0.0,0.0,0.0,0.0,0.34545454545454546,0.0,0.0,0.32727272727272727,0.0,0.0,0.0,0.0,0
1.0333333333333334,1.0333333333333334,0.0,0.16666666666666666,2.0,227.2836879432624,225.7446808510638,136.6241134751773,135.0851063829787,0.157487922705314,0.0,0.0,0.0,0.0,0.34545454545454546,0.0,0.0,0.32727272727272727,0.0,0.0,0.0,0.0,0
1.0,1.0,0.0,1.0,2.0,226.78014184397162,174.24113475177305,116.75886524822694,64.21985815602837,0.221256038647343,0.0,0.0,0.06666666666666667,0.09090909090909091,0.45454545454545453,0.4090909090909091,0.0,0.4909090909090909,0.06818181818181818,0.2833333333333333,0.38666666666666666,0.0,0
1.0,1.0,0.0,1.0,2.0,226.78014184397162,174.24113475177305,116.75886524822694,64.21985815602837,0.221256038647343,0.0,0.0,0.06666666666666667,0.09090909090909091,0.45454545454545453,0.4090909090909091,0.0,0.4909090909090909,0.06818181818181818,0.2833333333333333,0.38666666666666666,0.0,0
1.0,1.0,0.0,1.0,2.0,226.78014184397162,174.24113475177305,116.75886524822694,64.21985815602837,0.221256038647343,0.0,0.0,0.06666666666666667,0.09090909090909091,0.45454545454545453,0.4090909090909091,0.0,0.4909090909090909,0.06818181818181818,0.2833333333333333,0.38666666666666666,0.0,0
1.0,1.0333333333333334,0.0,1.0,2.5,226.78014184397162,174.24113475177305,116.75886524822694,64.21985815602837,0.221256038647343,0.0,0.0,0.06666666666666667,0.1,0.5,0.45,0.0,0.48333333333333334,0.0625,0.2833333333333333,0.36,0.0,0
0.9333333333333333,0.8,0.0,1.0,1.0,226.8156028368794,177.4609929078014,138.77304964539005,89.41843971631204,0.21159420289855072,0.0,0.0,0.0,0.0,0.2909090909090909,0.42045454545454547,0.0,0.2727272727272727,0.0,0.0,0.28,0.3333333333333333,0
0.9333333333333333,0.8,0.0,1.0,1.0,226.8156028368794,177.4609929078014,138.77304964539005,89.41843971631204,0.21159420289855072,0.0,0.0,0.0,0.0,0.2909090909090909,0.42045454545454547,0.0,0.2727272727272727,0.0,0.0,0.28,0.3333333333333333,0
0.9333333333333333,0.8,0.0,1.0,1.0,226.8156028368794,177.4609929078014,138.77304964539005,89.41843971631204,0.21159420289855072,0.0,0.0,0.0,0.0,0.2909090909090909,0.42045454545454547,0.0,0.2727272727272727,0.0,0.0,0.28,0.3333333333333333,0
0.9333333333333333,0.8,0.0,1.0,1.0,226.8156028368794,177.4609929078014,138.77304964539005,89.41843971631204,0.21159420289855072,0.0,0.0,0.0,0.0,0.2909090909090909,0.42045454545454547,0.0,0.2727272727272727,0.0,0.0,0.28,0.3333333333333333,0
0.9333333333333333,0.8,0.0,1.0,1.0,226.8156028368794,177.4609929078014,138.77304964539005,89.41843971631204,0.21159420289855072,0.0,0.0,0.0,0.0,0.2909090909090909,0.42045454545454547,0.0,0.2727272727272727,0.0,0.0,0.28,0.3333333333333333,0
1.0333333333333334,1.0333333333333334,0.0,0.16666666666666666,2.0,225.02127659574467,221.94326241134752,136.48936170212764,133.4113475177305,0.15072463768115943,0.0,0.0,0.016666666666666666,0.0,0.38181818181818183,0.0,0.0,0.32727272727272727,0.0,0.0,0.26666666666666666,0.23333333333333334,0
1.0333333333333334,1.0333333333333334,0.0,0.16666666666666666,2.0,225.02127659574467,221.94326241134752,136.48936170212764,133.4113475177305,0.15072463768115943,0.0,0.0,0.016666666666666666,0.0,0.38181818181818183,0.0,0.0,0.32727272727272727,0.0,0.0,0.26666666666666666,0.23333333333333334,0
1.0333333333333334,1.0333333333333334,0.0,0.16666666666666666,2.0,225.02127659574467,221.94326241134752,136.48936170212764,133.4113475177305,0.15072463768115943,0.0,0.0,0.016666666666666666,0.0,0.38181818181818183,0.0,0.0,0.32727272727272727,0.0,0.0,0.26666666666666666,0.23333333333333334,0
1.0333333333333334,1.0333333333333334,0.0,0.16666666666666666,2.0,225.02127659574467,221.94326241134752,136.48936170212764,133.4113475177305,0.15072463768115943,0.0,0.0,0.016666666666666666,0.0,0.38181818181818183,0.0,0.0,0.32727272727272727,0.0,0.0,0.26666666666666666,0.23333333333333334,0
0.9333333333333333,0.8666666666666667,0.5833333333333334,0.08333333333333333,2.0,224.33333333333334,142.29787234042553,118.07801418439718,36.04255319148936,0.28599033816425123,0.0,0.3466666666666667,0.49166666666666664,0.011363636363636364,0.4,0.045454545454545456,0.0,0.2909090909090909,0.3977272727272727,0.2,0.37333333333333335,0.06666666666666667,0
0.9333333333333333,0.8666666666666667,0.5833333333333334,0.08333333333333333,2.0,224.33333333333334,142.29787234042553,118.07801418439718,36.04255319148936,0.28599033816425123,0.0,0.3466666666666667,0.49166666666666664,0.011363636363636364,0.4,0.045454545454545456,0.0,0.2909090909090909,0.3977272727272727,0.2,0.37333333333333335,0.06666666666666667,0
0.9333333333333333,0.8666666666666667,0.5833333333333334,0.08333333333333333,2.0,224.33333333333334,142.29787234042553,118.07801418439718,36.04255319148936,0.28599033816425123,0.0,0.3466666666666667,0.49166666666666664,0.011363636363636364,0.4,0.045454545454545456,0.0,0.2909090909090909,0.3977272727272727,0.2,0.37333333333333335,0.06666666666666667,0
0.9333333333333333,0.8666666666666667,0.5833333333333334,0.08333333333333333,2.0,224.33333333333334,142.29787234042553,118.07801418439718,36.04255319148936,0.28599033816425123,0.0,0.3466666666666667,0.49166666666666664,0.011363636363636364,0.4,0.045454545454545456,0.0,0.2909090909090909,0.3977272727272727,0.2,0.37333333333333335,0.06666666666666667,0
0.9,0.8333333333333334,0.8333333333333334,0.0,1.0,180.68794326241132,145.24113475177305,73.77304964539005,38.32624113475177,0.3497584541062802,0.1,0.16,0.375,0.0,0.2909090909090909,0.14772727272727273,0.3068181818181818,0.41818181818181815,0.36363636363636365,0.0,0.0,0.0,0
0.9,0.8333333333333334,0.8333333333333334,0.0,1.0,180.68794326241132,145.24113475177305,73.77304964539005,38.32624113475177,0.3497584541062802,0.1,0.16,0.375,0.0,0.2909090909090909,0.14772727272727273,0.3068181818181818,0.41818181818181815,0.36363636363636365,0.0,0.0,0.0,0
0.9,0.8333333333333334,0.8333333333333334,0.0,1.0,180.68794326241132,145.24113475177305,73.77304964539005,38.32624113475177,0.3497584541062802,0.1,0.16,0.375,0.0,0.2909090909090909,0.14772727272727273,0.3068181818181818,0.41818181818181815,0.36363636363636365,0.0,0.0,0.0,0
0.9,0.8333333333333334,0.8333333333333334,0.0,1.0,180.68794326241132,145.24113475177305,73.77304964539005,38.32624113475177,0.3497584541062802,0.1,0.16,0.375,0.0,0.2909090909090909,0.14772727272727273,0.3068181818181818,0.41818181818181815,0.36363636363636365,0.0,0.0,0.0,0
0.9,0.8333333333333334,0.8333333333333334,0.0,1.0,180.68794326241132,145.24113475177305,73.77304964539005,38.32624113475177,0.3497584541062802,0.1,0.16,0.375,0.0,0.2909090909090909,0.14772727272727273,0.3068181818181818,0.41818181818181815,0.36363636363636365,0.0,0.0,0.0,0
0.9333333333333333,0.8333333333333334,0.20833333333333334,0.125,3.5,185.43971631205673,142.04964539007094,77.56737588652481,34.17730496453902,0.3545893719806763,0.0,0.04,0.14166666666666666,0.0,0.36363636363636365,0.2840909090909091,0.3522727272727273,0.4,0.2727272727272727,0.0,0.0,0.0,0
0.9333333333333333,0.8333333333333334,0.20833333333333334,0.125,3.5,185.43971631205673,142.04964539007094,77.56737588652481,34.17730496453902,0.3545893719806763,0.0,0.04,0.14166666666666666,0.0,0.36363636363636365,0.2840909090909091,0.3522727272727273,0.4,0.2727272727272727,0.0,0.0,0.0,0
0.9333333333333333,0.8333333333333334,0.20833333333333334,0.125,3.5,185.43971631205673,142.04964539007094,77.56737588652481,34.17730496453902,0.3545893719806763,0.0,0.04,0.14166666666666666,0.0,0.36363636363636365,0.2840909090909091,0.3522727272727273,0.4,0.2727272727272727,0.0,0.0,0.0,0
0.9333333333333333,0.8333333333333334,0.20833333333333334,0.125,3.5,185.43971631205673,142.04964539007094,77.56737588652481,34.17730496453902,0.3545893719806763,0.0,0.04,0.14166666666666666,0.0,0.36363636363636365,0.2840909090909091,0.3522727272727273,0.4,0.2727272727272727,0.0,0.0,0.0,0
0.9333333333333333,0.8333333333333334,0.20833333333333334,0.125,3.5,185.43971631205673,142.04964539007094,77.56737588652481,34.17730496453902,0.3545893719806763,0.0,0.04,0.14166666666666666,0.0,0.36363636363636365,0.2840909090909091,0.3522727272727273,0.4,0.2727272727272727,0.0,0.0,0.0,0
0.9,0.8666666666666667,1.0,0.0,1.0,205.97163120567373,195.91489361702125,106.99290780141841,96.93617021276593,0.18647342995169083,0.058333333333333334,0.3466666666666667,0.525,0.022727272727272728,0.32727272727272727,0.045454545454545456,0.09090909090909091,0.2,0.0,0.0,0.0,0.0,0
0.9,0.8666666666666667,1.0,0.0,1.0,205.97163120567373,195.91489361702125,106.99290780141841,96.93617021276593,0.18647342995169083,0.058333333333333334,0.3466666666666667,0.525,0.022727272727272728,0.32727272727272727,0.045454545454545456,0.09090909090909091,0.2,0.0,0.0,0.0,0.0,0
0.9,0.8666666666666667,1.0,0.0,1.0,205.97163120567373,195.91489361702125,106.99290780141841,96.93617021276593,0.18647342995169083,0.058333333333333334,0.3466666666666667,0.525,0.022727272727272728,0.32727272727272727,0.045454545454545456,0.09090909090909091,0.2,0.0,0.0,0.0,0.0,0
0.9,0.8666666666666667,1.0,0.0,1.0,205.97163120567373,195.91489361702125,106.99290780141841,96.93617021276593,0.18647342995169083,0.058333333333333334,0.3466666666666667,0.525,0.022727272727272728,0.32727272727272727,0.045454545454545456,0.09090909090909091,0.2,0.0,0.0,0.0,0.0,0
0.8,0.7,0.5833333333333334,0.0,2.0,200.86524822695037,190.29078014184395,82.09929078014186,71.52482269503544,0.221256038647343,0.0,0.6266666666666667,0.48333333333333334,0.0,0.36363636363636365,0.0,0.26136363636363635,0.36363636363636365,0.3977272727272727,0.0,0.0,0.0,0
0.8,0.7,0.5833333333333334,0.0,2.0,200.86524822695037,190.29078014184395,82.09929078014186,71.52482269503544,0.221256038647343,0.0,0.6266666666666667,0.48333333333333334,0.0,0.36363636363636365,0.0,0.26136363636363635,0.36363636363636365,0.3977272727272727,0.0,0.0,0.0,0
0.8,0.7,0.5833333333333334,0.0,2.0,200.86524822695037,190.29078014184395,82.09929078014186,71.52482269503544,0.221256038647343,0.0,0.6266666666666667,0.48333333333333334,0.0,0.36363636363636365,0.0,0.26136363636363635,0.36363636363636365,0.3977272727272727,0.0,0.0,0.0,0
0.8,0.7,0.5833333333333334,0.0,2.0,200.86524822695037,190.29078014184395,82.09929078014186,71.52482269503544,0.221256038647343,0.0,0.6266666666666667,0.48333333333333334,0.0,0.36363636363636365,0.0,0.26136363636363635,0.36363636363636365,0.3977272727272727,0.0,0.0,0.0,0
0.9333333333333333,0.9,0.0,0.16666666666666666,2.0,204.0,182.90070921985816,74.10638297872342,53.007092198581574,0.221256038647343,0.0,0.013333333333333334,0.175,0.0,0.41818181818181815,0.3409090909090909,0.1590909090909091,0.2545454545454545,0.0,0.14166666666666666,0.16,0.175,1
0.9333333333333333,0.9,0.0,0.16666666666666666,2.0,204.0,182.90070921985816,74.10638297872342,53.007092198581574,0.221256038647343,0.0,0.013333333333333334,0.175,0.0,0.41818181818181815,0.3409090909090909,0.1590909090909091,0.2545454545454545,0.0,0.14166666666666666,0.16,0.175,1
0.9333333333333333,0.9,0.0,0.16666666666666666,2.0,204.0,182.90070921985816,74.10638297872342,53.007092198581574,0.221256038647343,0.0,0.013333333333333334,0.175,0.0,0.41818181818181815,0.3409090909090909,0.1590909090909091,0.2545454545454545,0.0,0.14166666666666666,0.16,0.175,1
0.9666666666666667,0.9666666666666667,0.0,0.3333333333333333,3.5,229.39716312056737,254.59574468085103,137.2695035460993,162.46808510638294,0.11207729468599034,0.0,0.0,0.0,0.06818181818181818,0.5454545454545454,0.0,0.09090909090909091,0.6545454545454545,0.0,0.0,0.02666666666666667,0.0,0
0.9666666666666667,0.9666666666666667,0.0,0.3333333333333333,3.5,229.39716312056737,254.59574468085103,137.2695035460993,162.46808510638294,0.11207729468599034,0.0,0.0,0.0,0.06818181818181818,0.5454545454545454,0.0,0.09090909090909091,0.6545454545454545,0.0,0.0,0.02666666666666667,0.0,0
0.9666666666666667,0.9666666666666667,0.0,0.3333333333333333,3.5,229.39716312056737,254.59574468085103,137.2695035460993,162.46808510638294,0.11207729468599034,0.0,0.0,0.0,0.06818181818181818,0.5454545454545454,0.0,0.09090909090909091,0.6545454545454545,0.0,0.0,0.02666666666666667,0.0,0
0.9666666666666667,0.9333333333333333,0.0,0.3888888888888889,3.0,229.39716312056737,254.59574468085103,137.2695035460993,162.46808510638294,0.11207729468599034,0.0,0.0,0.0,0.0625,0.5,0.0,0.1,0.68,0.0,0.0,0.06666666666666667,0.0,0
0.8333333333333334,0.8333333333333334,1.0,0.0,1.0,222.1005291005291,218.37566137566137,108.73544973544972,105.010582010582,0.1382488479262673,0.08928571428571429,0.4666666666666667,0.09523809523809523,0.06944444444444445,0.3851851851851852,0.08796296296296297,0.18518518518518517,0.2518518518518518,0.1712962962962963,0.10119047619047619,0.09523809523809523,0.09523809523809523,0
0.8333333333333334,0.8333333333333334,1.0,0.0,1.0,222.1005291005291,218.37566137566137,108.73544973544972,105.010582010582,0.1382488479262673,0.08928571428571429,0.4666666666666667,0.09523809523809523,0.06944444444444445,0.3851851851851852,0.08796296296296297,0.18518518518518517,0.2518518518518518,0.1712962962962963,0.10119047619047619,0.09523809523809523,0.09523809523809523,0
0.8333333333333334,0.8333333333333334,1.0,0.0,1.0,222.1005291005291,218.37566137566137,108.73544973544972,105.010582010582,0.1382488479262673,0.08928571428571429,0.4666666666666667,0.09523809523809523,0.06944444444444445,0.3851851851851852,0.08796296296296297,0.18518518518518517,0.2518518518518518,0.1712962962962963,0.10119047619047619,0.09523809523809523,0.09523809523809523,0
0.8333333333333334,0.8333333333333334,1.0,0.0,1.0,222.1005291005291,218.37566137566137,108.73544973544972,105.010582010582,0.1382488479262673,0.08928571428571429,0.4666666666666667,0.09523809523809523,0.06944444444444445,0.3851851851851852,0.08796296296296297,0.18518518518518517,0.2518518518518518,0.1712962962962963,0.10119047619047619,0.09523809523809523,0.09523809523809523,0
0.75,0.75,0.0,0.36666666666666664,5.0,187.29251700680274,192.0816326530612,78.94557823129253,83.734693877551,0.2587755102040816,0.0,0.0,0.0,0.25,0.3230769230769231,0.27884615384615385,0.18269230769230768,0.4307692307692308,0.15384615384615385,0.47794117647058826,0.4588235294117647,0.1323529411764706,0
0.75,0.75,0.0,0.36666666666666664,5.0,187.29251700680274,192.0816326530612,78.94557823129253,83.734693877551,0.2587755102040816,0.0,0.0,0.0,0.25,0.3230769230769231,0.27884615384615385,0.18269230769230768,0.4307692307692308,0.15384615384615385,0.47794117647058826,0.4588235294117647,0.1323529411764706,0
0.75,0.75,0.0,0.36666666666666664,5.0,187.29251700680274,192.0816326530612,78.94557823129253,83.734693877551,0.2587755102040816,0.0,0.0,0.0,0.25,0.3230769230769231,0.27884615384615385,0.18269230769230768,0.4307692307692308,0.15384615384615385,0.47794117647058826,0.4588235294117647,0.1323529411764706,0
0.75,0.75,0.0,0.36666666666666664,5.0,187.29251700680274,192.0816326530612,78.94557823129253,83.734693877551,0.2587755102040816,0.0,0.0,0.0,0.25,0.3230769230769231,0.27884615384615385,0.18269230769230768,0.4307692307692308,0.15384615384615385,0.47794117647058826,0.4588235294117647,0.1323529411764706,0
0.75,0.75,0.0,0.375,8.5,154.36054421768708,193.74829931972786,26.21768707482994,65.60544217687072,0.3053061224489796,0.0,0.0,0.0,0.38461538461538464,0.38461538461538464,0.38461538461538464,0.4326923076923077,0.4153846153846154,0.15384615384615385,0.13970588235294118,0.08235294117647059,0.11029411764705882,0
0.75,0.75,0.0,0.375,8.5,154.36054421768708,193.74829931972786,26.21768707482994,65.60544217687072,0.3053061224489796,0.0,0.0,0.0,0.38461538461538464,0.38461538461538464,0.38461538461538464,0.4326923076923077,0.4153846153846154,0.15384615384615385,0.13970588235294118,0.08235294117647059,0.11029411764705882,0
0.75,0.75,0.0,0.375,8.5,154.36054421768708,193.74829931972786,26.21768707482994,65.60544217687072,0.3053061224489796,0.0,0.0,0.0,0.38461538461538464,0.38461538461538464,0.38461538461538464,0.4326923076923077,0.4153846153846154,0.15384615384615385,0.13970588235294118,0.08235294117647059,0.11029411764705882,0
0.75,0.71875,0.0,0.5952380952380952,7.0,173.94557823129253,240.90476190476193,58.65986394557824,125.61904761904763,0.2253061224489796,0.0,0.0,0.0,0.38461538461538464,0.3076923076923077,0.04807692307692308,0.27884615384615385,0.5538461538461539,0.1346153846153846,0.4338235294117647,0.43529411764705883,0.07352941176470588,1
0.75,0.71875,0.0,0.5952380952380952,7.0,173.94557823129253,240.90476190476193,58.65986394557824,125.61904761904763,0.2253061224489796,0.0,0.0,0.0,0.38461538461538464,0.3076923076923077,0.04807692307692308,0.27884615384615385,0.5538461538461539,0.1346153846153846,0.4338235294117647,0.43529411764705883,0.07352941176470588,1
0.75,0.71875,0.0,0.5952380952380952,7.0,173.94557823129253,240.90476190476193,58.65986394557824,125.61904761904763,0.2253061224489796,0.0,0.0,0.0,0.38461538461538464,0.3076923076923077,0.04807692307692308,0.27884615384615385,0.5538461538461539,0.1346153846153846,0.4338235294117647,0.43529411764705883,0.07352941176470588,1
0.8125,0.78125,0.125,0.875,4.5,137.96598639455783,183.72108843537418,31.639455782312936,77.39455782312929,0.37795918367346937,0.0,0.0,0.0,0.38461538461538464,0.38461538461538464,0.375,0.2692307692307692,0.47692307692307695,0.0,0.3602941176470588,0.29411764705882354,0.11764705882352941,0
0.8125,0.78125,0.125,0.875,4.5,137.96598639455783,183.72108843537418,31.639455782312936,77.39455782312929,0.37795918367346937,0.0,0.0,0.0,0.38461538461538464,0.38461538461538464,0.375,0.2692307692307692,0.47692307692307695,0.0,0.3602941176470588,0.29411764705882354,0.11764705882352941,0
0.8125,0.78125,0.125,0.875,4.5,137.96598639455783,183.72108843537418,31.639455782312936,77.39455782312929,0.37795918367346937,0.0,0.0,0.0,0.38461538461538464,0.38461538461538464,0.375,0.2692307692307692,0.47692307692307695,0.0,0.3602941176470588,0.29411764705882354,0.11764705882352941,0
0.8125,0.78125,0.125,0.875,4.5,137.96598639455783,183.72108843537418,31.639455782312936,77.39455782312929,0.37795918367346937,0.0,0.0,0.0,0.38461538461538464,0.38461538461538464,0.375,0.2692307692307692,0.47692307692307695,0.0,0.3602941176470588,0.29411764705882354,0.11764705882352941,0
0.875,0.875,0.3333333333333333,0.25,6.0,133.99319727891157,178.42857142857144,34.401360544217695,78.83673469387757,0.38857142857142857,0.0,0.0,0.0,0.47115384615384615,0.6461538461538462,0.6826923076923077,0.2692307692307692,0.2923076923076923,0.08653846153846154,0.3014705882352941,0.3411764705882353,0.2426470588235294,0
0.875,0.875,0.3333333333333333,0.25,6.0,133.99319727891157,178.42857142857144,34.401360544217695,78.83673469387757,0.38857142857142857,0.0,0.0,0.0,0.47115384615384615,0.6461538461538462,0.6826923076923077,0.2692307692307692,0.2923076923076923,0.08653846153846154,0.3014705882352941,0.3411764705882353,0.2426470588235294,0
0.875,0.875,0.3333333333333333,0.25,6.0,133.99319727891157,178.42857142857144,34.401360544217695,78.83673469387757,0.38857142857142857,0.0,0.0,0.0,0.47115384615384615,0.6461538461538462,0.6826923076923077,0.2692307692307692,0.2923076923076923,0.08653846153846154,0.3014705882352941,0.3411764705882353,0.2426470588235294,0
0.875,0.875,0.3333333333333333,0.25,6.0,133.99319727891157,178.42857142857144,34.401360544217695,78.83673469387757,0.38857142857142857,0.0,0.0,0.0,0.47115384615384615,0.6461538461538462,0.6826923076923077,0.2692307692307692,0.2923076923076923,0.08653846153846154,0.3014705882352941,0.3411764705882353,0.2426470588235294,0
0.875,0.875,0.3333333333333333,0.25,6.0,133.99319727891157,178.42857142857144,34.401360544217695,78.83673469387757,0.38857142857142857,0.0,0.0,0.0,0.47115384615384615,0.6461538461538462,0.6826923076923077,0.2692307692307692,0.2923076923076923,0.08653846153846154,0.3014705882352941,0.3411764705882353,0.2426470588235294,0
0.875,0.875,0.16666666666666666,0.2037037037037037,9.0,143.2721088435374,186.10884353741497,31.823129251700678,74.65986394557824,0.3510204081632653,0.0,0.0,0.0,0.4479166666666667,0.6166666666666667,0.6458333333333334,0.4642857142857143,0.5285714285714286,0.13392857142857142,0.23529411764705882,0.16470588235294117,0.22058823529411764,1
0.875,0.875,0.16666666666666666,0.2037037037037037,9.0,143.2721088435374,186.10884353741497,31.823129251700678,74.65986394557824,0.3510204081632653,0.0,0.0,0.0,0.4479166666666667,0.6166666666666667,0.6458333333333334,0.4642857142857143,0.5285714285714286,0.13392857142857142,0.23529411764705882,0.16470588235294117,0.22058823529411764,1
0.875,0.875,0.16666666666666666,0.21428571428571427,7.0,143.2721088435374,186.10884353741497,31.823129251700678,74.65986394557824,0.3510204081632653,0.0,0.0,0.0,0.41346153846153844,0.5692307692307692,0.5961538461538461,0.5,0.5692307692307692,0.14423076923076922,0.22058823529411764,0.16470588235294117,0.22058823529411764,1
0.875,0.875,0.16666666666666666,0.21428571428571427,7.0,143.2721088435374,186.10884353741497,31.823129251700678,74.65986394557824,0.3510204081632653,0.0,0.0,0.0,0.41346153846153844,0.5692307692307692,0.5961538461538461,0.5,0.5692307692307692,0.14423076923076922,0.22058823529411764,0.16470588235294117,0.22058823529411764,1
1.0333333333333334,1.0333333333333334,0.16666666666666666,0.5555555555555556,3.0,159.56737588652484,211.10638297872342,60.269503546099315,111.80851063829789,0.2297872340425532,0.2647058823529412,0.16470588235294117,0.0,0.08125,0.39,0.25,0.4,0.5,0.0375,0.4852941176470588,0.5411764705882353,0.04411764705882353,0
1.0333333333333334,1.0333333333333334,0.16666666666666666,0.5555555555555556,3.0,159.56737588652484,211.10638297872342,60.269503546099315,111.80851063829789,0.2297872340425532,0.2647058823529412,0.16470588235294117,0.0,0.08125,0.39,0.25,0.4,0.5,0.0375,0.4852941176470588,0.5411764705882353,0.04411764705882353,0
1.0333333333333334,1.0333333333333334,0.16666666666666666,0.5555555555555556,3.0,159.56737588652484,211.10638297872342,60.269503546099315,111.80851063829789,0.2297872340425532,0.2647058823529412,0.16470588235294117,0.0,0.08125,0.39,0.25,0.4,0.5,0.0375,0.4852941176470588,0.5411764705882353,0.04411764705882353,0
1.0333333333333334,1.0333333333333334,0.16666666666666666,0.5555555555555556,3.0,159.56737588652484,211.10638297872342,60.269503546099315,111.80851063829789,0.2297872340425532,0.2647058823529412,0.16470588235294117,0.0,0.08125,0.39,0.25,0.4,0.5,0.0375,0.4852941176470588,0.5411764705882353,0.04411764705882353,0
0.9,0.8,0.25,0.0,2.0,154.2695035460993,211.80851063829786,23.992907801418426,81.531914893617,0.2323404255319149,0.03676470588235294,0.047058823529411764,0.0,0.25625,0.5,0.2625,0.29375,0.37,0.025,0.058823529411764705,0.058823529411764705,0.058823529411764705,0
0.8666666666666667,0.8,0.16666666666666666,0.0,2.0,150.60992907801418,212.07801418439718,13.184397163120565,74.65248226950357,0.2323404255319149,0.058823529411764705,0.011764705882352941,0.0,0.25625,0.51,0.25625,0.34375,0.29,0.03125,0.058823529411764705,0.058823529411764705,0.058823529411764705,0
0.8666666666666667,0.8,0.16666666666666666,0.0,2.0,150.60992907801418,212.07801418439718,13.184397163120565,74.65248226950357,0.2323404255319149,0.058823529411764705,0.011764705882352941,0.0,0.25625,0.51,0.25625,0.34375,0.29,0.03125,0.058823529411764705,0.058823529411764705,0.058823529411764705,0
0.8666666666666667,0.8,0.16666666666666666,0.0,2.0,150.60992907801418,212.07801418439718,13.184397163120565,74.65248226950357,0.2323404255319149,0.058823529411764705,0.011764705882352941,0.0,0.25625,0.51,0.25625,0.34375,0.29,0.03125,0.058823529411764705,0.058823529411764705,0.058823529411764705,0
0.8333333333333334,0.7666666666666667,0.08333333333333333,0.75,4.5,238.68794326241132,138.68794326241132,130.9219858156028,30.92198581560281,0.2451063829787234,0.0,0.011764705882352941,0.09558823529411764,0.04375,0.37,0.36875,0.05,0.55,0.31875,0.03676470588235294,0.2823529411764706,0.3014705882352941,0
0.8333333333333334,0.7666666666666667,0.08333333333333333,0.75,4.5,238.68794326241132,138.68794326241132,130.9219858156028,30.92198581560281,0.2451063829787234,0.0,0.011764705882352941,0.09558823529411764,0.04375,0.37,0.36875,0.05,0.55,0.31875,0.03676470588235294,0.2823529411764706,0.3014705882352941,0
0.8333333333333334,0.7666666666666667,0.08333333333333333,0.75,4.5,238.68794326241132,138.68794326241132,130.9219858156028,30.92198581560281,0.2451063829787234,0.0,0.011764705882352941,0.09558823529411764,0.04375,0.37,0.36875,0.05,0.55,0.31875,0.03676470588235294,0.2823529411764706,0.3014705882352941,0
0.8333333333333334,0.7666666666666667,0.08333333333333333,0.75,4.5,238.68794326241132,138.68794326241132,130.9219858156028,30.92198581560281,0.2451063829787234,0.0,0.011764705882352941,0.09558823529411764,0.04375,0.37,0.36875,0.05,0.55,0.31875,0.03676470588235294,0.2823529411764706,0.3014705882352941,0
0.9333333333333333,0.8666666666666667,0.16666666666666666,1.0,2.0,181.86524822695037,163.8085106382979,88.86524822695037,70.80851063829789,0.32595744680851063,0.16911764705882354,0.23529411764705882,0.18382352941176472,0.125,0.37,0.325,0.3375,0.48,0.1375,0.3235294117647059,0.35294117647058826,0.29411764705882354,1
0.9333333333333333,0.8666666666666667,0.16666666666666666,1.0,2.0,181.86524822695037,163.8085106382979,88.86524822695037,70.80851063829789,0.32595744680851063,0.16911764705882354,0.23529411764705882,0.18382352941176472,0.125,0.37,0.325,0.3375,0.48,0.1375,0.3235294117647059,0.35294117647058826,0.29411764705882354,1
0.9333333333333333,0.8666666666666667,0.16666666666666666,1.0,2.0,181.86524822695037,163.8085106382979,88.86524822695037,70.80851063829789,0.32595744680851063,0.16911764705882354,0.23529411764705882,0.18382352941176472,0.125,0.37,0.325,0.3375,0.48,0.1375,0.3235294117647059,0.35294117647058826,0.29411764705882354,1
1.0333333333333334,0.7333333333333333,0.3333333333333333,0.9583333333333334,4.0,154.81560283687944,203.8794326241135,74.73049645390071,123.79432624113477,0.265531914893617,0.16911764705882354,0.3176470588235294,0.08088235294117647,0.14375,0.46,0.3,0.3875,0.56,0.0625,0.3382352941176471,0.5882352941176471,0.029411764705882353,0
1.0333333333333334,0.7333333333333333,0.3333333333333333,0.9583333333333334,4.0,154.81560283687944,203.8794326241135,74.73049645390071,123.79432624113477,0.265531914893617,0.16911764705882354,0.3176470588235294,0.08088235294117647,0.14375,0.46,0.3,0.3875,0.56,0.0625,0.3382352941176471,0.5882352941176471,0.029411764705882353,0
1.0333333333333334,0.7333333333333333,0.3333333333333333,0.9583333333333334,4.0,154.81560283687944,203.8794326241135,74.73049645390071,123.79432624113477,0.265531914893617,0.16911764705882354,0.3176470588235294,0.08088235294117647,0.14375,0.46,0.3,0.3875,0.56,0.0625,0.3382352941176471,0.5882352941176471,0.029411764705882353,0
0.8,0.7333333333333333,0.5,0.08333333333333333,3.5,150.45390070921985,201.12765957446808,31.04964539007092,81.72340425531915,0.25872340425531914,0.03676470588235294,0.047058823529411764,0.0,0.325,0.49,0.33125,0.40625,0.32,0.1125,0.058823529411764705,0.08235294117647059,0.058823529411764705,1
0.8,0.7333333333333333,0.5,0.08333333333333333,3.5,150.45390070921985,201.12765957446808,31.04964539007092,81.72340425531915,0.25872340425531914,0.03676470588235294,0.047058823529411764,0.0,0.325,0.49,0.33125,0.40625,0.32,0.1125,0.058823529411764705,0.08235294117647059,0.058823529411764705,1
0.8,0.7333333333333333,0.5,0.08333333333333333,3.5,150.45390070921985,201.12765957446808,31.04964539007092,81.72340425531915,0.25872340425531914,0.03676470588235294,0.047058823529411764,0.0,0.325,0.49,0.33125,0.40625,0.32,0.1125,0.058823529411764705,0.08235294117647059,0.058823529411764705,1
0.8,0.7333333333333333,0.5,0.08333333333333333,3.5,150.45390070921985,201.12765957446808,31.04964539007092,81.72340425531915,0.25872340425531914,0.03676470588235294,0.047058823529411764,0.0,0.325,0.49,0.33125,0.40625,0.32,0.1125,0.058823529411764705,0.08235294117647059,0.058823529411764705,1
0.9666666666666667,0.9333333333333333,0.0,0.9166666666666666,2.0,117.07092198581559,192.15602836879432,32.21985815602835,107.30496453900709,0.36,0.058823529411764705,0.0,0.0,0.64375,0.59,0.5,0.1625,0.41,0.06875,0.3897058823529412,0.2823529411764706,0.0661764705882353,1
0.9666666666666667,0.9333333333333333,0.0,0.9166666666666666,2.0,117.07092198581559,192.15602836879432,32.21985815602835,107.30496453900709,0.36,0.058823529411764705,0.0,0.0,0.64375,0.59,0.5,0.1625,0.41,0.06875,0.3897058823529412,0.2823529411764706,0.0661764705882353,1
0.9666666666666667,0.9333333333333333,0.0,0.9166666666666666,2.0,117.07092198581559,192.15602836879432,32.21985815602835,107.30496453900709,0.36,0.058823529411764705,0.0,0.0,0.64375,0.59,0.5,0.1625,0.41,0.06875,0.3897058823529412,0.2823529411764706,0.0661764705882353,1
0.9666666666666667,0.9333333333333333,0.0,0.9166666666666666,2.0,117.07092198581559,192.15602836879432,32.21985815602835,107.30496453900709,0.36,0.058823529411764705,0.0,0.0,0.64375,0.59,0.5,0.1625,0.41,0.06875,0.3897058823529412,0.2823529411764706,0.0661764705882353,1
1.0333333333333334,1.0333333333333334,0.2222222222222222,0.2777777777777778,6.0,144.92198581560282,183.43262411347519,62.43262411347517,100.94326241134753,0.3404255319148936,0.0,0.0,0.022058823529411766,0.51875,0.63,0.5125,0.4125,0.48,0.025,0.17647058823529413,0.17647058823529413,0.15441176470588236,0
1.0333333333333334,1.0333333333333334,0.2222222222222222,0.2777777777777778,6.0,144.92198581560282,183.43262411347519,62.43262411347517,100.94326241134753,0.3404255319148936,0.0,0.0,0.022058823529411766,0.51875,0.63,0.5125,0.4125,0.48,0.025,0.17647058823529413,0.17647058823529413,0.15441176470588236,0
1.0333333333333334,1.0333333333333334,0.2222222222222222,0.2777777777777778,6.0,144.92198581560282,183.43262411347519,62.43262411347517,100.94326241134753,0.3404255319148936,0.0,0.0,0.022058823529411766,0.51875,0.63,0.5125,0.4125,0.48,0.025,0.17647058823529413,0.17647058823529413,0.15441176470588236,0
1.0333333333333334,1.0333333333333334,0.2222222222222222,0.2777777777777778,6.0,144.92198581560282,183.43262411347519,62.43262411347517,100.94326241134753,0.3404255319148936,0.0,0.0,0.022058823529411766,0.51875,0.63,0.5125,0.4125,0.48,0.025,0.17647058823529413,0.17647058823529413,0.15441176470588236,0
1.0333333333333334,1.0333333333333334,0.2222222222222222,0.2777777777777778,6.0,144.92198581560282,183.43262411347519,62.43262411347517,100.94326241134753,0.3404255319148936,0.0,0.0,0.022058823529411766,0.51875,0.63,0.5125,0.4125,0.48,0.025,0.17647058823529413,0.17647058823529413,0.15441176470588236,0
0.8333333333333334,0.7666666666666667,0.9583333333333334,0.16666666666666666,4.5,135.52482269503545,177.47517730496455,30.120567375886523,72.07092198581562,0.3565957446808511,0.08823529411764706,0.18823529411764706,0.27205882352941174,0.49375,0.61,0.35625,0.3625,0.29,0.11875,0.18382352941176472,0.16470588235294117,0.03676470588235294,0
0.8333333333333334,0.7666666666666667,0.9583333333333334,0.16666666666666666,4.5,135.52482269503545,177.47517730496455,30.120567375886523,72.07092198581562,0.3565957446808511,0.08823529411764706,0.18823529411764706,0.27205882352941174,0.49375,0.61,0.35625,0.3625,0.29,0.11875,0.18382352941176472,0.16470588235294117,0.03676470588235294,0
0.8333333333333334,0.7666666666666667,0.9583333333333334,0.16666666666666666,4.5,135.52482269503545,177.47517730496455,30.120567375886523,72.07092198581562,0.3565957446808511,0.08823529411764706,0.18823529411764706,0.27205882352941174,0.49375,0.61,0.35625,0.3625,0.29,0.11875,0.18382352941176472,0.16470588235294117,0.03676470588235294,0
0.8333333333333334,0.7666666666666667,0.9583333333333334,0.16666666666666666,4.5,135.52482269503545,177.47517730496455,30.120567375886523,72.07092198581562,0.3565957446808511,0.08823529411764706,0.18823529411764706,0.27205882352941174,0.49375,0.61,0.35625,0.3625,0.29,0.11875,0.18382352941176472,0.16470588235294117,0.03676470588235294,0
0.8666666666666667,0.8666666666666667,0.0,0.0,6.0,239.33333333333334,146.52482269503545,117.71631205673759,24.907801418439703,0.32595744680851063,0.2426470588235294,0.0,0.0,0.38125,0.38,0.45625,0.04375,0.52,0.5625,0.007352941176470588,0.0,0.0,0
0.8666666666666667,0.8666666666666667,0.0,0.0,7.0,237.0,166.22695035460993,126.25531914893617,55.48226950354609,0.3293617021276596,0.14705882352941177,0.0,0.0,0.30625,0.49,0.40625,0.025,0.67,0.5125,0.0,0.0,0.0,0
0.8666666666666667,0.8666666666666667,0.0,0.0,7.0,237.0,166.22695035460993,126.25531914893617,55.48226950354609,0.3293617021276596,0.14705882352941177,0.0,0.0,0.30625,0.49,0.40625,0.025,0.67,0.5125,0.0,0.0,0.0,0
0.8666666666666667,0.8666666666666667,0.0,0.0,7.0,220.7304964539007,168.43971631205673,88.83687943262413,36.54609929078015,0.33106382978723403,0.09558823529411764,0.0,0.0,0.25,0.58,0.36875,0.04375,0.75,0.46875,0.0,0.0,0.0,0
0.8666666666666667,0.8666666666666667,0.0,0.0,7.0,220.7304964539007,168.43971631205673,88.83687943262413,36.54609929078015,0.33106382978723403,0.09558823529411764,0.0,0.0,0.25,0.58,0.36875,0.04375,0.75,0.46875,0.0,0.0,0.0,0
0.8666666666666667,0.8666666666666667,0.0,0.0,7.0,181.3404255319149,154.43262411347519,44.10638297872339,17.198581560283685,0.32851063829787236,0.04411764705882353,0.0,0.0,0.20625,0.54,0.3875,0.1375,0.69,0.49375,0.0,0.0,0.0,0
0.8666666666666667,0.8666666666666667,0.0,0.0,7.0,181.3404255319149,154.43262411347519,44.10638297872339,17.198581560283685,0.32851063829787236,0.04411764705882353,0.0,0.0,0.20625,0.54,0.3875,0.1375,0.69,0.49375,0.0,0.0,0.0,0
0.8666666666666667,0.8333333333333334,0.0,0.0,7.0,140.87234042553192,136.29787234042553,4.063829787234056,-0.5106382978723332,0.32,0.0,0.0,0.0,0.175,0.47,0.4125,0.23125,0.6,0.53125,0.0,0.0,0.0,0
0.8666666666666667,0.8333333333333334,0.0,0.0,7.0,140.87234042553192,136.29787234042553,4.063829787234056,-0.5106382978723332,0.32,0.0,0.0,0.0,0.175,0.47,0.4125,0.23125,0.6,0.53125,0.0,0.0,0.0,0
0.7333333333333333,0.7333333333333333,0.25,0.9166666666666666,2.0,202.86524822695034,159.1205673758865,102.88652482269502,59.14184397163119,0.30553191489361703,0.0,0.0,0.04411764705882353,0.15,0.32,0.4125,0.2125,0.48,0.3125,0.47058823529411764,0.4823529411764706,0.47058823529411764,1
0.7333333333333333,0.7333333333333333,0.25,0.9166666666666666,2.0,202.86524822695034,159.1205673758865,102.88652482269502,59.14184397163119,0.30553191489361703,0.0,0.0,0.04411764705882353,0.15,0.32,0.4125,0.2125,0.48,0.3125,0.47058823529411764,0.4823529411764706,0.47058823529411764,1
0.7333333333333333,0.7333333333333333,0.25,0.9166666666666666,2.0,202.86524822695034,159.1205673758865,102.88652482269502,59.14184397163119,0.30553191489361703,0.0,0.0,0.04411764705882353,0.15,0.32,0.4125,0.2125,0.48,0.3125,0.47058823529411764,0.4823529411764706,0.47058823529411764,1
0.7333333333333333,0.7333333333333333,0.25,0.9166666666666666,2.0,202.86524822695034,159.1205673758865,102.88652482269502,59.14184397163119,0.30553191489361703,0.0,0.0,0.04411764705882353,0.15,0.32,0.4125,0.2125,0.48,0.3125,0.47058823529411764,0.4823529411764706,0.47058823529411764,1
0.7333333333333333,0.7333333333333333,0.3333333333333333,1.0,2.0,200.24822695035462,155.19858156028369,92.0567375886525,47.00709219858156,0.32085106382978723,0.08823529411764706,0.11764705882352941,0.11764705882352941,0.075,0.31,0.34375,0.2625,0.53,0.30625,0.47058823529411764,0.5058823529411764,0.47058823529411764,0
0.7333333333333333,0.7333333333333333,0.3333333333333333,1.0,2.0,200.24822695035462,155.19858156028369,92.0567375886525,47.00709219858156,0.32085106382978723,0.08823529411764706,0.11764705882352941,0.11764705882352941,0.075,0.31,0.34375,0.2625,0.53,0.30625,0.47058823529411764,0.5058823529411764,0.47058823529411764,0
0.7333333333333333,0.7333333333333333,0.3333333333333333,1.0,2.0,200.24822695035462,155.19858156028369,92.0567375886525,47.00709219858156,0.32085106382978723,0.08823529411764706,0.11764705882352941,0.11764705882352941,0.075,0.31,0.34375,0.2625,0.53,0.30625,0.47058823529411764,0.5058823529411764,0.47058823529411764,0
0.8333333333333334,0.8,0.3333333333333333,0.9166666666666666,2.0,192.98581560283688,147.5531914893617,104.19858156028369,58.7659574468085,0.33361702127659576,0.09558823529411764,0.047058823529411764,0.0,0.11875,0.38,0.43125,0.25625,0.5,0.3,0.47058823529411764,0.5176470588235295,0.47794117647058826,0
0.8333333333333334,0.8,0.3333333333333333,0.9166666666666666,2.0,192.98581560283688,147.5531914893617,104.19858156028369,58.7659574468085,0.33361702127659576,0.09558823529411764,0.047058823529411764,0.0,0.11875,0.38,0.43125,0.25625,0.5,0.3,0.47058823529411764,0.5176470588235295,0.47794117647058826,0
0.8333333333333334,0.8,0.3333333333333333,0.9166666666666666,2.0,192.98581560283688,147.5531914893617,104.19858156028369,58.7659574468085,0.33361702127659576,0.09558823529411764,0.047058823529411764,0.0,0.11875,0.38,0.43125,0.25625,0.5,0.3,0.47058823529411764,0.5176470588235295,0.47794117647058826,0
0.7666666666666667,0.7666666666666667,0.0,0.6666666666666666,2.0,224.5531914893617,230.57446808510636,120.27659574468085,126.29787234042551,0.2348936170212766,0.0,0.0,0.04411764705882353,0.11875,0.26,0.21875,0.15,0.59,0.3125,0.0661764705882353,0.2,0.058823529411764705,0
0.7666666666666667,0.7666666666666667,0.0,1.0,2.0,224.3687943262411,231.25531914893614,126.53900709219855,133.42553191489358,0.24085106382978724,0.0,0.0,0.08823529411764706,0.1,0.24,0.26875,0.13125,0.6,0.35625,0.058823529411764705,0.2,0.058823529411764705,0
0.7666666666666667,0.7666666666666667,0.0,1.0,2.0,224.3687943262411,231.25531914893614,126.53900709219855,133.42553191489358,0.24085106382978724,0.0,0.0,0.08823529411764706,0.1,0.24,0.26875,0.13125,0.6,0.35625,0.058823529411764705,0.2,0.058823529411764705,0
0.7666666666666667,0.7666666666666667,0.0,1.0,2.0,224.3687943262411,231.25531914893614,126.53900709219855,133.42553191489358,0.24085106382978724,0.0,0.0,0.08823529411764706,0.1,0.24,0.26875,0.13125,0.6,0.35625,0.058823529411764705,0.2,0.058823529411764705,0
0.7666666666666667,0.7666666666666667,0.0,1.0,2.0,224.3687943262411,231.25531914893614,126.53900709219855,133.42553191489358,0.24085106382978724,0.0,0.0,0.08823529411764706,0.1,0.24,0.26875,0.13125,0.6,0.35625,0.058823529411764705,0.2,0.058823529411764705,0
1.0,0.9333333333333333,0.0,0.5,3.5,185.8368794326241,140.3758865248227,82.02836879432623,36.56737588652483,0.3446808510638298,0.058823529411764705,0.08235294117647059,0.11029411764705882,0.0875,0.35,0.375,0.525,0.64,0.55,0.17647058823529413,0.17647058823529413,0.15441176470588236,0
1.0,0.9333333333333333,0.0,0.5,3.5,185.8368794326241,140.3758865248227,82.02836879432623,36.56737588652483,0.3446808510638298,0.058823529411764705,0.08235294117647059,0.11029411764705882,0.0875,0.35,0.375,0.525,0.64,0.55,0.17647058823529413,0.17647058823529413,0.15441176470588236,0
1.0,0.9333333333333333,0.0,0.5,3.5,185.8368794326241,140.3758865248227,82.02836879432623,36.56737588652483,0.3446808510638298,0.058823529411764705,0.08235294117647059,0.11029411764705882,0.0875,0.35,0.375,0.525,0.64,0.55,0.17647058823529413,0.17647058823529413,0.15441176470588236,0
1.0,0.9333333333333333,0.0,0.5,3.5,185.8368794326241,140.3758865248227,82.02836879432623,36.56737588652483,0.3446808510638298,0.058823529411764705,0.08235294117647059,0.11029411764705882,0.0875,0.35,0.375,0.525,0.64,0.55,0.17647058823529413,0.17647058823529413,0.15441176470588236,0
1.0,0.9333333333333333,0.0,0.5,4.0,187.03546099290782,142.2836879432624,77.99290780141845,33.241134751773046,0.37361702127659574,0.11764705882352941,0.11764705882352941,0.10294117647058823,0.10625,0.37,0.40625,0.58125,0.68,0.56875,0.17647058823529413,0.17647058823529413,0.1323529411764706,0
1.0,0.9333333333333333,0.0,0.5,4.0,187.03546099290782,142.2836879432624,77.99290780141845,33.241134751773046,0.37361702127659574,0.11764705882352941,0.11764705882352941,0.10294117647058823,0.10625,0.37,0.40625,0.58125,0.68,0.56875,0.17647058823529413,0.17647058823529413,0.1323529411764706,0
1.0,0.9333333333333333,0.0,0.5,4.0,187.03546099290782,142.2836879432624,77.99290780141845,33.241134751773046,0.37361702127659574,0.11764705882352941,0.11764705882352941,0.10294117647058823,0.10625,0.37,0.40625,0.58125,0.68,0.56875,0.17647058823529413,0.17647058823529413,0.1323529411764706,0
1.0,0.9333333333333333,0.0,0.5,4.0,187.03546099290782,142.2836879432624,77.99290780141845,33.241134751773046,0.37361702127659574,0.11764705882352941,0.11764705882352941,0.10294117647058823,0.10625,0.37,0.40625,0.58125,0.68,0.56875,0.17647058823529413,0.17647058823529413,0.1323529411764706,0
1.0333333333333334,0.8,0.16666666666666666,0.4166666666666667,6.0,187.59574468085103,137.7163120567376,85.87234042553187,35.99290780141844,0.3880851063829787,0.11029411764705882,0.10588235294117647,0.11029411764705882,0.1125,0.52,0.46875,0.53125,0.72,0.48125,0.15441176470588236,0.17647058823529413,0.17647058823529413,0
1.0333333333333334,0.8,0.30952380952380953,0.40476190476190477,7.0,184.5531914893617,137.12765957446808,94.93617021276594,47.51063829787233,0.38127659574468087,0.11029411764705882,0.09411764705882353,0.11764705882352941,0.1125,0.58,0.43125,0.53125,0.72,0.4875,0.16911764705882354,0.17647058823529413,0.17647058823529413,0
1.0333333333333334,0.8,0.30952380952380953,0.40476190476190477,7.0,184.5531914893617,137.12765957446808,94.93617021276594,47.51063829787233,0.38127659574468087,0.11029411764705882,0.09411764705882353,0.11764705882352941,0.1125,0.58,0.43125,0.53125,0.72,0.4875,0.16911764705882354,0.17647058823529413,0.17647058823529413,0
1.0333333333333334,0.8,0.30952380952380953,0.40476190476190477,7.0,184.5531914893617,137.12765957446808,94.93617021276594,47.51063829787233,0.38127659574468087,0.11029411764705882,0.09411764705882353,0.11764705882352941,0.1125,0.58,0.43125,0.53125,0.72,0.4875,0.16911764705882354,0.17647058823529413,0.17647058823529413,0
1.0333333333333334,0.8,0.30952380952380953,0.40476190476190477,7.0,184.5531914893617,137.12765957446808,94.93617021276594,47.51063829787233,0.38127659574468087,0.11029411764705882,0.09411764705882353,0.11764705882352941,0.1125,0.58,0.43125,0.53125,0.72,0.4875,0.16911764705882354,0.17647058823529413,0.17647058823529413,0
1.0333333333333334,0.8,0.30952380952380953,0.40476190476190477,7.0,184.5531914893617,137.12765957446808,94.93617021276594,47.51063829787233,0.38127659574468087,0.11029411764705882,0.09411764705882353,0.11764705882352941,0.1125,0.58,0.43125,0.53125,0.72,0.4875,0.16911764705882354,0.17647058823529413,0.17647058823529413,0
0.8666666666666667,0.8333333333333334,0.2222222222222222,0.2777777777777778,6.0,181.95744680851064,177.14184397163118,64.06382978723404,59.24822695035458,0.28085106382978725,0.051470588235294115,0.058823529411764705,0.0,0.15625,0.37,0.40625,0.49375,0.48,0.1,0.17647058823529413,0.18823529411764706,0.20588235294117646,0
0.8666666666666667,0.8333333333333334,0.2222222222222222,0.2777777777777778,6.0,181.95744680851064,177.14184397163118,64.06382978723404,59.24822695035458,0.28085106382978725,0.051470588235294115,0.058823529411764705,0.0,0.15625,0.37,0.40625,0.49375,0.48,0.1,0.17647058823529413,0.18823529411764706,0.20588235294117646,0
0.8666666666666667,0.8333333333333334,0.2222222222222222,0.2777777777777778,6.0,181.95744680851064,177.14184397163118,64.06382978723404,59.24822695035458,0.28085106382978725,0.051470588235294115,0.058823529411764705,0.0,0.15625,0.37,0.40625,0.49375,0.48,0.1,0.17647058823529413,0.18823529411764706,0.20588235294117646,0
0.8666666666666667,0.8,0.19444444444444445,0.08333333333333333,6.0,224.65248226950357,164.54609929078015,116.35460992907804,56.24822695035462,0.2561702127659575,0.0,0.4117647058823529,0.4485294117647059,0.1125,0.5,0.29375,0.05625,0.4,0.45,0.18382352941176472,0.15294117647058825,0.125,1
0.8666666666666667,0.8,0.19444444444444445,0.08333333333333333,6.0,224.65248226950357,164.54609929078015,116.35460992907804,56.24822695035462,0.2561702127659575,0.0,0.4117647058823529,0.4485294117647059,0.1125,0.5,0.29375,0.05625,0.4,0.45,0.18382352941176472,0.15294117647058825,0.125,1
0.8666666666666667,0.8,0.19444444444444445,0.08333333333333333,6.0,224.65248226950357,164.54609929078015,116.35460992907804,56.24822695035462,0.2561702127659575,0.0,0.4117647058823529,0.4485294117647059,0.1125,0.5,0.29375,0.05625,0.4,0.45,0.18382352941176472,0.15294117647058825,0.125,1
0.8666666666666667,0.8,0.19444444444444445,0.08333333333333333,6.0,224.65248226950357,164.54609929078015,116.35460992907804,56.24822695035462,0.2561702127659575,0.0,0.4117647058823529,0.4485294117647059,0.1125,0.5,0.29375,0.05625,0.4,0.45,0.18382352941176472,0.15294117647058825,0.125,1
0.8666666666666667,0.8,0.19444444444444445,0.08333333333333333,6.0,224.65248226950357,164.54609929078015,116.35460992907804,56.24822695035462,0.2561702127659575,0.0,0.4117647058823529,0.4485294117647059,0.1125,0.5,0.29375,0.05625,0.4,0.45,0.18382352941176472,0.15294117647058825,0.125,1
0.8333333333333334,0.8,0.30952380952380953,0.0,7.0,186.2553191489362,153.20567375886526,111.61702127659576,78.56737588652483,0.36340425531914894,0.11029411764705882,0.29411764705882354,0.40441176470588236,0.25625,0.46,0.30625,0.44375,0.47,0.45,0.11764705882352941,0.11764705882352941,0.11764705882352941,0
0.8333333333333334,0.8,0.30952380952380953,0.0,7.0,186.2553191489362,153.20567375886526,111.61702127659576,78.56737588652483,0.36340425531914894,0.11029411764705882,0.29411764705882354,0.40441176470588236,0.25625,0.46,0.30625,0.44375,0.47,0.45,0.11764705882352941,0.11764705882352941,0.11764705882352941,0
0.8333333333333334,0.8,0.30952380952380953,0.0,7.0,186.2553191489362,153.20567375886526,111.61702127659576,78.56737588652483,0.36340425531914894,0.11029411764705882,0.29411764705882354,0.40441176470588236,0.25625,0.46,0.30625,0.44375,0.47,0.45,0.11764705882352941,0.11764705882352941,0.11764705882352941,0
0.8333333333333334,0.8,0.30952380952380953,0.0,7.0,186.2553191489362,153.20567375886526,111.61702127659576,78.56737588652483,0.36340425531914894,0.11029411764705882,0.29411764705882354,0.40441176470588236,0.25625,0.46,0.30625,0.44375,0.47,0.45,0.11764705882352941,0.11764705882352941,0.11764705882352941,0
0.8333333333333334,0.8,0.30952380952380953,0.0,7.0,186.2553191489362,153.20567375886526,111.61702127659576,78.56737588652483,0.36340425531914894,0.11029411764705882,0.29411764705882354,0.40441176470588236,0.25625,0.46,0.30625,0.44375,0.47,0.45,0.11764705882352941,0.11764705882352941,0.11764705882352941,0
0.8333333333333334,0.8,0.5714285714285714,0.0,7.0,186.20567375886526,130.22695035460993,77.09929078014186,21.120567375886523,0.3931914893617021,0.058823529411764705,0.18823529411764706,0.4632352941176471,0.23125,0.56,0.46875,0.45,0.48,0.45,0.09558823529411764,0.1411764705882353,0.15441176470588236,0
0.8333333333333334,0.8,0.5714285714285714,0.0,7.0,186.20567375886526,130.22695035460993,77.09929078014186,21.120567375886523,0.3931914893617021,0.058823529411764705,0.18823529411764706,0.4632352941176471,0.23125,0.56,0.46875,0.45,0.48,0.45,0.09558823529411764,0.1411764705882353,0.15441176470588236,0
0.8333333333333334,0.8,0.5714285714285714,0.0,7.0,186.20567375886526,130.22695035460993,77.09929078014186,21.120567375886523,0.3931914893617021,0.058823529411764705,0.18823529411764706,0.4632352941176471,0.23125,0.56,0.46875,0.45,0.48,0.45,0.09558823529411764,0.1411764705882353,0.15441176470588236,0
0.8333333333333334,0.8,0.5714285714285714,0.0,7.0,186.20567375886526,130.22695035460993,77.09929078014186,21.120567375886523,0.3931914893617021,0.058823529411764705,0.18823529411764706,0.4632352941176471,0.23125,0.56,0.46875,0.45,0.48,0.45,0.09558823529411764,0.1411764705882353,0.15441176470588236,0
0.8333333333333334,0.8,0.5714285714285714,0.0,7.0,186.20567375886526,130.22695035460993,77.09929078014186,21.120567375886523,0.3931914893617021,0.058823529411764705,0.18823529411764706,0.4632352941176471,0.23125,0.56,0.46875,0.45,0.48,0.45,0.09558823529411764,0.1411764705882353,0.15441176470588236,0
0.8333333333333334,0.8,0.5,0.0,3.0,181.39716312056737,168.4468085106383,74.8014184397163,61.851063829787236,0.34297872340425534,0.04411764705882353,0.4235294117647059,0.47794117647058826,0.25,0.48,0.30625,0.41875,0.48,0.4375,0.11764705882352941,0.11764705882352941,0.11764705882352941,0
0.8333333333333334,0.8,0.5,0.0,3.0,181.39716312056737,168.4468085106383,74.8014184397163,61.851063829787236,0.34297872340425534,0.04411764705882353,0.4235294117647059,0.47794117647058826,0.25,0.48,0.30625,0.41875,0.48,0.4375,0.11764705882352941,0.11764705882352941,0.11764705882352941,0
0.8333333333333334,0.8,0.5,0.0,3.0,181.39716312056737,168.4468085106383,74.8014184397163,61.851063829787236,0.34297872340425534,0.04411764705882353,0.4235294117647059,0.47794117647058826,0.25,0.48,0.30625,0.41875,0.48,0.4375,0.11764705882352941,0.11764705882352941,0.11764705882352941,0
0.8333333333333334,0.8,0.5,0.0,3.0,181.39716312056737,168.4468085106383,74.8014184397163,61.851063829787236,0.34297872340425534,0.04411764705882353,0.4235294117647059,0.47794117647058826,0.25,0.48,0.30625,0.41875,0.48,0.4375,0.11764705882352941,0.11764705882352941,0.11764705882352941,0
0.8,0.8,0.0,1.0,3.0,222.68085106382978,254.41134751773052,117.36170212765957,149.0921985815603,0.13531914893617022,0.029411764705882353,0.0,0.0,0.10625,0.23,0.0,0.13125,0.53,0.0,0.03676470588235294,0.2,0.0,0
0.8,0.8,0.0,1.0,3.0,222.68085106382978,254.41134751773052,117.36170212765957,149.0921985815603,0.13531914893617022,0.029411764705882353,0.0,0.0,0.10625,0.23,0.0,0.13125,0.53,0.0,0.03676470588235294,0.2,0.0,0
0.8,0.8,0.0,1.0,3.0,222.68085106382978,254.41134751773052,117.36170212765957,149.0921985815603,0.13531914893617022,0.029411764705882353,0.0,0.0,0.10625,0.23,0.0,0.13125,0.53,0.0,0.03676470588235294,0.2,0.0,0
0.8,0.8,0.0,1.0,3.0,222.68085106382978,254.41134751773052,117.36170212765957,149.0921985815603,0.13531914893617022,0.029411764705882353,0.0,0.0,0.10625,0.23,0.0,0.13125,0.53,0.0,0.03676470588235294,0.2,0.0,0
0.8666666666666667,0.8,0.5,0.16666666666666666,4.0,218.18439716312056,135.0496453900709,129.16312056737587,46.02836879432623,0.3159420289855073,0.0,0.24,0.175,0.0,0.6,0.5340909090909091,0.0,0.2909090909090909,0.29545454545454547,0.0,0.0,0.0,0
0.8666666666666667,0.8,0.75,0.16666666666666666,4.0,217.51773049645388,148.8014184397163,144.32624113475174,75.60992907801416,0.3342995169082126,0.0,0.32,0.175,0.0,0.8,0.5340909090909091,0.0,0.38181818181818183,0.29545454545454547,0.0,0.0,0.0,0
0.8666666666666667,0.8,0.75,0.16666666666666666,4.0,217.51773049645388,148.8014184397163,144.32624113475174,75.60992907801416,0.3342995169082126,0.0,0.32,0.175,0.0,0.8,0.5340909090909091,0.0,0.38181818181818183,0.29545454545454547,0.0,0.0,0.0,0
0.8666666666666667,0.8,1.0,0.16666666666666666,4.0,198.0921985815603,145.531914893617,124.70921985815605,72.14893617021275,0.34396135265700484,0.0,0.32,0.225,0.0,0.8,0.6022727272727273,0.011363636363636364,0.36363636363636365,0.3181818181818182,0.0,0.0,0.0,0
0.8666666666666667,0.8,1.0,0.16666666666666666,4.0,198.0921985815603,145.531914893617,124.70921985815605,72.14893617021275,0.34396135265700484,0.0,0.32,0.225,0.0,0.8,0.6022727272727273,0.011363636363636364,0.36363636363636365,0.3181818181818182,0.0,0.0,0.0,0
0.8666666666666667,0.8,1.0,0.16666666666666666,4.0,198.0921985815603,145.531914893617,124.70921985815605,72.14893617021275,0.34396135265700484,0.0,0.32,0.225,0.0,0.8,0.6022727272727273,0.011363636363636364,0.36363636363636365,0.3181818181818182,0.0,0.0,0.0,0
0.8666666666666667,0.8,0.75,0.16666666666666666,4.0,155.24113475177305,163.2695035460993,66.8581560283688,74.88652482269504,0.3526570048309179,0.05,0.24,0.25,0.125,0.7454545454545455,0.5340909090909091,0.06818181818181818,0.36363636363636365,0.26136363636363635,0.0,0.0,0.0,0
0.8666666666666667,0.8,0.75,0.16666666666666666,4.0,155.24113475177305,163.2695035460993,66.8581560283688,74.88652482269504,0.3526570048309179,0.05,0.24,0.25,0.125,0.7454545454545455,0.5340909090909091,0.06818181818181818,0.36363636363636365,0.26136363636363635,0.0,0.0,0.0,0
0.8666666666666667,0.8,0.7777777777777778,0.16666666666666666,3.0,145.53191489361703,183.11347517730496,48.31914893617022,85.90070921985816,0.45217391304347826,0.25,0.28,0.18333333333333332,0.7045454545454546,0.6363636363636364,0.4431818181818182,0.3409090909090909,0.32727272727272727,0.2159090909090909,0.0,0.0,0.0,0
0.8666666666666667,0.8,0.7777777777777778,0.16666666666666666,3.0,145.53191489361703,183.11347517730496,48.31914893617022,85.90070921985816,0.45217391304347826,0.25,0.28,0.18333333333333332,0.7045454545454546,0.6363636363636364,0.4431818181818182,0.3409090909090909,0.32727272727272727,0.2159090909090909,0.0,0.0,0.0,0
0.8666666666666667,0.8,0.7777777777777778,0.16666666666666666,3.0,145.53191489361703,183.11347517730496,48.31914893617022,85.90070921985816,0.45217391304347826,0.25,0.28,0.18333333333333332,0.7045454545454546,0.6363636363636364,0.4431818181818182,0.3409090909090909,0.32727272727272727,0.2159090909090909,0.0,0.0,0.0,0
0.8666666666666667,0.8,0.7777777777777778,0.16666666666666666,3.0,145.53191489361703,183.11347517730496,48.31914893617022,85.90070921985816,0.45217391304347826,0.25,0.28,0.18333333333333332,0.7045454545454546,0.6363636363636364,0.4431818181818182,0.3409090909090909,0.32727272727272727,0.2159090909090909,0.0,0.0,0.0,0
0.8666666666666667,0.8,0.7777777777777778,0.16666666666666666,3.0,145.53191489361703,183.11347517730496,48.31914893617022,85.90070921985816,0.45217391304347826,0.25,0.28,0.18333333333333332,0.7045454545454546,0.6363636363636364,0.4431818181818182,0.3409090909090909,0.32727272727272727,0.2159090909090909,0.0,0.0,0.0,0
0.8666666666666667,0.8,0.6666666666666666,0.3333333333333333,1.0,220.43971631205673,147.0212765957447,119.95035460992908,46.53191489361704,0.25024154589371983,0.0,0.37333333333333335,0.5583333333333333,0.0,0.3090909090909091,0.1590909090909091,0.0,0.21818181818181817,0.18181818181818182,0.14166666666666666,0.30666666666666664,0.03333333333333333,0
0.8666666666666667,0.8,0.6666666666666666,0.3333333333333333,1.0,220.43971631205673,147.0212765957447,119.95035460992908,46.53191489361704,0.25024154589371983,0.0,0.37333333333333335,0.5583333333333333,0.0,0.3090909090909091,0.1590909090909091,0.0,0.21818181818181817,0.18181818181818182,0.14166666666666666,0.30666666666666664,0.03333333333333333,0
0.8666666666666667,0.8,0.6666666666666666,0.3333333333333333,1.0,220.43971631205673,147.0212765957447,119.95035460992908,46.53191489361704,0.25024154589371983,0.0,0.37333333333333335,0.5583333333333333,0.0,0.3090909090909091,0.1590909090909091,0.0,0.21818181818181817,0.18181818181818182,0.14166666666666666,0.30666666666666664,0.03333333333333333,0
0.8666666666666667,0.8333333333333334,0.6666666666666666,0.3333333333333333,1.0,198.74468085106386,148.87234042553192,100.00000000000003,50.12765957446808,0.2966183574879227,0.125,0.4,0.4666666666666667,0.0,0.2727272727272727,0.13636363636363635,0.26136363636363635,0.3090909090909091,0.26136363636363635,0.0,0.0,0.0,0
0.8666666666666667,0.8333333333333334,0.6666666666666666,0.3333333333333333,1.0,198.74468085106386,148.87234042553192,100.00000000000003,50.12765957446808,0.2966183574879227,0.125,0.4,0.4666666666666667,0.0,0.2727272727272727,0.13636363636363635,0.26136363636363635,0.3090909090909091,0.26136363636363635,0.0,0.0,0.0,0
1.0333333333333334,1.0333333333333334,0.5,0.4166666666666667,2.0,232.47517730496455,125.177304964539,148.3262411347518,41.02836879432624,0.2898550724637681,0.20833333333333334,0.5333333333333333,0.8166666666666667,0.0,0.44,0.075,0.0,0.55,0.4166666666666667,0.0,0.013333333333333334,0.1,1
1.0333333333333334,1.0333333333333334,0.5,0.4166666666666667,2.0,232.47517730496455,125.177304964539,148.3262411347518,41.02836879432624,0.2898550724637681,0.20833333333333334,0.5333333333333333,0.8166666666666667,0.0,0.44,0.075,0.0,0.55,0.4166666666666667,0.0,0.013333333333333334,0.1,1
1.0333333333333334,1.0333333333333334,0.5,0.4166666666666667,2.0,232.47517730496455,125.177304964539,148.3262411347518,41.02836879432624,0.30434782608695654,0.21666666666666667,0.48,0.775,0.0,0.45454545454545453,0.13636363636363635,0.0,0.6,0.45454545454545453,0.0,0.02666666666666667,0.1,1
1.0333333333333334,1.0333333333333334,0.5,0.4166666666666667,2.0,232.47517730496455,125.177304964539,148.3262411347518,41.02836879432624,0.30434782608695654,0.21666666666666667,0.48,0.775,0.0,0.45454545454545453,0.13636363636363635,0.0,0.6,0.45454545454545453,0.0,0.02666666666666667,0.1,1
1.0333333333333334,1.0333333333333334,0.5,0.4166666666666667,2.0,232.47517730496455,125.177304964539,148.3262411347518,41.02836879432624,0.30434782608695654,0.21666666666666667,0.48,0.775,0.0,0.45454545454545453,0.13636363636363635,0.0,0.6,0.45454545454545453,0.0,0.02666666666666667,0.1,1
1.0333333333333334,1.0333333333333334,0.6666666666666666,0.3333333333333333,1.0,187.95035460992906,134.3758865248227,128.78014184397162,75.20567375886526,0.3961352657004831,0.0,0.6266666666666667,0.75,0.10227272727272728,0.2727272727272727,0.13636363636363635,0.42045454545454547,0.5636363636363636,0.4318181818181818,0.0,0.0,0.058333333333333334,0
1.0333333333333334,1.0333333333333334,0.6666666666666666,0.3333333333333333,1.0,187.95035460992906,134.3758865248227,128.78014184397162,75.20567375886526,0.3961352657004831,0.0,0.6266666666666667,0.75,0.10227272727272728,0.2727272727272727,0.13636363636363635,0.42045454545454547,0.5636363636363636,0.4318181818181818,0.0,0.0,0.058333333333333334,0
1.0333333333333334,1.0333333333333334,0.6666666666666666,0.3333333333333333,1.0,187.95035460992906,134.3758865248227,128.78014184397162,75.20567375886526,0.3961352657004831,0.0,0.6266666666666667,0.75,0.10227272727272728,0.2727272727272727,0.13636363636363635,0.42045454545454547,0.5636363636363636,0.4318181818181818,0.0,0.0,0.058333333333333334,0
1.0333333333333334,1.0333333333333334,0.6666666666666666,0.3333333333333333,1.0,187.95035460992906,134.3758865248227,128.78014184397162,75.20567375886526,0.3961352657004831,0.0,0.6266666666666667,0.75,0.10227272727272728,0.2727272727272727,0.13636363636363635,0.42045454545454547,0.5636363636363636,0.4318181818181818,0.0,0.0,0.058333333333333334,0
1.0,0.8666666666666667,0.0,0.5,1.0,178.39716312056737,145.32624113475177,59.631205673758856,26.560283687943254,0.3961352657004831,0.2833333333333333,0.0,0.0,0.045454545454545456,0.2909090909090909,0.38636363636363635,0.4318181818181818,0.5272727272727272,0.45454545454545453,0.06666666666666667,0.06666666666666667,0.0,0
1.0,0.8666666666666667,0.0,0.5,1.0,178.39716312056737,145.32624113475177,59.631205673758856,26.560283687943254,0.3961352657004831,0.2833333333333333,0.0,0.0,0.045454545454545456,0.2909090909090909,0.38636363636363635,0.4318181818181818,0.5272727272727272,0.45454545454545453,0.06666666666666667,0.06666666666666667,0.0,0
1.0,0.8666666666666667,0.0,0.5,1.0,178.39716312056737,145.32624113475177,59.631205673758856,26.560283687943254,0.3961352657004831,0.2833333333333333,0.0,0.0,0.045454545454545456,0.2909090909090909,0.38636363636363635,0.4318181818181818,0.5272727272727272,0.45454545454545453,0.06666666666666667,0.06666666666666667,0.0,0
1.0,0.8666666666666667,0.0,0.5,1.0,178.39716312056737,145.32624113475177,59.631205673758856,26.560283687943254,0.3961352657004831,0.2833333333333333,0.0,0.0,0.045454545454545456,0.2909090909090909,0.38636363636363635,0.4318181818181818,0.5272727272727272,0.45454545454545453,0.06666666666666667,0.06666666666666667,0.0,0
1.0333333333333334,1.0333333333333334,0.0,0.4722222222222222,6.0,174.2836879432624,187.57446808510642,54.41134751773049,67.7021276595745,0.3159420289855073,0.4,0.0,0.0,0.045454545454545456,0.34545454545454546,0.375,0.45454545454545453,0.4,0.0,0.075,0.09333333333333334,0.0,0
1.0333333333333334,1.0333333333333334,0.0,0.4722222222222222,6.0,174.2836879432624,187.57446808510642,54.41134751773049,67.7021276595745,0.3159420289855073,0.4,0.0,0.0,0.045454545454545456,0.34545454545454546,0.375,0.45454545454545453,0.4,0.0,0.075,0.09333333333333334,0.0,0
1.0333333333333334,1.0333333333333334,0.0,0.4722222222222222,6.0,174.2836879432624,187.57446808510642,54.41134751773049,67.7021276595745,0.3159420289855073,0.4,0.0,0.0,0.045454545454545456,0.34545454545454546,0.375,0.45454545454545453,0.4,0.0,0.075,0.09333333333333334,0.0,0
1.0333333333333334,1.0333333333333334,0.0,0.4722222222222222,6.0,174.2836879432624,187.57446808510642,54.41134751773049,67.7021276595745,0.3159420289855073,0.4,0.0,0.0,0.045454545454545456,0.34545454545454546,0.375,0.45454545454545453,0.4,0.0,0.075,0.09333333333333334,0.0,0
1.0333333333333334,1.0333333333333334,0.3333333333333333,0.25,2.0,194.70921985815605,197.8368794326241,120.70921985815605,123.8368794326241,0.2772946859903382,0.0,0.37333333333333335,0.175,0.03409090909090909,0.43636363636363634,0.20454545454545456,0.11363636363636363,0.509090909090909,0.26136363636363635,0.3416666666666667,0.26666666666666666,0.44166666666666665,0
1.0333333333333334,1.0333333333333334,0.3333333333333333,0.25,2.0,194.70921985815605,197.8368794326241,120.70921985815605,123.8368794326241,0.2772946859903382,0.0,0.37333333333333335,0.175,0.03409090909090909,0.43636363636363634,0.20454545454545456,0.11363636363636363,0.509090909090909,0.26136363636363635,0.3416666666666667,0.26666666666666666,0.44166666666666665,0
1.0333333333333334,1.0333333333333334,0.3333333333333333,0.25,2.0,194.70921985815605,197.8368794326241,120.70921985815605,123.8368794326241,0.2772946859903382,0.0,0.37333333333333335,0.175,0.03409090909090909,0.43636363636363634,0.20454545454545456,0.11363636363636363,0.509090909090909,0.26136363636363635,0.3416666666666667,0.26666666666666666,0.44166666666666665,0
1.0333333333333334,1.0333333333333334,0.3333333333333333,0.25,2.0,194.70921985815605,197.8368794326241,120.70921985815605,123.8368794326241,0.2772946859903382,0.0,0.37333333333333335,0.175,0.03409090909090909,0.43636363636363634,0.20454545454545456,0.11363636363636363,0.509090909090909,0.26136363636363635,0.3416666666666667,0.26666666666666666,0.44166666666666665,0
1.0333333333333334,1.0333333333333334,0.0,0.16666666666666666,3.0,227.4964539007092,227.75886524822695,134.56028368794324,134.82269503546098,0.21256038647342995,0.0,0.0,0.0,0.0,0.43636363636363634,0.06818181818181818,0.0,0.4909090909090909,0.14772727272727273,0.0,0.0,0.4583333333333333,0
1.0333333333333334,1.0333333333333334,0.0,0.16666666666666666,3.0,227.4964539007092,227.75886524822695,134.56028368794324,134.82269503546098,0.21256038647342995,0.0,0.0,0.0,0.0,0.43636363636363634,0.06818181818181818,0.0,0.4909090909090909,0.14772727272727273,0.0,0.0,0.4583333333333333,0
1.0333333333333334,1.0333333333333334,0.0,0.16666666666666666,3.0,227.4964539007092,227.75886524822695,134.56028368794324,134.82269503546098,0.21256038647342995,0.0,0.0,0.0,0.0,0.43636363636363634,0.06818181818181818,0.0,0.4909090909090909,0.14772727272727273,0.0,0.0,0.4583333333333333,0
1.0333333333333334,1.0333333333333334,0.0,0.16666666666666666,3.0,227.4964539007092,227.75886524822695,134.56028368794324,134.82269503546098,0.21256038647342995,0.0,0.0,0.0,0.0,0.43636363636363634,0.06818181818181818,0.0,0.4909090909090909,0.14772727272727273,0.0,0.0,0.4583333333333333,0
1.0333333333333334,1.0333333333333334,0.5,1.0,2.0,180.81560283687944,177.1205673758865,114.49645390070923,110.8014184397163,0.3004830917874396,0.13333333333333333,0.4666666666666667,0.38333333333333336,0.0,0.38181818181818183,0.0,0.19318181818181818,0.6363636363636364,0.5568181818181818,0.4166666666666667,0.30666666666666664,0.20833333333333334,0
1.0333333333333334,1.0333333333333334,0.5,1.0,2.0,180.81560283687944,177.1205673758865,114.49645390070923,110.8014184397163,0.3004830917874396,0.13333333333333333,0.4666666666666667,0.38333333333333336,0.0,0.38181818181818183,0.0,0.19318181818181818,0.6363636363636364,0.5568181818181818,0.4166666666666667,0.30666666666666664,0.20833333333333334,0
1.0333333333333334,1.0333333333333334,0.5,1.0,2.0,180.81560283687944,177.1205673758865,114.49645390070923,110.8014184397163,0.3004830917874396,0.13333333333333333,0.4666666666666667,0.38333333333333336,0.0,0.38181818181818183,0.0,0.19318181818181818,0.6363636363636364,0.5568181818181818,0.4166666666666667,0.30666666666666664,0.20833333333333334,0
0.9666666666666667,0.9666666666666667,0.9166666666666666,0.0,2.0,176.1276595744681,151.2695035460993,109.8085106382979,84.95035460992908,0.3545893719806763,0.11666666666666667,0.3333333333333333,0.425,0.0,0.34545454545454546,0.045454545454545456,0.5568181818181818,0.7818181818181819,0.625,0.0,0.0,0.0,0
0.9666666666666667,0.9666666666666667,0.9166666666666666,0.0,2.0,176.1276595744681,151.2695035460993,109.8085106382979,84.95035460992908,0.3545893719806763,0.11666666666666667,0.3333333333333333,0.425,0.0,0.34545454545454546,0.045454545454545456,0.5568181818181818,0.7818181818181819,0.625,0.0,0.0,0.0,0
0.9666666666666667,0.9666666666666667,0.9166666666666666,0.0,2.0,176.1276595744681,151.2695035460993,109.8085106382979,84.95035460992908,0.3545893719806763,0.11666666666666667,0.3333333333333333,0.425,0.0,0.34545454545454546,0.045454545454545456,0.5568181818181818,0.7818181818181819,0.625,0.0,0.0,0.0,0
0.9666666666666667,0.9666666666666667,0.9166666666666666,0.0,2.0,176.1276595744681,151.2695035460993,109.8085106382979,84.95035460992908,0.3545893719806763,0.11666666666666667,0.3333333333333333,0.425,0.0,0.34545454545454546,0.045454545454545456,0.5568181818181818,0.7818181818181819,0.625,0.0,0.0,0.0,0
0.9666666666666667,0.9666666666666667,0.9166666666666666,0.0,2.0,176.1276595744681,151.2695035460993,109.8085106382979,84.95035460992908,0.3545893719806763,0.11666666666666667,0.3333333333333333,0.425,0.0,0.34545454545454546,0.045454545454545456,0.5568181818181818,0.7818181818181819,0.625,0.0,0.0,0.0,0
0.8666666666666667,0.8333333333333334,0.3333333333333333,0.0,2.0,185.5531914893617,185.01418439716312,63.68085106382978,63.141843971631204,0.30144927536231886,0.2,0.18666666666666668,0.35,0.011363636363636364,0.43636363636363634,0.14772727272727273,0.5227272727272727,0.36363636363636365,0.0,0.0,0.0,0.0,0
0.8666666666666667,0.8333333333333334,0.8333333333333334,0.0,2.0,185.79432624113474,184.46808510638297,55.539007092198574,54.212765957446805,0.28888888888888886,0.13333333333333333,0.25333333333333335,0.3,0.0,0.4727272727272727,0.125,0.48863636363636365,0.2909090909090909,0.0,0.0,0.0,0.0,0
0.8666666666666667,0.8333333333333334,0.8333333333333334,0.0,2.0,185.79432624113474,184.46808510638297,55.539007092198574,54.212765957446805,0.28888888888888886,0.13333333333333333,0.25333333333333335,0.3,0.0,0.4727272727272727,0.125,0.48863636363636365,0.2909090909090909,0.0,0.0,0.0,0.0,0
0.8666666666666667,0.8333333333333334,0.8333333333333334,0.0,2.0,185.79432624113474,184.46808510638297,55.539007092198574,54.212765957446805,0.28888888888888886,0.13333333333333333,0.25333333333333335,0.3,0.0,0.4727272727272727,0.125,0.48863636363636365,0.2909090909090909,0.0,0.0,0.0,0.0,0
1.0333333333333334,1.0333333333333334,0.5833333333333334,0.5,2.0,178.82269503546095,179.99290780141845,101.39716312056734,102.56737588652484,0.37777777777777777,0.18333333333333332,0.56,0.38333333333333336,0.1590909090909091,0.41818181818181815,0.0,0.5454545454545454,0.7636363636363637,0.4318181818181818,0.09166666666666666,0.06666666666666667,0.008333333333333333,1
1.0333333333333334,1.0333333333333334,1.0,0.16666666666666666,2.0,181.38297872340425,168.36879432624113,105.7659574468085,92.75177304964538,0.3314009661835749,0.14166666666666666,0.44,0.45,0.0,0.32727272727272727,0.0,0.42045454545454547,0.6181818181818182,0.3977272727272727,0.0,0.0,0.0,0
1.0333333333333334,1.0333333333333334,1.0,0.16666666666666666,2.0,181.38297872340425,168.36879432624113,105.7659574468085,92.75177304964538,0.3314009661835749,0.14166666666666666,0.44,0.45,0.0,0.32727272727272727,0.0,0.42045454545454547,0.6181818181818182,0.3977272727272727,0.0,0.0,0.0,0
1.0333333333333334,1.0333333333333334,1.0,0.16666666666666666,2.0,181.38297872340425,168.36879432624113,105.7659574468085,92.75177304964538,0.3314009661835749,0.14166666666666666,0.44,0.45,0.0,0.32727272727272727,0.0,0.42045454545454547,0.6181818181818182,0.3977272727272727,0.0,0.0,0.0,0
1.0333333333333334,1.0333333333333334,1.0,0.16666666666666666,2.0,181.38297872340425,168.36879432624113,105.7659574468085,92.75177304964538,0.3314009661835749,0.14166666666666666,0.44,0.45,0.0,0.32727272727272727,0.0,0.42045454545454547,0.6181818181818182,0.3977272727272727,0.0,0.0,0.0,0
1.0333333333333334,1.0333333333333334,1.0,0.16666666666666666,2.0,181.38297872340425,168.36879432624113,105.7659574468085,92.75177304964538,0.3314009661835749,0.14166666666666666,0.44,0.45,0.0,0.32727272727272727,0.0,0.42045454545454547,0.6181818181818182,0.3977272727272727,0.0,0.0,0.0,0
1.0333333333333334,1.0333333333333334,0.6666666666666666,0.0,2.0,180.26950354609926,149.59574468085106,113.80141843971629,83.12765957446808,0.3719806763285024,0.125,0.3466666666666667,0.45,0.0,0.3090909090909091,0.03409090909090909,0.4659090909090909,0.6545454545454545,0.6022727272727273,0.0,0.0,0.0,0
1.0333333333333334,1.0333333333333334,0.6666666666666666,0.0,2.0,180.26950354609926,149.59574468085106,113.80141843971629,83.12765957446808,0.3719806763285024,0.125,0.3466666666666667,0.45,0.0,0.3090909090909091,0.03409090909090909,0.4659090909090909,0.6545454545454545,0.6022727272727273,0.0,0.0,0.0,0
1.0333333333333334,1.0333333333333334,0.6666666666666666,0.0,2.0,180.26950354609926,149.59574468085106,113.80141843971629,83.12765957446808,0.3719806763285024,0.125,0.3466666666666667,0.45,0.0,0.3090909090909091,0.03409090909090909,0.4659090909090909,0.6545454545454545,0.6022727272727273,0.0,0.0,0.0,0
1.0333333333333334,1.0333333333333334,0.6666666666666666,0.0,2.0,180.26950354609926,149.59574468085106,113.80141843971629,83.12765957446808,0.3719806763285024,0.125,0.3466666666666667,0.45,0.0,0.3090909090909091,0.03409090909090909,0.4659090909090909,0.6545454545454545,0.6022727272727273,0.0,0.0,0.0,0
1.0333333333333334,1.0333333333333334,0.6666666666666666,0.0,2.0,180.26950354609926,149.59574468085106,113.80141843971629,83.12765957446808,0.3719806763285024,0.125,0.3466666666666667,0.45,0.0,0.3090909090909091,0.03409090909090909,0.4659090909090909,0.6545454545454545,0.6022727272727273,0.0,0.0,0.0,0
0.9666666666666667,0.9666666666666667,1.0,0.0,1.0,172.46808510638297,136.17730496453902,70.2127659574468,33.92198581560285,0.4251207729468599,0.19166666666666668,0.22666666666666666,0.3416666666666667,0.0,0.2727272727272727,0.13636363636363635,0.6590909090909091,0.8181818181818182,0.7386363636363636,0.0,0.0,0.0,0
0.9666666666666667,0.9666666666666667,1.0,0.0,1.0,172.46808510638297,136.17730496453902,70.2127659574468,33.92198581560285,0.4251207729468599,0.19166666666666668,0.22666666666666666,0.3416666666666667,0.0,0.2727272727272727,0.13636363636363635,0.6590909090909091,0.8181818181818182,0.7386363636363636,0.0,0.0,0.0,0
0.9666666666666667,0.9666666666666667,1.0,0.0,1.0,172.46808510638297,136.17730496453902,70.2127659574468,33.92198581560285,0.4251207729468599,0.19166666666666668,0.22666666666666666,0.3416666666666667,0.0,0.2727272727272727,0.13636363636363635,0.6590909090909091,0.8181818181818182,0.7386363636363636,0.0,0.0,0.0,0
0.9666666666666667,0.9666666666666667,1.0,0.0,1.0,172.46808510638297,136.17730496453902,70.2127659574468,33.92198581560285,0.4251207729468599,0.19166666666666668,0.22666666666666666,0.3416666666666667,0.0,0.2727272727272727,0.13636363636363635,0.6590909090909091,0.8181818181818182,0.7386363636363636,0.0,0.0,0.0,0
0.9666666666666667,0.9666666666666667,1.0,0.0,1.0,172.46808510638297,136.17730496453902,70.2127659574468,33.92198581560285,0.4251207729468599,0.19166666666666668,0.22666666666666666,0.3416666666666667,0.0,0.2727272727272727,0.13636363636363635,0.6590909090909091,0.8181818181818182,0.7386363636363636,0.0,0.0,0.0,0
0.9,0.9,0.16666666666666666,0.0,6.0,173.79432624113474,171.24113475177305,57.560283687943254,55.00709219858156,0.3140096618357488,0.13333333333333333,0.08,0.15833333333333333,0.022727272727272728,0.32727272727272727,0.3068181818181818,0.6590909090909091,0.36363636363636365,0.0,0.0,0.0,0.0,0
0.9,0.9,0.16666666666666666,0.0,6.0,173.79432624113474,171.24113475177305,57.560283687943254,55.00709219858156,0.3140096618357488,0.13333333333333333,0.08,0.15833333333333333,0.022727272727272728,0.32727272727272727,0.3068181818181818,0.6590909090909091,0.36363636363636365,0.0,0.0,0.0,0.0,0
0.9,0.9,0.16666666666666666,0.0,6.0,173.79432624113474,171.24113475177305,57.560283687943254,55.00709219858156,0.3140096618357488,0.13333333333333333,0.08,0.15833333333333333,0.022727272727272728,0.32727272727272727,0.3068181818181818,0.6590909090909091,0.36363636363636365,0.0,0.0,0.0,0.0,0
0.8333333333333334,0.8,0.5833333333333334,0.0,2.0,203.31205673758868,219.5886524822695,90.56737588652484,106.84397163120568,0.2956521739130435,0.275,0.18666666666666668,0.3,0.3409090909090909,0.4,0.13636363636363635,0.0,0.18181818181818182,0.125,0.0,0.0,0.0,0
0.8333333333333334,0.8,1.0,0.0,2.0,214.72340425531914,219.91489361702125,80.95744680851064,86.14893617021275,0.2898550724637681,0.24166666666666667,0.18666666666666668,0.3333333333333333,0.26136363636363635,0.4,0.13636363636363635,0.0,0.18181818181818182,0.1590909090909091,0.0,0.0,0.0,0
0.8333333333333334,0.8,1.0,0.0,2.0,214.72340425531914,219.91489361702125,80.95744680851064,86.14893617021275,0.2898550724637681,0.24166666666666667,0.18666666666666668,0.3333333333333333,0.26136363636363635,0.4,0.13636363636363635,0.0,0.18181818181818182,0.1590909090909091,0.0,0.0,0.0,0
0.8333333333333334,0.8,1.0,0.0,2.0,214.72340425531914,219.91489361702125,80.95744680851064,86.14893617021275,0.2898550724637681,0.24166666666666667,0.18666666666666668,0.3333333333333333,0.26136363636363635,0.4,0.13636363636363635,0.0,0.18181818181818182,0.1590909090909091,0.0,0.0,0.0,0
0.8333333333333334,0.8,1.0,0.0,1.0,219.91489361702125,183.3049645390071,122.51063829787232,85.90070921985817,0.2927536231884058,0.14166666666666666,0.49333333333333335,0.3,0.25,0.21818181818181817,0.0,0.11363636363636363,0.2545454545454545,0.4090909090909091,0.0,0.0,0.0,1
0.8333333333333334,0.8,1.0,0.0,1.0,219.91489361702125,183.3049645390071,122.51063829787232,85.90070921985817,0.2927536231884058,0.14166666666666666,0.49333333333333335,0.3,0.25,0.21818181818181817,0.0,0.11363636363636363,0.2545454545454545,0.4090909090909091,0.0,0.0,0.0,1
0.8333333333333334,0.8,1.0,0.0,1.0,219.91489361702125,183.3049645390071,122.51063829787232,85.90070921985817,0.2927536231884058,0.14166666666666666,0.49333333333333335,0.3,0.25,0.21818181818181817,0.0,0.11363636363636363,0.2545454545454545,0.4090909090909091,0.0,0.0,0.0,1
0.8333333333333334,0.8,1.0,0.0,1.0,219.91489361702125,183.3049645390071,122.51063829787232,85.90070921985817,0.2927536231884058,0.14166666666666666,0.49333333333333335,0.3,0.25,0.21818181818181817,0.0,0.11363636363636363,0.2545454545454545,0.4090909090909091,0.0,0.0,0.0,1
0.8333333333333334,0.8,1.0,0.0,1.0,219.91489361702125,183.3049645390071,122.51063829787232,85.90070921985817,0.2927536231884058,0.14166666666666666,0.49333333333333335,0.3,0.25,0.21818181818181817,0.0,0.11363636363636363,0.2545454545454545,0.4090909090909091,0.0,0.0,0.0,1
0.9666666666666667,0.9666666666666667,0.3333333333333333,0.0,2.0,179.29787234042553,148.75177304964538,75.04255319148936,44.49645390070921,0.37294685990338167,0.21666666666666667,0.28,0.5166666666666667,0.0,0.38181818181818183,0.022727272727272728,0.5113636363636364,0.7818181818181819,0.5340909090909091,0.0,0.0,0.0,0
1.0,0.9666666666666667,0.8333333333333334,0.0,2.0,178.76595744680853,149.4964539007092,117.31914893617022,88.0496453900709,0.3719806763285024,0.18333333333333332,0.38666666666666666,0.475,0.0,0.4,0.011363636363636364,0.5568181818181818,0.7636363636363637,0.5,0.0,0.0,0.0,0
1.0,0.9666666666666667,0.8333333333333334,0.0,2.0,178.76595744680853,149.4964539007092,117.31914893617022,88.0496453900709,0.3719806763285024,0.18333333333333332,0.38666666666666666,0.475,0.0,0.4,0.011363636363636364,0.5568181818181818,0.7636363636363637,0.5,0.0,0.0,0.0,0
1.0,0.9666666666666667,0.8333333333333334,0.0,2.0,178.76595744680853,149.4964539007092,117.31914893617022,88.0496453900709,0.3719806763285024,0.18333333333333332,0.38666666666666666,0.475,0.0,0.4,0.011363636363636364,0.5568181818181818,0.7636363636363637,0.5,0.0,0.0,0.0,0
1.0,0.9666666666666667,0.8333333333333334,0.0,2.0,178.76595744680853,149.4964539007092,117.31914893617022,88.0496453900709,0.3719806763285024,0.18333333333333332,0.38666666666666666,0.475,0.0,0.4,0.011363636363636364,0.5568181818181818,0.7636363636363637,0.5,0.0,0.0,0.0,0
1.0,0.9666666666666667,0.8333333333333334,0.0,2.0,178.76595744680853,149.4964539007092,117.31914893617022,88.0496453900709,0.3719806763285024,0.18333333333333332,0.38666666666666666,0.475,0.0,0.4,0.011363636363636364,0.5568181818181818,0.7636363636363637,0.5,0.0,0.0,0.0,0
0.9333333333333333,0.8,0.0,0.9583333333333334,3.5,169.53191489361703,120.93617021276596,63.829787234042556,15.234042553191486,0.41835748792270533,0.10833333333333334,0.06666666666666667,0.13333333333333333,0.09090909090909091,0.23636363636363636,0.42045454545454547,0.26136363636363635,0.43636363636363634,0.18181818181818182,0.3,0.4,0.475,0
0.9333333333333333,0.8,0.0,0.9583333333333334,3.5,169.53191489361703,120.93617021276596,63.829787234042556,15.234042553191486,0.41835748792270533,0.10833333333333334,0.06666666666666667,0.13333333333333333,0.09090909090909091,0.23636363636363636,0.42045454545454547,0.26136363636363635,0.43636363636363634,0.18181818181818182,0.3,0.4,0.475,0
0.9333333333333333,0.8,0.0,0.9583333333333334,3.5,169.53191489361703,120.93617021276596,63.829787234042556,15.234042553191486,0.41835748792270533,0.10833333333333334,0.06666666666666667,0.13333333333333333,0.09090909090909091,0.23636363636363636,0.42045454545454547,0.26136363636363635,0.43636363636363634,0.18181818181818182,0.3,0.4,0.475,0
0.9333333333333333,0.8,0.0,0.9583333333333334,3.5,169.53191489361703,120.93617021276596,63.829787234042556,15.234042553191486,0.41835748792270533,0.10833333333333334,0.06666666666666667,0.13333333333333333,0.09090909090909091,0.23636363636363636,0.42045454545454547,0.26136363636363635,0.43636363636363634,0.18181818181818182,0.3,0.4,0.475,0
0.9333333333333333,0.8,0.0,0.9583333333333334,3.5,169.53191489361703,120.93617021276596,63.829787234042556,15.234042553191486,0.41835748792270533,0.10833333333333334,0.06666666666666667,0.13333333333333333,0.09090909090909091,0.23636363636363636,0.42045454545454547,0.26136363636363635,0.43636363636363634,0.18181818181818182,0.3,0.4,0.475,0
0.9333333333333333,0.9,0.4166666666666667,0.0,2.0,179.92907801418437,115.02127659574468,72.50354609929076,7.59574468085107,0.3294685990338164,0.21666666666666667,0.32,0.275,0.3125,0.6,0.7125,0.21875,0.45,0.46875,0.0,0.0,0.0,0
0.9333333333333333,0.9,0.6666666666666666,0.0,2.0,185.1205673758865,89.08510638297872,99.16312056737587,3.1276595744680833,0.32463768115942027,0.19166666666666668,0.3466666666666667,0.2833333333333333,0.325,0.68,0.625,0.22916666666666666,0.48333333333333334,0.4166666666666667,0.0,0.0,0.0,0
0.9333333333333333,0.9333333333333333,0.42857142857142855,0.0,7.0,185.1205673758865,89.08510638297872,99.16312056737587,3.1276595744680833,0.32463768115942027,0.23333333333333334,0.30666666666666664,0.275,0.29545454545454547,0.6727272727272727,0.625,0.25,0.5272727272727272,0.45454545454545453,0.0,0.0,0.0,0
0.9333333333333333,0.9333333333333333,0.42857142857142855,0.0,7.0,185.1205673758865,89.08510638297872,99.16312056737587,3.1276595744680833,0.32463768115942027,0.23333333333333334,0.30666666666666664,0.275,0.29545454545454547,0.6727272727272727,0.625,0.25,0.5272727272727272,0.45454545454545453,0.0,0.0,0.0,0
0.9333333333333333,0.9333333333333333,0.42857142857142855,0.0,7.0,185.1205673758865,89.08510638297872,99.16312056737587,3.1276595744680833,0.32463768115942027,0.23333333333333334,0.30666666666666664,0.275,0.29545454545454547,0.6727272727272727,0.625,0.25,0.5272727272727272,0.45454545454545453,0.0,0.0,0.0,0
0.9333333333333333,0.9333333333333333,0.5925925925925926,0.0,9.0,126.09929078014186,146.56737588652481,21.482269503546107,41.950354609929065,0.3101449275362319,0.225,0.2,0.2,0.5113636363636364,0.8181818181818182,0.25,0.38636363636363635,0.6181818181818182,0.18181818181818182,0.0,0.0,0.0,0
0.9666666666666667,0.9333333333333333,0.4074074074074074,0.0,9.0,129.41843971631207,201.70921985815605,47.24822695035462,119.5390070921986,0.30434782608695654,0.23333333333333334,0.2,0.16666666666666666,0.5375,0.94,0.125,0.4270833333333333,0.6833333333333333,0.09375,0.0,0.0,0.0,0
1.0,0.9666666666666667,0.5,0.0,6.0,146.36879432624116,247.66666666666666,65.90070921985819,167.19858156028369,0.30144927536231886,0.275,0.24,0.125,0.6136363636363636,1.0,0.0,0.4772727272727273,0.8181818181818182,0.0,0.0,0.0,0.0,0
1.0,0.9666666666666667,0.5,0.0,6.0,146.36879432624116,247.66666666666666,65.90070921985819,167.19858156028369,0.30144927536231886,0.275,0.24,0.125,0.6136363636363636,1.0,0.0,0.4772727272727273,0.8181818181818182,0.0,0.0,0.0,0.0,0
1.0,0.9666666666666667,0.4166666666666667,0.0,6.0,152.5886524822695,248.24113475177305,71.18439716312058,166.83687943262413,0.28792270531400965,0.26666666666666666,0.26666666666666666,0.09166666666666666,0.6704545454545454,0.8,0.0,0.5340909090909091,0.6545454545454545,0.0,0.0,0.0,0.0,0
1.0,0.9666666666666667,0.4166666666666667,0.0,6.0,152.5886524822695,248.24113475177305,71.18439716312058,166.83687943262413,0.28792270531400965,0.26666666666666666,0.26666666666666666,0.09166666666666666,0.6704545454545454,0.8,0.0,0.5340909090909091,0.6545454545454545,0.0,0.0,0.0,0.0,0
