blackness,connectivity,box_density_above,box_density_below,median_width,left_white,right_white,left_contrast,right_contrast,local_density,grid_above_left,grid_above_center,grid_above_right,grid_top_left,grid_top_center,grid_top_right,grid_bot_left,grid_bot_center,grid_bot_right,grid_below_left,grid_below_center,grid_below_right,label
0.9285714285714286,0.9285714285714286,0.0,0.0,1.0,231.7441860465116,236.75968992248065,114.62790697674416,119.6434108527132,0.08305647840531562,0.0,0.0,0.0,0.0,0.22,0.0,0.0,0.24,0.0,0.0,0.0,0.0,1
0.9285714285714286,0.9285714285714286,0.0,0.0,1.0,231.7441860465116,236.75968992248065,114.62790697674416,119.6434108527132,0.08305647840531562,0.0,0.0,0.0,0.0,0.22,0.0,0.0,0.24,0.0,0.0,0.0,0.0,1
0.9285714285714286,0.9285714285714286,0.0,0.0,1.0,231.7441860465116,236.75968992248065,114.62790697674416,119.6434108527132,0.08305647840531562,0.0,0.0,0.0,0.0,0.22,0.0,0.0,0.24,0.0,0.0,0.0,0.0,1
0.9285714285714286,0.9285714285714286,0.0,0.0,1.0,231.7441860465116,236.75968992248065,114.62790697674416,119.6434108527132,0.08305647840531562,0.0,0.0,0.0,0.0,0.22,0.0,0.0,0.24,0.0,0.0,0.0,0.0,1
0.9642857142857143,0.9285714285714286,0.0,0.0,2.0,231.51162790697674,222.47286821705424,118.55813953488372,109.51937984496122,0.15171650055370986,0.0,0.0,0.0,0.1,0.3,0.1,0.0875,0.38,0.1,0.0,0.0,0.0,1
0.9642857142857143,0.9285714285714286,0.0,0.0,2.0,231.51162790697674,222.47286821705424,118.55813953488372,109.51937984496122,0.15171650055370986,0.0,0.0,0.0,0.1,0.3,0.1,0.0875,0.38,0.1,0.0,0.0,0.0,1
0.9642857142857143,0.9285714285714286,0.0,0.0,2.0,231.51162790697674,222.47286821705424,118.55813953488372,109.51937984496122,0.15171650055370986,0.0,0.0,0.0,0.1,0.3,0.1,0.0875,0.38,0.1,0.0,0.0,0.0,1
0.9285714285714286,0.9285714285714286,0.0,0.0,2.0,223.75968992248065,216.85271317829458,70.20155038759694,63.29457364341087,0.16168327796234774,0.0,0.0,0.0,0.225,0.42,0.0625,0.0,0.3,0.125,0.0,0.0,0.0,1
0.9285714285714286,0.9285714285714286,0.0,0.0,2.0,223.75968992248065,216.85271317829458,70.20155038759694,63.29457364341087,0.16168327796234774,0.0,0.0,0.0,0.225,0.42,0.0625,0.0,0.3,0.125,0.0,0.0,0.0,1
0.9285714285714286,0.9285714285714286,0.0,0.0,2.0,223.75968992248065,216.85271317829458,70.20155038759694,63.29457364341087,0.16168327796234774,0.0,0.0,0.0,0.225,0.42,0.0625,0.0,0.3,0.125,0.0,0.0,0.0,1
0.9285714285714286,0.9285714285714286,0.0,0.0,1.0,227.70542635658913,227.21705426356587,115.5426356589147,115.05426356589145,0.11406423034330011,0.0,0.0,0.175,0.0,0.18,0.0,0.0,0.24,0.0,0.0,0.0,0.025,1
0.9285714285714286,0.9285714285714286,0.0,0.0,1.0,227.70542635658913,227.21705426356587,115.5426356589147,115.05426356589145,0.11406423034330011,0.0,0.0,0.175,0.0,0.18,0.0,0.0,0.24,0.0,0.0,0.0,0.025,1
0.9285714285714286,0.9285714285714286,0.0,0.0,1.0,227.70542635658913,227.21705426356587,115.5426356589147,115.05426356589145,0.11406423034330011,0.0,0.0,0.175,0.0,0.18,0.0,0.0,0.24,0.0,0.0,0.0,0.025,1
0.9285714285714286,0.9285714285714286,0.0,0.0,1.0,219.75968992248065,254.22480620155036,109.50387596899228,143.968992248062,0.08637873754152824,0.0,0.0,0.0,0.0375,0.2,0.0,0.2,0.24,0.0,0.0,0.0,0.0,1
0.9285714285714286,0.9285714285714286,0.0,0.0,1.0,219.75968992248065,254.22480620155036,109.50387596899228,143.968992248062,0.08637873754152824,0.0,0.0,0.0,0.0375,0.2,0.0,0.2,0.24,0.0,0.0,0.0,0.0,1
0.9285714285714286,0.9285714285714286,0.0,0.0,1.0,219.75968992248065,254.22480620155036,109.50387596899228,143.968992248062,0.08637873754152824,0.0,0.0,0.0,0.0375,0.2,0.0,0.2,0.24,0.0,0.0,0.0,0.0,1
1.0,1.0,0.0,0.0,2.0,225.85087719298244,231.8947368421053,78.48245614035085,84.5263157894737,0.10664819944598337,0.009615384615384616,0.0,0.11538461538461539,0.0,0.3,0.015625,0.0,0.3111111111111111,0.0,0.0,0.0,0.0,1
1.0,1.0,0.0,0.0,2.0,225.85087719298244,231.8947368421053,78.48245614035085,84.5263157894737,0.10664819944598337,0.009615384615384616,0.0,0.11538461538461539,0.0,0.3,0.015625,0.0,0.3111111111111111,0.0,0.0,0.0,0.0,1
1.0,1.0,0.0,0.0,2.0,225.85087719298244,231.8947368421053,78.48245614035085,84.5263157894737,0.10664819944598337,0.009615384615384616,0.0,0.11538461538461539,0.0,0.3,0.015625,0.0,0.3111111111111111,0.0,0.0,0.0,0.0,1
1.04,1.04,0.0,0.0,1.0,234.12280701754386,230.7280701754386,133.3859649122807,129.99122807017545,0.09002770083102493,0.028846153846153848,0.0,0.08653846153846154,0.0,0.15,0.078125,0.0,0.15555555555555556,0.05555555555555555,0.0,0.0,0.0,1
1.04,1.04,0.0,0.0,1.0,234.12280701754386,230.7280701754386,133.3859649122807,129.99122807017545,0.09002770083102493,0.028846153846153848,0.0,0.08653846153846154,0.0,0.15,0.078125,0.0,0.15555555555555556,0.05555555555555555,0.0,0.0,0.0,1
1.04,1.04,0.0,0.0,1.0,234.12280701754386,230.7280701754386,133.3859649122807,129.99122807017545,0.09002770083102493,0.028846153846153848,0.0,0.08653846153846154,0.0,0.15,0.078125,0.0,0.15555555555555556,0.05555555555555555,0.0,0.0,0.0,1
1.04,1.04,0.0,0.0,1.0,234.12280701754386,230.7280701754386,133.3859649122807,129.99122807017545,0.09002770083102493,0.028846153846153848,0.0,0.08653846153846154,0.0,0.15,0.078125,0.0,0.15555555555555556,0.05555555555555555,0.0,0.0,0.0,1
1.04,0.8,0.0,0.0,1.0,234.31578947368425,231.01754385964912,84.23684210526321,80.93859649122808,0.05817174515235457,0.0,0.0,0.0,0.0,0.075,0.0,0.0,0.15555555555555556,0.0,0.0,0.0,0.16346153846153846,1
1.04,0.8,0.0,0.0,1.0,234.31578947368425,231.01754385964912,84.23684210526321,80.93859649122808,0.05817174515235457,0.0,0.0,0.0,0.0,0.075,0.0,0.0,0.15555555555555556,0.0,0.0,0.0,0.16346153846153846,1
1.04,0.8,0.0,0.0,1.0,234.31578947368425,231.01754385964912,84.23684210526321,80.93859649122808,0.05817174515235457,0.0,0.0,0.0,0.0,0.075,0.0,0.0,0.15555555555555556,0.0,0.0,0.0,0.16346153846153846,1
1.04,0.8,0.0,0.0,1.0,234.31578947368425,231.01754385964912,84.23684210526321,80.93859649122808,0.05817174515235457,0.0,0.0,0.0,0.0,0.075,0.0,0.0,0.15555555555555556,0.0,0.0,0.0,0.16346153846153846,1
0.92,0.84,0.0,1.0,1.0,189.2719298245614,232.7456140350877,83.66666666666666,127.14035087719296,0.14958448753462603,0.0,0.0,0.0,0.375,0.25,0.0,0.0,0.24444444444444444,0.0,0.4519230769230769,0.46153846153846156,0.0,0
0.92,0.84,0.0,1.0,1.0,189.2719298245614,232.7456140350877,83.66666666666666,127.14035087719296,0.14958448753462603,0.0,0.0,0.0,0.375,0.25,0.0,0.0,0.24444444444444444,0.0,0.4519230769230769,0.46153846153846156,0.0,0
0.92,0.84,0.0,1.0,1.0,189.2719298245614,232.7456140350877,83.66666666666666,127.14035087719296,0.14958448753462603,0.0,0.0,0.0,0.375,0.25,0.0,0.0,0.24444444444444444,0.0,0.4519230769230769,0.46153846153846156,0.0,0
1.04,1.0,0.0,0.16666666666666666,1.0,223.57894736842104,254.38596491228068,129.6315789473684,160.43859649122805,0.07756232686980609,0.0,0.0,0.0,0.0,0.2,0.0,0.0,0.2,0.0,0.0,0.0,0.0,1
1.04,1.0,0.0,0.16666666666666666,1.0,223.57894736842104,254.38596491228068,129.6315789473684,160.43859649122805,0.07756232686980609,0.0,0.0,0.0,0.0,0.2,0.0,0.0,0.2,0.0,0.0,0.0,0.0,1
1.04,1.0,0.0,0.16666666666666666,1.0,223.57894736842104,254.38596491228068,129.6315789473684,160.43859649122805,0.07756232686980609,0.0,0.0,0.0,0.0,0.2,0.0,0.0,0.2,0.0,0.0,0.0,0.0,1
1.04,1.0,0.0,0.16666666666666666,1.0,223.57894736842104,254.38596491228068,129.6315789473684,160.43859649122805,0.07756232686980609,0.0,0.0,0.0,0.0,0.2,0.0,0.0,0.2,0.0,0.0,0.0,0.0,1
0.88,0.88,0.25,0.0,2.0,229.91666666666666,226.53333333333333,83.89166666666665,80.50833333333333,0.10833333333333334,0.075,0.0,0.041666666666666664,0.109375,0.425,0.125,0.0,0.25882352941176473,0.051470588235294115,0.0,0.0,0.0,1
0.88,0.88,0.25,0.0,2.0,229.91666666666666,226.53333333333333,83.89166666666665,80.50833333333333,0.10833333333333334,0.075,0.0,0.041666666666666664,0.109375,0.425,0.125,0.0,0.25882352941176473,0.051470588235294115,0.0,0.0,0.0,1
0.88,0.88,0.25,0.0,2.0,229.91666666666666,226.53333333333333,83.89166666666665,80.50833333333333,0.10833333333333334,0.075,0.0,0.041666666666666664,0.109375,0.425,0.125,0.0,0.25882352941176473,0.051470588235294115,0.0,0.0,0.0,1
0.96,0.92,0.25,0.0,2.0,232.025,228.60833333333335,116.67500000000001,113.25833333333335,0.11428571428571428,0.03333333333333333,0.0,0.025,0.1640625,0.4875,0.0703125,0.007352941176470588,0.2823529411764706,0.029411764705882353,0.0,0.0,0.0,1
1.04,0.76,0.6666666666666666,0.5,2.0,168.17499999999998,188.64166666666665,79.69999999999999,100.16666666666666,0.2654761904761905,0.15,0.4266666666666667,0.2833333333333333,0.1875,0.5,0.34375,0.29411764705882354,0.35294117647058826,0.022058823529411766,0.26666666666666666,0.10666666666666667,0.0,0
1.04,0.76,0.6666666666666666,0.5,2.0,168.17499999999998,188.64166666666665,79.69999999999999,100.16666666666666,0.2654761904761905,0.15,0.4266666666666667,0.2833333333333333,0.1875,0.5,0.34375,0.29411764705882354,0.35294117647058826,0.022058823529411766,0.26666666666666666,0.10666666666666667,0.0,0
1.04,0.76,0.6666666666666666,0.5,2.0,168.17499999999998,188.64166666666665,79.69999999999999,100.16666666666666,0.2654761904761905,0.15,0.4266666666666667,0.2833333333333333,0.1875,0.5,0.34375,0.29411764705882354,0.35294117647058826,0.022058823529411766,0.26666666666666666,0.10666666666666667,0.0,0
0.96,0.92,0.3333333333333333,0.0,1.0,231.25,228.46666666666667,116.1,113.31666666666666,0.11904761904761904,0.0,0.0,0.0,0.0859375,0.4125,0.1875,0.03676470588235294,0.25882352941176473,0.04411764705882353,0.0,0.0,0.0,1
0.96,0.92,0.3333333333333333,0.0,1.0,231.25,228.46666666666667,116.1,113.31666666666666,0.11904761904761904,0.0,0.0,0.0,0.0859375,0.4125,0.1875,0.03676470588235294,0.25882352941176473,0.04411764705882353,0.0,0.0,0.0,1
0.96,0.92,0.3333333333333333,0.0,1.0,231.25,228.46666666666667,116.1,113.31666666666666,0.11904761904761904,0.0,0.0,0.0,0.0859375,0.4125,0.1875,0.03676470588235294,0.25882352941176473,0.04411764705882353,0.0,0.0,0.0,1
0.96,0.92,0.3333333333333333,0.0,1.0,231.25,228.46666666666667,116.1,113.31666666666666,0.11904761904761904,0.0,0.0,0.0,0.0859375,0.4125,0.1875,0.03676470588235294,0.25882352941176473,0.04411764705882353,0.0,0.0,0.0,1
1.0,1.0,0.25,0.0,2.0,228.6,253.5666666666667,132.95,157.91666666666669,0.09047619047619047,0.0,0.0,0.0,0.125,0.3875,0.0,0.022058823529411766,0.32941176470588235,0.0,0.0,0.0,0.0,1
1.0,1.0,0.25,0.0,2.0,228.6,253.5666666666667,132.95,157.91666666666669,0.09047619047619047,0.0,0.0,0.0,0.125,0.3875,0.0,0.022058823529411766,0.32941176470588235,0.0,0.0,0.0,0.0,1
1.0,1.0,0.25,0.0,2.0,228.6,253.5666666666667,132.95,157.91666666666669,0.09047619047619047,0.0,0.0,0.0,0.125,0.3875,0.0,0.022058823529411766,0.32941176470588235,0.0,0.0,0.0,0.0,1
1.0,1.0,0.25,0.0,2.0,228.6,253.5666666666667,132.95,157.91666666666669,0.09047619047619047,0.0,0.0,0.0,0.125,0.3875,0.0,0.022058823529411766,0.32941176470588235,0.0,0.0,0.0,0.0,1
1.04,0.88,0.0,0.0,2.0,227.72807017543857,153.49122807017545,104.96491228070174,30.728070175438617,0.18975069252077562,0.1346153846153846,0.12307692307692308,0.0,0.046875,0.5125,0.515625,0.0,0.23529411764705882,0.058823529411764705,0.0,0.0,0.0,0
1.04,0.88,0.0,0.0,2.0,227.72807017543857,153.49122807017545,104.96491228070174,30.728070175438617,0.18975069252077562,0.1346153846153846,0.12307692307692308,0.0,0.046875,0.5125,0.515625,0.0,0.23529411764705882,0.058823529411764705,0.0,0.0,0.0,0
1.04,0.88,0.0,0.0,2.0,227.72807017543857,153.49122807017545,104.96491228070174,30.728070175438617,0.18975069252077562,0.1346153846153846,0.12307692307692308,0.0,0.046875,0.5125,0.515625,0.0,0.23529411764705882,0.058823529411764705,0.0,0.0,0.0,0
1.04,0.88,0.0,0.0,2.0,227.72807017543857,153.49122807017545,104.96491228070174,30.728070175438617,0.18975069252077562,0.1346153846153846,0.12307692307692308,0.0,0.046875,0.5125,0.515625,0.0,0.23529411764705882,0.058823529411764705,0.0,0.0,0.0,0
1.04,0.88,0.0,0.0,2.0,227.72807017543857,153.49122807017545,104.96491228070174,30.728070175438617,0.18975069252077562,0.1346153846153846,0.12307692307692308,0.0,0.046875,0.5125,0.515625,0.0,0.23529411764705882,0.058823529411764705,0.0,0.0,0.0,0
1.04,0.84,0.2777777777777778,0.0,3.0,225.7543859649123,134.37719298245614,121.88596491228073,30.50877192982456,0.22022160664819945,0.0,0.046153846153846156,0.16346153846153846,0.0,0.3875,0.390625,0.058823529411764705,0.38823529411764707,0.2647058823529412,0.0,0.0,0.0,0
1.04,0.84,0.2777777777777778,0.0,3.0,225.7543859649123,134.37719298245614,121.88596491228073,30.50877192982456,0.22022160664819945,0.0,0.046153846153846156,0.16346153846153846,0.0,0.3875,0.390625,0.058823529411764705,0.38823529411764707,0.2647058823529412,0.0,0.0,0.0,0
1.04,0.84,0.2777777777777778,0.0,3.0,225.7543859649123,134.37719298245614,121.88596491228073,30.50877192982456,0.22022160664819945,0.0,0.046153846153846156,0.16346153846153846,0.0,0.3875,0.390625,0.058823529411764705,0.38823529411764707,0.2647058823529412,0.0,0.0,0.0,0
1.04,0.84,0.2777777777777778,0.0,3.0,225.7543859649123,134.37719298245614,121.88596491228073,30.50877192982456,0.22022160664819945,0.0,0.046153846153846156,0.16346153846153846,0.0,0.3875,0.390625,0.058823529411764705,0.38823529411764707,0.2647058823529412,0.0,0.0,0.0,0
1.0,1.0,0.16666666666666666,0.0,2.0,228.0,224.88596491228068,102.15789473684211,99.0438596491228,0.0886426592797784,0.0,0.0,0.0,0.0,0.3375,0.015625,0.058823529411764705,0.27058823529411763,0.08088235294117647,0.0,0.0,0.0,1
1.0,1.0,0.16666666666666666,0.0,2.0,228.0,224.88596491228068,102.15789473684211,99.0438596491228,0.0886426592797784,0.0,0.0,0.0,0.0,0.3375,0.015625,0.058823529411764705,0.27058823529411763,0.08088235294117647,0.0,0.0,0.0,1
1.0,1.0,0.16666666666666666,0.0,2.0,228.0,224.88596491228068,102.15789473684211,99.0438596491228,0.0886426592797784,0.0,0.0,0.0,0.0,0.3375,0.015625,0.058823529411764705,0.27058823529411763,0.08088235294117647,0.0,0.0,0.0,1
1.0,1.0,0.16666666666666666,0.0,2.0,228.0,224.88596491228068,102.15789473684211,99.0438596491228,0.0886426592797784,0.0,0.0,0.0,0.0,0.3375,0.015625,0.058823529411764705,0.27058823529411763,0.08088235294117647,0.0,0.0,0.0,1
1.0,1.0,0.16666666666666666,0.0,2.0,230.99122807017545,229.41228070175438,114.67543859649125,113.09649122807018,0.08448753462603878,0.0,0.0,0.0,0.0,0.2625,0.0078125,0.029411764705882353,0.3764705882352941,0.058823529411764705,0.0,0.0,0.0,1
1.0,1.0,0.16666666666666666,0.0,2.0,230.99122807017545,229.41228070175438,114.67543859649125,113.09649122807018,0.08448753462603878,0.0,0.0,0.0,0.0,0.2625,0.0078125,0.029411764705882353,0.3764705882352941,0.058823529411764705,0.0,0.0,0.0,1
1.0,1.0,0.16666666666666666,0.0,2.0,230.99122807017545,229.41228070175438,114.67543859649125,113.09649122807018,0.08448753462603878,0.0,0.0,0.0,0.0,0.2625,0.0078125,0.029411764705882353,0.3764705882352941,0.058823529411764705,0.0,0.0,0.0,1
1.0,1.0,0.16666666666666666,0.0,1.0,225.05263157894737,219.35087719298244,128.23684210526318,122.53508771929823,0.1149584487534626,0.0,0.0,0.0,0.0078125,0.3375,0.1015625,0.058823529411764705,0.3176470588235294,0.08088235294117647,0.0,0.0,0.019230769230769232,1
1.0,1.0,0.16666666666666666,0.0,1.0,225.05263157894737,219.35087719298244,128.23684210526318,122.53508771929823,0.1149584487534626,0.0,0.0,0.0,0.0078125,0.3375,0.1015625,0.058823529411764705,0.3176470588235294,0.08088235294117647,0.0,0.0,0.019230769230769232,1
1.0,1.0,0.16666666666666666,0.0,1.0,225.05263157894737,219.35087719298244,128.23684210526318,122.53508771929823,0.1149584487534626,0.0,0.0,0.0,0.0078125,0.3375,0.1015625,0.058823529411764705,0.3176470588235294,0.08088235294117647,0.0,0.0,0.019230769230769232,1
1.0,1.0,0.16666666666666666,0.0,1.0,225.05263157894737,219.35087719298244,128.23684210526318,122.53508771929823,0.1149584487534626,0.0,0.0,0.0,0.0078125,0.3375,0.1015625,0.058823529411764705,0.3176470588235294,0.08088235294117647,0.0,0.0,0.019230769230769232,1
1.0,1.0,0.16666666666666666,0.0,1.0,230.76315789473685,180.69298245614036,102.60526315789474,52.53508771929825,0.19113573407202217,0.0,0.0,0.0,0.0,0.3375,0.1953125,0.058823529411764705,0.24705882352941178,0.49264705882352944,0.0,0.0,0.0,1
1.0,1.0,0.16666666666666666,0.0,1.0,230.76315789473685,180.69298245614036,102.60526315789474,52.53508771929825,0.19113573407202217,0.0,0.0,0.0,0.0,0.3375,0.1953125,0.058823529411764705,0.24705882352941178,0.49264705882352944,0.0,0.0,0.0,1
1.0,1.0,0.16666666666666666,0.0,1.0,230.76315789473685,180.69298245614036,102.60526315789474,52.53508771929825,0.19113573407202217,0.0,0.0,0.0,0.0,0.3375,0.1953125,0.058823529411764705,0.24705882352941178,0.49264705882352944,0.0,0.0,0.0,1
1.0,1.0,0.16666666666666666,0.0,1.0,230.76315789473685,180.69298245614036,102.60526315789474,52.53508771929825,0.19113573407202217,0.0,0.0,0.0,0.0,0.3375,0.1953125,0.058823529411764705,0.24705882352941178,0.49264705882352944,0.0,0.0,0.0,1
1.0,1.0,0.16666666666666666,0.0,2.0,227.35087719298247,254.359649122807,114.56140350877195,141.5701754385965,0.10526315789473684,0.0,0.0,0.0,0.09375,0.4,0.0,0.058823529411764705,0.32941176470588235,0.0,0.0,0.0,0.0,1
1.0,1.0,0.16666666666666666,0.0,2.0,227.35087719298247,254.359649122807,114.56140350877195,141.5701754385965,0.10526315789473684,0.0,0.0,0.0,0.09375,0.4,0.0,0.058823529411764705,0.32941176470588235,0.0,0.0,0.0,0.0,1
1.0,1.0,0.16666666666666666,0.0,2.0,227.35087719298247,254.359649122807,114.56140350877195,141.5701754385965,0.10526315789473684,0.0,0.0,0.0,0.09375,0.4,0.0,0.058823529411764705,0.32941176470588235,0.0,0.0,0.0,0.0,1
1.0,1.0,0.0,0.0,1.0,222.7719298245614,223.41228070175438,123.74561403508771,124.3859649122807,0.13850415512465375,0.0,0.0,0.0,0.0,0.2222222222222222,0.0,0.0,0.15,0.0,0.0,0.0,0.019230769230769232,1
1.0,1.0,0.0,0.0,1.0,222.7719298245614,223.41228070175438,123.74561403508771,124.3859649122807,0.13850415512465375,0.0,0.0,0.0,0.0,0.2222222222222222,0.0,0.0,0.15,0.0,0.0,0.0,0.019230769230769232,1
1.0,1.0,0.0,0.0,1.0,222.7719298245614,223.41228070175438,123.74561403508771,124.3859649122807,0.13850415512465375,0.0,0.0,0.0,0.0,0.2222222222222222,0.0,0.0,0.15,0.0,0.0,0.0,0.019230769230769232,1
1.0,1.0,0.0,0.0,1.0,222.7719298245614,223.41228070175438,123.74561403508771,124.3859649122807,0.13850415512465375,0.0,0.0,0.0,0.0,0.2222222222222222,0.0,0.0,0.15,0.0,0.0,0.0,0.019230769230769232,1
1.0,1.0,0.0,0.08333333333333333,2.0,224.85087719298244,220.84210526315792,106.69298245614033,102.68421052631581,0.1149584487534626,0.0,0.0,0.0,0.0,0.3111111111111111,0.0,0.0,0.3,0.0,0.0,0.0,0.19230769230769232,1
1.04,0.8,0.0,0.16666666666666666,1.0,154.7456140350877,223.05263157894737,19.27192982456137,87.57894736842104,0.1994459833795014,0.0,0.0,0.0,0.375,0.24444444444444444,0.0,0.203125,0.325,0.0,0.09615384615384616,0.07692307692307693,0.0,0
1.04,0.8,0.0,0.16666666666666666,1.0,154.7456140350877,223.05263157894737,19.27192982456137,87.57894736842104,0.1994459833795014,0.0,0.0,0.0,0.375,0.24444444444444444,0.0,0.203125,0.325,0.0,0.09615384615384616,0.07692307692307693,0.0,0
1.0,1.0,0.0,0.16666666666666666,1.0,232.71052631578948,227.09649122807016,142.8684210526316,137.25438596491227,0.1260387811634349,0.0,0.0,0.0,0.0,0.15555555555555556,0.027777777777777776,0.0,0.2,0.015625,0.0,0.0,0.0,1
1.0,1.0,0.0,0.16666666666666666,1.0,232.71052631578948,227.09649122807016,142.8684210526316,137.25438596491227,0.1260387811634349,0.0,0.0,0.0,0.0,0.15555555555555556,0.027777777777777776,0.0,0.2,0.015625,0.0,0.0,0.0,1
1.0,1.0,0.0,0.16666666666666666,1.0,232.71052631578948,227.09649122807016,142.8684210526316,137.25438596491227,0.1260387811634349,0.0,0.0,0.0,0.0,0.15555555555555556,0.027777777777777776,0.0,0.2,0.015625,0.0,0.0,0.0,1
1.0,1.0,0.0,0.0,2.0,226.76315789473685,254.3421052631579,121.60526315789474,149.18421052631578,0.07617728531855955,0.0,0.0,0.0,0.0,0.2,0.0,0.0,0.3,0.0,0.0,0.0,0.0,1
1.0,1.0,0.0,0.0,2.0,226.76315789473685,254.3421052631579,121.60526315789474,149.18421052631578,0.07617728531855955,0.0,0.0,0.0,0.0,0.2,0.0,0.0,0.3,0.0,0.0,0.0,0.0,1
1.0,1.0,0.0,0.0,2.0,226.76315789473685,254.3421052631579,121.60526315789474,149.18421052631578,0.07617728531855955,0.0,0.0,0.0,0.0,0.2,0.0,0.0,0.3,0.0,0.0,0.0,0.0,1
1.0,1.0,0.0,0.0,2.0,226.76315789473685,254.3421052631579,121.60526315789474,149.18421052631578,0.07617728531855955,0.0,0.0,0.0,0.0,0.2,0.0,0.0,0.3,0.0,0.0,0.0,0.0,1
1.0,0.7407407407407407,0.0,0.0,2.0,185.5793650793651,200.5873015873016,62.91269841269842,77.92063492063492,0.19047619047619047,0.0,0.0,0.0,0.051470588235294115,0.38823529411764707,0.4411764705882353,0.22916666666666666,0.32222222222222224,0.0,0.028846153846153848,0.13846153846153847,0.1346153846153846,0
1.0,0.7407407407407407,0.0,0.0,2.0,185.5793650793651,200.5873015873016,62.91269841269842,77.92063492063492,0.19047619047619047,0.0,0.0,0.0,0.051470588235294115,0.38823529411764707,0.4411764705882353,0.22916666666666666,0.32222222222222224,0.0,0.028846153846153848,0.13846153846153847,0.1346153846153846,0
1.0,0.7407407407407407,0.0,0.0,2.0,185.5793650793651,200.5873015873016,62.91269841269842,77.92063492063492,0.19047619047619047,0.0,0.0,0.0,0.051470588235294115,0.38823529411764707,0.4411764705882353,0.22916666666666666,0.32222222222222224,0.0,0.028846153846153848,0.13846153846153847,0.1346153846153846,0
1.0,0.8888888888888888,0.0,0.4166666666666667,1.5,158.43650793650795,193.64285714285714,40.96031746031747,76.16666666666666,0.2773809523809524,0.0,0.0,0.0,0.4411764705882353,0.5176470588235295,0.4338235294117647,0.18055555555555555,0.4,0.09027777777777778,0.25961538461538464,0.046153846153846156,0.009615384615384616,0
1.0,0.8888888888888888,0.0,0.4166666666666667,1.5,158.43650793650795,193.64285714285714,40.96031746031747,76.16666666666666,0.2773809523809524,0.0,0.0,0.0,0.4411764705882353,0.5176470588235295,0.4338235294117647,0.18055555555555555,0.4,0.09027777777777778,0.25961538461538464,0.046153846153846156,0.009615384615384616,0
1.0,0.8888888888888888,0.0,0.4166666666666667,1.5,158.43650793650795,193.64285714285714,40.96031746031747,76.16666666666666,0.2773809523809524,0.0,0.0,0.0,0.4411764705882353,0.5176470588235295,0.4338235294117647,0.18055555555555555,0.4,0.09027777777777778,0.25961538461538464,0.046153846153846156,0.009615384615384616,0
1.0,0.8888888888888888,0.0,0.4166666666666667,1.5,158.43650793650795,193.64285714285714,40.96031746031747,76.16666666666666,0.2773809523809524,0.0,0.0,0.0,0.4411764705882353,0.5176470588235295,0.4338235294117647,0.18055555555555555,0.4,0.09027777777777778,0.25961538461538464,0.046153846153846156,0.009615384615384616,0
1.0,0.8888888888888888,0.0,0.4166666666666667,1.5,158.43650793650795,193.64285714285714,40.96031746031747,76.16666666666666,0.2773809523809524,0.0,0.0,0.0,0.4411764705882353,0.5176470588235295,0.4338235294117647,0.18055555555555555,0.4,0.09027777777777778,0.25961538461538464,0.046153846153846156,0.009615384615384616,0
1.0,0.9259259259259259,0.0,0.0,2.0,231.2301587301587,231.57142857142858,88.06349206349205,88.40476190476193,0.08214285714285714,0.0,0.0,0.0,0.08088235294117647,0.3058823529411765,0.051470588235294115,0.006944444444444444,0.3,0.006944444444444444,0.0,0.0,0.0,1
1.0,0.9259259259259259,0.0,0.0,2.0,231.2301587301587,231.57142857142858,88.06349206349205,88.40476190476193,0.08214285714285714,0.0,0.0,0.0,0.08088235294117647,0.3058823529411765,0.051470588235294115,0.006944444444444444,0.3,0.006944444444444444,0.0,0.0,0.0,1
1.0,0.9259259259259259,0.0,0.0,2.0,231.2301587301587,231.57142857142858,88.06349206349205,88.40476190476193,0.08214285714285714,0.0,0.0,0.0,0.08088235294117647,0.3058823529411765,0.051470588235294115,0.006944444444444444,0.3,0.006944444444444444,0.0,0.0,0.0,1
1.0,0.9259259259259259,0.0,0.0,2.0,231.2301587301587,231.57142857142858,88.06349206349205,88.40476190476193,0.08214285714285714,0.0,0.0,0.0,0.08088235294117647,0.3058823529411765,0.051470588235294115,0.006944444444444444,0.3,0.006944444444444444,0.0,0.0,0.0,1
1.0,0.9629629629629629,0.5,0.0,1.0,193.67460317460316,199.2698412698413,81.4126984126984,87.00793650793653,0.20595238095238094,0.0,0.07692307692307693,0.16346153846153846,0.058823529411764705,0.43529411764705883,0.35294117647058826,0.2152777777777778,0.3111111111111111,0.1597222222222222,0.009615384615384616,0.1076923076923077,0.14423076923076922,0
1.0,0.9629629629629629,0.5,0.0,1.0,193.67460317460316,199.2698412698413,81.4126984126984,87.00793650793653,0.20595238095238094,0.0,0.07692307692307693,0.16346153846153846,0.058823529411764705,0.43529411764705883,0.35294117647058826,0.2152777777777778,0.3111111111111111,0.1597222222222222,0.009615384615384616,0.1076923076923077,0.14423076923076922,0
1.0,0.9629629629629629,0.5,0.0,1.0,193.67460317460316,199.2698412698413,81.4126984126984,87.00793650793653,0.20595238095238094,0.0,0.07692307692307693,0.16346153846153846,0.058823529411764705,0.43529411764705883,0.35294117647058826,0.2152777777777778,0.3111111111111111,0.1597222222222222,0.009615384615384616,0.1076923076923077,0.14423076923076922,0
1.0,0.9629629629629629,0.0,0.0,2.0,231.03968253968253,224.39682539682542,100.4920634920635,93.84920634920638,0.09642857142857143,0.0,0.0,0.0,0.10294117647058823,0.35294117647058826,0.08823529411764706,0.05555555555555555,0.3333333333333333,0.027777777777777776,0.0,0.0,0.0,1
1.0,0.9629629629629629,0.0,0.0,2.0,231.03968253968253,224.39682539682542,100.4920634920635,93.84920634920638,0.09642857142857143,0.0,0.0,0.0,0.10294117647058823,0.35294117647058826,0.08823529411764706,0.05555555555555555,0.3333333333333333,0.027777777777777776,0.0,0.0,0.0,1
1.0,0.9629629629629629,0.0,0.0,2.0,231.03968253968253,224.39682539682542,100.4920634920635,93.84920634920638,0.09642857142857143,0.0,0.0,0.0,0.10294117647058823,0.35294117647058826,0.08823529411764706,0.05555555555555555,0.3333333333333333,0.027777777777777776,0.0,0.0,0.0,1
1.0,0.9629629629629629,0.0,0.0,2.0,229.2222222222222,254.06349206349205,103.88888888888887,128.73015873015873,0.07142857142857142,0.0,0.0,0.0,0.058823529411764705,0.4117647058823529,0.0,0.034722222222222224,0.2111111111111111,0.0,0.0,0.0,0.0,1
1.0,0.9629629629629629,0.0,0.0,2.0,229.2222222222222,254.06349206349205,103.88888888888887,128.73015873015873,0.07142857142857142,0.0,0.0,0.0,0.058823529411764705,0.4117647058823529,0.0,0.034722222222222224,0.2111111111111111,0.0,0.0,0.0,0.0,1
1.0,0.9629629629629629,0.0,0.0,2.0,229.2222222222222,254.06349206349205,103.88888888888887,128.73015873015873,0.07142857142857142,0.0,0.0,0.0,0.058823529411764705,0.4117647058823529,0.0,0.034722222222222224,0.2111111111111111,0.0,0.0,0.0,0.0,1
1.0,0.9629629629629629,0.0,0.0,2.0,229.2222222222222,254.06349206349205,103.88888888888887,128.73015873015873,0.07142857142857142,0.0,0.0,0.0,0.058823529411764705,0.4117647058823529,0.0,0.034722222222222224,0.2111111111111111,0.0,0.0,0.0,0.0,1
0.8333333333333334,0.7083333333333334,0.0,0.0,1.0,191.4144144144144,186.67567567567565,44.6036036036036,39.86486486486484,0.19772403982930298,0.0,0.12307692307692308,0.25,0.0,0.25,0.25,0.28125,0.225,0.046875,0.009615384615384616,0.0,0.0,0
0.8333333333333334,0.7083333333333334,0.0,0.0,1.0,191.4144144144144,186.67567567567565,44.6036036036036,39.86486486486484,0.19772403982930298,0.0,0.12307692307692308,0.25,0.0,0.25,0.25,0.28125,0.225,0.046875,0.009615384615384616,0.0,0.0,0
1.0416666666666667,1.0,0.0,0.16666666666666666,2.0,225.94594594594594,224.3063063063063,76.67567567567568,75.03603603603605,0.09388335704125178,0.0,0.0,0.0,0.0,0.3,0.0,0.0,0.3,0.0,0.0,0.0,0.0,1
1.0416666666666667,1.0,0.0,0.16666666666666666,2.0,225.94594594594594,224.3063063063063,76.67567567567568,75.03603603603605,0.09388335704125178,0.0,0.0,0.0,0.0,0.3,0.0,0.0,0.3,0.0,0.0,0.0,0.0,1
1.0416666666666667,1.0,0.0,0.16666666666666666,2.0,225.94594594594594,224.3063063063063,76.67567567567568,75.03603603603605,0.09388335704125178,0.0,0.0,0.0,0.0,0.3,0.0,0.0,0.3,0.0,0.0,0.0,0.0,1
1.0416666666666667,1.0416666666666667,0.0,0.16666666666666666,2.0,219.25225225225222,221.35135135135135,88.87387387387383,90.97297297297297,0.16642958748221906,0.0,0.0,0.0,0.0,0.3,0.0,0.0,0.3,0.0,0.0,0.0,0.0,1
1.0416666666666667,1.0416666666666667,0.0,0.16666666666666666,2.0,219.25225225225222,221.35135135135135,88.87387387387383,90.97297297297297,0.16642958748221906,0.0,0.0,0.0,0.0,0.3,0.0,0.0,0.3,0.0,0.0,0.0,0.0,1
1.0416666666666667,1.0416666666666667,0.0,0.16666666666666666,2.0,219.25225225225222,221.35135135135135,88.87387387387383,90.97297297297297,0.16642958748221906,0.0,0.0,0.0,0.0,0.3,0.0,0.0,0.3,0.0,0.0,0.0,0.0,1
1.0416666666666667,1.0416666666666667,0.0,0.25,1.5,217.2702702702703,254.36936936936937,116.35135135135137,153.45045045045043,0.112375533428165,0.009615384615384616,0.046153846153846156,0.0,0.0,0.225,0.0,0.0,0.25,0.0,0.0,0.0,0.0,1
1.0416666666666667,1.0416666666666667,0.0,0.25,1.5,217.2702702702703,254.36936936936937,116.35135135135137,153.45045045045043,0.112375533428165,0.009615384615384616,0.046153846153846156,0.0,0.0,0.225,0.0,0.0,0.25,0.0,0.0,0.0,0.0,1
1.0416666666666667,1.0416666666666667,0.0,0.25,1.5,217.2702702702703,254.36936936936937,116.35135135135137,153.45045045045043,0.112375533428165,0.009615384615384616,0.046153846153846156,0.0,0.0,0.225,0.0,0.0,0.25,0.0,0.0,0.0,0.0,1
0.88,0.84,0.8333333333333334,0.0,1.0,192.79824561403507,187.47368421052633,100.61403508771927,95.28947368421053,0.22853185595567868,0.009615384615384616,0.4307692307692308,0.2403846153846154,0.078125,0.2,0.0,0.3055555555555556,0.35555555555555557,0.4305555555555556,0.0,0.0,0.0,0
0.88,0.84,0.8333333333333334,0.0,1.0,192.79824561403507,187.47368421052633,100.61403508771927,95.28947368421053,0.22853185595567868,0.009615384615384616,0.4307692307692308,0.2403846153846154,0.078125,0.2,0.0,0.3055555555555556,0.35555555555555557,0.4305555555555556,0.0,0.0,0.0,0
0.88,0.84,0.8333333333333334,0.0,1.0,192.79824561403507,187.47368421052633,100.61403508771927,95.28947368421053,0.22853185595567868,0.009615384615384616,0.4307692307692308,0.2403846153846154,0.078125,0.2,0.0,0.3055555555555556,0.35555555555555557,0.4305555555555556,0.0,0.0,0.0,0
0.88,0.84,0.8333333333333334,0.0,1.0,192.79824561403507,187.47368421052633,100.61403508771927,95.28947368421053,0.22853185595567868,0.009615384615384616,0.4307692307692308,0.2403846153846154,0.078125,0.2,0.0,0.3055555555555556,0.35555555555555557,0.4305555555555556,0.0,0.0,0.0,0
0.96,0.88,0.0,0.16666666666666666,1.0,230.11403508771932,228.34210526315792,91.90350877192984,90.13157894736844,0.07479224376731301,0.10576923076923077,0.13846153846153847,0.125,0.0,0.25,0.0,0.0,0.13333333333333333,0.0,0.0,0.0,0.0,1
0.96,0.88,0.0,0.16666666666666666,1.0,230.11403508771932,228.34210526315792,91.90350877192984,90.13157894736844,0.07479224376731301,0.10576923076923077,0.13846153846153847,0.125,0.0,0.25,0.0,0.0,0.13333333333333333,0.0,0.0,0.0,0.0,1
0.96,0.88,0.0,0.16666666666666666,1.0,230.11403508771932,228.34210526315792,91.90350877192984,90.13157894736844,0.07479224376731301,0.10576923076923077,0.13846153846153847,0.125,0.0,0.25,0.0,0.0,0.13333333333333333,0.0,0.0,0.0,0.0,1
0.96,0.88,0.0,0.16666666666666666,1.0,230.11403508771932,228.34210526315792,91.90350877192984,90.13157894736844,0.07479224376731301,0.10576923076923077,0.13846153846153847,0.125,0.0,0.25,0.0,0.0,0.13333333333333333,0.0,0.0,0.0,0.0,1
0.96,0.84,0.6666666666666666,0.0,1.0,174.28070175438597,200.54385964912282,59.54385964912281,85.80701754385966,0.18421052631578946,0.2403846153846154,0.3384615384615385,0.3557692307692308,0.15625,0.225,0.03125,0.3333333333333333,0.2,0.0,0.0,0.0,0.0,0
0.96,0.84,0.6666666666666666,0.0,1.0,174.28070175438597,200.54385964912282,59.54385964912281,85.80701754385966,0.18421052631578946,0.2403846153846154,0.3384615384615385,0.3557692307692308,0.15625,0.225,0.03125,0.3333333333333333,0.2,0.0,0.0,0.0,0.0,0
0.92,0.8,0.0,0.8333333333333334,1.0,191.71052631578948,177.55263157894737,89.73684210526316,75.57894736842105,0.23822714681440443,0.019230769230769232,0.13846153846153847,0.15384615384615385,0.078125,0.25,0.265625,0.3055555555555556,0.28888888888888886,0.0,0.08653846153846154,0.13846153846153847,0.0,0
0.92,0.8,0.0,0.8333333333333334,1.0,191.71052631578948,177.55263157894737,89.73684210526316,75.57894736842105,0.23822714681440443,0.019230769230769232,0.13846153846153847,0.15384615384615385,0.078125,0.25,0.265625,0.3055555555555556,0.28888888888888886,0.0,0.08653846153846154,0.13846153846153847,0.0,0
0.92,0.8,0.0,0.8333333333333334,1.0,191.71052631578948,177.55263157894737,89.73684210526316,75.57894736842105,0.23822714681440443,0.019230769230769232,0.13846153846153847,0.15384615384615385,0.078125,0.25,0.265625,0.3055555555555556,0.28888888888888886,0.0,0.08653846153846154,0.13846153846153847,0.0,0
0.92,0.8,0.0,0.8333333333333334,1.0,191.71052631578948,177.55263157894737,89.73684210526316,75.57894736842105,0.23822714681440443,0.019230769230769232,0.13846153846153847,0.15384615384615385,0.078125,0.25,0.265625,0.3055555555555556,0.28888888888888886,0.0,0.08653846153846154,0.13846153846153847,0.0,0
1.04,1.04,0.08333333333333333,0.25,2.0,216.78070175438597,254.40350877192984,116.67543859649123,154.2982456140351,0.11357340720221606,0.125,0.015384615384615385,0.0,0.0,0.35,0.0,0.0,0.17777777777777778,0.0,0.0,0.0,0.0,1
1.04,1.04,0.08333333333333333,0.25,2.0,216.78070175438597,254.40350877192984,116.67543859649123,154.2982456140351,0.11357340720221606,0.125,0.015384615384615385,0.0,0.0,0.35,0.0,0.0,0.17777777777777778,0.0,0.0,0.0,0.0,1
1.04,1.04,0.08333333333333333,0.25,2.0,216.78070175438597,254.40350877192984,116.67543859649123,154.2982456140351,0.11357340720221606,0.125,0.015384615384615385,0.0,0.0,0.35,0.0,0.0,0.17777777777777778,0.0,0.0,0.0,0.0,1
1.04,1.04,0.08333333333333333,0.25,2.0,216.78070175438597,254.40350877192984,116.67543859649123,154.2982456140351,0.11357340720221606,0.125,0.015384615384615385,0.0,0.0,0.35,0.0,0.0,0.17777777777777778,0.0,0.0,0.0,0.0,1
1.04,1.0,1.0,0.0,1.0,226.36842105263156,172.71052631578948,131.34210526315786,77.6842105263158,0.20221606648199447,0.057692307692307696,0.35384615384615387,0.33653846153846156,0.015625,0.2,0.0,0.0,0.3111111111111111,0.3472222222222222,0.0,0.0,0.0,0
1.04,1.0,1.0,0.0,1.0,226.36842105263156,172.71052631578948,131.34210526315786,77.6842105263158,0.20221606648199447,0.057692307692307696,0.35384615384615387,0.33653846153846156,0.015625,0.2,0.0,0.0,0.3111111111111111,0.3472222222222222,0.0,0.0,0.0,0
1.0,1.0,0.0,0.16666666666666666,1.0,220.91228070175438,223.6842105263158,126.54385964912281,129.31578947368422,0.12049861495844875,0.0,0.0,0.0,0.0,0.15,0.0,0.013888888888888888,0.3111111111111111,0.0,0.0,0.0,0.0,1
1.0,1.0,0.0,0.16666666666666666,1.0,220.91228070175438,223.6842105263158,126.54385964912281,129.31578947368422,0.12049861495844875,0.0,0.0,0.0,0.0,0.15,0.0,0.013888888888888888,0.3111111111111111,0.0,0.0,0.0,0.0,1
1.0,1.0,0.0,0.16666666666666666,1.0,220.91228070175438,223.6842105263158,126.54385964912281,129.31578947368422,0.12049861495844875,0.0,0.0,0.0,0.0,0.15,0.0,0.013888888888888888,0.3111111111111111,0.0,0.0,0.0,0.0,1
1.04,1.0,0.0,0.16666666666666666,1.0,235.140350877193,231.7543859649123,119.53508771929825,116.14912280701756,0.09695290858725762,0.04807692307692308,0.0,0.0,0.0625,0.2,0.0,0.0,0.15555555555555556,0.0,0.0,0.0,0.019230769230769232,1
1.04,1.0,0.0,0.16666666666666666,1.0,235.140350877193,231.7543859649123,119.53508771929825,116.14912280701756,0.09695290858725762,0.04807692307692308,0.0,0.0,0.0625,0.2,0.0,0.0,0.15555555555555556,0.0,0.0,0.0,0.019230769230769232,1
1.04,1.0,0.0,0.16666666666666666,1.0,235.140350877193,231.7543859649123,119.53508771929825,116.14912280701756,0.09695290858725762,0.04807692307692308,0.0,0.0,0.0625,0.2,0.0,0.0,0.15555555555555556,0.0,0.0,0.0,0.019230769230769232,1
1.04,1.0,0.0,0.16666666666666666,1.0,235.140350877193,231.7543859649123,119.53508771929825,116.14912280701756,0.09695290858725762,0.04807692307692308,0.0,0.0,0.0625,0.2,0.0,0.0,0.15555555555555556,0.0,0.0,0.0,0.019230769230769232,1
1.0,1.0,0.0,0.25,2.0,235.55263157894737,254.35087719298247,103.84210526315789,122.64035087719299,0.0817174515235457,0.0,0.0,0.0,0.0,0.325,0.0,0.0,0.35555555555555557,0.0,0.0,0.0,0.0,1
1.0,1.0,0.0,0.25,2.0,235.55263157894737,254.35087719298247,103.84210526315789,122.64035087719299,0.0817174515235457,0.0,0.0,0.0,0.0,0.325,0.0,0.0,0.35555555555555557,0.0,0.0,0.0,0.0,1
1.0,1.0,0.0,0.25,2.0,235.55263157894737,254.35087719298247,103.84210526315789,122.64035087719299,0.0817174515235457,0.0,0.0,0.0,0.0,0.325,0.0,0.0,0.35555555555555557,0.0,0.0,0.0,0.0,1
1.0416666666666667,1.0416666666666667,0.0,0.16666666666666666,1.0,228.83783783783784,221.4054054054054,137.59459459459458,130.16216216216213,0.12233285917496443,0.0,0.0,0.0,0.0,0.17142857142857143,0.0,0.0,0.15555555555555556,0.0,0.0,0.0,0.04807692307692308,1
1.0416666666666667,1.0416666666666667,0.0,0.16666666666666666,1.0,228.83783783783784,221.4054054054054,137.59459459459458,130.16216216216213,0.12233285917496443,0.0,0.0,0.0,0.0,0.17142857142857143,0.0,0.0,0.15555555555555556,0.0,0.0,0.0,0.04807692307692308,1
1.0416666666666667,1.0416666666666667,0.0,0.16666666666666666,1.0,228.83783783783784,221.4054054054054,137.59459459459458,130.16216216216213,0.12233285917496443,0.0,0.0,0.0,0.0,0.17142857142857143,0.0,0.0,0.15555555555555556,0.0,0.0,0.0,0.04807692307692308,1
1.0416666666666667,1.0416666666666667,0.0,0.16666666666666666,1.0,228.83783783783784,221.4054054054054,137.59459459459458,130.16216216216213,0.12233285917496443,0.0,0.0,0.0,0.0,0.17142857142857143,0.0,0.0,0.15555555555555556,0.0,0.0,0.0,0.04807692307692308,1
1.0416666666666667,1.0416666666666667,0.0,1.0,1.0,202.18918918918916,186.22522522522522,99.59459459459457,83.63063063063062,0.2631578947368421,0.0,0.0,0.0,0.0,0.2571428571428571,0.2857142857142857,0.0,0.2222222222222222,0.1111111111111111,0.38461538461538464,0.27692307692307694,0.04807692307692308,0
1.0416666666666667,1.0416666666666667,0.0,1.0,1.0,202.18918918918916,186.22522522522522,99.59459459459457,83.63063063063062,0.2631578947368421,0.0,0.0,0.0,0.0,0.2571428571428571,0.2857142857142857,0.0,0.2222222222222222,0.1111111111111111,0.38461538461538464,0.27692307692307694,0.04807692307692308,0
1.0416666666666667,1.0416666666666667,0.0,1.0,1.0,202.18918918918916,186.22522522522522,99.59459459459457,83.63063063063062,0.2631578947368421,0.0,0.0,0.0,0.0,0.2571428571428571,0.2857142857142857,0.0,0.2222222222222222,0.1111111111111111,0.38461538461538464,0.27692307692307694,0.04807692307692308,0
1.0,0.75,0.3333333333333333,0.0,1.0,225.81981981981983,170.83783783783784,100.22522522522523,45.24324324324324,0.17923186344238975,0.0,0.26153846153846155,0.40384615384615385,0.07142857142857142,0.11428571428571428,0.03571428571428571,0.05555555555555555,0.37777777777777777,0.4027777777777778,0.0,0.0,0.0,0
1.0,0.75,0.3333333333333333,0.0,1.0,225.81981981981983,170.83783783783784,100.22522522522523,45.24324324324324,0.17923186344238975,0.0,0.26153846153846155,0.40384615384615385,0.07142857142857142,0.11428571428571428,0.03571428571428571,0.05555555555555555,0.37777777777777777,0.4027777777777778,0.0,0.0,0.0,0
1.0,0.75,0.3333333333333333,0.0,1.0,225.81981981981983,170.83783783783784,100.22522522522523,45.24324324324324,0.17923186344238975,0.0,0.26153846153846155,0.40384615384615385,0.07142857142857142,0.11428571428571428,0.03571428571428571,0.05555555555555555,0.37777777777777777,0.4027777777777778,0.0,0.0,0.0,0
1.0,0.75,0.3333333333333333,0.0,1.0,225.81981981981983,170.83783783783784,100.22522522522523,45.24324324324324,0.17923186344238975,0.0,0.26153846153846155,0.40384615384615385,0.07142857142857142,0.11428571428571428,0.03571428571428571,0.05555555555555555,0.37777777777777777,0.4027777777777778,0.0,0.0,0.0,0
1.0416666666666667,1.0416666666666667,0.0,0.16666666666666666,1.5,228.4774774774775,229.03603603603605,123.36936936936938,123.92792792792794,0.08392603129445235,0.0,0.0,0.0,0.10714285714285714,0.37142857142857144,0.0,0.075,0.2,0.0,0.0,0.0,0.0,1
1.0416666666666667,1.0,0.0,0.16666666666666666,1.0,228.4774774774775,229.03603603603605,123.36936936936938,123.92792792792794,0.08392603129445235,0.0,0.0,0.0,0.0,0.2571428571428571,0.0,0.08333333333333333,0.2222222222222222,0.0,0.0,0.0,0.0,1
1.0416666666666667,1.0,0.0,0.16666666666666666,1.0,228.4774774774775,229.03603603603605,123.36936936936938,123.92792792792794,0.08392603129445235,0.0,0.0,0.0,0.0,0.2571428571428571,0.0,0.08333333333333333,0.2222222222222222,0.0,0.0,0.0,0.0,1
1.0416666666666667,1.0,0.0,0.16666666666666666,1.0,228.4774774774775,229.03603603603605,123.36936936936938,123.92792792792794,0.08392603129445235,0.0,0.0,0.0,0.0,0.2571428571428571,0.0,0.08333333333333333,0.2222222222222222,0.0,0.0,0.0,0.0,1
0.9583333333333334,0.7916666666666666,1.0,0.0,1.0,187.83783783783784,215.05405405405406,104.75675675675676,131.97297297297297,0.16642958748221906,0.0,0.26153846153846155,0.4230769230769231,0.0,0.22857142857142856,0.0,0.20833333333333334,0.2222222222222222,0.2361111111111111,0.019230769230769232,0.0,0.0,0
0.9583333333333334,0.7916666666666666,1.0,0.0,1.0,187.83783783783784,215.05405405405406,104.75675675675676,131.97297297297297,0.16642958748221906,0.0,0.26153846153846155,0.4230769230769231,0.0,0.22857142857142856,0.0,0.20833333333333334,0.2222222222222222,0.2361111111111111,0.019230769230769232,0.0,0.0,0
0.9583333333333334,0.7916666666666666,1.0,0.0,1.0,187.83783783783784,215.05405405405406,104.75675675675676,131.97297297297297,0.16642958748221906,0.0,0.26153846153846155,0.4230769230769231,0.0,0.22857142857142856,0.0,0.20833333333333334,0.2222222222222222,0.2361111111111111,0.019230769230769232,0.0,0.0,0
1.0416666666666667,1.0,0.0,0.16666666666666666,2.5,231.94594594594594,254.35135135135135,111.9189189189189,134.32432432432432,0.09957325746799431,0.07692307692307693,0.0,0.0,0.10714285714285714,0.37142857142857144,0.0,0.0,0.4222222222222222,0.0,0.0,0.0,0.0,1
0.96,0.8,0.08333333333333333,0.0,2.0,194.85,151.58333333333334,50.349999999999994,7.083333333333343,0.25952380952380955,0.13333333333333333,0.013333333333333334,0.14166666666666666,0.265625,0.375,0.328125,0.058823529411764705,0.32941176470588235,0.4117647058823529,0.0,0.0,0.0,0
0.96,0.8,0.08333333333333333,0.0,2.0,194.85,151.58333333333334,50.349999999999994,7.083333333333343,0.25952380952380955,0.13333333333333333,0.013333333333333334,0.14166666666666666,0.265625,0.375,0.328125,0.058823529411764705,0.32941176470588235,0.4117647058823529,0.0,0.0,0.0,0
0.96,0.8,0.08333333333333333,0.0,2.0,194.85,151.58333333333334,50.349999999999994,7.083333333333343,0.25952380952380955,0.13333333333333333,0.013333333333333334,0.14166666666666666,0.265625,0.375,0.328125,0.058823529411764705,0.32941176470588235,0.4117647058823529,0.0,0.0,0.0,0
0.96,0.8,0.08333333333333333,0.0,2.0,194.85,151.58333333333334,50.349999999999994,7.083333333333343,0.25952380952380955,0.13333333333333333,0.013333333333333334,0.14166666666666666,0.265625,0.375,0.328125,0.058823529411764705,0.32941176470588235,0.4117647058823529,0.0,0.0,0.0,0
1.0,0.96,0.16666666666666666,0.0,2.0,227.875,231.46666666666667,89.44999999999999,93.04166666666666,0.08214285714285714,0.0,0.06666666666666667,0.125,0.03125,0.425,0.0078125,0.0,0.3058823529411765,0.04411764705882353,0.0,0.0,0.0,1
1.0,0.96,0.16666666666666666,0.0,2.0,227.875,231.46666666666667,89.44999999999999,93.04166666666666,0.08214285714285714,0.0,0.06666666666666667,0.125,0.03125,0.425,0.0078125,0.0,0.3058823529411765,0.04411764705882353,0.0,0.0,0.0,1
1.0,0.96,0.16666666666666666,0.0,2.0,227.875,231.46666666666667,89.44999999999999,93.04166666666666,0.08214285714285714,0.0,0.06666666666666667,0.125,0.03125,0.425,0.0078125,0.0,0.3058823529411765,0.04411764705882353,0.0,0.0,0.0,1
1.0,1.0,0.08333333333333333,0.0,2.0,217.70000000000002,254.34166666666667,92.70000000000002,129.34166666666667,0.11904761904761904,0.0,0.0,0.0,0.171875,0.4875,0.0,0.1323529411764706,0.3411764705882353,0.0,0.0,0.0,0.0,1
0.9354838709677419,0.8387096774193549,0.0,0.3333333333333333,2.0,230.33333333333334,182.54545454545453,111.12878787878789,63.34090909090908,0.173444976076555,0.0,0.16923076923076924,0.16346153846153846,0.05263157894736842,0.3263157894736842,0.32894736842105265,0.04375,0.38,0.05,0.46153846153846156,0.46153846153846156,0.46153846153846156,0
0.9354838709677419,0.8387096774193549,0.0,0.3333333333333333,2.0,230.33333333333334,182.54545454545453,111.12878787878789,63.34090909090908,0.173444976076555,0.0,0.16923076923076924,0.16346153846153846,0.05263157894736842,0.3263157894736842,0.32894736842105265,0.04375,0.38,0.05,0.46153846153846156,0.46153846153846156,0.46153846153846156,0
0.9354838709677419,0.8387096774193549,0.0,0.3333333333333333,2.0,230.33333333333334,182.54545454545453,111.12878787878789,63.34090909090908,0.173444976076555,0.0,0.16923076923076924,0.16346153846153846,0.05263157894736842,0.3263157894736842,0.32894736842105265,0.04375,0.38,0.05,0.46153846153846156,0.46153846153846156,0.46153846153846156,0
0.9354838709677419,0.8387096774193549,0.0,0.3333333333333333,2.0,230.33333333333334,182.54545454545453,111.12878787878789,63.34090909090908,0.173444976076555,0.0,0.16923076923076924,0.16346153846153846,0.05263157894736842,0.3263157894736842,0.32894736842105265,0.04375,0.38,0.05,0.46153846153846156,0.46153846153846156,0.46153846153846156,0
0.8387096774193549,0.8387096774193549,0.0,0.0,2.0,213.19696969696972,215.66666666666666,94.28787878787881,96.75757575757575,0.20813397129186603,0.028846153846153848,0.06153846153846154,0.09615384615384616,0.3092105263157895,0.3684210526315789,0.19736842105263158,0.1625,0.36,0.15,0.0,0.0,0.0,1
0.8387096774193549,0.8387096774193549,0.0,0.0,2.0,213.19696969696972,215.66666666666666,94.28787878787881,96.75757575757575,0.20813397129186603,0.028846153846153848,0.06153846153846154,0.09615384615384616,0.3092105263157895,0.3684210526315789,0.19736842105263158,0.1625,0.36,0.15,0.0,0.0,0.0,1
0.8387096774193549,0.8387096774193549,0.0,0.0,2.0,213.19696969696972,215.66666666666666,94.28787878787881,96.75757575757575,0.20813397129186603,0.028846153846153848,0.06153846153846154,0.09615384615384616,0.3092105263157895,0.3684210526315789,0.19736842105263158,0.1625,0.36,0.15,0.0,0.0,0.0,1
0.8387096774193549,0.8387096774193549,0.0,0.0,2.0,213.19696969696972,215.66666666666666,94.28787878787881,96.75757575757575,0.20813397129186603,0.028846153846153848,0.06153846153846154,0.09615384615384616,0.3092105263157895,0.3684210526315789,0.19736842105263158,0.1625,0.36,0.15,0.0,0.0,0.0,1
0.7741935483870968,0.7096774193548387,0.16666666666666666,0.16666666666666666,3.5,218.5,161.56060606060606,88.38636363636363,31.44696969696969,0.22009569377990432,0.07692307692307693,0.07692307692307693,0.07692307692307693,0.1513157894736842,0.29473684210526313,0.2894736842105263,0.01875,0.36,0.30625,0.0,0.0,0.0,0
0.7741935483870968,0.7096774193548387,0.16666666666666666,0.16666666666666666,3.5,218.5,161.56060606060606,88.38636363636363,31.44696969696969,0.22009569377990432,0.07692307692307693,0.07692307692307693,0.07692307692307693,0.1513157894736842,0.29473684210526313,0.2894736842105263,0.01875,0.36,0.30625,0.0,0.0,0.0,0
0.7741935483870968,0.7096774193548387,0.16666666666666666,0.16666666666666666,3.5,218.5,161.56060606060606,88.38636363636363,31.44696969696969,0.22009569377990432,0.07692307692307693,0.07692307692307693,0.07692307692307693,0.1513157894736842,0.29473684210526313,0.2894736842105263,0.01875,0.36,0.30625,0.0,0.0,0.0,0
0.7741935483870968,0.7096774193548387,0.16666666666666666,0.16666666666666666,3.5,218.5,161.56060606060606,88.38636363636363,31.44696969696969,0.22009569377990432,0.07692307692307693,0.07692307692307693,0.07692307692307693,0.1513157894736842,0.29473684210526313,0.2894736842105263,0.01875,0.36,0.30625,0.0,0.0,0.0,0
0.8064516129032258,0.8387096774193549,0.0,0.0,2.0,234.5,254.3560606060606,80.25,100.1060606060606,0.08014354066985646,0.0,0.0,0.0,0.05263157894736842,0.23157894736842105,0.0,0.0375,0.35,0.0,0.0,0.0,0.0,1
0.8064516129032258,0.8387096774193549,0.0,0.0,2.0,234.5,254.3560606060606,80.25,100.1060606060606,0.08014354066985646,0.0,0.0,0.0,0.05263157894736842,0.23157894736842105,0.0,0.0375,0.35,0.0,0.0,0.0,0.0,1
0.8064516129032258,0.8387096774193549,0.0,0.0,2.0,234.5,254.3560606060606,80.25,100.1060606060606,0.08014354066985646,0.0,0.0,0.0,0.05263157894736842,0.23157894736842105,0.0,0.0375,0.35,0.0,0.0,0.0,0.0,1
0.96,0.92,0.3333333333333333,0.0,1.0,220.32456140350874,229.5,99.61403508771926,108.78947368421052,0.13850415512465375,0.07692307692307693,0.03076923076923077,0.0,0.25,0.3875,0.125,0.08088235294117647,0.2235294117647059,0.0,0.0,0.0,0.0,1
0.96,0.92,0.3333333333333333,0.0,1.0,220.32456140350874,229.5,99.61403508771926,108.78947368421052,0.13850415512465375,0.07692307692307693,0.03076923076923077,0.0,0.25,0.3875,0.125,0.08088235294117647,0.2235294117647059,0.0,0.0,0.0,0.0,1
0.96,0.92,0.3333333333333333,0.0,1.0,220.32456140350874,229.5,99.61403508771926,108.78947368421052,0.13850415512465375,0.07692307692307693,0.03076923076923077,0.0,0.25,0.3875,0.125,0.08088235294117647,0.2235294117647059,0.0,0.0,0.0,0.0,1
1.04,0.76,0.15,0.0,10.0,158.55263157894737,154.31578947368425,74.86842105263158,70.63157894736845,0.40166204986149584,0.2403846153846154,0.4153846153846154,0.38461538461538464,0.21875,0.3875,0.0859375,0.6838235294117647,0.7176470588235294,0.7058823529411765,0.0,0.0,0.0,0
1.04,0.76,0.15,0.0,10.0,158.55263157894737,154.31578947368425,74.86842105263158,70.63157894736845,0.40166204986149584,0.2403846153846154,0.4153846153846154,0.38461538461538464,0.21875,0.3875,0.0859375,0.6838235294117647,0.7176470588235294,0.7058823529411765,0.0,0.0,0.0,0
1.04,0.76,0.15,0.0,10.0,158.55263157894737,154.31578947368425,74.86842105263158,70.63157894736845,0.40166204986149584,0.2403846153846154,0.4153846153846154,0.38461538461538464,0.21875,0.3875,0.0859375,0.6838235294117647,0.7176470588235294,0.7058823529411765,0.0,0.0,0.0,0
1.04,0.76,0.15,0.0,10.0,158.55263157894737,154.31578947368425,74.86842105263158,70.63157894736845,0.40166204986149584,0.2403846153846154,0.4153846153846154,0.38461538461538464,0.21875,0.3875,0.0859375,0.6838235294117647,0.7176470588235294,0.7058823529411765,0.0,0.0,0.0,0
1.04,0.76,0.15,0.0,10.0,158.55263157894737,154.31578947368425,74.86842105263158,70.63157894736845,0.40166204986149584,0.2403846153846154,0.4153846153846154,0.38461538461538464,0.21875,0.3875,0.0859375,0.6838235294117647,0.7176470588235294,0.7058823529411765,0.0,0.0,0.0,0
0.96,0.96,0.3333333333333333,0.0,1.0,233.44736842105263,232.21052631578948,136.63157894736844,135.39473684210526,0.07202216066481995,0.0,0.0,0.0,0.046875,0.35,0.0,0.0,0.23529411764705882,0.0,0.0,0.0,0.0,1
0.96,0.96,0.3333333333333333,0.0,1.0,233.44736842105263,232.21052631578948,136.63157894736844,135.39473684210526,0.07202216066481995,0.0,0.0,0.0,0.046875,0.35,0.0,0.0,0.23529411764705882,0.0,0.0,0.0,0.0,1
0.96,0.96,0.3333333333333333,0.0,1.0,233.44736842105263,232.21052631578948,136.63157894736844,135.39473684210526,0.07202216066481995,0.0,0.0,0.0,0.046875,0.35,0.0,0.0,0.23529411764705882,0.0,0.0,0.0,0.0,1
0.96,0.96,0.3333333333333333,0.0,1.0,233.44736842105263,232.21052631578948,136.63157894736844,135.39473684210526,0.07202216066481995,0.0,0.0,0.0,0.046875,0.35,0.0,0.0,0.23529411764705882,0.0,0.0,0.0,0.0,1
0.96,0.96,0.25,0.0,2.0,229.03508771929822,227.99122807017545,82.37719298245611,81.33333333333334,0.10803324099722991,0.0,0.0,0.0,0.0390625,0.4625,0.0859375,0.0,0.2823529411764706,0.04411764705882353,0.0,0.0,0.0,1
0.96,0.96,0.25,0.0,2.0,229.03508771929822,227.99122807017545,82.37719298245611,81.33333333333334,0.10803324099722991,0.0,0.0,0.0,0.0390625,0.4625,0.0859375,0.0,0.2823529411764706,0.04411764705882353,0.0,0.0,0.0,1
0.96,0.96,0.25,0.0,2.0,229.03508771929822,227.99122807017545,82.37719298245611,81.33333333333334,0.10803324099722991,0.0,0.0,0.0,0.0390625,0.4625,0.0859375,0.0,0.2823529411764706,0.04411764705882353,0.0,0.0,0.0,1
1.0,1.0,0.16666666666666666,0.0,1.0,233.14912280701753,254.37719298245614,98.28070175438594,119.50877192982455,0.060941828254847646,0.0,0.0,0.0,0.0234375,0.2875,0.0,0.0,0.23529411764705882,0.0,0.0,0.0,0.0,1
1.0,1.0,0.16666666666666666,0.0,1.0,233.14912280701753,254.37719298245614,98.28070175438594,119.50877192982455,0.060941828254847646,0.0,0.0,0.0,0.0234375,0.2875,0.0,0.0,0.23529411764705882,0.0,0.0,0.0,0.0,1
1.0,1.0,0.16666666666666666,0.0,1.0,233.14912280701753,254.37719298245614,98.28070175438594,119.50877192982455,0.060941828254847646,0.0,0.0,0.0,0.0234375,0.2875,0.0,0.0,0.23529411764705882,0.0,0.0,0.0,0.0,1
1.0,1.0,0.16666666666666666,0.0,1.0,233.14912280701753,254.37719298245614,98.28070175438594,119.50877192982455,0.060941828254847646,0.0,0.0,0.0,0.0234375,0.2875,0.0,0.0,0.23529411764705882,0.0,0.0,0.0,0.0,1
1.04,1.0,0.0,0.16666666666666666,1.0,229.38596491228068,223.28070175438597,121.01754385964911,114.9122807017544,0.0886426592797784,0.0,0.0,0.028846153846153848,0.0,0.225,0.0,0.0,0.2,0.0,0.0,0.0,0.0,1
1.04,1.0,0.0,0.16666666666666666,1.0,229.38596491228068,223.28070175438597,121.01754385964911,114.9122807017544,0.0886426592797784,0.0,0.0,0.028846153846153848,0.0,0.225,0.0,0.0,0.2,0.0,0.0,0.0,0.0,1
1.04,1.0,0.0,0.16666666666666666,1.0,229.38596491228068,223.28070175438597,121.01754385964911,114.9122807017544,0.0886426592797784,0.0,0.0,0.028846153846153848,0.0,0.225,0.0,0.0,0.2,0.0,0.0,0.0,0.0,1
1.04,1.0,0.0,0.16666666666666666,1.0,229.38596491228068,223.28070175438597,121.01754385964911,114.9122807017544,0.0886426592797784,0.0,0.0,0.028846153846153848,0.0,0.225,0.0,0.0,0.2,0.0,0.0,0.0,0.0,1
0.88,0.84,0.4166666666666667,0.25,1.5,213.140350877193,174.2982456140351,93.64035087719299,54.798245614035096,0.25346260387811637,0.009615384615384616,0.5076923076923077,0.4230769230769231,0.0,0.2,0.0,0.0,0.24444444444444444,0.3333333333333333,0.0,0.07692307692307693,0.25,0
0.88,0.84,0.4166666666666667,0.25,1.5,213.140350877193,174.2982456140351,93.64035087719299,54.798245614035096,0.25346260387811637,0.009615384615384616,0.5076923076923077,0.4230769230769231,0.0,0.2,0.0,0.0,0.24444444444444444,0.3333333333333333,0.0,0.07692307692307693,0.25,0
0.88,0.84,0.4166666666666667,0.25,1.5,213.140350877193,174.2982456140351,93.64035087719299,54.798245614035096,0.25346260387811637,0.009615384615384616,0.5076923076923077,0.4230769230769231,0.0,0.2,0.0,0.0,0.24444444444444444,0.3333333333333333,0.0,0.07692307692307693,0.25,0
0.88,0.84,0.4166666666666667,0.25,1.5,213.140350877193,174.2982456140351,93.64035087719299,54.798245614035096,0.25346260387811637,0.009615384615384616,0.5076923076923077,0.4230769230769231,0.0,0.2,0.0,0.0,0.24444444444444444,0.3333333333333333,0.0,0.07692307692307693,0.25,0
0.96,0.72,0.0,0.3333333333333333,2.0,195.640350877193,179.14912280701753,57.850877192982466,41.359649122807014,0.21745152354570638,0.0,0.13846153846153847,0.038461538461538464,0.0,0.325,0.265625,0.2777777777777778,0.3111111111111111,0.0,0.16346153846153846,0.06153846153846154,0.0,0
0.96,0.72,0.0,0.3333333333333333,2.0,195.640350877193,179.14912280701753,57.850877192982466,41.359649122807014,0.21745152354570638,0.0,0.13846153846153847,0.038461538461538464,0.0,0.325,0.265625,0.2777777777777778,0.3111111111111111,0.0,0.16346153846153846,0.06153846153846154,0.0,0
0.96,0.72,0.0,0.3333333333333333,2.0,195.640350877193,179.14912280701753,57.850877192982466,41.359649122807014,0.21745152354570638,0.0,0.13846153846153847,0.038461538461538464,0.0,0.325,0.265625,0.2777777777777778,0.3111111111111111,0.0,0.16346153846153846,0.06153846153846154,0.0,0
0.96,0.72,0.0,0.3333333333333333,2.0,195.640350877193,179.14912280701753,57.850877192982466,41.359649122807014,0.21745152354570638,0.0,0.13846153846153847,0.038461538461538464,0.0,0.325,0.265625,0.2777777777777778,0.3111111111111111,0.0,0.16346153846153846,0.06153846153846154,0.0,0
1.0,1.0,0.0,0.16666666666666666,2.0,230.29824561403507,227.03508771929828,130.64035087719296,127.37719298245617,0.12880886426592797,0.0,0.0,0.0,0.0,0.3,0.0,0.0,0.28888888888888886,0.0,0.0,0.0,0.0,1
1.0,1.0,0.0,0.16666666666666666,2.0,230.29824561403507,227.03508771929828,130.64035087719296,127.37719298245617,0.12880886426592797,0.0,0.0,0.0,0.0,0.3,0.0,0.0,0.28888888888888886,0.0,0.0,0.0,0.0,1
1.0,1.0,0.0,0.16666666666666666,2.0,230.29824561403507,227.03508771929828,130.64035087719296,127.37719298245617,0.12880886426592797,0.0,0.0,0.0,0.0,0.3,0.0,0.0,0.28888888888888886,0.0,0.0,0.0,0.0,1
1.04,1.04,0.0,0.0,1.0,222.4824561403509,223.359649122807,129.90350877192986,130.78070175438597,0.16066481994459833,0.0,0.0,0.0,0.0,0.15,0.0,0.0,0.3111111111111111,0.0,0.0,0.0,0.0,1
1.04,1.04,0.0,0.0,1.0,222.4824561403509,223.359649122807,129.90350877192986,130.78070175438597,0.16066481994459833,0.0,0.0,0.0,0.0,0.15,0.0,0.0,0.3111111111111111,0.0,0.0,0.0,0.0,1
1.04,1.04,0.0,0.0,1.0,222.4824561403509,223.359649122807,129.90350877192986,130.78070175438597,0.16066481994459833,0.0,0.0,0.0,0.0,0.15,0.0,0.0,0.3111111111111111,0.0,0.0,0.0,0.0,1
1.04,1.04,0.0,0.0,1.0,222.4824561403509,223.359649122807,129.90350877192986,130.78070175438597,0.16066481994459833,0.0,0.0,0.0,0.0,0.15,0.0,0.0,0.3111111111111111,0.0,0.0,0.0,0.0,1
1.0,1.0,0.0,0.08333333333333333,2.0,235.49122807017542,254.40350877192984,105.1754385964912,124.08771929824562,0.09279778393351801,0.0,0.0,0.0,0.0,0.3,0.0,0.0,0.3111111111111111,0.0,0.0,0.0,0.0,1
1.0,1.0,0.0,0.08333333333333333,2.0,235.49122807017542,254.40350877192984,105.1754385964912,124.08771929824562,0.09279778393351801,0.0,0.0,0.0,0.0,0.3,0.0,0.0,0.3111111111111111,0.0,0.0,0.0,0.0,1
1.0,1.0,0.0,0.08333333333333333,2.0,235.49122807017542,254.40350877192984,105.1754385964912,124.08771929824562,0.09279778393351801,0.0,0.0,0.0,0.0,0.3,0.0,0.0,0.3111111111111111,0.0,0.0,0.0,0.0,1
1.0,1.0,0.0,0.08333333333333333,2.0,235.49122807017542,254.40350877192984,105.1754385964912,124.08771929824562,0.09279778393351801,0.0,0.0,0.0,0.0,0.3,0.0,0.0,0.3111111111111111,0.0,0.0,0.0,0.0,1
0.96,0.96,0.3333333333333333,0.0,2.0,221.23333333333335,220.3166666666667,98.53333333333335,97.61666666666669,0.13452380952380952,0.0,0.0,0.025,0.125,0.475,0.1328125,0.058823529411764705,0.3176470588235294,0.0661764705882353,0.0,0.0,0.0,1
0.96,0.96,0.3333333333333333,0.0,2.0,221.23333333333335,220.3166666666667,98.53333333333335,97.61666666666669,0.13452380952380952,0.0,0.0,0.025,0.125,0.475,0.1328125,0.058823529411764705,0.3176470588235294,0.0661764705882353,0.0,0.0,0.0,1
0.96,0.96,0.3333333333333333,0.0,2.0,221.23333333333335,220.3166666666667,98.53333333333335,97.61666666666669,0.13452380952380952,0.0,0.0,0.025,0.125,0.475,0.1328125,0.058823529411764705,0.3176470588235294,0.0661764705882353,0.0,0.0,0.0,1
0.96,0.96,0.3333333333333333,0.0,2.0,228.35,222.5,92.125,86.275,0.12380952380952381,0.0,0.0,0.03333333333333333,0.0625,0.475,0.125,0.058823529411764705,0.32941176470588235,0.058823529411764705,0.0,0.0,0.0,1
0.96,0.96,0.3333333333333333,0.0,2.0,228.35,222.5,92.125,86.275,0.12380952380952381,0.0,0.0,0.03333333333333333,0.0625,0.475,0.125,0.058823529411764705,0.32941176470588235,0.058823529411764705,0.0,0.0,0.0,1
0.96,0.96,0.3333333333333333,0.0,2.0,228.35,222.5,92.125,86.275,0.12380952380952381,0.0,0.0,0.03333333333333333,0.0625,0.475,0.125,0.058823529411764705,0.32941176470588235,0.058823529411764705,0.0,0.0,0.0,1
0.96,0.96,0.3333333333333333,0.0,2.0,220.13333333333335,221.0583333333333,76.25833333333335,77.18333333333331,0.12976190476190477,0.0,0.0,0.008333333333333333,0.125,0.45,0.125,0.058823529411764705,0.3176470588235294,0.058823529411764705,0.0,0.0,0.0,1
0.96,0.96,0.3333333333333333,0.0,2.0,220.13333333333335,221.0583333333333,76.25833333333335,77.18333333333331,0.12976190476190477,0.0,0.0,0.008333333333333333,0.125,0.45,0.125,0.058823529411764705,0.3176470588235294,0.058823529411764705,0.0,0.0,0.0,1
0.96,0.96,0.3333333333333333,0.0,2.0,220.13333333333335,221.0583333333333,76.25833333333335,77.18333333333331,0.12976190476190477,0.0,0.0,0.008333333333333333,0.125,0.45,0.125,0.058823529411764705,0.3176470588235294,0.058823529411764705,0.0,0.0,0.0,1
1.0,1.0,0.25,0.0,2.0,224.49166666666667,254.6,129.19166666666666,159.3,0.09166666666666666,0.0,0.0,0.0,0.109375,0.4,0.0,0.051470588235294115,0.3058823529411765,0.0,0.0,0.0,0.0,1
1.0,1.0,0.25,0.0,2.0,224.49166666666667,254.6,129.19166666666666,159.3,0.09166666666666666,0.0,0.0,0.0,0.109375,0.4,0.0,0.051470588235294115,0.3058823529411765,0.0,0.0,0.0,0.0,1
1.0,1.0,0.25,0.0,2.0,224.49166666666667,254.6,129.19166666666666,159.3,0.09166666666666666,0.0,0.0,0.0,0.109375,0.4,0.0,0.051470588235294115,0.3058823529411765,0.0,0.0,0.0,0.0,1
1.0,1.0,0.25,0.0,2.0,224.49166666666667,254.6,129.19166666666666,159.3,0.09166666666666666,0.0,0.0,0.0,0.109375,0.4,0.0,0.051470588235294115,0.3058823529411765,0.0,0.0,0.0,0.0,1
0.9629629629629629,0.9629629629629629,0.0,0.0,2.0,223.44444444444443,227.7777777777778,99.87301587301586,104.20634920634923,0.15119047619047618,0.0,0.0,0.1346153846153846,0.09558823529411764,0.38823529411764707,0.08823529411764706,0.05555555555555555,0.4,0.2013888888888889,0.0,0.0,0.0,1
0.9629629629629629,0.9629629629629629,0.0,0.0,2.0,223.44444444444443,227.7777777777778,99.87301587301586,104.20634920634923,0.15119047619047618,0.0,0.0,0.1346153846153846,0.09558823529411764,0.38823529411764707,0.08823529411764706,0.05555555555555555,0.4,0.2013888888888889,0.0,0.0,0.0,1
0.9629629629629629,0.9629629629629629,0.0,0.0,2.0,223.44444444444443,227.7777777777778,99.87301587301586,104.20634920634923,0.15119047619047618,0.0,0.0,0.1346153846153846,0.09558823529411764,0.38823529411764707,0.08823529411764706,0.05555555555555555,0.4,0.2013888888888889,0.0,0.0,0.0,1
0.9629629629629629,0.7777777777777778,0.0,0.0,2.0,229.57142857142858,225.5079365079365,80.04761904761907,75.98412698412699,0.09761904761904762,0.0,0.0,0.0,0.04411764705882353,0.3058823529411765,0.09558823529411764,0.05555555555555555,0.2777777777777778,0.09027777777777778,0.0,0.0,0.0,1
0.9629629629629629,0.7777777777777778,0.0,0.0,2.0,229.57142857142858,225.5079365079365,80.04761904761907,75.98412698412699,0.09761904761904762,0.0,0.0,0.0,0.04411764705882353,0.3058823529411765,0.09558823529411764,0.05555555555555555,0.2777777777777778,0.09027777777777778,0.0,0.0,0.0,1
0.9629629629629629,0.7777777777777778,0.0,0.0,2.0,229.57142857142858,225.5079365079365,80.04761904761907,75.98412698412699,0.09761904761904762,0.0,0.0,0.0,0.04411764705882353,0.3058823529411765,0.09558823529411764,0.05555555555555555,0.2777777777777778,0.09027777777777778,0.0,0.0,0.0,1
0.9629629629629629,0.7777777777777778,0.0,0.0,2.0,229.57142857142858,225.5079365079365,80.04761904761907,75.98412698412699,0.09761904761904762,0.0,0.0,0.0,0.04411764705882353,0.3058823529411765,0.09558823529411764,0.05555555555555555,0.2777777777777778,0.09027777777777778,0.0,0.0,0.0,1
1.037037037037037,0.9629629629629629,0.027777777777777776,0.0,6.0,214.7222222222222,135.23015873015873,88.53174603174601,9.039682539682545,0.32261904761904764,0.04807692307692308,0.06153846153846154,0.14423076923076922,0.3382352941176471,0.4,0.2426470588235294,0.04861111111111111,0.5777777777777777,0.7083333333333334,0.0,0.0,0.0,0
1.037037037037037,0.9629629629629629,0.027777777777777776,0.0,6.0,214.7222222222222,135.23015873015873,88.53174603174601,9.039682539682545,0.32261904761904764,0.04807692307692308,0.06153846153846154,0.14423076923076922,0.3382352941176471,0.4,0.2426470588235294,0.04861111111111111,0.5777777777777777,0.7083333333333334,0.0,0.0,0.0,0
1.037037037037037,0.9629629629629629,0.027777777777777776,0.0,6.0,214.7222222222222,135.23015873015873,88.53174603174601,9.039682539682545,0.32261904761904764,0.04807692307692308,0.06153846153846154,0.14423076923076922,0.3382352941176471,0.4,0.2426470588235294,0.04861111111111111,0.5777777777777777,0.7083333333333334,0.0,0.0,0.0,0
1.037037037037037,0.9629629629629629,0.027777777777777776,0.0,6.0,214.7222222222222,135.23015873015873,88.53174603174601,9.039682539682545,0.32261904761904764,0.04807692307692308,0.06153846153846154,0.14423076923076922,0.3382352941176471,0.4,0.2426470588235294,0.04861111111111111,0.5777777777777777,0.7083333333333334,0.0,0.0,0.0,0
1.037037037037037,0.9629629629629629,0.027777777777777776,0.0,6.0,214.7222222222222,135.23015873015873,88.53174603174601,9.039682539682545,0.32261904761904764,0.04807692307692308,0.06153846153846154,0.14423076923076922,0.3382352941176471,0.4,0.2426470588235294,0.04861111111111111,0.5777777777777777,0.7083333333333334,0.0,0.0,0.0,0
0.9629629629629629,0.9259259259259259,0.0,0.0,2.0,230.11904761904762,254.4126984126984,117.42857142857143,141.72222222222223,0.0880952380952381,0.0,0.0,0.0,0.058823529411764705,0.3176470588235294,0.0,0.04861111111111111,0.37777777777777777,0.0,0.0,0.0,0.0,1
1.04,1.04,0.0,0.0,1.0,208.78947368421052,148.30701754385964,97.89473684210526,37.41228070175438,0.29085872576177285,0.15384615384615385,0.015384615384615385,0.038461538461538464,0.359375,0.35,0.28125,0.0,0.28888888888888886,0.3333333333333333,0.0,0.0,0.0,0
1.04,1.04,0.0,0.0,1.0,208.78947368421052,148.30701754385964,97.89473684210526,37.41228070175438,0.29085872576177285,0.15384615384615385,0.015384615384615385,0.038461538461538464,0.359375,0.35,0.28125,0.0,0.28888888888888886,0.3333333333333333,0.0,0.0,0.0,0
1.04,1.04,0.0,0.0,1.0,208.78947368421052,148.30701754385964,97.89473684210526,37.41228070175438,0.29085872576177285,0.15384615384615385,0.015384615384615385,0.038461538461538464,0.359375,0.35,0.28125,0.0,0.28888888888888886,0.3333333333333333,0.0,0.0,0.0,0
1.04,1.04,0.0,0.0,1.0,208.78947368421052,148.30701754385964,97.89473684210526,37.41228070175438,0.29085872576177285,0.15384615384615385,0.015384615384615385,0.038461538461538464,0.359375,0.35,0.28125,0.0,0.28888888888888886,0.3333333333333333,0.0,0.0,0.0,0
1.0,1.0,0.0,0.0,2.0,226.40350877192984,225.1578947368421,87.66666666666669,86.42105263157896,0.14958448753462603,0.0,0.0,0.08653846153846154,0.0,0.3,0.0,0.0,0.3111111111111111,0.0,0.0,0.0,0.0,1
1.0,1.0,0.0,0.0,2.0,226.40350877192984,225.1578947368421,87.66666666666669,86.42105263157896,0.14958448753462603,0.0,0.0,0.08653846153846154,0.0,0.3,0.0,0.0,0.3111111111111111,0.0,0.0,0.0,0.0,1
1.0,1.0,0.0,0.0,2.0,226.40350877192984,225.1578947368421,87.66666666666669,86.42105263157896,0.14958448753462603,0.0,0.0,0.08653846153846154,0.0,0.3,0.0,0.0,0.3111111111111111,0.0,0.0,0.0,0.0,1
1.0,1.0,0.0,0.0,1.0,222.140350877193,222.93859649122805,114.56140350877193,115.359649122807,0.13850415512465375,0.0,0.0,0.0,0.0,0.15,0.0,0.0,0.28888888888888886,0.0,0.0,0.0,0.0,1
1.0,1.0,0.0,0.0,1.0,222.140350877193,222.93859649122805,114.56140350877193,115.359649122807,0.13850415512465375,0.0,0.0,0.0,0.0,0.15,0.0,0.0,0.28888888888888886,0.0,0.0,0.0,0.0,1
1.0,1.0,0.0,0.0,1.0,222.140350877193,222.93859649122805,114.56140350877193,115.359649122807,0.13850415512465375,0.0,0.0,0.0,0.0,0.15,0.0,0.0,0.28888888888888886,0.0,0.0,0.0,0.0,1
1.04,0.96,0.5,0.16666666666666666,1.0,209.86842105263156,125.46491228070175,122.89473684210525,38.49122807017544,0.3171745152354571,0.22115384615384615,0.13846153846153847,0.2403846153846154,0.03125,0.3,0.140625,0.0,0.4222222222222222,0.6527777777777778,0.0,0.0,0.0,0
1.04,0.96,0.5,0.16666666666666666,1.0,209.86842105263156,125.46491228070175,122.89473684210525,38.49122807017544,0.3171745152354571,0.22115384615384615,0.13846153846153847,0.2403846153846154,0.03125,0.3,0.140625,0.0,0.4222222222222222,0.6527777777777778,0.0,0.0,0.0,0
1.04,0.96,0.5,0.16666666666666666,1.0,209.86842105263156,125.46491228070175,122.89473684210525,38.49122807017544,0.3171745152354571,0.22115384615384615,0.13846153846153847,0.2403846153846154,0.03125,0.3,0.140625,0.0,0.4222222222222222,0.6527777777777778,0.0,0.0,0.0,0
1.04,0.96,0.5,0.16666666666666666,1.0,209.86842105263156,125.46491228070175,122.89473684210525,38.49122807017544,0.3171745152354571,0.22115384615384615,0.13846153846153847,0.2403846153846154,0.03125,0.3,0.140625,0.0,0.4222222222222222,0.6527777777777778,0.0,0.0,0.0,0
1.0,0.92,0.5833333333333334,0.0,2.0,166.09649122807016,142.2456140350877,82.43859649122805,58.58771929824559,0.41412742382271467,0.14423076923076922,0.36923076923076925,0.33653846153846156,0.078125,0.225,0.09375,0.6527777777777778,0.6,0.5555555555555556,0.0,0.0,0.0,0
1.0,0.92,0.5833333333333334,0.0,2.0,166.09649122807016,142.2456140350877,82.43859649122805,58.58771929824559,0.41412742382271467,0.14423076923076922,0.36923076923076925,0.33653846153846156,0.078125,0.225,0.09375,0.6527777777777778,0.6,0.5555555555555556,0.0,0.0,0.0,0
1.0,0.92,0.5833333333333334,0.0,2.0,166.09649122807016,142.2456140350877,82.43859649122805,58.58771929824559,0.41412742382271467,0.14423076923076922,0.36923076923076925,0.33653846153846156,0.078125,0.225,0.09375,0.6527777777777778,0.6,0.5555555555555556,0.0,0.0,0.0,0
1.0,0.92,0.5833333333333334,0.0,2.0,166.09649122807016,142.2456140350877,82.43859649122805,58.58771929824559,0.41412742382271467,0.14423076923076922,0.36923076923076925,0.33653846153846156,0.078125,0.225,0.09375,0.6527777777777778,0.6,0.5555555555555556,0.0,0.0,0.0,0
1.0,0.92,0.5833333333333334,0.0,2.0,166.09649122807016,142.2456140350877,82.43859649122805,58.58771929824559,0.41412742382271467,0.14423076923076922,0.36923076923076925,0.33653846153846156,0.078125,0.225,0.09375,0.6527777777777778,0.6,0.5555555555555556,0.0,0.0,0.0,0
1.0,0.96,0.8333333333333334,0.0,1.0,222.08771929824562,117.11403508771929,138.21929824561403,33.24561403508771,0.3365650969529086,0.14423076923076922,0.18461538461538463,0.22115384615384615,0.0,0.3,0.109375,0.0,0.4,0.7638888888888888,0.0,0.0,0.0,0
1.0,0.96,0.8333333333333334,0.0,1.0,222.08771929824562,117.11403508771929,138.21929824561403,33.24561403508771,0.3365650969529086,0.14423076923076922,0.18461538461538463,0.22115384615384615,0.0,0.3,0.109375,0.0,0.4,0.7638888888888888,0.0,0.0,0.0,0
1.0,0.96,0.8333333333333334,0.0,1.0,222.08771929824562,117.11403508771929,138.21929824561403,33.24561403508771,0.3365650969529086,0.14423076923076922,0.18461538461538463,0.22115384615384615,0.0,0.3,0.109375,0.0,0.4,0.7638888888888888,0.0,0.0,0.0,0
1.0,0.96,0.8333333333333334,0.0,1.0,222.08771929824562,117.11403508771929,138.21929824561403,33.24561403508771,0.3365650969529086,0.14423076923076922,0.18461538461538463,0.22115384615384615,0.0,0.3,0.109375,0.0,0.4,0.7638888888888888,0.0,0.0,0.0,0
1.04,1.04,0.0,0.5,1.0,149.06140350877192,101.70175438596492,76.85087719298244,29.49122807017544,0.4806094182825485,0.19230769230769232,0.015384615384615385,0.11538461538461539,0.0,0.35,0.265625,0.7083333333333334,0.8222222222222222,0.6666666666666666,0.0,0.09230769230769231,0.21153846153846154,0
1.04,1.04,0.0,0.5,1.0,149.06140350877192,101.70175438596492,76.85087719298244,29.49122807017544,0.4806094182825485,0.19230769230769232,0.015384615384615385,0.11538461538461539,0.0,0.35,0.265625,0.7083333333333334,0.8222222222222222,0.6666666666666666,0.0,0.09230769230769231,0.21153846153846154,0
1.04,1.04,0.0,0.5,1.0,149.06140350877192,101.70175438596492,76.85087719298244,29.49122807017544,0.4806094182825485,0.19230769230769232,0.015384615384615385,0.11538461538461539,0.0,0.35,0.265625,0.7083333333333334,0.8222222222222222,0.6666666666666666,0.0,0.09230769230769231,0.21153846153846154,0
1.04,1.04,0.0,0.5,1.0,149.06140350877192,101.70175438596492,76.85087719298244,29.49122807017544,0.4806094182825485,0.19230769230769232,0.015384615384615385,0.11538461538461539,0.0,0.35,0.265625,0.7083333333333334,0.8222222222222222,0.6666666666666666,0.0,0.09230769230769231,0.21153846153846154,0
1.04,1.04,0.0,0.5,1.0,149.06140350877192,101.70175438596492,76.85087719298244,29.49122807017544,0.4806094182825485,0.19230769230769232,0.015384615384615385,0.11538461538461539,0.0,0.35,0.265625,0.7083333333333334,0.8222222222222222,0.6666666666666666,0.0,0.09230769230769231,0.21153846153846154,0
0.96,0.8,0.0,0.6666666666666666,4.0,139.97368421052633,176.54385964912282,33.63157894736844,70.20175438596493,0.37950138504155123,0.125,0.18461538461538463,0.07692307692307693,0.125,0.25,0.296875,0.6527777777777778,0.4222222222222222,0.0,0.25,0.15384615384615385,0.0,0
0.96,0.8,0.0,0.6666666666666666,4.0,139.97368421052633,176.54385964912282,33.63157894736844,70.20175438596493,0.37950138504155123,0.125,0.18461538461538463,0.07692307692307693,0.125,0.25,0.296875,0.6527777777777778,0.4222222222222222,0.0,0.25,0.15384615384615385,0.0,0
0.96,0.8,0.0,0.6666666666666666,4.0,139.97368421052633,176.54385964912282,33.63157894736844,70.20175438596493,0.37950138504155123,0.125,0.18461538461538463,0.07692307692307693,0.125,0.25,0.296875,0.6527777777777778,0.4222222222222222,0.0,0.25,0.15384615384615385,0.0,0
0.96,0.8,0.0,0.6666666666666666,4.0,139.97368421052633,176.54385964912282,33.63157894736844,70.20175438596493,0.37950138504155123,0.125,0.18461538461538463,0.07692307692307693,0.125,0.25,0.296875,0.6527777777777778,0.4222222222222222,0.0,0.25,0.15384615384615385,0.0,0
0.96,0.8,0.0,0.6666666666666666,4.0,139.97368421052633,176.54385964912282,33.63157894736844,70.20175438596493,0.37950138504155123,0.125,0.18461538461538463,0.07692307692307693,0.125,0.25,0.296875,0.6527777777777778,0.4222222222222222,0.0,0.25,0.15384615384615385,0.0,0
1.04,1.0,0.0,0.0,2.0,217.6315789473684,218.6754385964912,117.26315789473684,118.30701754385963,0.1745152354570637,0.0,0.0,0.0,0.0,0.25,0.0,0.0,0.24444444444444444,0.0,0.0,0.0,0.0,1
1.04,1.0,0.0,0.0,2.0,217.6315789473684,218.6754385964912,117.26315789473684,118.30701754385963,0.1745152354570637,0.0,0.0,0.0,0.0,0.25,0.0,0.0,0.24444444444444444,0.0,0.0,0.0,0.0,1
1.04,1.0,0.0,0.0,2.0,217.6315789473684,218.6754385964912,117.26315789473684,118.30701754385963,0.1745152354570637,0.0,0.0,0.0,0.0,0.25,0.0,0.0,0.24444444444444444,0.0,0.0,0.0,0.0,1
1.04,1.0,0.0,0.0,2.0,217.6315789473684,218.6754385964912,117.26315789473684,118.30701754385963,0.1745152354570637,0.0,0.0,0.0,0.0,0.25,0.0,0.0,0.24444444444444444,0.0,0.0,0.0,0.0,1
1.04,1.04,0.0,0.0,2.0,232.40350877192984,254.43859649122805,108.27192982456141,130.30701754385962,0.08448753462603878,0.0,0.0,0.0,0.0,0.3,0.0,0.0,0.3111111111111111,0.0,0.0,0.0,0.0,1
1.04,1.04,0.0,0.0,2.0,232.40350877192984,254.43859649122805,108.27192982456141,130.30701754385962,0.08448753462603878,0.0,0.0,0.0,0.0,0.3,0.0,0.0,0.3111111111111111,0.0,0.0,0.0,0.0,1
1.04,1.04,0.0,0.0,2.0,232.40350877192984,254.43859649122805,108.27192982456141,130.30701754385962,0.08448753462603878,0.0,0.0,0.0,0.0,0.3,0.0,0.0,0.3111111111111111,0.0,0.0,0.0,0.0,1
1.0416666666666667,0.7916666666666666,0.5,0.16666666666666666,1.0,193.96396396396395,187.23423423423424,96.39639639639638,89.66666666666667,0.22901849217638692,0.08653846153846154,0.15384615384615385,0.3076923076923077,0.0,0.225,0.15625,0.34375,0.3,0.0,0.0,0.0,0.0,0
1.0416666666666667,0.7916666666666666,0.5,0.16666666666666666,1.0,193.96396396396395,187.23423423423424,96.39639639639638,89.66666666666667,0.22901849217638692,0.08653846153846154,0.15384615384615385,0.3076923076923077,0.0,0.225,0.15625,0.34375,0.3,0.0,0.0,0.0,0.0,0
1.0416666666666667,1.0,0.0,0.16666666666666666,1.0,231.18918918918916,233.99099099099098,135.05405405405403,137.85585585585585,0.12375533428165007,0.0,0.0,0.11538461538461539,0.0,0.15,0.09375,0.0,0.175,0.1875,0.0,0.16923076923076924,0.028846153846153848,1
1.0416666666666667,1.0,0.0,0.16666666666666666,1.0,231.18918918918916,233.99099099099098,135.05405405405403,137.85585585585585,0.12375533428165007,0.0,0.0,0.11538461538461539,0.0,0.15,0.09375,0.0,0.175,0.1875,0.0,0.16923076923076924,0.028846153846153848,1
1.0416666666666667,1.0,0.0,0.16666666666666666,1.0,231.18918918918916,233.99099099099098,135.05405405405403,137.85585585585585,0.12375533428165007,0.0,0.0,0.11538461538461539,0.0,0.15,0.09375,0.0,0.175,0.1875,0.0,0.16923076923076924,0.028846153846153848,1
1.0416666666666667,1.0,0.0,0.16666666666666666,1.0,231.18918918918916,233.99099099099098,135.05405405405403,137.85585585585585,0.12375533428165007,0.0,0.0,0.11538461538461539,0.0,0.15,0.09375,0.0,0.175,0.1875,0.0,0.16923076923076924,0.028846153846153848,1
0.9583333333333334,0.9166666666666666,0.6666666666666666,0.16666666666666666,1.0,228.6036036036036,168.48648648648648,135.95495495495496,75.83783783783784,0.22759601706970128,0.0,0.3076923076923077,0.3557692307692308,0.078125,0.2,0.015625,0.125,0.275,0.375,0.0,0.0,0.0,0
0.9583333333333334,0.9166666666666666,0.6666666666666666,0.16666666666666666,1.0,228.6036036036036,168.48648648648648,135.95495495495496,75.83783783783784,0.22759601706970128,0.0,0.3076923076923077,0.3557692307692308,0.078125,0.2,0.015625,0.125,0.275,0.375,0.0,0.0,0.0,0
0.9583333333333334,0.9166666666666666,0.6666666666666666,0.16666666666666666,1.0,228.6036036036036,168.48648648648648,135.95495495495496,75.83783783783784,0.22759601706970128,0.0,0.3076923076923077,0.3557692307692308,0.078125,0.2,0.015625,0.125,0.275,0.375,0.0,0.0,0.0,0
1.0416666666666667,0.9166666666666666,0.0,0.6666666666666666,1.0,194.35135135135135,154.8918918918919,78.67567567567568,39.216216216216225,0.2759601706970128,0.038461538461538464,0.0,0.0,0.03125,0.275,0.234375,0.3125,0.45,0.25,0.009615384615384616,0.12307692307692308,0.25961538461538464,0
1.0416666666666667,0.9166666666666666,0.0,0.6666666666666666,1.0,194.35135135135135,154.8918918918919,78.67567567567568,39.216216216216225,0.2759601706970128,0.038461538461538464,0.0,0.0,0.03125,0.275,0.234375,0.3125,0.45,0.25,0.009615384615384616,0.12307692307692308,0.25961538461538464,0
1.0416666666666667,0.9166666666666666,0.0,0.6666666666666666,1.0,194.35135135135135,154.8918918918919,78.67567567567568,39.216216216216225,0.2759601706970128,0.038461538461538464,0.0,0.0,0.03125,0.275,0.234375,0.3125,0.45,0.25,0.009615384615384616,0.12307692307692308,0.25961538461538464,0
1.0416666666666667,0.9166666666666666,0.0,0.6666666666666666,1.0,194.35135135135135,154.8918918918919,78.67567567567568,39.216216216216225,0.2759601706970128,0.038461538461538464,0.0,0.0,0.03125,0.275,0.234375,0.3125,0.45,0.25,0.009615384615384616,0.12307692307692308,0.25961538461538464,0
1.0416666666666667,0.9166666666666666,0.0,0.6666666666666666,1.0,194.35135135135135,154.8918918918919,78.67567567567568,39.216216216216225,0.2759601706970128,0.038461538461538464,0.0,0.0,0.03125,0.275,0.234375,0.3125,0.45,0.25,0.009615384615384616,0.12307692307692308,0.25961538461538464,0
1.0416666666666667,1.0416666666666667,0.0,0.16666666666666666,1.0,229.9009009009009,235.018018018018,131.6036036036036,136.72072072072072,0.09388335704125178,0.0,0.0,0.0,0.0,0.2,0.0,0.0,0.15,0.0,0.0,0.0,0.10576923076923077,1
1.0416666666666667,1.0416666666666667,0.0,0.16666666666666666,1.0,229.9009009009009,235.018018018018,131.6036036036036,136.72072072072072,0.09388335704125178,0.0,0.0,0.0,0.0,0.2,0.0,0.0,0.15,0.0,0.0,0.0,0.10576923076923077,1
1.0416666666666667,1.0416666666666667,0.0,0.16666666666666666,1.0,229.9009009009009,235.018018018018,131.6036036036036,136.72072072072072,0.09388335704125178,0.0,0.0,0.0,0.0,0.2,0.0,0.0,0.15,0.0,0.0,0.0,0.10576923076923077,1
1.0416666666666667,1.0416666666666667,0.0,0.16666666666666666,1.0,229.9009009009009,235.018018018018,131.6036036036036,136.72072072072072,0.09388335704125178,0.0,0.0,0.0,0.0,0.2,0.0,0.0,0.15,0.0,0.0,0.0,0.10576923076923077,1
1.0416666666666667,1.0,0.0,0.3333333333333333,2.0,223.23423423423424,254.21621621621622,135.5045045045045,166.4864864864865,0.10241820768136557,0.0,0.0,0.0,0.09375,0.275,0.0,0.0,0.275,0.0,0.0,0.0,0.0,1
1.0416666666666667,1.0,0.0,0.3333333333333333,2.0,223.23423423423424,254.21621621621622,135.5045045045045,166.4864864864865,0.10241820768136557,0.0,0.0,0.0,0.09375,0.275,0.0,0.0,0.275,0.0,0.0,0.0,0.0,1
1.0416666666666667,1.0,0.0,0.3333333333333333,2.0,223.23423423423424,254.21621621621622,135.5045045045045,166.4864864864865,0.10241820768136557,0.0,0.0,0.0,0.09375,0.275,0.0,0.0,0.275,0.0,0.0,0.0,0.0,1
1.0416666666666667,1.0416666666666667,0.5833333333333334,0.0,2.0,146.7297297297297,139.78378378378378,69.75675675675674,62.81081081081081,0.41536273115220484,0.14423076923076922,0.24615384615384617,0.25961538461538464,0.28125,0.35,0.046875,0.7109375,0.7,0.59375,0.0,0.0,0.0,0
1.0416666666666667,1.0416666666666667,0.5833333333333334,0.0,2.0,146.7297297297297,139.78378378378378,69.75675675675674,62.81081081081081,0.41536273115220484,0.14423076923076922,0.24615384615384617,0.25961538461538464,0.28125,0.35,0.046875,0.7109375,0.7,0.59375,0.0,0.0,0.0,0
1.0416666666666667,1.0416666666666667,0.5833333333333334,0.0,2.0,146.7297297297297,139.78378378378378,69.75675675675674,62.81081081081081,0.41536273115220484,0.14423076923076922,0.24615384615384617,0.25961538461538464,0.28125,0.35,0.046875,0.7109375,0.7,0.59375,0.0,0.0,0.0,0
1.0416666666666667,1.0416666666666667,0.5833333333333334,0.0,2.0,146.7297297297297,139.78378378378378,69.75675675675674,62.81081081081081,0.41536273115220484,0.14423076923076922,0.24615384615384617,0.25961538461538464,0.28125,0.35,0.046875,0.7109375,0.7,0.59375,0.0,0.0,0.0,0
1.0416666666666667,1.0416666666666667,0.5833333333333334,0.0,2.0,146.7297297297297,139.78378378378378,69.75675675675674,62.81081081081081,0.41536273115220484,0.14423076923076922,0.24615384615384617,0.25961538461538464,0.28125,0.35,0.046875,0.7109375,0.7,0.59375,0.0,0.0,0.0,0
1.0,1.0,0.16666666666666666,0.0,1.0,223.55855855855853,227.03603603603605,137.26126126126124,140.73873873873876,0.15789473684210525,0.0,0.0,0.09615384615384616,0.2265625,0.375,0.21875,0.03125,0.2,0.171875,0.0,0.0,0.15384615384615385,1
1.0,1.0,0.16666666666666666,0.0,1.0,223.55855855855853,227.03603603603605,137.26126126126124,140.73873873873876,0.15789473684210525,0.0,0.0,0.09615384615384616,0.2265625,0.375,0.21875,0.03125,0.2,0.171875,0.0,0.0,0.15384615384615385,1
1.0,1.0,0.16666666666666666,0.0,1.0,223.55855855855853,227.03603603603605,137.26126126126124,140.73873873873876,0.15789473684210525,0.0,0.0,0.09615384615384616,0.2265625,0.375,0.21875,0.03125,0.2,0.171875,0.0,0.0,0.15384615384615385,1
1.0,1.0,0.16666666666666666,0.0,2.0,228.08108108108107,233.43243243243242,132.02702702702703,137.3783783783784,0.13940256045519203,0.11538461538461539,0.0,0.14423076923076922,0.0078125,0.35,0.1171875,0.0390625,0.3375,0.2578125,0.0,0.0,0.0,1
1.0,1.0,0.16666666666666666,0.0,2.0,228.08108108108107,233.43243243243242,132.02702702702703,137.3783783783784,0.13940256045519203,0.11538461538461539,0.0,0.14423076923076922,0.0078125,0.35,0.1171875,0.0390625,0.3375,0.2578125,0.0,0.0,0.0,1
1.0,1.0,0.16666666666666666,0.0,2.0,228.08108108108107,233.43243243243242,132.02702702702703,137.3783783783784,0.13940256045519203,0.11538461538461539,0.0,0.14423076923076922,0.0078125,0.35,0.1171875,0.0390625,0.3375,0.2578125,0.0,0.0,0.0,1
0.9166666666666666,0.75,0.16666666666666666,0.0,6.0,154.6846846846847,217.3243243243243,29.414414414414424,92.05405405405402,0.25604551920341395,0.46153846153846156,0.24615384615384617,0.33653846153846156,0.484375,0.4,0.1171875,0.515625,0.35,0.0234375,0.0,0.0,0.0,0
0.9166666666666666,0.75,0.16666666666666666,0.0,6.0,154.6846846846847,217.3243243243243,29.414414414414424,92.05405405405402,0.25604551920341395,0.46153846153846156,0.24615384615384617,0.33653846153846156,0.484375,0.4,0.1171875,0.515625,0.35,0.0234375,0.0,0.0,0.0,0
0.9166666666666666,0.75,0.16666666666666666,0.0,6.0,154.6846846846847,217.3243243243243,29.414414414414424,92.05405405405402,0.25604551920341395,0.46153846153846156,0.24615384615384617,0.33653846153846156,0.484375,0.4,0.1171875,0.515625,0.35,0.0234375,0.0,0.0,0.0,0
1.0416666666666667,1.0,0.5,0.0,6.0,226.2972972972973,127.27927927927927,146.7027027027027,47.68468468468467,0.29445234708392604,0.20192307692307693,0.3076923076923077,0.3173076923076923,0.125,0.4375,0.2578125,0.0078125,0.475,0.703125,0.0,0.0,0.0,0
1.0416666666666667,1.0,0.5,0.0,6.0,226.2972972972973,127.27927927927927,146.7027027027027,47.68468468468467,0.29445234708392604,0.20192307692307693,0.3076923076923077,0.3173076923076923,0.125,0.4375,0.2578125,0.0078125,0.475,0.703125,0.0,0.0,0.0,0
1.0416666666666667,1.0,0.5,0.0,6.0,226.2972972972973,127.27927927927927,146.7027027027027,47.68468468468467,0.29445234708392604,0.20192307692307693,0.3076923076923077,0.3173076923076923,0.125,0.4375,0.2578125,0.0078125,0.475,0.703125,0.0,0.0,0.0,0
1.0416666666666667,1.0,0.5,0.0,6.0,226.2972972972973,127.27927927927927,146.7027027027027,47.68468468468467,0.29445234708392604,0.20192307692307693,0.3076923076923077,0.3173076923076923,0.125,0.4375,0.2578125,0.0078125,0.475,0.703125,0.0,0.0,0.0,0
1.0416666666666667,1.0416666666666667,0.6111111111111112,0.1111111111111111,6.0,117.74774774774774,111.10810810810811,19.450450450450447,12.810810810810821,0.5078236130867709,0.2403846153846154,0.13846153846153847,0.17307692307692307,0.2890625,0.525,0.2890625,0.6875,0.7375,0.7578125,0.0,0.0,0.028846153846153848,0
1.0416666666666667,1.0416666666666667,0.6111111111111112,0.1111111111111111,6.0,117.74774774774774,111.10810810810811,19.450450450450447,12.810810810810821,0.5078236130867709,0.2403846153846154,0.13846153846153847,0.17307692307692307,0.2890625,0.525,0.2890625,0.6875,0.7375,0.7578125,0.0,0.0,0.028846153846153848,0
1.0416666666666667,1.0416666666666667,0.6111111111111112,0.1111111111111111,6.0,117.74774774774774,111.10810810810811,19.450450450450447,12.810810810810821,0.5078236130867709,0.2403846153846154,0.13846153846153847,0.17307692307692307,0.2890625,0.525,0.2890625,0.6875,0.7375,0.7578125,0.0,0.0,0.028846153846153848,0
1.0416666666666667,1.0416666666666667,0.6111111111111112,0.1111111111111111,6.0,117.74774774774774,111.10810810810811,19.450450450450447,12.810810810810821,0.5078236130867709,0.2403846153846154,0.13846153846153847,0.17307692307692307,0.2890625,0.525,0.2890625,0.6875,0.7375,0.7578125,0.0,0.0,0.028846153846153848,0
1.0416666666666667,1.0416666666666667,0.6111111111111112,0.1111111111111111,6.0,117.74774774774774,111.10810810810811,19.450450450450447,12.810810810810821,0.5078236130867709,0.2403846153846154,0.13846153846153847,0.17307692307692307,0.2890625,0.525,0.2890625,0.6875,0.7375,0.7578125,0.0,0.0,0.028846153846153848,0
1.0,1.0,0.25,0.0,2.0,219.63963963963963,254.21621621621622,127.55855855855854,162.13513513513516,0.1422475106685633,0.0,0.0,0.0,0.40625,0.4625,0.0,0.03125,0.225,0.0,0.0,0.0,0.0,1
1.0,1.0,0.25,0.0,2.0,219.63963963963963,254.21621621621622,127.55855855855854,162.13513513513516,0.1422475106685633,0.0,0.0,0.0,0.40625,0.4625,0.0,0.03125,0.225,0.0,0.0,0.0,0.0,1
1.0,1.0,0.25,0.0,2.0,219.63963963963963,254.21621621621622,127.55855855855854,162.13513513513516,0.1422475106685633,0.0,0.0,0.0,0.40625,0.4625,0.0,0.03125,0.225,0.0,0.0,0.0,0.0,1
1.0,0.96,0.16666666666666666,0.0,1.0,229.5,227.58771929824562,129.89473684210526,127.98245614035088,0.14542936288088643,0.0,0.0,0.0,0.2421875,0.3375,0.0859375,0.11764705882352941,0.27058823529411763,0.16176470588235295,0.0,0.0,0.038461538461538464,1
1.0,0.96,0.16666666666666666,0.0,1.0,229.5,227.58771929824562,129.89473684210526,127.98245614035088,0.14542936288088643,0.0,0.0,0.0,0.2421875,0.3375,0.0859375,0.11764705882352941,0.27058823529411763,0.16176470588235295,0.0,0.0,0.038461538461538464,1
1.0,0.96,0.16666666666666666,0.0,1.0,229.5,227.58771929824562,129.89473684210526,127.98245614035088,0.14542936288088643,0.0,0.0,0.0,0.2421875,0.3375,0.0859375,0.11764705882352941,0.27058823529411763,0.16176470588235295,0.0,0.0,0.038461538461538464,1
1.0,0.96,0.16666666666666666,0.0,1.0,229.5,227.58771929824562,129.89473684210526,127.98245614035088,0.14542936288088643,0.0,0.0,0.0,0.2421875,0.3375,0.0859375,0.11764705882352941,0.27058823529411763,0.16176470588235295,0.0,0.0,0.038461538461538464,1
1.0,1.0,0.16666666666666666,0.0,1.0,225.1052631578947,226.10526315789477,139.9473684210526,140.94736842105266,0.14542936288088643,0.0,0.0,0.028846153846153848,0.2265625,0.275,0.125,0.11029411764705882,0.29411764705882354,0.19852941176470587,0.0,0.0,0.0673076923076923,1
1.0,1.0,0.16666666666666666,0.0,1.0,225.1052631578947,226.10526315789477,139.9473684210526,140.94736842105266,0.14542936288088643,0.0,0.0,0.028846153846153848,0.2265625,0.275,0.125,0.11029411764705882,0.29411764705882354,0.19852941176470587,0.0,0.0,0.0673076923076923,1
1.0,1.0,0.16666666666666666,0.0,1.0,225.1052631578947,226.10526315789477,139.9473684210526,140.94736842105266,0.14542936288088643,0.0,0.0,0.028846153846153848,0.2265625,0.275,0.125,0.11029411764705882,0.29411764705882354,0.19852941176470587,0.0,0.0,0.0673076923076923,1
1.0,1.0,0.16666666666666666,0.0,1.0,235.40350877192984,254.23684210526315,145.77192982456143,164.60526315789474,0.05263157894736842,0.21153846153846154,0.0,0.0,0.0390625,0.225,0.0,0.0,0.18823529411764706,0.0,0.0,0.0,0.0,1
1.0,1.0,0.16666666666666666,0.0,1.0,235.40350877192984,254.23684210526315,145.77192982456143,164.60526315789474,0.05263157894736842,0.21153846153846154,0.0,0.0,0.0390625,0.225,0.0,0.0,0.18823529411764706,0.0,0.0,0.0,0.0,1
1.04,0.88,0.8333333333333334,0.3333333333333333,1.0,226.47368421052633,113.01754385964914,136.71052631578948,23.254385964912302,0.31301939058171746,0.0,0.2,0.3269230769230769,0.0,0.3111111111111111,0.18055555555555555,0.0,0.5,0.828125,0.0,0.0,0.0,0
1.04,0.88,0.8333333333333334,0.3333333333333333,1.0,226.47368421052633,113.01754385964914,136.71052631578948,23.254385964912302,0.31301939058171746,0.0,0.2,0.3269230769230769,0.0,0.3111111111111111,0.18055555555555555,0.0,0.5,0.828125,0.0,0.0,0.0,0
1.04,0.88,0.8333333333333334,0.3333333333333333,1.0,226.47368421052633,113.01754385964914,136.71052631578948,23.254385964912302,0.31301939058171746,0.0,0.2,0.3269230769230769,0.0,0.3111111111111111,0.18055555555555555,0.0,0.5,0.828125,0.0,0.0,0.0,0
1.04,0.88,0.8333333333333334,0.3333333333333333,1.0,226.47368421052633,113.01754385964914,136.71052631578948,23.254385964912302,0.31301939058171746,0.0,0.2,0.3269230769230769,0.0,0.3111111111111111,0.18055555555555555,0.0,0.5,0.828125,0.0,0.0,0.0,0
1.0,1.0,0.5833333333333334,0.0,2.0,162.14912280701756,217.26315789473685,87.57017543859651,142.68421052631578,0.2756232686980609,0.3269230769230769,0.35384615384615387,0.36538461538461536,0.3194444444444444,0.3333333333333333,0.1111111111111111,0.75,0.525,0.046875,0.0,0.0,0.0,0
1.0,1.0,0.5833333333333334,0.0,2.0,162.14912280701756,217.26315789473685,87.57017543859651,142.68421052631578,0.2756232686980609,0.3269230769230769,0.35384615384615387,0.36538461538461536,0.3194444444444444,0.3333333333333333,0.1111111111111111,0.75,0.525,0.046875,0.0,0.0,0.0,0
1.0,1.0,0.5833333333333334,0.0,2.0,162.14912280701756,217.26315789473685,87.57017543859651,142.68421052631578,0.2756232686980609,0.3269230769230769,0.35384615384615387,0.36538461538461536,0.3194444444444444,0.3333333333333333,0.1111111111111111,0.75,0.525,0.046875,0.0,0.0,0.0,0
1.04,0.8,0.19444444444444445,0.3333333333333333,6.0,123.19298245614034,112.77192982456141,20.982456140350862,10.561403508771932,0.4556786703601108,0.15384615384615385,0.015384615384615385,0.038461538461538464,0.2777777777777778,0.3111111111111111,0.2361111111111111,0.734375,0.75,0.6875,0.0,0.0,0.11538461538461539,0
1.04,0.8,0.19444444444444445,0.3333333333333333,6.0,123.19298245614034,112.77192982456141,20.982456140350862,10.561403508771932,0.4556786703601108,0.15384615384615385,0.015384615384615385,0.038461538461538464,0.2777777777777778,0.3111111111111111,0.2361111111111111,0.734375,0.75,0.6875,0.0,0.0,0.11538461538461539,0
1.04,0.8,0.19444444444444445,0.3333333333333333,6.0,123.19298245614034,112.77192982456141,20.982456140350862,10.561403508771932,0.4556786703601108,0.15384615384615385,0.015384615384615385,0.038461538461538464,0.2777777777777778,0.3111111111111111,0.2361111111111111,0.734375,0.75,0.6875,0.0,0.0,0.11538461538461539,0
1.04,0.8,0.19444444444444445,0.3333333333333333,6.0,123.19298245614034,112.77192982456141,20.982456140350862,10.561403508771932,0.4556786703601108,0.15384615384615385,0.015384615384615385,0.038461538461538464,0.2777777777777778,0.3111111111111111,0.2361111111111111,0.734375,0.75,0.6875,0.0,0.0,0.11538461538461539,0
1.04,0.8,0.19444444444444445,0.3333333333333333,6.0,123.19298245614034,112.77192982456141,20.982456140350862,10.561403508771932,0.4556786703601108,0.15384615384615385,0.015384615384615385,0.038461538461538464,0.2777777777777778,0.3111111111111111,0.2361111111111111,0.734375,0.75,0.6875,0.0,0.0,0.11538461538461539,0
1.0,1.0,0.0,0.0,2.0,223.1052631578947,225.1239316239316,108.21052631578945,110.22919478182635,0.21052631578947367,0.0,0.0,0.0,0.2,0.38,0.1625,0.0,0.425,0.171875,0.0,0.0,0.14423076923076922,1
1.0416666666666667,1.0416666666666667,0.0,0.0,2.0,223.1052631578947,225.1239316239316,108.21052631578945,110.22919478182635,0.21621621621621623,0.0,0.0,0.0,0.2222222222222222,0.4222222222222222,0.18055555555555555,0.0,0.37142857142857144,0.125,0.0,0.0,0.14423076923076922,1
1.0,1.0,0.0,0.0,2.0,223.1052631578947,225.1239316239316,108.21052631578945,110.22919478182635,0.21191135734072022,0.0,0.0,0.0,0.2222222222222222,0.4222222222222222,0.18055555555555555,0.0,0.325,0.125,0.0,0.0,0.1346153846153846,1
1.0,1.0,0.0,0.0,2.0,223.1052631578947,225.1239316239316,108.21052631578945,110.22919478182635,0.21191135734072022,0.0,0.0,0.0,0.2222222222222222,0.4222222222222222,0.18055555555555555,0.0,0.325,0.125,0.0,0.0,0.1346153846153846,1
1.04,0.76,0.42857142857142855,0.0,7.0,219.97368421052633,124.53508771929825,136.15789473684214,40.71929824561404,0.35318559556786705,0.07692307692307693,0.15384615384615385,0.3942307692307692,0.25,0.28888888888888886,0.2361111111111111,0.0,0.6,0.75,0.0,0.0,0.0,0
1.04,0.76,0.42857142857142855,0.0,7.0,219.97368421052633,124.53508771929825,136.15789473684214,40.71929824561404,0.35318559556786705,0.07692307692307693,0.15384615384615385,0.3942307692307692,0.25,0.28888888888888886,0.2361111111111111,0.0,0.6,0.75,0.0,0.0,0.0,0
1.04,0.76,0.42857142857142855,0.0,7.0,219.97368421052633,124.53508771929825,136.15789473684214,40.71929824561404,0.35318559556786705,0.07692307692307693,0.15384615384615385,0.3942307692307692,0.25,0.28888888888888886,0.2361111111111111,0.0,0.6,0.75,0.0,0.0,0.0,0
1.04,0.76,0.42857142857142855,0.0,7.0,219.97368421052633,124.53508771929825,136.15789473684214,40.71929824561404,0.35318559556786705,0.07692307692307693,0.15384615384615385,0.3942307692307692,0.25,0.28888888888888886,0.2361111111111111,0.0,0.6,0.75,0.0,0.0,0.0,0
1.04,0.76,0.42857142857142855,0.0,7.0,219.97368421052633,124.53508771929825,136.15789473684214,40.71929824561404,0.35318559556786705,0.07692307692307693,0.15384615384615385,0.3942307692307692,0.25,0.28888888888888886,0.2361111111111111,0.0,0.6,0.75,0.0,0.0,0.0,0
1.04,0.72,0.6666666666666666,0.0,1.0,136.37719298245614,122.4122807017544,50.40350877192982,36.43859649122808,0.46537396121883656,0.40384615384615385,0.3384615384615385,0.5192307692307693,0.3333333333333333,0.4222222222222222,0.2916666666666667,0.75,0.75,0.75,0.0,0.0,0.0,0
1.04,0.72,0.6666666666666666,0.0,1.0,136.37719298245614,122.4122807017544,50.40350877192982,36.43859649122808,0.46537396121883656,0.40384615384615385,0.3384615384615385,0.5192307692307693,0.3333333333333333,0.4222222222222222,0.2916666666666667,0.75,0.75,0.75,0.0,0.0,0.0,0
1.04,0.72,0.6666666666666666,0.0,1.0,136.37719298245614,122.4122807017544,50.40350877192982,36.43859649122808,0.46537396121883656,0.40384615384615385,0.3384615384615385,0.5192307692307693,0.3333333333333333,0.4222222222222222,0.2916666666666667,0.75,0.75,0.75,0.0,0.0,0.0,0
1.04,0.72,0.6666666666666666,0.0,1.0,136.37719298245614,122.4122807017544,50.40350877192982,36.43859649122808,0.46537396121883656,0.40384615384615385,0.3384615384615385,0.5192307692307693,0.3333333333333333,0.4222222222222222,0.2916666666666667,0.75,0.75,0.75,0.0,0.0,0.0,0
1.04,0.72,0.6666666666666666,0.0,1.0,136.37719298245614,122.4122807017544,50.40350877192982,36.43859649122808,0.46537396121883656,0.40384615384615385,0.3384615384615385,0.5192307692307693,0.3333333333333333,0.4222222222222222,0.2916666666666667,0.75,0.75,0.75,0.0,0.0,0.0,0
1.0,1.0,0.0,0.0,1.0,234.07894736842104,233.94736842105263,130.68421052631578,130.55263157894737,0.0997229916897507,0.2980769230769231,0.0,0.057692307692307696,0.0,0.17777777777777778,0.027777777777777776,0.0,0.175,0.0,0.0,0.0,0.0,1
1.0,1.0,0.0,0.0,1.0,234.07894736842104,233.94736842105263,130.68421052631578,130.55263157894737,0.0997229916897507,0.2980769230769231,0.0,0.057692307692307696,0.0,0.17777777777777778,0.027777777777777776,0.0,0.175,0.0,0.0,0.0,0.0,1
1.0,1.0,0.0,0.0,1.0,234.07894736842104,233.94736842105263,130.68421052631578,130.55263157894737,0.0997229916897507,0.2980769230769231,0.0,0.057692307692307696,0.0,0.17777777777777778,0.027777777777777776,0.0,0.175,0.0,0.0,0.0,0.0,1
1.0,1.0,0.0,0.0,1.0,234.07894736842104,233.94736842105263,130.68421052631578,130.55263157894737,0.0997229916897507,0.2980769230769231,0.0,0.057692307692307696,0.0,0.17777777777777778,0.027777777777777776,0.0,0.175,0.0,0.0,0.0,0.0,1
0.88,0.8,0.19444444444444445,0.0,6.0,161.98245614035088,163.74561403508775,70.98245614035088,72.74561403508775,0.34349030470914127,0.40384615384615385,0.5076923076923077,0.36538461538461536,0.3333333333333333,0.4666666666666667,0.3333333333333333,0.375,0.375,0.375,0.0,0.0,0.0,0
0.88,0.8,0.19444444444444445,0.0,6.0,161.98245614035088,163.74561403508775,70.98245614035088,72.74561403508775,0.34349030470914127,0.40384615384615385,0.5076923076923077,0.36538461538461536,0.3333333333333333,0.4666666666666667,0.3333333333333333,0.375,0.375,0.375,0.0,0.0,0.0,0
0.88,0.8,0.19444444444444445,0.0,6.0,161.98245614035088,163.74561403508775,70.98245614035088,72.74561403508775,0.34349030470914127,0.40384615384615385,0.5076923076923077,0.36538461538461536,0.3333333333333333,0.4666666666666667,0.3333333333333333,0.375,0.375,0.375,0.0,0.0,0.0,0
0.88,0.8,0.19444444444444445,0.0,6.0,161.98245614035088,163.74561403508775,70.98245614035088,72.74561403508775,0.34349030470914127,0.40384615384615385,0.5076923076923077,0.36538461538461536,0.3333333333333333,0.4666666666666667,0.3333333333333333,0.375,0.375,0.375,0.0,0.0,0.0,0
0.88,0.8,0.19444444444444445,0.0,6.0,161.98245614035088,163.74561403508775,70.98245614035088,72.74561403508775,0.34349030470914127,0.40384615384615385,0.5076923076923077,0.36538461538461536,0.3333333333333333,0.4666666666666667,0.3333333333333333,0.375,0.375,0.375,0.0,0.0,0.0,0
1.04,0.76,0.16666666666666666,0.0,6.0,230.67678812415656,123.08771929824563,140.80836707152497,33.219298245614056,0.31994459833795014,0.14423076923076922,0.06153846153846154,0.20192307692307693,0.2222222222222222,0.4444444444444444,0.3888888888888889,0.109375,0.625,0.75,0.0,0.0,0.0,0
1.04,0.76,0.16666666666666666,0.0,6.0,230.67678812415656,123.08771929824563,140.80836707152497,33.219298245614056,0.31994459833795014,0.14423076923076922,0.06153846153846154,0.20192307692307693,0.2222222222222222,0.4444444444444444,0.3888888888888889,0.109375,0.625,0.75,0.0,0.0,0.0,0
1.04,0.76,0.16666666666666666,0.0,6.0,230.67678812415656,123.08771929824563,140.80836707152497,33.219298245614056,0.31994459833795014,0.14423076923076922,0.06153846153846154,0.20192307692307693,0.2222222222222222,0.4444444444444444,0.3888888888888889,0.109375,0.625,0.75,0.0,0.0,0.0,0
1.04,0.76,0.16666666666666666,0.0,6.0,230.67678812415656,123.08771929824563,140.80836707152497,33.219298245614056,0.31994459833795014,0.14423076923076922,0.06153846153846154,0.20192307692307693,0.2222222222222222,0.4444444444444444,0.3888888888888889,0.109375,0.625,0.75,0.0,0.0,0.0,0
1.04,0.76,0.21428571428571427,0.0,7.0,230.67678812415656,123.08771929824563,140.80836707152497,33.219298245614056,0.3171745152354571,0.18269230769230768,0.1076923076923077,0.22115384615384615,0.1875,0.5,0.34375,0.09722222222222222,0.5555555555555556,0.6666666666666666,0.0,0.0,0.0,0
0.84,0.84,0.5,0.16666666666666666,2.5,174.1754385964912,153.7280701754386,86.38596491228068,65.93859649122808,0.36426592797783935,0.0,0.35384615384615387,0.625,0.125,0.45,0.453125,0.2777777777777778,0.26666666666666666,0.3611111111111111,0.0,0.0,0.0,0
0.84,0.84,0.5,0.16666666666666666,2.5,174.1754385964912,153.7280701754386,86.38596491228068,65.93859649122808,0.36426592797783935,0.0,0.35384615384615387,0.625,0.125,0.45,0.453125,0.2777777777777778,0.26666666666666666,0.3611111111111111,0.0,0.0,0.0,0
0.84,0.84,0.5,0.16666666666666666,2.5,174.1754385964912,153.7280701754386,86.38596491228068,65.93859649122808,0.36426592797783935,0.0,0.35384615384615387,0.625,0.125,0.45,0.453125,0.2777777777777778,0.26666666666666666,0.3611111111111111,0.0,0.0,0.0,0
1.04,1.0,1.0,0.16666666666666666,1.0,146.78070175438597,177.4298245614035,88.01754385964912,118.66666666666666,0.42105263157894735,0.7596153846153846,0.6615384615384615,0.6057692307692307,0.375,0.5,0.390625,0.16666666666666666,0.3111111111111111,0.25,0.0,0.0,0.0,0
1.04,1.0,1.0,0.16666666666666666,1.0,146.78070175438597,177.4298245614035,88.01754385964912,118.66666666666666,0.42105263157894735,0.7596153846153846,0.6615384615384615,0.6057692307692307,0.375,0.5,0.390625,0.16666666666666666,0.3111111111111111,0.25,0.0,0.0,0.0,0
1.04,1.0,1.0,0.16666666666666666,1.0,146.78070175438597,177.4298245614035,88.01754385964912,118.66666666666666,0.42105263157894735,0.7596153846153846,0.6615384615384615,0.6057692307692307,0.375,0.5,0.390625,0.16666666666666666,0.3111111111111111,0.25,0.0,0.0,0.0,0
0.8,0.72,0.6,0.16666666666666666,5.0,136.6754385964912,195.2995951417004,39.25438596491226,97.87854251012145,0.4168975069252078,0.6057692307692307,0.3230769230769231,0.0,0.390625,0.45,0.28125,0.25,0.28888888888888886,0.4166666666666667,0.0,0.0,0.25,0
0.8,0.72,0.6,0.16666666666666666,5.0,136.6754385964912,195.2995951417004,39.25438596491226,97.87854251012145,0.4168975069252078,0.6057692307692307,0.3230769230769231,0.0,0.390625,0.45,0.28125,0.25,0.28888888888888886,0.4166666666666667,0.0,0.0,0.25,0
0.8,0.72,0.6,0.16666666666666666,5.0,136.6754385964912,195.2995951417004,39.25438596491226,97.87854251012145,0.4168975069252078,0.6057692307692307,0.3230769230769231,0.0,0.390625,0.45,0.28125,0.25,0.28888888888888886,0.4166666666666667,0.0,0.0,0.25,0
1.04,0.88,0.5,0.6666666666666666,1.0,166.76315789473685,139.59649122807016,93.57894736842105,66.41228070175437,0.4182825484764543,0.057692307692307696,0.2923076923076923,0.3557692307692308,0.328125,0.1,0.0,0.5555555555555556,0.6444444444444445,0.5555555555555556,0.18269230769230768,0.12307692307692308,0.04807692307692308,0
1.04,0.88,0.5,0.6666666666666666,1.0,166.76315789473685,139.59649122807016,93.57894736842105,66.41228070175437,0.4182825484764543,0.057692307692307696,0.2923076923076923,0.3557692307692308,0.328125,0.1,0.0,0.5555555555555556,0.6444444444444445,0.5555555555555556,0.18269230769230768,0.12307692307692308,0.04807692307692308,0
1.04,0.88,0.5,0.6666666666666666,1.0,166.76315789473685,139.59649122807016,93.57894736842105,66.41228070175437,0.4182825484764543,0.057692307692307696,0.2923076923076923,0.3557692307692308,0.328125,0.1,0.0,0.5555555555555556,0.6444444444444445,0.5555555555555556,0.18269230769230768,0.12307692307692308,0.04807692307692308,0
1.04,0.88,0.5,0.6666666666666666,1.0,166.76315789473685,139.59649122807016,93.57894736842105,66.41228070175437,0.4182825484764543,0.057692307692307696,0.2923076923076923,0.3557692307692308,0.328125,0.1,0.0,0.5555555555555556,0.6444444444444445,0.5555555555555556,0.18269230769230768,0.12307692307692308,0.04807692307692308,0
1.04,0.88,0.5,0.6666666666666666,1.0,166.76315789473685,139.59649122807016,93.57894736842105,66.41228070175437,0.4182825484764543,0.057692307692307696,0.2923076923076923,0.3557692307692308,0.328125,0.1,0.0,0.5555555555555556,0.6444444444444445,0.5555555555555556,0.18269230769230768,0.12307692307692308,0.04807692307692308,0
1.04,1.04,0.0,0.0,2.0,221.35087719298244,221.12280701754386,98.5877192982456,98.35964912280703,0.17174515235457063,0.019230769230769232,0.0,0.0,0.078125,0.3,0.0,0.0,0.3111111111111111,0.1388888888888889,0.0,0.0,0.0,1
1.04,1.04,0.0,0.0,2.0,221.35087719298244,221.12280701754386,98.5877192982456,98.35964912280703,0.17174515235457063,0.019230769230769232,0.0,0.0,0.078125,0.3,0.0,0.0,0.3111111111111111,0.1388888888888889,0.0,0.0,0.0,1
1.04,1.04,0.0,0.0,2.0,221.35087719298244,221.12280701754386,98.5877192982456,98.35964912280703,0.17174515235457063,0.019230769230769232,0.0,0.0,0.078125,0.3,0.0,0.0,0.3111111111111111,0.1388888888888889,0.0,0.0,0.0,1
1.04,1.04,0.0,0.0,2.0,221.35087719298244,221.12280701754386,98.5877192982456,98.35964912280703,0.17174515235457063,0.019230769230769232,0.0,0.0,0.078125,0.3,0.0,0.0,0.3111111111111111,0.1388888888888889,0.0,0.0,0.0,1
1.04,0.88,1.0,0.6666666666666666,1.0,153.92105263157893,149.80701754385964,110.34210526315788,106.22807017543859,0.45429362880886426,0.019230769230769232,0.3384615384615385,0.3269230769230769,0.296875,0.2,0.015625,0.5555555555555556,0.6666666666666666,0.6805555555555556,0.23076923076923078,0.15384615384615385,0.0673076923076923,0
1.04,0.88,1.0,0.6666666666666666,1.0,153.92105263157893,149.80701754385964,110.34210526315788,106.22807017543859,0.45429362880886426,0.019230769230769232,0.3384615384615385,0.3269230769230769,0.296875,0.2,0.015625,0.5555555555555556,0.6666666666666666,0.6805555555555556,0.23076923076923078,0.15384615384615385,0.0673076923076923,0
1.04,0.88,1.0,0.6666666666666666,1.0,153.92105263157893,149.80701754385964,110.34210526315788,106.22807017543859,0.45429362880886426,0.019230769230769232,0.3384615384615385,0.3269230769230769,0.296875,0.2,0.015625,0.5555555555555556,0.6666666666666666,0.6805555555555556,0.23076923076923078,0.15384615384615385,0.0673076923076923,0
1.04,1.0,0.0,0.0,1.0,224.8245614035088,227.66666666666666,90.64035087719301,93.48245614035088,0.10803324099722991,0.019230769230769232,0.0,0.0,0.125,0.15,0.0,0.0,0.15555555555555556,0.06944444444444445,0.0,0.0,0.0,1
1.04,1.0,0.0,0.0,1.0,224.8245614035088,227.66666666666666,90.64035087719301,93.48245614035088,0.10803324099722991,0.019230769230769232,0.0,0.0,0.125,0.15,0.0,0.0,0.15555555555555556,0.06944444444444445,0.0,0.0,0.0,1
1.04,1.0,0.0,0.0,1.0,224.8245614035088,227.66666666666666,90.64035087719301,93.48245614035088,0.10803324099722991,0.019230769230769232,0.0,0.0,0.125,0.15,0.0,0.0,0.15555555555555556,0.06944444444444445,0.0,0.0,0.0,1
1.04,1.0,0.0,0.0,1.0,224.8245614035088,227.66666666666666,90.64035087719301,93.48245614035088,0.10803324099722991,0.019230769230769232,0.0,0.0,0.125,0.15,0.0,0.0,0.15555555555555556,0.06944444444444445,0.0,0.0,0.0,1
1.04,1.04,0.0,0.0,1.0,223.7280701754386,254.3684210526316,129.859649122807,160.5,0.11357340720221606,0.0,0.0,0.0,0.234375,0.175,0.0,0.0,0.24444444444444444,0.0,0.0,0.0,0.0,1
1.04,1.04,0.0,0.0,1.0,223.7280701754386,254.3684210526316,129.859649122807,160.5,0.11357340720221606,0.0,0.0,0.0,0.234375,0.175,0.0,0.0,0.24444444444444444,0.0,0.0,0.0,0.0,1
1.04,1.04,0.0,0.0,1.0,223.7280701754386,254.3684210526316,129.859649122807,160.5,0.11357340720221606,0.0,0.0,0.0,0.234375,0.175,0.0,0.0,0.24444444444444444,0.0,0.0,0.0,0.0,1
1.04,1.04,0.0,0.0,1.0,223.7280701754386,254.3684210526316,129.859649122807,160.5,0.11357340720221606,0.0,0.0,0.0,0.234375,0.175,0.0,0.0,0.24444444444444444,0.0,0.0,0.0,0.0,1
0.96,0.92,0.2619047619047619,0.16666666666666666,7.0,151.80701754385964,146.21929824561403,46.8859649122807,41.29824561403508,0.4168975069252078,0.38461538461538464,0.4153846153846154,0.4230769230769231,0.046875,0.325,0.21875,0.5972222222222222,0.6666666666666666,0.5416666666666666,0.0,0.0,0.0,0
0.96,0.92,0.2619047619047619,0.16666666666666666,7.0,151.80701754385964,146.21929824561403,46.8859649122807,41.29824561403508,0.4168975069252078,0.38461538461538464,0.4153846153846154,0.4230769230769231,0.046875,0.325,0.21875,0.5972222222222222,0.6666666666666666,0.5416666666666666,0.0,0.0,0.0,0
0.96,0.92,0.2619047619047619,0.16666666666666666,7.0,151.80701754385964,146.21929824561403,46.8859649122807,41.29824561403508,0.4168975069252078,0.38461538461538464,0.4153846153846154,0.4230769230769231,0.046875,0.325,0.21875,0.5972222222222222,0.6666666666666666,0.5416666666666666,0.0,0.0,0.0,0
0.96,0.92,0.2619047619047619,0.16666666666666666,7.0,151.80701754385964,146.21929824561403,46.8859649122807,41.29824561403508,0.4168975069252078,0.38461538461538464,0.4153846153846154,0.4230769230769231,0.046875,0.325,0.21875,0.5972222222222222,0.6666666666666666,0.5416666666666666,0.0,0.0,0.0,0
0.96,0.92,0.2619047619047619,0.16666666666666666,7.0,151.80701754385964,146.21929824561403,46.8859649122807,41.29824561403508,0.4168975069252078,0.38461538461538464,0.4153846153846154,0.4230769230769231,0.046875,0.325,0.21875,0.5972222222222222,0.6666666666666666,0.5416666666666666,0.0,0.0,0.0,0
1.04,0.76,0.2222222222222222,0.16666666666666666,3.0,180.8947368421053,117.5701754385965,64.10526315789477,0.7807017543859729,0.33518005540166207,0.17307692307692307,0.07692307692307693,0.21153846153846154,0.03125,0.25,0.15625,0.0,0.4666666666666667,0.6388888888888888,0.0,0.0,0.0,0
1.04,0.76,0.2222222222222222,0.16666666666666666,3.0,180.8947368421053,117.5701754385965,64.10526315789477,0.7807017543859729,0.33518005540166207,0.17307692307692307,0.07692307692307693,0.21153846153846154,0.03125,0.25,0.15625,0.0,0.4666666666666667,0.6388888888888888,0.0,0.0,0.0,0
1.04,0.76,0.2222222222222222,0.16666666666666666,3.0,180.8947368421053,117.5701754385965,64.10526315789477,0.7807017543859729,0.33518005540166207,0.17307692307692307,0.07692307692307693,0.21153846153846154,0.03125,0.25,0.15625,0.0,0.4666666666666667,0.6388888888888888,0.0,0.0,0.0,0
1.04,0.76,0.2222222222222222,0.16666666666666666,3.0,180.8947368421053,117.5701754385965,64.10526315789477,0.7807017543859729,0.33518005540166207,0.17307692307692307,0.07692307692307693,0.21153846153846154,0.03125,0.25,0.15625,0.0,0.4666666666666667,0.6388888888888888,0.0,0.0,0.0,0
1.0,1.0,0.0,0.16666666666666666,1.0,223.69298245614036,229.5701754385965,94.69298245614036,100.5701754385965,0.09418282548476455,0.0,0.0,0.038461538461538464,0.0,0.25,0.03125,0.0,0.2,0.013888888888888888,0.0,0.0,0.0,1
1.0,1.0,0.0,0.16666666666666666,1.0,223.69298245614036,229.5701754385965,94.69298245614036,100.5701754385965,0.09418282548476455,0.0,0.0,0.038461538461538464,0.0,0.25,0.03125,0.0,0.2,0.013888888888888888,0.0,0.0,0.0,1
1.0,1.0,0.0,0.16666666666666666,1.0,223.69298245614036,229.5701754385965,94.69298245614036,100.5701754385965,0.09418282548476455,0.0,0.0,0.038461538461538464,0.0,0.25,0.03125,0.0,0.2,0.013888888888888888,0.0,0.0,0.0,1
1.0,1.0,0.0,0.16666666666666666,1.0,223.69298245614036,229.5701754385965,94.69298245614036,100.5701754385965,0.09418282548476455,0.0,0.0,0.038461538461538464,0.0,0.25,0.03125,0.0,0.2,0.013888888888888888,0.0,0.0,0.0,1
0.96,0.92,0.3333333333333333,0.08333333333333333,2.0,170.07894736842104,176.54385964912282,58.342105263157876,64.80701754385966,0.2742382271468144,0.0,0.26153846153846155,0.2403846153846154,0.0,0.325,0.140625,0.4166666666666667,0.37777777777777777,0.0,0.0,0.3230769230769231,0.14423076923076922,0
0.96,0.92,0.3333333333333333,0.08333333333333333,2.0,170.07894736842104,176.54385964912282,58.342105263157876,64.80701754385966,0.2742382271468144,0.0,0.26153846153846155,0.2403846153846154,0.0,0.325,0.140625,0.4166666666666667,0.37777777777777777,0.0,0.0,0.3230769230769231,0.14423076923076922,0
0.96,0.92,0.3333333333333333,0.08333333333333333,2.0,170.07894736842104,176.54385964912282,58.342105263157876,64.80701754385966,0.2742382271468144,0.0,0.26153846153846155,0.2403846153846154,0.0,0.325,0.140625,0.4166666666666667,0.37777777777777777,0.0,0.0,0.3230769230769231,0.14423076923076922,0
1.04,1.0,0.0,0.0,2.0,228.83333333333334,226.8947368421053,106.4122807017544,104.47368421052634,0.12465373961218837,0.0,0.0,0.08653846153846154,0.0,0.225,0.03125,0.0,0.3333333333333333,0.013888888888888888,0.0,0.0,0.0,1
1.04,1.0,0.0,0.0,2.0,228.83333333333334,226.8947368421053,106.4122807017544,104.47368421052634,0.12465373961218837,0.0,0.0,0.08653846153846154,0.0,0.225,0.03125,0.0,0.3333333333333333,0.013888888888888888,0.0,0.0,0.0,1
1.04,1.0,0.0,0.0,2.0,228.83333333333334,226.8947368421053,106.4122807017544,104.47368421052634,0.12465373961218837,0.0,0.0,0.08653846153846154,0.0,0.225,0.03125,0.0,0.3333333333333333,0.013888888888888888,0.0,0.0,0.0,1
1.04,1.0,0.0,0.0,2.0,228.83333333333334,226.8947368421053,106.4122807017544,104.47368421052634,0.12465373961218837,0.0,0.0,0.08653846153846154,0.0,0.225,0.03125,0.0,0.3333333333333333,0.013888888888888888,0.0,0.0,0.0,1
1.0,0.88,0.16666666666666666,0.0,3.5,184.11403508771932,145.6842105263158,79.92982456140352,41.500000000000014,0.35041551246537395,0.0,0.0,0.0,0.0,0.45,0.75,0.20833333333333334,0.24444444444444444,0.1527777777777778,0.0,0.0,0.25961538461538464,0
1.0,0.88,0.16666666666666666,0.0,3.5,184.11403508771932,145.6842105263158,79.92982456140352,41.500000000000014,0.35041551246537395,0.0,0.0,0.0,0.0,0.45,0.75,0.20833333333333334,0.24444444444444444,0.1527777777777778,0.0,0.0,0.25961538461538464,0
1.0,0.88,0.16666666666666666,0.0,3.5,184.11403508771932,145.6842105263158,79.92982456140352,41.500000000000014,0.35041551246537395,0.0,0.0,0.0,0.0,0.45,0.75,0.20833333333333334,0.24444444444444444,0.1527777777777778,0.0,0.0,0.25961538461538464,0
1.0,0.88,0.16666666666666666,0.0,3.5,184.11403508771932,145.6842105263158,79.92982456140352,41.500000000000014,0.35041551246537395,0.0,0.0,0.0,0.0,0.45,0.75,0.20833333333333334,0.24444444444444444,0.1527777777777778,0.0,0.0,0.25961538461538464,0
1.0,0.88,0.16666666666666666,0.0,3.5,184.11403508771932,145.6842105263158,79.92982456140352,41.500000000000014,0.35041551246537395,0.0,0.0,0.0,0.0,0.45,0.75,0.20833333333333334,0.24444444444444444,0.1527777777777778,0.0,0.0,0.25961538461538464,0
1.04,1.0,0.3333333333333333,0.25,2.0,175.91228070175438,186.1228070175439,90.99122807017544,101.20175438596495,0.23545706371191136,0.0673076923076923,0.18461538461538463,0.04807692307692308,0.0,0.35,0.28125,0.19444444444444445,0.3111111111111111,0.041666666666666664,0.08653846153846154,0.15384615384615385,0.20192307692307693,0
1.04,1.0,0.3333333333333333,0.25,2.0,175.91228070175438,186.1228070175439,90.99122807017544,101.20175438596495,0.23545706371191136,0.0673076923076923,0.18461538461538463,0.04807692307692308,0.0,0.35,0.28125,0.19444444444444445,0.3111111111111111,0.041666666666666664,0.08653846153846154,0.15384615384615385,0.20192307692307693,0
1.04,1.0,0.3333333333333333,0.25,2.0,175.91228070175438,186.1228070175439,90.99122807017544,101.20175438596495,0.23545706371191136,0.0673076923076923,0.18461538461538463,0.04807692307692308,0.0,0.35,0.28125,0.19444444444444445,0.3111111111111111,0.041666666666666664,0.08653846153846154,0.15384615384615385,0.20192307692307693,0
1.04,1.0,0.3333333333333333,0.25,2.0,175.91228070175438,186.1228070175439,90.99122807017544,101.20175438596495,0.23545706371191136,0.0673076923076923,0.18461538461538463,0.04807692307692308,0.0,0.35,0.28125,0.19444444444444445,0.3111111111111111,0.041666666666666664,0.08653846153846154,0.15384615384615385,0.20192307692307693,0
1.04,1.0,0.0,0.08333333333333333,2.0,216.54385964912282,254.37719298245614,105.85964912280703,143.69298245614033,0.09141274238227147,0.0,0.0,0.0,0.0,0.225,0.0,0.0,0.24444444444444444,0.0,0.0,0.0,0.0,1
1.04,1.0,0.0,0.08333333333333333,2.0,216.54385964912282,254.37719298245614,105.85964912280703,143.69298245614033,0.09141274238227147,0.0,0.0,0.0,0.0,0.225,0.0,0.0,0.24444444444444444,0.0,0.0,0.0,0.0,1
1.04,1.0,0.0,0.08333333333333333,2.0,216.54385964912282,254.37719298245614,105.85964912280703,143.69298245614033,0.09141274238227147,0.0,0.0,0.0,0.0,0.225,0.0,0.0,0.24444444444444444,0.0,0.0,0.0,0.0,1
1.04,1.0,0.0,0.08333333333333333,2.0,216.54385964912282,254.37719298245614,105.85964912280703,143.69298245614033,0.09141274238227147,0.0,0.0,0.0,0.0,0.225,0.0,0.0,0.24444444444444444,0.0,0.0,0.0,0.0,1
0.9615384615384616,0.9615384615384616,0.0,0.0,1.0,233.25641025641025,235.0,124.66666666666666,126.41025641025641,0.07827260458839407,0.18269230769230768,0.24615384615384617,0.019230769230769232,0.1111111111111111,0.28888888888888886,0.1388888888888889,0.0,0.24444444444444444,0.05555555555555555,0.0,0.0,0.0,1
0.9615384615384616,0.9615384615384616,0.0,0.0,1.0,233.25641025641025,235.0,124.66666666666666,126.41025641025641,0.07827260458839407,0.18269230769230768,0.24615384615384617,0.019230769230769232,0.1111111111111111,0.28888888888888886,0.1388888888888889,0.0,0.24444444444444444,0.05555555555555555,0.0,0.0,0.0,1
0.9615384615384616,0.9615384615384616,0.0,0.0,1.0,233.25641025641025,235.0,124.66666666666666,126.41025641025641,0.07827260458839407,0.18269230769230768,0.24615384615384617,0.019230769230769232,0.1111111111111111,0.28888888888888886,0.1388888888888889,0.0,0.24444444444444444,0.05555555555555555,0.0,0.0,0.0,1
0.9230769230769231,0.9230769230769231,0.0,0.0,1.0,226.00854700854703,230.0940170940171,81.21367521367523,85.2991452991453,0.10661268556005399,0.0,0.0,0.0,0.09722222222222222,0.2222222222222222,0.1111111111111111,0.0,0.15555555555555556,0.041666666666666664,0.0,0.0,0.0,1
0.9230769230769231,0.9230769230769231,0.0,0.0,1.0,226.00854700854703,230.0940170940171,81.21367521367523,85.2991452991453,0.10661268556005399,0.0,0.0,0.0,0.09722222222222222,0.2222222222222222,0.1111111111111111,0.0,0.15555555555555556,0.041666666666666664,0.0,0.0,0.0,1
0.9230769230769231,0.9230769230769231,0.0,0.0,1.0,226.00854700854703,230.0940170940171,81.21367521367523,85.2991452991453,0.10661268556005399,0.0,0.0,0.0,0.09722222222222222,0.2222222222222222,0.1111111111111111,0.0,0.15555555555555556,0.041666666666666664,0.0,0.0,0.0,1
0.9230769230769231,0.9230769230769231,0.0,0.0,1.0,226.00854700854703,230.0940170940171,81.21367521367523,85.2991452991453,0.10661268556005399,0.0,0.0,0.0,0.09722222222222222,0.2222222222222222,0.1111111111111111,0.0,0.15555555555555556,0.041666666666666664,0.0,0.0,0.0,1
0.9230769230769231,0.9230769230769231,0.0,0.0,2.0,215.67521367521366,224.9145299145299,84.64957264957263,93.88888888888889,0.15519568151147098,0.0,0.0,0.0,0.0,0.28888888888888886,0.0,0.19444444444444445,0.4666666666666667,0.1388888888888889,0.0,0.0,0.019230769230769232,1
0.9230769230769231,0.9230769230769231,0.0,0.0,2.0,215.67521367521366,224.9145299145299,84.64957264957263,93.88888888888889,0.15519568151147098,0.0,0.0,0.0,0.0,0.28888888888888886,0.0,0.19444444444444445,0.4666666666666667,0.1388888888888889,0.0,0.0,0.019230769230769232,1
0.9230769230769231,0.9230769230769231,0.0,0.0,2.0,215.67521367521366,224.9145299145299,84.64957264957263,93.88888888888889,0.15519568151147098,0.0,0.0,0.0,0.0,0.28888888888888886,0.0,0.19444444444444445,0.4666666666666667,0.1388888888888889,0.0,0.0,0.019230769230769232,1
0.9230769230769231,0.9230769230769231,0.0,0.0,2.0,215.67521367521366,224.9145299145299,84.64957264957263,93.88888888888889,0.15519568151147098,0.0,0.0,0.0,0.0,0.28888888888888886,0.0,0.19444444444444445,0.4666666666666667,0.1388888888888889,0.0,0.0,0.019230769230769232,1
0.9615384615384616,0.9615384615384616,0.0,0.0,2.0,223.7692307692308,220.3162393162393,125.71794871794874,122.26495726495723,0.12280701754385964,0.0,0.0,0.20192307692307693,0.0,0.2222222222222222,0.0,0.0,0.24444444444444444,0.0,0.0,0.0,0.14423076923076922,1
0.9615384615384616,0.9615384615384616,0.0,0.0,2.0,223.7692307692308,220.3162393162393,125.71794871794874,122.26495726495723,0.12280701754385964,0.0,0.0,0.20192307692307693,0.0,0.2222222222222222,0.0,0.0,0.24444444444444444,0.0,0.0,0.0,0.14423076923076922,1
0.9615384615384616,0.9615384615384616,0.0,0.0,2.0,223.7692307692308,220.3162393162393,125.71794871794874,122.26495726495723,0.12280701754385964,0.0,0.0,0.20192307692307693,0.0,0.2222222222222222,0.0,0.0,0.24444444444444444,0.0,0.0,0.0,0.14423076923076922,1
0.7692307692307693,0.7307692307692307,0.0,1.0,1.0,218.2136752136752,197.8888888888889,108.75213675213674,88.42735042735045,0.18758434547908232,0.019230769230769232,0.0,0.0,0.1111111111111111,0.26666666666666666,0.4444444444444444,0.0,0.2,0.0,0.4807692307692308,0.5384615384615384,0.11538461538461539,0
0.7692307692307693,0.7307692307692307,0.0,1.0,1.0,218.2136752136752,197.8888888888889,108.75213675213674,88.42735042735045,0.18758434547908232,0.019230769230769232,0.0,0.0,0.1111111111111111,0.26666666666666666,0.4444444444444444,0.0,0.2,0.0,0.4807692307692308,0.5384615384615384,0.11538461538461539,0
0.7692307692307693,0.7307692307692307,0.0,1.0,1.0,218.2136752136752,197.8888888888889,108.75213675213674,88.42735042735045,0.18758434547908232,0.019230769230769232,0.0,0.0,0.1111111111111111,0.26666666666666666,0.4444444444444444,0.0,0.2,0.0,0.4807692307692308,0.5384615384615384,0.11538461538461539,0
0.9615384615384616,0.9615384615384616,0.0,0.0,1.0,231.72649572649573,199.67521367521366,86.64957264957266,54.59829059829059,0.13630229419703105,0.09615384615384616,0.0,0.14423076923076922,0.0,0.15555555555555556,0.027777777777777776,0.0,0.28888888888888886,0.0,0.0,0.0,0.0,1
0.9615384615384616,0.9615384615384616,0.0,0.0,1.0,231.72649572649573,199.67521367521366,86.64957264957266,54.59829059829059,0.13630229419703105,0.09615384615384616,0.0,0.14423076923076922,0.0,0.15555555555555556,0.027777777777777776,0.0,0.28888888888888886,0.0,0.0,0.0,0.0,1
0.9615384615384616,0.9615384615384616,0.0,0.0,1.0,231.72649572649573,199.67521367521366,86.64957264957266,54.59829059829059,0.13630229419703105,0.09615384615384616,0.0,0.14423076923076922,0.0,0.15555555555555556,0.027777777777777776,0.0,0.28888888888888886,0.0,0.0,0.0,0.0,1
0.9615384615384616,0.9615384615384616,0.0,0.0,1.0,231.72649572649573,199.67521367521366,86.64957264957266,54.59829059829059,0.13630229419703105,0.09615384615384616,0.0,0.14423076923076922,0.0,0.15555555555555556,0.027777777777777776,0.0,0.28888888888888886,0.0,0.0,0.0,0.0,1
1.04,1.0,0.0,0.16666666666666666,1.0,233.04385964912282,224.94736842105263,137.0964912280702,129.0,0.0817174515235457,0.0,0.0,0.04807692307692308,0.0,0.15,0.0,0.0,0.15555555555555556,0.0,0.0,0.0,0.0,1
1.04,1.0,0.0,0.16666666666666666,1.0,233.04385964912282,224.94736842105263,137.0964912280702,129.0,0.0817174515235457,0.0,0.0,0.04807692307692308,0.0,0.15,0.0,0.0,0.15555555555555556,0.0,0.0,0.0,0.0,1
1.04,1.0,0.0,0.16666666666666666,1.0,233.04385964912282,224.94736842105263,137.0964912280702,129.0,0.0817174515235457,0.0,0.0,0.04807692307692308,0.0,0.15,0.0,0.0,0.15555555555555556,0.0,0.0,0.0,0.0,1
1.04,1.0,0.0,0.08333333333333333,2.0,226.62280701754386,223.21929824561403,141.3859649122807,137.98245614035085,0.10526315789473684,0.0,0.0,0.0,0.0,0.3,0.0,0.0,0.24444444444444444,0.0,0.0,0.03076923076923077,0.16346153846153846,1
1.04,1.0,0.0,0.08333333333333333,2.0,226.62280701754386,223.21929824561403,141.3859649122807,137.98245614035085,0.10526315789473684,0.0,0.0,0.0,0.0,0.3,0.0,0.0,0.24444444444444444,0.0,0.0,0.03076923076923077,0.16346153846153846,1
1.04,1.0,0.0,0.08333333333333333,2.0,226.62280701754386,223.21929824561403,141.3859649122807,137.98245614035085,0.10526315789473684,0.0,0.0,0.0,0.0,0.3,0.0,0.0,0.24444444444444444,0.0,0.0,0.03076923076923077,0.16346153846153846,1
1.04,1.0,0.0,0.08333333333333333,2.0,226.62280701754386,223.21929824561403,141.3859649122807,137.98245614035085,0.10526315789473684,0.0,0.0,0.0,0.0,0.3,0.0,0.0,0.24444444444444444,0.0,0.0,0.03076923076923077,0.16346153846153846,1
0.88,0.76,0.0,0.6666666666666666,2.0,190.13086770981508,231.2982456140351,76.07823613086771,117.24561403508773,0.1745152354570637,0.0,0.0,0.0,0.375,0.25,0.0,0.0,0.2,0.0,0.34615384615384615,0.5076923076923077,0.009615384615384616,0
0.88,0.76,0.0,0.6666666666666666,2.0,190.13086770981508,231.2982456140351,76.07823613086771,117.24561403508773,0.1745152354570637,0.0,0.0,0.0,0.375,0.25,0.0,0.0,0.2,0.0,0.34615384615384615,0.5076923076923077,0.009615384615384616,0
0.88,0.76,0.0,0.6666666666666666,2.0,190.13086770981508,231.2982456140351,76.07823613086771,117.24561403508773,0.1745152354570637,0.0,0.0,0.0,0.375,0.25,0.0,0.0,0.2,0.0,0.34615384615384615,0.5076923076923077,0.009615384615384616,0
1.04,1.0,0.0,0.0,1.0,230.19298245614036,222.30701754385964,132.53508771929825,124.64912280701753,0.10110803324099724,0.0673076923076923,0.0,0.34615384615384615,0.0,0.15,0.140625,0.0,0.15555555555555556,0.0,0.0,0.0,0.0,1
1.04,1.0,0.0,0.0,1.0,230.19298245614036,222.30701754385964,132.53508771929825,124.64912280701753,0.10110803324099724,0.0673076923076923,0.0,0.34615384615384615,0.0,0.15,0.140625,0.0,0.15555555555555556,0.0,0.0,0.0,0.0,1
1.04,1.0,0.0,0.0,1.0,230.19298245614036,222.30701754385964,132.53508771929825,124.64912280701753,0.10110803324099724,0.0673076923076923,0.0,0.34615384615384615,0.0,0.15,0.140625,0.0,0.15555555555555556,0.0,0.0,0.0,0.0,1
1.04,1.04,0.0,0.08333333333333333,2.0,224.5701754385965,254.37719298245614,74.04385964912282,103.85087719298247,0.11357340720221606,0.0,0.0,0.0,0.0,0.3,0.0,0.0,0.3111111111111111,0.0,0.0,0.0,0.0,1
1.04,1.04,0.0,0.08333333333333333,2.0,224.5701754385965,254.37719298245614,74.04385964912282,103.85087719298247,0.11357340720221606,0.0,0.0,0.0,0.0,0.3,0.0,0.0,0.3111111111111111,0.0,0.0,0.0,0.0,1
1.04,1.04,0.0,0.08333333333333333,2.0,224.5701754385965,254.37719298245614,74.04385964912282,103.85087719298247,0.11357340720221606,0.0,0.0,0.0,0.0,0.3,0.0,0.0,0.3111111111111111,0.0,0.0,0.0,0.0,1
0.84,0.76,0.3333333333333333,0.0,1.0,195.61403508771932,231.64912280701756,58.298245614035096,94.33333333333334,0.18005540166204986,0.20192307692307693,0.36923076923076925,0.41346153846153844,0.0,0.15,0.0,0.3333333333333333,0.2,0.0,0.0,0.0,0.0,0
0.84,0.76,0.3333333333333333,0.0,1.0,195.61403508771932,231.64912280701756,58.298245614035096,94.33333333333334,0.18005540166204986,0.20192307692307693,0.36923076923076925,0.41346153846153844,0.0,0.15,0.0,0.3333333333333333,0.2,0.0,0.0,0.0,0.0,0
0.84,0.76,0.3333333333333333,0.0,1.0,195.61403508771932,231.64912280701756,58.298245614035096,94.33333333333334,0.18005540166204986,0.20192307692307693,0.36923076923076925,0.41346153846153844,0.0,0.15,0.0,0.3333333333333333,0.2,0.0,0.0,0.0,0.0,0
1.0,1.0,0.0,0.0,1.0,225.58771929824562,231.88596491228068,91.58771929824562,97.88596491228068,0.1329639889196676,0.09615384615384616,0.0,0.0673076923076923,0.0,0.225,0.0,0.0,0.17777777777777778,0.0,0.0,0.0,0.0,1
1.0,1.0,0.0,0.0,1.0,225.58771929824562,231.88596491228068,91.58771929824562,97.88596491228068,0.1329639889196676,0.09615384615384616,0.0,0.0673076923076923,0.0,0.225,0.0,0.0,0.17777777777777778,0.0,0.0,0.0,0.0,1
1.0,1.0,0.0,0.0,1.0,225.58771929824562,231.88596491228068,91.58771929824562,97.88596491228068,0.1329639889196676,0.09615384615384616,0.0,0.0673076923076923,0.0,0.225,0.0,0.0,0.17777777777777778,0.0,0.0,0.0,0.0,1
1.0,1.0,0.0,0.0,1.0,225.58771929824562,231.88596491228068,91.58771929824562,97.88596491228068,0.1329639889196676,0.09615384615384616,0.0,0.0673076923076923,0.0,0.225,0.0,0.0,0.17777777777777778,0.0,0.0,0.0,0.0,1
1.0,1.0,0.0,0.16666666666666666,1.0,232.0346135609294,224.57894736842104,127.56092935040307,120.10526315789473,0.11357340720221606,0.038461538461538464,0.0,0.04807692307692308,0.0,0.225,0.015625,0.0,0.17777777777777778,0.013888888888888888,0.0,0.0,0.0,1
1.0,1.0,0.0,0.16666666666666666,1.0,232.0346135609294,224.57894736842104,127.56092935040307,120.10526315789473,0.11357340720221606,0.038461538461538464,0.0,0.04807692307692308,0.0,0.225,0.015625,0.0,0.17777777777777778,0.013888888888888888,0.0,0.0,0.0,1
1.0,1.0,0.0,0.16666666666666666,1.0,232.0346135609294,224.57894736842104,127.56092935040307,120.10526315789473,0.11357340720221606,0.038461538461538464,0.0,0.04807692307692308,0.0,0.225,0.015625,0.0,0.17777777777777778,0.013888888888888888,0.0,0.0,0.0,1
1.04,1.0,0.0,0.16666666666666666,1.5,225.6754385964912,254.3947368421053,130.14912280701753,158.86842105263162,0.07202216066481995,0.0,0.0,0.0,0.0,0.2,0.0,0.0,0.2,0.0,0.0,0.0,0.0,1
1.04,1.0,0.0,0.16666666666666666,1.5,225.6754385964912,254.3947368421053,130.14912280701753,158.86842105263162,0.07202216066481995,0.0,0.0,0.0,0.0,0.2,0.0,0.0,0.2,0.0,0.0,0.0,0.0,1
1.04,1.0,0.0,0.16666666666666666,1.5,225.6754385964912,254.3947368421053,130.14912280701753,158.86842105263162,0.07202216066481995,0.0,0.0,0.0,0.0,0.2,0.0,0.0,0.2,0.0,0.0,0.0,0.0,1
1.04,1.0,0.0,0.16666666666666666,1.5,225.6754385964912,254.3947368421053,130.14912280701753,158.86842105263162,0.07202216066481995,0.0,0.0,0.0,0.0,0.2,0.0,0.0,0.2,0.0,0.0,0.0,0.0,1
1.0416666666666667,0.7083333333333334,0.041666666666666664,0.16666666666666666,3.5,227.9009009009009,148.21621621621622,118.65765765765765,38.97297297297298,0.24466571834992887,0.0,0.0,0.038461538461538464,0.0,0.325,0.28125,0.0,0.4,0.375,0.0,0.0,0.0,0
1.0416666666666667,0.7083333333333334,0.041666666666666664,0.16666666666666666,3.5,227.9009009009009,148.21621621621622,118.65765765765765,38.97297297297298,0.24466571834992887,0.0,0.0,0.038461538461538464,0.0,0.325,0.28125,0.0,0.4,0.375,0.0,0.0,0.0,0
1.0416666666666667,0.7083333333333334,0.041666666666666664,0.16666666666666666,3.5,227.9009009009009,148.21621621621622,118.65765765765765,38.97297297297298,0.24466571834992887,0.0,0.0,0.038461538461538464,0.0,0.325,0.28125,0.0,0.4,0.375,0.0,0.0,0.0,0
1.0416666666666667,0.7083333333333334,0.041666666666666664,0.16666666666666666,3.5,227.9009009009009,148.21621621621622,118.65765765765765,38.97297297297298,0.24466571834992887,0.0,0.0,0.038461538461538464,0.0,0.325,0.28125,0.0,0.4,0.375,0.0,0.0,0.0,0
1.0416666666666667,0.7083333333333334,0.041666666666666664,0.16666666666666666,3.5,227.9009009009009,148.21621621621622,118.65765765765765,38.97297297297298,0.24466571834992887,0.0,0.0,0.038461538461538464,0.0,0.325,0.28125,0.0,0.4,0.375,0.0,0.0,0.0,0
0.9583333333333334,0.9166666666666666,0.6666666666666666,0.0,1.0,188.20720720720723,178.54054054054055,94.1801801801802,84.51351351351352,0.27311522048364156,0.028846153846153848,0.4153846153846154,0.41346153846153844,0.0625,0.175,0.0,0.390625,0.425,0.328125,0.0,0.0,0.0,0
0.9583333333333334,0.9166666666666666,0.6666666666666666,0.0,1.0,188.20720720720723,178.54054054054055,94.1801801801802,84.51351351351352,0.27311522048364156,0.028846153846153848,0.4153846153846154,0.41346153846153844,0.0625,0.175,0.0,0.390625,0.425,0.328125,0.0,0.0,0.0,0
0.9583333333333334,0.9166666666666666,0.6666666666666666,0.0,1.0,188.20720720720723,178.54054054054055,94.1801801801802,84.51351351351352,0.27311522048364156,0.028846153846153848,0.4153846153846154,0.41346153846153844,0.0625,0.175,0.0,0.390625,0.425,0.328125,0.0,0.0,0.0,0
0.9583333333333334,0.9166666666666666,0.6666666666666666,0.0,1.0,188.20720720720723,178.54054054054055,94.1801801801802,84.51351351351352,0.27311522048364156,0.028846153846153848,0.4153846153846154,0.41346153846153844,0.0625,0.175,0.0,0.390625,0.425,0.328125,0.0,0.0,0.0,0
0.9583333333333334,0.9166666666666666,0.6666666666666666,0.0,1.0,188.20720720720723,178.54054054054055,94.1801801801802,84.51351351351352,0.27311522048364156,0.028846153846153848,0.4153846153846154,0.41346153846153844,0.0625,0.175,0.0,0.390625,0.425,0.328125,0.0,0.0,0.0,0
1.0416666666666667,1.0416666666666667,0.0,0.16666666666666666,2.0,224.43243243243242,228.13513513513513,128.45945945945945,132.16216216216216,0.14082503556187767,0.057692307692307696,0.0,0.1346153846153846,0.0,0.3,0.0,0.0,0.325,0.0,0.0,0.0,0.0,1
1.0416666666666667,1.0416666666666667,0.0,0.16666666666666666,1.0,214.15315315315317,214.4234234234234,121.42342342342344,121.69369369369367,0.15647226173541964,0.009615384615384616,0.0,0.028846153846153848,0.0,0.175,0.0,0.0,0.2,0.0,0.21153846153846154,0.015384615384615385,0.20192307692307693,1
1.0416666666666667,1.0416666666666667,0.0,0.16666666666666666,1.0,214.15315315315317,214.4234234234234,121.42342342342344,121.69369369369367,0.15647226173541964,0.009615384615384616,0.0,0.028846153846153848,0.0,0.175,0.0,0.0,0.2,0.0,0.21153846153846154,0.015384615384615385,0.20192307692307693,1
1.0416666666666667,1.0416666666666667,0.0,0.16666666666666666,1.0,214.15315315315317,214.4234234234234,121.42342342342344,121.69369369369367,0.15647226173541964,0.009615384615384616,0.0,0.028846153846153848,0.0,0.175,0.0,0.0,0.2,0.0,0.21153846153846154,0.015384615384615385,0.20192307692307693,1
1.0416666666666667,1.0416666666666667,0.0,0.16666666666666666,1.0,214.15315315315317,214.4234234234234,121.42342342342344,121.69369369369367,0.15647226173541964,0.009615384615384616,0.0,0.028846153846153848,0.0,0.175,0.0,0.0,0.2,0.0,0.21153846153846154,0.015384615384615385,0.20192307692307693,1
1.0416666666666667,1.0416666666666667,0.0,0.16666666666666666,1.0,223.18018018018017,217.36936936936937,131.6936936936937,125.88288288288288,0.14935988620199148,0.0,0.0,0.038461538461538464,0.0,0.225,0.0,0.0,0.225,0.0,0.0,0.0,0.0,1
1.0416666666666667,1.0416666666666667,0.0,0.16666666666666666,1.0,223.18018018018017,217.36936936936937,131.6936936936937,125.88288288288288,0.14935988620199148,0.0,0.0,0.038461538461538464,0.0,0.225,0.0,0.0,0.225,0.0,0.0,0.0,0.0,1
1.0416666666666667,1.0416666666666667,0.0,0.16666666666666666,1.0,223.18018018018017,217.36936936936937,131.6936936936937,125.88288288288288,0.14935988620199148,0.0,0.0,0.038461538461538464,0.0,0.225,0.0,0.0,0.225,0.0,0.0,0.0,0.0,1
1.0416666666666667,1.0416666666666667,0.0,0.16666666666666666,1.0,223.18018018018017,217.36936936936937,131.6936936936937,125.88288288288288,0.14935988620199148,0.0,0.0,0.038461538461538464,0.0,0.225,0.0,0.0,0.225,0.0,0.0,0.0,0.0,1
1.0416666666666667,1.0416666666666667,0.0,0.16666666666666666,2.0,218.1891891891892,254.20720720720723,146.0,182.01801801801804,0.12660028449502134,0.0,0.0,0.0,0.0,0.3,0.0,0.0,0.275,0.0,0.0,0.0,0.0,1
1.0416666666666667,1.0416666666666667,0.0,0.16666666666666666,2.0,218.1891891891892,254.20720720720723,146.0,182.01801801801804,0.12660028449502134,0.0,0.0,0.0,0.0,0.3,0.0,0.0,0.275,0.0,0.0,0.0,0.0,1
1.0416666666666667,1.0416666666666667,0.0,0.16666666666666666,2.0,218.1891891891892,254.20720720720723,146.0,182.01801801801804,0.12660028449502134,0.0,0.0,0.0,0.0,0.3,0.0,0.0,0.275,0.0,0.0,0.0,0.0,1
1.0416666666666667,0.7916666666666666,0.16666666666666666,0.3333333333333333,1.0,130.00900900900902,189.6036036036036,28.603603603603617,88.1981981981982,0.3485064011379801,0.49038461538461536,0.23076923076923078,0.0,0.359375,0.35,0.0,0.203125,0.325,0.453125,0.11538461538461539,0.03076923076923077,0.0,0
1.0416666666666667,0.7916666666666666,0.16666666666666666,0.3333333333333333,1.0,130.00900900900902,189.6036036036036,28.603603603603617,88.1981981981982,0.3485064011379801,0.49038461538461536,0.23076923076923078,0.0,0.359375,0.35,0.0,0.203125,0.325,0.453125,0.11538461538461539,0.03076923076923077,0.0,0
1.0416666666666667,0.7916666666666666,0.16666666666666666,0.3333333333333333,1.0,130.00900900900902,189.6036036036036,28.603603603603617,88.1981981981982,0.3485064011379801,0.49038461538461536,0.23076923076923078,0.0,0.359375,0.35,0.0,0.203125,0.325,0.453125,0.11538461538461539,0.03076923076923077,0.0,0
1.0416666666666667,1.0416666666666667,0.0,0.3333333333333333,2.0,223.54954954954954,227.07207207207207,135.73873873873873,139.26126126126127,0.1465149359886202,0.0,0.0,0.0,0.0,0.3,0.0,0.0,0.325,0.0,0.0,0.0,0.0,1
1.0416666666666667,1.0416666666666667,0.0,0.3333333333333333,2.0,223.54954954954954,227.07207207207207,135.73873873873873,139.26126126126127,0.1465149359886202,0.0,0.0,0.0,0.0,0.3,0.0,0.0,0.325,0.0,0.0,0.0,0.0,1
1.0416666666666667,1.0416666666666667,0.0,0.3333333333333333,2.0,223.54954954954954,227.07207207207207,135.73873873873873,139.26126126126127,0.1465149359886202,0.0,0.0,0.0,0.0,0.3,0.0,0.0,0.325,0.0,0.0,0.0,0.0,1
1.0416666666666667,1.0416666666666667,0.0,0.3333333333333333,2.0,223.54954954954954,227.07207207207207,135.73873873873873,139.26126126126127,0.1465149359886202,0.0,0.0,0.0,0.0,0.3,0.0,0.0,0.325,0.0,0.0,0.0,0.0,1
1.0416666666666667,0.75,0.08333333333333333,0.5,2.0,212.88288288288288,159.86486486486487,96.93693693693693,43.91891891891892,0.23186344238975817,0.1346153846153846,0.1076923076923077,0.14423076923076922,0.0,0.3,0.296875,0.046875,0.35,0.0,0.0,0.3076923076923077,0.41346153846153844,0
1.0416666666666667,0.75,0.08333333333333333,0.5,2.0,212.88288288288288,159.86486486486487,96.93693693693693,43.91891891891892,0.23186344238975817,0.1346153846153846,0.1076923076923077,0.14423076923076922,0.0,0.3,0.296875,0.046875,0.35,0.0,0.0,0.3076923076923077,0.41346153846153844,0
1.0416666666666667,0.75,0.08333333333333333,0.5,2.0,212.88288288288288,159.86486486486487,96.93693693693693,43.91891891891892,0.23186344238975817,0.1346153846153846,0.1076923076923077,0.14423076923076922,0.0,0.3,0.296875,0.046875,0.35,0.0,0.0,0.3076923076923077,0.41346153846153844,0
1.0,1.0,0.0,0.08333333333333333,2.0,225.27927927927928,219.89189189189187,126.84684684684684,121.45945945945944,0.1507823613086771,0.17307692307692307,0.12307692307692308,0.18269230769230768,0.0,0.3,0.0,0.0,0.3,0.0,0.0,0.0,0.0,1
1.0,1.0,0.0,0.08333333333333333,2.0,225.27927927927928,219.89189189189187,126.84684684684684,121.45945945945944,0.1507823613086771,0.17307692307692307,0.12307692307692308,0.18269230769230768,0.0,0.3,0.0,0.0,0.3,0.0,0.0,0.0,0.0,1
1.0,1.0,0.0,0.08333333333333333,2.0,225.27927927927928,219.89189189189187,126.84684684684684,121.45945945945944,0.1507823613086771,0.17307692307692307,0.12307692307692308,0.18269230769230768,0.0,0.3,0.0,0.0,0.3,0.0,0.0,0.0,0.0,1
1.0,1.0,0.0,0.08333333333333333,2.0,225.27927927927928,219.89189189189187,126.84684684684684,121.45945945945944,0.1507823613086771,0.17307692307692307,0.12307692307692308,0.18269230769230768,0.0,0.3,0.0,0.0,0.3,0.0,0.0,0.0,0.0,1
1.0416666666666667,1.0416666666666667,0.25,0.3333333333333333,2.0,205.65765765765764,254.21621621621622,100.90090090090088,149.45945945945948,0.1422475106685633,0.15384615384615385,0.06153846153846154,0.0,0.0,0.325,0.0,0.0625,0.375,0.0,0.0,0.0,0.0,1
1.0416666666666667,1.0416666666666667,0.25,0.3333333333333333,2.0,205.65765765765764,254.21621621621622,100.90090090090088,149.45945945945948,0.1422475106685633,0.15384615384615385,0.06153846153846154,0.0,0.0,0.325,0.0,0.0625,0.375,0.0,0.0,0.0,0.0,1
1.0416666666666667,1.0416666666666667,0.25,0.3333333333333333,2.0,205.65765765765764,254.21621621621622,100.90090090090088,149.45945945945948,0.1422475106685633,0.15384615384615385,0.06153846153846154,0.0,0.0,0.325,0.0,0.0625,0.375,0.0,0.0,0.0,0.0,1
1.04,1.04,0.16666666666666666,0.0,1.0,216.2280701754386,214.5701754385965,128.33333333333334,126.67543859649123,0.20914127423822715,0.15384615384615385,0.15384615384615385,0.125,0.0,0.15,0.140625,0.0,0.15555555555555556,0.1527777777777778,0.0,0.0,0.057692307692307696,1
1.04,1.04,0.16666666666666666,0.0,1.0,216.2280701754386,214.5701754385965,128.33333333333334,126.67543859649123,0.20914127423822715,0.15384615384615385,0.15384615384615385,0.125,0.0,0.15,0.140625,0.0,0.15555555555555556,0.1527777777777778,0.0,0.0,0.057692307692307696,1
1.04,1.04,0.16666666666666666,0.0,1.0,216.2280701754386,214.5701754385965,128.33333333333334,126.67543859649123,0.20914127423822715,0.15384615384615385,0.15384615384615385,0.125,0.0,0.15,0.140625,0.0,0.15555555555555556,0.1527777777777778,0.0,0.0,0.057692307692307696,1
1.04,1.04,0.16666666666666666,0.0,1.0,216.2280701754386,214.5701754385965,128.33333333333334,126.67543859649123,0.20914127423822715,0.15384615384615385,0.15384615384615385,0.125,0.0,0.15,0.140625,0.0,0.15555555555555556,0.1527777777777778,0.0,0.0,0.057692307692307696,1
1.04,1.04,0.0,0.0,1.0,230.73684210526315,224.3245614035088,126.34210526315789,119.92982456140354,0.13850415512465375,0.17307692307692307,0.18461538461538463,0.23076923076923078,0.0,0.25,0.109375,0.0,0.2222222222222222,0.1111111111111111,0.0,0.0,0.04807692307692308,1
1.04,1.04,0.0,0.0,1.0,230.73684210526315,224.3245614035088,126.34210526315789,119.92982456140354,0.13850415512465375,0.17307692307692307,0.18461538461538463,0.23076923076923078,0.0,0.25,0.109375,0.0,0.2222222222222222,0.1111111111111111,0.0,0.0,0.04807692307692308,1
1.04,1.04,0.0,0.0,1.0,230.73684210526315,224.3245614035088,126.34210526315789,119.92982456140354,0.13850415512465375,0.17307692307692307,0.18461538461538463,0.23076923076923078,0.0,0.25,0.109375,0.0,0.2222222222222222,0.1111111111111111,0.0,0.0,0.04807692307692308,1
1.04,1.04,0.0,0.0,1.0,230.73684210526315,224.3245614035088,126.34210526315789,119.92982456140354,0.13850415512465375,0.17307692307692307,0.18461538461538463,0.23076923076923078,0.0,0.25,0.109375,0.0,0.2222222222222222,0.1111111111111111,0.0,0.0,0.04807692307692308,1
1.04,1.04,0.08333333333333333,0.0,2.0,210.5701754385965,254.23684210526315,120.43859649122807,164.10526315789474,0.14542936288088643,0.1346153846153846,0.0,0.0,0.03125,0.3,0.0,0.0,0.26666666666666666,0.0,0.0,0.0,0.0,1
1.04,1.04,0.08333333333333333,0.0,2.0,210.5701754385965,254.23684210526315,120.43859649122807,164.10526315789474,0.14542936288088643,0.1346153846153846,0.0,0.0,0.03125,0.3,0.0,0.0,0.26666666666666666,0.0,0.0,0.0,0.0,1
1.04,1.04,0.08333333333333333,0.0,2.0,210.5701754385965,254.23684210526315,120.43859649122807,164.10526315789474,0.14542936288088643,0.1346153846153846,0.0,0.0,0.03125,0.3,0.0,0.0,0.26666666666666666,0.0,0.0,0.0,0.0,1
1.04,1.04,0.08333333333333333,0.0,2.0,210.5701754385965,254.23684210526315,120.43859649122807,164.10526315789474,0.14542936288088643,0.1346153846153846,0.0,0.0,0.03125,0.3,0.0,0.0,0.26666666666666666,0.0,0.0,0.0,0.0,1
1.04,1.04,0.8333333333333334,1.0,1.0,224.28070175438597,189.29824561403507,174.0964912280702,139.1140350877193,0.1731301939058172,0.0,0.49230769230769234,0.4519230769230769,0.0,0.2,0.0,0.041666666666666664,0.28888888888888886,0.06944444444444445,0.0,0.23076923076923078,0.3942307692307692,0
1.04,1.04,0.8333333333333334,1.0,1.0,224.28070175438597,189.29824561403507,174.0964912280702,139.1140350877193,0.1731301939058172,0.0,0.49230769230769234,0.4519230769230769,0.0,0.2,0.0,0.041666666666666664,0.28888888888888886,0.06944444444444445,0.0,0.23076923076923078,0.3942307692307692,0
1.04,1.04,0.8333333333333334,1.0,1.0,224.28070175438597,189.29824561403507,174.0964912280702,139.1140350877193,0.1731301939058172,0.0,0.49230769230769234,0.4519230769230769,0.0,0.2,0.0,0.041666666666666664,0.28888888888888886,0.06944444444444445,0.0,0.23076923076923078,0.3942307692307692,0
1.04,1.04,1.0,0.8333333333333334,1.0,220.61403508771932,159.09649122807016,153.4561403508772,91.93859649122805,0.23268698060941828,0.11538461538461539,0.4153846153846154,0.3173076923076923,0.0,0.25,0.03125,0.05555555555555555,0.28888888888888886,0.20833333333333334,0.0,0.15384615384615385,0.33653846153846156,0
1.04,1.04,1.0,0.8333333333333334,1.0,220.61403508771932,159.09649122807016,153.4561403508772,91.93859649122805,0.23268698060941828,0.11538461538461539,0.4153846153846154,0.3173076923076923,0.0,0.25,0.03125,0.05555555555555555,0.28888888888888886,0.20833333333333334,0.0,0.15384615384615385,0.33653846153846156,0
1.04,1.04,0.0,0.0,1.0,219.19298245614036,225.7456140350877,125.85087719298247,132.4035087719298,0.14958448753462603,0.125,0.15384615384615385,0.16346153846153846,0.0,0.2,0.109375,0.0,0.17777777777777778,0.1111111111111111,0.0,0.0,0.07692307692307693,1
1.04,1.04,0.0,0.0,1.0,219.19298245614036,225.7456140350877,125.85087719298247,132.4035087719298,0.14958448753462603,0.125,0.15384615384615385,0.16346153846153846,0.0,0.2,0.109375,0.0,0.17777777777777778,0.1111111111111111,0.0,0.0,0.07692307692307693,1
1.04,1.04,0.0,0.0,1.0,219.19298245614036,225.7456140350877,125.85087719298247,132.4035087719298,0.14958448753462603,0.125,0.15384615384615385,0.16346153846153846,0.0,0.2,0.109375,0.0,0.17777777777777778,0.1111111111111111,0.0,0.0,0.07692307692307693,1
1.04,1.04,0.0,0.0,1.0,219.19298245614036,225.7456140350877,125.85087719298247,132.4035087719298,0.14958448753462603,0.125,0.15384615384615385,0.16346153846153846,0.0,0.2,0.109375,0.0,0.17777777777777778,0.1111111111111111,0.0,0.0,0.07692307692307693,1
1.04,1.04,0.16666666666666666,0.08333333333333333,2.0,219.70175438596493,214.2456140350877,127.38596491228073,121.92982456140349,0.1883656509695291,0.15384615384615385,0.15384615384615385,0.1346153846153846,0.0,0.3,0.0,0.0,0.3111111111111111,0.027777777777777776,0.0,0.0,0.019230769230769232,1
0.92,0.8,0.0,1.0,1.0,199.44736842105263,163.56140350877195,92.71052631578947,56.82456140350878,0.25761772853185594,0.1346153846153846,0.0,0.07692307692307693,0.09375,0.225,0.375,0.027777777777777776,0.2,0.0,0.4230769230769231,0.5230769230769231,0.46153846153846156,0
0.92,0.8,0.0,1.0,1.0,199.44736842105263,163.56140350877195,92.71052631578947,56.82456140350878,0.25761772853185594,0.1346153846153846,0.0,0.07692307692307693,0.09375,0.225,0.375,0.027777777777777776,0.2,0.0,0.4230769230769231,0.5230769230769231,0.46153846153846156,0
0.92,0.8,0.0,1.0,1.0,199.44736842105263,163.56140350877195,92.71052631578947,56.82456140350878,0.25761772853185594,0.1346153846153846,0.0,0.07692307692307693,0.09375,0.225,0.375,0.027777777777777776,0.2,0.0,0.4230769230769231,0.5230769230769231,0.46153846153846156,0
0.92,0.8,0.0,1.0,1.0,199.44736842105263,163.56140350877195,92.71052631578947,56.82456140350878,0.25761772853185594,0.1346153846153846,0.0,0.07692307692307693,0.09375,0.225,0.375,0.027777777777777776,0.2,0.0,0.4230769230769231,0.5230769230769231,0.46153846153846156,0
0.92,0.8,0.0,0.5,1.0,201.15789473684208,162.62280701754386,82.21052631578945,43.67543859649123,0.2631578947368421,0.16346153846153846,0.015384615384615385,0.125,0.0,0.225,0.453125,0.09722222222222222,0.2222222222222222,0.0,0.3076923076923077,0.4307692307692308,0.4230769230769231,0
0.92,0.8,0.0,0.5,1.0,201.15789473684208,162.62280701754386,82.21052631578945,43.67543859649123,0.2631578947368421,0.16346153846153846,0.015384615384615385,0.125,0.0,0.225,0.453125,0.09722222222222222,0.2222222222222222,0.0,0.3076923076923077,0.4307692307692308,0.4230769230769231,0
0.92,0.8,0.0,0.5,1.0,201.15789473684208,162.62280701754386,82.21052631578945,43.67543859649123,0.2631578947368421,0.16346153846153846,0.015384615384615385,0.125,0.0,0.225,0.453125,0.09722222222222222,0.2222222222222222,0.0,0.3076923076923077,0.4307692307692308,0.4230769230769231,0
0.92,0.8,0.0,0.5,1.0,201.15789473684208,162.62280701754386,82.21052631578945,43.67543859649123,0.2631578947368421,0.16346153846153846,0.015384615384615385,0.125,0.0,0.225,0.453125,0.09722222222222222,0.2222222222222222,0.0,0.3076923076923077,0.4307692307692308,0.4230769230769231,0
0.92,0.8,0.0,0.5,1.0,201.15789473684208,162.62280701754386,82.21052631578945,43.67543859649123,0.2631578947368421,0.16346153846153846,0.015384615384615385,0.125,0.0,0.225,0.453125,0.09722222222222222,0.2222222222222222,0.0,0.3076923076923077,0.4307692307692308,0.4230769230769231,0
1.04,0.84,0.5,1.0,1.0,187.94736842105263,134.3157894736842,111.42105263157895,57.789473684210506,0.3559556786703601,0.34615384615384615,0.27692307692307694,0.18269230769230768,0.078125,0.35,0.15625,0.0,0.26666666666666666,0.19444444444444445,0.0,0.23076923076923078,0.38461538461538464,0
1.04,0.84,0.5,1.0,1.0,187.94736842105263,134.3157894736842,111.42105263157895,57.789473684210506,0.3559556786703601,0.34615384615384615,0.27692307692307694,0.18269230769230768,0.078125,0.35,0.15625,0.0,0.26666666666666666,0.19444444444444445,0.0,0.23076923076923078,0.38461538461538464,0
1.04,0.84,0.5,1.0,1.0,187.94736842105263,134.3157894736842,111.42105263157895,57.789473684210506,0.3559556786703601,0.34615384615384615,0.27692307692307694,0.18269230769230768,0.078125,0.35,0.15625,0.0,0.26666666666666666,0.19444444444444445,0.0,0.23076923076923078,0.38461538461538464,0
0.96,0.8,0.0,1.0,1.0,186.50877192982455,140.0438596491228,76.11403508771929,29.649122807017534,0.36149584487534625,0.09615384615384616,0.015384615384615385,0.15384615384615385,0.09375,0.3,0.34375,0.16666666666666666,0.2,0.013888888888888888,0.4230769230769231,0.4461538461538462,0.4807692307692308,0
0.96,0.8,0.0,1.0,1.0,186.50877192982455,140.0438596491228,76.11403508771929,29.649122807017534,0.36149584487534625,0.09615384615384616,0.015384615384615385,0.15384615384615385,0.09375,0.3,0.34375,0.16666666666666666,0.2,0.013888888888888888,0.4230769230769231,0.4461538461538462,0.4807692307692308,0
0.96,0.8,0.0,1.0,1.0,186.50877192982455,140.0438596491228,76.11403508771929,29.649122807017534,0.36149584487534625,0.09615384615384616,0.015384615384615385,0.15384615384615385,0.09375,0.3,0.34375,0.16666666666666666,0.2,0.013888888888888888,0.4230769230769231,0.4461538461538462,0.4807692307692308,0
0.96,0.8,0.0,1.0,1.0,186.50877192982455,140.0438596491228,76.11403508771929,29.649122807017534,0.36149584487534625,0.09615384615384616,0.015384615384615385,0.15384615384615385,0.09375,0.3,0.34375,0.16666666666666666,0.2,0.013888888888888888,0.4230769230769231,0.4461538461538462,0.4807692307692308,0
1.04,1.0,0.25,0.16666666666666666,2.0,201.53508771929828,254.02631578947367,121.95614035087722,174.4473684210526,0.16759002770083103,0.1346153846153846,0.07692307692307693,0.0,0.0,0.4,0.0,0.06944444444444445,0.35555555555555557,0.0,0.0,0.0,0.0,1
1.0416666666666667,0.8333333333333334,0.6666666666666666,1.0,1.0,227.35135135135135,181.18018018018017,161.48648648648648,115.3153153153153,0.16642958748221906,0.0,0.27692307692307694,0.3942307692307692,0.0,0.125,0.0,0.0,0.25,0.015625,0.0,0.2923076923076923,0.4519230769230769,0
1.0416666666666667,0.8333333333333334,0.6666666666666666,1.0,1.0,227.35135135135135,181.18018018018017,161.48648648648648,115.3153153153153,0.16642958748221906,0.0,0.27692307692307694,0.3942307692307692,0.0,0.125,0.0,0.0,0.25,0.015625,0.0,0.2923076923076923,0.4519230769230769,0
1.0416666666666667,1.0416666666666667,0.0,0.16666666666666666,1.0,219.54954954954954,220.93693693693695,130.22522522522522,131.61261261261262,0.16642958748221906,0.125,0.07692307692307693,0.17307692307692307,0.0,0.25,0.03125,0.0,0.175,0.078125,0.0,0.0,0.028846153846153848,1
1.0416666666666667,1.0416666666666667,0.0,0.16666666666666666,1.0,219.54954954954954,220.93693693693695,130.22522522522522,131.61261261261262,0.16642958748221906,0.125,0.07692307692307693,0.17307692307692307,0.0,0.25,0.03125,0.0,0.175,0.078125,0.0,0.0,0.028846153846153848,1
1.0416666666666667,1.0416666666666667,0.0,0.16666666666666666,1.0,219.54954954954954,220.93693693693695,130.22522522522522,131.61261261261262,0.16642958748221906,0.125,0.07692307692307693,0.17307692307692307,0.0,0.25,0.03125,0.0,0.175,0.078125,0.0,0.0,0.028846153846153848,1
1.0416666666666667,1.0416666666666667,0.0,0.16666666666666666,1.0,219.54954954954954,220.93693693693695,130.22522522522522,131.61261261261262,0.16642958748221906,0.125,0.07692307692307693,0.17307692307692307,0.0,0.25,0.03125,0.0,0.175,0.078125,0.0,0.0,0.028846153846153848,1
0.9166666666666666,0.8333333333333334,1.0,0.0,1.0,218.79279279279282,179.63963963963965,140.98198198198202,101.82882882882885,0.2119487908961593,0.0673076923076923,0.46153846153846156,0.47115384615384615,0.0,0.2,0.0,0.0,0.225,0.359375,0.0,0.0,0.0,0
0.9166666666666666,0.8333333333333334,1.0,0.0,1.0,218.79279279279282,179.63963963963965,140.98198198198202,101.82882882882885,0.2119487908961593,0.0673076923076923,0.46153846153846156,0.47115384615384615,0.0,0.2,0.0,0.0,0.225,0.359375,0.0,0.0,0.0,0
0.9166666666666666,0.8333333333333334,1.0,0.0,1.0,218.79279279279282,179.63963963963965,140.98198198198202,101.82882882882885,0.2119487908961593,0.0673076923076923,0.46153846153846156,0.47115384615384615,0.0,0.2,0.0,0.0,0.225,0.359375,0.0,0.0,0.0,0
1.0416666666666667,0.8333333333333334,0.16666666666666666,0.0,1.0,142.7117117117117,179.20720720720718,34.49549549549549,70.99099099099097,0.30014224751066854,0.25961538461538464,0.0,0.08653846153846154,0.25,0.2,0.28125,0.375,0.3,0.0,0.0,0.0,0.0,0
1.0416666666666667,0.8333333333333334,0.16666666666666666,0.0,1.0,142.7117117117117,179.20720720720718,34.49549549549549,70.99099099099097,0.30014224751066854,0.25961538461538464,0.0,0.08653846153846154,0.25,0.2,0.28125,0.375,0.3,0.0,0.0,0.0,0.0,0
1.0416666666666667,0.8333333333333334,0.16666666666666666,0.0,1.0,142.7117117117117,179.20720720720718,34.49549549549549,70.99099099099097,0.30014224751066854,0.25961538461538464,0.0,0.08653846153846154,0.25,0.2,0.28125,0.375,0.3,0.0,0.0,0.0,0.0,0
1.0416666666666667,1.0,0.0,0.16666666666666666,2.0,224.82882882882882,218.9009009009009,123.96396396396395,118.03603603603602,0.18776671408250356,0.17307692307692307,0.15384615384615385,0.16346153846153846,0.0,0.3,0.046875,0.0,0.3,0.078125,0.0,0.0,0.038461538461538464,1
1.0416666666666667,1.0,0.0,0.16666666666666666,2.0,224.82882882882882,218.9009009009009,123.96396396396395,118.03603603603602,0.18776671408250356,0.17307692307692307,0.15384615384615385,0.16346153846153846,0.0,0.3,0.046875,0.0,0.3,0.078125,0.0,0.0,0.038461538461538464,1
1.0416666666666667,1.0,0.0,0.16666666666666666,2.0,224.82882882882882,218.9009009009009,123.96396396396395,118.03603603603602,0.18776671408250356,0.17307692307692307,0.15384615384615385,0.16346153846153846,0.0,0.3,0.046875,0.0,0.3,0.078125,0.0,0.0,0.038461538461538464,1
1.0416666666666667,0.8333333333333334,0.3333333333333333,0.4166666666666667,1.5,218.65765765765764,142.5945945945946,138.90090090090087,62.83783783783785,0.267425320056899,0.1346153846153846,0.2923076923076923,0.28846153846153844,0.046875,0.25,0.15625,0.0,0.375,0.25,0.0,0.09230769230769231,0.25,0
1.0416666666666667,0.8333333333333334,0.3333333333333333,0.4166666666666667,1.5,218.65765765765764,142.5945945945946,138.90090090090087,62.83783783783785,0.267425320056899,0.1346153846153846,0.2923076923076923,0.28846153846153844,0.046875,0.25,0.15625,0.0,0.375,0.25,0.0,0.09230769230769231,0.25,0
1.0416666666666667,0.8333333333333334,0.3333333333333333,0.4166666666666667,1.5,218.65765765765764,142.5945945945946,138.90090090090087,62.83783783783785,0.267425320056899,0.1346153846153846,0.2923076923076923,0.28846153846153844,0.046875,0.25,0.15625,0.0,0.375,0.25,0.0,0.09230769230769231,0.25,0
1.0416666666666667,0.8333333333333334,0.3333333333333333,0.4166666666666667,1.5,218.65765765765764,142.5945945945946,138.90090090090087,62.83783783783785,0.267425320056899,0.1346153846153846,0.2923076923076923,0.28846153846153844,0.046875,0.25,0.15625,0.0,0.375,0.25,0.0,0.09230769230769231,0.25,0
1.0416666666666667,1.0416666666666667,0.08333333333333333,0.3333333333333333,2.0,217.36036036036035,254.35135135135135,129.65765765765764,166.64864864864865,0.1337126600284495,0.1346153846153846,0.046153846153846156,0.0,0.0,0.2,0.0,0.0,0.4,0.0,0.0,0.0,0.0,1
1.0416666666666667,1.0416666666666667,0.08333333333333333,0.3333333333333333,2.0,217.36036036036035,254.35135135135135,129.65765765765764,166.64864864864865,0.1337126600284495,0.1346153846153846,0.046153846153846156,0.0,0.0,0.2,0.0,0.0,0.4,0.0,0.0,0.0,0.0,1
1.0416666666666667,1.0416666666666667,0.08333333333333333,0.3333333333333333,2.0,217.36036036036035,254.35135135135135,129.65765765765764,166.64864864864865,0.1337126600284495,0.1346153846153846,0.046153846153846156,0.0,0.0,0.2,0.0,0.0,0.4,0.0,0.0,0.0,0.0,1
1.0416666666666667,1.0416666666666667,0.08333333333333333,0.3333333333333333,2.0,217.36036036036035,254.35135135135135,129.65765765765764,166.64864864864865,0.1337126600284495,0.1346153846153846,0.046153846153846156,0.0,0.0,0.2,0.0,0.0,0.4,0.0,0.0,0.0,0.0,1
1.04,1.0,0.0,0.08333333333333333,2.0,223.3947368421053,185.96491228070172,131.78947368421055,94.35964912280699,0.1523545706371191,0.038461538461538464,0.015384615384615385,0.17307692307692307,0.0,0.325,0.140625,0.0,0.2222222222222222,0.06944444444444445,0.0,0.0,0.0,1
1.04,1.0,0.0,0.08333333333333333,2.0,223.3947368421053,185.96491228070172,131.78947368421055,94.35964912280699,0.1523545706371191,0.038461538461538464,0.015384615384615385,0.17307692307692307,0.0,0.325,0.140625,0.0,0.2222222222222222,0.06944444444444445,0.0,0.0,0.0,1
1.04,1.0,0.0,0.08333333333333333,2.0,223.3947368421053,185.96491228070172,131.78947368421055,94.35964912280699,0.1523545706371191,0.038461538461538464,0.015384615384615385,0.17307692307692307,0.0,0.325,0.140625,0.0,0.2222222222222222,0.06944444444444445,0.0,0.0,0.0,1
1.04,1.0,0.0,0.08333333333333333,2.0,223.3947368421053,185.96491228070172,131.78947368421055,94.35964912280699,0.1523545706371191,0.038461538461538464,0.015384615384615385,0.17307692307692307,0.0,0.325,0.140625,0.0,0.2222222222222222,0.06944444444444445,0.0,0.0,0.0,1
1.04,1.0,0.0,0.16666666666666666,1.0,224.21929824561403,227.47368421052633,129.48245614035085,132.73684210526318,0.14127423822714683,0.038461538461538464,0.0,0.15384615384615385,0.0,0.25,0.078125,0.0,0.2,0.041666666666666664,0.0,0.0,0.0,1
1.04,1.0,0.0,0.16666666666666666,1.0,224.21929824561403,227.47368421052633,129.48245614035085,132.73684210526318,0.14127423822714683,0.038461538461538464,0.0,0.15384615384615385,0.0,0.25,0.078125,0.0,0.2,0.041666666666666664,0.0,0.0,0.0,1
1.04,1.0,0.0,0.16666666666666666,1.0,224.21929824561403,227.47368421052633,129.48245614035085,132.73684210526318,0.14127423822714683,0.038461538461538464,0.0,0.15384615384615385,0.0,0.25,0.078125,0.0,0.2,0.041666666666666664,0.0,0.0,0.0,1
1.04,1.0,0.0,0.16666666666666666,1.0,224.21929824561403,227.47368421052633,129.48245614035085,132.73684210526318,0.14127423822714683,0.038461538461538464,0.0,0.15384615384615385,0.0,0.25,0.078125,0.0,0.2,0.041666666666666664,0.0,0.0,0.0,1
0.88,0.84,0.75,0.0,1.5,177.5701754385965,173.06140350877195,99.5701754385965,95.06140350877195,0.29362880886426596,0.21153846153846154,0.5538461538461539,0.4807692307692308,0.015625,0.225,0.0,0.4444444444444444,0.4444444444444444,0.4027777777777778,0.0,0.0,0.0,0
0.88,0.84,0.75,0.0,1.5,177.5701754385965,173.06140350877195,99.5701754385965,95.06140350877195,0.29362880886426596,0.21153846153846154,0.5538461538461539,0.4807692307692308,0.015625,0.225,0.0,0.4444444444444444,0.4444444444444444,0.4027777777777778,0.0,0.0,0.0,0
0.88,0.84,0.75,0.0,1.5,177.5701754385965,173.06140350877195,99.5701754385965,95.06140350877195,0.29362880886426596,0.21153846153846154,0.5538461538461539,0.4807692307692308,0.015625,0.225,0.0,0.4444444444444444,0.4444444444444444,0.4027777777777778,0.0,0.0,0.0,0
0.88,0.84,0.75,0.0,1.5,177.5701754385965,173.06140350877195,99.5701754385965,95.06140350877195,0.29362880886426596,0.21153846153846154,0.5538461538461539,0.4807692307692308,0.015625,0.225,0.0,0.4444444444444444,0.4444444444444444,0.4027777777777778,0.0,0.0,0.0,0
0.88,0.84,0.75,0.0,1.5,177.5701754385965,173.06140350877195,99.5701754385965,95.06140350877195,0.29362880886426596,0.21153846153846154,0.5538461538461539,0.4807692307692308,0.015625,0.225,0.0,0.4444444444444444,0.4444444444444444,0.4027777777777778,0.0,0.0,0.0,0
1.04,0.88,0.0,0.3333333333333333,1.5,222.80701754385964,142.57894736842104,109.14912280701753,28.92105263157893,0.2451523545706371,0.125,0.18461538461538463,0.08653846153846154,0.0,0.275,0.28125,0.0,0.35555555555555557,0.3333333333333333,0.0,0.046153846153846156,0.07692307692307693,0
1.04,0.88,0.0,0.3333333333333333,1.5,222.80701754385964,142.57894736842104,109.14912280701753,28.92105263157893,0.2451523545706371,0.125,0.18461538461538463,0.08653846153846154,0.0,0.275,0.28125,0.0,0.35555555555555557,0.3333333333333333,0.0,0.046153846153846156,0.07692307692307693,0
1.04,0.88,0.0,0.3333333333333333,1.5,222.80701754385964,142.57894736842104,109.14912280701753,28.92105263157893,0.2451523545706371,0.125,0.18461538461538463,0.08653846153846154,0.0,0.275,0.28125,0.0,0.35555555555555557,0.3333333333333333,0.0,0.046153846153846156,0.07692307692307693,0
1.04,0.88,0.0,0.3333333333333333,1.5,222.80701754385964,142.57894736842104,109.14912280701753,28.92105263157893,0.2451523545706371,0.125,0.18461538461538463,0.08653846153846154,0.0,0.275,0.28125,0.0,0.35555555555555557,0.3333333333333333,0.0,0.046153846153846156,0.07692307692307693,0
1.0,0.96,0.0,0.3333333333333333,2.0,203.61403508771932,254.38596491228068,98.85087719298248,149.62280701754383,0.15789473684210525,0.14423076923076922,0.015384615384615385,0.0,0.28125,0.5,0.0,0.20833333333333334,0.4888888888888889,0.0,0.0,0.03076923076923077,0.0,1
0.9583333333333334,0.7083333333333334,0.6666666666666666,0.0,2.0,191.51351351351352,214.25225225225225,67.45945945945947,90.1981981981982,0.19772403982930298,0.2692307692307692,0.4461538461538462,0.38461538461538464,0.0,0.175,0.0,0.265625,0.35,0.0,0.0,0.0,0.0,0
0.9583333333333334,0.7083333333333334,0.6666666666666666,0.0,2.0,191.51351351351352,214.25225225225225,67.45945945945947,90.1981981981982,0.19772403982930298,0.2692307692307692,0.4461538461538462,0.38461538461538464,0.0,0.175,0.0,0.265625,0.35,0.0,0.0,0.0,0.0,0
0.9583333333333334,0.7083333333333334,0.6666666666666666,0.0,2.0,191.51351351351352,214.25225225225225,67.45945945945947,90.1981981981982,0.19772403982930298,0.2692307692307692,0.4461538461538462,0.38461538461538464,0.0,0.175,0.0,0.265625,0.35,0.0,0.0,0.0,0.0,0
0.7916666666666666,0.75,0.0,0.8333333333333334,2.0,233.1891891891892,236.06306306306305,133.1891891891892,136.06306306306305,0.10810810810810811,0.009615384615384616,0.0,0.0673076923076923,0.0,0.175,0.046875,0.0,0.35,0.078125,0.0,0.12307692307692308,0.0,1
0.7916666666666666,0.75,0.0,0.8333333333333334,2.0,233.1891891891892,236.06306306306305,133.1891891891892,136.06306306306305,0.10810810810810811,0.009615384615384616,0.0,0.0673076923076923,0.0,0.175,0.046875,0.0,0.35,0.078125,0.0,0.12307692307692308,0.0,1
0.7916666666666666,0.75,0.0,0.8333333333333334,2.0,233.1891891891892,236.06306306306305,133.1891891891892,136.06306306306305,0.10810810810810811,0.009615384615384616,0.0,0.0673076923076923,0.0,0.175,0.046875,0.0,0.35,0.078125,0.0,0.12307692307692308,0.0,1
0.7916666666666666,0.75,0.0,0.8333333333333334,2.0,233.1891891891892,236.06306306306305,133.1891891891892,136.06306306306305,0.10810810810810811,0.009615384615384616,0.0,0.0673076923076923,0.0,0.175,0.046875,0.0,0.35,0.078125,0.0,0.12307692307692308,0.0,1
1.0416666666666667,0.7083333333333334,1.0,0.0,1.0,197.7387387387387,175.6756756756757,100.44144144144141,78.37837837837841,0.2503556187766714,0.22115384615384615,0.4461538461538462,0.4807692307692308,0.0,0.175,0.0,0.375,0.45,0.375,0.0,0.0,0.0,0
1.0416666666666667,0.7083333333333334,1.0,0.0,1.0,197.7387387387387,175.6756756756757,100.44144144144141,78.37837837837841,0.2503556187766714,0.22115384615384615,0.4461538461538462,0.4807692307692308,0.0,0.175,0.0,0.375,0.45,0.375,0.0,0.0,0.0,0
1.0416666666666667,0.7083333333333334,1.0,0.0,1.0,197.7387387387387,175.6756756756757,100.44144144144141,78.37837837837841,0.2503556187766714,0.22115384615384615,0.4461538461538462,0.4807692307692308,0.0,0.175,0.0,0.375,0.45,0.375,0.0,0.0,0.0,0
0.9583333333333334,0.8333333333333334,0.0,1.0,2.0,212.14414414414418,210.47747747747746,140.14414414414418,138.47747747747746,0.22617354196301565,0.0,0.0,0.0,0.0,0.225,0.171875,0.0,0.4,0.0,0.028846153846153848,0.15384615384615385,0.08653846153846154,1
0.9583333333333334,0.8333333333333334,0.0,1.0,2.0,212.14414414414418,210.47747747747746,140.14414414414418,138.47747747747746,0.22617354196301565,0.0,0.0,0.0,0.0,0.225,0.171875,0.0,0.4,0.0,0.028846153846153848,0.15384615384615385,0.08653846153846154,1
0.9583333333333334,0.8333333333333334,0.0,1.0,2.0,212.14414414414418,210.47747747747746,140.14414414414418,138.47747747747746,0.22617354196301565,0.0,0.0,0.0,0.0,0.225,0.171875,0.0,0.4,0.0,0.028846153846153848,0.15384615384615385,0.08653846153846154,1
0.9583333333333334,0.8333333333333334,0.0,1.0,2.0,212.14414414414418,210.47747747747746,140.14414414414418,138.47747747747746,0.22617354196301565,0.0,0.0,0.0,0.0,0.225,0.171875,0.0,0.4,0.0,0.028846153846153848,0.15384615384615385,0.08653846153846154,1
1.0416666666666667,0.7916666666666666,0.16666666666666666,0.3333333333333333,1.0,182.49549549549548,135.05405405405406,73.19819819819818,25.756756756756772,0.3684210526315789,0.2403846153846154,0.046153846153846156,0.21153846153846154,0.0,0.3,0.25,0.328125,0.475,0.375,0.009615384615384616,0.0,0.009615384615384616,0
1.0416666666666667,0.7916666666666666,0.16666666666666666,0.3333333333333333,1.0,182.49549549549548,135.05405405405406,73.19819819819818,25.756756756756772,0.3684210526315789,0.2403846153846154,0.046153846153846156,0.21153846153846154,0.0,0.3,0.25,0.328125,0.475,0.375,0.009615384615384616,0.0,0.009615384615384616,0
1.0416666666666667,0.7916666666666666,0.16666666666666666,0.3333333333333333,1.0,182.49549549549548,135.05405405405406,73.19819819819818,25.756756756756772,0.3684210526315789,0.2403846153846154,0.046153846153846156,0.21153846153846154,0.0,0.3,0.25,0.328125,0.475,0.375,0.009615384615384616,0.0,0.009615384615384616,0
1.0416666666666667,0.7916666666666666,0.16666666666666666,0.3333333333333333,1.0,182.49549549549548,135.05405405405406,73.19819819819818,25.756756756756772,0.3684210526315789,0.2403846153846154,0.046153846153846156,0.21153846153846154,0.0,0.3,0.25,0.328125,0.475,0.375,0.009615384615384616,0.0,0.009615384615384616,0
1.0416666666666667,0.7916666666666666,0.16666666666666666,0.3333333333333333,1.0,182.49549549549548,135.05405405405406,73.19819819819818,25.756756756756772,0.3684210526315789,0.2403846153846154,0.046153846153846156,0.21153846153846154,0.0,0.3,0.25,0.328125,0.475,0.375,0.009615384615384616,0.0,0.009615384615384616,0
1.0416666666666667,1.0416666666666667,0.6666666666666666,0.3333333333333333,1.0,182.45945945945945,162.1891891891892,104.94594594594594,84.67567567567568,0.32716927453769556,0.1346153846153846,0.13846153846153847,0.22115384615384615,0.078125,0.3,0.15625,0.375,0.325,0.0,0.0,0.0,0.0,0
1.0416666666666667,1.0416666666666667,0.6666666666666666,0.3333333333333333,1.0,182.45945945945945,162.1891891891892,104.94594594594594,84.67567567567568,0.32716927453769556,0.1346153846153846,0.13846153846153847,0.22115384615384615,0.078125,0.3,0.15625,0.375,0.325,0.0,0.0,0.0,0.0,0
1.0416666666666667,1.0416666666666667,0.6666666666666666,0.3333333333333333,1.0,182.45945945945945,162.1891891891892,104.94594594594594,84.67567567567568,0.32716927453769556,0.1346153846153846,0.13846153846153847,0.22115384615384615,0.078125,0.3,0.15625,0.375,0.325,0.0,0.0,0.0,0.0,0
0.7916666666666666,0.75,0.0,0.3333333333333333,4.0,227.81981981981983,254.37837837837836,100.6846846846847,127.24324324324323,0.11095305832147938,0.18269230769230768,0.06153846153846154,0.0,0.1875,0.2,0.0,0.25,0.4,0.0,0.0,0.12307692307692308,0.0,1
0.7916666666666666,0.75,0.0,0.3333333333333333,4.0,227.81981981981983,254.37837837837836,100.6846846846847,127.24324324324323,0.11095305832147938,0.18269230769230768,0.06153846153846154,0.0,0.1875,0.2,0.0,0.25,0.4,0.0,0.0,0.12307692307692308,0.0,1
0.7916666666666666,0.75,0.0,0.3333333333333333,4.0,227.81981981981983,254.37837837837836,100.6846846846847,127.24324324324323,0.11095305832147938,0.18269230769230768,0.06153846153846154,0.0,0.1875,0.2,0.0,0.25,0.4,0.0,0.0,0.12307692307692308,0.0,1
0.7916666666666666,0.75,0.0,0.3333333333333333,4.0,227.81981981981983,254.37837837837836,100.6846846846847,127.24324324324323,0.11095305832147938,0.18269230769230768,0.06153846153846154,0.0,0.1875,0.2,0.0,0.25,0.4,0.0,0.0,0.12307692307692308,0.0,1
1.0416666666666667,1.0416666666666667,0.0,0.0,1.0,223.47747747747746,222.66666666666666,130.45045045045043,129.63963963963963,0.10384068278805121,0.125,0.0,0.10576923076923077,0.0,0.15,0.0,0.0,0.15,0.046875,0.0,0.0,0.0,1
1.0416666666666667,1.0416666666666667,0.0,0.0,1.0,223.47747747747746,222.66666666666666,130.45045045045043,129.63963963963963,0.10384068278805121,0.125,0.0,0.10576923076923077,0.0,0.15,0.0,0.0,0.15,0.046875,0.0,0.0,0.0,1
1.0416666666666667,1.0416666666666667,0.0,0.0,1.0,223.47747747747746,222.66666666666666,130.45045045045043,129.63963963963963,0.10384068278805121,0.125,0.0,0.10576923076923077,0.0,0.15,0.0,0.0,0.15,0.046875,0.0,0.0,0.0,1
1.0416666666666667,1.0416666666666667,0.0,0.0,1.0,223.47747747747746,222.66666666666666,130.45045045045043,129.63963963963963,0.10384068278805121,0.125,0.0,0.10576923076923077,0.0,0.15,0.0,0.0,0.15,0.046875,0.0,0.0,0.0,1
0.875,0.7083333333333334,0.8333333333333334,0.0,1.0,190.96396396396395,217.42342342342343,73.85585585585584,100.31531531531532,0.15220483641536273,0.25,0.46153846153846156,0.38461538461538464,0.0,0.17142857142857143,0.0,0.2222222222222222,0.2,0.0,0.0,0.0,0.0,0
0.875,0.7083333333333334,0.8333333333333334,0.0,1.0,190.96396396396395,217.42342342342343,73.85585585585584,100.31531531531532,0.17923186344238975,0.25,0.4461538461538462,0.38461538461538464,0.0,0.175,0.0,0.25,0.225,0.0,0.0,0.0,0.0,0
0.875,0.7083333333333334,0.8333333333333334,0.0,1.0,190.96396396396395,217.42342342342343,73.85585585585584,100.31531531531532,0.17923186344238975,0.25,0.4461538461538462,0.38461538461538464,0.0,0.175,0.0,0.25,0.225,0.0,0.0,0.0,0.0,0
1.0416666666666667,1.0416666666666667,0.0,0.0,1.5,221.77477477477478,231.26126126126124,126.36936936936938,135.85585585585585,0.12944523470839261,0.0,0.0,0.0,0.046875,0.175,0.0,0.0,0.3,0.015625,0.038461538461538464,0.0,0.0,1
1.0416666666666667,1.0416666666666667,0.0,0.0,1.5,221.77477477477478,231.26126126126124,126.36936936936938,135.85585585585585,0.12944523470839261,0.0,0.0,0.0,0.046875,0.175,0.0,0.0,0.3,0.015625,0.038461538461538464,0.0,0.0,1
1.0416666666666667,1.0416666666666667,0.0,0.0,1.5,221.77477477477478,231.26126126126124,126.36936936936938,135.85585585585585,0.12944523470839261,0.0,0.0,0.0,0.046875,0.175,0.0,0.0,0.3,0.015625,0.038461538461538464,0.0,0.0,1
1.0416666666666667,1.0416666666666667,0.0,0.0,1.5,221.77477477477478,231.26126126126124,126.36936936936938,135.85585585585585,0.12944523470839261,0.0,0.0,0.0,0.046875,0.175,0.0,0.0,0.3,0.015625,0.038461538461538464,0.0,0.0,1
0.875,0.8333333333333334,0.8333333333333334,0.16666666666666666,1.5,157.45045045045046,190.89189189189187,64.93693693693695,98.37837837837836,0.24893314366998578,0.4326923076923077,0.27692307692307694,0.0,0.015625,0.3,0.0,0.4375,0.2,0.171875,0.0,0.0,0.0,0
0.875,0.8333333333333334,0.8333333333333334,0.16666666666666666,1.5,157.45045045045046,190.89189189189187,64.93693693693695,98.37837837837836,0.24893314366998578,0.4326923076923077,0.27692307692307694,0.0,0.015625,0.3,0.0,0.4375,0.2,0.171875,0.0,0.0,0.0,0
0.875,0.8333333333333334,0.8333333333333334,0.16666666666666666,1.5,157.45045045045046,190.89189189189187,64.93693693693695,98.37837837837836,0.24893314366998578,0.4326923076923077,0.27692307692307694,0.0,0.015625,0.3,0.0,0.4375,0.2,0.171875,0.0,0.0,0.0,0
1.0416666666666667,1.0416666666666667,0.0,0.25,2.0,145.17117117117118,160.009009009009,24.360360360360374,39.198198198198185,0.3627311522048364,0.0,0.0,0.0,0.359375,0.475,0.375,0.203125,0.325,0.078125,0.09615384615384616,0.03076923076923077,0.18269230769230768,0
1.0416666666666667,1.0416666666666667,0.0,0.25,2.0,145.17117117117118,160.009009009009,24.360360360360374,39.198198198198185,0.3627311522048364,0.0,0.0,0.0,0.359375,0.475,0.375,0.203125,0.325,0.078125,0.09615384615384616,0.03076923076923077,0.18269230769230768,0
1.0416666666666667,1.0416666666666667,0.0,0.25,2.0,145.17117117117118,160.009009009009,24.360360360360374,39.198198198198185,0.3627311522048364,0.0,0.0,0.0,0.359375,0.475,0.375,0.203125,0.325,0.078125,0.09615384615384616,0.03076923076923077,0.18269230769230768,0
1.0416666666666667,1.0416666666666667,0.0,0.25,2.0,145.17117117117118,160.009009009009,24.360360360360374,39.198198198198185,0.3627311522048364,0.0,0.0,0.0,0.359375,0.475,0.375,0.203125,0.325,0.078125,0.09615384615384616,0.03076923076923077,0.18269230769230768,0
1.0416666666666667,0.875,0.0,0.9166666666666666,2.0,152.25225225225225,221.05405405405403,38.65765765765765,107.45945945945944,0.2332859174964438,0.0,0.0,0.0,0.375,0.3,0.0,0.109375,0.35,0.0,0.375,0.24615384615384617,0.0,0
1.0416666666666667,0.875,0.0,0.9166666666666666,2.0,152.25225225225225,221.05405405405403,38.65765765765765,107.45945945945944,0.2332859174964438,0.0,0.0,0.0,0.375,0.3,0.0,0.109375,0.35,0.0,0.375,0.24615384615384617,0.0,0
1.0416666666666667,0.875,0.0,0.9166666666666666,2.0,152.25225225225225,221.05405405405403,38.65765765765765,107.45945945945944,0.2332859174964438,0.0,0.0,0.0,0.375,0.3,0.0,0.109375,0.35,0.0,0.375,0.24615384615384617,0.0,0
0.875,0.875,1.0,0.16666666666666666,1.0,142.36036036036037,214.6846846846847,30.576576576576585,102.90090090090091,0.2773826458036984,0.22115384615384615,0.15384615384615385,0.0,0.25,0.3,0.0,0.3125,0.225,0.125,0.0,0.0,0.0,0
0.875,0.875,1.0,0.16666666666666666,1.0,142.36036036036037,214.6846846846847,30.576576576576585,102.90090090090091,0.2773826458036984,0.22115384615384615,0.15384615384615385,0.0,0.25,0.3,0.0,0.3125,0.225,0.125,0.0,0.0,0.0,0
0.875,0.875,1.0,0.16666666666666666,1.0,142.36036036036037,214.6846846846847,30.576576576576585,102.90090090090091,0.2773826458036984,0.22115384615384615,0.15384615384615385,0.0,0.25,0.3,0.0,0.3125,0.225,0.125,0.0,0.0,0.0,0
1.0416666666666667,1.0416666666666667,0.0,0.16666666666666666,2.0,221.2792792792793,150.47747747747746,112.27927927927931,41.477477477477464,0.2574679943100996,0.10576923076923077,0.0,0.07692307692307693,0.078125,0.3,0.390625,0.0,0.3,0.09375,0.0,0.0,0.0,1
1.04,1.04,0.0,0.0,2.0,223.91228070175438,222.859649122807,102.8859649122807,101.83333333333333,0.1440443213296399,0.0,0.0,0.019230769230769232,0.0,0.3,0.0,0.0,0.3111111111111111,0.0,0.0,0.0,0.0,1
0.84,0.8,0.8333333333333334,0.0,1.0,224.64912280701753,175.58771929824562,116.25438596491227,67.19298245614036,0.2188365650969529,0.0,0.2,0.3173076923076923,0.0,0.3,0.21875,0.0,0.15555555555555556,0.0,0.2692307692307692,0.26153846153846155,0.22115384615384615,0
0.84,0.8,0.8333333333333334,0.0,1.0,224.64912280701753,175.58771929824562,116.25438596491227,67.19298245614036,0.2188365650969529,0.0,0.2,0.3173076923076923,0.0,0.3,0.21875,0.0,0.15555555555555556,0.0,0.2692307692307692,0.26153846153846155,0.22115384615384615,0
1.04,1.04,0.0,0.0,2.0,227.33333333333334,221.05263157894737,122.75438596491229,116.47368421052632,0.19113573407202217,0.0,0.0,0.0,0.0,0.3,0.0,0.0,0.3333333333333333,0.0,0.0,0.0,0.0,1
1.0,1.0,0.1111111111111111,0.4722222222222222,6.0,207.7982456140351,109.0877192982456,124.00877192982458,25.298245614035082,0.3767313019390582,0.0,0.07692307692307693,0.09615384615384616,0.296875,0.425,0.328125,0.1111111111111111,0.6222222222222222,0.6111111111111112,0.0,0.13846153846153847,0.15384615384615385,0
1.0,1.0,0.1111111111111111,0.4722222222222222,6.0,207.7982456140351,109.0877192982456,124.00877192982458,25.298245614035082,0.3767313019390582,0.0,0.07692307692307693,0.09615384615384616,0.296875,0.425,0.328125,0.1111111111111111,0.6222222222222222,0.6111111111111112,0.0,0.13846153846153847,0.15384615384615385,0
1.0,1.0,0.1111111111111111,0.4722222222222222,6.0,207.7982456140351,109.0877192982456,124.00877192982458,25.298245614035082,0.3767313019390582,0.0,0.07692307692307693,0.09615384615384616,0.296875,0.425,0.328125,0.1111111111111111,0.6222222222222222,0.6111111111111112,0.0,0.13846153846153847,0.15384615384615385,0
1.0,1.0,0.1111111111111111,0.4722222222222222,6.0,207.7982456140351,109.0877192982456,124.00877192982458,25.298245614035082,0.3767313019390582,0.0,0.07692307692307693,0.09615384615384616,0.296875,0.425,0.328125,0.1111111111111111,0.6222222222222222,0.6111111111111112,0.0,0.13846153846153847,0.15384615384615385,0
1.0,1.0,0.1111111111111111,0.4722222222222222,6.0,207.7982456140351,109.0877192982456,124.00877192982458,25.298245614035082,0.3767313019390582,0.0,0.07692307692307693,0.09615384615384616,0.296875,0.425,0.328125,0.1111111111111111,0.6222222222222222,0.6111111111111112,0.0,0.13846153846153847,0.15384615384615385,0
1.04,1.04,0.0,0.16666666666666666,1.0,219.6315789473684,216.15789473684208,132.15789473684208,128.68421052631578,0.16481994459833796,0.0,0.0,0.0,0.0,0.15,0.0,0.0,0.2,0.0,0.0,0.0,0.0,1
1.04,1.04,0.0,0.16666666666666666,1.0,219.6315789473684,216.15789473684208,132.15789473684208,128.68421052631578,0.16481994459833796,0.0,0.0,0.0,0.0,0.15,0.0,0.0,0.2,0.0,0.0,0.0,0.0,1
1.04,1.04,0.0,0.16666666666666666,1.0,219.6315789473684,216.15789473684208,132.15789473684208,128.68421052631578,0.16481994459833796,0.0,0.0,0.0,0.0,0.15,0.0,0.0,0.2,0.0,0.0,0.0,0.0,1
1.04,1.04,0.0,0.16666666666666666,1.0,219.6315789473684,216.15789473684208,132.15789473684208,128.68421052631578,0.16481994459833796,0.0,0.0,0.0,0.0,0.15,0.0,0.0,0.2,0.0,0.0,0.0,0.0,1
1.04,1.04,0.0,0.16666666666666666,2.0,218.90350877192984,254.33333333333334,109.69298245614036,145.12280701754386,0.13434903047091412,0.0,0.0,0.0,0.0,0.35,0.0,0.0,0.3111111111111111,0.0,0.0,0.0,0.0,1
1.04,1.04,0.0,0.16666666666666666,2.0,218.90350877192984,254.33333333333334,109.69298245614036,145.12280701754386,0.13434903047091412,0.0,0.0,0.0,0.0,0.35,0.0,0.0,0.3111111111111111,0.0,0.0,0.0,0.0,1
1.04,1.04,0.0,0.16666666666666666,2.0,218.90350877192984,254.33333333333334,109.69298245614036,145.12280701754386,0.13434903047091412,0.0,0.0,0.0,0.0,0.35,0.0,0.0,0.3111111111111111,0.0,0.0,0.0,0.0,1
1.04,1.04,0.0,0.16666666666666666,2.0,218.90350877192984,254.33333333333334,109.69298245614036,145.12280701754386,0.13434903047091412,0.0,0.0,0.0,0.0,0.35,0.0,0.0,0.3111111111111111,0.0,0.0,0.0,0.0,1
0.9166666666666666,0.7916666666666666,0.0,1.0,1.0,223.80180180180182,172.0990990990991,121.12612612612614,69.42342342342343,0.17496443812233287,0.0,0.046153846153846156,0.10576923076923077,0.0,0.25,0.296875,0.0,0.2,0.0,0.0,0.07692307692307693,0.0,0
0.9166666666666666,0.7916666666666666,0.0,1.0,1.0,223.80180180180182,172.0990990990991,121.12612612612614,69.42342342342343,0.17496443812233287,0.0,0.046153846153846156,0.10576923076923077,0.0,0.25,0.296875,0.0,0.2,0.0,0.0,0.07692307692307693,0.0,0
0.9166666666666666,0.7916666666666666,0.0,1.0,1.0,223.80180180180182,172.0990990990991,121.12612612612614,69.42342342342343,0.17496443812233287,0.0,0.046153846153846156,0.10576923076923077,0.0,0.25,0.296875,0.0,0.2,0.0,0.0,0.07692307692307693,0.0,0
0.9166666666666666,0.7916666666666666,0.0,1.0,1.0,223.80180180180182,172.0990990990991,121.12612612612614,69.42342342342343,0.17496443812233287,0.0,0.046153846153846156,0.10576923076923077,0.0,0.25,0.296875,0.0,0.2,0.0,0.0,0.07692307692307693,0.0,0
1.0,1.0,0.0,0.16666666666666666,1.0,225.13513513513513,224.5855855855856,128.72972972972974,128.18018018018017,0.12091038406827881,0.0,0.0,0.019230769230769232,0.0,0.15,0.0,0.0,0.175,0.0,0.0,0.0,0.0,1
1.0,1.0,0.0,0.16666666666666666,1.0,225.13513513513513,224.5855855855856,128.72972972972974,128.18018018018017,0.12091038406827881,0.0,0.0,0.019230769230769232,0.0,0.15,0.0,0.0,0.175,0.0,0.0,0.0,0.0,1
1.0,1.0,0.0,0.16666666666666666,1.0,225.13513513513513,224.5855855855856,128.72972972972974,128.18018018018017,0.12091038406827881,0.0,0.0,0.019230769230769232,0.0,0.15,0.0,0.0,0.175,0.0,0.0,0.0,0.0,1
1.0,1.0,0.0,0.16666666666666666,1.0,225.13513513513513,224.5855855855856,128.72972972972974,128.18018018018017,0.12091038406827881,0.0,0.0,0.019230769230769232,0.0,0.15,0.0,0.0,0.175,0.0,0.0,0.0,0.0,1
1.0,0.9166666666666666,0.0,0.6666666666666666,1.0,188.85585585585582,155.972972972973,79.20720720720718,46.32432432432435,0.27880512091038406,0.14423076923076922,0.13846153846153847,0.14423076923076922,0.0,0.275,0.234375,0.25,0.4,0.265625,0.5096153846153846,0.3230769230769231,0.28846153846153844,0
1.0,0.9166666666666666,0.0,0.6666666666666666,1.0,188.85585585585582,155.972972972973,79.20720720720718,46.32432432432435,0.27880512091038406,0.14423076923076922,0.13846153846153847,0.14423076923076922,0.0,0.275,0.234375,0.25,0.4,0.265625,0.5096153846153846,0.3230769230769231,0.28846153846153844,0
1.0,1.0,0.0,0.3333333333333333,2.0,216.9009009009009,216.85585585585588,120.9009009009009,120.85585585585588,0.16642958748221906,0.0,0.0,0.028846153846153848,0.0,0.275,0.0,0.0,0.225,0.0,0.17307692307692307,0.16923076923076924,0.22115384615384615,1
1.0,1.0,0.0,0.3333333333333333,2.0,216.9009009009009,216.85585585585588,120.9009009009009,120.85585585585588,0.16642958748221906,0.0,0.0,0.028846153846153848,0.0,0.275,0.0,0.0,0.225,0.0,0.17307692307692307,0.16923076923076924,0.22115384615384615,1
1.0,1.0,0.0,0.3333333333333333,2.0,216.9009009009009,216.85585585585588,120.9009009009009,120.85585585585588,0.16642958748221906,0.0,0.0,0.028846153846153848,0.0,0.275,0.0,0.0,0.225,0.0,0.17307692307692307,0.16923076923076924,0.22115384615384615,1
1.0,1.0,0.0,0.3333333333333333,2.0,216.9009009009009,216.85585585585588,120.9009009009009,120.85585585585588,0.16642958748221906,0.0,0.0,0.028846153846153848,0.0,0.275,0.0,0.0,0.225,0.0,0.17307692307692307,0.16923076923076924,0.22115384615384615,1
1.0416666666666667,1.0,0.0,0.16666666666666666,2.0,228.8378378378378,224.33333333333334,119.56756756756754,115.06306306306307,0.1337126600284495,0.0,0.0,0.057692307692307696,0.0,0.325,0.0,0.0,0.3,0.0,0.0,0.0,0.0,1
1.0416666666666667,1.0,0.0,0.16666666666666666,2.0,228.8378378378378,224.33333333333334,119.56756756756754,115.06306306306307,0.1337126600284495,0.0,0.0,0.057692307692307696,0.0,0.325,0.0,0.0,0.3,0.0,0.0,0.0,0.0,1
1.0416666666666667,1.0,0.0,0.16666666666666666,2.0,228.8378378378378,224.33333333333334,119.56756756756754,115.06306306306307,0.1337126600284495,0.0,0.0,0.057692307692307696,0.0,0.325,0.0,0.0,0.3,0.0,0.0,0.0,0.0,1
1.0416666666666667,1.0,0.0,0.16666666666666666,2.0,228.8378378378378,224.33333333333334,119.56756756756754,115.06306306306307,0.1337126600284495,0.0,0.0,0.057692307692307696,0.0,0.325,0.0,0.0,0.3,0.0,0.0,0.0,0.0,1
1.0,1.0,0.0,0.25,2.0,220.22522522522522,254.20720720720723,96.68468468468467,130.66666666666669,0.10384068278805121,0.0,0.0,0.0,0.0,0.325,0.0,0.125,0.35,0.0,0.0,0.0,0.0,1
1.0,1.0,0.0,0.25,2.0,220.22522522522522,254.20720720720723,96.68468468468467,130.66666666666669,0.10384068278805121,0.0,0.0,0.0,0.0,0.325,0.0,0.125,0.35,0.0,0.0,0.0,0.0,1
1.0,1.0,0.0,0.25,2.0,220.22522522522522,254.20720720720723,96.68468468468467,130.66666666666669,0.10384068278805121,0.0,0.0,0.0,0.0,0.325,0.0,0.125,0.35,0.0,0.0,0.0,0.0,1
1.0416666666666667,0.7083333333333334,0.6666666666666666,0.16666666666666666,1.0,190.74774774774775,152.89189189189187,95.93693693693695,58.08108108108107,0.27311522048364156,0.0,0.16923076923076924,0.2403846153846154,0.0,0.225,0.140625,0.375,0.45,0.375,0.0,0.0,0.0,0
1.0416666666666667,0.7083333333333334,0.6666666666666666,0.16666666666666666,1.0,190.74774774774775,152.89189189189187,95.93693693693695,58.08108108108107,0.27311522048364156,0.0,0.16923076923076924,0.2403846153846154,0.0,0.225,0.140625,0.375,0.45,0.375,0.0,0.0,0.0,0
1.0416666666666667,0.7083333333333334,0.6666666666666666,0.16666666666666666,1.0,190.74774774774775,152.89189189189187,95.93693693693695,58.08108108108107,0.27311522048364156,0.0,0.16923076923076924,0.2403846153846154,0.0,0.225,0.140625,0.375,0.45,0.375,0.0,0.0,0.0,0
1.0416666666666667,1.0416666666666667,0.0,0.16666666666666666,2.0,231.10810810810813,229.09009009009011,107.21621621621624,105.19819819819823,0.11095305832147938,0.0,0.0,0.038461538461538464,0.0,0.275,0.0,0.0,0.3,0.0,0.0,0.0,0.0,1
1.0416666666666667,1.0416666666666667,0.0,0.16666666666666666,2.0,231.10810810810813,229.09009009009011,107.21621621621624,105.19819819819823,0.11095305832147938,0.0,0.0,0.038461538461538464,0.0,0.275,0.0,0.0,0.3,0.0,0.0,0.0,0.0,1
1.0416666666666667,1.0416666666666667,0.0,0.16666666666666666,2.0,231.10810810810813,229.09009009009011,107.21621621621624,105.19819819819823,0.11095305832147938,0.0,0.0,0.038461538461538464,0.0,0.275,0.0,0.0,0.3,0.0,0.0,0.0,0.0,1
1.0416666666666667,1.0,0.0,0.16666666666666666,2.0,228.42342342342343,228.972972972973,83.31531531531533,83.8648648648649,0.10526315789473684,0.0,0.0,0.0,0.0,0.3,0.0,0.0,0.3,0.0,0.0,0.0,0.019230769230769232,1
1.0416666666666667,1.0,0.0,0.16666666666666666,2.0,228.42342342342343,228.972972972973,83.31531531531533,83.8648648648649,0.10526315789473684,0.0,0.0,0.0,0.0,0.3,0.0,0.0,0.3,0.0,0.0,0.0,0.019230769230769232,1
1.0416666666666667,1.0,0.0,0.16666666666666666,2.0,228.42342342342343,228.972972972973,83.31531531531533,83.8648648648649,0.10526315789473684,0.0,0.0,0.0,0.0,0.3,0.0,0.0,0.3,0.0,0.0,0.0,0.019230769230769232,1
1.0416666666666667,1.0416666666666667,0.0,0.16666666666666666,2.0,229.47747747747746,227.81081081081084,142.36936936936934,140.7027027027027,0.09815078236130868,0.0,0.0,0.0,0.0,0.3,0.0,0.0,0.225,0.0,0.0,0.0,0.0,1
1.0416666666666667,1.0416666666666667,0.0,0.16666666666666666,2.0,229.47747747747746,227.81081081081084,142.36936936936934,140.7027027027027,0.09815078236130868,0.0,0.0,0.0,0.0,0.3,0.0,0.0,0.225,0.0,0.0,0.0,0.0,1
1.0416666666666667,1.0416666666666667,0.0,0.16666666666666666,2.0,229.47747747747746,227.81081081081084,142.36936936936934,140.7027027027027,0.09815078236130868,0.0,0.0,0.0,0.0,0.3,0.0,0.0,0.225,0.0,0.0,0.0,0.0,1
1.0416666666666667,1.0416666666666667,0.16666666666666666,0.16666666666666666,1.0,230.91891891891893,254.21621621621622,143.02702702702703,166.32432432432432,0.06827880512091039,0.0,0.0,0.0,0.0,0.15,0.0,0.0,0.15,0.0,0.0,0.0,0.0,1
1.0416666666666667,1.0416666666666667,0.16666666666666666,0.16666666666666666,1.0,230.91891891891893,254.21621621621622,143.02702702702703,166.32432432432432,0.06827880512091039,0.0,0.0,0.0,0.0,0.15,0.0,0.0,0.15,0.0,0.0,0.0,0.0,1
1.0416666666666667,1.0,0.0,0.16666666666666666,1.0,226.25225225225225,224.80180180180182,126.46846846846846,125.01801801801803,0.16642958748221906,0.019230769230769232,0.0,0.14423076923076922,0.0,0.15,0.0,0.0,0.175,0.0625,0.0,0.0,0.0,1
1.0416666666666667,1.0,0.0,0.16666666666666666,1.0,226.25225225225225,224.80180180180182,126.46846846846846,125.01801801801803,0.16642958748221906,0.019230769230769232,0.0,0.14423076923076922,0.0,0.15,0.0,0.0,0.175,0.0625,0.0,0.0,0.0,1
1.0416666666666667,1.0,0.0,0.16666666666666666,1.0,226.25225225225225,224.80180180180182,126.46846846846846,125.01801801801803,0.16642958748221906,0.019230769230769232,0.0,0.14423076923076922,0.0,0.15,0.0,0.0,0.175,0.0625,0.0,0.0,0.0,1
1.0416666666666667,1.0,0.0,0.16666666666666666,1.0,226.25225225225225,224.80180180180182,126.46846846846846,125.01801801801803,0.16642958748221906,0.019230769230769232,0.0,0.14423076923076922,0.0,0.15,0.0,0.0,0.175,0.0625,0.0,0.0,0.0,1
1.0,0.9166666666666666,0.0,0.16666666666666666,1.0,223.99099099099098,226.03603603603605,93.47747747747746,95.52252252252254,0.155049786628734,0.028846153846153848,0.0,0.14423076923076922,0.0,0.2,0.09375,0.0,0.275,0.0625,0.019230769230769232,0.0,0.15384615384615385,1
1.0,0.9166666666666666,0.0,0.16666666666666666,1.0,223.99099099099098,226.03603603603605,93.47747747747746,95.52252252252254,0.155049786628734,0.028846153846153848,0.0,0.14423076923076922,0.0,0.2,0.09375,0.0,0.275,0.0625,0.019230769230769232,0.0,0.15384615384615385,1
1.0,0.9166666666666666,0.0,0.16666666666666666,1.0,223.99099099099098,226.03603603603605,93.47747747747746,95.52252252252254,0.155049786628734,0.028846153846153848,0.0,0.14423076923076922,0.0,0.2,0.09375,0.0,0.275,0.0625,0.019230769230769232,0.0,0.15384615384615385,1
1.0,0.9166666666666666,0.0,0.16666666666666666,1.0,223.99099099099098,226.03603603603605,93.47747747747746,95.52252252252254,0.155049786628734,0.028846153846153848,0.0,0.14423076923076922,0.0,0.2,0.09375,0.0,0.275,0.0625,0.019230769230769232,0.0,0.15384615384615385,1
1.0416666666666667,1.0416666666666667,0.0,0.16666666666666666,1.0,212.36936936936937,254.23423423423424,116.61261261261261,158.47747747747746,0.12944523470839261,0.0,0.0,0.0,0.0,0.15,0.0,0.328125,0.175,0.0,0.0673076923076923,0.0,0.0,1
1.0416666666666667,1.0416666666666667,0.0,0.16666666666666666,1.0,212.36936936936937,254.23423423423424,116.61261261261261,158.47747747747746,0.12944523470839261,0.0,0.0,0.0,0.0,0.15,0.0,0.328125,0.175,0.0,0.0673076923076923,0.0,0.0,1
1.0,1.0,0.3333333333333333,0.0,1.0,225.62280701754386,232.83333333333334,134.25438596491227,141.46491228070175,0.10249307479224377,0.0,0.0,0.019230769230769232,0.0234375,0.4125,0.1328125,0.04411764705882353,0.23529411764705882,0.0,0.0,0.0,0.0,1
1.0,1.0,0.3333333333333333,0.0,1.0,225.62280701754386,232.83333333333334,134.25438596491227,141.46491228070175,0.10249307479224377,0.0,0.0,0.019230769230769232,0.0234375,0.4125,0.1328125,0.04411764705882353,0.23529411764705882,0.0,0.0,0.0,0.0,1
1.0,1.0,0.3333333333333333,0.0,1.0,225.62280701754386,232.83333333333334,134.25438596491227,141.46491228070175,0.10249307479224377,0.0,0.0,0.019230769230769232,0.0234375,0.4125,0.1328125,0.04411764705882353,0.23529411764705882,0.0,0.0,0.0,0.0,1
1.0,1.0,0.3333333333333333,0.0,1.0,225.62280701754386,232.83333333333334,134.25438596491227,141.46491228070175,0.10249307479224377,0.0,0.0,0.019230769230769232,0.0234375,0.4125,0.1328125,0.04411764705882353,0.23529411764705882,0.0,0.0,0.0,0.0,1
1.0,1.0,0.16666666666666666,0.0,2.0,220.140350877193,228.94736842105263,97.27192982456141,106.07894736842105,0.13573407202216067,0.0,0.0,0.0,0.125,0.425,0.0625,0.11029411764705882,0.3764705882352941,0.007352941176470588,0.0,0.0,0.0,1
1.04,0.72,0.16666666666666666,0.8333333333333334,1.0,152.18421052631578,115.78070175438597,79.3157894736842,42.9122807017544,0.4515235457063712,0.038461538461538464,0.12307692307692308,0.25961538461538464,0.25,0.375,0.25,0.6470588235294118,0.7058823529411765,0.5,0.16346153846153846,0.23076923076923078,0.3076923076923077,0
1.04,0.72,0.16666666666666666,0.8333333333333334,1.0,152.18421052631578,115.78070175438597,79.3157894736842,42.9122807017544,0.4515235457063712,0.038461538461538464,0.12307692307692308,0.25961538461538464,0.25,0.375,0.25,0.6470588235294118,0.7058823529411765,0.5,0.16346153846153846,0.23076923076923078,0.3076923076923077,0
1.04,0.72,0.16666666666666666,0.8333333333333334,1.0,152.18421052631578,115.78070175438597,79.3157894736842,42.9122807017544,0.4515235457063712,0.038461538461538464,0.12307692307692308,0.25961538461538464,0.25,0.375,0.25,0.6470588235294118,0.7058823529411765,0.5,0.16346153846153846,0.23076923076923078,0.3076923076923077,0
1.04,0.72,0.16666666666666666,0.8333333333333334,1.0,152.18421052631578,115.78070175438597,79.3157894736842,42.9122807017544,0.4515235457063712,0.038461538461538464,0.12307692307692308,0.25961538461538464,0.25,0.375,0.25,0.6470588235294118,0.7058823529411765,0.5,0.16346153846153846,0.23076923076923078,0.3076923076923077,0
1.0416666666666667,1.0,0.0,0.16666666666666666,2.0,222.6936936936937,221.7027027027027,87.26126126126127,86.27027027027029,0.17069701280227595,0.0,0.0,0.0,0.0,0.3,0.0,0.0,0.3,0.0,0.0,0.23076923076923078,0.1346153846153846,1
1.0416666666666667,1.0,0.0,0.16666666666666666,2.0,222.6936936936937,221.7027027027027,87.26126126126127,86.27027027027029,0.17069701280227595,0.0,0.0,0.0,0.0,0.3,0.0,0.0,0.3,0.0,0.0,0.23076923076923078,0.1346153846153846,1
1.0416666666666667,1.0,0.0,0.16666666666666666,2.0,222.6936936936937,221.7027027027027,87.26126126126127,86.27027027027029,0.17069701280227595,0.0,0.0,0.0,0.0,0.3,0.0,0.0,0.3,0.0,0.0,0.23076923076923078,0.1346153846153846,1
1.0416666666666667,1.0416666666666667,1.0,0.3333333333333333,1.0,188.0,189.34234234234236,99.35135135135135,100.69369369369372,0.2716927453769559,0.038461538461538464,0.49230769230769234,0.2692307692307692,0.0,0.2,0.0,0.3125,0.45,0.34375,0.019230769230769232,0.13846153846153847,0.0673076923076923,0
1.0416666666666667,1.0416666666666667,1.0,0.3333333333333333,1.0,188.0,189.34234234234236,99.35135135135135,100.69369369369372,0.2716927453769559,0.038461538461538464,0.49230769230769234,0.2692307692307692,0.0,0.2,0.0,0.3125,0.45,0.34375,0.019230769230769232,0.13846153846153847,0.0673076923076923,0
1.0416666666666667,1.0,0.0,0.16666666666666666,2.0,226.1801801801802,221.7027027027027,129.12612612612617,124.64864864864866,0.15362731152204837,0.0,0.0,0.0,0.0,0.2,0.0,0.0,0.325,0.0,0.0,0.0,0.0,1
1.0416666666666667,1.0,0.0,0.16666666666666666,2.0,226.1801801801802,221.7027027027027,129.12612612612617,124.64864864864866,0.15362731152204837,0.0,0.0,0.0,0.0,0.2,0.0,0.0,0.325,0.0,0.0,0.0,0.0,1
1.0416666666666667,1.0,0.0,0.16666666666666666,2.0,226.1801801801802,221.7027027027027,129.12612612612617,124.64864864864866,0.15362731152204837,0.0,0.0,0.0,0.0,0.2,0.0,0.0,0.325,0.0,0.0,0.0,0.0,1
1.0416666666666667,1.0,0.0,0.16666666666666666,2.0,226.1801801801802,221.7027027027027,129.12612612612617,124.64864864864866,0.15362731152204837,0.0,0.0,0.0,0.0,0.2,0.0,0.0,0.325,0.0,0.0,0.0,0.0,1
1.0416666666666667,0.9583333333333334,0.0,1.0,1.0,200.1891891891892,164.16216216216216,96.83783783783784,60.81081081081081,0.2546230440967283,0.0,0.0,0.0,0.0,0.3,0.21875,0.21875,0.3,0.0,0.36538461538461536,0.46153846153846156,0.4423076923076923,0
1.0416666666666667,0.9583333333333334,0.0,1.0,1.0,200.1891891891892,164.16216216216216,96.83783783783784,60.81081081081081,0.2546230440967283,0.0,0.0,0.0,0.0,0.3,0.21875,0.21875,0.3,0.0,0.36538461538461536,0.46153846153846156,0.4423076923076923,0
1.0416666666666667,1.0,0.0,0.3333333333333333,2.0,219.8108108108108,254.36036036036035,116.43243243243244,150.98198198198196,0.08534850640113797,0.0,0.0,0.0,0.0,0.25,0.0,0.0,0.3,0.0,0.0,0.0,0.0,1
1.0416666666666667,1.0,0.0,0.3333333333333333,2.0,219.8108108108108,254.36036036036035,116.43243243243244,150.98198198198196,0.08534850640113797,0.0,0.0,0.0,0.0,0.25,0.0,0.0,0.3,0.0,0.0,0.0,0.0,1
1.0416666666666667,1.0,0.0,0.3333333333333333,2.0,219.8108108108108,254.36036036036035,116.43243243243244,150.98198198198196,0.08534850640113797,0.0,0.0,0.0,0.0,0.25,0.0,0.0,0.3,0.0,0.0,0.0,0.0,1
1.0416666666666667,1.0,0.0,0.3333333333333333,2.0,219.8108108108108,254.36036036036035,116.43243243243244,150.98198198198196,0.08534850640113797,0.0,0.0,0.0,0.0,0.25,0.0,0.0,0.3,0.0,0.0,0.0,0.0,1
0.9333333333333333,0.9333333333333333,1.0,0.0,1.0,135.99290780141845,157.7872340425532,32.84397163120569,54.63829787234043,0.40869565217391307,0.31666666666666665,0.41333333333333333,0.4666666666666667,0.5657894736842105,0.6,0.45394736842105265,0.25,0.25263157894736843,0.29605263157894735,0.05,0.0,0.0,0
0.9333333333333333,0.9333333333333333,1.0,0.0,1.0,135.99290780141845,157.7872340425532,32.84397163120569,54.63829787234043,0.40869565217391307,0.31666666666666665,0.41333333333333333,0.4666666666666667,0.5657894736842105,0.6,0.45394736842105265,0.25,0.25263157894736843,0.29605263157894735,0.05,0.0,0.0,0
0.9333333333333333,0.9333333333333333,1.0,0.0,1.0,135.99290780141845,157.7872340425532,32.84397163120569,54.63829787234043,0.40869565217391307,0.31666666666666665,0.41333333333333333,0.4666666666666667,0.5657894736842105,0.6,0.45394736842105265,0.25,0.25263157894736843,0.29605263157894735,0.05,0.0,0.0,0
0.9,0.8666666666666667,0.25,0.0,2.0,226.88652482269504,219.6950354609929,94.80141843971631,87.60992907801418,0.19806763285024154,0.10833333333333334,0.10666666666666667,0.016666666666666666,0.07894736842105263,0.3894736842105263,0.2631578947368421,0.046052631578947366,0.3263157894736842,0.17105263157894737,0.0,0.0,0.09166666666666666,1
0.9,0.8666666666666667,0.25,0.0,2.0,226.88652482269504,219.6950354609929,94.80141843971631,87.60992907801418,0.19806763285024154,0.10833333333333334,0.10666666666666667,0.016666666666666666,0.07894736842105263,0.3894736842105263,0.2631578947368421,0.046052631578947366,0.3263157894736842,0.17105263157894737,0.0,0.0,0.09166666666666666,1
0.9,0.8666666666666667,0.25,0.0,2.0,226.88652482269504,219.6950354609929,94.80141843971631,87.60992907801418,0.19806763285024154,0.10833333333333334,0.10666666666666667,0.016666666666666666,0.07894736842105263,0.3894736842105263,0.2631578947368421,0.046052631578947366,0.3263157894736842,0.17105263157894737,0.0,0.0,0.09166666666666666,1
0.9,0.8666666666666667,0.25,0.0,2.0,226.88652482269504,219.6950354609929,94.80141843971631,87.60992907801418,0.19806763285024154,0.10833333333333334,0.10666666666666667,0.016666666666666666,0.07894736842105263,0.3894736842105263,0.2631578947368421,0.046052631578947366,0.3263157894736842,0.17105263157894737,0.0,0.0,0.09166666666666666,1
0.9333333333333333,0.9,0.0,0.0,2.0,227.23404255319147,217.68794326241132,74.65957446808508,65.11347517730493,0.17681159420289855,0.041666666666666664,0.0,0.0,0.23684210526315788,0.43157894736842106,0.16447368421052633,0.0,0.3684210526315789,0.20394736842105263,0.0,0.0,0.11666666666666667,1
0.9333333333333333,0.9,0.0,0.0,2.0,227.23404255319147,217.68794326241132,74.65957446808508,65.11347517730493,0.17681159420289855,0.041666666666666664,0.0,0.0,0.23684210526315788,0.43157894736842106,0.16447368421052633,0.0,0.3684210526315789,0.20394736842105263,0.0,0.0,0.11666666666666667,1
0.9333333333333333,0.9,0.0,0.0,2.0,227.23404255319147,217.68794326241132,74.65957446808508,65.11347517730493,0.17681159420289855,0.041666666666666664,0.0,0.0,0.23684210526315788,0.43157894736842106,0.16447368421052633,0.0,0.3684210526315789,0.20394736842105263,0.0,0.0,0.11666666666666667,1
1.0,0.9333333333333333,0.0,0.16666666666666666,3.0,234.34751773049643,151.31914893617022,127.4964539007092,44.468085106382986,0.25507246376811593,0.11666666666666667,0.09333333333333334,0.09166666666666666,0.19736842105263158,0.3368421052631579,0.23684210526315788,0.02631578947368421,0.5157894736842106,0.5855263157894737,0.0,0.0,0.0,0
1.0,0.9333333333333333,0.0,0.16666666666666666,3.0,234.34751773049643,151.31914893617022,127.4964539007092,44.468085106382986,0.25507246376811593,0.11666666666666667,0.09333333333333334,0.09166666666666666,0.19736842105263158,0.3368421052631579,0.23684210526315788,0.02631578947368421,0.5157894736842106,0.5855263157894737,0.0,0.0,0.0,0
1.0,0.9333333333333333,0.0,0.16666666666666666,3.0,234.34751773049643,151.31914893617022,127.4964539007092,44.468085106382986,0.25507246376811593,0.11666666666666667,0.09333333333333334,0.09166666666666666,0.19736842105263158,0.3368421052631579,0.23684210526315788,0.02631578947368421,0.5157894736842106,0.5855263157894737,0.0,0.0,0.0,0
1.0,0.9333333333333333,0.0,0.16666666666666666,3.0,234.34751773049643,151.31914893617022,127.4964539007092,44.468085106382986,0.25507246376811593,0.11666666666666667,0.09333333333333334,0.09166666666666666,0.19736842105263158,0.3368421052631579,0.23684210526315788,0.02631578947368421,0.5157894736842106,0.5855263157894737,0.0,0.0,0.0,0
1.0,0.9333333333333333,0.0,0.16666666666666666,3.0,234.34751773049643,151.31914893617022,127.4964539007092,44.468085106382986,0.25507246376811593,0.11666666666666667,0.09333333333333334,0.09166666666666666,0.19736842105263158,0.3368421052631579,0.23684210526315788,0.02631578947368421,0.5157894736842106,0.5855263157894737,0.0,0.0,0.0,0
0.9,0.8666666666666667,0.16666666666666666,0.0,1.0,227.82978723404256,253.61702127659575,112.97872340425532,138.7659574468085,0.09178743961352658,0.1,0.10666666666666667,0.0,0.17763157894736842,0.17894736842105263,0.0,0.08552631578947369,0.25263157894736843,0.0,0.0,0.0,0.0,1
0.9,0.8666666666666667,0.16666666666666666,0.0,1.0,227.82978723404256,253.61702127659575,112.97872340425532,138.7659574468085,0.09178743961352658,0.1,0.10666666666666667,0.0,0.17763157894736842,0.17894736842105263,0.0,0.08552631578947369,0.25263157894736843,0.0,0.0,0.0,0.0,1
0.9,0.8666666666666667,0.16666666666666666,0.0,1.0,227.82978723404256,253.61702127659575,112.97872340425532,138.7659574468085,0.09178743961352658,0.1,0.10666666666666667,0.0,0.17763157894736842,0.17894736842105263,0.0,0.08552631578947369,0.25263157894736843,0.0,0.0,0.0,0.0,1
0.9,0.8666666666666667,0.16666666666666666,0.0,1.0,227.82978723404256,253.61702127659575,112.97872340425532,138.7659574468085,0.09178743961352658,0.1,0.10666666666666667,0.0,0.17763157894736842,0.17894736842105263,0.0,0.08552631578947369,0.25263157894736843,0.0,0.0,0.0,0.0,1
0.7916666666666666,0.7083333333333334,0.08333333333333333,0.0,6.0,228.8378378378378,154.72072072072072,102.7297297297297,28.612612612612608,0.2034139402560455,0.27884615384615385,0.18461538461538463,0.10576923076923077,0.03125,0.4875,0.5625,0.0,0.1875,0.3203125,0.0,0.0,0.0,0
0.7916666666666666,0.7083333333333334,0.08333333333333333,0.0,6.0,228.8378378378378,154.72072072072072,102.7297297297297,28.612612612612608,0.2034139402560455,0.27884615384615385,0.18461538461538463,0.10576923076923077,0.03125,0.4875,0.5625,0.0,0.1875,0.3203125,0.0,0.0,0.0,0
0.7916666666666666,0.7083333333333334,0.08333333333333333,0.0,6.0,228.8378378378378,154.72072072072072,102.7297297297297,28.612612612612608,0.2034139402560455,0.27884615384615385,0.18461538461538463,0.10576923076923077,0.03125,0.4875,0.5625,0.0,0.1875,0.3203125,0.0,0.0,0.0,0
0.7916666666666666,0.7083333333333334,0.08333333333333333,0.0,6.0,228.8378378378378,154.72072072072072,102.7297297297297,28.612612612612608,0.2034139402560455,0.27884615384615385,0.18461538461538463,0.10576923076923077,0.03125,0.4875,0.5625,0.0,0.1875,0.3203125,0.0,0.0,0.0,0
0.875,0.75,0.19047619047619047,0.0,7.0,163.49549549549548,161.34234234234233,66.09009009009007,63.93693693693693,0.3456614509246088,0.19230769230769232,0.4153846153846154,0.33653846153846156,0.4453125,0.5375,0.390625,0.3515625,0.375,0.4375,0.0,0.0,0.0,0
0.875,0.75,0.19047619047619047,0.0,7.0,163.49549549549548,161.34234234234233,66.09009009009007,63.93693693693693,0.3456614509246088,0.19230769230769232,0.4153846153846154,0.33653846153846156,0.4453125,0.5375,0.390625,0.3515625,0.375,0.4375,0.0,0.0,0.0,0
0.875,0.75,0.19047619047619047,0.0,7.0,163.49549549549548,161.34234234234233,66.09009009009007,63.93693693693693,0.3456614509246088,0.19230769230769232,0.4153846153846154,0.33653846153846156,0.4453125,0.5375,0.390625,0.3515625,0.375,0.4375,0.0,0.0,0.0,0
0.875,0.75,0.19047619047619047,0.0,7.0,163.49549549549548,161.34234234234233,66.09009009009007,63.93693693693693,0.3456614509246088,0.19230769230769232,0.4153846153846154,0.33653846153846156,0.4453125,0.5375,0.390625,0.3515625,0.375,0.4375,0.0,0.0,0.0,0
0.875,0.75,0.19047619047619047,0.0,7.0,163.49549549549548,161.34234234234233,66.09009009009007,63.93693693693693,0.3456614509246088,0.19230769230769232,0.4153846153846154,0.33653846153846156,0.4453125,0.5375,0.390625,0.3515625,0.375,0.4375,0.0,0.0,0.0,0
0.9583333333333334,0.8333333333333334,0.2222222222222222,0.0,6.0,152.08108108108107,214.7027027027027,41.56756756756755,104.1891891891892,0.2503556187766714,0.2980769230769231,0.35384615384615387,0.40384615384615385,0.3828125,0.4125,0.125,0.4609375,0.3875,0.0625,0.0,0.0,0.0,0
0.9583333333333334,0.8333333333333334,0.2222222222222222,0.0,6.0,152.08108108108107,214.7027027027027,41.56756756756755,104.1891891891892,0.2503556187766714,0.2980769230769231,0.35384615384615387,0.40384615384615385,0.3828125,0.4125,0.125,0.4609375,0.3875,0.0625,0.0,0.0,0.0,0
0.9583333333333334,0.8333333333333334,0.2222222222222222,0.0,6.0,152.08108108108107,214.7027027027027,41.56756756756755,104.1891891891892,0.2503556187766714,0.2980769230769231,0.35384615384615387,0.40384615384615385,0.3828125,0.4125,0.125,0.4609375,0.3875,0.0625,0.0,0.0,0.0,0
0.9583333333333334,0.8333333333333334,0.2222222222222222,0.0,6.0,152.08108108108107,214.7027027027027,41.56756756756755,104.1891891891892,0.2503556187766714,0.2980769230769231,0.35384615384615387,0.40384615384615385,0.3828125,0.4125,0.125,0.4609375,0.3875,0.0625,0.0,0.0,0.0,0
1.0416666666666667,0.9583333333333334,0.3888888888888889,0.0,6.0,223.36036036036035,142.22522522522522,139.65765765765764,58.52252252252251,0.2773826458036984,0.40384615384615385,0.3384615384615385,0.3076923076923077,0.125,0.3,0.109375,0.0625,0.5125,0.7109375,0.0,0.0,0.0,0
1.0416666666666667,0.9583333333333334,0.3888888888888889,0.0,6.0,223.36036036036035,142.22522522522522,139.65765765765764,58.52252252252251,0.2773826458036984,0.40384615384615385,0.3384615384615385,0.3076923076923077,0.125,0.3,0.109375,0.0625,0.5125,0.7109375,0.0,0.0,0.0,0
1.0416666666666667,0.9583333333333334,0.3888888888888889,0.0,6.0,223.36036036036035,142.22522522522522,139.65765765765764,58.52252252252251,0.2773826458036984,0.40384615384615385,0.3384615384615385,0.3076923076923077,0.125,0.3,0.109375,0.0625,0.5125,0.7109375,0.0,0.0,0.0,0
1.0416666666666667,0.9583333333333334,0.3888888888888889,0.0,6.0,223.36036036036035,142.22522522522522,139.65765765765764,58.52252252252251,0.2773826458036984,0.40384615384615385,0.3384615384615385,0.3076923076923077,0.125,0.3,0.109375,0.0625,0.5125,0.7109375,0.0,0.0,0.0,0
0.9166666666666666,0.7916666666666666,0.027777777777777776,0.5277777777777778,6.0,202.91891891891888,134.45945945945945,106.10810810810807,37.648648648648646,0.3186344238975818,0.038461538461538464,0.0,0.0,0.46875,0.325,0.265625,0.0625,0.375,0.421875,0.0,0.4307692307692308,0.5384615384615384,0
0.9166666666666666,0.7916666666666666,0.027777777777777776,0.5277777777777778,6.0,202.91891891891888,134.45945945945945,106.10810810810807,37.648648648648646,0.3186344238975818,0.038461538461538464,0.0,0.0,0.46875,0.325,0.265625,0.0625,0.375,0.421875,0.0,0.4307692307692308,0.5384615384615384,0
0.9166666666666666,0.7916666666666666,0.027777777777777776,0.5277777777777778,6.0,202.91891891891888,134.45945945945945,106.10810810810807,37.648648648648646,0.3186344238975818,0.038461538461538464,0.0,0.0,0.46875,0.325,0.265625,0.0625,0.375,0.421875,0.0,0.4307692307692308,0.5384615384615384,0
0.9166666666666666,0.7916666666666666,0.027777777777777776,0.5277777777777778,6.0,202.91891891891888,134.45945945945945,106.10810810810807,37.648648648648646,0.3186344238975818,0.038461538461538464,0.0,0.0,0.46875,0.325,0.265625,0.0625,0.375,0.421875,0.0,0.4307692307692308,0.5384615384615384,0
1.0416666666666667,0.7083333333333334,0.16666666666666666,1.0,3.5,168.2972972972973,132.64864864864865,74.94594594594594,39.29729729729729,0.4523470839260313,0.0673076923076923,0.03076923076923077,0.04807692307692308,0.2734375,0.35,0.4296875,0.4765625,0.5875,0.5,0.5,0.49230769230769234,0.46153846153846156,0
1.0416666666666667,0.7083333333333334,0.16666666666666666,1.0,3.5,168.2972972972973,132.64864864864865,74.94594594594594,39.29729729729729,0.4523470839260313,0.0673076923076923,0.03076923076923077,0.04807692307692308,0.2734375,0.35,0.4296875,0.4765625,0.5875,0.5,0.5,0.49230769230769234,0.46153846153846156,0
1.0416666666666667,0.7083333333333334,0.16666666666666666,1.0,3.5,168.2972972972973,132.64864864864865,74.94594594594594,39.29729729729729,0.4523470839260313,0.0673076923076923,0.03076923076923077,0.04807692307692308,0.2734375,0.35,0.4296875,0.4765625,0.5875,0.5,0.5,0.49230769230769234,0.46153846153846156,0
0.9583333333333334,0.9583333333333334,0.5,0.0,2.0,225.03603603603605,221.3963963963964,113.79279279279281,110.15315315315316,0.15789473684210525,0.09615384615384616,0.18461538461538463,0.19230769230769232,0.1640625,0.4625,0.234375,0.015625,0.2625,0.109375,0.0,0.0,0.14423076923076922,1
0.9583333333333334,0.9583333333333334,0.5,0.0,2.0,225.03603603603605,221.3963963963964,113.79279279279281,110.15315315315316,0.15789473684210525,0.09615384615384616,0.18461538461538463,0.19230769230769232,0.1640625,0.4625,0.234375,0.015625,0.2625,0.109375,0.0,0.0,0.14423076923076922,1
0.9583333333333334,0.9583333333333334,0.5,0.0,2.0,225.03603603603605,221.3963963963964,113.79279279279281,110.15315315315316,0.15789473684210525,0.09615384615384616,0.18461538461538463,0.19230769230769232,0.1640625,0.4625,0.234375,0.015625,0.2625,0.109375,0.0,0.0,0.14423076923076922,1
0.9583333333333334,0.9583333333333334,0.5,0.0,2.0,225.03603603603605,221.3963963963964,113.79279279279281,110.15315315315316,0.15789473684210525,0.09615384615384616,0.18461538461538463,0.19230769230769232,0.1640625,0.4625,0.234375,0.015625,0.2625,0.109375,0.0,0.0,0.14423076923076922,1
1.0,0.9583333333333334,0.3333333333333333,0.0,2.0,232.94594594594597,232.5855855855856,137.67567567567568,137.31531531531533,0.1465149359886202,0.1346153846153846,0.16923076923076924,0.14423076923076922,0.140625,0.4125,0.1640625,0.0,0.275,0.203125,0.0,0.0,0.125,1
1.0,0.9583333333333334,0.3333333333333333,0.0,2.0,232.94594594594597,232.5855855855856,137.67567567567568,137.31531531531533,0.1465149359886202,0.1346153846153846,0.16923076923076924,0.14423076923076922,0.140625,0.4125,0.1640625,0.0,0.275,0.203125,0.0,0.0,0.125,1
1.0,0.9583333333333334,0.3333333333333333,0.0,2.0,232.94594594594597,232.5855855855856,137.67567567567568,137.31531531531533,0.1465149359886202,0.1346153846153846,0.16923076923076924,0.14423076923076922,0.140625,0.4125,0.1640625,0.0,0.275,0.203125,0.0,0.0,0.125,1
1.0416666666666667,1.0416666666666667,0.5,0.25,2.0,134.16216216216216,207.6936936936937,59.4054054054054,132.93693693693695,0.32432432432432434,0.17307692307692307,0.24615384615384617,0.3076923076923077,0.328125,0.325,0.1015625,0.7421875,0.4875,0.0078125,0.04807692307692308,0.0,0.0,0
1.0416666666666667,1.0416666666666667,0.5,0.25,2.0,134.16216216216216,207.6936936936937,59.4054054054054,132.93693693693695,0.32432432432432434,0.17307692307692307,0.24615384615384617,0.3076923076923077,0.328125,0.325,0.1015625,0.7421875,0.4875,0.0078125,0.04807692307692308,0.0,0.0,0
1.0416666666666667,1.0416666666666667,0.5,0.25,2.0,134.16216216216216,207.6936936936937,59.4054054054054,132.93693693693695,0.32432432432432434,0.17307692307692307,0.24615384615384617,0.3076923076923077,0.328125,0.325,0.1015625,0.7421875,0.4875,0.0078125,0.04807692307692308,0.0,0.0,0
1.0,1.0,0.3333333333333333,0.0,2.0,213.75675675675674,249.54054054054055,117.78378378378378,153.56756756756758,0.1166429587482219,0.1346153846153846,0.03076923076923077,0.0,0.171875,0.4375,0.0,0.0234375,0.225,0.0,0.0,0.0,0.0673076923076923,1
1.0,1.0,0.3333333333333333,0.0,2.0,213.75675675675674,249.54054054054055,117.78378378378378,153.56756756756758,0.1166429587482219,0.1346153846153846,0.03076923076923077,0.0,0.171875,0.4375,0.0,0.0234375,0.225,0.0,0.0,0.0,0.0673076923076923,1
1.0,1.0,0.3333333333333333,0.0,2.0,213.75675675675674,249.54054054054055,117.78378378378378,153.56756756756758,0.1166429587482219,0.1346153846153846,0.03076923076923077,0.0,0.171875,0.4375,0.0,0.0234375,0.225,0.0,0.0,0.0,0.0673076923076923,1
1.0,1.0,0.3333333333333333,0.0,2.0,213.75675675675674,249.54054054054055,117.78378378378378,153.56756756756758,0.1166429587482219,0.1346153846153846,0.03076923076923077,0.0,0.171875,0.4375,0.0,0.0234375,0.225,0.0,0.0,0.0,0.0673076923076923,1
0.8666666666666667,0.8333333333333334,0.0,0.0,2.0,239.4609929078014,234.68794326241132,92.4609929078014,87.68794326241132,0.17971014492753623,0.11666666666666667,0.08,0.10833333333333334,0.08552631578947369,0.3263157894736842,0.19078947368421054,0.07236842105263158,0.2631578947368421,0.34210526315789475,0.0,0.0,0.008333333333333333,1
0.8666666666666667,0.8333333333333334,0.0,0.0,2.0,239.4609929078014,234.68794326241132,92.4609929078014,87.68794326241132,0.17971014492753623,0.11666666666666667,0.08,0.10833333333333334,0.08552631578947369,0.3263157894736842,0.19078947368421054,0.07236842105263158,0.2631578947368421,0.34210526315789475,0.0,0.0,0.008333333333333333,1
0.8666666666666667,0.8333333333333334,0.0,0.0,2.0,239.4609929078014,234.68794326241132,92.4609929078014,87.68794326241132,0.17971014492753623,0.11666666666666667,0.08,0.10833333333333334,0.08552631578947369,0.3263157894736842,0.19078947368421054,0.07236842105263158,0.2631578947368421,0.34210526315789475,0.0,0.0,0.008333333333333333,1
0.9666666666666667,0.8333333333333334,0.0,0.16666666666666666,6.0,234.68794326241132,135.01418439716312,107.43262411347516,7.758865248226954,0.29178743961352654,0.08333333333333333,0.12,0.19166666666666668,0.20394736842105263,0.30526315789473685,0.3223684210526316,0.17105263157894737,0.5368421052631579,0.631578947368421,0.0,0.013333333333333334,0.0,0
0.9666666666666667,0.8333333333333334,0.0,0.16666666666666666,6.0,234.68794326241132,135.01418439716312,107.43262411347516,7.758865248226954,0.29178743961352654,0.08333333333333333,0.12,0.19166666666666668,0.20394736842105263,0.30526315789473685,0.3223684210526316,0.17105263157894737,0.5368421052631579,0.631578947368421,0.0,0.013333333333333334,0.0,0
0.9666666666666667,0.8333333333333334,0.0,0.16666666666666666,6.0,234.68794326241132,135.01418439716312,107.43262411347516,7.758865248226954,0.29178743961352654,0.08333333333333333,0.12,0.19166666666666668,0.20394736842105263,0.30526315789473685,0.3223684210526316,0.17105263157894737,0.5368421052631579,0.631578947368421,0.0,0.013333333333333334,0.0,0
0.9666666666666667,0.8333333333333334,0.0,0.16666666666666666,6.0,234.68794326241132,135.01418439716312,107.43262411347516,7.758865248226954,0.29178743961352654,0.08333333333333333,0.12,0.19166666666666668,0.20394736842105263,0.30526315789473685,0.3223684210526316,0.17105263157894737,0.5368421052631579,0.631578947368421,0.0,0.013333333333333334,0.0,0
0.9,0.8333333333333334,0.0,0.0,2.0,232.42553191489358,235.13475177304963,82.63829787234039,85.34751773049643,0.17198067632850242,0.0,0.0,0.0,0.16447368421052633,0.3473684210526316,0.10526315789473684,0.013157894736842105,0.28421052631578947,0.24342105263157895,0.0,0.0,0.13333333333333333,1
0.9,0.8333333333333334,0.0,0.0,2.0,232.42553191489358,235.13475177304963,82.63829787234039,85.34751773049643,0.17198067632850242,0.0,0.0,0.0,0.16447368421052633,0.3473684210526316,0.10526315789473684,0.013157894736842105,0.28421052631578947,0.24342105263157895,0.0,0.0,0.13333333333333333,1
0.9,0.8333333333333334,0.0,0.0,2.0,232.42553191489358,235.13475177304963,82.63829787234039,85.34751773049643,0.17198067632850242,0.0,0.0,0.0,0.16447368421052633,0.3473684210526316,0.10526315789473684,0.013157894736842105,0.28421052631578947,0.24342105263157895,0.0,0.0,0.13333333333333333,1
0.9,0.8666666666666667,0.0,0.0,2.0,235.01418439716312,254.36879432624116,110.43971631205673,129.79432624113477,0.08985507246376812,0.0,0.0,0.0,0.18421052631578946,0.25263157894736843,0.0,0.05263157894736842,0.28421052631578947,0.0,0.0,0.0,0.0,1
0.9,0.8666666666666667,0.0,0.0,2.0,235.01418439716312,254.36879432624116,110.43971631205673,129.79432624113477,0.08985507246376812,0.0,0.0,0.0,0.18421052631578946,0.25263157894736843,0.0,0.05263157894736842,0.28421052631578947,0.0,0.0,0.0,0.0,1
0.9,0.8666666666666667,0.0,0.0,2.0,235.01418439716312,254.36879432624116,110.43971631205673,129.79432624113477,0.08985507246376812,0.0,0.0,0.0,0.18421052631578946,0.25263157894736843,0.0,0.05263157894736842,0.28421052631578947,0.0,0.0,0.0,0.0,1
0.9,0.8666666666666667,0.0,0.0,2.0,235.01418439716312,254.36879432624116,110.43971631205673,129.79432624113477,0.08985507246376812,0.0,0.0,0.0,0.18421052631578946,0.25263157894736843,0.0,0.05263157894736842,0.28421052631578947,0.0,0.0,0.0,0.0,1
1.04,0.72,0.16666666666666666,1.0,1.0,218.83333333333334,143.62280701754386,110.28070175438597,35.07017543859649,0.296398891966759,0.0,0.015384615384615385,0.25,0.21875,0.3,0.25,0.0,0.28888888888888886,0.2777777777777778,0.0,0.4153846153846154,0.7211538461538461,0
1.04,0.72,0.16666666666666666,1.0,1.0,218.83333333333334,143.62280701754386,110.28070175438597,35.07017543859649,0.296398891966759,0.0,0.015384615384615385,0.25,0.21875,0.3,0.25,0.0,0.28888888888888886,0.2777777777777778,0.0,0.4153846153846154,0.7211538461538461,0
1.04,0.72,0.16666666666666666,1.0,1.0,218.83333333333334,143.62280701754386,110.28070175438597,35.07017543859649,0.296398891966759,0.0,0.015384615384615385,0.25,0.21875,0.3,0.25,0.0,0.28888888888888886,0.2777777777777778,0.0,0.4153846153846154,0.7211538461538461,0
1.04,1.04,0.0,0.0,1.0,235.04385964912282,230.17543859649126,139.51754385964915,134.6491228070176,0.16897506925207756,0.057692307692307696,0.0,0.057692307692307696,0.15625,0.2,0.078125,0.0,0.2222222222222222,0.20833333333333334,0.0,0.0,0.125,1
1.04,1.04,0.0,0.0,1.0,235.04385964912282,230.17543859649126,139.51754385964915,134.6491228070176,0.16897506925207756,0.057692307692307696,0.0,0.057692307692307696,0.15625,0.2,0.078125,0.0,0.2222222222222222,0.20833333333333334,0.0,0.0,0.125,1
1.04,1.04,0.0,0.0,1.0,235.04385964912282,230.17543859649126,139.51754385964915,134.6491228070176,0.16897506925207756,0.057692307692307696,0.0,0.057692307692307696,0.15625,0.2,0.078125,0.0,0.2222222222222222,0.20833333333333334,0.0,0.0,0.125,1
1.04,1.04,0.0,0.0,1.0,235.04385964912282,230.17543859649126,139.51754385964915,134.6491228070176,0.16897506925207756,0.057692307692307696,0.0,0.057692307692307696,0.15625,0.2,0.078125,0.0,0.2222222222222222,0.20833333333333334,0.0,0.0,0.125,1
1.04,0.88,0.0,0.75,2.0,156.67543859649123,184.06140350877195,51.49122807017544,78.87719298245615,0.3518005540166205,0.11538461538461539,0.0,0.019230769230769232,0.375,0.325,0.234375,0.3611111111111111,0.35555555555555557,0.08333333333333333,0.5865384615384616,0.26153846153846155,0.0,0
1.04,0.88,0.0,0.75,2.0,156.67543859649123,184.06140350877195,51.49122807017544,78.87719298245615,0.3518005540166205,0.11538461538461539,0.0,0.019230769230769232,0.375,0.325,0.234375,0.3611111111111111,0.35555555555555557,0.08333333333333333,0.5865384615384616,0.26153846153846155,0.0,0
1.04,0.88,0.0,0.75,2.0,156.67543859649123,184.06140350877195,51.49122807017544,78.87719298245615,0.3518005540166205,0.11538461538461539,0.0,0.019230769230769232,0.375,0.325,0.234375,0.3611111111111111,0.35555555555555557,0.08333333333333333,0.5865384615384616,0.26153846153846155,0.0,0
1.04,1.0,0.0,0.0,1.0,223.12280701754386,225.5,123.12280701754386,125.5,0.203601108033241,0.18269230769230768,0.0,0.08653846153846154,0.109375,0.175,0.0,0.09722222222222222,0.26666666666666666,0.2222222222222222,0.0,0.0,0.04807692307692308,1
1.04,1.0,0.0,0.0,1.0,223.12280701754386,225.5,123.12280701754386,125.5,0.203601108033241,0.18269230769230768,0.0,0.08653846153846154,0.109375,0.175,0.0,0.09722222222222222,0.26666666666666666,0.2222222222222222,0.0,0.0,0.04807692307692308,1
1.04,1.0,0.0,0.0,1.0,223.12280701754386,225.5,123.12280701754386,125.5,0.203601108033241,0.18269230769230768,0.0,0.08653846153846154,0.109375,0.175,0.0,0.09722222222222222,0.26666666666666666,0.2222222222222222,0.0,0.0,0.04807692307692308,1
1.04,1.0,0.0,0.0,1.0,223.12280701754386,225.5,123.12280701754386,125.5,0.203601108033241,0.18269230769230768,0.0,0.08653846153846154,0.109375,0.175,0.0,0.09722222222222222,0.26666666666666666,0.2222222222222222,0.0,0.0,0.04807692307692308,1
1.04,0.76,0.4583333333333333,0.375,4.0,129.8421052631579,186.87067026540709,14.18421052631578,71.21277552856498,0.36149584487534625,0.2692307692307692,0.2153846153846154,0.375,0.25,0.225,0.171875,0.75,0.5333333333333333,0.19444444444444445,0.15384615384615385,0.046153846153846156,0.0,0
1.04,0.76,0.4583333333333333,0.375,4.0,129.8421052631579,186.87067026540709,14.18421052631578,71.21277552856498,0.36149584487534625,0.2692307692307692,0.2153846153846154,0.375,0.25,0.225,0.171875,0.75,0.5333333333333333,0.19444444444444445,0.15384615384615385,0.046153846153846156,0.0,0
1.04,0.76,0.4583333333333333,0.375,4.0,129.8421052631579,186.87067026540709,14.18421052631578,71.21277552856498,0.36149584487534625,0.2692307692307692,0.2153846153846154,0.375,0.25,0.225,0.171875,0.75,0.5333333333333333,0.19444444444444445,0.15384615384615385,0.046153846153846156,0.0,0
1.04,0.76,0.4583333333333333,0.375,4.0,129.8421052631579,186.87067026540709,14.18421052631578,71.21277552856498,0.36149584487534625,0.2692307692307692,0.2153846153846154,0.375,0.25,0.225,0.171875,0.75,0.5333333333333333,0.19444444444444445,0.15384615384615385,0.046153846153846156,0.0,0
0.8,0.8,0.0,0.8333333333333334,3.0,215.59649122807016,254.21052631578948,128.0438596491228,166.6578947368421,0.13988919667590027,0.33653846153846156,0.0,0.0,0.0,0.225,0.0,0.0,0.4444444444444444,0.0,0.0,0.23076923076923078,0.0,1
1.0416666666666667,0.8333333333333334,0.4722222222222222,0.0,6.0,215.40540540540542,130.6216216216216,134.7837837837838,49.999999999999986,0.27453769559032715,0.20192307692307693,0.2,0.3076923076923077,0.09375,0.225,0.109375,0.0,0.45,0.75,0.0,0.0,0.0,0
1.0416666666666667,0.8333333333333334,0.4722222222222222,0.0,6.0,215.40540540540542,130.6216216216216,134.7837837837838,49.999999999999986,0.27453769559032715,0.20192307692307693,0.2,0.3076923076923077,0.09375,0.225,0.109375,0.0,0.45,0.75,0.0,0.0,0.0,0
1.0416666666666667,0.8333333333333334,0.4722222222222222,0.0,6.0,215.40540540540542,130.6216216216216,134.7837837837838,49.999999999999986,0.27453769559032715,0.20192307692307693,0.2,0.3076923076923077,0.09375,0.225,0.109375,0.0,0.45,0.75,0.0,0.0,0.0,0
1.0416666666666667,0.8333333333333334,0.4722222222222222,0.0,6.0,215.40540540540542,130.6216216216216,134.7837837837838,49.999999999999986,0.27453769559032715,0.20192307692307693,0.2,0.3076923076923077,0.09375,0.225,0.109375,0.0,0.45,0.75,0.0,0.0,0.0,0
1.0416666666666667,0.875,0.4722222222222222,0.0,6.0,161.50450450450452,195.07207207207207,40.882882882882896,74.45045045045045,0.25889046941678523,0.47115384615384615,0.23076923076923078,0.25961538461538464,0.0,0.275,0.09375,0.75,0.45,0.0,0.0,0.0,0.0,0
1.0416666666666667,0.875,0.4722222222222222,0.0,6.0,161.50450450450452,195.07207207207207,40.882882882882896,74.45045045045045,0.25889046941678523,0.47115384615384615,0.23076923076923078,0.25961538461538464,0.0,0.275,0.09375,0.75,0.45,0.0,0.0,0.0,0.0,0
1.0416666666666667,0.875,0.4722222222222222,0.0,6.0,161.50450450450452,195.07207207207207,40.882882882882896,74.45045045045045,0.25889046941678523,0.47115384615384615,0.23076923076923078,0.25961538461538464,0.0,0.275,0.09375,0.75,0.45,0.0,0.0,0.0,0.0,0
1.0,1.0,0.0,0.25,2.0,233.77477477477476,235.94594594594594,140.53153153153153,142.7027027027027,0.12091038406827881,0.17307692307692307,0.0,0.0,0.109375,0.3,0.078125,0.0,0.275,0.125,0.0,0.0,0.009615384615384616,1
1.0,1.0,0.0,0.25,2.0,233.77477477477476,235.94594594594594,140.53153153153153,142.7027027027027,0.12091038406827881,0.17307692307692307,0.0,0.0,0.109375,0.3,0.078125,0.0,0.275,0.125,0.0,0.0,0.009615384615384616,1
1.0,1.0,0.0,0.25,2.0,233.77477477477476,235.94594594594594,140.53153153153153,142.7027027027027,0.12091038406827881,0.17307692307692307,0.0,0.0,0.109375,0.3,0.078125,0.0,0.275,0.125,0.0,0.0,0.009615384615384616,1
1.0416666666666667,0.9166666666666666,0.0,0.6666666666666666,1.0,224.53153153153153,117.62162162162163,117.61261261261261,10.702702702702709,0.31436699857752487,0.0673076923076923,0.0,0.0,0.21875,0.275,0.234375,0.0,0.45,0.625,0.0,0.1076923076923077,0.23076923076923078,0
1.0416666666666667,0.9166666666666666,0.0,0.6666666666666666,1.0,224.53153153153153,117.62162162162163,117.61261261261261,10.702702702702709,0.31436699857752487,0.0673076923076923,0.0,0.0,0.21875,0.275,0.234375,0.0,0.45,0.625,0.0,0.1076923076923077,0.23076923076923078,0
1.0416666666666667,0.9166666666666666,0.0,0.6666666666666666,1.0,224.53153153153153,117.62162162162163,117.61261261261261,10.702702702702709,0.31436699857752487,0.0673076923076923,0.0,0.0,0.21875,0.275,0.234375,0.0,0.45,0.625,0.0,0.1076923076923077,0.23076923076923078,0
1.0416666666666667,0.9166666666666666,0.0,0.6666666666666666,1.0,224.53153153153153,117.62162162162163,117.61261261261261,10.702702702702709,0.31436699857752487,0.0673076923076923,0.0,0.0,0.21875,0.275,0.234375,0.0,0.45,0.625,0.0,0.1076923076923077,0.23076923076923078,0
0.875,0.8333333333333334,0.16666666666666666,0.5,3.5,231.65765765765764,119.84684684684684,136.7117117117117,24.900900900900893,0.2972972972972973,0.028846153846153848,0.03076923076923077,0.14423076923076922,0.15625,0.275,0.3125,0.0,0.45,0.625,0.0,0.23076923076923078,0.38461538461538464,0
0.875,0.8333333333333334,0.16666666666666666,0.5,3.5,231.65765765765764,119.84684684684684,136.7117117117117,24.900900900900893,0.2972972972972973,0.028846153846153848,0.03076923076923077,0.14423076923076922,0.15625,0.275,0.3125,0.0,0.45,0.625,0.0,0.23076923076923078,0.38461538461538464,0
0.875,0.8333333333333334,0.16666666666666666,0.5,3.5,231.65765765765764,119.84684684684684,136.7117117117117,24.900900900900893,0.2972972972972973,0.028846153846153848,0.03076923076923077,0.14423076923076922,0.15625,0.275,0.3125,0.0,0.45,0.625,0.0,0.23076923076923078,0.38461538461538464,0
0.875,0.8333333333333334,0.16666666666666666,0.5,3.5,231.65765765765764,119.84684684684684,136.7117117117117,24.900900900900893,0.2972972972972973,0.028846153846153848,0.03076923076923077,0.14423076923076922,0.15625,0.275,0.3125,0.0,0.45,0.625,0.0,0.23076923076923078,0.38461538461538464,0
0.875,0.8333333333333334,0.16666666666666666,0.5,3.5,231.65765765765764,119.84684684684684,136.7117117117117,24.900900900900893,0.2972972972972973,0.028846153846153848,0.03076923076923077,0.14423076923076922,0.15625,0.275,0.3125,0.0,0.45,0.625,0.0,0.23076923076923078,0.38461538461538464,0
1.0416666666666667,1.0416666666666667,0.0,0.16666666666666666,1.5,227.86486486486487,214.19819819819818,92.8108108108108,79.14414414414412,0.15647226173541964,0.0,0.0,0.0,0.140625,0.15,0.03125,0.0,0.3,0.0,0.0,0.0,0.0,1
1.0416666666666667,1.0416666666666667,0.0,0.16666666666666666,1.5,227.86486486486487,214.19819819819818,92.8108108108108,79.14414414414412,0.15647226173541964,0.0,0.0,0.0,0.140625,0.15,0.03125,0.0,0.3,0.0,0.0,0.0,0.0,1
1.0416666666666667,1.0416666666666667,0.0,0.16666666666666666,1.5,227.86486486486487,214.19819819819818,92.8108108108108,79.14414414414412,0.15647226173541964,0.0,0.0,0.0,0.140625,0.15,0.03125,0.0,0.3,0.0,0.0,0.0,0.0,1
1.0416666666666667,1.0416666666666667,0.0,0.16666666666666666,1.5,227.86486486486487,214.19819819819818,92.8108108108108,79.14414414414412,0.15647226173541964,0.0,0.0,0.0,0.140625,0.15,0.03125,0.0,0.3,0.0,0.0,0.0,0.0,1
1.0416666666666667,0.7916666666666666,0.5185185185185185,0.1111111111111111,9.0,135.66666666666666,128.54054054054055,29.12612612612611,22.0,0.4438122332859175,0.21153846153846154,0.1076923076923077,0.25,0.03125,0.2,0.140625,0.640625,0.75,0.75,0.0,0.0,0.0,0
1.0416666666666667,0.7916666666666666,0.5185185185185185,0.1111111111111111,9.0,135.66666666666666,128.54054054054055,29.12612612612611,22.0,0.4438122332859175,0.21153846153846154,0.1076923076923077,0.25,0.03125,0.2,0.140625,0.640625,0.75,0.75,0.0,0.0,0.0,0
1.0416666666666667,0.7916666666666666,0.5185185185185185,0.1111111111111111,9.0,135.66666666666666,128.54054054054055,29.12612612612611,22.0,0.4438122332859175,0.21153846153846154,0.1076923076923077,0.25,0.03125,0.2,0.140625,0.640625,0.75,0.75,0.0,0.0,0.0,0
1.0416666666666667,0.7916666666666666,0.5185185185185185,0.1111111111111111,9.0,135.66666666666666,128.54054054054055,29.12612612612611,22.0,0.4438122332859175,0.21153846153846154,0.1076923076923077,0.25,0.03125,0.2,0.140625,0.640625,0.75,0.75,0.0,0.0,0.0,0
1.0416666666666667,0.7916666666666666,0.5185185185185185,0.1111111111111111,9.0,135.66666666666666,128.54054054054055,29.12612612612611,22.0,0.4438122332859175,0.21153846153846154,0.1076923076923077,0.25,0.03125,0.2,0.140625,0.640625,0.75,0.75,0.0,0.0,0.0,0
0.9583333333333334,0.9583333333333334,0.6666666666666666,0.0,1.5,231.93693693693695,164.67567567567568,142.72072072072075,75.45945945945947,0.24039829302987198,0.21153846153846154,0.4153846153846154,0.34615384615384615,0.0,0.25,0.0,0.0,0.5,0.71875,0.0,0.0,0.0,0
0.9583333333333334,0.9583333333333334,0.6666666666666666,0.0,1.5,231.93693693693695,164.67567567567568,142.72072072072075,75.45945945945947,0.24039829302987198,0.21153846153846154,0.4153846153846154,0.34615384615384615,0.0,0.25,0.0,0.0,0.5,0.71875,0.0,0.0,0.0,0
0.9583333333333334,0.9583333333333334,0.6666666666666666,0.0,1.5,231.93693693693695,164.67567567567568,142.72072072072075,75.45945945945947,0.24039829302987198,0.21153846153846154,0.4153846153846154,0.34615384615384615,0.0,0.25,0.0,0.0,0.5,0.71875,0.0,0.0,0.0,0
0.9583333333333334,0.9583333333333334,0.6666666666666666,0.0,1.5,231.93693693693695,164.67567567567568,142.72072072072075,75.45945945945947,0.24039829302987198,0.21153846153846154,0.4153846153846154,0.34615384615384615,0.0,0.25,0.0,0.0,0.5,0.71875,0.0,0.0,0.0,0
0.9583333333333334,0.9583333333333334,0.6666666666666666,0.0,1.5,231.93693693693695,164.67567567567568,142.72072072072075,75.45945945945947,0.24039829302987198,0.21153846153846154,0.4153846153846154,0.34615384615384615,0.0,0.25,0.0,0.0,0.5,0.71875,0.0,0.0,0.0,0
1.0,0.75,0.041666666666666664,0.7083333333333334,3.5,157.33333333333334,115.45045045045045,70.84684684684686,28.963963963963963,0.4665718349928876,0.36538461538461536,0.0,0.125,0.0,0.275,0.265625,0.671875,0.725,0.625,0.019230769230769232,0.18461538461538463,0.3076923076923077,0
1.0,0.75,0.041666666666666664,0.7083333333333334,3.5,157.33333333333334,115.45045045045045,70.84684684684686,28.963963963963963,0.4665718349928876,0.36538461538461536,0.0,0.125,0.0,0.275,0.265625,0.671875,0.725,0.625,0.019230769230769232,0.18461538461538463,0.3076923076923077,0
1.0,0.75,0.041666666666666664,0.7083333333333334,3.5,157.33333333333334,115.45045045045045,70.84684684684686,28.963963963963963,0.4665718349928876,0.36538461538461536,0.0,0.125,0.0,0.275,0.265625,0.671875,0.725,0.625,0.019230769230769232,0.18461538461538463,0.3076923076923077,0
1.0,0.75,0.041666666666666664,0.7083333333333334,3.5,157.33333333333334,115.45045045045045,70.84684684684686,28.963963963963963,0.4665718349928876,0.36538461538461536,0.0,0.125,0.0,0.275,0.265625,0.671875,0.725,0.625,0.019230769230769232,0.18461538461538463,0.3076923076923077,0
1.0,0.75,0.041666666666666664,0.7083333333333334,3.5,157.33333333333334,115.45045045045045,70.84684684684686,28.963963963963963,0.4665718349928876,0.36538461538461536,0.0,0.125,0.0,0.275,0.265625,0.671875,0.725,0.625,0.019230769230769232,0.18461538461538463,0.3076923076923077,0
1.0416666666666667,1.0416666666666667,0.0,0.16666666666666666,1.0,226.3063063063063,254.21621621621622,143.68468468468467,171.59459459459458,0.10241820768136557,0.038461538461538464,0.0,0.0,0.125,0.2,0.0,0.0,0.15,0.0,0.0,0.0,0.0,1
1.0416666666666667,1.0416666666666667,0.0,0.16666666666666666,1.0,226.3063063063063,254.21621621621622,143.68468468468467,171.59459459459458,0.10241820768136557,0.038461538461538464,0.0,0.0,0.125,0.2,0.0,0.0,0.15,0.0,0.0,0.0,0.0,1
0.96,0.88,0.8333333333333334,0.0,1.0,167.6578947368421,156.3157894736842,75.60526315789474,64.26315789473682,0.35041551246537395,0.5576923076923077,0.2923076923076923,0.36538461538461536,0.06944444444444445,0.2222222222222222,0.041666666666666664,0.4375,0.4,0.53125,0.0,0.0,0.0,0
0.96,0.88,0.8333333333333334,0.0,1.0,167.6578947368421,156.3157894736842,75.60526315789474,64.26315789473682,0.35041551246537395,0.5576923076923077,0.2923076923076923,0.36538461538461536,0.06944444444444445,0.2222222222222222,0.041666666666666664,0.4375,0.4,0.53125,0.0,0.0,0.0,0
0.96,0.88,0.8333333333333334,0.0,1.0,167.6578947368421,156.3157894736842,75.60526315789474,64.26315789473682,0.35041551246537395,0.5576923076923077,0.2923076923076923,0.36538461538461536,0.06944444444444445,0.2222222222222222,0.041666666666666664,0.4375,0.4,0.53125,0.0,0.0,0.0,0
0.96,0.88,0.8333333333333334,0.0,1.0,167.6578947368421,156.3157894736842,75.60526315789474,64.26315789473682,0.35041551246537395,0.5576923076923077,0.2923076923076923,0.36538461538461536,0.06944444444444445,0.2222222222222222,0.041666666666666664,0.4375,0.4,0.53125,0.0,0.0,0.0,0
0.96,0.88,0.8333333333333334,0.0,1.0,167.6578947368421,156.3157894736842,75.60526315789474,64.26315789473682,0.35041551246537395,0.5576923076923077,0.2923076923076923,0.36538461538461536,0.06944444444444445,0.2222222222222222,0.041666666666666664,0.4375,0.4,0.53125,0.0,0.0,0.0,0
0.96,0.88,0.6666666666666666,0.0,1.0,230.97368421052633,155.69298245614036,116.26315789473685,40.98245614035088,0.23545706371191136,0.46153846153846156,0.38461538461538464,0.3942307692307692,0.08333333333333333,0.28888888888888886,0.1388888888888889,0.0,0.325,0.75,0.0,0.0,0.0,0
0.96,0.88,0.6666666666666666,0.0,1.0,230.97368421052633,155.69298245614036,116.26315789473685,40.98245614035088,0.23545706371191136,0.46153846153846156,0.38461538461538464,0.3942307692307692,0.08333333333333333,0.28888888888888886,0.1388888888888889,0.0,0.325,0.75,0.0,0.0,0.0,0
0.96,0.88,0.6666666666666666,0.0,1.0,230.97368421052633,155.69298245614036,116.26315789473685,40.98245614035088,0.23545706371191136,0.46153846153846156,0.38461538461538464,0.3942307692307692,0.08333333333333333,0.28888888888888886,0.1388888888888889,0.0,0.325,0.75,0.0,0.0,0.0,0
0.96,0.88,0.6666666666666666,0.0,1.0,230.97368421052633,155.69298245614036,116.26315789473685,40.98245614035088,0.23545706371191136,0.46153846153846156,0.38461538461538464,0.3942307692307692,0.08333333333333333,0.28888888888888886,0.1388888888888889,0.0,0.325,0.75,0.0,0.0,0.0,0
1.04,1.04,0.2222222222222222,0.027777777777777776,6.0,154.64912280701753,152.0701754385965,79.35964912280701,76.78070175438597,0.3975069252077562,0.46153846153846156,0.27692307692307694,0.3173076923076923,0.1111111111111111,0.28888888888888886,0.1111111111111111,0.734375,0.75,0.78125,0.0,0.0,0.019230769230769232,0
1.04,1.04,0.2222222222222222,0.027777777777777776,6.0,154.64912280701753,152.0701754385965,79.35964912280701,76.78070175438597,0.3975069252077562,0.46153846153846156,0.27692307692307694,0.3173076923076923,0.1111111111111111,0.28888888888888886,0.1111111111111111,0.734375,0.75,0.78125,0.0,0.0,0.019230769230769232,0
1.04,1.04,0.2222222222222222,0.027777777777777776,6.0,154.64912280701753,152.0701754385965,79.35964912280701,76.78070175438597,0.3975069252077562,0.46153846153846156,0.27692307692307694,0.3173076923076923,0.1111111111111111,0.28888888888888886,0.1111111111111111,0.734375,0.75,0.78125,0.0,0.0,0.019230769230769232,0
1.04,1.04,0.2222222222222222,0.027777777777777776,6.0,154.64912280701753,152.0701754385965,79.35964912280701,76.78070175438597,0.3975069252077562,0.46153846153846156,0.27692307692307694,0.3173076923076923,0.1111111111111111,0.28888888888888886,0.1111111111111111,0.734375,0.75,0.78125,0.0,0.0,0.019230769230769232,0
1.04,1.04,0.2222222222222222,0.027777777777777776,6.0,154.64912280701753,152.0701754385965,79.35964912280701,76.78070175438597,0.3975069252077562,0.46153846153846156,0.27692307692307694,0.3173076923076923,0.1111111111111111,0.28888888888888886,0.1111111111111111,0.734375,0.75,0.78125,0.0,0.0,0.019230769230769232,0
1.04,1.04,0.0,0.0,2.0,226.28947368421052,208.78070175438597,114.76315789473684,97.25438596491229,0.1772853185595568,0.028846153846153848,0.0,0.0,0.3333333333333333,0.4444444444444444,0.2361111111111111,0.0,0.3,0.046875,0.0,0.0,0.0,1
1.04,1.04,0.0,0.0,2.0,226.28947368421052,208.78070175438597,114.76315789473684,97.25438596491229,0.1772853185595568,0.028846153846153848,0.0,0.0,0.3333333333333333,0.4444444444444444,0.2361111111111111,0.0,0.3,0.046875,0.0,0.0,0.0,1
1.04,1.04,0.0,0.0,2.0,226.28947368421052,208.78070175438597,114.76315789473684,97.25438596491229,0.1772853185595568,0.028846153846153848,0.0,0.0,0.3333333333333333,0.4444444444444444,0.2361111111111111,0.0,0.3,0.046875,0.0,0.0,0.0,1
1.04,1.0,0.0,0.16666666666666666,1.5,227.71929824561403,192.67543859649126,101.0877192982456,66.04385964912284,0.15096952908587258,0.0,0.0,0.0,0.08333333333333333,0.28888888888888886,0.3194444444444444,0.015625,0.225,0.046875,0.0,0.0,0.0,1
1.04,1.0,0.0,0.16666666666666666,1.5,227.71929824561403,192.67543859649126,101.0877192982456,66.04385964912284,0.15096952908587258,0.0,0.0,0.0,0.08333333333333333,0.28888888888888886,0.3194444444444444,0.015625,0.225,0.046875,0.0,0.0,0.0,1
1.04,1.0,0.0,0.16666666666666666,1.5,227.71929824561403,192.67543859649126,101.0877192982456,66.04385964912284,0.15096952908587258,0.0,0.0,0.0,0.08333333333333333,0.28888888888888886,0.3194444444444444,0.015625,0.225,0.046875,0.0,0.0,0.0,1
1.04,1.0,0.0,0.16666666666666666,1.5,227.71929824561403,192.67543859649126,101.0877192982456,66.04385964912284,0.15096952908587258,0.0,0.0,0.0,0.08333333333333333,0.28888888888888886,0.3194444444444444,0.015625,0.225,0.046875,0.0,0.0,0.0,1
1.04,0.88,0.125,0.16666666666666666,4.0,162.25438596491227,116.99122807017544,59.596491228070164,14.333333333333329,0.4515235457063712,0.40384615384615385,0.046153846153846156,0.09615384615384616,0.1111111111111111,0.35555555555555557,0.2916666666666667,0.75,0.75,0.75,0.0,0.0,0.0,0
1.04,0.88,0.125,0.16666666666666666,4.0,162.25438596491227,116.99122807017544,59.596491228070164,14.333333333333329,0.4515235457063712,0.40384615384615385,0.046153846153846156,0.09615384615384616,0.1111111111111111,0.35555555555555557,0.2916666666666667,0.75,0.75,0.75,0.0,0.0,0.0,0
1.04,0.88,0.125,0.16666666666666666,4.0,162.25438596491227,116.99122807017544,59.596491228070164,14.333333333333329,0.4515235457063712,0.40384615384615385,0.046153846153846156,0.09615384615384616,0.1111111111111111,0.35555555555555557,0.2916666666666667,0.75,0.75,0.75,0.0,0.0,0.0,0
1.04,0.88,0.125,0.16666666666666666,4.0,162.25438596491227,116.99122807017544,59.596491228070164,14.333333333333329,0.4515235457063712,0.40384615384615385,0.046153846153846156,0.09615384615384616,0.1111111111111111,0.35555555555555557,0.2916666666666667,0.75,0.75,0.75,0.0,0.0,0.0,0
1.04,0.88,0.125,0.16666666666666666,4.0,162.25438596491227,116.99122807017544,59.596491228070164,14.333333333333329,0.4515235457063712,0.40384615384615385,0.046153846153846156,0.09615384615384616,0.1111111111111111,0.35555555555555557,0.2916666666666667,0.75,0.75,0.75,0.0,0.0,0.0,0
1.04,1.04,0.16666666666666666,1.0,1.0,224.76315789473685,120.5701754385965,156.05263157894737,51.859649122807014,0.30055401662049863,0.3942307692307692,0.046153846153846156,0.09615384615384616,0.1111111111111111,0.37777777777777777,0.3194444444444444,0.0,0.475,0.609375,0.0,0.16923076923076924,0.3557692307692308,0
1.04,1.04,0.16666666666666666,1.0,1.0,224.76315789473685,120.5701754385965,156.05263157894737,51.859649122807014,0.30055401662049863,0.3942307692307692,0.046153846153846156,0.09615384615384616,0.1111111111111111,0.37777777777777777,0.3194444444444444,0.0,0.475,0.609375,0.0,0.16923076923076924,0.3557692307692308,0
1.04,1.04,0.16666666666666666,1.0,1.0,224.76315789473685,120.5701754385965,156.05263157894737,51.859649122807014,0.30055401662049863,0.3942307692307692,0.046153846153846156,0.09615384615384616,0.1111111111111111,0.37777777777777777,0.3194444444444444,0.0,0.475,0.609375,0.0,0.16923076923076924,0.3557692307692308,0
1.04,1.04,0.16666666666666666,1.0,1.0,224.76315789473685,120.5701754385965,156.05263157894737,51.859649122807014,0.30055401662049863,0.3942307692307692,0.046153846153846156,0.09615384615384616,0.1111111111111111,0.37777777777777777,0.3194444444444444,0.0,0.475,0.609375,0.0,0.16923076923076924,0.3557692307692308,0
1.0,0.96,0.0,0.3333333333333333,1.0,225.02631578947367,254.21052631578948,137.73684210526315,166.92105263157896,0.0817174515235457,0.0,0.0,0.0,0.1111111111111111,0.2222222222222222,0.0,0.203125,0.25,0.0,0.0,0.0,0.0,1
1.0,0.96,0.0,0.3333333333333333,1.0,225.02631578947367,254.21052631578948,137.73684210526315,166.92105263157896,0.0817174515235457,0.0,0.0,0.0,0.1111111111111111,0.2222222222222222,0.0,0.203125,0.25,0.0,0.0,0.0,0.0,1
1.037037037037037,0.9259259259259259,0.03333333333333333,0.36666666666666664,5.0,232.484126984127,137.2063492063492,134.22222222222223,38.94444444444443,0.2630952380952381,0.0,0.03076923076923077,0.14423076923076922,0.058823529411764705,0.35294117647058826,0.25735294117647056,0.05555555555555555,0.5,0.6527777777777778,0.0,0.07692307692307693,0.028846153846153848,0
1.037037037037037,0.9259259259259259,0.03333333333333333,0.36666666666666664,5.0,232.484126984127,137.2063492063492,134.22222222222223,38.94444444444443,0.2630952380952381,0.0,0.03076923076923077,0.14423076923076922,0.058823529411764705,0.35294117647058826,0.25735294117647056,0.05555555555555555,0.5,0.6527777777777778,0.0,0.07692307692307693,0.028846153846153848,0
1.037037037037037,0.9259259259259259,0.03333333333333333,0.36666666666666664,5.0,232.484126984127,137.2063492063492,134.22222222222223,38.94444444444443,0.2630952380952381,0.0,0.03076923076923077,0.14423076923076922,0.058823529411764705,0.35294117647058826,0.25735294117647056,0.05555555555555555,0.5,0.6527777777777778,0.0,0.07692307692307693,0.028846153846153848,0
1.037037037037037,0.9259259259259259,0.03333333333333333,0.36666666666666664,5.0,232.484126984127,137.2063492063492,134.22222222222223,38.94444444444443,0.2630952380952381,0.0,0.03076923076923077,0.14423076923076922,0.058823529411764705,0.35294117647058826,0.25735294117647056,0.05555555555555555,0.5,0.6527777777777778,0.0,0.07692307692307693,0.028846153846153848,0
0.9259259259259259,0.8888888888888888,0.4791666666666667,0.0,8.0,154.7698412698413,153.33333333333334,56.198412698412724,54.76190476190477,0.4226190476190476,0.3173076923076923,0.3384615384615385,0.33653846153846156,0.35294117647058826,0.43529411764705883,0.21323529411764705,0.625,0.5777777777777777,0.5138888888888888,0.0,0.0,0.0,0
0.9259259259259259,0.8888888888888888,0.4791666666666667,0.0,8.0,154.7698412698413,153.33333333333334,56.198412698412724,54.76190476190477,0.4226190476190476,0.3173076923076923,0.3384615384615385,0.33653846153846156,0.35294117647058826,0.43529411764705883,0.21323529411764705,0.625,0.5777777777777777,0.5138888888888888,0.0,0.0,0.0,0
0.9259259259259259,0.8888888888888888,0.4791666666666667,0.0,8.0,154.7698412698413,153.33333333333334,56.198412698412724,54.76190476190477,0.4226190476190476,0.3173076923076923,0.3384615384615385,0.33653846153846156,0.35294117647058826,0.43529411764705883,0.21323529411764705,0.625,0.5777777777777777,0.5138888888888888,0.0,0.0,0.0,0
0.9259259259259259,0.8888888888888888,0.4791666666666667,0.0,8.0,154.7698412698413,153.33333333333334,56.198412698412724,54.76190476190477,0.4226190476190476,0.3173076923076923,0.3384615384615385,0.33653846153846156,0.35294117647058826,0.43529411764705883,0.21323529411764705,0.625,0.5777777777777777,0.5138888888888888,0.0,0.0,0.0,0
0.9259259259259259,0.8888888888888888,0.4791666666666667,0.0,8.0,154.7698412698413,153.33333333333334,56.198412698412724,54.76190476190477,0.4226190476190476,0.3173076923076923,0.3384615384615385,0.33653846153846156,0.35294117647058826,0.43529411764705883,0.21323529411764705,0.625,0.5777777777777777,0.5138888888888888,0.0,0.0,0.0,0
0.7777777777777778,0.7037037037037037,0.16666666666666666,0.0,5.5,171.0079365079365,228.5793650793651,48.579365079365076,106.15079365079366,0.22023809523809523,0.23076923076923078,0.4,0.27884615384615385,0.41911764705882354,0.4588235294117647,0.03676470588235294,0.4513888888888889,0.28888888888888886,0.013888888888888888,0.0,0.0,0.0,0
0.7777777777777778,0.7037037037037037,0.16666666666666666,0.0,5.5,171.0079365079365,228.5793650793651,48.579365079365076,106.15079365079366,0.22023809523809523,0.23076923076923078,0.4,0.27884615384615385,0.41911764705882354,0.4588235294117647,0.03676470588235294,0.4513888888888889,0.28888888888888886,0.013888888888888888,0.0,0.0,0.0,0
0.7777777777777778,0.7037037037037037,0.16666666666666666,0.0,5.5,171.0079365079365,228.5793650793651,48.579365079365076,106.15079365079366,0.22023809523809523,0.23076923076923078,0.4,0.27884615384615385,0.41911764705882354,0.4588235294117647,0.03676470588235294,0.4513888888888889,0.28888888888888886,0.013888888888888888,0.0,0.0,0.0,0
0.7777777777777778,0.7037037037037037,0.16666666666666666,0.0,5.5,171.0079365079365,228.5793650793651,48.579365079365076,106.15079365079366,0.22023809523809523,0.23076923076923078,0.4,0.27884615384615385,0.41911764705882354,0.4588235294117647,0.03676470588235294,0.4513888888888889,0.28888888888888886,0.013888888888888888,0.0,0.0,0.0,0
0.8518518518518519,0.7407407407407407,0.16666666666666666,0.0,7.0,161.32539682539684,166.03968253968256,38.968253968253975,43.6825396825397,0.39166666666666666,0.3942307692307692,0.4153846153846154,0.3173076923076923,0.375,0.5764705882352941,0.49264705882352944,0.5208333333333334,0.4888888888888889,0.4097222222222222,0.0,0.0,0.0,0
0.8518518518518519,0.7407407407407407,0.16666666666666666,0.0,7.0,161.32539682539684,166.03968253968256,38.968253968253975,43.6825396825397,0.39166666666666666,0.3942307692307692,0.4153846153846154,0.3173076923076923,0.375,0.5764705882352941,0.49264705882352944,0.5208333333333334,0.4888888888888889,0.4097222222222222,0.0,0.0,0.0,0
0.8518518518518519,0.7407407407407407,0.16666666666666666,0.0,7.0,161.32539682539684,166.03968253968256,38.968253968253975,43.6825396825397,0.39166666666666666,0.3942307692307692,0.4153846153846154,0.3173076923076923,0.375,0.5764705882352941,0.49264705882352944,0.5208333333333334,0.4888888888888889,0.4097222222222222,0.0,0.0,0.0,0
0.8518518518518519,0.7407407407407407,0.16666666666666666,0.0,7.0,161.32539682539684,166.03968253968256,38.968253968253975,43.6825396825397,0.39166666666666666,0.3942307692307692,0.4153846153846154,0.3173076923076923,0.375,0.5764705882352941,0.49264705882352944,0.5208333333333334,0.4888888888888889,0.4097222222222222,0.0,0.0,0.0,0
0.8518518518518519,0.7407407407407407,0.16666666666666666,0.0,7.0,161.32539682539684,166.03968253968256,38.968253968253975,43.6825396825397,0.39166666666666666,0.3942307692307692,0.4153846153846154,0.3173076923076923,0.375,0.5764705882352941,0.49264705882352944,0.5208333333333334,0.4888888888888889,0.4097222222222222,0.0,0.0,0.0,0
0.8518518518518519,0.7407407407407407,0.1111111111111111,0.0,6.0,222.14285714285714,167.5079365079365,95.21428571428571,40.579365079365076,0.26071428571428573,0.25961538461538464,0.38461538461538464,0.3557692307692308,0.08088235294117647,0.4823529411764706,0.47058823529411764,0.09722222222222222,0.37777777777777777,0.4513888888888889,0.0,0.0,0.0,0
0.8518518518518519,0.7407407407407407,0.1111111111111111,0.0,6.0,222.14285714285714,167.5079365079365,95.21428571428571,40.579365079365076,0.26071428571428573,0.25961538461538464,0.38461538461538464,0.3557692307692308,0.08088235294117647,0.4823529411764706,0.47058823529411764,0.09722222222222222,0.37777777777777777,0.4513888888888889,0.0,0.0,0.0,0
0.8518518518518519,0.7407407407407407,0.1111111111111111,0.0,6.0,222.14285714285714,167.5079365079365,95.21428571428571,40.579365079365076,0.26071428571428573,0.25961538461538464,0.38461538461538464,0.3557692307692308,0.08088235294117647,0.4823529411764706,0.47058823529411764,0.09722222222222222,0.37777777777777777,0.4513888888888889,0.0,0.0,0.0,0
0.8518518518518519,0.7407407407407407,0.1111111111111111,0.0,6.0,222.14285714285714,167.5079365079365,95.21428571428571,40.579365079365076,0.26071428571428573,0.25961538461538464,0.38461538461538464,0.3557692307692308,0.08088235294117647,0.4823529411764706,0.47058823529411764,0.09722222222222222,0.37777777777777777,0.4513888888888889,0.0,0.0,0.0,0
0.8518518518518519,0.7407407407407407,0.1111111111111111,0.0,6.0,222.14285714285714,167.5079365079365,95.21428571428571,40.579365079365076,0.26071428571428573,0.25961538461538464,0.38461538461538464,0.3557692307692308,0.08088235294117647,0.4823529411764706,0.47058823529411764,0.09722222222222222,0.37777777777777777,0.4513888888888889,0.0,0.0,0.0,0
0.9629629629629629,0.8148148148148148,0.0,0.0,2.0,224.7936507936508,230.7857142857143,81.91269841269843,87.90476190476193,0.16071428571428573,0.15384615384615385,0.0,0.20192307692307693,0.11764705882352941,0.4117647058823529,0.25,0.05555555555555555,0.2777777777777778,0.1388888888888889,0.0,0.0,0.0,1
0.9629629629629629,0.8148148148148148,0.0,0.0,2.0,224.7936507936508,230.7857142857143,81.91269841269843,87.90476190476193,0.16071428571428573,0.15384615384615385,0.0,0.20192307692307693,0.11764705882352941,0.4117647058823529,0.25,0.05555555555555555,0.2777777777777778,0.1388888888888889,0.0,0.0,0.0,1
0.9629629629629629,0.8148148148148148,0.0,0.0,2.0,224.7936507936508,230.7857142857143,81.91269841269843,87.90476190476193,0.16071428571428573,0.15384615384615385,0.0,0.20192307692307693,0.11764705882352941,0.4117647058823529,0.25,0.05555555555555555,0.2777777777777778,0.1388888888888889,0.0,0.0,0.0,1
0.9629629629629629,0.8148148148148148,0.0,0.0,2.0,224.7936507936508,230.7857142857143,81.91269841269843,87.90476190476193,0.16071428571428573,0.15384615384615385,0.0,0.20192307692307693,0.11764705882352941,0.4117647058823529,0.25,0.05555555555555555,0.2777777777777778,0.1388888888888889,0.0,0.0,0.0,1
0.7777777777777778,0.7037037037037037,0.3333333333333333,0.0,3.0,230.07936507936506,194.9126984126984,116.38888888888887,81.22222222222221,0.2261904761904762,0.0,0.36923076923076925,0.20192307692307693,0.27205882352941174,0.4,0.2426470588235294,0.1527777777777778,0.28888888888888886,0.3472222222222222,0.0,0.0,0.0,0
0.7777777777777778,0.7037037037037037,0.3333333333333333,0.0,3.0,230.07936507936506,194.9126984126984,116.38888888888887,81.22222222222221,0.2261904761904762,0.0,0.36923076923076925,0.20192307692307693,0.27205882352941174,0.4,0.2426470588235294,0.1527777777777778,0.28888888888888886,0.3472222222222222,0.0,0.0,0.0,0
0.7777777777777778,0.7037037037037037,0.3333333333333333,0.0,3.0,230.07936507936506,194.9126984126984,116.38888888888887,81.22222222222221,0.2261904761904762,0.0,0.36923076923076925,0.20192307692307693,0.27205882352941174,0.4,0.2426470588235294,0.1527777777777778,0.28888888888888886,0.3472222222222222,0.0,0.0,0.0,0
1.0,0.9629629629629629,0.0,0.0,2.0,234.7222222222222,216.15079365079364,130.84126984126982,112.26984126984127,0.1261904761904762,0.0,0.0,0.0,0.022058823529411766,0.32941176470588235,0.11764705882352941,0.0,0.3,0.18055555555555555,0.009615384615384616,0.24615384615384617,0.28846153846153844,1
1.0,0.9629629629629629,0.0,0.0,2.0,234.7222222222222,216.15079365079364,130.84126984126982,112.26984126984127,0.1261904761904762,0.0,0.0,0.0,0.022058823529411766,0.32941176470588235,0.11764705882352941,0.0,0.3,0.18055555555555555,0.009615384615384616,0.24615384615384617,0.28846153846153844,1
1.0,0.9629629629629629,0.0,0.0,2.0,234.7222222222222,216.15079365079364,130.84126984126982,112.26984126984127,0.1261904761904762,0.0,0.0,0.0,0.022058823529411766,0.32941176470588235,0.11764705882352941,0.0,0.3,0.18055555555555555,0.009615384615384616,0.24615384615384617,0.28846153846153844,1
1.0,0.9629629629629629,0.0,0.0,2.0,234.7222222222222,216.15079365079364,130.84126984126982,112.26984126984127,0.1261904761904762,0.0,0.0,0.0,0.022058823529411766,0.32941176470588235,0.11764705882352941,0.0,0.3,0.18055555555555555,0.009615384615384616,0.24615384615384617,0.28846153846153844,1
1.0,0.9615384615384616,0.0,0.0,2.0,233.60683760683762,225.6923076923077,87.35042735042737,79.43589743589746,0.11336032388663968,0.0,0.0,0.0,0.0,0.3,0.0,0.0,0.32,0.125,0.0,0.0,0.125,1
1.0,0.9615384615384616,0.0,0.0,2.0,233.60683760683762,225.6923076923077,87.35042735042737,79.43589743589746,0.11336032388663968,0.0,0.0,0.0,0.0,0.3,0.0,0.0,0.32,0.125,0.0,0.0,0.125,1
1.0,0.9615384615384616,0.0,0.0,2.0,233.60683760683762,225.6923076923077,87.35042735042737,79.43589743589746,0.11336032388663968,0.0,0.0,0.0,0.0,0.3,0.0,0.0,0.32,0.125,0.0,0.0,0.125,1
1.0,0.9615384615384616,0.0,0.0,2.0,225.47863247863248,254.2222222222222,132.78632478632477,161.5299145299145,0.08906882591093117,0.0,0.0,0.0,0.140625,0.45,0.0,0.07954545454545454,0.21818181818181817,0.0,0.0,0.0,0.0,1
1.0,0.9615384615384616,0.0,0.0,2.0,225.47863247863248,254.2222222222222,132.78632478632477,161.5299145299145,0.08906882591093117,0.0,0.0,0.0,0.140625,0.4,0.0,0.0875,0.24,0.0,0.0,0.0,0.0,1
1.0,0.9615384615384616,0.0,0.0,2.0,225.47863247863248,254.2222222222222,132.78632478632477,161.5299145299145,0.08906882591093117,0.0,0.0,0.0,0.140625,0.4,0.0,0.0875,0.24,0.0,0.0,0.0,0.0,1
1.0,0.9615384615384616,0.0,0.0,2.0,225.47863247863248,254.2222222222222,132.78632478632477,161.5299145299145,0.08906882591093117,0.0,0.0,0.0,0.140625,0.4,0.0,0.0875,0.24,0.0,0.0,0.0,0.0,1
1.0,1.0,0.0,0.0,2.0,232.4878048780488,254.20325203252034,131.609756097561,153.32520325203254,0.06504065040650407,0.0,0.0,0.0,0.03125,0.225,0.0,0.0,0.32,0.0,0.0,0.0,0.0,1
1.0,1.0,0.0,0.0,2.0,232.4878048780488,254.20325203252034,131.609756097561,153.32520325203254,0.06504065040650407,0.0,0.0,0.0,0.03125,0.225,0.0,0.0,0.32,0.0,0.0,0.0,0.0,1
1.0,1.0,0.0,0.0,2.0,232.4878048780488,254.20325203252034,131.609756097561,153.32520325203254,0.06504065040650407,0.0,0.0,0.0,0.03125,0.225,0.0,0.0,0.32,0.0,0.0,0.0,0.0,1
0.9,0.8666666666666667,0.0,0.0,1.0,228.68794326241138,234.3687943262411,75.11347517730499,80.79432624113471,0.1285024154589372,0.0,0.0,0.0,0.10526315789473684,0.3368421052631579,0.06578947368421052,0.07894736842105263,0.25263157894736843,0.07236842105263158,0.0,0.0,0.0,1
0.9,0.8666666666666667,0.0,0.0,1.0,228.68794326241138,234.3687943262411,75.11347517730499,80.79432624113471,0.1285024154589372,0.0,0.0,0.0,0.10526315789473684,0.3368421052631579,0.06578947368421052,0.07894736842105263,0.25263157894736843,0.07236842105263158,0.0,0.0,0.0,1
0.9,0.8666666666666667,0.0,0.0,1.0,228.68794326241138,234.3687943262411,75.11347517730499,80.79432624113471,0.1285024154589372,0.0,0.0,0.0,0.10526315789473684,0.3368421052631579,0.06578947368421052,0.07894736842105263,0.25263157894736843,0.07236842105263158,0.0,0.0,0.0,1
0.9,0.8666666666666667,0.0,0.0,1.0,228.68794326241138,234.3687943262411,75.11347517730499,80.79432624113471,0.1285024154589372,0.0,0.0,0.0,0.10526315789473684,0.3368421052631579,0.06578947368421052,0.07894736842105263,0.25263157894736843,0.07236842105263158,0.0,0.0,0.0,1
1.0333333333333334,1.0,1.0,1.0,1.0,177.7163120567376,108.09929078014186,126.52482269503547,56.90780141843973,0.391304347826087,0.008333333333333333,0.32,0.3333333333333333,0.039473684210526314,0.49473684210526314,0.3355263157894737,0.32894736842105265,0.5052631578947369,0.3815789473684211,0.3333333333333333,0.3466666666666667,0.3333333333333333,0
1.0333333333333334,1.0,1.0,1.0,1.0,177.7163120567376,108.09929078014186,126.52482269503547,56.90780141843973,0.391304347826087,0.008333333333333333,0.32,0.3333333333333333,0.039473684210526314,0.49473684210526314,0.3355263157894737,0.32894736842105265,0.5052631578947369,0.3815789473684211,0.3333333333333333,0.3466666666666667,0.3333333333333333,0
1.0333333333333334,1.0,1.0,1.0,1.0,177.7163120567376,108.09929078014186,126.52482269503547,56.90780141843973,0.391304347826087,0.008333333333333333,0.32,0.3333333333333333,0.039473684210526314,0.49473684210526314,0.3355263157894737,0.32894736842105265,0.5052631578947369,0.3815789473684211,0.3333333333333333,0.3466666666666667,0.3333333333333333,0
1.0333333333333334,1.0,1.0,1.0,1.0,177.7163120567376,108.09929078014186,126.52482269503547,56.90780141843973,0.391304347826087,0.008333333333333333,0.32,0.3333333333333333,0.039473684210526314,0.49473684210526314,0.3355263157894737,0.32894736842105265,0.5052631578947369,0.3815789473684211,0.3333333333333333,0.3466666666666667,0.3333333333333333,0
1.0333333333333334,1.0,0.027777777777777776,1.0,6.0,168.7375886524823,103.26241134751773,83.1631205673759,17.687943262411338,0.45120772946859905,0.13333333333333333,0.10666666666666667,0.008333333333333333,0.17763157894736842,0.5052631578947369,0.4605263157894737,0.5197368421052632,0.631578947368421,0.5263157894736842,0.26666666666666666,0.26666666666666666,0.26666666666666666,0
1.0333333333333334,1.0,0.027777777777777776,1.0,6.0,168.7375886524823,103.26241134751773,83.1631205673759,17.687943262411338,0.45120772946859905,0.13333333333333333,0.10666666666666667,0.008333333333333333,0.17763157894736842,0.5052631578947369,0.4605263157894737,0.5197368421052632,0.631578947368421,0.5263157894736842,0.26666666666666666,0.26666666666666666,0.26666666666666666,0
1.0333333333333334,1.0,0.027777777777777776,1.0,6.0,168.7375886524823,103.26241134751773,83.1631205673759,17.687943262411338,0.45120772946859905,0.13333333333333333,0.10666666666666667,0.008333333333333333,0.17763157894736842,0.5052631578947369,0.4605263157894737,0.5197368421052632,0.631578947368421,0.5263157894736842,0.26666666666666666,0.26666666666666666,0.26666666666666666,0
1.0333333333333334,1.0,0.027777777777777776,1.0,6.0,168.7375886524823,103.26241134751773,83.1631205673759,17.687943262411338,0.45120772946859905,0.13333333333333333,0.10666666666666667,0.008333333333333333,0.17763157894736842,0.5052631578947369,0.4605263157894737,0.5197368421052632,0.631578947368421,0.5263157894736842,0.26666666666666666,0.26666666666666666,0.26666666666666666,0
0.9,0.8666666666666667,0.0,0.0,2.0,231.51773049645388,254.19148936170214,112.47517730496452,135.14893617021278,0.06570048309178744,0.0,0.0,0.0,0.05921052631578947,0.3263157894736842,0.0,0.0,0.30526315789473685,0.0,0.0,0.0,0.0,1
0.9,0.8666666666666667,0.0,0.0,2.0,231.51773049645388,254.19148936170214,112.47517730496452,135.14893617021278,0.06570048309178744,0.0,0.0,0.0,0.05921052631578947,0.3263157894736842,0.0,0.0,0.30526315789473685,0.0,0.0,0.0,0.0,1
0.9,0.8666666666666667,0.0,0.0,2.0,231.51773049645388,254.19148936170214,112.47517730496452,135.14893617021278,0.06570048309178744,0.0,0.0,0.0,0.05921052631578947,0.3263157894736842,0.0,0.0,0.30526315789473685,0.0,0.0,0.0,0.0,1
0.9,0.8666666666666667,0.0,0.0,2.0,231.51773049645388,254.19148936170214,112.47517730496452,135.14893617021278,0.06570048309178744,0.0,0.0,0.0,0.05921052631578947,0.3263157894736842,0.0,0.0,0.30526315789473685,0.0,0.0,0.0,0.0,1
1.032258064516129,0.967741935483871,0.0,0.6666666666666666,6.0,171.8939393939394,107.08333333333333,96.34848484848486,31.537878787878782,0.4449760765550239,0.0,0.0,0.0,0.0,0.4,0.35,0.5625,0.6142857142857143,0.5,0.10576923076923077,0.15384615384615385,0.1346153846153846,0
1.032258064516129,0.967741935483871,0.0,0.6666666666666666,6.0,171.8939393939394,107.08333333333333,96.34848484848486,31.537878787878782,0.4449760765550239,0.0,0.0,0.0,0.0,0.4,0.35,0.5625,0.6142857142857143,0.5,0.10576923076923077,0.15384615384615385,0.1346153846153846,0
1.032258064516129,0.967741935483871,0.0,0.6666666666666666,6.0,171.8939393939394,107.08333333333333,96.34848484848486,31.537878787878782,0.4449760765550239,0.0,0.0,0.0,0.0,0.4,0.35,0.5625,0.6142857142857143,0.5,0.10576923076923077,0.15384615384615385,0.1346153846153846,0
1.032258064516129,0.967741935483871,0.0,0.6666666666666666,6.0,171.8939393939394,107.08333333333333,96.34848484848486,31.537878787878782,0.4449760765550239,0.0,0.0,0.0,0.0,0.4,0.35,0.5625,0.6142857142857143,0.5,0.10576923076923077,0.15384615384615385,0.1346153846153846,0
1.032258064516129,0.967741935483871,0.0,0.6666666666666666,6.0,171.8939393939394,107.08333333333333,96.34848484848486,31.537878787878782,0.4449760765550239,0.0,0.0,0.0,0.0,0.4,0.35,0.5625,0.6142857142857143,0.5,0.10576923076923077,0.15384615384615385,0.1346153846153846,0
1.032258064516129,1.032258064516129,0.16666666666666666,0.6666666666666666,6.0,172.22727272727275,101.65151515151514,84.97727272727275,14.401515151515142,0.4533492822966507,0.11538461538461539,0.13846153846153847,0.019230769230769232,0.0,0.46,0.2875,0.5,0.6285714285714286,0.49107142857142855,0.15384615384615385,0.15384615384615385,0.15384615384615385,0
1.032258064516129,1.032258064516129,0.16666666666666666,0.6666666666666666,6.0,172.22727272727275,101.65151515151514,84.97727272727275,14.401515151515142,0.4533492822966507,0.11538461538461539,0.13846153846153847,0.019230769230769232,0.0,0.46,0.2875,0.5,0.6285714285714286,0.49107142857142855,0.15384615384615385,0.15384615384615385,0.15384615384615385,0
1.032258064516129,1.032258064516129,0.16666666666666666,0.6666666666666666,6.0,172.22727272727275,101.65151515151514,84.97727272727275,14.401515151515142,0.4533492822966507,0.11538461538461539,0.13846153846153847,0.019230769230769232,0.0,0.46,0.2875,0.5,0.6285714285714286,0.49107142857142855,0.15384615384615385,0.15384615384615385,0.15384615384615385,0
1.032258064516129,1.032258064516129,0.16666666666666666,0.6666666666666666,6.0,172.22727272727275,101.65151515151514,84.97727272727275,14.401515151515142,0.4533492822966507,0.11538461538461539,0.13846153846153847,0.019230769230769232,0.0,0.46,0.2875,0.5,0.6285714285714286,0.49107142857142855,0.15384615384615385,0.15384615384615385,0.15384615384615385,0
1.032258064516129,1.032258064516129,0.16666666666666666,0.6666666666666666,6.0,172.22727272727275,101.65151515151514,84.97727272727275,14.401515151515142,0.4533492822966507,0.11538461538461539,0.13846153846153847,0.019230769230769232,0.0,0.46,0.2875,0.5,0.6285714285714286,0.49107142857142855,0.15384615384615385,0.15384615384615385,0.15384615384615385,0
0.8387096774193549,0.8064516129032258,0.0,0.0,1.0,222.77272727272728,223.61363636363637,74.47727272727275,75.31818181818184,0.12200956937799043,0.0,0.0,0.0,0.0,0.18,0.0,0.05357142857142857,0.2,0.026785714285714284,0.0,0.0,0.0,1
0.8387096774193549,0.8064516129032258,0.0,0.0,1.0,222.77272727272728,223.61363636363637,74.47727272727275,75.31818181818184,0.12200956937799043,0.0,0.0,0.0,0.0,0.18,0.0,0.05357142857142857,0.2,0.026785714285714284,0.0,0.0,0.0,1
0.8387096774193549,0.8064516129032258,0.0,0.0,1.0,222.77272727272728,223.61363636363637,74.47727272727275,75.31818181818184,0.12200956937799043,0.0,0.0,0.0,0.0,0.18,0.0,0.05357142857142857,0.2,0.026785714285714284,0.0,0.0,0.0,1
0.8387096774193549,0.8064516129032258,0.0,0.0,1.0,222.77272727272728,223.61363636363637,74.47727272727275,75.31818181818184,0.12200956937799043,0.0,0.0,0.0,0.0,0.18,0.0,0.05357142857142857,0.2,0.026785714285714284,0.0,0.0,0.0,1
1.032258064516129,0.7419354838709677,0.0,1.0,1.5,168.5151515151515,166.85606060606062,69.3560606060606,67.69696969696972,0.30980861244019137,0.0,0.0,0.0,0.0,0.32,0.3875,0.42857142857142855,0.4,0.0,0.3269230769230769,0.18461538461538463,0.0,0
1.032258064516129,0.7419354838709677,0.0,1.0,1.5,168.5151515151515,166.85606060606062,69.3560606060606,67.69696969696972,0.30980861244019137,0.0,0.0,0.0,0.0,0.32,0.3875,0.42857142857142855,0.4,0.0,0.3269230769230769,0.18461538461538463,0.0,0
1.032258064516129,0.7419354838709677,0.0,1.0,1.5,168.5151515151515,166.85606060606062,69.3560606060606,67.69696969696972,0.30980861244019137,0.0,0.0,0.0,0.0,0.32,0.3875,0.42857142857142855,0.4,0.0,0.3269230769230769,0.18461538461538463,0.0,0
1.032258064516129,0.7419354838709677,0.0,1.0,1.5,168.5151515151515,166.85606060606062,69.3560606060606,67.69696969696972,0.30980861244019137,0.0,0.0,0.0,0.0,0.32,0.3875,0.42857142857142855,0.4,0.0,0.3269230769230769,0.18461538461538463,0.0,0
0.8709677419354839,0.8709677419354839,0.0,0.0,2.0,225.1060606060606,254.19696969696972,113.65151515151514,142.74242424242425,0.09090909090909091,0.0,0.0,0.0,0.0,0.32,0.0,0.0,0.2571428571428571,0.0,0.0,0.0,0.0,1
0.8709677419354839,0.8709677419354839,0.0,0.0,2.0,225.1060606060606,254.19696969696972,113.65151515151514,142.74242424242425,0.09090909090909091,0.0,0.0,0.0,0.0,0.32,0.0,0.0,0.2571428571428571,0.0,0.0,0.0,0.0,1
0.8709677419354839,0.8709677419354839,0.0,0.0,2.0,225.1060606060606,254.19696969696972,113.65151515151514,142.74242424242425,0.09090909090909091,0.0,0.0,0.0,0.0,0.32,0.0,0.0,0.2571428571428571,0.0,0.0,0.0,0.0,1
1.0416666666666667,0.7916666666666666,0.19444444444444445,0.9444444444444444,6.0,190.027027027027,109.01801801801803,108.3243243243243,27.315315315315317,0.3741109530583215,0.0,0.0,0.0,0.0390625,0.525,0.5234375,0.2265625,0.5125,0.3125,0.7307692307692307,0.676923076923077,0.6153846153846154,0
1.0416666666666667,0.7916666666666666,0.19444444444444445,0.9444444444444444,6.0,190.027027027027,109.01801801801803,108.3243243243243,27.315315315315317,0.3741109530583215,0.0,0.0,0.0,0.0390625,0.525,0.5234375,0.2265625,0.5125,0.3125,0.7307692307692307,0.676923076923077,0.6153846153846154,0
1.0416666666666667,0.7916666666666666,0.19444444444444445,0.9444444444444444,6.0,190.027027027027,109.01801801801803,108.3243243243243,27.315315315315317,0.3741109530583215,0.0,0.0,0.0,0.0390625,0.525,0.5234375,0.2265625,0.5125,0.3125,0.7307692307692307,0.676923076923077,0.6153846153846154,0
1.0416666666666667,0.7916666666666666,0.19444444444444445,0.9444444444444444,6.0,190.027027027027,109.01801801801803,108.3243243243243,27.315315315315317,0.3741109530583215,0.0,0.0,0.0,0.0390625,0.525,0.5234375,0.2265625,0.5125,0.3125,0.7307692307692307,0.676923076923077,0.6153846153846154,0
1.0416666666666667,0.875,0.16666666666666666,1.0,1.0,230.89189189189187,105.02702702702703,136.89189189189187,11.027027027027032,0.2702702702702703,0.0,0.0,0.09615384615384616,0.0546875,0.4125,0.5,0.0,0.3875,0.28125,0.0,0.46153846153846156,0.7307692307692307,0
1.0416666666666667,0.875,0.16666666666666666,1.0,1.0,230.89189189189187,105.02702702702703,136.89189189189187,11.027027027027032,0.2702702702702703,0.0,0.0,0.09615384615384616,0.0546875,0.4125,0.5,0.0,0.3875,0.28125,0.0,0.46153846153846156,0.7307692307692307,0
1.0416666666666667,0.875,0.16666666666666666,1.0,1.0,230.89189189189187,105.02702702702703,136.89189189189187,11.027027027027032,0.2702702702702703,0.0,0.0,0.09615384615384616,0.0546875,0.4125,0.5,0.0,0.3875,0.28125,0.0,0.46153846153846156,0.7307692307692307,0
1.0416666666666667,0.875,0.16666666666666666,1.0,1.0,230.89189189189187,105.02702702702703,136.89189189189187,11.027027027027032,0.2702702702702703,0.0,0.0,0.09615384615384616,0.0546875,0.4125,0.5,0.0,0.3875,0.28125,0.0,0.46153846153846156,0.7307692307692307,0
1.0416666666666667,0.75,0.16666666666666666,1.0,1.0,151.38738738738738,146.34234234234233,62.063063063063055,57.01801801801801,0.34708392603129445,0.15384615384615385,0.12307692307692308,0.028846153846153848,0.296875,0.525,0.3125,0.1875,0.3125,0.1875,0.7403846153846154,0.7538461538461538,0.7596153846153846,0
1.0416666666666667,0.75,0.16666666666666666,1.0,1.0,151.38738738738738,146.34234234234233,62.063063063063055,57.01801801801801,0.34708392603129445,0.15384615384615385,0.12307692307692308,0.028846153846153848,0.296875,0.525,0.3125,0.1875,0.3125,0.1875,0.7403846153846154,0.7538461538461538,0.7596153846153846,0
1.0,1.0,0.16666666666666666,0.0,2.0,226.95495495495493,227.05405405405406,87.84684684684683,87.94594594594597,0.10953058321479374,0.0,0.0,0.0,0.0625,0.4125,0.0625,0.0078125,0.3,0.078125,0.0,0.0,0.0,1
1.0,1.0,0.16666666666666666,0.0,2.0,226.95495495495493,227.05405405405406,87.84684684684683,87.94594594594597,0.10953058321479374,0.0,0.0,0.0,0.0625,0.4125,0.0625,0.0078125,0.3,0.078125,0.0,0.0,0.0,1
1.0,1.0,0.16666666666666666,0.0,2.0,226.95495495495493,227.05405405405406,87.84684684684683,87.94594594594597,0.10953058321479374,0.0,0.0,0.0,0.0625,0.4125,0.0625,0.0078125,0.3,0.078125,0.0,0.0,0.0,1
0.875,0.8333333333333334,0.3611111111111111,0.7222222222222222,6.0,196.18018018018017,114.67567567567568,110.3153153153153,28.810810810810807,0.33428165007112376,0.10576923076923077,0.13846153846153847,0.08653846153846154,0.0625,0.375,0.5078125,0.0703125,0.4125,0.2890625,0.8461538461538461,0.8923076923076924,0.9230769230769231,0
0.875,0.8333333333333334,0.3611111111111111,0.7222222222222222,6.0,196.18018018018017,114.67567567567568,110.3153153153153,28.810810810810807,0.33428165007112376,0.10576923076923077,0.13846153846153847,0.08653846153846154,0.0625,0.375,0.5078125,0.0703125,0.4125,0.2890625,0.8461538461538461,0.8923076923076924,0.9230769230769231,0
0.875,0.8333333333333334,0.3611111111111111,0.7222222222222222,6.0,196.18018018018017,114.67567567567568,110.3153153153153,28.810810810810807,0.33428165007112376,0.10576923076923077,0.13846153846153847,0.08653846153846154,0.0625,0.375,0.5078125,0.0703125,0.4125,0.2890625,0.8461538461538461,0.8923076923076924,0.9230769230769231,0
0.875,0.8333333333333334,0.3611111111111111,0.7222222222222222,6.0,196.18018018018017,114.67567567567568,110.3153153153153,28.810810810810807,0.33428165007112376,0.10576923076923077,0.13846153846153847,0.08653846153846154,0.0625,0.375,0.5078125,0.0703125,0.4125,0.2890625,0.8461538461538461,0.8923076923076924,0.9230769230769231,0
1.0,1.0,0.3333333333333333,0.0,2.0,224.91891891891893,251.14414414414412,122.70270270270272,148.9279279279279,0.11948790896159317,0.0,0.015384615384615385,0.0,0.0703125,0.4625,0.0,0.1015625,0.375,0.0,0.0,0.0,0.0,1
0.75,0.7142857142857143,0.2857142857142857,0.0,7.0,232.1782945736434,117.77519379844962,106.24806201550386,-8.155038759689916,0.25249169435215946,0.0,0.24,0.19166666666666668,0.0625,0.6,0.4375,0.0,0.36,0.2625,0.0,0.05333333333333334,0.025,0
0.7857142857142857,0.7142857142857143,0.2916666666666667,0.020833333333333332,7.5,205.05426356589146,136.8139534883721,85.54263565891472,17.302325581395365,0.25692137320044295,0.058333333333333334,0.17333333333333334,0.175,0.075,0.74,0.3625,0.025,0.4,0.2125,0.03333333333333333,0.0,0.03333333333333333,0
0.7857142857142857,0.7142857142857143,0.2916666666666667,0.020833333333333332,7.5,205.05426356589146,136.8139534883721,85.54263565891472,17.302325581395365,0.25692137320044295,0.058333333333333334,0.17333333333333334,0.175,0.075,0.74,0.3625,0.025,0.4,0.2125,0.03333333333333333,0.0,0.03333333333333333,0
0.8214285714285714,0.75,0.3333333333333333,0.020833333333333332,7.5,171.2713178294574,167.79069767441862,52.68992248062018,49.20930232558142,0.2646733111849391,0.08333333333333333,0.16,0.15833333333333333,0.125,0.8,0.325,0.075,0.42,0.15,0.03333333333333333,0.013333333333333334,0.025,0
0.8214285714285714,0.75,0.3333333333333333,0.020833333333333332,7.5,171.2713178294574,167.79069767441862,52.68992248062018,49.20930232558142,0.2646733111849391,0.08333333333333333,0.16,0.15833333333333333,0.125,0.8,0.325,0.075,0.42,0.15,0.03333333333333333,0.013333333333333334,0.025,0
0.8214285714285714,0.75,0.3333333333333333,0.020833333333333332,7.5,135.62790697674419,193.62790697674419,23.116279069767444,81.11627906976744,0.26799557032115173,0.1,0.16,0.14166666666666666,0.2125,0.8,0.2375,0.125,0.42,0.1125,0.03333333333333333,0.013333333333333334,0.025,0
0.8214285714285714,0.75,0.3333333333333333,0.020833333333333332,7.5,135.62790697674419,193.62790697674419,23.116279069767444,81.11627906976744,0.26799557032115173,0.1,0.16,0.14166666666666666,0.2125,0.8,0.2375,0.125,0.42,0.1125,0.03333333333333333,0.013333333333333334,0.025,0
0.8214285714285714,0.75,0.3333333333333333,0.020833333333333332,7.5,125.53488372093022,204.03100775193798,18.325581395348834,96.82170542635659,0.26799557032115173,0.125,0.16,0.11666666666666667,0.3,0.78,0.1625,0.175,0.4,0.0875,0.03333333333333333,0.013333333333333334,0.025,0
0.8214285714285714,0.7142857142857143,0.3333333333333333,0.020833333333333332,7.5,125.53488372093022,204.03100775193798,18.325581395348834,96.82170542635659,0.26799557032115173,0.125,0.16,0.11666666666666667,0.3,0.78,0.1625,0.175,0.4,0.0875,0.03333333333333333,0.013333333333333334,0.025,0
0.9285714285714286,0.9285714285714286,0.0,0.0,1.0,234.1627906976744,231.79069767441862,113.11627906976743,110.74418604651164,0.10409745293466224,0.0,0.0,0.05,0.1,0.32,0.1875,0.0,0.16,0.0625,0.0,0.0,0.0,1
0.9285714285714286,0.9285714285714286,0.0,0.0,1.0,234.1627906976744,231.79069767441862,113.11627906976743,110.74418604651164,0.10409745293466224,0.0,0.0,0.05,0.1,0.32,0.1875,0.0,0.16,0.0625,0.0,0.0,0.0,1
0.9285714285714286,0.9285714285714286,0.0,0.0,1.0,234.1627906976744,231.79069767441862,113.11627906976743,110.74418604651164,0.10409745293466224,0.0,0.0,0.05,0.1,0.32,0.1875,0.0,0.16,0.0625,0.0,0.0,0.0,1
0.9285714285714286,0.9285714285714286,0.0,0.0,1.0,234.1627906976744,231.79069767441862,113.11627906976743,110.74418604651164,0.10409745293466224,0.0,0.0,0.05,0.1,0.32,0.1875,0.0,0.16,0.0625,0.0,0.0,0.0,1
0.7857142857142857,0.7142857142857143,0.23809523809523808,0.0,7.0,227.62790697674419,125.23255813953487,102.90697674418604,0.5116279069767273,0.23588039867109634,0.0,0.16,0.19166666666666668,0.125,0.66,0.4125,0.0,0.34,0.1875,0.0,0.0,0.0,0
0.7857142857142857,0.7142857142857143,0.25,0.0,8.0,213.4418604651163,142.8217054263566,90.72093023255815,20.100775193798455,0.22591362126245848,0.0,0.18666666666666668,0.175,0.1,0.8,0.3125,0.0,0.42,0.1375,0.0,0.0,0.0,0
0.7857142857142857,0.7142857142857143,0.25,0.0,8.0,213.4418604651163,142.8217054263566,90.72093023255815,20.100775193798455,0.22591362126245848,0.0,0.18666666666666668,0.175,0.1,0.8,0.3125,0.0,0.42,0.1375,0.0,0.0,0.0,0
0.7857142857142857,0.75,0.2708333333333333,0.0,8.0,184.2480620155039,171.8139534883721,67.2480620155039,54.81395348837211,0.22591362126245848,0.05,0.13333333333333333,0.15833333333333333,0.1875,0.8,0.225,0.0625,0.4,0.0875,0.0,0.0,0.0,0
0.7857142857142857,0.75,0.2708333333333333,0.0,8.0,184.2480620155039,171.8139534883721,67.2480620155039,54.81395348837211,0.22591362126245848,0.05,0.13333333333333333,0.15833333333333333,0.1875,0.8,0.225,0.0625,0.4,0.0875,0.0,0.0,0.0,0
0.7857142857142857,0.75,0.3125,0.0,8.0,149.92248062015506,199.77519379844958,30.99224806201552,80.84496124031004,0.22591362126245848,0.06666666666666667,0.12,0.15,0.275,0.8,0.1375,0.1125,0.4,0.0375,0.0,0.0,0.0,0
0.7857142857142857,0.75,0.3125,0.0,8.0,149.92248062015506,199.77519379844958,30.99224806201552,80.84496124031004,0.22591362126245848,0.06666666666666667,0.12,0.15,0.275,0.8,0.1375,0.1125,0.4,0.0375,0.0,0.0,0.0,0
0.7857142857142857,0.75,0.3333333333333333,0.0,8.0,128.96124031007753,214.64341085271317,8.077519379844972,93.75968992248062,0.22591362126245848,0.08333333333333333,0.12,0.13333333333333333,0.3625,0.78,0.0625,0.1625,0.38,0.0,0.0,0.0,0.0,0
0.7857142857142857,0.75,0.3333333333333333,0.0,8.0,128.96124031007753,214.64341085271317,8.077519379844972,93.75968992248062,0.22591362126245848,0.08333333333333333,0.12,0.13333333333333333,0.3625,0.78,0.0625,0.1625,0.38,0.0,0.0,0.0,0.0,0
0.9285714285714286,0.9285714285714286,0.0,0.0,1.5,228.51162790697674,231.89147286821705,115.30232558139535,118.68217054263566,0.12956810631229235,0.0,0.0,0.0,0.0,0.38,0.0,0.125,0.18,0.0,0.008333333333333333,0.0,0.0,1
0.9285714285714286,0.9285714285714286,0.0,0.0,1.5,228.51162790697674,231.89147286821705,115.30232558139535,118.68217054263566,0.12956810631229235,0.0,0.0,0.0,0.0,0.38,0.0,0.125,0.18,0.0,0.008333333333333333,0.0,0.0,1
0.9285714285714286,0.9285714285714286,0.0,0.0,1.5,228.51162790697674,231.89147286821705,115.30232558139535,118.68217054263566,0.12956810631229235,0.0,0.0,0.0,0.0,0.38,0.0,0.125,0.18,0.0,0.008333333333333333,0.0,0.0,1
0.9285714285714286,0.9285714285714286,0.0,0.0,1.5,228.51162790697674,231.89147286821705,115.30232558139535,118.68217054263566,0.12956810631229235,0.0,0.0,0.0,0.0,0.38,0.0,0.125,0.18,0.0,0.008333333333333333,0.0,0.0,1
0.9285714285714286,0.9285714285714286,0.0,0.0,7.0,229.4108527131783,116.45736434108528,126.2015503875969,13.24806201550389,0.27906976744186046,0.0,0.0,0.0,0.05,0.5,0.5125,0.0,0.64,0.5,0.0,0.0,0.0,1
