blackness,connectivity,box_density_above,box_density_below,median_width,max_width,pct_wide,max_bound_width,left_white,right_white,left_contrast,right_contrast,local_density,grid_above_left,grid_above_center,grid_above_right,grid_top_left,grid_top_center,grid_top_right,grid_bot_left,grid_bot_center,grid_bot_right,grid_below_left,grid_below_center,grid_below_right,space_blob_left_1,space_blob_right_1,space_blob_left_2,space_blob_right_2,space_blob_left_3,space_blob_right_3,space_blob_left_4,space_blob_right_4,label
1.0344827586206897,0.8275862068965517,0.40476190476190477,0.42857142857142855,7.0,8,0.75,31,140.50757575757575,104.13636363636364,61.848484848484844,25.477272727272734,0.5,0.0,0.13333333333333333,0.20833333333333334,0.14772727272727273,0.7454545454545455,0.3181818181818182,0.325,0.5,0.55,0.15,0.36,0.075,0.05454545454545454,0.4727272727272727,0.2727272727272727,0.022727272727272728,0.3181818181818182,0.5909090909090909,0.2727272727272727,0.3181818181818182,0
0.9655172413793104,0.8275862068965517,0.4722222222222222,0.3888888888888889,6.5,9,0.75,32,131.75757575757575,111.7651515151515,53.3030303030303,33.31060606060605,0.5010822510822511,0.0,0.2,0.16666666666666666,0.19318181818181818,0.7272727272727273,0.2840909090909091,0.375,0.54,0.475,0.21666666666666667,0.26666666666666666,0.06666666666666667,0.07272727272727272,0.43636363636363634,0.36363636363636365,0.0,0.38636363636363635,0.5,0.29545454545454547,0.2727272727272727,0
0.9655172413793104,0.8275862068965517,0.4722222222222222,0.3888888888888889,6.5,9,0.75,32,131.75757575757575,111.7651515151515,53.3030303030303,33.31060606060605,0.5010822510822511,0.0,0.2,0.16666666666666666,0.19318181818181818,0.7272727272727273,0.2840909090909091,0.375,0.54,0.475,0.21666666666666667,0.26666666666666666,0.06666666666666667,0.07272727272727272,0.43636363636363634,0.36363636363636365,0.0,0.38636363636363635,0.5,0.29545454545454547,0.2727272727272727,0
0.9655172413793104,0.8275862068965517,0.4722222222222222,0.3888888888888889,6.5,9,0.75,32,131.75757575757575,111.7651515151515,53.3030303030303,33.31060606060605,0.5010822510822511,0.0,0.2,0.16666666666666666,0.19318181818181818,0.7272727272727273,0.2840909090909091,0.375,0.54,0.475,0.21666666666666667,0.26666666666666666,0.06666666666666667,0.07272727272727272,0.43636363636363634,0.36363636363636365,0.0,0.38636363636363635,0.5,0.29545454545454547,0.2727272727272727,0
0.9655172413793104,0.8275862068965517,0.4722222222222222,0.3888888888888889,6.5,9,0.75,32,131.75757575757575,111.7651515151515,53.3030303030303,33.31060606060605,0.5010822510822511,0.0,0.2,0.16666666666666666,0.19318181818181818,0.7272727272727273,0.2840909090909091,0.375,0.54,0.475,0.21666666666666667,0.26666666666666666,0.06666666666666667,0.07272727272727272,0.43636363636363634,0.36363636363636365,0.0,0.38636363636363635,0.5,0.29545454545454547,0.2727272727272727,0
0.9655172413793104,0.8275862068965517,0.4722222222222222,0.3888888888888889,6.5,9,0.75,32,131.75757575757575,111.7651515151515,53.3030303030303,33.31060606060605,0.5010822510822511,0.0,0.2,0.16666666666666666,0.19318181818181818,0.7272727272727273,0.2840909090909091,0.375,0.54,0.475,0.21666666666666667,0.26666666666666666,0.06666666666666667,0.07272727272727272,0.43636363636363634,0.36363636363636365,0.0,0.38636363636363635,0.5,0.29545454545454547,0.2727272727272727,0
1.0,1.0,0.0,0.16666666666666666,6.0,11,1.0,37,182.3939393939394,139.5,91.00757575757576,48.11363636363636,0.354978354978355,0.0,0.0,0.0,0.13636363636363635,0.6909090909090909,0.2840909090909091,0.05,0.62,0.1375,0.0,0.0,0.0,0.2,0.3090909090909091,0.09090909090909091,0.25,0.0,0.045454545454545456,0.09090909090909091,0.20454545454545456,0
1.0,1.0,0.0,0.16666666666666666,6.0,11,1.0,37,168.10606060606062,168.49242424242425,84.58333333333336,84.96969696969698,0.354978354978355,0.0,0.0,0.0,0.17045454545454544,0.7818181818181819,0.19318181818181818,0.075,0.7,0.0625,0.0,0.0,0.0,0.21818181818181817,0.23636363636363636,0.13636363636363635,0.1590909090909091,0.022727272727272728,0.0,0.11363636363636363,0.11363636363636363,0
1.0,1.0,0.0,0.16666666666666666,6.0,11,1.0,37,168.10606060606062,168.49242424242425,84.58333333333336,84.96969696969698,0.354978354978355,0.0,0.0,0.0,0.17045454545454544,0.7818181818181819,0.19318181818181818,0.075,0.7,0.0625,0.0,0.0,0.0,0.21818181818181817,0.23636363636363636,0.13636363636363635,0.1590909090909091,0.022727272727272728,0.0,0.11363636363636363,0.11363636363636363,0
1.0,1.0,0.0,0.16666666666666666,6.0,11,1.0,37,168.10606060606062,168.49242424242425,84.58333333333336,84.96969696969698,0.354978354978355,0.0,0.0,0.0,0.17045454545454544,0.7818181818181819,0.19318181818181818,0.075,0.7,0.0625,0.0,0.0,0.0,0.21818181818181817,0.23636363636363636,0.13636363636363635,0.1590909090909091,0.022727272727272728,0.0,0.11363636363636363,0.11363636363636363,0
1.0,1.0,0.0,0.16666666666666666,6.0,11,1.0,37,168.10606060606062,168.49242424242425,84.58333333333336,84.96969696969698,0.354978354978355,0.0,0.0,0.0,0.17045454545454544,0.7818181818181819,0.19318181818181818,0.075,0.7,0.0625,0.0,0.0,0.0,0.21818181818181817,0.23636363636363636,0.13636363636363635,0.1590909090909091,0.022727272727272728,0.0,0.11363636363636363,0.11363636363636363,0
1.0,1.0,0.0,0.16666666666666666,6.0,11,1.0,37,146.9848484848485,191.05303030303028,63.007575757575765,107.07575757575755,0.354978354978355,0.0,0.0,0.0,0.23863636363636365,0.7818181818181819,0.125,0.1375,0.64,0.0375,0.0,0.0,0.0,0.2909090909090909,0.21818181818181817,0.18181818181818182,0.11363636363636363,0.11363636363636363,0.0,0.13636363636363635,0.11363636363636363,0
1.0,1.0,0.0,0.16666666666666666,6.0,11,1.0,37,146.9848484848485,191.05303030303028,63.007575757575765,107.07575757575755,0.354978354978355,0.0,0.0,0.0,0.23863636363636365,0.7818181818181819,0.125,0.1375,0.64,0.0375,0.0,0.0,0.0,0.2909090909090909,0.21818181818181817,0.18181818181818182,0.11363636363636363,0.11363636363636363,0.0,0.13636363636363635,0.11363636363636363,0
1.0,0.8620689655172413,0.0,0.16666666666666666,4.0,11,0.625,37,193.29545454545453,99.76515151515152,82.13636363636363,-11.393939393939391,0.3777056277056277,0.0,0.0,0.0,0.125,0.5272727272727272,0.5,0.025,0.6,0.2625,0.0,0.0,0.0,0.21818181818181817,0.5272727272727272,0.11363636363636363,0.4090909090909091,0.0,0.1590909090909091,0.11363636363636363,0.3181818181818182,0
1.0,0.8620689655172413,0.0,0.16666666666666666,4.0,11,0.625,37,193.29545454545453,99.76515151515152,82.13636363636363,-11.393939393939391,0.3777056277056277,0.0,0.0,0.0,0.125,0.5272727272727272,0.5,0.025,0.6,0.2625,0.0,0.0,0.0,0.21818181818181817,0.5272727272727272,0.11363636363636363,0.4090909090909091,0.0,0.1590909090909091,0.11363636363636363,0.3181818181818182,0
1.0,0.8620689655172413,0.0,0.16666666666666666,4.0,11,0.625,37,193.29545454545453,99.76515151515152,82.13636363636363,-11.393939393939391,0.3777056277056277,0.0,0.0,0.0,0.125,0.5272727272727272,0.5,0.025,0.6,0.2625,0.0,0.0,0.0,0.21818181818181817,0.5272727272727272,0.11363636363636363,0.4090909090909091,0.0,0.1590909090909091,0.11363636363636363,0.3181818181818182,0
1.0,1.0,0.0,0.16666666666666666,5.0,11,1.0,37,116.81060606060606,172.84848484848484,25.99242424242425,82.03030303030303,0.3777056277056277,0.0,0.0,0.0,0.3977272727272727,0.5272727272727272,0.22727272727272727,0.2,0.68,0.0375,0.0,0.0,0.0,0.43636363636363634,0.3090909090909091,0.3181818181818182,0.13636363636363635,0.13636363636363635,0.0,0.22727272727272727,0.06818181818181818,0
1.0,1.0,0.0,0.16666666666666666,5.0,11,1.0,37,116.81060606060606,172.84848484848484,25.99242424242425,82.03030303030303,0.3777056277056277,0.0,0.0,0.0,0.3977272727272727,0.5272727272727272,0.22727272727272727,0.2,0.68,0.0375,0.0,0.0,0.0,0.43636363636363634,0.3090909090909091,0.3181818181818182,0.13636363636363635,0.13636363636363635,0.0,0.22727272727272727,0.06818181818181818,0
1.0,1.0,0.0,0.16666666666666666,5.0,11,1.0,37,116.81060606060606,172.84848484848484,25.99242424242425,82.03030303030303,0.3777056277056277,0.0,0.0,0.0,0.3977272727272727,0.5272727272727272,0.22727272727272727,0.2,0.68,0.0375,0.0,0.0,0.0,0.43636363636363634,0.3090909090909091,0.3181818181818182,0.13636363636363635,0.13636363636363635,0.0,0.22727272727272727,0.06818181818181818,0
1.0,1.0,0.0,0.16666666666666666,5.0,11,1.0,37,116.81060606060606,172.84848484848484,25.99242424242425,82.03030303030303,0.3777056277056277,0.0,0.0,0.0,0.3977272727272727,0.5272727272727272,0.22727272727272727,0.2,0.68,0.0375,0.0,0.0,0.0,0.43636363636363634,0.3090909090909091,0.3181818181818182,0.13636363636363635,0.13636363636363635,0.0,0.22727272727272727,0.06818181818181818,0
1.0,1.0,0.0,0.16666666666666666,5.0,11,1.0,37,116.81060606060606,172.84848484848484,25.99242424242425,82.03030303030303,0.3777056277056277,0.0,0.0,0.0,0.3977272727272727,0.5272727272727272,0.22727272727272727,0.2,0.68,0.0375,0.0,0.0,0.0,0.43636363636363634,0.3090909090909091,0.3181818181818182,0.13636363636363635,0.13636363636363635,0.0,0.22727272727272727,0.06818181818181818,0
1.0344827586206897,1.0344827586206897,0.0,0.0,3.0,3,0.0,3,203.30303030303034,201.40151515151516,81.7575757575758,79.85606060606061,0.2619047619047619,0.0,0.0,0.0,0.0,0.4909090909090909,0.0,0.0,0.48,0.0,0.0,0.0,0.0,0.0,0.0,0.0,0.0,0.0,0.0,0.0,0.0,1
0.8620689655172413,0.7931034482758621,0.0,0.9166666666666666,2.0,2,0.0,2,182.61363636363637,198.11363636363635,67.18181818181819,82.68181818181816,0.2748917748917749,0.0,0.0,0.0,0.0,0.14545454545454545,0.0,0.0875,0.44,0.0,0.6,0.6266666666666667,0.2916666666666667,0.0,0.0,0.0,0.0,0.0,0.0,0.0,0.0,0
0.8620689655172413,0.7931034482758621,0.0,0.9166666666666666,2.0,2,0.0,2,182.61363636363637,198.11363636363635,67.18181818181819,82.68181818181816,0.2748917748917749,0.0,0.0,0.0,0.0,0.14545454545454545,0.0,0.0875,0.44,0.0,0.6,0.6266666666666667,0.2916666666666667,0.0,0.0,0.0,0.0,0.0,0.0,0.0,0.0,0
0.8620689655172413,0.7931034482758621,0.0,0.9166666666666666,2.0,2,0.0,2,182.61363636363637,198.11363636363635,67.18181818181819,82.68181818181816,0.2748917748917749,0.0,0.0,0.0,0.0,0.14545454545454545,0.0,0.0875,0.44,0.0,0.6,0.6266666666666667,0.2916666666666667,0.0,0.0,0.0,0.0,0.0,0.0,0.0,0.0,0
0.9310344827586207,0.8620689655172413,0.0,0.16666666666666666,2.0,6,0.14285714285714285,8,175.22727272727275,206.58333333333334,41.909090909090935,73.26515151515153,0.27164502164502163,0.0,0.0,0.0,0.0,0.2,0.0,0.3125,0.4,0.0,0.10833333333333334,0.0,0.0,0.0,0.0,0.0,0.0,0.0,0.0,0.3181818181818182,0.0,0
0.9310344827586207,0.8620689655172413,0.0,0.16666666666666666,2.0,6,0.14285714285714285,8,175.22727272727275,206.58333333333334,41.909090909090935,73.26515151515153,0.27164502164502163,0.0,0.0,0.0,0.0,0.2,0.0,0.3125,0.4,0.0,0.10833333333333334,0.0,0.0,0.0,0.0,0.0,0.0,0.0,0.0,0.3181818181818182,0.0,0
0.9310344827586207,0.8620689655172413,0.0,0.16666666666666666,2.0,6,0.14285714285714285,8,175.22727272727275,206.58333333333334,41.909090909090935,73.26515151515153,0.27164502164502163,0.0,0.0,0.0,0.0,0.2,0.0,0.3125,0.4,0.0,0.10833333333333334,0.0,0.0,0.0,0.0,0.0,0.0,0.0,0.0,0.3181818181818182,0.0,0
1.0,1.0,0.0,0.16666666666666666,3.0,11,0.1111111111111111,37,201.65151515151516,203.9848484848485,120.58333333333334,122.91666666666669,0.2911255411255411,0.0,0.0,0.0,0.09090909090909091,0.5272727272727272,0.09090909090909091,0.0,0.48,0.0,0.0,0.0,0.0,0.2,0.2,0.0,0.0,0.0,0.0,0.0,0.0,1
1.0,1.0,0.0,0.16666666666666666,3.0,11,0.1111111111111111,37,201.65151515151516,203.9848484848485,120.58333333333334,122.91666666666669,0.2911255411255411,0.0,0.0,0.0,0.09090909090909091,0.5272727272727272,0.09090909090909091,0.0,0.48,0.0,0.0,0.0,0.0,0.2,0.2,0.0,0.0,0.0,0.0,0.0,0.0,1
1.0,1.0,0.0,0.16666666666666666,3.0,11,0.1111111111111111,37,201.65151515151516,203.9848484848485,120.58333333333334,122.91666666666669,0.2911255411255411,0.0,0.0,0.0,0.09090909090909091,0.5272727272727272,0.09090909090909091,0.0,0.48,0.0,0.0,0.0,0.0,0.2,0.2,0.0,0.0,0.0,0.0,0.0,0.0,1
1.0,1.0,0.0,0.16666666666666666,3.0,11,0.1111111111111111,37,201.65151515151516,203.9848484848485,120.58333333333334,122.91666666666669,0.2911255411255411,0.0,0.0,0.0,0.09090909090909091,0.5272727272727272,0.09090909090909091,0.0,0.48,0.0,0.0,0.0,0.0,0.2,0.2,0.0,0.0,0.0,0.0,0.0,0.0,1
1.0344827586206897,1.0344827586206897,0.0,0.0,3.0,4,0.1111111111111111,4,205.15151515151516,201.7348484848485,98.7878787878788,95.37121212121214,0.2857142857142857,0.0,0.0,0.0,0.0,0.45454545454545453,0.0,0.0,0.52,0.0,0.0,0.0,0.0,0.0,0.0,0.0,0.0,0.0,0.0,0.0,0.0,1
0.896551724137931,0.8620689655172413,0.3333333333333333,0.19444444444444445,6.0,11,0.625,37,111.50105708245242,190.28787878787878,24.25105708245242,103.03787878787878,0.395021645021645,0.0,0.29333333333333333,0.0,0.36363636363636365,0.6,0.13636363636363635,0.3125,0.36,0.0375,0.4666666666666667,0.05333333333333334,0.0,0.36363636363636365,0.2,0.3409090909090909,0.022727272727272728,0.20454545454545456,0.06818181818181818,0.29545454545454547,0.0,0
0.8620689655172413,0.8620689655172413,0.3333333333333333,0.16666666666666666,6.0,11,0.5714285714285714,37,120.62226920366454,186.31060606060603,-2.832276250880909,62.85606060606058,0.39935064935064934,0.0,0.29333333333333333,0.008333333333333333,0.4090909090909091,0.5272727272727272,0.1590909090909091,0.375,0.26,0.0375,0.5,0.0,0.0,0.4,0.2,0.38636363636363635,0.045454545454545456,0.25,0.06818181818181818,0.36363636363636365,0.0,0
0.8620689655172413,0.8620689655172413,0.3333333333333333,0.16666666666666666,6.0,11,0.5714285714285714,37,120.62226920366454,186.31060606060603,-2.832276250880909,62.85606060606058,0.39935064935064934,0.0,0.29333333333333333,0.008333333333333333,0.4090909090909091,0.5272727272727272,0.1590909090909091,0.375,0.26,0.0375,0.5,0.0,0.0,0.4,0.2,0.38636363636363635,0.045454545454545456,0.25,0.06818181818181818,0.36363636363636365,0.0,0
0.8620689655172413,0.8620689655172413,0.3333333333333333,0.16666666666666666,6.0,11,0.5714285714285714,37,120.62226920366454,186.31060606060603,-2.832276250880909,62.85606060606058,0.39935064935064934,0.0,0.29333333333333333,0.008333333333333333,0.4090909090909091,0.5272727272727272,0.1590909090909091,0.375,0.26,0.0375,0.5,0.0,0.0,0.4,0.2,0.38636363636363635,0.045454545454545456,0.25,0.06818181818181818,0.36363636363636365,0.0,0
1.0,1.0,0.0,0.16666666666666666,3.0,11,0.1111111111111111,37,205.0909090909091,207.74242424242425,123.38636363636364,126.0378787878788,0.27164502164502163,0.0,0.0,0.0,0.09090909090909091,0.45454545454545453,0.09090909090909091,0.0,0.44,0.0,0.0,0.0,0.0,0.2,0.2,0.0,0.0,0.0,0.0,0.0,0.0,1
1.0,1.0,0.0,0.1111111111111111,3.0,7,0.1111111111111111,20,199.65151515151516,254.36363636363637,111.06060606060606,165.77272727272728,0.17965367965367965,0.0,0.0,0.0,0.09090909090909091,0.509090909090909,0.0,0.0,0.36,0.0,0.0,0.0,0.0,0.2,0.0,0.0,0.0,0.0,0.0,0.0,0.0,0
1.0,1.0,0.0,0.05555555555555555,3.0,6,0.1111111111111111,19,197.44696969696972,254.36363636363637,96.08333333333336,153.0,0.1699134199134199,0.0,0.0,0.0,0.09090909090909091,0.4909090909090909,0.0,0.0,0.36,0.0,0.0,0.0,0.0,0.2,0.0,0.0,0.0,0.0,0.0,0.0,0.0,0
1.0,1.0,0.0,0.05555555555555555,3.0,6,0.1111111111111111,19,197.44696969696972,254.36363636363637,96.08333333333336,153.0,0.1699134199134199,0.0,0.0,0.0,0.09090909090909091,0.4909090909090909,0.0,0.0,0.36,0.0,0.0,0.0,0.0,0.2,0.0,0.0,0.0,0.0,0.0,0.0,0.0,0
1.0,1.0,0.0,0.05555555555555555,3.0,6,0.1111111111111111,19,197.44696969696972,254.36363636363637,96.08333333333336,153.0,0.1699134199134199,0.0,0.0,0.0,0.09090909090909091,0.4909090909090909,0.0,0.0,0.36,0.0,0.0,0.0,0.0,0.2,0.0,0.0,0.0,0.0,0.0,0.0,0.0,0
1.0,1.0,0.0,0.05555555555555555,3.0,6,0.1111111111111111,19,197.44696969696972,254.36363636363637,96.08333333333336,153.0,0.1699134199134199,0.0,0.0,0.0,0.09090909090909091,0.4909090909090909,0.0,0.0,0.36,0.0,0.0,0.0,0.0,0.2,0.0,0.0,0.0,0.0,0.0,0.0,0.0,0
0.8571428571428571,0.75,0.0,0.3333333333333333,2.0,7,0.16666666666666666,23,145.34108527131784,165.85271317829458,11.20155038759691,31.713178294573652,0.3399778516057586,0.25,0.22666666666666666,0.575,0.025,0.12,0.1,0.4,0.48,0.3,0.0,0.0,0.5,0.0,0.0,0.045454545454545456,0.0,0.29545454545454547,0.5,0.36363636363636365,0.0,0
0.8571428571428571,0.75,0.0,0.3333333333333333,2.0,7,0.16666666666666666,23,145.34108527131784,165.85271317829458,11.20155038759691,31.713178294573652,0.3399778516057586,0.25,0.22666666666666666,0.575,0.025,0.12,0.1,0.4,0.48,0.3,0.0,0.0,0.5,0.0,0.0,0.045454545454545456,0.0,0.29545454545454547,0.5,0.36363636363636365,0.0,0
0.8571428571428571,0.75,0.0,0.3333333333333333,2.0,7,0.16666666666666666,23,145.34108527131784,165.85271317829458,11.20155038759691,31.713178294573652,0.3399778516057586,0.25,0.22666666666666666,0.575,0.025,0.12,0.1,0.4,0.48,0.3,0.0,0.0,0.5,0.0,0.0,0.045454545454545456,0.0,0.29545454545454547,0.5,0.36363636363636365,0.0,0
0.8571428571428571,0.75,0.0,0.3333333333333333,2.0,7,0.16666666666666666,23,145.34108527131784,165.85271317829458,11.20155038759691,31.713178294573652,0.3399778516057586,0.25,0.22666666666666666,0.575,0.025,0.12,0.1,0.4,0.48,0.3,0.0,0.0,0.5,0.0,0.0,0.045454545454545456,0.0,0.29545454545454547,0.5,0.36363636363636365,0.0,0
1.0357142857142858,1.0,0.0,0.3333333333333333,3.0,5,0.125,20,195.69767441860463,196.22480620155036,115.30232558139534,115.82945736434107,0.2591362126245847,0.0,0.0,0.0,0.0,0.48,0.0,0.0875,0.54,0.1,0.0,0.0,0.0,0.0,0.0,0.0,0.0,0.022727272727272728,0.022727272727272728,0.0,0.022727272727272728,1
1.0357142857142858,0.8214285714285714,0.0,0.3333333333333333,4.0,6,0.5714285714285714,21,188.5503875968992,175.71317829457362,86.20155038759688,73.36434108527129,0.27464008859357697,0.0,0.0,0.0,0.0,0.42,0.0875,0.1125,0.62,0.1125,0.0,0.0,0.0,0.0,0.0,0.045454545454545456,0.25,0.045454545454545456,0.09090909090909091,0.06818181818181818,0.0,0
1.0357142857142858,0.8214285714285714,0.0,0.3333333333333333,4.0,6,0.5714285714285714,21,188.5503875968992,175.71317829457362,86.20155038759688,73.36434108527129,0.27464008859357697,0.0,0.0,0.0,0.0,0.42,0.0875,0.1125,0.62,0.1125,0.0,0.0,0.0,0.0,0.0,0.045454545454545456,0.25,0.045454545454545456,0.09090909090909091,0.06818181818181818,0.0,0
1.0357142857142858,0.8214285714285714,0.0,0.3333333333333333,4.0,6,0.5714285714285714,21,188.5503875968992,175.71317829457362,86.20155038759688,73.36434108527129,0.27464008859357697,0.0,0.0,0.0,0.0,0.42,0.0875,0.1125,0.62,0.1125,0.0,0.0,0.0,0.0,0.0,0.045454545454545456,0.25,0.045454545454545456,0.09090909090909091,0.06818181818181818,0.0,0
1.0357142857142858,0.8214285714285714,0.0,0.3333333333333333,4.0,6,0.5714285714285714,21,188.5503875968992,175.71317829457362,86.20155038759688,73.36434108527129,0.27464008859357697,0.0,0.0,0.0,0.0,0.42,0.0875,0.1125,0.62,0.1125,0.0,0.0,0.0,0.0,0.0,0.045454545454545456,0.25,0.045454545454545456,0.09090909090909091,0.06818181818181818,0.0,0
1.0357142857142858,0.8214285714285714,0.0,0.3333333333333333,4.0,6,0.5714285714285714,21,188.5503875968992,175.71317829457362,86.20155038759688,73.36434108527129,0.27464008859357697,0.0,0.0,0.0,0.0,0.42,0.0875,0.1125,0.62,0.1125,0.0,0.0,0.0,0.0,0.0,0.045454545454545456,0.25,0.045454545454545456,0.09090909090909091,0.06818181818181818,0.0,0
0.8928571428571429,0.75,0.0,0.75,2.0,2,0.0,2,170.3798449612403,203.12403100775194,38.63565891472868,71.37984496124031,0.2547065337763012,0.0,0.0,0.0,0.0,0.16,0.0,0.1375,0.38,0.0375,0.35,0.13333333333333333,0.0,0.0,0.0,0.0,0.0,0.0,0.0,0.0,0.0,0
0.8928571428571429,0.75,0.0,0.75,2.0,2,0.0,2,170.3798449612403,203.12403100775194,38.63565891472868,71.37984496124031,0.2547065337763012,0.0,0.0,0.0,0.0,0.16,0.0,0.1375,0.38,0.0375,0.35,0.13333333333333333,0.0,0.0,0.0,0.0,0.0,0.0,0.0,0.0,0.0,0
0.8928571428571429,0.75,0.0,0.75,2.0,2,0.0,2,170.3798449612403,203.12403100775194,38.63565891472868,71.37984496124031,0.2547065337763012,0.0,0.0,0.0,0.0,0.16,0.0,0.1375,0.38,0.0375,0.35,0.13333333333333333,0.0,0.0,0.0,0.0,0.0,0.0,0.0,0.0,0.0,0
1.0357142857142858,1.0357142857142858,0.0,0.05555555555555555,3.0,3,0.0,20,201.84496124031008,195.8217054263566,116.42635658914729,110.4031007751938,0.2558139534883721,0.26666666666666666,0.22666666666666666,0.325,0.0,0.36,0.0,0.0,0.48,0.0,0.0,0.0,0.0,0.0,0.0,0.0,0.045454545454545456,0.0,0.09090909090909091,0.0,0.09090909090909091,1
0.9642857142857143,0.8571428571428571,0.08333333333333333,0.75,2.0,4,0.16666666666666666,8,151.92248062015503,196.75968992248065,82.85271317829456,127.68992248062018,0.2956810631229236,0.2,0.13333333333333333,0.0,0.05,0.22,0.0,0.225,0.5,0.0375,0.45,0.5066666666666667,0.025,0.0,0.0,0.0,0.0,0.0,0.022727272727272728,0.13636363636363635,0.0,0
0.9642857142857143,0.8571428571428571,0.08333333333333333,0.75,2.0,4,0.16666666666666666,8,151.92248062015503,196.75968992248065,82.85271317829456,127.68992248062018,0.2956810631229236,0.2,0.13333333333333333,0.0,0.05,0.22,0.0,0.225,0.5,0.0375,0.45,0.5066666666666667,0.025,0.0,0.0,0.0,0.0,0.0,0.022727272727272728,0.13636363636363635,0.0,0
0.9642857142857143,0.8571428571428571,0.08333333333333333,0.75,2.0,4,0.16666666666666666,8,151.92248062015503,196.75968992248065,82.85271317829456,127.68992248062018,0.2956810631229236,0.2,0.13333333333333333,0.0,0.05,0.22,0.0,0.225,0.5,0.0375,0.45,0.5066666666666667,0.025,0.0,0.0,0.0,0.0,0.0,0.022727272727272728,0.13636363636363635,0.0,0
0.9642857142857143,0.8214285714285714,0.0,0.9166666666666666,4.5,7,0.6666666666666666,32,143.8217054263566,188.5581395348837,54.47286821705427,99.20930232558138,0.4130675526024363,0.0,0.0,0.0,0.4,0.32,0.0,0.3125,0.58,0.375,0.375,0.26666666666666666,0.5,0.0,0.09090909090909091,1.0,0.09090909090909091,0.09090909090909091,0.11363636363636363,0.5227272727272727,0.6818181818181818,0
0.9642857142857143,0.8214285714285714,0.0,0.7916666666666666,4.5,6,0.6666666666666666,32,130.0,181.11627906976744,30.093023255813947,81.20930232558139,0.4064230343300111,0.0,0.0,0.0,0.4,0.24,0.0,0.2875,0.54,0.425,0.35,0.22666666666666666,0.55,0.0,0.18181818181818182,1.0,0.18181818181818182,0.11363636363636363,0.18181818181818182,0.5227272727272727,0.7727272727272727,0
0.9642857142857143,0.8214285714285714,0.0,0.7916666666666666,4.5,6,0.6666666666666666,32,130.0,181.11627906976744,30.093023255813947,81.20930232558139,0.4064230343300111,0.0,0.0,0.0,0.4,0.24,0.0,0.2875,0.54,0.425,0.35,0.22666666666666666,0.55,0.0,0.18181818181818182,1.0,0.18181818181818182,0.11363636363636363,0.18181818181818182,0.5227272727272727,0.7727272727272727,0
0.9642857142857143,0.8214285714285714,0.0,0.7916666666666666,4.5,6,0.6666666666666666,32,130.0,181.11627906976744,30.093023255813947,81.20930232558139,0.4064230343300111,0.0,0.0,0.0,0.4,0.24,0.0,0.2875,0.54,0.425,0.35,0.22666666666666666,0.55,0.0,0.18181818181818182,1.0,0.18181818181818182,0.11363636363636363,0.18181818181818182,0.5227272727272727,0.7727272727272727,0
1.0,1.0,0.0,0.6666666666666666,2.0,8,0.25,20,168.94573643410854,203.4496124031008,93.87596899224808,128.37984496124034,0.29346622369878184,0.0,0.0,0.0,0.0,0.34,0.0,0.3375,0.68,0.1,0.43333333333333335,0.5733333333333334,0.03333333333333333,0.0,0.0,0.18181818181818182,0.022727272727272728,0.20454545454545456,0.022727272727272728,0.6818181818181818,0.045454545454545456,0
1.0,1.0,0.0,1.0,2.0,7,0.25,19,167.31782945736433,205.64341085271317,82.43410852713177,120.75968992248062,0.2912513842746401,0.0,0.0,0.0,0.0,0.34,0.0,0.375,0.6,0.1,0.5,0.49333333333333335,0.008333333333333333,0.0,0.0,0.09090909090909091,0.0,0.11363636363636363,0.0,0.6818181818181818,0.022727272727272728,0
1.0,1.0,0.0,1.0,2.0,7,0.25,19,167.31782945736433,205.64341085271317,82.43410852713177,120.75968992248062,0.2912513842746401,0.0,0.0,0.0,0.0,0.34,0.0,0.375,0.6,0.1,0.5,0.49333333333333335,0.008333333333333333,0.0,0.0,0.09090909090909091,0.0,0.11363636363636363,0.0,0.6818181818181818,0.022727272727272728,0
1.0,1.0,0.0,1.0,2.0,7,0.25,19,167.31782945736433,205.64341085271317,82.43410852713177,120.75968992248062,0.2912513842746401,0.0,0.0,0.0,0.0,0.34,0.0,0.375,0.6,0.1,0.5,0.49333333333333335,0.008333333333333333,0.0,0.0,0.09090909090909091,0.0,0.11363636363636363,0.0,0.6818181818181818,0.022727272727272728,0
1.0,1.0,0.0,1.0,2.0,7,0.25,19,167.31782945736433,205.64341085271317,82.43410852713177,120.75968992248062,0.2912513842746401,0.0,0.0,0.0,0.0,0.34,0.0,0.375,0.6,0.1,0.5,0.49333333333333335,0.008333333333333333,0.0,0.0,0.09090909090909091,0.0,0.11363636363636363,0.0,0.6818181818181818,0.022727272727272728,0
1.0357142857142858,1.0,0.0,0.3333333333333333,2.0,4,0.25,20,207.36434108527132,184.52713178294573,106.59689922480621,83.75968992248062,0.28792912513842744,0.0,0.0,0.0,0.0,0.4,0.0,0.1,0.52,0.3125,0.0,0.0,0.5083333333333333,0.0,0.022727272727272728,0.0,0.022727272727272728,0.0,0.022727272727272728,0.0,0.3409090909090909,1
1.0357142857142858,1.0357142857142858,0.3333333333333333,0.8333333333333334,4.5,7,0.625,37,124.03100775193798,141.72868217054264,78.7751937984496,96.47286821705427,0.4485049833887043,0.14166666666666666,0.22666666666666666,0.03333333333333333,0.0,0.4,0.3,0.5875,0.7,0.325,0.36666666666666664,0.26666666666666666,0.0,0.0,0.7272727272727273,0.045454545454545456,0.0,0.4772727272727273,0.5454545454545454,0.7727272727272727,0.0,0
1.0357142857142858,1.0357142857142858,0.3333333333333333,0.8333333333333334,4.5,7,0.625,37,124.03100775193798,141.72868217054264,78.7751937984496,96.47286821705427,0.4485049833887043,0.14166666666666666,0.22666666666666666,0.03333333333333333,0.0,0.4,0.3,0.5875,0.7,0.325,0.36666666666666664,0.26666666666666666,0.0,0.0,0.7272727272727273,0.045454545454545456,0.0,0.4772727272727273,0.5454545454545454,0.7727272727272727,0.0,0
1.0357142857142858,1.0357142857142858,0.3333333333333333,0.8333333333333334,4.5,7,0.625,37,124.03100775193798,141.72868217054264,78.7751937984496,96.47286821705427,0.4485049833887043,0.14166666666666666,0.22666666666666666,0.03333333333333333,0.0,0.4,0.3,0.5875,0.7,0.325,0.36666666666666664,0.26666666666666666,0.0,0.0,0.7272727272727273,0.045454545454545456,0.0,0.4772727272727273,0.5454545454545454,0.7727272727272727,0.0,0
1.0357142857142858,1.0357142857142858,0.3333333333333333,0.8333333333333334,4.5,7,0.625,37,124.03100775193798,141.72868217054264,78.7751937984496,96.47286821705427,0.4485049833887043,0.14166666666666666,0.22666666666666666,0.03333333333333333,0.0,0.4,0.3,0.5875,0.7,0.325,0.36666666666666664,0.26666666666666666,0.0,0.0,0.7272727272727273,0.045454545454545456,0.0,0.4772727272727273,0.5454545454545454,0.7727272727272727,0.0,0
1.0357142857142858,1.0357142857142858,0.3333333333333333,0.8333333333333334,4.5,7,0.625,37,124.03100775193798,141.72868217054264,78.7751937984496,96.47286821705427,0.4485049833887043,0.14166666666666666,0.22666666666666666,0.03333333333333333,0.0,0.4,0.3,0.5875,0.7,0.325,0.36666666666666664,0.26666666666666666,0.0,0.0,0.7272727272727273,0.045454545454545456,0.0,0.4772727272727273,0.5454545454545454,0.7727272727272727,0.0,0
1.0357142857142858,1.0,0.0,0.625,4.5,7,0.5,20,149.09302325581396,191.71317829457362,62.48837209302326,105.10852713178292,0.3477297895902547,0.0,0.0,0.0,0.25,0.36,0.075,0.4,0.54,0.1625,0.4666666666666667,0.5333333333333333,0.1,0.6136363636363636,0.0,0.0,0.22727272727272727,0.18181818181818182,0.0,0.5681818181818182,0.11363636363636363,0
1.0357142857142858,1.0,0.0,0.625,4.5,7,0.5,20,149.09302325581396,191.71317829457362,62.48837209302326,105.10852713178292,0.3477297895902547,0.0,0.0,0.0,0.25,0.36,0.075,0.4,0.54,0.1625,0.4666666666666667,0.5333333333333333,0.1,0.6136363636363636,0.0,0.0,0.22727272727272727,0.18181818181818182,0.0,0.5681818181818182,0.11363636363636363,0
1.0357142857142858,1.0,0.0,0.625,4.5,7,0.5,20,149.09302325581396,191.71317829457362,62.48837209302326,105.10852713178292,0.3477297895902547,0.0,0.0,0.0,0.25,0.36,0.075,0.4,0.54,0.1625,0.4666666666666667,0.5333333333333333,0.1,0.6136363636363636,0.0,0.0,0.22727272727272727,0.18181818181818182,0.0,0.5681818181818182,0.11363636363636363,0
1.0357142857142858,1.0,0.0,0.625,4.5,7,0.5,20,149.09302325581396,191.71317829457362,62.48837209302326,105.10852713178292,0.3477297895902547,0.0,0.0,0.0,0.25,0.36,0.075,0.4,0.54,0.1625,0.4666666666666667,0.5333333333333333,0.1,0.6136363636363636,0.0,0.0,0.22727272727272727,0.18181818181818182,0.0,0.5681818181818182,0.11363636363636363,0
1.0357142857142858,1.0,0.0,0.6666666666666666,1.5,6,0.25,37,163.4186046511628,196.55038759689924,104.48837209302327,137.62015503875972,0.3023255813953488,0.0,0.0,0.0,0.0,0.2,0.0625,0.4,0.48,0.075,0.4666666666666667,0.4533333333333333,0.008333333333333333,0.0,0.0,0.0,0.20454545454545456,0.045454545454545456,0.0,0.5909090909090909,0.0,0
1.0357142857142858,1.0,0.0,0.6666666666666666,1.5,6,0.25,37,163.4186046511628,196.55038759689924,104.48837209302327,137.62015503875972,0.3023255813953488,0.0,0.0,0.0,0.0,0.2,0.0625,0.4,0.48,0.075,0.4666666666666667,0.4533333333333333,0.008333333333333333,0.0,0.0,0.0,0.20454545454545456,0.045454545454545456,0.0,0.5909090909090909,0.0,0
1.0357142857142858,1.0,0.0,0.6666666666666666,1.5,6,0.25,37,163.4186046511628,196.55038759689924,104.48837209302327,137.62015503875972,0.3023255813953488,0.0,0.0,0.0,0.0,0.2,0.0625,0.4,0.48,0.075,0.4666666666666667,0.4533333333333333,0.008333333333333333,0.0,0.0,0.0,0.20454545454545456,0.045454545454545456,0.0,0.5909090909090909,0.0,0
1.0357142857142858,1.0,0.0,0.6666666666666666,1.5,6,0.25,37,163.4186046511628,196.55038759689924,104.48837209302327,137.62015503875972,0.3023255813953488,0.0,0.0,0.0,0.0,0.2,0.0625,0.4,0.48,0.075,0.4666666666666667,0.4533333333333333,0.008333333333333333,0.0,0.0,0.0,0.20454545454545456,0.045454545454545456,0.0,0.5909090909090909,0.0,0
1.0357142857142858,0.8571428571428571,0.5,0.3888888888888889,3.0,6,0.3333333333333333,36,153.68992248062014,121.46511627906978,63.062015503875955,30.83720930232559,0.4119601328903654,0.35833333333333334,0.2,0.35833333333333334,0.325,0.54,0.425,0.075,0.3,0.1,0.0,0.32,0.5416666666666666,0.5909090909090909,0.13636363636363635,0.1590909090909091,0.4772727272727273,0.022727272727272728,0.0,0.0,0.0,0
1.0357142857142858,0.8571428571428571,0.5,0.3888888888888889,3.0,6,0.3333333333333333,36,153.68992248062014,121.46511627906978,63.062015503875955,30.83720930232559,0.4119601328903654,0.35833333333333334,0.2,0.35833333333333334,0.325,0.54,0.425,0.075,0.3,0.1,0.0,0.32,0.5416666666666666,0.5909090909090909,0.13636363636363635,0.1590909090909091,0.4772727272727273,0.022727272727272728,0.0,0.0,0.0,0
1.0357142857142858,0.8571428571428571,0.5,0.3888888888888889,3.0,6,0.3333333333333333,36,153.68992248062014,121.46511627906978,63.062015503875955,30.83720930232559,0.4119601328903654,0.35833333333333334,0.2,0.35833333333333334,0.325,0.54,0.425,0.075,0.3,0.1,0.0,0.32,0.5416666666666666,0.5909090909090909,0.13636363636363635,0.1590909090909091,0.4772727272727273,0.022727272727272728,0.0,0.0,0.0,0
1.0357142857142858,0.8571428571428571,0.5,0.3888888888888889,3.0,6,0.3333333333333333,36,153.68992248062014,121.46511627906978,63.062015503875955,30.83720930232559,0.4119601328903654,0.35833333333333334,0.2,0.35833333333333334,0.325,0.54,0.425,0.075,0.3,0.1,0.0,0.32,0.5416666666666666,0.5909090909090909,0.13636363636363635,0.1590909090909091,0.4772727272727273,0.022727272727272728,0.0,0.0,0.0,0
1.0357142857142858,0.8571428571428571,0.5,0.3888888888888889,3.0,6,0.3333333333333333,36,153.68992248062014,121.46511627906978,63.062015503875955,30.83720930232559,0.4119601328903654,0.35833333333333334,0.2,0.35833333333333334,0.325,0.54,0.425,0.075,0.3,0.1,0.0,0.32,0.5416666666666666,0.5909090909090909,0.13636363636363635,0.1590909090909091,0.4772727272727273,0.022727272727272728,0.0,0.0,0.0,0
1.0357142857142858,1.0357142857142858,0.041666666666666664,0.5833333333333334,4.0,6,0.5,36,198.6124031007752,129.69767441860463,101.51937984496125,32.60465116279069,0.3698781838316722,0.24166666666666667,0.22666666666666666,0.25,0.175,0.4,0.3125,0.1,0.54,0.3625,0.6333333333333333,0.6666666666666666,0.0,0.09090909090909091,0.4090909090909091,0.29545454545454547,0.11363636363636363,0.0,0.5681818181818182,0.0,0.0,0
1.0357142857142858,1.0357142857142858,0.041666666666666664,0.5833333333333334,4.0,6,0.5,36,198.6124031007752,129.69767441860463,101.51937984496125,32.60465116279069,0.3698781838316722,0.24166666666666667,0.22666666666666666,0.25,0.175,0.4,0.3125,0.1,0.54,0.3625,0.6333333333333333,0.6666666666666666,0.0,0.09090909090909091,0.4090909090909091,0.29545454545454547,0.11363636363636363,0.0,0.5681818181818182,0.0,0.0,0
1.0357142857142858,1.0357142857142858,0.041666666666666664,0.5833333333333334,4.0,6,0.5,36,198.6124031007752,129.69767441860463,101.51937984496125,32.60465116279069,0.3698781838316722,0.24166666666666667,0.22666666666666666,0.25,0.175,0.4,0.3125,0.1,0.54,0.3625,0.6333333333333333,0.6666666666666666,0.0,0.09090909090909091,0.4090909090909091,0.29545454545454547,0.11363636363636363,0.0,0.5681818181818182,0.0,0.0,0
1.0357142857142858,1.0357142857142858,0.041666666666666664,0.5833333333333334,4.0,6,0.5,36,198.6124031007752,129.69767441860463,101.51937984496125,32.60465116279069,0.3698781838316722,0.24166666666666667,0.22666666666666666,0.25,0.175,0.4,0.3125,0.1,0.54,0.3625,0.6333333333333333,0.6666666666666666,0.0,0.09090909090909091,0.4090909090909091,0.29545454545454547,0.11363636363636363,0.0,0.5681818181818182,0.0,0.0,0
1.0357142857142858,1.0357142857142858,0.041666666666666664,0.5833333333333334,4.0,6,0.5,36,198.6124031007752,129.69767441860463,101.51937984496125,32.60465116279069,0.3698781838316722,0.24166666666666667,0.22666666666666666,0.25,0.175,0.4,0.3125,0.1,0.54,0.3625,0.6333333333333333,0.6666666666666666,0.0,0.09090909090909091,0.4090909090909091,0.29545454545454547,0.11363636363636363,0.0,0.5681818181818182,0.0,0.0,0
1.0357142857142858,0.7857142857142857,0.125,0.5833333333333334,4.5,7,0.5,37,196.984496124031,128.96899224806202,138.19379844961242,70.17829457364343,0.3554817275747508,0.23333333333333334,0.22666666666666666,0.25,0.1,0.48,0.2625,0.1,0.62,0.3125,0.6583333333333333,0.52,0.0,0.06818181818181818,0.3409090909090909,0.20454545454545456,0.11363636363636363,0.0,0.4772727272727273,0.022727272727272728,0.0,0
1.0357142857142858,0.8571428571428571,0.25,0.6666666666666666,2.0,6,0.2857142857142857,22,162.1627906976744,92.55038759689921,85.81395348837208,16.201550387596882,0.46511627906976744,0.38333333333333336,0.2,0.21666666666666667,0.3,0.48,0.4125,0.1875,0.44,0.1,0.0,0.3466666666666667,0.6166666666666667,0.5,0.13636363636363635,0.3409090909090909,0.45454545454545453,0.20454545454545456,0.0,0.0,0.0,0
1.0357142857142858,0.8571428571428571,0.25,0.6666666666666666,2.0,6,0.2857142857142857,22,162.1627906976744,92.55038759689921,85.81395348837208,16.201550387596882,0.46511627906976744,0.38333333333333336,0.2,0.21666666666666667,0.3,0.48,0.4125,0.1875,0.44,0.1,0.0,0.3466666666666667,0.6166666666666667,0.5,0.13636363636363635,0.3409090909090909,0.45454545454545453,0.20454545454545456,0.0,0.0,0.0,0
1.0357142857142858,0.8571428571428571,0.25,0.6666666666666666,2.0,6,0.2857142857142857,22,162.1627906976744,92.55038759689921,85.81395348837208,16.201550387596882,0.46511627906976744,0.38333333333333336,0.2,0.21666666666666667,0.3,0.48,0.4125,0.1875,0.44,0.1,0.0,0.3466666666666667,0.6166666666666667,0.5,0.13636363636363635,0.3409090909090909,0.45454545454545453,0.20454545454545456,0.0,0.0,0.0,0
1.0357142857142858,0.8571428571428571,0.25,0.6666666666666666,2.0,6,0.2857142857142857,22,162.1627906976744,92.55038759689921,85.81395348837208,16.201550387596882,0.46511627906976744,0.38333333333333336,0.2,0.21666666666666667,0.3,0.48,0.4125,0.1875,0.44,0.1,0.0,0.3466666666666667,0.6166666666666667,0.5,0.13636363636363635,0.3409090909090909,0.45454545454545453,0.20454545454545456,0.0,0.0,0.0,0
1.0357142857142858,0.8571428571428571,0.25,0.6666666666666666,2.0,6,0.2857142857142857,22,162.1627906976744,92.55038759689921,85.81395348837208,16.201550387596882,0.46511627906976744,0.38333333333333336,0.2,0.21666666666666667,0.3,0.48,0.4125,0.1875,0.44,0.1,0.0,0.3466666666666667,0.6166666666666667,0.5,0.13636363636363635,0.3409090909090909,0.45454545454545453,0.20454545454545456,0.0,0.0,0.0,0
1.0357142857142858,1.0357142857142858,0.16666666666666666,1.0,1.0,6,0.375,19,196.52713178294573,103.2248062015504,137.64341085271317,44.34108527131784,0.40420819490586934,0.0,0.013333333333333334,0.1,0.0,0.46,0.5625,0.0,0.28,0.1625,0.6,0.72,0.9,0.0,0.25,0.0,0.6363636363636364,0.0,0.0,0.0,0.0,0
1.0357142857142858,1.0357142857142858,0.16666666666666666,1.0,1.0,6,0.375,19,196.52713178294573,103.2248062015504,137.64341085271317,44.34108527131784,0.40420819490586934,0.0,0.013333333333333334,0.1,0.0,0.46,0.5625,0.0,0.28,0.1625,0.6,0.72,0.9,0.0,0.25,0.0,0.6363636363636364,0.0,0.0,0.0,0.0,0
1.0357142857142858,1.0357142857142858,0.16666666666666666,1.0,1.0,6,0.375,19,196.52713178294573,103.2248062015504,137.64341085271317,44.34108527131784,0.40420819490586934,0.0,0.013333333333333334,0.1,0.0,0.46,0.5625,0.0,0.28,0.1625,0.6,0.72,0.9,0.0,0.25,0.0,0.6363636363636364,0.0,0.0,0.0,0.0,0
1.0357142857142858,1.0357142857142858,0.16666666666666666,1.0,1.0,6,0.375,19,196.52713178294573,103.2248062015504,137.64341085271317,44.34108527131784,0.40420819490586934,0.0,0.013333333333333334,0.1,0.0,0.46,0.5625,0.0,0.28,0.1625,0.6,0.72,0.9,0.0,0.25,0.0,0.6363636363636364,0.0,0.0,0.0,0.0,0
1.0357142857142858,1.0357142857142858,0.16666666666666666,1.0,1.0,6,0.375,19,196.52713178294573,103.2248062015504,137.64341085271317,44.34108527131784,0.40420819490586934,0.0,0.013333333333333334,0.1,0.0,0.46,0.5625,0.0,0.28,0.1625,0.6,0.72,0.9,0.0,0.25,0.0,0.6363636363636364,0.0,0.0,0.0,0.0,0
0.9642857142857143,0.75,0.0,0.5,2.0,7,0.42857142857142855,21,137.7751937984496,135.06201550387598,23.5891472868217,20.875968992248076,0.4141749723145072,0.38333333333333336,0.17333333333333334,0.26666666666666666,0.5,0.48,0.5375,0.075,0.44,0.025,0.0,0.02666666666666667,0.0,0.5454545454545454,0.36363636363636365,0.2727272727272727,0.5454545454545454,0.18181818181818182,0.0,0.0,0.0,0
0.9642857142857143,0.75,0.0,0.5,2.0,7,0.42857142857142855,21,137.7751937984496,135.06201550387598,23.5891472868217,20.875968992248076,0.4141749723145072,0.38333333333333336,0.17333333333333334,0.26666666666666666,0.5,0.48,0.5375,0.075,0.44,0.025,0.0,0.02666666666666667,0.0,0.5454545454545454,0.36363636363636365,0.2727272727272727,0.5454545454545454,0.18181818181818182,0.0,0.0,0.0,0
0.9642857142857143,0.75,0.0,0.5,2.0,7,0.42857142857142855,21,137.7751937984496,135.06201550387598,23.5891472868217,20.875968992248076,0.4141749723145072,0.38333333333333336,0.17333333333333334,0.26666666666666666,0.5,0.48,0.5375,0.075,0.44,0.025,0.0,0.02666666666666667,0.0,0.5454545454545454,0.36363636363636365,0.2727272727272727,0.5454545454545454,0.18181818181818182,0.0,0.0,0.0,0
0.9642857142857143,0.75,0.0,0.5,2.0,7,0.42857142857142855,21,137.7751937984496,135.06201550387598,23.5891472868217,20.875968992248076,0.4141749723145072,0.38333333333333336,0.17333333333333334,0.26666666666666666,0.5,0.48,0.5375,0.075,0.44,0.025,0.0,0.02666666666666667,0.0,0.5454545454545454,0.36363636363636365,0.2727272727272727,0.5454545454545454,0.18181818181818182,0.0,0.0,0.0,0
0.9642857142857143,0.75,0.0,0.5,2.0,7,0.42857142857142855,21,137.7751937984496,135.06201550387598,23.5891472868217,20.875968992248076,0.4141749723145072,0.38333333333333336,0.17333333333333334,0.26666666666666666,0.5,0.48,0.5375,0.075,0.44,0.025,0.0,0.02666666666666667,0.0,0.5454545454545454,0.36363636363636365,0.2727272727272727,0.5454545454545454,0.18181818181818182,0.0,0.0,0.0,0
1.0357142857142858,1.0357142857142858,0.0,0.2777777777777778,3.0,4,0.125,4,197.28682170542638,254.36434108527132,120.19379844961243,177.27131782945736,0.18715393133997785,0.0,0.0,0.0,0.0,0.48,0.0,0.075,0.56,0.0,0.0,0.0,0.0,0.0,0.0,0.0,0.0,0.022727272727272728,0.0,0.0,0.0,0
1.0357142857142858,1.0357142857142858,0.0,0.2777777777777778,3.0,4,0.125,4,197.28682170542638,254.36434108527132,120.19379844961243,177.27131782945736,0.18715393133997785,0.0,0.0,0.0,0.0,0.48,0.0,0.075,0.56,0.0,0.0,0.0,0.0,0.0,0.0,0.0,0.0,0.022727272727272728,0.0,0.0,0.0,0
1.0357142857142858,1.0357142857142858,0.0,0.2777777777777778,3.0,4,0.125,4,197.28682170542638,254.36434108527132,120.19379844961243,177.27131782945736,0.18715393133997785,0.0,0.0,0.0,0.0,0.48,0.0,0.075,0.56,0.0,0.0,0.0,0.0,0.0,0.0,0.0,0.0,0.022727272727272728,0.0,0.0,0.0,0
1.0357142857142858,1.0357142857142858,0.0,0.2777777777777778,3.0,4,0.125,4,197.28682170542638,254.36434108527132,120.19379844961243,177.27131782945736,0.18715393133997785,0.0,0.0,0.0,0.0,0.48,0.0,0.075,0.56,0.0,0.0,0.0,0.0,0.0,0.0,0.0,0.0,0.022727272727272728,0.0,0.0,0.0,0
1.0357142857142858,1.0,0.0,0.16666666666666666,3.0,3,0.0,18,210.77519379844958,200.2635658914729,131.7054263565891,121.19379844961243,0.2691029900332226,0.0,0.16,0.5,0.0,0.5,0.025,0.0,0.48,0.1875,0.0,0.0,0.26666666666666666,0.0,0.13636363636363635,0.022727272727272728,0.0,0.0,0.29545454545454547,0.0,0.045454545454545456,1
1.0357142857142858,1.0,0.0,0.16666666666666666,3.0,3,0.0,18,210.77519379844958,200.2635658914729,131.7054263565891,121.19379844961243,0.2691029900332226,0.0,0.16,0.5,0.0,0.5,0.025,0.0,0.48,0.1875,0.0,0.0,0.26666666666666666,0.0,0.13636363636363635,0.022727272727272728,0.0,0.0,0.29545454545454547,0.0,0.045454545454545456,1
1.0357142857142858,1.0,0.0,0.16666666666666666,3.0,3,0.0,18,210.77519379844958,200.2635658914729,131.7054263565891,121.19379844961243,0.2691029900332226,0.0,0.16,0.5,0.0,0.5,0.025,0.0,0.48,0.1875,0.0,0.0,0.26666666666666666,0.0,0.13636363636363635,0.022727272727272728,0.0,0.0,0.29545454545454547,0.0,0.045454545454545456,1
1.0357142857142858,1.0,0.0,0.16666666666666666,3.0,3,0.0,18,210.77519379844958,200.2635658914729,131.7054263565891,121.19379844961243,0.2691029900332226,0.0,0.16,0.5,0.0,0.5,0.025,0.0,0.48,0.1875,0.0,0.0,0.26666666666666666,0.0,0.13636363636363635,0.022727272727272728,0.0,0.0,0.29545454545454547,0.0,0.045454545454545456,1
0.9285714285714286,0.8571428571428571,0.16666666666666666,0.5833333333333334,2.0,7,0.16666666666666666,19,147.73643410852716,192.48062015503876,35.085271317829495,79.8294573643411,0.3289036544850498,0.13333333333333333,0.05333333333333334,0.0,0.0375,0.24,0.1625,0.1875,0.54,0.0,0.225,0.22666666666666666,0.0,0.0,0.1590909090909091,0.0,0.25,0.0,0.0,0.20454545454545456,0.0,0
0.9285714285714286,0.8571428571428571,0.0,0.4166666666666667,2.0,6,0.16666666666666666,19,148.49612403100775,191.35658914728683,23.658914728682177,66.51937984496125,0.33111849390919157,0.15,0.02666666666666667,0.0,0.0375,0.26,0.175,0.2375,0.46,0.0,0.2916666666666667,0.12,0.0,0.0,0.18181818181818182,0.022727272727272728,0.25,0.0,0.0,0.20454545454545456,0.0,0
0.9285714285714286,0.8571428571428571,0.0,0.4166666666666667,2.0,6,0.16666666666666666,19,148.49612403100775,191.35658914728683,23.658914728682177,66.51937984496125,0.33111849390919157,0.15,0.02666666666666667,0.0,0.0375,0.26,0.175,0.2375,0.46,0.0,0.2916666666666667,0.12,0.0,0.0,0.18181818181818182,0.022727272727272728,0.25,0.0,0.0,0.20454545454545456,0.0,0
0.9285714285714286,0.8571428571428571,0.0,0.4166666666666667,2.0,6,0.16666666666666666,19,148.49612403100775,191.35658914728683,23.658914728682177,66.51937984496125,0.33111849390919157,0.15,0.02666666666666667,0.0,0.0375,0.26,0.175,0.2375,0.46,0.0,0.2916666666666667,0.12,0.0,0.0,0.18181818181818182,0.022727272727272728,0.25,0.0,0.0,0.20454545454545456,0.0,0
0.9285714285714286,0.8571428571428571,0.0,0.4166666666666667,2.0,6,0.16666666666666666,19,148.49612403100775,191.35658914728683,23.658914728682177,66.51937984496125,0.33111849390919157,0.15,0.02666666666666667,0.0,0.0375,0.26,0.175,0.2375,0.46,0.0,0.2916666666666667,0.12,0.0,0.0,0.18181818181818182,0.022727272727272728,0.25,0.0,0.0,0.20454545454545456,0.0,0
0.9285714285714286,0.8571428571428571,0.08333333333333333,0.4166666666666667,2.0,6,0.16666666666666666,20,129.78294573643413,208.05426356589146,21.596899224806222,99.86821705426355,0.33111849390919157,0.14166666666666666,0.02666666666666667,0.0,0.1625,0.24,0.0,0.2375,0.42,0.0,0.1,0.04,0.0,0.25,0.0,0.09090909090909091,0.0,0.0,0.0,0.18181818181818182,0.0,0
0.9285714285714286,0.8571428571428571,0.08333333333333333,0.4166666666666667,2.0,6,0.16666666666666666,20,129.78294573643413,208.05426356589146,21.596899224806222,99.86821705426355,0.33111849390919157,0.14166666666666666,0.02666666666666667,0.0,0.1625,0.24,0.0,0.2375,0.42,0.0,0.1,0.04,0.0,0.25,0.0,0.09090909090909091,0.0,0.0,0.0,0.18181818181818182,0.0,0
0.9285714285714286,0.8571428571428571,0.08333333333333333,0.4166666666666667,2.0,6,0.16666666666666666,20,129.78294573643413,208.05426356589146,21.596899224806222,99.86821705426355,0.33111849390919157,0.14166666666666666,0.02666666666666667,0.0,0.1625,0.24,0.0,0.2375,0.42,0.0,0.1,0.04,0.0,0.25,0.0,0.09090909090909091,0.0,0.0,0.0,0.18181818181818182,0.0,0
1.0357142857142858,1.0357142857142858,0.0,0.16666666666666666,2.0,3,0.0,21,204.30232558139537,205.89147286821708,126.67441860465118,128.2635658914729,0.30454042081949056,0.0,0.0,0.0,0.0,0.34,0.1,0.0,0.38,0.1375,0.0,0.0,0.0,0.0,0.0,0.022727272727272728,0.18181818181818182,0.022727272727272728,0.36363636363636365,0.0,0.06818181818181818,1
1.0357142857142858,1.0357142857142858,0.0,0.16666666666666666,2.0,3,0.0,21,204.30232558139537,205.89147286821708,126.67441860465118,128.2635658914729,0.30454042081949056,0.0,0.0,0.0,0.0,0.34,0.1,0.0,0.38,0.1375,0.0,0.0,0.0,0.0,0.0,0.022727272727272728,0.18181818181818182,0.022727272727272728,0.36363636363636365,0.0,0.06818181818181818,1
1.0357142857142858,1.0357142857142858,0.0,0.16666666666666666,2.0,3,0.0,21,204.30232558139537,205.89147286821708,126.67441860465118,128.2635658914729,0.30454042081949056,0.0,0.0,0.0,0.0,0.34,0.1,0.0,0.38,0.1375,0.0,0.0,0.0,0.0,0.0,0.022727272727272728,0.18181818181818182,0.022727272727272728,0.36363636363636365,0.0,0.06818181818181818,1
1.0357142857142858,1.0357142857142858,0.0,0.16666666666666666,2.0,3,0.0,21,204.30232558139537,205.89147286821708,126.67441860465118,128.2635658914729,0.30454042081949056,0.0,0.0,0.0,0.0,0.34,0.1,0.0,0.38,0.1375,0.0,0.0,0.0,0.0,0.0,0.022727272727272728,0.18181818181818182,0.022727272727272728,0.36363636363636365,0.0,0.06818181818181818,1
0.8928571428571429,0.7142857142857143,0.5833333333333334,0.75,1.5,7,0.16666666666666666,31,173.41085271317831,196.65116279069767,91.10852713178296,114.34883720930232,0.33665559246954596,0.15,0.05333333333333334,0.0,0.0,0.28,0.125,0.2625,0.3,0.0,0.2,0.2,0.0,0.0,0.0,0.0,0.22727272727272727,0.38636363636363635,0.18181818181818182,0.0,0.18181818181818182,0
0.8928571428571429,0.7142857142857143,0.5833333333333334,0.75,1.5,7,0.16666666666666666,31,173.41085271317831,196.65116279069767,91.10852713178296,114.34883720930232,0.33665559246954596,0.15,0.05333333333333334,0.0,0.0,0.28,0.125,0.2625,0.3,0.0,0.2,0.2,0.0,0.0,0.0,0.0,0.22727272727272727,0.38636363636363635,0.18181818181818182,0.0,0.18181818181818182,0
0.8928571428571429,0.7142857142857143,0.5833333333333334,0.75,1.5,7,0.16666666666666666,31,173.41085271317831,196.65116279069767,91.10852713178296,114.34883720930232,0.33665559246954596,0.15,0.05333333333333334,0.0,0.0,0.28,0.125,0.2625,0.3,0.0,0.2,0.2,0.0,0.0,0.0,0.0,0.22727272727272727,0.38636363636363635,0.18181818181818182,0.0,0.18181818181818182,0
0.8928571428571429,0.7142857142857143,0.5833333333333334,0.75,1.5,7,0.16666666666666666,31,173.41085271317831,196.65116279069767,91.10852713178296,114.34883720930232,0.33665559246954596,0.15,0.05333333333333334,0.0,0.0,0.28,0.125,0.2625,0.3,0.0,0.2,0.2,0.0,0.0,0.0,0.0,0.22727272727272727,0.38636363636363635,0.18181818181818182,0.0,0.18181818181818182,0
0.9285714285714286,0.8571428571428571,0.25,0.16666666666666666,2.0,6,0.16666666666666666,20,122.4186046511628,212.93798449612405,23.13953488372094,113.65891472868219,0.34662236987818384,0.20833333333333334,0.04,0.0,0.1625,0.36,0.0,0.3,0.34,0.0,0.4583333333333333,0.04,0.0,0.0,0.0,0.2727272727272727,0.0,0.25,0.0,0.45454545454545453,0.0,0
0.8571428571428571,0.8571428571428571,0.3333333333333333,0.16666666666666666,2.0,6,0.16666666666666666,19,135.13178294573643,212.55038759689924,4.248062015503876,81.66666666666669,0.3444075304540421,0.23333333333333334,0.0,0.0,0.1375,0.36,0.0,0.35,0.26,0.0,0.48333333333333334,0.0,0.0,0.0,0.0,0.25,0.0,0.22727272727272727,0.0,0.4318181818181818,0.0,0
0.8571428571428571,0.8571428571428571,0.3333333333333333,0.16666666666666666,2.0,6,0.16666666666666666,19,135.13178294573643,212.55038759689924,4.248062015503876,81.66666666666669,0.3444075304540421,0.23333333333333334,0.0,0.0,0.1375,0.36,0.0,0.35,0.26,0.0,0.48333333333333334,0.0,0.0,0.0,0.0,0.25,0.0,0.22727272727272727,0.0,0.4318181818181818,0.0,0
0.8571428571428571,0.8571428571428571,0.3333333333333333,0.16666666666666666,2.0,6,0.16666666666666666,19,135.13178294573643,212.55038759689924,4.248062015503876,81.66666666666669,0.3444075304540421,0.23333333333333334,0.0,0.0,0.1375,0.36,0.0,0.35,0.26,0.0,0.48333333333333334,0.0,0.0,0.0,0.0,0.25,0.0,0.22727272727272727,0.0,0.4318181818181818,0.0,0
1.0357142857142858,1.0357142857142858,0.0,0.16666666666666666,3.0,3,0.0,20,211.72093023255812,212.89922480620157,130.53488372093022,131.71317829457365,0.27906976744186046,0.0,0.0,0.0,0.0,0.48,0.0,0.0,0.38,0.0,0.025,0.05333333333333334,0.36666666666666664,0.0,0.0,0.0,0.09090909090909091,0.0,0.09090909090909091,0.0,0.09090909090909091,1
1.0357142857142858,1.0357142857142858,0.0,0.16666666666666666,3.0,3,0.0,20,211.72093023255812,212.89922480620157,130.53488372093022,131.71317829457365,0.27906976744186046,0.0,0.0,0.0,0.0,0.48,0.0,0.0,0.38,0.0,0.025,0.05333333333333334,0.36666666666666664,0.0,0.0,0.0,0.09090909090909091,0.0,0.09090909090909091,0.0,0.09090909090909091,1
1.0357142857142858,1.0357142857142858,0.0,0.16666666666666666,3.0,3,0.0,20,211.72093023255812,212.89922480620157,130.53488372093022,131.71317829457365,0.27906976744186046,0.0,0.0,0.0,0.0,0.48,0.0,0.0,0.38,0.0,0.025,0.05333333333333334,0.36666666666666664,0.0,0.0,0.0,0.09090909090909091,0.0,0.09090909090909091,0.0,0.09090909090909091,1
1.0357142857142858,1.0357142857142858,0.0,0.16666666666666666,3.0,3,0.0,20,211.72093023255812,212.89922480620157,130.53488372093022,131.71317829457365,0.27906976744186046,0.0,0.0,0.0,0.0,0.48,0.0,0.0,0.38,0.0,0.025,0.05333333333333334,0.36666666666666664,0.0,0.0,0.0,0.09090909090909091,0.0,0.09090909090909091,0.0,0.09090909090909091,1
0.8928571428571429,0.7857142857142857,0.0,0.4166666666666667,6.0,6,0.6666666666666666,32,206.4031007751938,141.8139534883721,93.1937984496124,28.604651162790717,0.4064230343300111,0.0,0.0,0.0,0.0,0.24,0.55,0.0,0.46,0.4,0.35,0.5333333333333333,0.4,0.18181818181818182,0.45454545454545453,0.18181818181818182,1.0,0.09090909090909091,0.5,0.1590909090909091,0.20454545454545456,0
0.8928571428571429,0.7857142857142857,0.0,0.4166666666666667,6.5,7,0.6666666666666666,33,206.03875968992247,141.71317829457362,121.96899224806201,57.64341085271316,0.42081949058693247,0.0,0.0,0.0,0.0,0.32,0.6,0.0,0.54,0.3875,0.36666666666666664,0.49333333333333335,0.38333333333333336,0.09090909090909091,0.5454545454545454,0.09090909090909091,1.0,0.0,0.5,0.06818181818181818,0.29545454545454547,0
0.8928571428571429,0.7857142857142857,0.0,0.4166666666666667,6.5,7,0.6666666666666666,33,206.03875968992247,141.71317829457362,121.96899224806201,57.64341085271316,0.42081949058693247,0.0,0.0,0.0,0.0,0.32,0.6,0.0,0.54,0.3875,0.36666666666666664,0.49333333333333335,0.38333333333333336,0.09090909090909091,0.5454545454545454,0.09090909090909091,1.0,0.0,0.5,0.06818181818181818,0.29545454545454547,0
0.8928571428571429,0.7857142857142857,0.0,0.4166666666666667,6.5,7,0.6666666666666666,33,206.03875968992247,141.71317829457362,121.96899224806201,57.64341085271316,0.42081949058693247,0.0,0.0,0.0,0.0,0.32,0.6,0.0,0.54,0.3875,0.36666666666666664,0.49333333333333335,0.38333333333333336,0.09090909090909091,0.5454545454545454,0.09090909090909091,1.0,0.0,0.5,0.06818181818181818,0.29545454545454547,0
0.8928571428571429,0.7857142857142857,0.0,0.4166666666666667,6.5,7,0.6666666666666666,33,206.03875968992247,141.71317829457362,121.96899224806201,57.64341085271316,0.42081949058693247,0.0,0.0,0.0,0.0,0.32,0.6,0.0,0.54,0.3875,0.36666666666666664,0.49333333333333335,0.38333333333333336,0.09090909090909091,0.5454545454545454,0.09090909090909091,1.0,0.0,0.5,0.06818181818181818,0.29545454545454547,0
0.8928571428571429,0.7857142857142857,0.0,0.4166666666666667,6.5,7,0.6666666666666666,33,206.03875968992247,141.71317829457362,121.96899224806201,57.64341085271316,0.42081949058693247,0.0,0.0,0.0,0.0,0.32,0.6,0.0,0.54,0.3875,0.36666666666666664,0.49333333333333335,0.38333333333333336,0.09090909090909091,0.5454545454545454,0.09090909090909091,1.0,0.0,0.5,0.06818181818181818,0.29545454545454547,0
1.0,0.8928571428571429,0.0,0.5,6.0,11,0.7142857142857143,27,141.8139534883721,106.61240310077518,75.69767441860466,40.49612403100774,0.53156146179402,0.0,0.0,0.025,0.3,0.64,0.7125,0.4125,0.44,0.35,0.45,0.4533333333333333,0.09166666666666666,0.022727272727272728,1.0,0.6363636363636364,0.6818181818181818,0.5454545454545454,0.3181818181818182,0.18181818181818182,0.4772727272727273,0
1.0,0.8928571428571429,0.0,0.5,6.0,11,0.7142857142857143,27,141.8139534883721,106.61240310077518,75.69767441860466,40.49612403100774,0.53156146179402,0.0,0.0,0.025,0.3,0.64,0.7125,0.4125,0.44,0.35,0.45,0.4533333333333333,0.09166666666666666,0.022727272727272728,1.0,0.6363636363636364,0.6818181818181818,0.5454545454545454,0.3181818181818182,0.18181818181818182,0.4772727272727273,0
1.0,0.8928571428571429,0.0,0.5,6.0,11,0.7142857142857143,27,141.8139534883721,106.61240310077518,75.69767441860466,40.49612403100774,0.53156146179402,0.0,0.0,0.025,0.3,0.64,0.7125,0.4125,0.44,0.35,0.45,0.4533333333333333,0.09166666666666666,0.022727272727272728,1.0,0.6363636363636364,0.6818181818181818,0.5454545454545454,0.3181818181818182,0.18181818181818182,0.4772727272727273,0
1.0,0.8928571428571429,0.0,0.5,6.0,11,0.7142857142857143,27,141.8139534883721,106.61240310077518,75.69767441860466,40.49612403100774,0.53156146179402,0.0,0.0,0.025,0.3,0.64,0.7125,0.4125,0.44,0.35,0.45,0.4533333333333333,0.09166666666666666,0.022727272727272728,1.0,0.6363636363636364,0.6818181818181818,0.5454545454545454,0.3181818181818182,0.18181818181818182,0.4772727272727273,0
1.0,0.8928571428571429,0.0,0.5,6.0,11,0.7142857142857143,27,141.8139534883721,106.61240310077518,75.69767441860466,40.49612403100774,0.53156146179402,0.0,0.0,0.025,0.3,0.64,0.7125,0.4125,0.44,0.35,0.45,0.4533333333333333,0.09166666666666666,0.022727272727272728,1.0,0.6363636363636364,0.6818181818181818,0.5454545454545454,0.3181818181818182,0.18181818181818182,0.4772727272727273,0
1.0357142857142858,1.0357142857142858,0.05555555555555555,0.3333333333333333,6.5,11,0.625,32,93.14728682170544,125.09302325581393,2.5658914728682305,34.51162790697673,0.5326688815060908,0.0,0.0,0.06666666666666667,0.55,0.74,0.55,0.4,0.44,0.2875,0.4,0.14666666666666667,0.0,0.36363636363636365,0.75,1.0,0.5,0.5909090909090909,0.36363636363636365,0.2727272727272727,0.29545454545454547,0
1.0357142857142858,1.0357142857142858,0.05555555555555555,0.3333333333333333,6.5,11,0.625,32,93.14728682170544,125.09302325581393,2.5658914728682305,34.51162790697673,0.5326688815060908,0.0,0.0,0.06666666666666667,0.55,0.74,0.55,0.4,0.44,0.2875,0.4,0.14666666666666667,0.0,0.36363636363636365,0.75,1.0,0.5,0.5909090909090909,0.36363636363636365,0.2727272727272727,0.29545454545454547,0
1.0357142857142858,1.0357142857142858,0.05555555555555555,0.3333333333333333,6.5,11,0.625,32,93.14728682170544,125.09302325581393,2.5658914728682305,34.51162790697673,0.5326688815060908,0.0,0.0,0.06666666666666667,0.55,0.74,0.55,0.4,0.44,0.2875,0.4,0.14666666666666667,0.0,0.36363636363636365,0.75,1.0,0.5,0.5909090909090909,0.36363636363636365,0.2727272727272727,0.29545454545454547,0
1.0357142857142858,1.0357142857142858,0.05555555555555555,0.3333333333333333,6.5,11,0.625,32,93.14728682170544,125.09302325581393,2.5658914728682305,34.51162790697673,0.5326688815060908,0.0,0.0,0.06666666666666667,0.55,0.74,0.55,0.4,0.44,0.2875,0.4,0.14666666666666667,0.0,0.36363636363636365,0.75,1.0,0.5,0.5909090909090909,0.36363636363636365,0.2727272727272727,0.29545454545454547,0
1.0357142857142858,1.0357142857142858,0.05555555555555555,0.3333333333333333,6.5,11,0.625,32,93.14728682170544,125.09302325581393,2.5658914728682305,34.51162790697673,0.5326688815060908,0.0,0.0,0.06666666666666667,0.55,0.74,0.55,0.4,0.44,0.2875,0.4,0.14666666666666667,0.0,0.36363636363636365,0.75,1.0,0.5,0.5909090909090909,0.36363636363636365,0.2727272727272727,0.29545454545454547,0
0.8928571428571429,0.7857142857142857,0.0,0.3333333333333333,7.0,11,0.6666666666666666,37,102.50387596899225,144.78294573643407,-22.89147286821705,19.387596899224775,0.49280177187153934,0.03333333333333333,0.0,0.0,0.725,0.5,0.5,0.5375,0.4,0.5,0.025,0.05333333333333334,0.16666666666666666,0.8863636363636364,0.5227272727272727,0.7045454545454546,0.7272727272727273,0.5681818181818182,0.5454545454545454,0.5227272727272727,0.22727272727272727,0
0.8928571428571429,0.7857142857142857,0.0,0.3333333333333333,7.0,11,0.6666666666666666,37,102.50387596899225,144.78294573643407,-22.89147286821705,19.387596899224775,0.49280177187153934,0.03333333333333333,0.0,0.0,0.725,0.5,0.5,0.5375,0.4,0.5,0.025,0.05333333333333334,0.16666666666666666,0.8863636363636364,0.5227272727272727,0.7045454545454546,0.7272727272727273,0.5681818181818182,0.5454545454545454,0.5227272727272727,0.22727272727272727,0
0.8928571428571429,0.7857142857142857,0.0,0.3333333333333333,7.0,11,0.6666666666666666,37,102.50387596899225,144.78294573643407,-22.89147286821705,19.387596899224775,0.49280177187153934,0.03333333333333333,0.0,0.0,0.725,0.5,0.5,0.5375,0.4,0.5,0.025,0.05333333333333334,0.16666666666666666,0.8863636363636364,0.5227272727272727,0.7045454545454546,0.7272727272727273,0.5681818181818182,0.5454545454545454,0.5227272727272727,0.22727272727272727,0
0.8928571428571429,0.7857142857142857,0.0,0.3333333333333333,7.0,11,0.6666666666666666,37,102.50387596899225,144.78294573643407,-22.89147286821705,19.387596899224775,0.49280177187153934,0.03333333333333333,0.0,0.0,0.725,0.5,0.5,0.5375,0.4,0.5,0.025,0.05333333333333334,0.16666666666666666,0.8863636363636364,0.5227272727272727,0.7045454545454546,0.7272727272727273,0.5681818181818182,0.5454545454545454,0.5227272727272727,0.22727272727272727,0
0.8928571428571429,0.7857142857142857,0.0,0.3333333333333333,4.0,11,0.5,37,141.9922480620155,112.95348837209303,7.573643410852725,-21.465116279069747,0.4750830564784053,0.03333333333333333,0.0,0.0,0.65,0.38,0.6375,0.5375,0.36,0.4125,0.008333333333333333,0.13333333333333333,0.10833333333333334,0.75,0.45454545454545453,0.6363636363636364,0.8181818181818182,0.6136363636363636,0.38636363636363635,0.3181818181818182,0.22727272727272727,0
0.8928571428571429,0.7857142857142857,0.0,0.3333333333333333,4.0,11,0.5,37,141.9922480620155,112.95348837209303,7.573643410852725,-21.465116279069747,0.4750830564784053,0.03333333333333333,0.0,0.0,0.65,0.38,0.6375,0.5375,0.36,0.4125,0.008333333333333333,0.13333333333333333,0.10833333333333334,0.75,0.45454545454545453,0.6363636363636364,0.8181818181818182,0.6136363636363636,0.38636363636363635,0.3181818181818182,0.22727272727272727,0
0.8928571428571429,0.7857142857142857,0.0,0.3333333333333333,4.0,11,0.5,37,141.9922480620155,112.95348837209303,7.573643410852725,-21.465116279069747,0.4750830564784053,0.03333333333333333,0.0,0.0,0.65,0.38,0.6375,0.5375,0.36,0.4125,0.008333333333333333,0.13333333333333333,0.10833333333333334,0.75,0.45454545454545453,0.6363636363636364,0.8181818181818182,0.6136363636363636,0.38636363636363635,0.3181818181818182,0.22727272727272727,0
0.8928571428571429,0.7857142857142857,0.0,0.3333333333333333,4.0,11,0.5,37,141.9922480620155,112.95348837209303,7.573643410852725,-21.465116279069747,0.4750830564784053,0.03333333333333333,0.0,0.0,0.65,0.38,0.6375,0.5375,0.36,0.4125,0.008333333333333333,0.13333333333333333,0.10833333333333334,0.75,0.45454545454545453,0.6363636363636364,0.8181818181818182,0.6136363636363636,0.38636363636363635,0.3181818181818182,0.22727272727272727,0
0.9642857142857143,0.7857142857142857,0.1111111111111111,0.5555555555555556,6.0,11,0.5714285714285714,37,144.7829457364341,151.8372093023256,67.50387596899225,74.55813953488374,0.40310077519379844,0.0,0.0,0.0,0.4875,0.52,0.45,0.4,0.56,0.2,0.08333333333333333,0.18666666666666668,0.0,0.5681818181818182,0.4090909090909091,0.6590909090909091,0.5909090909090909,0.6363636363636364,0.25,0.18181818181818182,0.0,0
0.9642857142857143,0.75,0.1111111111111111,0.5555555555555556,6.0,11,0.5714285714285714,37,144.7829457364341,151.8372093023256,67.50387596899225,74.55813953488374,0.40310077519379844,0.0,0.0,0.0,0.4875,0.52,0.45,0.4,0.56,0.2,0.08333333333333333,0.18666666666666668,0.0,0.5681818181818182,0.4090909090909091,0.6590909090909091,0.5909090909090909,0.6363636363636364,0.25,0.18181818181818182,0.0,0
0.9642857142857143,0.75,0.1111111111111111,0.5555555555555556,6.0,11,0.5714285714285714,37,144.7829457364341,151.8372093023256,67.50387596899225,74.55813953488374,0.40310077519379844,0.0,0.0,0.0,0.4875,0.52,0.45,0.4,0.56,0.2,0.08333333333333333,0.18666666666666668,0.0,0.5681818181818182,0.4090909090909091,0.6590909090909091,0.5909090909090909,0.6363636363636364,0.25,0.18181818181818182,0.0,0
0.9642857142857143,0.75,0.1111111111111111,0.5555555555555556,6.0,11,0.5714285714285714,37,144.7829457364341,151.8372093023256,67.50387596899225,74.55813953488374,0.40310077519379844,0.0,0.0,0.0,0.4875,0.52,0.45,0.4,0.56,0.2,0.08333333333333333,0.18666666666666668,0.0,0.5681818181818182,0.4090909090909091,0.6590909090909091,0.5909090909090909,0.6363636363636364,0.25,0.18181818181818182,0.0,0
0.9642857142857143,0.75,0.1111111111111111,0.5555555555555556,6.0,11,0.5714285714285714,37,144.7829457364341,151.8372093023256,67.50387596899225,74.55813953488374,0.40310077519379844,0.0,0.0,0.0,0.4875,0.52,0.45,0.4,0.56,0.2,0.08333333333333333,0.18666666666666668,0.0,0.5681818181818182,0.4090909090909091,0.6590909090909091,0.5909090909090909,0.6363636363636364,0.25,0.18181818181818182,0.0,0
1.0357142857142858,0.8571428571428571,0.0,0.6666666666666666,2.0,7,0.2857142857142857,37,204.57364341085272,151.71317829457362,104.99224806201552,52.13178294573642,0.30564784053156147,0.15833333333333333,0.17333333333333334,0.24166666666666667,0.1,0.38,0.4875,0.1375,0.48,0.2,0.6666666666666666,0.7866666666666666,0.6666666666666666,0.13636363636363635,0.7727272727272727,0.13636363636363635,0.06818181818181818,0.13636363636363635,0.25,0.0,0.0,0
1.0357142857142858,0.8571428571428571,0.0,0.6666666666666666,2.0,7,0.2857142857142857,37,204.57364341085272,151.71317829457362,104.99224806201552,52.13178294573642,0.30564784053156147,0.15833333333333333,0.17333333333333334,0.24166666666666667,0.1,0.38,0.4875,0.1375,0.48,0.2,0.6666666666666666,0.7866666666666666,0.6666666666666666,0.13636363636363635,0.7727272727272727,0.13636363636363635,0.06818181818181818,0.13636363636363635,0.25,0.0,0.0,0
1.0357142857142858,0.8571428571428571,0.0,0.6666666666666666,2.0,7,0.2857142857142857,37,204.57364341085272,151.71317829457362,104.99224806201552,52.13178294573642,0.30564784053156147,0.15833333333333333,0.17333333333333334,0.24166666666666667,0.1,0.38,0.4875,0.1375,0.48,0.2,0.6666666666666666,0.7866666666666666,0.6666666666666666,0.13636363636363635,0.7727272727272727,0.13636363636363635,0.06818181818181818,0.13636363636363635,0.25,0.0,0.0,0
1.0357142857142858,0.8571428571428571,0.0,0.6666666666666666,2.0,7,0.2857142857142857,37,204.57364341085272,151.71317829457362,104.99224806201552,52.13178294573642,0.30564784053156147,0.15833333333333333,0.17333333333333334,0.24166666666666667,0.1,0.38,0.4875,0.1375,0.48,0.2,0.6666666666666666,0.7866666666666666,0.6666666666666666,0.13636363636363635,0.7727272727272727,0.13636363636363635,0.06818181818181818,0.13636363636363635,0.25,0.0,0.0,0
1.0357142857142858,0.8571428571428571,0.0,0.6666666666666666,2.0,7,0.2857142857142857,37,204.57364341085272,151.71317829457362,104.99224806201552,52.13178294573642,0.30564784053156147,0.15833333333333333,0.17333333333333334,0.24166666666666667,0.1,0.38,0.4875,0.1375,0.48,0.2,0.6666666666666666,0.7866666666666666,0.6666666666666666,0.13636363636363635,0.7727272727272727,0.13636363636363635,0.06818181818181818,0.13636363636363635,0.25,0.0,0.0,0
1.0357142857142858,1.0357142857142858,0.25,1.0,2.0,11,0.25,37,158.05426356589146,159.12403100775194,117.1705426356589,118.24031007751938,0.3743078626799557,0.43333333333333335,0.08,0.19166666666666668,0.375,0.46,0.2125,0.175,0.54,0.1625,0.6666666666666666,0.8,0.6666666666666666,0.5681818181818182,0.13636363636363635,0.022727272727272728,0.0,0.18181818181818182,0.1590909090909091,0.022727272727272728,0.0,0
1.0357142857142858,1.0357142857142858,0.25,1.0,2.0,11,0.25,37,158.05426356589146,159.12403100775194,117.1705426356589,118.24031007751938,0.3743078626799557,0.43333333333333335,0.08,0.19166666666666668,0.375,0.46,0.2125,0.175,0.54,0.1625,0.6666666666666666,0.8,0.6666666666666666,0.5681818181818182,0.13636363636363635,0.022727272727272728,0.0,0.18181818181818182,0.1590909090909091,0.022727272727272728,0.0,0
1.0357142857142858,1.0357142857142858,0.25,1.0,2.0,11,0.25,37,158.05426356589146,159.12403100775194,117.1705426356589,118.24031007751938,0.3743078626799557,0.43333333333333335,0.08,0.19166666666666668,0.375,0.46,0.2125,0.175,0.54,0.1625,0.6666666666666666,0.8,0.6666666666666666,0.5681818181818182,0.13636363636363635,0.022727272727272728,0.0,0.18181818181818182,0.1590909090909091,0.022727272727272728,0.0,0
1.0357142857142858,1.0357142857142858,1.0,1.0,1.0,8,0.25,37,203.13953488372093,189.53488372093022,169.97674418604652,156.37209302325581,0.26578073089701,0.1,0.41333333333333333,0.475,0.1125,0.32,0.025,0.15,0.42,0.1,0.6666666666666666,0.8,0.7166666666666667,0.13636363636363635,0.06818181818181818,0.022727272727272728,0.0,0.1590909090909091,0.0,0.022727272727272728,0.0,0
1.0357142857142858,1.0357142857142858,1.0,1.0,1.0,8,0.25,37,203.13953488372093,189.53488372093022,169.97674418604652,156.37209302325581,0.26578073089701,0.1,0.41333333333333333,0.475,0.1125,0.32,0.025,0.15,0.42,0.1,0.6666666666666666,0.8,0.7166666666666667,0.13636363636363635,0.06818181818181818,0.022727272727272728,0.0,0.1590909090909091,0.0,0.022727272727272728,0.0,0
1.0357142857142858,1.0357142857142858,1.0,1.0,1.0,8,0.25,37,203.13953488372093,189.53488372093022,169.97674418604652,156.37209302325581,0.26578073089701,0.1,0.41333333333333333,0.475,0.1125,0.32,0.025,0.15,0.42,0.1,0.6666666666666666,0.8,0.7166666666666667,0.13636363636363635,0.06818181818181818,0.022727272727272728,0.0,0.1590909090909091,0.0,0.022727272727272728,0.0,0
1.0357142857142858,1.0357142857142858,0.5833333333333334,1.0,2.0,3,0.0,37,202.68217054263565,161.64341085271317,137.86821705426354,96.82945736434108,0.2967884828349945,0.03333333333333333,0.13333333333333333,0.15833333333333333,0.0,0.52,0.1375,0.1,0.48,0.0625,0.7333333333333333,0.84,0.7333333333333333,0.022727272727272728,0.022727272727272728,0.022727272727272728,0.0,0.022727272727272728,0.0,0.022727272727272728,0.0,0
1.0357142857142858,1.0357142857142858,0.5833333333333334,1.0,2.0,3,0.0,37,202.68217054263565,161.64341085271317,137.86821705426354,96.82945736434108,0.2967884828349945,0.03333333333333333,0.13333333333333333,0.15833333333333333,0.0,0.52,0.1375,0.1,0.48,0.0625,0.7333333333333333,0.84,0.7333333333333333,0.022727272727272728,0.022727272727272728,0.022727272727272728,0.0,0.022727272727272728,0.0,0.022727272727272728,0.0,0
1.0357142857142858,1.0357142857142858,0.5833333333333334,1.0,2.0,3,0.0,37,202.68217054263565,161.64341085271317,137.86821705426354,96.82945736434108,0.2967884828349945,0.03333333333333333,0.13333333333333333,0.15833333333333333,0.0,0.52,0.1375,0.1,0.48,0.0625,0.7333333333333333,0.84,0.7333333333333333,0.022727272727272728,0.022727272727272728,0.022727272727272728,0.0,0.022727272727272728,0.0,0.022727272727272728,0.0,0
1.0357142857142858,1.0357142857142858,0.16666666666666666,0.0,3.0,8,0.25,21,189.5891472868217,254.3953488372093,96.28682170542636,161.09302325581393,0.20044296788482835,0.0,0.0,0.0,0.0,0.42,0.0,0.2375,0.54,0.0,0.0,0.0,0.0,0.0,0.0,0.0,0.06818181818181818,0.0,0.09090909090909091,0.6363636363636364,0.09090909090909091,0
1.0357142857142858,1.0357142857142858,0.1111111111111111,0.0,3.0,7,0.25,20,190.6046511627907,254.3875968992248,100.86046511627907,164.64341085271317,0.1893687707641196,0.0,0.0,0.0,0.0,0.42,0.0,0.2125,0.52,0.0,0.0,0.0,0.0,0.022727272727272728,0.0,0.022727272727272728,0.0,0.022727272727272728,0.0,0.5681818181818182,0.0,0
1.0357142857142858,1.0357142857142858,0.1111111111111111,0.0,3.0,7,0.25,20,190.6046511627907,254.3875968992248,100.86046511627907,164.64341085271317,0.1893687707641196,0.0,0.0,0.0,0.0,0.42,0.0,0.2125,0.52,0.0,0.0,0.0,0.0,0.022727272727272728,0.0,0.022727272727272728,0.0,0.022727272727272728,0.0,0.5681818181818182,0.0,0
1.0357142857142858,1.0357142857142858,0.1111111111111111,0.0,3.0,7,0.25,20,190.6046511627907,254.3875968992248,100.86046511627907,164.64341085271317,0.1893687707641196,0.0,0.0,0.0,0.0,0.42,0.0,0.2125,0.52,0.0,0.0,0.0,0.0,0.022727272727272728,0.0,0.022727272727272728,0.0,0.022727272727272728,0.0,0.5681818181818182,0.0,0
1.0357142857142858,1.0357142857142858,0.1111111111111111,0.0,3.0,7,0.25,20,190.6046511627907,254.3875968992248,100.86046511627907,164.64341085271317,0.1893687707641196,0.0,0.0,0.0,0.0,0.42,0.0,0.2125,0.52,0.0,0.0,0.0,0.0,0.022727272727272728,0.0,0.022727272727272728,0.0,0.022727272727272728,0.0,0.5681818181818182,0.0,0
1.0357142857142858,0.8928571428571429,0.3333333333333333,0.3333333333333333,1.0,6,0.42857142857142855,9,207.77519379844964,136.34108527131784,110.00775193798452,38.573643410852725,0.3122923588039867,0.13333333333333333,0.13333333333333333,0.11666666666666667,0.0,0.26,0.325,0.0,0.36,0.275,0.0,0.04,0.05,0.0,0.6363636363636364,0.0,0.0,0.0,0.0,0.0,0.5909090909090909,0
1.0357142857142858,0.8928571428571429,0.3333333333333333,0.3333333333333333,1.0,6,0.42857142857142855,9,207.77519379844964,136.34108527131784,110.00775193798452,38.573643410852725,0.3122923588039867,0.13333333333333333,0.13333333333333333,0.11666666666666667,0.0,0.26,0.325,0.0,0.36,0.275,0.0,0.04,0.05,0.0,0.6363636363636364,0.0,0.0,0.0,0.0,0.0,0.5909090909090909,0
1.0357142857142858,0.8928571428571429,0.3333333333333333,0.3333333333333333,1.0,6,0.42857142857142855,9,207.77519379844964,136.34108527131784,110.00775193798452,38.573643410852725,0.3122923588039867,0.13333333333333333,0.13333333333333333,0.11666666666666667,0.0,0.26,0.325,0.0,0.36,0.275,0.0,0.04,0.05,0.0,0.6363636363636364,0.0,0.0,0.0,0.0,0.0,0.5909090909090909,0
1.0357142857142858,0.8928571428571429,0.3333333333333333,0.3333333333333333,1.0,6,0.42857142857142855,9,207.77519379844964,136.34108527131784,110.00775193798452,38.573643410852725,0.3122923588039867,0.13333333333333333,0.13333333333333333,0.11666666666666667,0.0,0.26,0.325,0.0,0.36,0.275,0.0,0.04,0.05,0.0,0.6363636363636364,0.0,0.0,0.0,0.0,0.0,0.5909090909090909,0
1.0357142857142858,0.8928571428571429,0.3333333333333333,0.3333333333333333,1.0,6,0.42857142857142855,9,207.77519379844964,136.34108527131784,110.00775193798452,38.573643410852725,0.3122923588039867,0.13333333333333333,0.13333333333333333,0.11666666666666667,0.0,0.26,0.325,0.0,0.36,0.275,0.0,0.04,0.05,0.0,0.6363636363636364,0.0,0.0,0.0,0.0,0.0,0.5909090909090909,0
1.0357142857142858,1.0357142857142858,1.0,1.0,1.0,2,0.0,19,187.05426356589146,205.6046511627907,133.984496124031,152.53488372093022,0.2646733111849391,0.5833333333333334,0.37333333333333335,0.43333333333333335,0.125,0.2,0.0,0.0,0.3,0.0,0.0,0.37333333333333335,0.26666666666666666,0.13636363636363635,0.0,0.0,0.0,0.0,0.0,0.0,0.0,0
1.0357142857142858,1.0357142857142858,1.0,1.0,1.0,2,0.0,19,187.05426356589146,205.6046511627907,133.984496124031,152.53488372093022,0.2646733111849391,0.5833333333333334,0.37333333333333335,0.43333333333333335,0.125,0.2,0.0,0.0,0.3,0.0,0.0,0.37333333333333335,0.26666666666666666,0.13636363636363635,0.0,0.0,0.0,0.0,0.0,0.0,0.0,0
1.0357142857142858,1.0357142857142858,1.0,1.0,1.0,2,0.0,19,187.05426356589146,205.6046511627907,133.984496124031,152.53488372093022,0.2646733111849391,0.5833333333333334,0.37333333333333335,0.43333333333333335,0.125,0.2,0.0,0.0,0.3,0.0,0.0,0.37333333333333335,0.26666666666666666,0.13636363636363635,0.0,0.0,0.0,0.0,0.0,0.0,0.0,0
1.0357142857142858,1.0357142857142858,1.0,1.0,1.0,2,0.0,19,187.05426356589146,205.6046511627907,133.984496124031,152.53488372093022,0.2646733111849391,0.5833333333333334,0.37333333333333335,0.43333333333333335,0.125,0.2,0.0,0.0,0.3,0.0,0.0,0.37333333333333335,0.26666666666666666,0.13636363636363635,0.0,0.0,0.0,0.0,0.0,0.0,0.0,0
1.0357142857142858,0.8214285714285714,0.3333333333333333,1.0,2.0,7,0.3333333333333333,10,209.20155038759688,138.62790697674419,120.62015503875968,50.04651162790698,0.3333333333333333,0.075,0.21333333333333335,0.2,0.0,0.42,0.4375,0.0,0.4,0.0,0.26666666666666666,0.36,0.0,0.0,0.0,0.0,0.6136363636363636,0.0,0.0,0.0,0.0,0
1.0357142857142858,0.8214285714285714,0.3333333333333333,1.0,2.0,7,0.3333333333333333,10,209.20155038759688,138.62790697674419,120.62015503875968,50.04651162790698,0.3333333333333333,0.075,0.21333333333333335,0.2,0.0,0.42,0.4375,0.0,0.4,0.0,0.26666666666666666,0.36,0.0,0.0,0.0,0.0,0.6136363636363636,0.0,0.0,0.0,0.0,0
1.0357142857142858,0.8214285714285714,0.3333333333333333,1.0,2.0,7,0.3333333333333333,10,209.20155038759688,138.62790697674419,120.62015503875968,50.04651162790698,0.3333333333333333,0.075,0.21333333333333335,0.2,0.0,0.42,0.4375,0.0,0.4,0.0,0.26666666666666666,0.36,0.0,0.0,0.0,0.0,0.6136363636363636,0.0,0.0,0.0,0.0,0
1.0357142857142858,0.8214285714285714,0.3333333333333333,1.0,2.0,7,0.3333333333333333,10,209.20155038759688,138.62790697674419,120.62015503875968,50.04651162790698,0.3333333333333333,0.075,0.21333333333333335,0.2,0.0,0.42,0.4375,0.0,0.4,0.0,0.26666666666666666,0.36,0.0,0.0,0.0,0.0,0.6136363636363636,0.0,0.0,0.0,0.0,0
1.0357142857142858,1.0357142857142858,0.0,0.16666666666666666,2.0,3,0.0,20,211.64341085271317,212.62790697674419,132.80620155038758,133.7906976744186,0.22591362126245848,0.0,0.0,0.0,0.0,0.32,0.0,0.0,0.4,0.0,0.0,0.0,0.0,0.0,0.0,0.0,0.0,0.0,0.06818181818181818,0.0,0.09090909090909091,1
1.0357142857142858,1.0357142857142858,0.0,0.16666666666666666,2.0,3,0.0,20,211.64341085271317,212.62790697674419,132.80620155038758,133.7906976744186,0.22591362126245848,0.0,0.0,0.0,0.0,0.32,0.0,0.0,0.4,0.0,0.0,0.0,0.0,0.0,0.0,0.0,0.0,0.0,0.06818181818181818,0.0,0.09090909090909091,1
1.0357142857142858,1.0357142857142858,0.0,0.16666666666666666,2.0,3,0.0,20,211.64341085271317,212.62790697674419,132.80620155038758,133.7906976744186,0.22591362126245848,0.0,0.0,0.0,0.0,0.32,0.0,0.0,0.4,0.0,0.0,0.0,0.0,0.0,0.0,0.0,0.0,0.0,0.06818181818181818,0.0,0.09090909090909091,1
1.0357142857142858,1.0357142857142858,0.0,0.16666666666666666,2.0,3,0.0,20,211.64341085271317,212.62790697674419,132.80620155038758,133.7906976744186,0.22591362126245848,0.0,0.0,0.0,0.0,0.32,0.0,0.0,0.4,0.0,0.0,0.0,0.0,0.0,0.0,0.0,0.0,0.0,0.06818181818181818,0.0,0.09090909090909091,1
1.0357142857142858,1.0357142857142858,0.5833333333333334,0.3333333333333333,1.5,6,0.125,21,214.2480620155039,135.8062015503876,163.0852713178295,84.6434108527132,0.3001107419712071,0.0,0.3466666666666667,0.4583333333333333,0.0,0.38,0.25,0.0,0.34,0.0,0.0,0.14666666666666667,0.125,0.0,0.25,0.0,0.3181818181818182,0.0,0.0,0.09090909090909091,0.0,0
1.0357142857142858,1.0357142857142858,0.5833333333333334,0.3333333333333333,1.5,6,0.125,21,214.2480620155039,135.8062015503876,163.0852713178295,84.6434108527132,0.3001107419712071,0.0,0.3466666666666667,0.4583333333333333,0.0,0.38,0.25,0.0,0.34,0.0,0.0,0.14666666666666667,0.125,0.0,0.25,0.0,0.3181818181818182,0.0,0.0,0.09090909090909091,0.0,0
1.0357142857142858,1.0357142857142858,0.5833333333333334,0.3333333333333333,1.5,6,0.125,21,214.2480620155039,135.8062015503876,163.0852713178295,84.6434108527132,0.3001107419712071,0.0,0.3466666666666667,0.4583333333333333,0.0,0.38,0.25,0.0,0.34,0.0,0.0,0.14666666666666667,0.125,0.0,0.25,0.0,0.3181818181818182,0.0,0.0,0.09090909090909091,0.0,0
1.0357142857142858,1.0357142857142858,0.5833333333333334,0.3333333333333333,1.5,6,0.125,21,214.2480620155039,135.8062015503876,163.0852713178295,84.6434108527132,0.3001107419712071,0.0,0.3466666666666667,0.4583333333333333,0.0,0.38,0.25,0.0,0.34,0.0,0.0,0.14666666666666667,0.125,0.0,0.25,0.0,0.3181818181818182,0.0,0.0,0.09090909090909091,0.0,0
1.0357142857142858,1.0357142857142858,0.5833333333333334,0.3333333333333333,1.5,6,0.125,21,214.2480620155039,135.8062015503876,163.0852713178295,84.6434108527132,0.3001107419712071,0.0,0.3466666666666667,0.4583333333333333,0.0,0.38,0.25,0.0,0.34,0.0,0.0,0.14666666666666667,0.125,0.0,0.25,0.0,0.3181818181818182,0.0,0.0,0.09090909090909091,0.0,0
1.0357142857142858,0.9285714285714286,0.0,0.5833333333333334,2.0,6,0.14285714285714285,20,211.20930232558143,175.67441860465115,127.90697674418608,92.3720930232558,0.2868217054263566,0.0,0.0,0.0,0.0,0.34,0.325,0.0,0.36,0.0,0.0,0.4,0.0,0.0,0.6818181818181818,0.0,0.0,0.0,0.0,0.0,0.0,0
1.0357142857142858,0.9285714285714286,0.0,0.5833333333333334,2.0,6,0.14285714285714285,20,211.20930232558143,175.67441860465115,127.90697674418608,92.3720930232558,0.2868217054263566,0.0,0.0,0.0,0.0,0.34,0.325,0.0,0.36,0.0,0.0,0.4,0.0,0.0,0.6818181818181818,0.0,0.0,0.0,0.0,0.0,0.0,0
1.0357142857142858,0.9285714285714286,0.0,0.5833333333333334,2.0,6,0.14285714285714285,20,211.20930232558143,175.67441860465115,127.90697674418608,92.3720930232558,0.2868217054263566,0.0,0.0,0.0,0.0,0.34,0.325,0.0,0.36,0.0,0.0,0.4,0.0,0.0,0.6818181818181818,0.0,0.0,0.0,0.0,0.0,0.0,0
1.0357142857142858,0.9285714285714286,0.0,0.5833333333333334,2.0,6,0.14285714285714285,20,211.20930232558143,175.67441860465115,127.90697674418608,92.3720930232558,0.2868217054263566,0.0,0.0,0.0,0.0,0.34,0.325,0.0,0.36,0.0,0.0,0.4,0.0,0.0,0.6818181818181818,0.0,0.0,0.0,0.0,0.0,0.0,0
1.0357142857142858,1.0357142857142858,1.0,1.0,1.0,1,0.0,19,210.30232558139537,187.1782945736434,186.34883720930233,163.22480620155036,0.2602436323366556,0.016666666666666666,0.3333333333333333,0.475,0.0,0.24,0.025,0.0,0.26,0.0,0.0,0.2,0.0,0.0,0.0,0.0,0.0,0.0,0.0,0.0,0.0,0
1.0357142857142858,1.0357142857142858,1.0,1.0,1.0,1,0.0,19,210.30232558139537,187.1782945736434,186.34883720930233,163.22480620155036,0.2602436323366556,0.016666666666666666,0.3333333333333333,0.475,0.0,0.24,0.025,0.0,0.26,0.0,0.0,0.2,0.0,0.0,0.0,0.0,0.0,0.0,0.0,0.0,0.0,0
1.0357142857142858,1.0357142857142858,1.0,1.0,1.0,1,0.0,19,210.30232558139537,187.1782945736434,186.34883720930233,163.22480620155036,0.2602436323366556,0.016666666666666666,0.3333333333333333,0.475,0.0,0.24,0.025,0.0,0.26,0.0,0.0,0.2,0.0,0.0,0.0,0.0,0.0,0.0,0.0,0.0,0.0,0
1.0357142857142858,1.0357142857142858,1.0,1.0,1.0,1,0.0,19,210.30232558139537,187.1782945736434,186.34883720930233,163.22480620155036,0.2602436323366556,0.016666666666666666,0.3333333333333333,0.475,0.0,0.24,0.025,0.0,0.26,0.0,0.0,0.2,0.0,0.0,0.0,0.0,0.0,0.0,0.0,0.0,0.0,0
1.0357142857142858,1.0357142857142858,1.0,1.0,1.0,1,0.0,1,210.94573643410854,205.75968992248065,136.31782945736435,131.13178294573646,0.23145071982281284,0.016666666666666666,0.4,0.43333333333333335,0.0,0.2,0.0,0.0,0.28,0.0,0.0,0.26666666666666666,0.0,0.0,0.0,0.0,0.0,0.0,0.0,0.0,0.0,0
1.0357142857142858,1.0357142857142858,1.0,1.0,1.0,1,0.0,1,210.94573643410854,205.75968992248065,136.31782945736435,131.13178294573646,0.23145071982281284,0.016666666666666666,0.4,0.43333333333333335,0.0,0.2,0.0,0.0,0.28,0.0,0.0,0.26666666666666666,0.0,0.0,0.0,0.0,0.0,0.0,0.0,0.0,0.0,0
1.0357142857142858,1.0357142857142858,1.0,1.0,1.0,1,0.0,1,210.94573643410854,205.75968992248065,136.31782945736435,131.13178294573646,0.23145071982281284,0.016666666666666666,0.4,0.43333333333333335,0.0,0.2,0.0,0.0,0.28,0.0,0.0,0.26666666666666666,0.0,0.0,0.0,0.0,0.0,0.0,0.0,0.0,0.0,0
1.0357142857142858,1.0357142857142858,1.0,1.0,1.0,1,0.0,1,210.94573643410854,205.75968992248065,136.31782945736435,131.13178294573646,0.23145071982281284,0.016666666666666666,0.4,0.43333333333333335,0.0,0.2,0.0,0.0,0.28,0.0,0.0,0.26666666666666666,0.0,0.0,0.0,0.0,0.0,0.0,0.0,0.0,0.0,0
1.0357142857142858,1.0357142857142858,1.0,1.0,2.0,2,0.0,2,209.13178294573643,204.10852713178295,143.13178294573643,138.10852713178295,0.26799557032115173,0.03333333333333333,0.5866666666666667,0.35833333333333334,0.0,0.4,0.0,0.0,0.4,0.0,0.0,0.28,0.0,0.0,0.0,0.0,0.0,0.0,0.0,0.0,0.0,0
1.0357142857142858,1.0357142857142858,1.0,1.0,2.0,2,0.0,2,209.13178294573643,204.10852713178295,143.13178294573643,138.10852713178295,0.26799557032115173,0.03333333333333333,0.5866666666666667,0.35833333333333334,0.0,0.4,0.0,0.0,0.4,0.0,0.0,0.28,0.0,0.0,0.0,0.0,0.0,0.0,0.0,0.0,0.0,0
1.0357142857142858,1.0357142857142858,1.0,1.0,2.0,2,0.0,2,209.13178294573643,204.10852713178295,143.13178294573643,138.10852713178295,0.26799557032115173,0.03333333333333333,0.5866666666666667,0.35833333333333334,0.0,0.4,0.0,0.0,0.4,0.0,0.0,0.28,0.0,0.0,0.0,0.0,0.0,0.0,0.0,0.0,0.0,0
1.0357142857142858,1.0357142857142858,1.0,1.0,1.0,1,0.0,1,208.37209302325581,203.68992248062014,174.06976744186045,169.38759689922477,0.24141749723145073,0.016666666666666666,0.4533333333333333,0.43333333333333335,0.0,0.2,0.0,0.0,0.28,0.0,0.0,0.2,0.0,0.0,0.0,0.0,0.0,0.0,0.0,0.0,0.0,0
1.0357142857142858,1.0357142857142858,1.0,1.0,1.0,1,0.0,1,208.37209302325581,203.68992248062014,174.06976744186045,169.38759689922477,0.24141749723145073,0.016666666666666666,0.4533333333333333,0.43333333333333335,0.0,0.2,0.0,0.0,0.28,0.0,0.0,0.2,0.0,0.0,0.0,0.0,0.0,0.0,0.0,0.0,0.0,0
1.0357142857142858,1.0357142857142858,1.0,1.0,1.0,1,0.0,1,208.37209302325581,203.68992248062014,174.06976744186045,169.38759689922477,0.24141749723145073,0.016666666666666666,0.4533333333333333,0.43333333333333335,0.0,0.2,0.0,0.0,0.28,0.0,0.0,0.2,0.0,0.0,0.0,0.0,0.0,0.0,0.0,0.0,0.0,0
1.0357142857142858,1.0357142857142858,1.0,1.0,1.0,1,0.0,1,208.37209302325581,203.68992248062014,174.06976744186045,169.38759689922477,0.24141749723145073,0.016666666666666666,0.4533333333333333,0.43333333333333335,0.0,0.2,0.0,0.0,0.28,0.0,0.0,0.2,0.0,0.0,0.0,0.0,0.0,0.0,0.0,0.0,0.0,0
1.0357142857142858,1.0357142857142858,1.0,1.0,1.0,1,0.0,1,210.65116279069767,186.22480620155036,193.7674418604651,169.3410852713178,0.26356589147286824,0.016666666666666666,0.3333333333333333,0.39166666666666666,0.0,0.26,0.0125,0.0,0.26,0.0,0.0,0.18666666666666668,0.0,0.0,0.0,0.0,0.0,0.0,0.0,0.0,0.0,0
1.0357142857142858,1.0357142857142858,1.0,1.0,1.0,1,0.0,1,210.65116279069767,186.22480620155036,193.7674418604651,169.3410852713178,0.26356589147286824,0.016666666666666666,0.3333333333333333,0.39166666666666666,0.0,0.26,0.0125,0.0,0.26,0.0,0.0,0.18666666666666668,0.0,0.0,0.0,0.0,0.0,0.0,0.0,0.0,0.0,0
1.0357142857142858,1.0357142857142858,1.0,1.0,1.0,1,0.0,1,210.65116279069767,186.22480620155036,193.7674418604651,169.3410852713178,0.26356589147286824,0.016666666666666666,0.3333333333333333,0.39166666666666666,0.0,0.26,0.0125,0.0,0.26,0.0,0.0,0.18666666666666668,0.0,0.0,0.0,0.0,0.0,0.0,0.0,0.0,0.0,0
1.0357142857142858,1.0357142857142858,1.0,1.0,1.0,1,0.0,1,210.65116279069767,186.22480620155036,193.7674418604651,169.3410852713178,0.26356589147286824,0.016666666666666666,0.3333333333333333,0.39166666666666666,0.0,0.26,0.0125,0.0,0.26,0.0,0.0,0.18666666666666668,0.0,0.0,0.0,0.0,0.0,0.0,0.0,0.0,0.0,0
1.0357142857142858,0.9285714285714286,0.0,1.0,2.0,6,0.14285714285714285,8,213.70542635658913,179.86821705426357,114.31007751937983,80.47286821705427,0.2713178294573643,0.0,0.02666666666666667,0.125,0.0,0.4,0.25,0.0,0.4,0.0,0.0,0.30666666666666664,0.0,0.0,0.5454545454545454,0.0,0.0,0.0,0.0,0.0,0.0,0
1.0357142857142858,0.9285714285714286,0.0,1.0,2.0,6,0.14285714285714285,8,213.70542635658913,179.86821705426357,114.31007751937983,80.47286821705427,0.2713178294573643,0.0,0.02666666666666667,0.125,0.0,0.4,0.25,0.0,0.4,0.0,0.0,0.30666666666666664,0.0,0.0,0.5454545454545454,0.0,0.0,0.0,0.0,0.0,0.0,0
1.0357142857142858,0.9285714285714286,0.0,1.0,2.0,6,0.14285714285714285,8,213.70542635658913,179.86821705426357,114.31007751937983,80.47286821705427,0.2713178294573643,0.0,0.02666666666666667,0.125,0.0,0.4,0.25,0.0,0.4,0.0,0.0,0.30666666666666664,0.0,0.0,0.5454545454545454,0.0,0.0,0.0,0.0,0.0,0.0,0
0.8928571428571429,0.8571428571428571,0.19047619047619047,0.4523809523809524,7.0,11,0.6666666666666666,37,120.27131782945736,205.1782945736434,25.899224806201545,110.80620155038758,0.33222591362126247,0.13333333333333333,0.30666666666666664,0.0,0.2375,0.58,0.1,0.3,0.46,0.1,0.09166666666666666,0.08,0.0,0.5227272727272727,0.25,0.0,0.022727272727272728,0.5227272727272727,0.0,0.09090909090909091,0.25,0
0.8928571428571429,0.8571428571428571,0.19047619047619047,0.4523809523809524,7.0,11,0.6666666666666666,37,120.27131782945736,205.1782945736434,25.899224806201545,110.80620155038758,0.33222591362126247,0.13333333333333333,0.30666666666666664,0.0,0.2375,0.58,0.1,0.3,0.46,0.1,0.09166666666666666,0.08,0.0,0.5227272727272727,0.25,0.0,0.022727272727272728,0.5227272727272727,0.0,0.09090909090909091,0.25,0
0.8928571428571429,0.8571428571428571,0.19047619047619047,0.4523809523809524,7.0,11,0.6666666666666666,37,120.27131782945736,205.1782945736434,25.899224806201545,110.80620155038758,0.33222591362126247,0.13333333333333333,0.30666666666666664,0.0,0.2375,0.58,0.1,0.3,0.46,0.1,0.09166666666666666,0.08,0.0,0.5227272727272727,0.25,0.0,0.022727272727272728,0.5227272727272727,0.0,0.09090909090909091,0.25,0
0.8928571428571429,0.8571428571428571,0.19047619047619047,0.4523809523809524,7.0,11,0.6666666666666666,37,120.27131782945736,205.1782945736434,25.899224806201545,110.80620155038758,0.33222591362126247,0.13333333333333333,0.30666666666666664,0.0,0.2375,0.58,0.1,0.3,0.46,0.1,0.09166666666666666,0.08,0.0,0.5227272727272727,0.25,0.0,0.022727272727272728,0.5227272727272727,0.0,0.09090909090909091,0.25,0
0.8928571428571429,0.8571428571428571,0.19047619047619047,0.4523809523809524,7.0,11,0.6666666666666666,37,120.27131782945736,205.1782945736434,25.899224806201545,110.80620155038758,0.33222591362126247,0.13333333333333333,0.30666666666666664,0.0,0.2375,0.58,0.1,0.3,0.46,0.1,0.09166666666666666,0.08,0.0,0.5227272727272727,0.25,0.0,0.022727272727272728,0.5227272727272727,0.0,0.09090909090909091,0.25,0
1.0,1.0,0.0,0.16666666666666666,3.0,7,0.125,20,211.84496124031008,254.37209302325581,130.10077519379846,172.62790697674419,0.16500553709856036,0.0,0.0,0.0,0.1,0.52,0.0,0.1,0.48,0.0,0.0,0.0,0.0,0.25,0.0,0.022727272727272728,0.0,0.0,0.0,0.25,0.0,0
1.0,1.0,0.0,0.1111111111111111,3.0,6,0.125,19,210.79844961240312,254.34883720930233,84.70542635658917,128.25581395348837,0.15725359911406422,0.0,0.0,0.0,0.1125,0.48,0.0,0.1,0.46,0.0,0.0,0.0,0.0,0.3181818181818182,0.0,0.11363636363636363,0.0,0.09090909090909091,0.0,0.29545454545454547,0.0,0
1.0,1.0,0.0,0.1111111111111111,3.0,6,0.125,19,210.79844961240312,254.34883720930233,84.70542635658917,128.25581395348837,0.15725359911406422,0.0,0.0,0.0,0.1125,0.48,0.0,0.1,0.46,0.0,0.0,0.0,0.0,0.3181818181818182,0.0,0.11363636363636363,0.0,0.09090909090909091,0.0,0.29545454545454547,0.0,0
1.0,1.0,0.0,0.1111111111111111,3.0,6,0.125,19,210.79844961240312,254.34883720930233,84.70542635658917,128.25581395348837,0.15725359911406422,0.0,0.0,0.0,0.1125,0.48,0.0,0.1,0.46,0.0,0.0,0.0,0.0,0.3181818181818182,0.0,0.11363636363636363,0.0,0.09090909090909091,0.0,0.29545454545454547,0.0,0
1.0357142857142858,1.0357142857142858,0.25,0.5,3.5,11,0.5,22,142.87596899224806,119.17829457364341,80.68992248062015,56.992248062015506,0.45182724252491696,0.14166666666666666,0.04,0.25833333333333336,0.4,0.52,0.325,0.2125,0.42,0.3,0.0,0.4666666666666667,0.625,0.5454545454545454,0.38636363636363635,0.11363636363636363,0.0,0.38636363636363635,0.6363636363636364,0.2727272727272727,0.0,0
1.0357142857142858,1.0357142857142858,0.25,0.5,3.5,11,0.5,22,142.87596899224806,119.17829457364341,80.68992248062015,56.992248062015506,0.45182724252491696,0.14166666666666666,0.04,0.25833333333333336,0.4,0.52,0.325,0.2125,0.42,0.3,0.0,0.4666666666666667,0.625,0.5454545454545454,0.38636363636363635,0.11363636363636363,0.0,0.38636363636363635,0.6363636363636364,0.2727272727272727,0.0,0
1.0357142857142858,1.0357142857142858,0.25,0.5,3.5,11,0.5,22,142.87596899224806,119.17829457364341,80.68992248062015,56.992248062015506,0.45182724252491696,0.14166666666666666,0.04,0.25833333333333336,0.4,0.52,0.325,0.2125,0.42,0.3,0.0,0.4666666666666667,0.625,0.5454545454545454,0.38636363636363635,0.11363636363636363,0.0,0.38636363636363635,0.6363636363636364,0.2727272727272727,0.0,0
1.0357142857142858,1.0357142857142858,0.25,0.5,3.5,11,0.5,22,142.87596899224806,119.17829457364341,80.68992248062015,56.992248062015506,0.45182724252491696,0.14166666666666666,0.04,0.25833333333333336,0.4,0.52,0.325,0.2125,0.42,0.3,0.0,0.4666666666666667,0.625,0.5454545454545454,0.38636363636363635,0.11363636363636363,0.0,0.38636363636363635,0.6363636363636364,0.2727272727272727,0.0,0
1.0357142857142858,1.0357142857142858,0.25,0.5,3.5,11,0.5,22,142.87596899224806,119.17829457364341,80.68992248062015,56.992248062015506,0.45182724252491696,0.14166666666666666,0.04,0.25833333333333336,0.4,0.52,0.325,0.2125,0.42,0.3,0.0,0.4666666666666667,0.625,0.5454545454545454,0.38636363636363635,0.11363636363636363,0.0,0.38636363636363635,0.6363636363636364,0.2727272727272727,0.0,0
0.8571428571428571,0.75,0.0,1.0,2.0,7,0.3333333333333333,35,168.57364341085272,166.8217054263566,69.80620155038761,68.05426356589149,0.32558139534883723,0.0,0.0,0.0,0.1,0.34,0.325,0.2,0.56,0.2,0.6333333333333333,0.41333333333333333,0.0,0.25,0.045454545454545456,0.06818181818181818,0.6818181818181818,0.0,0.022727272727272728,0.25,0.22727272727272727,0
0.8571428571428571,0.75,0.0,1.0,2.0,7,0.3333333333333333,35,168.57364341085272,166.8217054263566,69.80620155038761,68.05426356589149,0.32558139534883723,0.0,0.0,0.0,0.1,0.34,0.325,0.2,0.56,0.2,0.6333333333333333,0.41333333333333333,0.0,0.25,0.045454545454545456,0.06818181818181818,0.6818181818181818,0.0,0.022727272727272728,0.25,0.22727272727272727,0
0.8571428571428571,0.75,0.0,1.0,2.0,7,0.3333333333333333,35,168.57364341085272,166.8217054263566,69.80620155038761,68.05426356589149,0.32558139534883723,0.0,0.0,0.0,0.1,0.34,0.325,0.2,0.56,0.2,0.6333333333333333,0.41333333333333333,0.0,0.25,0.045454545454545456,0.06818181818181818,0.6818181818181818,0.0,0.022727272727272728,0.25,0.22727272727272727,0
0.8571428571428571,0.75,0.0,1.0,2.0,7,0.3333333333333333,35,168.57364341085272,166.8217054263566,69.80620155038761,68.05426356589149,0.32558139534883723,0.0,0.0,0.0,0.1,0.34,0.325,0.2,0.56,0.2,0.6333333333333333,0.41333333333333333,0.0,0.25,0.045454545454545456,0.06818181818181818,0.6818181818181818,0.0,0.022727272727272728,0.25,0.22727272727272727,0
0.8571428571428571,0.75,0.0,1.0,2.0,7,0.3333333333333333,35,168.57364341085272,166.8217054263566,69.80620155038761,68.05426356589149,0.32558139534883723,0.0,0.0,0.0,0.1,0.34,0.325,0.2,0.56,0.2,0.6333333333333333,0.41333333333333333,0.0,0.25,0.045454545454545456,0.06818181818181818,0.6818181818181818,0.0,0.022727272727272728,0.25,0.22727272727272727,0
1.0357142857142858,1.0,0.0,1.0,2.5,7,0.375,31,202.62790697674419,135.03875968992247,127.51162790697674,59.92248062015503,0.3588039867109635,0.0,0.0,0.30833333333333335,0.15,0.46,0.3375,0.2125,0.58,0.225,0.025,0.5466666666666666,0.19166666666666668,0.45454545454545453,0.5681818181818182,0.045454545454545456,0.13636363636363635,0.18181818181818182,0.0,0.3409090909090909,0.1590909090909091,0
1.0357142857142858,1.0,0.0,1.0,2.5,7,0.375,31,202.62790697674419,135.03875968992247,127.51162790697674,59.92248062015503,0.3588039867109635,0.0,0.0,0.30833333333333335,0.15,0.46,0.3375,0.2125,0.58,0.225,0.025,0.5466666666666666,0.19166666666666668,0.45454545454545453,0.5681818181818182,0.045454545454545456,0.13636363636363635,0.18181818181818182,0.0,0.3409090909090909,0.1590909090909091,0
1.0357142857142858,1.0,0.0,1.0,2.5,7,0.375,31,202.62790697674419,135.03875968992247,127.51162790697674,59.92248062015503,0.3588039867109635,0.0,0.0,0.30833333333333335,0.15,0.46,0.3375,0.2125,0.58,0.225,0.025,0.5466666666666666,0.19166666666666668,0.45454545454545453,0.5681818181818182,0.045454545454545456,0.13636363636363635,0.18181818181818182,0.0,0.3409090909090909,0.1590909090909091,0
1.0357142857142858,1.0,0.0,1.0,2.5,7,0.375,31,202.62790697674419,135.03875968992247,127.51162790697674,59.92248062015503,0.3588039867109635,0.0,0.0,0.30833333333333335,0.15,0.46,0.3375,0.2125,0.58,0.225,0.025,0.5466666666666666,0.19166666666666668,0.45454545454545453,0.5681818181818182,0.045454545454545456,0.13636363636363635,0.18181818181818182,0.0,0.3409090909090909,0.1590909090909091,0
1.0357142857142858,1.0,0.0,1.0,2.5,7,0.375,31,202.62790697674419,135.03875968992247,127.51162790697674,59.92248062015503,0.3588039867109635,0.0,0.0,0.30833333333333335,0.15,0.46,0.3375,0.2125,0.58,0.225,0.025,0.5466666666666666,0.19166666666666668,0.45454545454545453,0.5681818181818182,0.045454545454545456,0.13636363636363635,0.18181818181818182,0.0,0.3409090909090909,0.1590909090909091,0
1.0357142857142858,1.0357142857142858,0.0,0.16666666666666666,3.0,4,0.125,20,192.47286821705427,194.89147286821708,89.31007751937985,91.72868217054265,0.3078626799557032,0.0,0.12,0.21666666666666667,0.0,0.5,0.0625,0.0,0.48,0.125,0.2916666666666667,0.0,0.21666666666666667,0.0,0.11363636363636363,0.0,0.38636363636363635,0.0,0.22727272727272727,0.0,0.2727272727272727,1
0.9285714285714286,0.7857142857142857,0.0,0.5833333333333334,2.0,6,0.3333333333333333,29,201.06201550387598,121.95348837209302,112.06201550387598,32.95348837209302,0.4263565891472868,0.21666666666666667,0.12,0.3,0.3,0.28,0.425,0.3,0.4,0.1625,0.008333333333333333,0.7066666666666667,0.6333333333333333,0.29545454545454547,0.36363636363636365,0.2727272727272727,0.4772727272727273,0.2727272727272727,0.0,0.2727272727272727,0.0,0
0.9285714285714286,0.7857142857142857,0.0,0.5833333333333334,2.0,6,0.3333333333333333,29,201.06201550387598,121.95348837209302,112.06201550387598,32.95348837209302,0.4263565891472868,0.21666666666666667,0.12,0.3,0.3,0.28,0.425,0.3,0.4,0.1625,0.008333333333333333,0.7066666666666667,0.6333333333333333,0.29545454545454547,0.36363636363636365,0.2727272727272727,0.4772727272727273,0.2727272727272727,0.0,0.2727272727272727,0.0,0
0.9285714285714286,0.7857142857142857,0.0,0.5833333333333334,2.0,6,0.3333333333333333,29,201.06201550387598,121.95348837209302,112.06201550387598,32.95348837209302,0.4263565891472868,0.21666666666666667,0.12,0.3,0.3,0.28,0.425,0.3,0.4,0.1625,0.008333333333333333,0.7066666666666667,0.6333333333333333,0.29545454545454547,0.36363636363636365,0.2727272727272727,0.4772727272727273,0.2727272727272727,0.0,0.2727272727272727,0.0,0
0.9285714285714286,0.7857142857142857,0.0,0.5833333333333334,2.0,6,0.3333333333333333,29,201.06201550387598,121.95348837209302,112.06201550387598,32.95348837209302,0.4263565891472868,0.21666666666666667,0.12,0.3,0.3,0.28,0.425,0.3,0.4,0.1625,0.008333333333333333,0.7066666666666667,0.6333333333333333,0.29545454545454547,0.36363636363636365,0.2727272727272727,0.4772727272727273,0.2727272727272727,0.0,0.2727272727272727,0.0,0
1.0357142857142858,0.7857142857142857,0.0,0.5833333333333334,4.0,6,0.5,36,197.54263565891472,98.6356589147287,96.24031007751937,-2.666666666666657,0.38981173864894797,0.0,0.0,0.19166666666666668,0.0,0.36,0.45,0.0,0.52,0.45,0.25,0.64,0.425,0.0,0.7272727272727273,0.0,0.1590909090909091,0.0,0.4772727272727273,0.0,0.1590909090909091,0
1.0357142857142858,1.0,0.0,0.6666666666666666,6.0,7,0.625,35,196.79844961240312,97.44961240310077,132.19379844961242,32.84496124031007,0.38870431893687707,0.0,0.0,0.24166666666666667,0.0,0.46,0.3875,0.0,0.66,0.3625,0.23333333333333334,0.6933333333333334,0.35833333333333334,0.0,0.6363636363636364,0.022727272727272728,0.13636363636363635,0.0,0.38636363636363635,0.0,0.1590909090909091,0
1.0357142857142858,1.0,0.0,0.6666666666666666,6.0,7,0.625,35,196.79844961240312,97.44961240310077,132.19379844961242,32.84496124031007,0.38870431893687707,0.0,0.0,0.24166666666666667,0.0,0.46,0.3875,0.0,0.66,0.3625,0.23333333333333334,0.6933333333333334,0.35833333333333334,0.0,0.6363636363636364,0.022727272727272728,0.13636363636363635,0.0,0.38636363636363635,0.0,0.1590909090909091,0
1.0357142857142858,1.0,0.0,0.6666666666666666,6.0,7,0.625,35,196.79844961240312,97.44961240310077,132.19379844961242,32.84496124031007,0.38870431893687707,0.0,0.0,0.24166666666666667,0.0,0.46,0.3875,0.0,0.66,0.3625,0.23333333333333334,0.6933333333333334,0.35833333333333334,0.0,0.6363636363636364,0.022727272727272728,0.13636363636363635,0.0,0.38636363636363635,0.0,0.1590909090909091,0
1.0357142857142858,1.0,0.0,0.6666666666666666,6.0,7,0.625,35,196.79844961240312,97.44961240310077,132.19379844961242,32.84496124031007,0.38870431893687707,0.0,0.0,0.24166666666666667,0.0,0.46,0.3875,0.0,0.66,0.3625,0.23333333333333334,0.6933333333333334,0.35833333333333334,0.0,0.6363636363636364,0.022727272727272728,0.13636363636363635,0.0,0.38636363636363635,0.0,0.1590909090909091,0
1.0357142857142858,1.0,0.0,0.6666666666666666,6.0,7,0.625,35,196.79844961240312,97.44961240310077,132.19379844961242,32.84496124031007,0.38870431893687707,0.0,0.0,0.24166666666666667,0.0,0.46,0.3875,0.0,0.66,0.3625,0.23333333333333334,0.6933333333333334,0.35833333333333334,0.0,0.6363636363636364,0.022727272727272728,0.13636363636363635,0.0,0.38636363636363635,0.0,0.1590909090909091,0
1.0357142857142858,1.0357142857142858,0.75,0.8333333333333334,2.0,7,0.25,34,125.04651162790697,159.2403100775194,83.62790697674419,117.82170542635663,0.46068660022148394,0.35833333333333334,0.18666666666666668,0.21666666666666667,0.275,0.48,0.125,0.575,0.66,0.0,0.31666666666666665,0.14666666666666667,0.0,0.3409090909090909,0.0,0.45454545454545453,0.0,0.045454545454545456,0.0,0.9318181818181818,0.0,0
1.0357142857142858,1.0357142857142858,0.75,0.8333333333333334,2.0,7,0.25,34,125.04651162790697,159.2403100775194,83.62790697674419,117.82170542635663,0.46068660022148394,0.35833333333333334,0.18666666666666668,0.21666666666666667,0.275,0.48,0.125,0.575,0.66,0.0,0.31666666666666665,0.14666666666666667,0.0,0.3409090909090909,0.0,0.45454545454545453,0.0,0.045454545454545456,0.0,0.9318181818181818,0.0,0
1.0357142857142858,1.0357142857142858,0.75,0.8333333333333334,2.0,7,0.25,34,125.04651162790697,159.2403100775194,83.62790697674419,117.82170542635663,0.46068660022148394,0.35833333333333334,0.18666666666666668,0.21666666666666667,0.275,0.48,0.125,0.575,0.66,0.0,0.31666666666666665,0.14666666666666667,0.0,0.3409090909090909,0.0,0.45454545454545453,0.0,0.045454545454545456,0.0,0.9318181818181818,0.0,0
1.0357142857142858,1.0357142857142858,0.75,0.8333333333333334,2.0,7,0.25,34,125.04651162790697,159.2403100775194,83.62790697674419,117.82170542635663,0.46068660022148394,0.35833333333333334,0.18666666666666668,0.21666666666666667,0.275,0.48,0.125,0.575,0.66,0.0,0.31666666666666665,0.14666666666666667,0.0,0.3409090909090909,0.0,0.45454545454545453,0.0,0.045454545454545456,0.0,0.9318181818181818,0.0,0
1.0357142857142858,1.0,0.0,0.16666666666666666,3.0,4,0.125,20,196.95348837209303,253.79069767441862,116.0232558139535,172.8604651162791,0.19933554817275748,0.14166666666666666,0.0,0.0,0.1125,0.5,0.0,0.0375,0.4,0.0,0.0,0.0,0.0,0.022727272727272728,0.0,0.0,0.0,0.0,0.0,0.022727272727272728,0.0,0
1.0,1.0,0.0,0.1111111111111111,3.0,4,0.125,19,193.43410852713177,254.4031007751938,85.99224806201549,146.96124031007753,0.1849390919158361,0.10833333333333334,0.0,0.0,0.1,0.48,0.0,0.05,0.38,0.0,0.0,0.0,0.0,0.11363636363636363,0.0,0.09090909090909091,0.0,0.022727272727272728,0.0,0.06818181818181818,0.0,0
1.0,1.0,0.0,0.1111111111111111,3.0,4,0.125,19,193.43410852713177,254.4031007751938,85.99224806201549,146.96124031007753,0.1849390919158361,0.10833333333333334,0.0,0.0,0.1,0.48,0.0,0.05,0.38,0.0,0.0,0.0,0.0,0.11363636363636363,0.0,0.09090909090909091,0.0,0.022727272727272728,0.0,0.06818181818181818,0.0,0
1.0,1.0,0.0,0.1111111111111111,3.0,4,0.125,19,193.43410852713177,254.4031007751938,85.99224806201549,146.96124031007753,0.1849390919158361,0.10833333333333334,0.0,0.0,0.1,0.48,0.0,0.05,0.38,0.0,0.0,0.0,0.0,0.11363636363636363,0.0,0.09090909090909091,0.0,0.022727272727272728,0.0,0.06818181818181818,0.0,0
1.0344827586206897,0.8620689655172413,0.0,1.0,1.0,2,0.0,32,219.9848484848485,188.33333333333334,115.9848484848485,84.33333333333334,0.2012987012987013,0.10833333333333334,0.09333333333333334,0.10833333333333334,0.0125,0.28,0.3125,0.09090909090909091,0.23636363636363636,0.0,0.0,0.2,0.0,0.0,0.5681818181818182,0.0,0.0,0.11363636363636363,0.0,0.2727272727272727,0.0,0
1.0344827586206897,0.8620689655172413,0.0,1.0,1.0,2,0.0,32,219.9848484848485,188.33333333333334,115.9848484848485,84.33333333333334,0.2012987012987013,0.10833333333333334,0.09333333333333334,0.10833333333333334,0.0125,0.28,0.3125,0.09090909090909091,0.23636363636363636,0.0,0.0,0.2,0.0,0.0,0.5681818181818182,0.0,0.0,0.11363636363636363,0.0,0.2727272727272727,0.0,0
1.0344827586206897,0.8620689655172413,0.0,1.0,1.0,2,0.0,32,219.9848484848485,188.33333333333334,115.9848484848485,84.33333333333334,0.2012987012987013,0.10833333333333334,0.09333333333333334,0.10833333333333334,0.0125,0.28,0.3125,0.09090909090909091,0.23636363636363636,0.0,0.0,0.2,0.0,0.0,0.5681818181818182,0.0,0.0,0.11363636363636363,0.0,0.2727272727272727,0.0,0
1.0344827586206897,1.0344827586206897,0.3333333333333333,1.0,1.0,2,0.0,33,224.4090909090909,212.719696969697,156.8181818181818,145.1287878787879,0.19155844155844157,0.11666666666666667,0.36,0.5166666666666667,0.2125,0.2,0.0375,0.0,0.23636363636363636,0.0,0.0,0.2,0.0,0.6590909090909091,0.13636363636363635,0.0,0.022727272727272728,0.0,0.0,0.0,0.0,0
1.0344827586206897,1.0344827586206897,0.3333333333333333,1.0,1.0,2,0.0,33,224.4090909090909,212.719696969697,156.8181818181818,145.1287878787879,0.19155844155844157,0.11666666666666667,0.36,0.5166666666666667,0.2125,0.2,0.0375,0.0,0.23636363636363636,0.0,0.0,0.2,0.0,0.6590909090909091,0.13636363636363635,0.0,0.022727272727272728,0.0,0.0,0.0,0.0,0
1.0344827586206897,1.0344827586206897,0.3333333333333333,1.0,1.0,2,0.0,33,224.4090909090909,212.719696969697,156.8181818181818,145.1287878787879,0.19155844155844157,0.11666666666666667,0.36,0.5166666666666667,0.2125,0.2,0.0375,0.0,0.23636363636363636,0.0,0.0,0.2,0.0,0.6590909090909091,0.13636363636363635,0.0,0.022727272727272728,0.0,0.0,0.0,0.0,0
1.0344827586206897,1.0344827586206897,1.0,1.0,1.0,1,0.0,32,225.39393939393938,222.04680134680135,204.57575757575756,201.22861952861953,0.16233766233766234,0.075,0.5466666666666666,0.48333333333333334,0.2,0.2,0.0,0.0,0.2,0.0,0.0,0.2,0.0,0.6363636363636364,0.0,0.0,0.0,0.0,0.0,0.0,0.0,0
1.0344827586206897,1.0344827586206897,1.0,1.0,1.0,1,0.0,32,225.39393939393938,222.04680134680135,204.57575757575756,201.22861952861953,0.16233766233766234,0.075,0.5466666666666666,0.48333333333333334,0.2,0.2,0.0,0.0,0.2,0.0,0.0,0.2,0.0,0.6363636363636364,0.0,0.0,0.0,0.0,0.0,0.0,0.0,0
1.0344827586206897,0.8275862068965517,0.16666666666666666,1.0,1.0,2,0.0,35,225.1742424242424,223.27272727272728,136.62878787878788,134.72727272727275,0.12012987012987013,0.25,0.5333333333333333,0.39166666666666666,0.0,0.12,0.0,0.0,0.2,0.0,0.0,0.2,0.0,0.0,0.0,0.0,0.0,0.0,0.0,0.0,0.0,0
1.0344827586206897,0.8275862068965517,0.16666666666666666,1.0,1.0,2,0.0,35,225.1742424242424,223.27272727272728,136.62878787878788,134.72727272727275,0.12012987012987013,0.25,0.5333333333333333,0.39166666666666666,0.0,0.12,0.0,0.0,0.2,0.0,0.0,0.2,0.0,0.0,0.0,0.0,0.0,0.0,0.0,0.0,0.0,0
1.0344827586206897,0.8275862068965517,0.16666666666666666,1.0,1.0,2,0.0,35,225.1742424242424,223.27272727272728,136.62878787878788,134.72727272727275,0.12012987012987013,0.25,0.5333333333333333,0.39166666666666666,0.0,0.12,0.0,0.0,0.2,0.0,0.0,0.2,0.0,0.0,0.0,0.0,0.0,0.0,0.0,0.0,0.0,0
1.0344827586206897,1.0344827586206897,0.5,1.0,1.0,2,0.0,35,223.31818181818184,185.36363636363635,162.06818181818184,124.11363636363635,0.17857142857142858,0.2,0.08,0.16666666666666666,0.0,0.32,0.15,0.0,0.23636363636363636,0.0,0.0,0.2,0.0,0.0,0.0,0.0,0.0,0.0,0.0,0.0,0.0,0
1.0344827586206897,1.0344827586206897,0.5,1.0,1.0,2,0.0,35,223.31818181818184,185.36363636363635,162.06818181818184,124.11363636363635,0.17857142857142858,0.2,0.08,0.16666666666666666,0.0,0.32,0.15,0.0,0.23636363636363636,0.0,0.0,0.2,0.0,0.0,0.0,0.0,0.0,0.0,0.0,0.0,0.0,0
1.0344827586206897,1.0344827586206897,0.5,1.0,1.0,2,0.0,35,223.31818181818184,185.36363636363635,162.06818181818184,124.11363636363635,0.17857142857142858,0.2,0.08,0.16666666666666666,0.0,0.32,0.15,0.0,0.23636363636363636,0.0,0.0,0.2,0.0,0.0,0.0,0.0,0.0,0.0,0.0,0.0,0.0,0
1.0344827586206897,1.0344827586206897,0.0,0.0,2.0,3,0.0,33,223.6439393939394,223.8560606060606,128.53030303030306,128.74242424242425,0.19264069264069264,0.0,0.0,0.0,0.0,0.36,0.0,0.07954545454545454,0.32727272727272727,0.056818181818181816,0.19166666666666668,0.0,0.21666666666666667,0.0,0.0,0.022727272727272728,0.0,0.13636363636363635,0.13636363636363635,0.2,0.12727272727272726,1
1.0344827586206897,1.0344827586206897,0.0,0.0,2.0,3,0.0,33,223.6439393939394,223.8560606060606,128.53030303030306,128.74242424242425,0.19264069264069264,0.0,0.0,0.0,0.0,0.36,0.0,0.07954545454545454,0.32727272727272727,0.056818181818181816,0.19166666666666668,0.0,0.21666666666666667,0.0,0.0,0.022727272727272728,0.0,0.13636363636363635,0.13636363636363635,0.2,0.12727272727272726,1
1.0344827586206897,1.0344827586206897,0.0,0.0,2.0,3,0.0,33,223.6439393939394,223.8560606060606,128.53030303030306,128.74242424242425,0.19264069264069264,0.0,0.0,0.0,0.0,0.36,0.0,0.07954545454545454,0.32727272727272727,0.056818181818181816,0.19166666666666668,0.0,0.21666666666666667,0.0,0.0,0.022727272727272728,0.0,0.13636363636363635,0.13636363636363635,0.2,0.12727272727272726,1
1.0344827586206897,1.0344827586206897,1.0,1.0,1.0,2,0.0,35,225.7348484848485,198.83333333333334,128.34848484848487,101.4469696969697,0.17424242424242425,0.175,0.3466666666666667,0.39166666666666666,0.0,0.28,0.0375,0.0,0.23636363636363636,0.0,0.0,0.16,0.0,0.0,0.0,0.0,0.0,0.0,0.0,0.0,0.0,0
1.0344827586206897,1.0344827586206897,1.0,1.0,1.0,2,0.0,35,225.7348484848485,198.83333333333334,128.34848484848487,101.4469696969697,0.17424242424242425,0.175,0.3466666666666667,0.39166666666666666,0.0,0.28,0.0375,0.0,0.23636363636363636,0.0,0.0,0.16,0.0,0.0,0.0,0.0,0.0,0.0,0.0,0.0,0.0,0
1.0344827586206897,1.0344827586206897,1.0,1.0,1.0,2,0.0,35,225.7348484848485,198.83333333333334,128.34848484848487,101.4469696969697,0.17424242424242425,0.175,0.3466666666666667,0.39166666666666666,0.0,0.28,0.0375,0.0,0.23636363636363636,0.0,0.0,0.16,0.0,0.0,0.0,0.0,0.0,0.0,0.0,0.0,0.0,0
1.0344827586206897,0.896551724137931,1.0,1.0,1.0,2,0.0,33,213.77272727272728,208.45454545454547,132.5909090909091,127.27272727272728,0.2067099567099567,0.13333333333333333,0.44,0.275,0.0,0.24,0.0,0.0,0.2,0.0,0.0,0.2,0.0,0.0,0.0,0.0,0.0,0.0,0.0,0.0,0.0,0
1.0344827586206897,0.896551724137931,1.0,1.0,1.0,2,0.0,33,213.77272727272728,208.45454545454547,132.5909090909091,127.27272727272728,0.2067099567099567,0.13333333333333333,0.44,0.275,0.0,0.24,0.0,0.0,0.2,0.0,0.0,0.2,0.0,0.0,0.0,0.0,0.0,0.0,0.0,0.0,0.0,0
1.0344827586206897,0.896551724137931,1.0,1.0,1.0,2,0.0,33,213.77272727272728,208.45454545454547,132.5909090909091,127.27272727272728,0.2067099567099567,0.13333333333333333,0.44,0.275,0.0,0.24,0.0,0.0,0.2,0.0,0.0,0.2,0.0,0.0,0.0,0.0,0.0,0.0,0.0,0.0,0.0,0
1.0344827586206897,0.896551724137931,1.0,1.0,1.0,2,0.0,33,213.77272727272728,208.45454545454547,132.5909090909091,127.27272727272728,0.2067099567099567,0.13333333333333333,0.44,0.275,0.0,0.24,0.0,0.0,0.2,0.0,0.0,0.2,0.0,0.0,0.0,0.0,0.0,0.0,0.0,0.0,0.0,0
1.0344827586206897,1.0344827586206897,0.0,0.0,2.0,3,0.0,20,220.84848484848487,254.4090909090909,106.5757575757576,140.13636363636363,0.1396103896103896,0.0,0.0,0.0,0.0,0.36,0.0,0.0,0.38181818181818183,0.0,0.23333333333333334,0.0,0.0,0.0,0.0,0.0,0.0,0.0,0.0,0.12727272727272726,0.0,0
1.0,1.0344827586206897,0.0,0.0,2.0,3,0.0,19,223.81818181818184,254.62878787878788,113.11363636363639,143.92424242424244,0.13203463203463203,0.0,0.0,0.0,0.0,0.36,0.0,0.0,0.38181818181818183,0.0,0.18333333333333332,0.0,0.0,0.0,0.0,0.0,0.0,0.0,0.0,0.09090909090909091,0.0,0
1.0,1.0344827586206897,0.0,0.0,2.0,3,0.0,19,223.81818181818184,254.62878787878788,113.11363636363639,143.92424242424244,0.13203463203463203,0.0,0.0,0.0,0.0,0.36,0.0,0.0,0.38181818181818183,0.0,0.18333333333333332,0.0,0.0,0.0,0.0,0.0,0.0,0.0,0.0,0.09090909090909091,0.0,0
1.0,1.0344827586206897,0.0,0.0,2.0,3,0.0,19,223.81818181818184,254.62878787878788,113.11363636363639,143.92424242424244,0.13203463203463203,0.0,0.0,0.0,0.0,0.36,0.0,0.0,0.38181818181818183,0.0,0.18333333333333332,0.0,0.0,0.0,0.0,0.0,0.0,0.0,0.0,0.09090909090909091,0.0,0
1.0,1.0344827586206897,0.0,0.0,2.0,3,0.0,19,223.81818181818184,254.62878787878788,113.11363636363639,143.92424242424244,0.13203463203463203,0.0,0.0,0.0,0.0,0.36,0.0,0.0,0.38181818181818183,0.0,0.18333333333333332,0.0,0.0,0.0,0.0,0.0,0.0,0.0,0.0,0.09090909090909091,0.0,0
0.8571428571428571,0.75,0.08333333333333333,1.0,2.0,7,0.3333333333333333,31,201.10852713178292,181.3953488372093,84.5503875968992,64.83720930232558,0.2812846068660022,0.058333333333333334,0.16,0.125,0.0625,0.28,0.25,0.1,0.4,0.0,0.016666666666666666,0.4,0.0,0.13636363636363635,0.0,0.0,0.5454545454545454,0.0,0.0,0.1590909090909091,0.0,0
0.8571428571428571,0.75,0.08333333333333333,1.0,2.0,7,0.3333333333333333,31,201.10852713178292,181.3953488372093,84.5503875968992,64.83720930232558,0.2812846068660022,0.058333333333333334,0.16,0.125,0.0625,0.28,0.25,0.1,0.4,0.0,0.016666666666666666,0.4,0.0,0.13636363636363635,0.0,0.0,0.5454545454545454,0.0,0.0,0.1590909090909091,0.0,0
0.8571428571428571,0.75,0.08333333333333333,1.0,2.0,7,0.3333333333333333,31,201.10852713178292,181.3953488372093,84.5503875968992,64.83720930232558,0.2812846068660022,0.058333333333333334,0.16,0.125,0.0625,0.28,0.25,0.1,0.4,0.0,0.016666666666666666,0.4,0.0,0.13636363636363635,0.0,0.0,0.5454545454545454,0.0,0.0,0.1590909090909091,0.0,0
0.8571428571428571,0.75,0.08333333333333333,1.0,2.0,7,0.3333333333333333,31,201.10852713178292,181.3953488372093,84.5503875968992,64.83720930232558,0.2812846068660022,0.058333333333333334,0.16,0.125,0.0625,0.28,0.25,0.1,0.4,0.0,0.016666666666666666,0.4,0.0,0.13636363636363635,0.0,0.0,0.5454545454545454,0.0,0.0,0.1590909090909091,0.0,0
1.0357142857142858,1.0357142857142858,0.4166666666666667,0.5833333333333334,2.0,2,0.0,32,209.93798449612402,209.1240310077519,151.84496124031006,151.03100775193795,0.23034330011074197,0.425,0.28,0.43333333333333335,0.0,0.4,0.0,0.0,0.4,0.0,0.0,0.22666666666666666,0.0,0.0,0.0,0.0,0.0,0.0,0.0,0.0,0.0,0
1.0357142857142858,1.0357142857142858,0.4166666666666667,0.5833333333333334,2.0,2,0.0,32,209.93798449612402,209.1240310077519,151.84496124031006,151.03100775193795,0.23034330011074197,0.425,0.28,0.43333333333333335,0.0,0.4,0.0,0.0,0.4,0.0,0.0,0.22666666666666666,0.0,0.0,0.0,0.0,0.0,0.0,0.0,0.0,0.0,0
1.0357142857142858,1.0357142857142858,0.4166666666666667,0.5833333333333334,2.0,2,0.0,32,209.93798449612402,209.1240310077519,151.84496124031006,151.03100775193795,0.23034330011074197,0.425,0.28,0.43333333333333335,0.0,0.4,0.0,0.0,0.4,0.0,0.0,0.22666666666666666,0.0,0.0,0.0,0.0,0.0,0.0,0.0,0.0,0.0,0
1.0357142857142858,1.0357142857142858,1.0,1.0,1.0,1,0.0,33,211.21705426356587,192.03875968992247,151.28682170542635,132.10852713178292,0.2591362126245847,0.11666666666666667,0.4533333333333333,0.44166666666666665,0.1,0.2,0.0,0.0,0.2,0.0,0.0,0.25333333333333335,0.0,0.0,0.0,0.36363636363636365,0.0,0.0,0.0,0.0,0.0,0
1.0357142857142858,1.0357142857142858,1.0,1.0,1.0,1,0.0,33,211.21705426356587,192.03875968992247,151.28682170542635,132.10852713178292,0.2591362126245847,0.11666666666666667,0.4533333333333333,0.44166666666666665,0.1,0.2,0.0,0.0,0.2,0.0,0.0,0.25333333333333335,0.0,0.0,0.0,0.36363636363636365,0.0,0.0,0.0,0.0,0.0,0
1.0357142857142858,1.0357142857142858,0.5,0.5833333333333334,1.5,2,0.0,34,214.2635658914729,190.92248062015506,142.8449612403101,119.50387596899226,0.2702104097452935,0.24166666666666667,0.32,0.4,0.0,0.32,0.0,0.0,0.3,0.0,0.0,0.3333333333333333,0.0,0.0,0.0,0.0,0.0,0.0,0.0,0.0,0.0,0
1.0357142857142858,1.0357142857142858,0.5,0.5833333333333334,1.5,2,0.0,34,214.2635658914729,190.92248062015506,142.8449612403101,119.50387596899226,0.2702104097452935,0.24166666666666667,0.32,0.4,0.0,0.32,0.0,0.0,0.3,0.0,0.0,0.3333333333333333,0.0,0.0,0.0,0.0,0.0,0.0,0.0,0.0,0.0,0
1.0357142857142858,1.0357142857142858,0.5,0.5833333333333334,1.5,2,0.0,34,214.2635658914729,190.92248062015506,142.8449612403101,119.50387596899226,0.2702104097452935,0.24166666666666667,0.32,0.4,0.0,0.32,0.0,0.0,0.3,0.0,0.0,0.3333333333333333,0.0,0.0,0.0,0.0,0.0,0.0,0.0,0.0,0.0,0
1.0357142857142858,1.0357142857142858,0.6666666666666666,1.0,1.0,2,0.0,34,205.0,174.07751937984494,143.37209302325581,112.44961240310076,0.2901439645625692,0.09166666666666666,0.26666666666666666,0.35833333333333334,0.1,0.34,0.15,0.0,0.28,0.0,0.0,0.2,0.0,0.0,0.0,0.36363636363636365,0.0,0.0,0.0,0.0,0.0,0
1.0357142857142858,1.0357142857142858,0.6666666666666666,1.0,1.0,2,0.0,34,205.0,174.07751937984494,143.37209302325581,112.44961240310076,0.2901439645625692,0.09166666666666666,0.26666666666666666,0.35833333333333334,0.1,0.34,0.15,0.0,0.28,0.0,0.0,0.2,0.0,0.0,0.0,0.36363636363636365,0.0,0.0,0.0,0.0,0.0,0
1.0357142857142858,1.0357142857142858,0.6666666666666666,1.0,1.0,2,0.0,34,205.0,174.07751937984494,143.37209302325581,112.44961240310076,0.2901439645625692,0.09166666666666666,0.26666666666666666,0.35833333333333334,0.1,0.34,0.15,0.0,0.28,0.0,0.0,0.2,0.0,0.0,0.0,0.36363636363636365,0.0,0.0,0.0,0.0,0.0,0
1.0357142857142858,1.0357142857142858,0.4166666666666667,0.3333333333333333,1.5,2,0.0,34,216.65116279069767,170.95348837209303,141.04651162790697,95.34883720930233,0.2956810631229236,0.18333333333333332,0.12,0.19166666666666668,0.1,0.28,0.15,0.0,0.42,0.0375,0.0,0.2,0.0,0.0,0.0,0.0,0.0,0.0,0.0,0.0,0.06818181818181818,0
1.0357142857142858,1.0357142857142858,0.4166666666666667,0.3333333333333333,1.5,2,0.0,34,216.65116279069767,170.95348837209303,141.04651162790697,95.34883720930233,0.2956810631229236,0.18333333333333332,0.12,0.19166666666666668,0.1,0.28,0.15,0.0,0.42,0.0375,0.0,0.2,0.0,0.0,0.0,0.0,0.0,0.0,0.0,0.0,0.06818181818181818,0
1.0357142857142858,1.0357142857142858,0.4166666666666667,0.3333333333333333,1.5,2,0.0,34,216.65116279069767,170.95348837209303,141.04651162790697,95.34883720930233,0.2956810631229236,0.18333333333333332,0.12,0.19166666666666668,0.1,0.28,0.15,0.0,0.42,0.0375,0.0,0.2,0.0,0.0,0.0,0.0,0.0,0.0,0.0,0.0,0.06818181818181818,0
1.0357142857142858,1.0357142857142858,0.4166666666666667,0.3333333333333333,1.5,2,0.0,34,216.65116279069767,170.95348837209303,141.04651162790697,95.34883720930233,0.2956810631229236,0.18333333333333332,0.12,0.19166666666666668,0.1,0.28,0.15,0.0,0.42,0.0375,0.0,0.2,0.0,0.0,0.0,0.0,0.0,0.0,0.0,0.0,0.06818181818181818,0
1.0357142857142858,1.0357142857142858,0.0,0.16666666666666666,2.5,3,0.0,31,212.65891472868216,213.984496124031,134.4031007751938,135.72868217054264,0.24363233665559247,0.2,0.12,0.15833333333333333,0.0,0.46,0.0,0.0,0.38,0.0875,0.2833333333333333,0.0,0.14166666666666666,0.0,0.0,0.0,0.0,0.0,0.20454545454545456,0.0,0.1590909090909091,1
1.0357142857142858,0.9285714285714286,0.5833333333333334,0.75,2.0,2,0.0,35,212.65116279069767,173.47286821705424,138.30232558139534,99.12403100775191,0.28017718715393136,0.09166666666666666,0.13333333333333333,0.15833333333333333,0.0375,0.48,0.125,0.0,0.38,0.0,0.0,0.2,0.0,0.0,0.0,0.25,0.0,0.0,0.0,0.022727272727272728,0.0,0
1.0357142857142858,0.9285714285714286,0.5833333333333334,0.75,2.0,2,0.0,35,212.65116279069767,173.47286821705424,138.30232558139534,99.12403100775191,0.28017718715393136,0.09166666666666666,0.13333333333333333,0.15833333333333333,0.0375,0.48,0.125,0.0,0.38,0.0,0.0,0.2,0.0,0.0,0.0,0.25,0.0,0.0,0.0,0.022727272727272728,0.0,0
1.0357142857142858,0.9285714285714286,0.5833333333333334,0.75,2.0,2,0.0,35,212.65116279069767,173.47286821705424,138.30232558139534,99.12403100775191,0.28017718715393136,0.09166666666666666,0.13333333333333333,0.15833333333333333,0.0375,0.48,0.125,0.0,0.38,0.0,0.0,0.2,0.0,0.0,0.0,0.25,0.0,0.0,0.0,0.022727272727272728,0.0,0
1.0357142857142858,1.0357142857142858,1.0,1.0,1.0,2,0.0,34,213.31007751937986,209.50387596899225,155.31007751937986,151.50387596899225,0.25359911406423036,0.11666666666666667,0.48,0.31666666666666665,0.075,0.2,0.0,0.0,0.3,0.0,0.0,0.3333333333333333,0.0,0.0,0.0,0.0,0.0,0.0,0.0,0.0,0.0,0
1.0357142857142858,1.0357142857142858,1.0,1.0,1.0,2,0.0,34,213.31007751937986,209.50387596899225,155.31007751937986,151.50387596899225,0.25359911406423036,0.11666666666666667,0.48,0.31666666666666665,0.075,0.2,0.0,0.0,0.3,0.0,0.0,0.3333333333333333,0.0,0.0,0.0,0.0,0.0,0.0,0.0,0.0,0.0,0
1.0357142857142858,1.0357142857142858,1.0,1.0,1.0,2,0.0,34,213.31007751937986,209.50387596899225,155.31007751937986,151.50387596899225,0.25359911406423036,0.11666666666666667,0.48,0.31666666666666665,0.075,0.2,0.0,0.0,0.3,0.0,0.0,0.3333333333333333,0.0,0.0,0.0,0.0,0.0,0.0,0.0,0.0,0.0,0
1.0357142857142858,1.0357142857142858,1.0,1.0,1.0,2,0.0,34,213.31007751937986,209.50387596899225,155.31007751937986,151.50387596899225,0.25359911406423036,0.11666666666666667,0.48,0.31666666666666665,0.075,0.2,0.0,0.0,0.3,0.0,0.0,0.3333333333333333,0.0,0.0,0.0,0.0,0.0,0.0,0.0,0.0,0.0,0
1.0357142857142858,1.0357142857142858,1.0,1.0,1.0,1,0.0,36,212.1782945736434,208.14728682170542,206.71317829457362,202.68217054263565,0.2292358803986711,0.20833333333333334,0.4533333333333333,0.2833333333333333,0.0,0.2,0.0,0.0,0.24,0.0,0.0,0.2,0.0,0.0,0.0,0.0,0.0,0.0,0.0,0.0,0.0,0
1.0357142857142858,1.0357142857142858,1.0,1.0,1.0,1,0.0,36,212.1782945736434,208.14728682170542,206.71317829457362,202.68217054263565,0.2292358803986711,0.20833333333333334,0.4533333333333333,0.2833333333333333,0.0,0.2,0.0,0.0,0.24,0.0,0.0,0.2,0.0,0.0,0.0,0.0,0.0,0.0,0.0,0.0,0.0,0
1.0357142857142858,1.0357142857142858,0.5833333333333334,0.9166666666666666,2.0,2,0.0,37,214.13178294573643,173.984496124031,127.06201550387597,86.91472868217055,0.28792912513842744,0.125,0.14666666666666667,0.15833333333333333,0.0,0.48,0.125,0.0,0.4,0.0,0.0,0.37333333333333335,0.0,0.0,0.0,0.0,0.0,0.0,0.0,0.0,0.0,0
1.0357142857142858,1.0357142857142858,0.5833333333333334,0.9166666666666666,2.0,2,0.0,37,214.13178294573643,173.984496124031,127.06201550387597,86.91472868217055,0.28792912513842744,0.125,0.14666666666666667,0.15833333333333333,0.0,0.48,0.125,0.0,0.4,0.0,0.0,0.37333333333333335,0.0,0.0,0.0,0.0,0.0,0.0,0.0,0.0,0.0,0
1.0357142857142858,1.0357142857142858,0.5833333333333334,0.9166666666666666,2.0,2,0.0,37,214.13178294573643,173.984496124031,127.06201550387597,86.91472868217055,0.28792912513842744,0.125,0.14666666666666667,0.15833333333333333,0.0,0.48,0.125,0.0,0.4,0.0,0.0,0.37333333333333335,0.0,0.0,0.0,0.0,0.0,0.0,0.0,0.0,0.0,0
1.0357142857142858,1.0357142857142858,1.0,1.0,1.0,1,0.0,35,214.84496124031008,203.41860465116278,160.8217054263566,149.3953488372093,0.22259136212624583,0.08333333333333333,0.44,0.4666666666666667,0.1,0.2,0.0,0.0,0.26,0.0,0.0,0.2,0.0,0.36363636363636365,0.0,0.0,0.0,0.0,0.0,0.0,0.0,0
1.0357142857142858,1.0357142857142858,1.0,1.0,1.0,1,0.0,35,214.84496124031008,203.41860465116278,160.8217054263566,149.3953488372093,0.22259136212624583,0.08333333333333333,0.44,0.4666666666666667,0.1,0.2,0.0,0.0,0.26,0.0,0.0,0.2,0.0,0.36363636363636365,0.0,0.0,0.0,0.0,0.0,0.0,0.0,0
1.0357142857142858,1.0357142857142858,1.0,1.0,1.0,1,0.0,35,214.84496124031008,203.41860465116278,160.8217054263566,149.3953488372093,0.22259136212624583,0.08333333333333333,0.44,0.4666666666666667,0.1,0.2,0.0,0.0,0.26,0.0,0.0,0.2,0.0,0.36363636363636365,0.0,0.0,0.0,0.0,0.0,0.0,0.0,0
1.0357142857142858,1.0357142857142858,1.0,1.0,1.0,2,0.0,36,212.12403100775194,209.68992248062014,146.05426356589146,143.62015503875966,0.2081949058693245,0.14166666666666666,0.5733333333333334,0.4,0.0,0.26,0.0,0.0,0.2,0.0,0.0,0.2,0.0,0.0,0.0,0.0,0.0,0.0,0.0,0.0,0.0,0
1.0357142857142858,1.0357142857142858,1.0,1.0,1.0,2,0.0,36,212.12403100775194,209.68992248062014,146.05426356589146,143.62015503875966,0.2081949058693245,0.14166666666666666,0.5733333333333334,0.4,0.0,0.26,0.0,0.0,0.2,0.0,0.0,0.2,0.0,0.0,0.0,0.0,0.0,0.0,0.0,0.0,0.0,0
1.0357142857142858,1.0357142857142858,1.0,1.0,1.0,2,0.0,36,212.12403100775194,209.68992248062014,146.05426356589146,143.62015503875966,0.2081949058693245,0.14166666666666666,0.5733333333333334,0.4,0.0,0.26,0.0,0.0,0.2,0.0,0.0,0.2,0.0,0.0,0.0,0.0,0.0,0.0,0.0,0.0,0.0,0
1.0357142857142858,0.9285714285714286,0.0,1.0,1.0,6,0.14285714285714285,35,217.75193798449615,180.27131782945733,155.77519379844964,118.29457364341081,0.23477297895902546,0.21666666666666667,0.10666666666666667,0.14166666666666666,0.0,0.3,0.275,0.0,0.26,0.0,0.0,0.2,0.0,0.0,0.5909090909090909,0.0,0.0,0.0,0.0,0.0,0.0,0
1.0357142857142858,0.9285714285714286,0.0,1.0,1.0,6,0.14285714285714285,35,217.75193798449615,180.27131782945733,155.77519379844964,118.29457364341081,0.23477297895902546,0.21666666666666667,0.10666666666666667,0.14166666666666666,0.0,0.3,0.275,0.0,0.26,0.0,0.0,0.2,0.0,0.0,0.5909090909090909,0.0,0.0,0.0,0.0,0.0,0.0,0
1.0357142857142858,0.9285714285714286,0.0,1.0,1.0,6,0.14285714285714285,35,217.75193798449615,180.27131782945733,155.77519379844964,118.29457364341081,0.23477297895902546,0.21666666666666667,0.10666666666666667,0.14166666666666666,0.0,0.3,0.275,0.0,0.26,0.0,0.0,0.2,0.0,0.0,0.5909090909090909,0.0,0.0,0.0,0.0,0.0,0.0,0
1.0357142857142858,0.9285714285714286,0.0,1.0,1.0,6,0.14285714285714285,35,217.75193798449615,180.27131782945733,155.77519379844964,118.29457364341081,0.23477297895902546,0.21666666666666667,0.10666666666666667,0.14166666666666666,0.0,0.3,0.275,0.0,0.26,0.0,0.0,0.2,0.0,0.0,0.5909090909090909,0.0,0.0,0.0,0.0,0.0,0.0,0
1.0357142857142858,1.0357142857142858,0.75,0.8333333333333334,2.0,2,0.0,36,210.5968992248062,194.10852713178295,140.6434108527132,124.15503875968993,0.2713178294573643,0.175,0.37333333333333335,0.35833333333333334,0.0,0.36,0.0,0.0,0.34,0.0,0.0,0.3466666666666667,0.0,0.0,0.0,0.0,0.0,0.0,0.0,0.0,0.0,0
1.0357142857142858,1.0357142857142858,0.75,0.8333333333333334,2.0,2,0.0,36,210.5968992248062,194.10852713178295,140.6434108527132,124.15503875968993,0.2713178294573643,0.175,0.37333333333333335,0.35833333333333334,0.0,0.36,0.0,0.0,0.34,0.0,0.0,0.3466666666666667,0.0,0.0,0.0,0.0,0.0,0.0,0.0,0.0,0.0,0
1.0357142857142858,1.0357142857142858,0.75,0.8333333333333334,2.0,2,0.0,36,210.5968992248062,194.10852713178295,140.6434108527132,124.15503875968993,0.2713178294573643,0.175,0.37333333333333335,0.35833333333333334,0.0,0.36,0.0,0.0,0.34,0.0,0.0,0.3466666666666667,0.0,0.0,0.0,0.0,0.0,0.0,0.0,0.0,0.0,0
1.0357142857142858,1.0357142857142858,0.0,0.16666666666666666,3.0,3,0.0,21,209.37209302325581,254.3953488372093,95.76744186046511,140.7906976744186,0.18383167220376523,0.0,0.0,0.0,0.0,0.4,0.0,0.0,0.48,0.0,0.25833333333333336,0.0,0.0,0.0,0.0,0.0,0.09090909090909091,0.0,0.09090909090909091,0.0,0.09090909090909091,0
1.0357142857142858,1.0357142857142858,0.0,0.16666666666666666,3.0,3,0.0,19,211.28682170542638,254.60465116279067,127.35658914728684,170.67441860465112,0.17497231450719822,0.0,0.0,0.0,0.0,0.4,0.0,0.0,0.48,0.0,0.20833333333333334,0.0,0.0,0.0,0.0,0.0,0.0,0.0,0.0,0.0,0.0,0
1.0357142857142858,1.0357142857142858,0.0,0.16666666666666666,3.0,3,0.0,19,211.28682170542638,254.60465116279067,127.35658914728684,170.67441860465112,0.17497231450719822,0.0,0.0,0.0,0.0,0.4,0.0,0.0,0.48,0.0,0.20833333333333334,0.0,0.0,0.0,0.0,0.0,0.0,0.0,0.0,0.0,0.0,0
1.0357142857142858,1.0357142857142858,0.0,0.16666666666666666,3.0,3,0.0,19,211.28682170542638,254.60465116279067,127.35658914728684,170.67441860465112,0.17497231450719822,0.0,0.0,0.0,0.0,0.4,0.0,0.0,0.48,0.0,0.20833333333333334,0.0,0.0,0.0,0.0,0.0,0.0,0.0,0.0,0.0,0.0,0
1.0357142857142858,1.0357142857142858,0.0,0.16666666666666666,3.0,3,0.0,19,211.28682170542638,254.60465116279067,127.35658914728684,170.67441860465112,0.17497231450719822,0.0,0.0,0.0,0.0,0.4,0.0,0.0,0.48,0.0,0.20833333333333334,0.0,0.0,0.0,0.0,0.0,0.0,0.0,0.0,0.0,0.0,0
1.032258064516129,1.032258064516129,0.3333333333333333,1.0,1.0,2,0.0,20,218.44444444444443,176.7777777777778,167.2361111111111,125.56944444444446,0.21644612476370512,0.125,0.09333333333333334,0.20833333333333334,0.09090909090909091,0.3090909090909091,0.1590909090909091,0.052083333333333336,0.2833333333333333,0.08333333333333333,0.0,0.2,0.0,0.2,0.2,0.0,0.0,0.08333333333333333,0.18333333333333332,0.0,0.0,0
1.0,1.03125,0.3333333333333333,1.0,1.0,11,0.18181818181818182,39,218.44444444444443,176.7777777777778,167.2361111111111,125.56944444444446,0.211840888066605,0.125,0.05333333333333334,0.15833333333333333,0.08333333333333333,0.31666666666666665,0.20833333333333334,0.052083333333333336,0.2833333333333333,0.08333333333333333,0.0,0.2,0.0,0.2,0.2,0.0,0.0,0.08333333333333333,0.18333333333333332,0.0,0.0,0
1.032258064516129,1.032258064516129,0.3333333333333333,1.0,1.0,11,0.18181818181818182,39,218.44444444444443,176.7777777777778,167.2361111111111,125.56944444444446,0.21550094517958412,0.125,0.05333333333333334,0.15833333333333333,0.08333333333333333,0.31666666666666665,0.20833333333333334,0.056818181818181816,0.2909090909090909,0.09090909090909091,0.0,0.2,0.0,0.2,0.2,0.0,0.0,0.08333333333333333,0.18333333333333332,0.0,0.0,0
1.032258064516129,1.032258064516129,0.3333333333333333,1.0,1.0,11,0.18181818181818182,39,218.44444444444443,176.7777777777778,167.2361111111111,125.56944444444446,0.21550094517958412,0.125,0.05333333333333334,0.15833333333333333,0.08333333333333333,0.31666666666666665,0.20833333333333334,0.056818181818181816,0.2909090909090909,0.09090909090909091,0.0,0.2,0.0,0.2,0.2,0.0,0.0,0.08333333333333333,0.18333333333333332,0.0,0.0,0
1.032258064516129,1.032258064516129,0.16666666666666666,0.5,1.5,11,0.1,39,218.0625,180.88888888888889,136.27083333333331,99.09722222222221,0.2277882797731569,0.0,0.04,0.13333333333333333,0.08333333333333333,0.38333333333333336,0.20833333333333334,0.0,0.32727272727272727,0.0,0.0,0.26666666666666666,0.0,0.2,0.2,0.0,0.0,0.0,0.0,0.0,0.016666666666666666,0
1.032258064516129,1.032258064516129,0.16666666666666666,0.5,1.5,11,0.1,39,218.0625,180.88888888888889,136.27083333333331,99.09722222222221,0.2277882797731569,0.0,0.04,0.13333333333333333,0.08333333333333333,0.38333333333333336,0.20833333333333334,0.0,0.32727272727272727,0.0,0.0,0.26666666666666666,0.0,0.2,0.2,0.0,0.0,0.0,0.0,0.0,0.016666666666666666,0
1.032258064516129,1.032258064516129,0.16666666666666666,0.5,1.5,11,0.1,39,218.0625,180.88888888888889,136.27083333333331,99.09722222222221,0.2277882797731569,0.0,0.04,0.13333333333333333,0.08333333333333333,0.38333333333333336,0.20833333333333334,0.0,0.32727272727272727,0.0,0.0,0.26666666666666666,0.0,0.2,0.2,0.0,0.0,0.0,0.0,0.0,0.016666666666666666,0
1.032258064516129,1.032258064516129,0.16666666666666666,0.5,2.0,8,0.1,39,209.99305555555554,179.06944444444446,148.32638888888889,117.4027777777778,0.2712665406427221,0.1,0.26666666666666666,0.25,0.07291666666666667,0.36666666666666664,0.20833333333333334,0.045454545454545456,0.41818181818181815,0.022727272727272728,0.0,0.4,0.0,0.18333333333333332,0.2,0.0,0.0,0.0,0.0,0.13333333333333333,0.1,0
1.032258064516129,1.032258064516129,0.16666666666666666,0.5,2.0,8,0.1,39,209.99305555555554,179.06944444444446,148.32638888888889,117.4027777777778,0.2712665406427221,0.1,0.26666666666666666,0.25,0.07291666666666667,0.36666666666666664,0.20833333333333334,0.045454545454545456,0.41818181818181815,0.022727272727272728,0.0,0.4,0.0,0.18333333333333332,0.2,0.0,0.0,0.0,0.0,0.13333333333333333,0.1,0
1.032258064516129,1.032258064516129,0.16666666666666666,0.5,2.0,8,0.1,39,209.99305555555554,179.06944444444446,148.32638888888889,117.4027777777778,0.2712665406427221,0.1,0.26666666666666666,0.25,0.07291666666666667,0.36666666666666664,0.20833333333333334,0.045454545454545456,0.41818181818181815,0.022727272727272728,0.0,0.4,0.0,0.18333333333333332,0.2,0.0,0.0,0.0,0.0,0.13333333333333333,0.1,0
1.032258064516129,1.032258064516129,0.16666666666666666,0.5,2.0,8,0.1,39,209.99305555555554,179.06944444444446,148.32638888888889,117.4027777777778,0.2712665406427221,0.1,0.26666666666666666,0.25,0.07291666666666667,0.36666666666666664,0.20833333333333334,0.045454545454545456,0.41818181818181815,0.022727272727272728,0.0,0.4,0.0,0.18333333333333332,0.2,0.0,0.0,0.0,0.0,0.13333333333333333,0.1,0
1.032258064516129,0.7741935483870968,0.5833333333333334,0.0,2.0,2,0.0,21,212.55555555555554,188.69444444444443,131.70138888888886,107.84027777777776,0.20226843100189035,0.08333333333333333,0.36,0.36666666666666664,0.0,0.3090909090909091,0.0,0.08333333333333333,0.2833333333333333,0.08333333333333333,0.0,0.10666666666666667,0.0,0.0,0.0,0.0,0.0,0.0,0.0,0.2,0.2,0
1.032258064516129,0.7741935483870968,0.5833333333333334,0.0,2.0,2,0.0,21,212.55555555555554,188.69444444444443,131.70138888888886,107.84027777777776,0.20226843100189035,0.08333333333333333,0.36,0.36666666666666664,0.0,0.3090909090909091,0.0,0.08333333333333333,0.2833333333333333,0.08333333333333333,0.0,0.10666666666666667,0.0,0.0,0.0,0.0,0.0,0.0,0.0,0.2,0.2,0
1.032258064516129,0.7741935483870968,0.5833333333333334,0.0,2.0,2,0.0,21,212.55555555555554,188.69444444444443,131.70138888888886,107.84027777777776,0.20226843100189035,0.08333333333333333,0.36,0.36666666666666664,0.0,0.3090909090909091,0.0,0.08333333333333333,0.2833333333333333,0.08333333333333333,0.0,0.10666666666666667,0.0,0.0,0.0,0.0,0.0,0.0,0.0,0.2,0.2,0
1.032258064516129,1.032258064516129,1.0,1.0,1.0,2,0.0,20,217.80555555555554,207.11111111111111,167.49305555555554,156.79861111111111,0.1767485822306238,0.025,0.5866666666666667,0.4666666666666667,0.0,0.21818181818181817,0.0,0.08333333333333333,0.3,0.08333333333333333,0.0,0.30666666666666664,0.0,0.0,0.0,0.0,0.0,0.0,0.0,0.2,0.2,0
1.032258064516129,1.032258064516129,1.0,1.0,1.0,2,0.0,20,217.80555555555554,207.11111111111111,167.49305555555554,156.79861111111111,0.1767485822306238,0.025,0.5866666666666667,0.4666666666666667,0.0,0.21818181818181817,0.0,0.08333333333333333,0.3,0.08333333333333333,0.0,0.30666666666666664,0.0,0.0,0.0,0.0,0.0,0.0,0.0,0.2,0.2,0
1.032258064516129,1.032258064516129,1.0,1.0,1.0,2,0.0,20,217.80555555555554,207.11111111111111,167.49305555555554,156.79861111111111,0.1767485822306238,0.025,0.5866666666666667,0.4666666666666667,0.0,0.21818181818181817,0.0,0.08333333333333333,0.3,0.08333333333333333,0.0,0.30666666666666664,0.0,0.0,0.0,0.0,0.0,0.0,0.0,0.2,0.2,0
1.032258064516129,1.032258064516129,1.0,1.0,1.0,2,0.0,20,217.80555555555554,207.11111111111111,167.49305555555554,156.79861111111111,0.1767485822306238,0.025,0.5866666666666667,0.4666666666666667,0.0,0.21818181818181817,0.0,0.08333333333333333,0.3,0.08333333333333333,0.0,0.30666666666666664,0.0,0.0,0.0,0.0,0.0,0.0,0.0,0.2,0.2,0
0.967741935483871,0.9354838709677419,0.0,0.0,3.0,4,0.125,4,212.47222222222226,254.39317375886526,86.09722222222226,128.01817375886526,0.14650283553875237,0.0,0.0,0.0,0.0,0.5272727272727272,0.0,0.08333333333333333,0.55,0.0,0.0,0.0,0.0,0.0,0.0,0.0,0.0,0.0,0.0,0.2,0.0,0
0.9354838709677419,0.9354838709677419,0.0,0.0,3.0,4,0.125,4,212.5,254.59456264775415,105.45918367346938,147.5537463212235,0.14083175803402648,0.0,0.0,0.0,0.09090909090909091,0.5818181818181818,0.0,0.08333333333333333,0.5333333333333333,0.0,0.0,0.0,0.0,0.2,0.0,0.0,0.0,0.0,0.0,0.2,0.0,0
0.9354838709677419,0.9354838709677419,0.0,0.0,3.0,4,0.125,4,212.5,254.59456264775415,105.45918367346938,147.5537463212235,0.14083175803402648,0.0,0.0,0.0,0.09090909090909091,0.5818181818181818,0.0,0.08333333333333333,0.5333333333333333,0.0,0.0,0.0,0.0,0.2,0.0,0.0,0.0,0.0,0.0,0.2,0.0,0
0.90625,0.90625,0.0,0.0,3.0,7,0.3333333333333333,21,212.5,254.59456264775415,105.45918367346938,147.5537463212235,0.13783533765032377,0.0,0.0,0.0,0.08333333333333333,0.5333333333333333,0.0,0.08333333333333333,0.5333333333333333,0.0,0.0,0.0,0.0,0.2,0.0,0.0,0.0,0.0,0.0,0.2,0.0,0
0.9354838709677419,0.9354838709677419,0.0,0.0,3.0,7,0.3333333333333333,21,212.5,254.59456264775415,105.45918367346938,147.5537463212235,0.14083175803402648,0.0,0.0,0.0,0.08333333333333333,0.5333333333333333,0.0,0.09090909090909091,0.5818181818181818,0.0,0.0,0.0,0.0,0.2,0.0,0.0,0.0,0.0,0.0,0.2,0.0,0
1.0344827586206897,1.0344827586206897,0.6666666666666666,1.0,1.0,3,0.0,20,215.47727272727272,176.71969696969697,170.70454545454544,131.9469696969697,0.27380952380952384,0.008333333333333333,0.12,0.4,0.0125,0.36,0.1375,0.0,0.23636363636363636,0.0,0.0,0.2,0.0,0.0,0.0,0.045454545454545456,0.0,0.03636363636363636,0.0,0.0,0.0,0
1.0344827586206897,1.0344827586206897,0.6666666666666666,1.0,1.0,3,0.0,20,215.47727272727272,176.71969696969697,170.70454545454544,131.9469696969697,0.27380952380952384,0.008333333333333333,0.12,0.4,0.0125,0.36,0.1375,0.0,0.23636363636363636,0.0,0.0,0.2,0.0,0.0,0.0,0.045454545454545456,0.0,0.03636363636363636,0.0,0.0,0.0,0
1.0344827586206897,1.0344827586206897,0.6666666666666666,1.0,1.0,3,0.0,20,215.47727272727272,176.71969696969697,170.70454545454544,131.9469696969697,0.27380952380952384,0.008333333333333333,0.12,0.4,0.0125,0.36,0.1375,0.0,0.23636363636363636,0.0,0.0,0.2,0.0,0.0,0.0,0.045454545454545456,0.0,0.03636363636363636,0.0,0.0,0.0,0
1.0344827586206897,1.0344827586206897,0.6666666666666666,1.0,1.0,3,0.0,20,215.47727272727272,176.71969696969697,170.70454545454544,131.9469696969697,0.27380952380952384,0.008333333333333333,0.12,0.4,0.0125,0.36,0.1375,0.0,0.23636363636363636,0.0,0.0,0.2,0.0,0.0,0.0,0.045454545454545456,0.0,0.03636363636363636,0.0,0.0,0.0,0
1.0344827586206897,1.0344827586206897,1.0,1.0,1.0,1,0.0,1,210.83333333333334,199.38636363636363,141.4469696969697,130.0,0.2564935064935065,0.025,0.56,0.475,0.0,0.2,0.0,0.0,0.2,0.0,0.0,0.2,0.0,0.0,0.0,0.0,0.0,0.0,0.0,0.0,0.0,0
1.0344827586206897,1.0344827586206897,1.0,1.0,1.0,1,0.0,1,210.83333333333334,199.38636363636363,141.4469696969697,130.0,0.2564935064935065,0.025,0.56,0.475,0.0,0.2,0.0,0.0,0.2,0.0,0.0,0.2,0.0,0.0,0.0,0.0,0.0,0.0,0.0,0.0,0.0,0
1.0344827586206897,1.0344827586206897,0.25,0.6666666666666666,2.0,11,0.125,36,210.06060606060603,172.18181818181816,137.85606060606057,99.9772727272727,0.3235930735930736,0.09166666666666666,0.06666666666666667,0.13333333333333333,0.18181818181818182,0.509090909090909,0.26136363636363635,0.0,0.38,0.0,0.0,0.24,0.0,0.25,0.25,0.2,0.05454545454545454,0.0,0.0,0.0,0.0,0
1.0344827586206897,1.0344827586206897,0.25,0.6666666666666666,2.0,11,0.125,36,210.06060606060603,172.18181818181816,137.85606060606057,99.9772727272727,0.3235930735930736,0.09166666666666666,0.06666666666666667,0.13333333333333333,0.18181818181818182,0.509090909090909,0.26136363636363635,0.0,0.38,0.0,0.0,0.24,0.0,0.25,0.25,0.2,0.05454545454545454,0.0,0.0,0.0,0.0,0
1.0344827586206897,1.0344827586206897,0.25,0.6666666666666666,2.0,11,0.125,36,210.06060606060603,172.18181818181816,137.85606060606057,99.9772727272727,0.3235930735930736,0.09166666666666666,0.06666666666666667,0.13333333333333333,0.18181818181818182,0.509090909090909,0.26136363636363635,0.0,0.38,0.0,0.0,0.24,0.0,0.25,0.25,0.2,0.05454545454545454,0.0,0.0,0.0,0.0,0
1.0344827586206897,1.0344827586206897,0.25,0.6666666666666666,2.0,11,0.125,36,210.06060606060603,172.18181818181816,137.85606060606057,99.9772727272727,0.3235930735930736,0.09166666666666666,0.06666666666666667,0.13333333333333333,0.18181818181818182,0.509090909090909,0.26136363636363635,0.0,0.38,0.0,0.0,0.24,0.0,0.25,0.25,0.2,0.05454545454545454,0.0,0.0,0.0,0.0,0
1.0344827586206897,0.8275862068965517,0.5833333333333334,0.25,2.0,2,0.0,8,213.35606060606062,205.90151515151516,164.3787878787879,156.92424242424244,0.26515151515151514,0.0,0.52,0.475,0.0,0.26,0.0,0.0,0.32727272727272727,0.022727272727272728,0.0,0.22666666666666666,0.0,0.0,0.0,0.0,0.022727272727272728,0.0,0.03636363636363636,0.0,0.0,0
1.0344827586206897,0.8275862068965517,0.5833333333333334,0.25,2.0,2,0.0,8,213.35606060606062,205.90151515151516,164.3787878787879,156.92424242424244,0.26515151515151514,0.0,0.52,0.475,0.0,0.26,0.0,0.0,0.32727272727272727,0.022727272727272728,0.0,0.22666666666666666,0.0,0.0,0.0,0.0,0.022727272727272728,0.0,0.03636363636363636,0.0,0.0,0
1.0344827586206897,0.8275862068965517,0.5833333333333334,0.25,2.0,2,0.0,8,213.35606060606062,205.90151515151516,164.3787878787879,156.92424242424244,0.26515151515151514,0.0,0.52,0.475,0.0,0.26,0.0,0.0,0.32727272727272727,0.022727272727272728,0.0,0.22666666666666666,0.0,0.0,0.0,0.0,0.022727272727272728,0.0,0.03636363636363636,0.0,0.0,0
1.0344827586206897,1.0344827586206897,1.0,1.0,1.0,4,0.1111111111111111,33,212.86363636363637,200.4242424242424,179.77272727272728,167.33333333333331,0.2554112554112554,0.11666666666666667,0.5733333333333334,0.425,0.0125,0.28,0.0,0.0,0.2545454545454545,0.045454545454545456,0.0,0.2,0.0,0.0,0.0,0.022727272727272728,0.0,0.01818181818181818,0.07272727272727272,0.0,0.0,0
1.0344827586206897,1.0344827586206897,1.0,1.0,1.0,4,0.1111111111111111,33,212.86363636363637,200.4242424242424,179.77272727272728,167.33333333333331,0.2554112554112554,0.11666666666666667,0.5733333333333334,0.425,0.0125,0.28,0.0,0.0,0.2545454545454545,0.045454545454545456,0.0,0.2,0.0,0.0,0.0,0.022727272727272728,0.0,0.01818181818181818,0.07272727272727272,0.0,0.0,0
1.0344827586206897,1.0344827586206897,1.0,1.0,1.0,4,0.1111111111111111,33,212.86363636363637,200.4242424242424,179.77272727272728,167.33333333333331,0.2554112554112554,0.11666666666666667,0.5733333333333334,0.425,0.0125,0.28,0.0,0.0,0.2545454545454545,0.045454545454545456,0.0,0.2,0.0,0.0,0.0,0.022727272727272728,0.0,0.01818181818181818,0.07272727272727272,0.0,0.0,0
1.0344827586206897,1.0344827586206897,1.0,1.0,1.0,4,0.1111111111111111,33,212.86363636363637,200.4242424242424,179.77272727272728,167.33333333333331,0.2554112554112554,0.11666666666666667,0.5733333333333334,0.425,0.0125,0.28,0.0,0.0,0.2545454545454545,0.045454545454545456,0.0,0.2,0.0,0.0,0.0,0.022727272727272728,0.0,0.01818181818181818,0.07272727272727272,0.0,0.0,0
1.0344827586206897,1.0344827586206897,0.5833333333333334,1.0,2.0,4,0.1111111111111111,37,214.22727272727275,171.53787878787878,139.13636363636365,96.44696969696969,0.29545454545454547,0.10833333333333334,0.13333333333333333,0.15833333333333333,0.0,0.46,0.1375,0.011363636363636364,0.38181818181818183,0.0,0.0,0.37333333333333335,0.0,0.0,0.0,0.0,0.0,0.07272727272727272,0.0,0.0,0.0,0
1.0344827586206897,1.0344827586206897,0.5833333333333334,1.0,2.0,4,0.1111111111111111,37,214.22727272727275,171.53787878787878,139.13636363636365,96.44696969696969,0.29545454545454547,0.10833333333333334,0.13333333333333333,0.15833333333333333,0.0,0.46,0.1375,0.011363636363636364,0.38181818181818183,0.0,0.0,0.37333333333333335,0.0,0.0,0.0,0.0,0.0,0.07272727272727272,0.0,0.0,0.0,0
1.0344827586206897,1.0344827586206897,0.5833333333333334,1.0,2.0,4,0.1111111111111111,37,214.22727272727275,171.53787878787878,139.13636363636365,96.44696969696969,0.29545454545454547,0.10833333333333334,0.13333333333333333,0.15833333333333333,0.0,0.46,0.1375,0.011363636363636364,0.38181818181818183,0.0,0.0,0.37333333333333335,0.0,0.0,0.0,0.0,0.0,0.07272727272727272,0.0,0.0,0.0,0
1.0344827586206897,0.896551724137931,0.25,0.5,2.0,3,0.0,20,211.6742424242424,177.50757575757575,127.40151515151514,93.23484848484848,0.3051948051948052,0.0,0.08,0.15,0.0,0.4,0.15,0.011363636363636364,0.36363636363636365,0.0,0.0,0.4,0.0,0.0,0.0,0.11363636363636363,0.0,0.14545454545454545,0.0,0.0,0.0,0
1.0344827586206897,0.896551724137931,0.25,0.5,2.0,3,0.0,20,211.6742424242424,177.50757575757575,127.40151515151514,93.23484848484848,0.3051948051948052,0.0,0.08,0.15,0.0,0.4,0.15,0.011363636363636364,0.36363636363636365,0.0,0.0,0.4,0.0,0.0,0.0,0.11363636363636363,0.0,0.14545454545454545,0.0,0.0,0.0,0
1.0344827586206897,0.896551724137931,0.25,0.5,2.0,3,0.0,20,211.6742424242424,177.50757575757575,127.40151515151514,93.23484848484848,0.3051948051948052,0.0,0.08,0.15,0.0,0.4,0.15,0.011363636363636364,0.36363636363636365,0.0,0.0,0.4,0.0,0.0,0.0,0.11363636363636363,0.0,0.14545454545454545,0.0,0.0,0.0,0
1.0344827586206897,0.896551724137931,0.25,0.5,2.0,3,0.0,20,211.6742424242424,177.50757575757575,127.40151515151514,93.23484848484848,0.3051948051948052,0.0,0.08,0.15,0.0,0.4,0.15,0.011363636363636364,0.36363636363636365,0.0,0.0,0.4,0.0,0.0,0.0,0.11363636363636363,0.0,0.14545454545454545,0.0,0.0,0.0,0
1.0344827586206897,1.0344827586206897,0.5833333333333334,0.5,2.0,2,0.0,2,215.9242424242424,202.65151515151516,173.8560606060606,160.58333333333334,0.26406926406926406,0.0,0.48,0.39166666666666666,0.0,0.24,0.0,0.0,0.34545454545454546,0.0,0.0,0.4,0.0,0.0,0.0,0.0,0.0,0.0,0.0,0.0,0.0,0
1.0344827586206897,1.0344827586206897,0.5833333333333334,0.5,2.0,2,0.0,2,215.9242424242424,202.65151515151516,173.8560606060606,160.58333333333334,0.26406926406926406,0.0,0.48,0.39166666666666666,0.0,0.24,0.0,0.0,0.34545454545454546,0.0,0.0,0.4,0.0,0.0,0.0,0.0,0.0,0.0,0.0,0.0,0.0,0
1.0344827586206897,1.0344827586206897,0.5833333333333334,0.5,2.0,2,0.0,2,215.9242424242424,202.65151515151516,173.8560606060606,160.58333333333334,0.26406926406926406,0.0,0.48,0.39166666666666666,0.0,0.24,0.0,0.0,0.34545454545454546,0.0,0.0,0.4,0.0,0.0,0.0,0.0,0.0,0.0,0.0,0.0,0.0,0
1.0344827586206897,1.0344827586206897,1.0,1.0,1.0,1,0.0,19,215.18181818181816,203.41666666666666,192.15909090909088,180.39393939393938,0.2619047619047619,0.025,0.56,0.425,0.0,0.2,0.0,0.0,0.2,0.0,0.0,0.2,0.0,0.0,0.0,0.0,0.0,0.0,0.0,0.0,0.0,0
1.0344827586206897,1.0344827586206897,1.0,1.0,1.0,1,0.0,19,215.18181818181816,203.41666666666666,192.15909090909088,180.39393939393938,0.2619047619047619,0.025,0.56,0.425,0.0,0.2,0.0,0.0,0.2,0.0,0.0,0.2,0.0,0.0,0.0,0.0,0.0,0.0,0.0,0.0,0.0,0
1.0,0.8275862068965517,0.5833333333333334,0.8333333333333334,2.0,2,0.0,2,213.16666666666666,176.36363636363635,112.21317829457364,75.41014799154333,0.2857142857142857,0.1,0.12,0.15833333333333333,0.0,0.34,0.125,0.0,0.36363636363636365,0.0,0.0,0.06666666666666667,0.0,0.0,0.0,0.0,0.0,0.0,0.0,0.0,0.0,0
1.0,0.8275862068965517,0.5833333333333334,0.8333333333333334,2.0,2,0.0,2,213.16666666666666,176.36363636363635,112.21317829457364,75.41014799154333,0.2857142857142857,0.1,0.12,0.15833333333333333,0.0,0.34,0.125,0.0,0.36363636363636365,0.0,0.0,0.06666666666666667,0.0,0.0,0.0,0.0,0.0,0.0,0.0,0.0,0.0,0
1.0357142857142858,0.8214285714285714,0.5833333333333334,0.8333333333333334,2.0,2,0.0,2,213.16666666666666,176.36363636363635,112.21317829457364,75.41014799154333,0.292358803986711,0.1,0.12,0.15833333333333333,0.0,0.34,0.125,0.0,0.38,0.0,0.0,0.08,0.0,0.0,0.0,0.0,0.0,0.0,0.0,0.0,0.0,0
1.0344827586206897,1.0344827586206897,0.5,1.0,1.0,11,0.125,37,211.70454545454547,173.62878787878788,147.29545454545456,109.21969696969697,0.2305194805194805,0.0,0.08,0.14166666666666666,0.09090909090909091,0.4,0.20454545454545456,0.0,0.2,0.0,0.0,0.2,0.0,0.25,0.25,0.01818181818181818,0.0,0.0,0.0,0.0,0.0,0
1.0344827586206897,1.0344827586206897,0.5,1.0,1.0,11,0.125,37,211.70454545454547,173.62878787878788,147.29545454545456,109.21969696969697,0.2305194805194805,0.0,0.08,0.14166666666666666,0.09090909090909091,0.4,0.20454545454545456,0.0,0.2,0.0,0.0,0.2,0.0,0.25,0.25,0.01818181818181818,0.0,0.0,0.0,0.0,0.0,0
1.0344827586206897,1.0344827586206897,0.5,1.0,1.0,11,0.125,37,211.70454545454547,173.62878787878788,147.29545454545456,109.21969696969697,0.2305194805194805,0.0,0.08,0.14166666666666666,0.09090909090909091,0.4,0.20454545454545456,0.0,0.2,0.0,0.0,0.2,0.0,0.25,0.25,0.01818181818181818,0.0,0.0,0.0,0.0,0.0,0
1.0344827586206897,1.0344827586206897,1.0,1.0,1.0,11,0.125,37,204.29545454545453,196.59848484848484,178.68181818181816,170.98484848484847,0.22835497835497837,0.041666666666666664,0.52,0.35833333333333334,0.09090909090909091,0.3090909090909091,0.09090909090909091,0.0,0.2,0.0,0.0,0.29333333333333333,0.0,0.25,0.25,0.0,0.0,0.0,0.0,0.0,0.0,0
1.0344827586206897,1.0344827586206897,1.0,1.0,1.0,11,0.125,37,204.29545454545453,196.59848484848484,178.68181818181816,170.98484848484847,0.22835497835497837,0.041666666666666664,0.52,0.35833333333333334,0.09090909090909091,0.3090909090909091,0.09090909090909091,0.0,0.2,0.0,0.0,0.29333333333333333,0.0,0.25,0.25,0.0,0.0,0.0,0.0,0.0,0.0,0
1.0344827586206897,1.0344827586206897,1.0,1.0,1.0,11,0.125,37,204.29545454545453,196.59848484848484,178.68181818181816,170.98484848484847,0.22835497835497837,0.041666666666666664,0.52,0.35833333333333334,0.09090909090909091,0.3090909090909091,0.09090909090909091,0.0,0.2,0.0,0.0,0.29333333333333333,0.0,0.25,0.25,0.0,0.0,0.0,0.0,0.0,0.0,0
1.0344827586206897,1.0344827586206897,1.0,1.0,1.0,11,0.125,37,208.43181818181816,196.25757575757575,113.90909090909089,101.73484848484848,0.2326839826839827,0.058333333333333334,0.5066666666666667,0.35833333333333334,0.09090909090909091,0.32727272727272727,0.09090909090909091,0.0,0.22,0.0,0.0,0.25333333333333335,0.0,0.25,0.25,0.0,0.0,0.0,0.0,0.0,0.0,0
1.0344827586206897,1.0344827586206897,1.0,1.0,1.0,11,0.125,37,208.43181818181816,196.25757575757575,113.90909090909089,101.73484848484848,0.2326839826839827,0.058333333333333334,0.5066666666666667,0.35833333333333334,0.09090909090909091,0.32727272727272727,0.09090909090909091,0.0,0.22,0.0,0.0,0.25333333333333335,0.0,0.25,0.25,0.0,0.0,0.0,0.0,0.0,0.0,0
1.0344827586206897,1.0344827586206897,1.0,1.0,1.0,11,0.125,37,208.43181818181816,196.25757575757575,113.90909090909089,101.73484848484848,0.2326839826839827,0.058333333333333334,0.5066666666666667,0.35833333333333334,0.09090909090909091,0.32727272727272727,0.09090909090909091,0.0,0.22,0.0,0.0,0.25333333333333335,0.0,0.25,0.25,0.0,0.0,0.0,0.0,0.0,0.0,0
1.0,0.896551724137931,0.0,0.16666666666666666,3.0,8,0.2222222222222222,21,214.22727272727275,254.02272727272725,87.20454545454548,126.99999999999999,0.18073593073593072,0.0,0.0,0.0,0.1,0.52,0.0,0.03409090909090909,0.509090909090909,0.0,0.10833333333333334,0.0,0.0,0.25,0.0,0.0,0.0,0.05454545454545454,0.0,0.0,0.0,0
1.0,0.9655172413793104,0.0,0.1111111111111111,3.0,7,0.25,20,213.88636363636363,254.58333333333334,126.99999999999999,167.6969696969697,0.17207792207792208,0.0,0.0,0.0,0.1,0.5,0.0,0.125,0.509090909090909,0.0,0.058333333333333334,0.0,0.0,0.25,0.0,0.0,0.0,0.09090909090909091,0.0,0.16363636363636364,0.0,0
1.0,0.9655172413793104,0.0,0.1111111111111111,3.0,7,0.25,20,213.88636363636363,254.58333333333334,126.99999999999999,167.6969696969697,0.17207792207792208,0.0,0.0,0.0,0.1,0.5,0.0,0.125,0.509090909090909,0.0,0.058333333333333334,0.0,0.0,0.25,0.0,0.0,0.0,0.09090909090909091,0.0,0.16363636363636364,0.0,0
1.0,0.9655172413793104,0.0,0.1111111111111111,3.0,7,0.25,20,213.88636363636363,254.58333333333334,126.99999999999999,167.6969696969697,0.17207792207792208,0.0,0.0,0.0,0.1,0.5,0.0,0.125,0.509090909090909,0.0,0.058333333333333334,0.0,0.0,0.25,0.0,0.0,0.0,0.09090909090909091,0.0,0.16363636363636364,0.0,0
1.0,0.9655172413793104,0.0,0.1111111111111111,3.0,7,0.25,20,213.88636363636363,254.58333333333334,126.99999999999999,167.6969696969697,0.17207792207792208,0.0,0.0,0.0,0.1,0.5,0.0,0.125,0.509090909090909,0.0,0.058333333333333334,0.0,0.0,0.25,0.0,0.0,0.0,0.09090909090909091,0.0,0.16363636363636364,0.0,0
1.032258064516129,1.032258064516129,0.5,0.5,1.0,11,0.1111111111111111,39,224.75694444444446,194.50694444444446,138.13194444444446,107.88194444444446,0.22684310018903592,0.0,0.06666666666666667,0.125,0.09090909090909091,0.4727272727272727,0.36363636363636365,0.052083333333333336,0.18333333333333332,0.0,0.041666666666666664,0.09333333333333334,0.0,0.2,0.6666666666666666,0.0,0.0,0.1,0.0,0.016666666666666666,0.0,0
1.032258064516129,1.032258064516129,0.5,0.5,1.0,11,0.1111111111111111,39,224.75694444444446,194.50694444444446,138.13194444444446,107.88194444444446,0.22684310018903592,0.0,0.06666666666666667,0.125,0.09090909090909091,0.4727272727272727,0.36363636363636365,0.052083333333333336,0.18333333333333332,0.0,0.041666666666666664,0.09333333333333334,0.0,0.2,0.6666666666666666,0.0,0.0,0.1,0.0,0.016666666666666666,0.0,0
1.032258064516129,1.032258064516129,0.5,0.5,1.0,11,0.1111111111111111,39,224.75694444444446,194.50694444444446,138.13194444444446,107.88194444444446,0.22684310018903592,0.0,0.06666666666666667,0.125,0.09090909090909091,0.4727272727272727,0.36363636363636365,0.052083333333333336,0.18333333333333332,0.0,0.041666666666666664,0.09333333333333334,0.0,0.2,0.6666666666666666,0.0,0.0,0.1,0.0,0.016666666666666666,0.0,0
1.0,0.8064516129032258,0.6666666666666666,1.0,1.0,11,0.125,39,197.56944444444446,210.6111111111111,143.0902777777778,156.13194444444443,0.20699432892249528,0.375,0.4533333333333333,0.31666666666666665,0.14772727272727273,0.21818181818181817,0.09090909090909091,0.0,0.21666666666666667,0.0,0.0,0.2,0.0,0.5166666666666667,0.16666666666666666,0.0,0.0,0.0,0.0,0.0,0.0,0
1.0,0.8064516129032258,0.6666666666666666,1.0,1.0,11,0.125,39,197.56944444444446,210.6111111111111,143.0902777777778,156.13194444444443,0.20699432892249528,0.375,0.4533333333333333,0.31666666666666665,0.14772727272727273,0.21818181818181817,0.09090909090909091,0.0,0.21666666666666667,0.0,0.0,0.2,0.0,0.5166666666666667,0.16666666666666666,0.0,0.0,0.0,0.0,0.0,0.0,0
1.0,0.8064516129032258,0.6666666666666666,1.0,1.0,11,0.125,39,197.56944444444446,210.6111111111111,143.0902777777778,156.13194444444443,0.20699432892249528,0.375,0.4533333333333333,0.31666666666666665,0.14772727272727273,0.21818181818181817,0.09090909090909091,0.0,0.21666666666666667,0.0,0.0,0.2,0.0,0.5166666666666667,0.16666666666666666,0.0,0.0,0.0,0.0,0.0,0.0,0
1.032258064516129,0.8064516129032258,1.0,1.0,1.0,11,0.1111111111111111,39,190.06944444444446,207.9097222222222,90.56944444444446,108.4097222222222,0.22495274102079396,0.5166666666666667,0.5466666666666666,0.3416666666666667,0.20454545454545456,0.36363636363636365,0.10227272727272728,0.0,0.2,0.0,0.0,0.2,0.0,0.5666666666666667,0.21666666666666667,0.0,0.0,0.0,0.0,0.0,0.0,0
1.032258064516129,0.8064516129032258,1.0,1.0,1.0,11,0.1111111111111111,39,190.06944444444446,207.9097222222222,90.56944444444446,108.4097222222222,0.22495274102079396,0.5166666666666667,0.5466666666666666,0.3416666666666667,0.20454545454545456,0.36363636363636365,0.10227272727272728,0.0,0.2,0.0,0.0,0.2,0.0,0.5666666666666667,0.21666666666666667,0.0,0.0,0.0,0.0,0.0,0.0,0
1.032258064516129,0.8064516129032258,1.0,1.0,1.0,11,0.1111111111111111,39,190.06944444444446,207.9097222222222,90.56944444444446,108.4097222222222,0.22495274102079396,0.5166666666666667,0.5466666666666666,0.3416666666666667,0.20454545454545456,0.36363636363636365,0.10227272727272728,0.0,0.2,0.0,0.0,0.2,0.0,0.5666666666666667,0.21666666666666667,0.0,0.0,0.0,0.0,0.0,0.0,0
1.032258064516129,1.032258064516129,1.0,1.0,1.0,11,0.1111111111111111,39,220.73611111111111,201.7152777777778,165.40277777777777,146.38194444444446,0.2003780718336484,0.08333333333333333,0.4666666666666667,0.30833333333333335,0.09090909090909091,0.2909090909090909,0.36363636363636365,0.0,0.2,0.0,0.0,0.2,0.0,0.21666666666666667,0.7333333333333333,0.0,0.0,0.0,0.0,0.0,0.0,0
1.032258064516129,1.032258064516129,1.0,1.0,1.0,11,0.1111111111111111,39,220.73611111111111,201.7152777777778,165.40277777777777,146.38194444444446,0.2003780718336484,0.08333333333333333,0.4666666666666667,0.30833333333333335,0.09090909090909091,0.2909090909090909,0.36363636363636365,0.0,0.2,0.0,0.0,0.2,0.0,0.21666666666666667,0.7333333333333333,0.0,0.0,0.0,0.0,0.0,0.0,0
1.032258064516129,0.8709677419354839,0.16666666666666666,0.5,2.0,11,0.125,39,219.39583333333334,192.0,107.62500000000001,80.22916666666667,0.21266540642722118,0.4,0.2,0.15,0.22727272727272727,0.43636363636363634,0.23863636363636365,0.0,0.3,0.0,0.0,0.17333333333333334,0.0,0.6666666666666666,0.18333333333333332,0.0,0.0,0.0,0.0,0.0,0.0,0
1.032258064516129,0.8709677419354839,0.16666666666666666,0.5,2.0,11,0.125,39,219.39583333333334,192.0,107.62500000000001,80.22916666666667,0.21266540642722118,0.4,0.2,0.15,0.22727272727272727,0.43636363636363634,0.23863636363636365,0.0,0.3,0.0,0.0,0.17333333333333334,0.0,0.6666666666666666,0.18333333333333332,0.0,0.0,0.0,0.0,0.0,0.0,0
1.032258064516129,0.8709677419354839,0.16666666666666666,0.5,2.0,11,0.125,39,219.39583333333334,192.0,107.62500000000001,80.22916666666667,0.21266540642722118,0.4,0.2,0.15,0.22727272727272727,0.43636363636363634,0.23863636363636365,0.0,0.3,0.0,0.0,0.17333333333333334,0.0,0.6666666666666666,0.18333333333333332,0.0,0.0,0.0,0.0,0.0,0.0,0
1.032258064516129,0.8709677419354839,0.16666666666666666,0.5,2.0,11,0.125,39,219.39583333333334,192.0,107.62500000000001,80.22916666666667,0.21266540642722118,0.4,0.2,0.15,0.22727272727272727,0.43636363636363634,0.23863636363636365,0.0,0.3,0.0,0.0,0.17333333333333334,0.0,0.6666666666666666,0.18333333333333332,0.0,0.0,0.0,0.0,0.0,0.0,0
1.032258064516129,1.032258064516129,0.16666666666666666,1.0,1.0,6,0.1111111111111111,18,209.04166666666666,185.90277777777774,118.18749999999999,95.04861111111107,0.2637051039697543,0.425,0.12,0.125,0.17045454545454544,0.32727272727272727,0.13636363636363635,0.08333333333333333,0.2833333333333333,0.03125,0.0,0.2,0.0,0.5833333333333334,0.0,0.0,0.0,0.0,0.0,0.2,0.11666666666666667,0
1.032258064516129,1.032258064516129,0.16666666666666666,1.0,1.0,6,0.1111111111111111,18,209.04166666666666,185.90277777777774,118.18749999999999,95.04861111111107,0.2637051039697543,0.425,0.12,0.125,0.17045454545454544,0.32727272727272727,0.13636363636363635,0.08333333333333333,0.2833333333333333,0.03125,0.0,0.2,0.0,0.5833333333333334,0.0,0.0,0.0,0.0,0.0,0.2,0.11666666666666667,0
1.032258064516129,1.032258064516129,0.16666666666666666,1.0,1.0,6,0.1111111111111111,18,209.04166666666666,185.90277777777774,118.18749999999999,95.04861111111107,0.2637051039697543,0.425,0.12,0.125,0.17045454545454544,0.32727272727272727,0.13636363636363635,0.08333333333333333,0.2833333333333333,0.03125,0.0,0.2,0.0,0.5833333333333334,0.0,0.0,0.0,0.0,0.0,0.2,0.11666666666666667,0
1.032258064516129,1.032258064516129,0.16666666666666666,1.0,1.0,6,0.1111111111111111,18,209.04166666666666,185.90277777777774,118.18749999999999,95.04861111111107,0.2637051039697543,0.425,0.12,0.125,0.17045454545454544,0.32727272727272727,0.13636363636363635,0.08333333333333333,0.2833333333333333,0.03125,0.0,0.2,0.0,0.5833333333333334,0.0,0.0,0.0,0.0,0.0,0.2,0.11666666666666667,0
0.967741935483871,0.9354838709677419,0.0,0.0,2.0,3,0.0,20,220.4027777777778,219.55555555555554,113.75694444444447,112.90972222222221,0.166351606805293,0.0,0.0,0.0,0.0,0.36363636363636365,0.0,0.08333333333333333,0.4166666666666667,0.08333333333333333,0.03333333333333333,0.0,0.0,0.0,0.0,0.0,0.0,0.016666666666666666,0.0,0.2833333333333333,0.2,1
0.967741935483871,0.9354838709677419,0.0,0.0,2.0,3,0.0,20,220.4027777777778,219.55555555555554,113.75694444444447,112.90972222222221,0.166351606805293,0.0,0.0,0.0,0.0,0.36363636363636365,0.0,0.08333333333333333,0.4166666666666667,0.08333333333333333,0.03333333333333333,0.0,0.0,0.0,0.0,0.0,0.0,0.016666666666666666,0.0,0.2833333333333333,0.2,1
0.967741935483871,0.9354838709677419,0.0,0.0,2.0,3,0.0,20,220.4027777777778,219.55555555555554,113.75694444444447,112.90972222222221,0.166351606805293,0.0,0.0,0.0,0.0,0.36363636363636365,0.0,0.08333333333333333,0.4166666666666667,0.08333333333333333,0.03333333333333333,0.0,0.0,0.0,0.0,0.0,0.0,0.016666666666666666,0.0,0.2833333333333333,0.2,1
0.967741935483871,0.9354838709677419,0.0,0.0,2.0,3,0.0,20,220.4027777777778,219.55555555555554,113.75694444444447,112.90972222222221,0.166351606805293,0.0,0.0,0.0,0.0,0.36363636363636365,0.0,0.08333333333333333,0.4166666666666667,0.08333333333333333,0.03333333333333333,0.0,0.0,0.0,0.0,0.0,0.0,0.016666666666666666,0.0,0.2833333333333333,0.2,1
0.967741935483871,0.9354838709677419,0.0,0.0,6.0,10,1.0,24,216.7222222222222,145.59722222222223,108.36805555555553,37.24305555555556,0.1947069943289225,0.0,0.0,0.0,0.09090909090909091,0.6727272727272727,0.20454545454545456,0.010416666666666666,0.55,0.20833333333333334,0.0,0.0,0.0,0.2,0.16666666666666666,0.0,0.16666666666666666,0.0,0.16666666666666666,0.016666666666666666,0.16666666666666666,0
0.967741935483871,0.9354838709677419,0.0,0.0,6.0,9,1.0,23,215.36805555555554,196.48611111111111,96.90972222222221,78.02777777777779,0.19187145557655955,0.0,0.0,0.0,0.10227272727272728,0.8,0.10227272727272728,0.010416666666666666,0.7166666666666667,0.10416666666666667,0.0,0.0,0.0,0.21666666666666667,0.08333333333333333,0.0,0.08333333333333333,0.0,0.08333333333333333,0.016666666666666666,0.08333333333333333,0
0.967741935483871,0.9354838709677419,0.0,0.0,6.0,9,1.0,23,215.36805555555554,196.48611111111111,96.90972222222221,78.02777777777779,0.19187145557655955,0.0,0.0,0.0,0.10227272727272728,0.8,0.10227272727272728,0.010416666666666666,0.7166666666666667,0.10416666666666667,0.0,0.0,0.0,0.21666666666666667,0.08333333333333333,0.0,0.08333333333333333,0.0,0.08333333333333333,0.016666666666666666,0.08333333333333333,0
0.967741935483871,0.9354838709677419,0.0,0.0,6.0,8,1.0,22,191.6111111111111,241.63194444444443,73.63194444444441,123.65277777777776,0.1890359168241966,0.0,0.0,0.0,0.18181818181818182,0.8181818181818182,0.0,0.041666666666666664,0.8333333333333334,0.0,0.0,0.0,0.0,0.2833333333333333,0.0,0.06666666666666667,0.0,0.016666666666666666,0.0,0.05,0.0,0
0.967741935483871,0.9354838709677419,0.0,0.0,6.0,8,1.0,22,191.6111111111111,241.63194444444443,73.63194444444441,123.65277777777776,0.1890359168241966,0.0,0.0,0.0,0.18181818181818182,0.8181818181818182,0.0,0.041666666666666664,0.8333333333333334,0.0,0.0,0.0,0.0,0.2833333333333333,0.0,0.06666666666666667,0.0,0.016666666666666666,0.0,0.05,0.0,0
0.967741935483871,0.9354838709677419,0.0,0.0,6.0,7,1.0,21,155.29861111111111,253.47916666666666,56.736111111111114,154.91666666666666,0.18620037807183365,0.0,0.0,0.0,0.2727272727272727,0.6545454545454545,0.0,0.14583333333333334,0.6666666666666666,0.0,0.0,0.0,0.0,0.35,0.0,0.15,0.0,0.1,0.0,0.13333333333333333,0.0,0
0.967741935483871,0.9354838709677419,0.0,0.0,6.0,7,1.0,21,155.29861111111111,253.47916666666666,56.736111111111114,154.91666666666666,0.18620037807183365,0.0,0.0,0.0,0.2727272727272727,0.6545454545454545,0.0,0.14583333333333334,0.6666666666666666,0.0,0.0,0.0,0.0,0.35,0.0,0.15,0.0,0.1,0.0,0.13333333333333333,0.0,0
0.9642857142857143,0.7857142857142857,0.4722222222222222,0.3055555555555556,6.0,7,0.5714285714285714,18,147.09302325581396,123.6356589147287,75.69767441860466,52.240310077519396,0.42524916943521596,0.0,0.24,0.15,0.1625,0.64,0.2125,0.2875,0.4,0.4375,0.10833333333333334,0.25333333333333335,0.08333333333333333,0.0,0.3409090909090909,0.38636363636363635,0.0,0.3333333333333333,0.6363636363636364,0.2727272727272727,0.2727272727272727,0
0.9642857142857143,0.7857142857142857,0.4722222222222222,0.3055555555555556,6.0,7,0.5714285714285714,18,147.09302325581396,123.6356589147287,75.69767441860466,52.240310077519396,0.42524916943521596,0.0,0.24,0.15,0.1625,0.64,0.2125,0.2875,0.4,0.4375,0.10833333333333334,0.25333333333333335,0.08333333333333333,0.0,0.3409090909090909,0.38636363636363635,0.0,0.3333333333333333,0.6363636363636364,0.2727272727272727,0.2727272727272727,0
0.9642857142857143,0.7857142857142857,0.4722222222222222,0.3055555555555556,6.0,7,0.5714285714285714,18,147.09302325581396,123.6356589147287,75.69767441860466,52.240310077519396,0.42524916943521596,0.0,0.24,0.15,0.1625,0.64,0.2125,0.2875,0.4,0.4375,0.10833333333333334,0.25333333333333335,0.08333333333333333,0.0,0.3409090909090909,0.38636363636363635,0.0,0.3333333333333333,0.6363636363636364,0.2727272727272727,0.2727272727272727,0
0.9642857142857143,0.7857142857142857,0.4722222222222222,0.3055555555555556,6.0,7,0.5714285714285714,18,147.09302325581396,123.6356589147287,75.69767441860466,52.240310077519396,0.42524916943521596,0.0,0.24,0.15,0.1625,0.64,0.2125,0.2875,0.4,0.4375,0.10833333333333334,0.25333333333333335,0.08333333333333333,0.0,0.3409090909090909,0.38636363636363635,0.0,0.3333333333333333,0.6363636363636364,0.2727272727272727,0.2727272727272727,0
0.9642857142857143,0.7857142857142857,0.4722222222222222,0.3055555555555556,6.0,7,0.5714285714285714,18,147.09302325581396,123.6356589147287,75.69767441860466,52.240310077519396,0.42524916943521596,0.0,0.24,0.15,0.1625,0.64,0.2125,0.2875,0.4,0.4375,0.10833333333333334,0.25333333333333335,0.08333333333333333,0.0,0.3409090909090909,0.38636363636363635,0.0,0.3333333333333333,0.6363636363636364,0.2727272727272727,0.2727272727272727,0
0.8928571428571429,0.7857142857142857,0.0,1.0,1.0,2,0.0,2,167.1860465116279,198.5813953488372,79.32558139534882,110.72093023255812,0.25802879291251385,0.24166666666666667,0.06666666666666667,0.10833333333333334,0.0,0.08,0.0,0.1375,0.34,0.0,0.5916666666666667,0.76,0.058333333333333334,0.0,0.0,0.0,0.0,0.0,0.0,0.0,0.0,0
0.8928571428571429,0.7857142857142857,0.0,1.0,1.0,2,0.0,2,167.1860465116279,198.5813953488372,79.32558139534882,110.72093023255812,0.25802879291251385,0.24166666666666667,0.06666666666666667,0.10833333333333334,0.0,0.08,0.0,0.1375,0.34,0.0,0.5916666666666667,0.76,0.058333333333333334,0.0,0.0,0.0,0.0,0.0,0.0,0.0,0.0,0
0.8928571428571429,0.7857142857142857,0.0,1.0,1.0,2,0.0,2,167.1860465116279,198.5813953488372,79.32558139534882,110.72093023255812,0.25802879291251385,0.24166666666666667,0.06666666666666667,0.10833333333333334,0.0,0.08,0.0,0.1375,0.34,0.0,0.5916666666666667,0.76,0.058333333333333334,0.0,0.0,0.0,0.0,0.0,0.0,0.0,0.0,0
0.8928571428571429,0.7857142857142857,0.0,1.0,1.0,2,0.0,2,167.1860465116279,198.5813953488372,79.32558139534882,110.72093023255812,0.25802879291251385,0.24166666666666667,0.06666666666666667,0.10833333333333334,0.0,0.08,0.0,0.1375,0.34,0.0,0.5916666666666667,0.76,0.058333333333333334,0.0,0.0,0.0,0.0,0.0,0.0,0.0,0.0,0
1.0357142857142858,1.0357142857142858,1.0,0.6666666666666666,1.0,7,0.2222222222222222,20,136.90697674418604,201.22480620155042,60.3953488372093,124.71317829457368,0.3122923588039867,0.041666666666666664,0.30666666666666664,0.2916666666666667,0.0,0.2,0.0,0.3625,0.46,0.125,0.19166666666666668,0.12,0.058333333333333334,0.0,0.0,0.0,0.0,0.12121212121212122,0.21212121212121213,0.3090909090909091,0.03636363636363636,0
1.0357142857142858,1.0357142857142858,1.0,0.6666666666666666,1.0,7,0.2222222222222222,20,136.90697674418604,201.22480620155042,60.3953488372093,124.71317829457368,0.3122923588039867,0.041666666666666664,0.30666666666666664,0.2916666666666667,0.0,0.2,0.0,0.3625,0.46,0.125,0.19166666666666668,0.12,0.058333333333333334,0.0,0.0,0.0,0.0,0.12121212121212122,0.21212121212121213,0.3090909090909091,0.03636363636363636,0
1.0357142857142858,1.0357142857142858,1.0,0.6666666666666666,1.0,7,0.2222222222222222,20,136.90697674418604,201.22480620155042,60.3953488372093,124.71317829457368,0.3122923588039867,0.041666666666666664,0.30666666666666664,0.2916666666666667,0.0,0.2,0.0,0.3625,0.46,0.125,0.19166666666666668,0.12,0.058333333333333334,0.0,0.0,0.0,0.0,0.12121212121212122,0.21212121212121213,0.3090909090909091,0.03636363636363636,0
1.0357142857142858,1.0357142857142858,1.0,0.6666666666666666,1.0,7,0.2222222222222222,20,136.90697674418604,201.22480620155042,60.3953488372093,124.71317829457368,0.3122923588039867,0.041666666666666664,0.30666666666666664,0.2916666666666667,0.0,0.2,0.0,0.3625,0.46,0.125,0.19166666666666668,0.12,0.058333333333333334,0.0,0.0,0.0,0.0,0.12121212121212122,0.21212121212121213,0.3090909090909091,0.03636363636363636,0
1.0357142857142858,1.0357142857142858,0.2222222222222222,0.0,6.0,7,0.6666666666666666,19,140.58139534883722,206.46511627906978,46.162790697674424,112.04651162790698,0.2978959025470653,0.0,0.08,0.0,0.125,0.34,0.0,0.475,0.46,0.0,0.0,0.0,0.0,0.0,0.0,0.29545454545454547,0.0,0.36363636363636365,0.0,0.6,0.0,0
1.0357142857142858,1.0357142857142858,0.2222222222222222,0.0,6.0,7,0.6666666666666666,19,140.58139534883722,206.46511627906978,46.162790697674424,112.04651162790698,0.2978959025470653,0.0,0.08,0.0,0.125,0.34,0.0,0.475,0.46,0.0,0.0,0.0,0.0,0.0,0.0,0.29545454545454547,0.0,0.36363636363636365,0.0,0.6,0.0,0
1.0357142857142858,1.0357142857142858,0.2222222222222222,0.0,6.0,7,0.6666666666666666,19,140.58139534883722,206.46511627906978,46.162790697674424,112.04651162790698,0.2978959025470653,0.0,0.08,0.0,0.125,0.34,0.0,0.475,0.46,0.0,0.0,0.0,0.0,0.0,0.0,0.29545454545454547,0.0,0.36363636363636365,0.0,0.6,0.0,0
1.0357142857142858,1.0357142857142858,0.2222222222222222,0.0,6.0,7,0.6666666666666666,19,140.58139534883722,206.46511627906978,46.162790697674424,112.04651162790698,0.2978959025470653,0.0,0.08,0.0,0.125,0.34,0.0,0.475,0.46,0.0,0.0,0.0,0.0,0.0,0.0,0.29545454545454547,0.0,0.36363636363636365,0.0,0.6,0.0,0
1.0357142857142858,1.0357142857142858,0.3888888888888889,0.6944444444444444,6.0,7,0.5555555555555556,9,93.01550387596899,205.43410852713177,30.5968992248062,143.015503875969,0.3798449612403101,0.16666666666666666,0.28,0.0,0.0,0.38,0.0,0.6625,0.68,0.0,0.35833333333333334,0.16,0.0,0.0,0.0,0.0,0.0,0.5454545454545454,0.0,0.5636363636363636,0.0,0
1.0357142857142858,1.0357142857142858,0.3888888888888889,0.6944444444444444,6.0,7,0.5555555555555556,9,93.01550387596899,205.43410852713177,30.5968992248062,143.015503875969,0.3798449612403101,0.16666666666666666,0.28,0.0,0.0,0.38,0.0,0.6625,0.68,0.0,0.35833333333333334,0.16,0.0,0.0,0.0,0.0,0.0,0.5454545454545454,0.0,0.5636363636363636,0.0,0
1.0357142857142858,1.0357142857142858,0.3888888888888889,0.6944444444444444,6.0,7,0.5555555555555556,9,93.01550387596899,205.43410852713177,30.5968992248062,143.015503875969,0.3798449612403101,0.16666666666666666,0.28,0.0,0.0,0.38,0.0,0.6625,0.68,0.0,0.35833333333333334,0.16,0.0,0.0,0.0,0.0,0.0,0.5454545454545454,0.0,0.5636363636363636,0.0,0
1.0357142857142858,1.0357142857142858,0.3888888888888889,0.6944444444444444,6.0,7,0.5555555555555556,9,93.01550387596899,205.43410852713177,30.5968992248062,143.015503875969,0.3798449612403101,0.16666666666666666,0.28,0.0,0.0,0.38,0.0,0.6625,0.68,0.0,0.35833333333333334,0.16,0.0,0.0,0.0,0.0,0.0,0.5454545454545454,0.0,0.5636363636363636,0.0,0
1.0357142857142858,1.0357142857142858,0.0,0.0,3.0,4,0.2222222222222222,4,206.2403100775194,205.10852713178295,125.84496124031011,124.71317829457365,0.23588039867109634,0.0,0.0,0.0,0.0,0.48,0.0,0.0,0.52,0.0,0.0,0.0,0.08333333333333333,0.0,0.0,0.0,0.0,0.0,0.0,0.0,0.03636363636363636,1
1.0357142857142858,1.0357142857142858,0.0,0.0,3.0,4,0.2222222222222222,4,206.2403100775194,205.10852713178295,125.84496124031011,124.71317829457365,0.23588039867109634,0.0,0.0,0.0,0.0,0.48,0.0,0.0,0.52,0.0,0.0,0.0,0.08333333333333333,0.0,0.0,0.0,0.0,0.0,0.0,0.0,0.03636363636363636,1
1.0357142857142858,1.0357142857142858,0.0,0.0,3.0,4,0.2222222222222222,4,206.2403100775194,205.10852713178295,125.84496124031011,124.71317829457365,0.23588039867109634,0.0,0.0,0.0,0.0,0.48,0.0,0.0,0.52,0.0,0.0,0.0,0.08333333333333333,0.0,0.0,0.0,0.0,0.0,0.0,0.0,0.03636363636363636,1
1.0357142857142858,1.0357142857142858,0.0,0.0,3.0,4,0.2222222222222222,4,206.2403100775194,205.10852713178295,125.84496124031011,124.71317829457365,0.23588039867109634,0.0,0.0,0.0,0.0,0.48,0.0,0.0,0.52,0.0,0.0,0.0,0.08333333333333333,0.0,0.0,0.0,0.0,0.0,0.0,0.0,0.03636363636363636,1
0.8928571428571429,0.7857142857142857,0.6666666666666666,1.0,1.0,2,0.0,20,148.65891472868216,196.86821705426357,91.05426356589146,139.26356589147287,0.3023255813953488,0.175,0.2,0.0,0.0625,0.14,0.0,0.1375,0.4,0.0,0.5666666666666667,0.6666666666666666,0.06666666666666667,0.0,0.0,0.0,0.0,0.0,0.0,0.0,0.0,0
0.8928571428571429,0.7857142857142857,0.6666666666666666,1.0,1.0,2,0.0,20,148.65891472868216,196.86821705426357,91.05426356589146,139.26356589147287,0.3023255813953488,0.175,0.2,0.0,0.0625,0.14,0.0,0.1375,0.4,0.0,0.5666666666666667,0.6666666666666666,0.06666666666666667,0.0,0.0,0.0,0.0,0.0,0.0,0.0,0.0,0
0.8928571428571429,0.7857142857142857,0.6666666666666666,1.0,1.0,2,0.0,20,148.65891472868216,196.86821705426357,91.05426356589146,139.26356589147287,0.3023255813953488,0.175,0.2,0.0,0.0625,0.14,0.0,0.1375,0.4,0.0,0.5666666666666667,0.6666666666666666,0.06666666666666667,0.0,0.0,0.0,0.0,0.0,0.0,0.0,0.0,0
0.8928571428571429,0.7857142857142857,0.6666666666666666,1.0,1.0,2,0.0,20,148.65891472868216,196.86821705426357,91.05426356589146,139.26356589147287,0.3023255813953488,0.175,0.2,0.0,0.0625,0.14,0.0,0.1375,0.4,0.0,0.5666666666666667,0.6666666666666666,0.06666666666666667,0.0,0.0,0.0,0.0,0.0,0.0,0.0,0.0,0
1.0357142857142858,1.0357142857142858,0.5833333333333334,1.0,2.0,7,0.3333333333333333,17,132.65891472868216,187.13953488372093,94.51937984496124,149.0,0.3687707641196013,0.0,0.2,0.31666666666666665,0.0,0.4,0.0,0.325,0.7,0.1375,0.15833333333333333,0.2,0.075,0.0,0.0,0.0,0.0,0.18181818181818182,0.30303030303030304,0.3090909090909091,0.0,0
1.0357142857142858,1.0357142857142858,1.0,0.9166666666666666,2.0,6,0.3333333333333333,17,129.93798449612402,190.54263565891472,63.26356589147285,123.86821705426355,0.3709856035437431,0.0,0.26666666666666666,0.30833333333333335,0.0,0.4,0.0,0.425,0.54,0.1625,0.19166666666666668,0.14666666666666667,0.075,0.0,0.0,0.0,0.0,0.24242424242424243,0.30303030303030304,0.36363636363636365,0.0,0
1.0357142857142858,1.0357142857142858,1.0,0.9166666666666666,2.0,6,0.3333333333333333,17,129.93798449612402,190.54263565891472,63.26356589147285,123.86821705426355,0.3709856035437431,0.0,0.26666666666666666,0.30833333333333335,0.0,0.4,0.0,0.425,0.54,0.1625,0.19166666666666668,0.14666666666666667,0.075,0.0,0.0,0.0,0.0,0.24242424242424243,0.30303030303030304,0.36363636363636365,0.0,0
1.0357142857142858,1.0357142857142858,1.0,0.9166666666666666,2.0,6,0.3333333333333333,17,129.93798449612402,190.54263565891472,63.26356589147285,123.86821705426355,0.3709856035437431,0.0,0.26666666666666666,0.30833333333333335,0.0,0.4,0.0,0.425,0.54,0.1625,0.19166666666666668,0.14666666666666667,0.075,0.0,0.0,0.0,0.0,0.24242424242424243,0.30303030303030304,0.36363636363636365,0.0,0
1.0357142857142858,1.0357142857142858,1.0,0.9166666666666666,2.0,6,0.3333333333333333,17,129.93798449612402,190.54263565891472,63.26356589147285,123.86821705426355,0.3709856035437431,0.0,0.26666666666666666,0.30833333333333335,0.0,0.4,0.0,0.425,0.54,0.1625,0.19166666666666668,0.14666666666666667,0.075,0.0,0.0,0.0,0.0,0.24242424242424243,0.30303030303030304,0.36363636363636365,0.0,0
1.0357142857142858,1.0357142857142858,0.2222222222222222,0.0,6.0,7,0.6666666666666666,20,138.65891472868216,205.28682170542638,82.26356589147287,148.89147286821708,0.2956810631229236,0.0,0.08,0.0,0.1125,0.36,0.0,0.4125,0.58,0.0,0.0,0.0,0.0,0.0,0.0,0.2727272727272727,0.0,0.3333333333333333,0.0,0.5272727272727272,0.0,0
1.0357142857142858,1.0357142857142858,0.2222222222222222,0.0,6.0,7,0.6666666666666666,20,138.65891472868216,205.28682170542638,82.26356589147287,148.89147286821708,0.2956810631229236,0.0,0.08,0.0,0.1125,0.36,0.0,0.4125,0.58,0.0,0.0,0.0,0.0,0.0,0.0,0.2727272727272727,0.0,0.3333333333333333,0.0,0.5272727272727272,0.0,0
1.0357142857142858,1.0357142857142858,0.2222222222222222,0.0,6.0,7,0.6666666666666666,20,138.65891472868216,205.28682170542638,82.26356589147287,148.89147286821708,0.2956810631229236,0.0,0.08,0.0,0.1125,0.36,0.0,0.4125,0.58,0.0,0.0,0.0,0.0,0.0,0.0,0.2727272727272727,0.0,0.3333333333333333,0.0,0.5272727272727272,0.0,0
1.0357142857142858,1.0357142857142858,0.2222222222222222,0.0,6.0,7,0.6666666666666666,20,138.65891472868216,205.28682170542638,82.26356589147287,148.89147286821708,0.2956810631229236,0.0,0.08,0.0,0.1125,0.36,0.0,0.4125,0.58,0.0,0.0,0.0,0.0,0.0,0.0,0.2727272727272727,0.0,0.3333333333333333,0.0,0.5272727272727272,0.0,0
0.8571428571428571,0.7857142857142857,0.0,1.0,2.0,7,0.42857142857142855,10,198.49612403100775,127.34108527131782,104.91472868217055,33.75968992248062,0.3599114064230343,0.0,0.0,0.21666666666666667,0.0,0.28,0.4,0.0,0.56,0.275,0.03333333333333333,0.7466666666666667,0.5,0.0,0.18181818181818182,0.0,0.5909090909090909,0.0,0.0,0.0,0.3090909090909091,0
0.8571428571428571,0.7857142857142857,0.0,1.0,2.0,7,0.42857142857142855,10,198.49612403100775,127.34108527131782,104.91472868217055,33.75968992248062,0.3599114064230343,0.0,0.0,0.21666666666666667,0.0,0.28,0.4,0.0,0.56,0.275,0.03333333333333333,0.7466666666666667,0.5,0.0,0.18181818181818182,0.0,0.5909090909090909,0.0,0.0,0.0,0.3090909090909091,0
0.8571428571428571,0.7857142857142857,0.0,1.0,2.0,7,0.42857142857142855,10,198.49612403100775,127.34108527131782,104.91472868217055,33.75968992248062,0.3599114064230343,0.0,0.0,0.21666666666666667,0.0,0.28,0.4,0.0,0.56,0.275,0.03333333333333333,0.7466666666666667,0.5,0.0,0.18181818181818182,0.0,0.5909090909090909,0.0,0.0,0.0,0.3090909090909091,0
0.8571428571428571,0.7857142857142857,0.0,1.0,2.0,7,0.42857142857142855,10,198.49612403100775,127.34108527131782,104.91472868217055,33.75968992248062,0.3599114064230343,0.0,0.0,0.21666666666666667,0.0,0.28,0.4,0.0,0.56,0.275,0.03333333333333333,0.7466666666666667,0.5,0.0,0.18181818181818182,0.0,0.5909090909090909,0.0,0.0,0.0,0.3090909090909091,0
0.8571428571428571,0.7857142857142857,0.0,1.0,2.0,7,0.42857142857142855,10,198.49612403100775,127.34108527131782,104.91472868217055,33.75968992248062,0.3599114064230343,0.0,0.0,0.21666666666666667,0.0,0.28,0.4,0.0,0.56,0.275,0.03333333333333333,0.7466666666666667,0.5,0.0,0.18181818181818182,0.0,0.5909090909090909,0.0,0.0,0.0,0.3090909090909091,0
1.0357142857142858,1.0357142857142858,0.0,0.16666666666666666,2.0,11,0.3333333333333333,37,203.68217054263565,202.96899224806202,126.26356589147285,125.55038759689923,0.2702104097452935,0.0,0.0,0.0,0.0,0.4,0.0,0.1,0.42,0.1,0.0,0.0,0.0,0.0,0.022727272727272728,0.0,0.022727272727272728,0.0,0.030303030303030304,0.2,0.2,1
1.0357142857142858,1.0357142857142858,0.0,1.0,2.0,7,0.4444444444444444,34,195.015503875969,130.69767441860466,140.08527131782944,75.76744186046513,0.3488372093023256,0.0,0.0,0.1,0.0,0.36,0.3125,0.0,0.44,0.1875,0.0,0.4666666666666667,0.3,0.0,0.5909090909090909,0.0,0.0,0.0,0.5454545454545454,0.0,0.0,0
1.0357142857142858,1.0357142857142858,0.0,1.0,2.0,7,0.4444444444444444,34,195.015503875969,130.69767441860466,140.08527131782944,75.76744186046513,0.3488372093023256,0.0,0.0,0.1,0.0,0.36,0.3125,0.0,0.44,0.1875,0.0,0.4666666666666667,0.3,0.0,0.5909090909090909,0.0,0.0,0.0,0.5454545454545454,0.0,0.0,0
1.0357142857142858,1.0357142857142858,0.0,1.0,2.0,7,0.4444444444444444,34,195.015503875969,130.69767441860466,140.08527131782944,75.76744186046513,0.3488372093023256,0.0,0.0,0.1,0.0,0.36,0.3125,0.0,0.44,0.1875,0.0,0.4666666666666667,0.3,0.0,0.5909090909090909,0.0,0.0,0.0,0.5454545454545454,0.0,0.0,0
1.0357142857142858,1.0357142857142858,0.0,1.0,2.0,7,0.4444444444444444,34,195.015503875969,130.69767441860466,140.08527131782944,75.76744186046513,0.3488372093023256,0.0,0.0,0.1,0.0,0.36,0.3125,0.0,0.44,0.1875,0.0,0.4666666666666667,0.3,0.0,0.5909090909090909,0.0,0.0,0.0,0.5454545454545454,0.0,0.0,0
1.0357142857142858,1.0357142857142858,0.0,1.0,2.0,7,0.4444444444444444,34,195.015503875969,130.69767441860466,140.08527131782944,75.76744186046513,0.3488372093023256,0.0,0.0,0.1,0.0,0.36,0.3125,0.0,0.44,0.1875,0.0,0.4666666666666667,0.3,0.0,0.5909090909090909,0.0,0.0,0.0,0.5454545454545454,0.0,0.0,0
1.0357142857142858,0.8928571428571429,0.16666666666666666,0.3611111111111111,6.0,7,0.75,27,196.09302325581393,102.39534883720931,116.51162790697673,22.813953488372107,0.40310077519379844,0.0,0.26666666666666666,0.20833333333333334,0.0,0.4,0.525,0.0,0.56,0.375,0.0,0.38666666666666666,0.0,0.0,0.6818181818181818,0.0,0.4090909090909091,0.0,0.5454545454545454,0.0,0.32727272727272727,0
1.0357142857142858,1.0357142857142858,0.14285714285714285,0.30952380952380953,7.0,8,0.7777777777777778,27,196.62790697674419,102.9922480620155,137.72093023255815,44.08527131782946,0.3997785160575858,0.0,0.30666666666666664,0.18333333333333332,0.0,0.54,0.4375,0.0,0.68,0.3,0.0,0.38666666666666666,0.0,0.0,0.5909090909090909,0.0,0.36363636363636365,0.0,0.45454545454545453,0.03636363636363636,0.2727272727272727,0
1.0357142857142858,1.0357142857142858,0.14285714285714285,0.30952380952380953,7.0,8,0.7777777777777778,27,196.62790697674419,102.9922480620155,137.72093023255815,44.08527131782946,0.3997785160575858,0.0,0.30666666666666664,0.18333333333333332,0.0,0.54,0.4375,0.0,0.68,0.3,0.0,0.38666666666666666,0.0,0.0,0.5909090909090909,0.0,0.36363636363636365,0.0,0.45454545454545453,0.03636363636363636,0.2727272727272727,0
1.0357142857142858,1.0357142857142858,0.14285714285714285,0.30952380952380953,7.0,8,0.7777777777777778,27,196.62790697674419,102.9922480620155,137.72093023255815,44.08527131782946,0.3997785160575858,0.0,0.30666666666666664,0.18333333333333332,0.0,0.54,0.4375,0.0,0.68,0.3,0.0,0.38666666666666666,0.0,0.0,0.5909090909090909,0.0,0.36363636363636365,0.0,0.45454545454545453,0.03636363636363636,0.2727272727272727,0
1.0357142857142858,1.0357142857142858,0.14285714285714285,0.30952380952380953,7.0,8,0.7777777777777778,27,196.62790697674419,102.9922480620155,137.72093023255815,44.08527131782946,0.3997785160575858,0.0,0.30666666666666664,0.18333333333333332,0.0,0.54,0.4375,0.0,0.68,0.3,0.0,0.38666666666666666,0.0,0.0,0.5909090909090909,0.0,0.36363636363636365,0.0,0.45454545454545453,0.03636363636363636,0.2727272727272727,0
1.0357142857142858,1.0357142857142858,0.14285714285714285,0.30952380952380953,7.0,8,0.7777777777777778,27,196.62790697674419,102.9922480620155,137.72093023255815,44.08527131782946,0.3997785160575858,0.0,0.30666666666666664,0.18333333333333332,0.0,0.54,0.4375,0.0,0.68,0.3,0.0,0.38666666666666666,0.0,0.0,0.5909090909090909,0.0,0.36363636363636365,0.0,0.45454545454545453,0.03636363636363636,0.2727272727272727,0
1.0357142857142858,1.0357142857142858,0.1111111111111111,0.5833333333333334,6.0,11,0.5555555555555556,37,209.17054263565896,101.44186046511629,161.5193798449613,53.79069767441862,0.37320044296788485,0.0,0.2,0.19166666666666668,0.0,0.32,0.275,0.1,0.54,0.4875,0.0,0.3333333333333333,0.35833333333333334,0.0,0.38636363636363635,0.0,0.0,0.0,0.6666666666666666,0.2,0.2,0
1.0357142857142858,1.0357142857142858,0.1111111111111111,0.5833333333333334,6.0,11,0.5555555555555556,37,209.17054263565896,101.44186046511629,161.5193798449613,53.79069767441862,0.37320044296788485,0.0,0.2,0.19166666666666668,0.0,0.32,0.275,0.1,0.54,0.4875,0.0,0.3333333333333333,0.35833333333333334,0.0,0.38636363636363635,0.0,0.0,0.0,0.6666666666666666,0.2,0.2,0
1.0357142857142858,1.0357142857142858,0.1111111111111111,0.5833333333333334,6.0,11,0.5555555555555556,37,209.17054263565896,101.44186046511629,161.5193798449613,53.79069767441862,0.37320044296788485,0.0,0.2,0.19166666666666668,0.0,0.32,0.275,0.1,0.54,0.4875,0.0,0.3333333333333333,0.35833333333333334,0.0,0.38636363636363635,0.0,0.0,0.0,0.6666666666666666,0.2,0.2,0
1.0357142857142858,1.0357142857142858,0.1111111111111111,0.5833333333333334,6.0,11,0.5555555555555556,37,209.17054263565896,101.44186046511629,161.5193798449613,53.79069767441862,0.37320044296788485,0.0,0.2,0.19166666666666668,0.0,0.32,0.275,0.1,0.54,0.4875,0.0,0.3333333333333333,0.35833333333333334,0.0,0.38636363636363635,0.0,0.0,0.0,0.6666666666666666,0.2,0.2,0
1.0357142857142858,1.0357142857142858,0.1111111111111111,0.5833333333333334,6.0,11,0.5555555555555556,37,209.17054263565896,101.44186046511629,161.5193798449613,53.79069767441862,0.37320044296788485,0.0,0.2,0.19166666666666668,0.0,0.32,0.275,0.1,0.54,0.4875,0.0,0.3333333333333333,0.35833333333333334,0.0,0.38636363636363635,0.0,0.0,0.0,0.6666666666666666,0.2,0.2,0
1.0357142857142858,0.8214285714285714,0.0,0.16666666666666666,3.0,8,0.2857142857142857,21,199.12403100775194,240.06976744186045,70.47286821705427,111.41860465116278,0.21040974529346623,0.0,0.0,0.0,0.0,0.52,0.0,0.1,0.44,0.0375,0.0,0.0,0.0,0.0,0.09090909090909091,0.0,0.09090909090909091,0.0,0.09090909090909091,0.2,0.14545454545454545,0
1.0357142857142858,1.0357142857142858,0.0,0.16666666666666666,3.0,7,0.2222222222222222,20,200.85271317829458,254.36434108527132,113.43410852713178,166.94573643410854,0.19933554817275748,0.0,0.0,0.0,0.0,0.52,0.0,0.1,0.48,0.0,0.0,0.0,0.0,0.022727272727272728,0.0,0.022727272727272728,0.0,0.0,0.0,0.2,0.05454545454545454,0
1.0,1.0357142857142858,0.0,0.1111111111111111,3.0,6,0.2222222222222222,19,196.52713178294573,254.5581395348837,75.52713178294573,133.5581395348837,0.18826135105204872,0.0,0.0,0.0,0.025,0.48,0.0,0.1,0.46,0.0,0.0,0.0,0.0,0.11363636363636363,0.0,0.11363636363636363,0.0,0.09090909090909091,0.0,0.2,0.0,0
1.0,1.0357142857142858,0.0,0.1111111111111111,3.0,6,0.2222222222222222,19,196.52713178294573,254.5581395348837,75.52713178294573,133.5581395348837,0.18826135105204872,0.0,0.0,0.0,0.025,0.48,0.0,0.1,0.46,0.0,0.0,0.0,0.0,0.11363636363636363,0.0,0.11363636363636363,0.0,0.09090909090909091,0.0,0.2,0.0,0
1.0,1.0357142857142858,0.0,0.1111111111111111,3.0,6,0.2222222222222222,19,196.52713178294573,254.5581395348837,75.52713178294573,133.5581395348837,0.18826135105204872,0.0,0.0,0.0,0.025,0.48,0.0,0.1,0.46,0.0,0.0,0.0,0.0,0.11363636363636363,0.0,0.11363636363636363,0.0,0.09090909090909091,0.0,0.2,0.0,0
1.0357142857142858,0.9642857142857143,0.05555555555555555,0.4722222222222222,6.0,7,0.5555555555555556,24,213.8759689922481,93.93023255813954,134.15503875968994,14.20930232558139,0.36212624584717606,0.0,0.14666666666666667,0.16666666666666666,0.025,0.48,0.5,0.0375,0.58,0.3,0.09166666666666666,0.38666666666666666,0.0,0.03636363636363636,0.36363636363636365,0.0,0.6363636363636364,0.0,0.11363636363636363,0.06818181818181818,0.5454545454545454,0
1.0357142857142858,0.9642857142857143,0.05555555555555555,0.4722222222222222,6.0,7,0.5555555555555556,24,213.8759689922481,93.93023255813954,134.15503875968994,14.20930232558139,0.36212624584717606,0.0,0.14666666666666667,0.16666666666666666,0.025,0.48,0.5,0.0375,0.58,0.3,0.09166666666666666,0.38666666666666666,0.0,0.03636363636363636,0.36363636363636365,0.0,0.6363636363636364,0.0,0.11363636363636363,0.06818181818181818,0.5454545454545454,0
1.0357142857142858,0.9642857142857143,0.05555555555555555,0.4722222222222222,6.0,7,0.5555555555555556,24,213.8759689922481,93.93023255813954,134.15503875968994,14.20930232558139,0.36212624584717606,0.0,0.14666666666666667,0.16666666666666666,0.025,0.48,0.5,0.0375,0.58,0.3,0.09166666666666666,0.38666666666666666,0.0,0.03636363636363636,0.36363636363636365,0.0,0.6363636363636364,0.0,0.11363636363636363,0.06818181818181818,0.5454545454545454,0
1.0357142857142858,0.9642857142857143,0.05555555555555555,0.4722222222222222,6.0,7,0.5555555555555556,24,213.8759689922481,93.93023255813954,134.15503875968994,14.20930232558139,0.36212624584717606,0.0,0.14666666666666667,0.16666666666666666,0.025,0.48,0.5,0.0375,0.58,0.3,0.09166666666666666,0.38666666666666666,0.0,0.03636363636363636,0.36363636363636365,0.0,0.6363636363636364,0.0,0.11363636363636363,0.06818181818181818,0.5454545454545454,0
1.0357142857142858,0.9642857142857143,0.05555555555555555,0.4722222222222222,6.0,7,0.5555555555555556,24,213.8759689922481,93.93023255813954,134.15503875968994,14.20930232558139,0.36212624584717606,0.0,0.14666666666666667,0.16666666666666666,0.025,0.48,0.5,0.0375,0.58,0.3,0.09166666666666666,0.38666666666666666,0.0,0.03636363636363636,0.36363636363636365,0.0,0.6363636363636364,0.0,0.11363636363636363,0.06818181818181818,0.5454545454545454,0
1.0357142857142858,0.8928571428571429,0.16666666666666666,0.4583333333333333,3.5,6,0.5,19,214.86046511627907,124.75968992248062,163.2325581395349,73.13178294573643,0.29900332225913623,0.0,0.18666666666666668,0.16666666666666666,0.0,0.32,0.3625,0.0125,0.42,0.325,0.0,0.18666666666666668,0.0,0.0,0.6363636363636364,0.0,0.0,0.0,0.6590909090909091,0.022727272727272728,0.022727272727272728,0
1.0357142857142858,0.8928571428571429,0.16666666666666666,0.4583333333333333,3.5,6,0.5,19,214.86046511627907,124.75968992248062,163.2325581395349,73.13178294573643,0.29900332225913623,0.0,0.18666666666666668,0.16666666666666666,0.0,0.32,0.3625,0.0125,0.42,0.325,0.0,0.18666666666666668,0.0,0.0,0.6363636363636364,0.0,0.0,0.0,0.6590909090909091,0.022727272727272728,0.022727272727272728,0
1.0357142857142858,0.8928571428571429,0.16666666666666666,0.4583333333333333,3.5,6,0.5,19,214.86046511627907,124.75968992248062,163.2325581395349,73.13178294573643,0.29900332225913623,0.0,0.18666666666666668,0.16666666666666666,0.0,0.32,0.3625,0.0125,0.42,0.325,0.0,0.18666666666666668,0.0,0.0,0.6363636363636364,0.0,0.0,0.0,0.6590909090909091,0.022727272727272728,0.022727272727272728,0
1.0357142857142858,0.8928571428571429,0.16666666666666666,0.4583333333333333,3.5,6,0.5,19,214.86046511627907,124.75968992248062,163.2325581395349,73.13178294573643,0.29900332225913623,0.0,0.18666666666666668,0.16666666666666666,0.0,0.32,0.3625,0.0125,0.42,0.325,0.0,0.18666666666666668,0.0,0.0,0.6363636363636364,0.0,0.0,0.0,0.6590909090909091,0.022727272727272728,0.022727272727272728,0
1.0357142857142858,0.8928571428571429,0.16666666666666666,0.4583333333333333,3.5,6,0.5,19,214.86046511627907,124.75968992248062,163.2325581395349,73.13178294573643,0.29900332225913623,0.0,0.18666666666666668,0.16666666666666666,0.0,0.32,0.3625,0.0125,0.42,0.325,0.0,0.18666666666666668,0.0,0.0,0.6363636363636364,0.0,0.0,0.0,0.6590909090909091,0.022727272727272728,0.022727272727272728,0
0.9285714285714286,0.7857142857142857,0.5,0.3888888888888889,6.0,11,0.7142857142857143,24,209.35658914728683,113.32558139534883,119.26356589147288,23.232558139534888,0.3554817275747508,0.0,0.13333333333333333,0.25833333333333336,0.05,0.48,0.5,0.0625,0.6,0.3375,0.0,0.04,0.0,0.09090909090909091,0.41818181818181815,0.0,0.48484848484848486,0.0,0.20454545454545456,0.09090909090909091,0.38636363636363635,0
0.9285714285714286,0.7857142857142857,0.5,0.3888888888888889,6.0,11,0.7142857142857143,24,209.35658914728683,113.32558139534883,119.26356589147288,23.232558139534888,0.3554817275747508,0.0,0.13333333333333333,0.25833333333333336,0.05,0.48,0.5,0.0625,0.6,0.3375,0.0,0.04,0.0,0.09090909090909091,0.41818181818181815,0.0,0.48484848484848486,0.0,0.20454545454545456,0.09090909090909091,0.38636363636363635,0
0.9285714285714286,0.7857142857142857,0.5,0.3888888888888889,6.0,11,0.7142857142857143,24,209.35658914728683,113.32558139534883,119.26356589147288,23.232558139534888,0.3554817275747508,0.0,0.13333333333333333,0.25833333333333336,0.05,0.48,0.5,0.0625,0.6,0.3375,0.0,0.04,0.0,0.09090909090909091,0.41818181818181815,0.0,0.48484848484848486,0.0,0.20454545454545456,0.09090909090909091,0.38636363636363635,0
0.9285714285714286,0.7857142857142857,0.5,0.3888888888888889,6.0,11,0.7142857142857143,24,209.35658914728683,113.32558139534883,119.26356589147288,23.232558139534888,0.3554817275747508,0.0,0.13333333333333333,0.25833333333333336,0.05,0.48,0.5,0.0625,0.6,0.3375,0.0,0.04,0.0,0.09090909090909091,0.41818181818181815,0.0,0.48484848484848486,0.0,0.20454545454545456,0.09090909090909091,0.38636363636363635,0
0.9285714285714286,0.7857142857142857,0.5,0.3888888888888889,6.0,11,0.7142857142857143,24,209.35658914728683,113.32558139534883,119.26356589147288,23.232558139534888,0.3554817275747508,0.0,0.13333333333333333,0.25833333333333336,0.05,0.48,0.5,0.0625,0.6,0.3375,0.0,0.04,0.0,0.09090909090909091,0.41818181818181815,0.0,0.48484848484848486,0.0,0.20454545454545456,0.09090909090909091,0.38636363636363635,0
1.0,1.0357142857142858,0.0,0.3333333333333333,2.0,2,0.0,18,215.32558139534885,211.66666666666666,122.76744186046513,119.10852713178294,0.3344407530454042,0.025,0.0,0.38333333333333336,0.1111111111111111,0.4222222222222222,0.3333333333333333,0.09090909090909091,0.45454545454545453,0.38636363636363635,0.0,0.0,0.25,0.2,0.34545454545454546,0.0,0.29545454545454547,0.0,0.4909090909090909,0.0,0.21212121212121213,1
1.0357142857142858,1.0357142857142858,1.0,1.0,2.0,11,0.3333333333333333,37,208.88372093023256,168.75968992248062,175.30232558139534,135.1782945736434,0.40310077519379844,0.03333333333333333,0.6533333333333333,0.49166666666666664,0.275,0.46,0.1,0.425,0.7,0.5,0.0,0.49333333333333335,0.30833333333333335,0.34545454545454546,0.2,0.18181818181818182,0.0,0.25,0.6363636363636364,0.4318181818181818,0.25,0
1.0357142857142858,1.0357142857142858,1.0,1.0,2.0,11,0.3333333333333333,37,208.88372093023256,168.75968992248062,175.30232558139534,135.1782945736434,0.40310077519379844,0.03333333333333333,0.6533333333333333,0.49166666666666664,0.275,0.46,0.1,0.425,0.7,0.5,0.0,0.49333333333333335,0.30833333333333335,0.34545454545454546,0.2,0.18181818181818182,0.0,0.25,0.6363636363636364,0.4318181818181818,0.25,0
1.0357142857142858,1.0357142857142858,1.0,1.0,2.0,11,0.3333333333333333,37,208.88372093023256,168.75968992248062,175.30232558139534,135.1782945736434,0.40310077519379844,0.03333333333333333,0.6533333333333333,0.49166666666666664,0.275,0.46,0.1,0.425,0.7,0.5,0.0,0.49333333333333335,0.30833333333333335,0.34545454545454546,0.2,0.18181818181818182,0.0,0.25,0.6363636363636364,0.4318181818181818,0.25,0
1.0357142857142858,1.0357142857142858,1.0,1.0,2.0,7,0.2222222222222222,37,196.37209302325581,159.2558139534884,141.11627906976744,104.00000000000003,0.3643410852713178,0.0,0.5466666666666666,0.6166666666666667,0.1,0.5,0.2125,0.2,0.56,0.225,0.31666666666666665,0.21333333333333335,0.0,0.2,0.14545454545454545,0.0,0.0,0.0,0.06818181818181818,0.25,0.25,0
1.0357142857142858,1.0357142857142858,1.0,1.0,2.0,7,0.2222222222222222,37,196.37209302325581,159.2558139534884,141.11627906976744,104.00000000000003,0.3643410852713178,0.0,0.5466666666666666,0.6166666666666667,0.1,0.5,0.2125,0.2,0.56,0.225,0.31666666666666665,0.21333333333333335,0.0,0.2,0.14545454545454545,0.0,0.0,0.0,0.06818181818181818,0.25,0.25,0
1.0357142857142858,1.0357142857142858,1.0,1.0,2.0,7,0.2222222222222222,37,196.37209302325581,159.2558139534884,141.11627906976744,104.00000000000003,0.3643410852713178,0.0,0.5466666666666666,0.6166666666666667,0.1,0.5,0.2125,0.2,0.56,0.225,0.31666666666666665,0.21333333333333335,0.0,0.2,0.14545454545454545,0.0,0.0,0.0,0.06818181818181818,0.25,0.25,0
1.0357142857142858,1.0357142857142858,0.75,0.25,2.0,11,0.4444444444444444,37,205.62790697674419,142.12403100775194,128.86046511627907,65.35658914728683,0.35105204872646734,0.016666666666666666,0.4,0.475,0.1,0.48,0.45,0.175,0.48,0.25,0.0,0.0,0.0,0.2,0.7090909090909091,0.0,0.0,0.022727272727272728,0.11363636363636363,0.25,0.25,0
1.0357142857142858,1.0357142857142858,0.75,0.25,2.0,11,0.4444444444444444,37,205.62790697674419,142.12403100775194,128.86046511627907,65.35658914728683,0.35105204872646734,0.016666666666666666,0.4,0.475,0.1,0.48,0.45,0.175,0.48,0.25,0.0,0.0,0.0,0.2,0.7090909090909091,0.0,0.0,0.022727272727272728,0.11363636363636363,0.25,0.25,0
1.0357142857142858,1.0357142857142858,0.75,0.25,2.0,11,0.4444444444444444,37,205.62790697674419,142.12403100775194,128.86046511627907,65.35658914728683,0.35105204872646734,0.016666666666666666,0.4,0.475,0.1,0.48,0.45,0.175,0.48,0.25,0.0,0.0,0.0,0.2,0.7090909090909091,0.0,0.0,0.022727272727272728,0.11363636363636363,0.25,0.25,0
1.0357142857142858,1.0357142857142858,0.75,0.25,2.0,11,0.4444444444444444,37,205.62790697674419,142.12403100775194,128.86046511627907,65.35658914728683,0.35105204872646734,0.016666666666666666,0.4,0.475,0.1,0.48,0.45,0.175,0.48,0.25,0.0,0.0,0.0,0.2,0.7090909090909091,0.0,0.0,0.022727272727272728,0.11363636363636363,0.25,0.25,0
1.0357142857142858,1.0357142857142858,0.8333333333333334,0.75,2.0,11,0.3333333333333333,37,209.96124031007753,130.13178294573643,160.4496124031008,80.62015503875969,0.3709856035437431,0.0,0.6533333333333333,0.5,0.05,0.48,0.325,0.1875,0.58,0.275,0.0,0.37333333333333335,0.25833333333333336,0.12727272727272726,0.4909090909090909,0.0,0.0,0.022727272727272728,0.0,0.25,0.25,0
1.0357142857142858,1.0357142857142858,0.8333333333333334,0.75,2.0,11,0.3333333333333333,37,209.96124031007753,130.13178294573643,160.4496124031008,80.62015503875969,0.3709856035437431,0.0,0.6533333333333333,0.5,0.05,0.48,0.325,0.1875,0.58,0.275,0.0,0.37333333333333335,0.25833333333333336,0.12727272727272726,0.4909090909090909,0.0,0.0,0.022727272727272728,0.0,0.25,0.25,0
1.0357142857142858,1.0357142857142858,0.8333333333333334,0.75,2.0,11,0.3333333333333333,37,209.96124031007753,130.13178294573643,160.4496124031008,80.62015503875969,0.3709856035437431,0.0,0.6533333333333333,0.5,0.05,0.48,0.325,0.1875,0.58,0.275,0.0,0.37333333333333335,0.25833333333333336,0.12727272727272726,0.4909090909090909,0.0,0.0,0.022727272727272728,0.0,0.25,0.25,0
1.0357142857142858,1.0357142857142858,0.8333333333333334,0.75,2.0,11,0.3333333333333333,37,209.96124031007753,130.13178294573643,160.4496124031008,80.62015503875969,0.3709856035437431,0.0,0.6533333333333333,0.5,0.05,0.48,0.325,0.1875,0.58,0.275,0.0,0.37333333333333335,0.25833333333333336,0.12727272727272726,0.4909090909090909,0.0,0.0,0.022727272727272728,0.0,0.25,0.25,0
1.0357142857142858,1.0357142857142858,0.6666666666666666,0.6666666666666666,2.0,11,0.4444444444444444,35,208.49612403100775,148.3798449612403,141.5658914728682,81.44961240310077,0.34551495016611294,0.025,0.3333333333333333,0.44166666666666665,0.1,0.52,0.4625,0.2375,0.46,0.2,0.18333333333333332,0.4533333333333333,0.30833333333333335,0.2,0.7090909090909091,0.0,0.0,0.06818181818181818,0.022727272727272728,0.25,0.25,0
1.0357142857142858,1.0357142857142858,0.6666666666666666,0.6666666666666666,2.0,11,0.4444444444444444,35,208.49612403100775,148.3798449612403,141.5658914728682,81.44961240310077,0.34551495016611294,0.025,0.3333333333333333,0.44166666666666665,0.1,0.52,0.4625,0.2375,0.46,0.2,0.18333333333333332,0.4533333333333333,0.30833333333333335,0.2,0.7090909090909091,0.0,0.0,0.06818181818181818,0.022727272727272728,0.25,0.25,0
1.0357142857142858,1.0357142857142858,0.6666666666666666,0.6666666666666666,2.0,11,0.4444444444444444,35,208.49612403100775,148.3798449612403,141.5658914728682,81.44961240310077,0.34551495016611294,0.025,0.3333333333333333,0.44166666666666665,0.1,0.52,0.4625,0.2375,0.46,0.2,0.18333333333333332,0.4533333333333333,0.30833333333333335,0.2,0.7090909090909091,0.0,0.0,0.06818181818181818,0.022727272727272728,0.25,0.25,0
1.0357142857142858,1.0357142857142858,0.6666666666666666,0.6666666666666666,2.0,11,0.4444444444444444,35,208.49612403100775,148.3798449612403,141.5658914728682,81.44961240310077,0.34551495016611294,0.025,0.3333333333333333,0.44166666666666665,0.1,0.52,0.4625,0.2375,0.46,0.2,0.18333333333333332,0.4533333333333333,0.30833333333333335,0.2,0.7090909090909091,0.0,0.0,0.06818181818181818,0.022727272727272728,0.25,0.25,0
1.0357142857142858,1.0357142857142858,0.7777777777777778,0.7777777777777778,3.0,7,0.4444444444444444,37,202.22480620155036,157.21705426356587,172.08527131782944,127.07751937984494,0.3477297895902547,0.008333333333333333,0.4266666666666667,0.49166666666666664,0.0375,0.48,0.3375,0.225,0.5,0.2,0.3,0.24,0.0,0.10909090909090909,0.32727272727272727,0.0,0.42424242424242425,0.045454545454545456,0.0,0.25,0.25,0
1.0357142857142858,1.0357142857142858,0.7777777777777778,0.7777777777777778,3.0,7,0.4444444444444444,37,202.22480620155036,157.21705426356587,172.08527131782944,127.07751937984494,0.3477297895902547,0.008333333333333333,0.4266666666666667,0.49166666666666664,0.0375,0.48,0.3375,0.225,0.5,0.2,0.3,0.24,0.0,0.10909090909090909,0.32727272727272727,0.0,0.42424242424242425,0.045454545454545456,0.0,0.25,0.25,0
1.0357142857142858,1.0357142857142858,0.7777777777777778,0.7777777777777778,3.0,7,0.4444444444444444,37,202.22480620155036,157.21705426356587,172.08527131782944,127.07751937984494,0.3477297895902547,0.008333333333333333,0.4266666666666667,0.49166666666666664,0.0375,0.48,0.3375,0.225,0.5,0.2,0.3,0.24,0.0,0.10909090909090909,0.32727272727272727,0.0,0.42424242424242425,0.045454545454545456,0.0,0.25,0.25,0
1.0357142857142858,1.0357142857142858,0.7777777777777778,0.7777777777777778,3.0,7,0.4444444444444444,37,202.22480620155036,157.21705426356587,172.08527131782944,127.07751937984494,0.3477297895902547,0.008333333333333333,0.4266666666666667,0.49166666666666664,0.0375,0.48,0.3375,0.225,0.5,0.2,0.3,0.24,0.0,0.10909090909090909,0.32727272727272727,0.0,0.42424242424242425,0.045454545454545456,0.0,0.25,0.25,0
1.0357142857142858,0.8928571428571429,0.1388888888888889,0.4722222222222222,6.0,7,0.5555555555555556,34,206.34108527131784,131.5736434108527,145.96899224806202,71.20155038759688,0.34551495016611294,0.058333333333333334,0.14666666666666667,0.24166666666666667,0.1,0.4,0.45,0.2,0.62,0.4875,0.0,0.36,0.2916666666666667,0.16363636363636364,0.6545454545454545,0.0,0.0,0.0,0.6363636363636364,0.25,0.25,0
1.0357142857142858,0.8928571428571429,0.1388888888888889,0.4722222222222222,6.0,7,0.5555555555555556,34,206.34108527131784,131.5736434108527,145.96899224806202,71.20155038759688,0.34551495016611294,0.058333333333333334,0.14666666666666667,0.24166666666666667,0.1,0.4,0.45,0.2,0.62,0.4875,0.0,0.36,0.2916666666666667,0.16363636363636364,0.6545454545454545,0.0,0.0,0.0,0.6363636363636364,0.25,0.25,0
1.0357142857142858,0.8928571428571429,0.1388888888888889,0.4722222222222222,6.0,7,0.5555555555555556,34,206.34108527131784,131.5736434108527,145.96899224806202,71.20155038759688,0.34551495016611294,0.058333333333333334,0.14666666666666667,0.24166666666666667,0.1,0.4,0.45,0.2,0.62,0.4875,0.0,0.36,0.2916666666666667,0.16363636363636364,0.6545454545454545,0.0,0.0,0.0,0.6363636363636364,0.25,0.25,0
1.0357142857142858,0.8928571428571429,0.1388888888888889,0.4722222222222222,6.0,7,0.5555555555555556,34,206.34108527131784,131.5736434108527,145.96899224806202,71.20155038759688,0.34551495016611294,0.058333333333333334,0.14666666666666667,0.24166666666666667,0.1,0.4,0.45,0.2,0.62,0.4875,0.0,0.36,0.2916666666666667,0.16363636363636364,0.6545454545454545,0.0,0.0,0.0,0.6363636363636364,0.25,0.25,0
1.0357142857142858,0.8928571428571429,0.1388888888888889,0.4722222222222222,6.0,7,0.5555555555555556,34,206.34108527131784,131.5736434108527,145.96899224806202,71.20155038759688,0.34551495016611294,0.058333333333333334,0.14666666666666667,0.24166666666666667,0.1,0.4,0.45,0.2,0.62,0.4875,0.0,0.36,0.2916666666666667,0.16363636363636364,0.6545454545454545,0.0,0.0,0.0,0.6363636363636364,0.25,0.25,0
1.0357142857142858,0.7857142857142857,0.4444444444444444,0.7222222222222222,3.0,7,0.42857142857142855,32,199.11627906976742,135.22480620155036,121.95348837209299,58.06201550387594,0.37209302325581395,0.13333333333333333,0.22666666666666666,0.375,0.075,0.38,0.4625,0.2,0.48,0.2,0.275,0.24,0.0,0.12727272727272726,0.14545454545454545,0.0,0.6363636363636364,0.0,0.0,0.25,0.25,0
1.0357142857142858,0.7857142857142857,0.4444444444444444,0.7222222222222222,3.0,7,0.42857142857142855,32,199.11627906976742,135.22480620155036,121.95348837209299,58.06201550387594,0.37209302325581395,0.13333333333333333,0.22666666666666666,0.375,0.075,0.38,0.4625,0.2,0.48,0.2,0.275,0.24,0.0,0.12727272727272726,0.14545454545454545,0.0,0.6363636363636364,0.0,0.0,0.25,0.25,0
1.0357142857142858,0.7857142857142857,0.4444444444444444,0.7222222222222222,3.0,7,0.42857142857142855,32,199.11627906976742,135.22480620155036,121.95348837209299,58.06201550387594,0.37209302325581395,0.13333333333333333,0.22666666666666666,0.375,0.075,0.38,0.4625,0.2,0.48,0.2,0.275,0.24,0.0,0.12727272727272726,0.14545454545454545,0.0,0.6363636363636364,0.0,0.0,0.25,0.25,0
1.0357142857142858,0.7857142857142857,0.4444444444444444,0.7222222222222222,3.0,7,0.42857142857142855,32,199.11627906976742,135.22480620155036,121.95348837209299,58.06201550387594,0.37209302325581395,0.13333333333333333,0.22666666666666666,0.375,0.075,0.38,0.4625,0.2,0.48,0.2,0.275,0.24,0.0,0.12727272727272726,0.14545454545454545,0.0,0.6363636363636364,0.0,0.0,0.25,0.25,0
1.0357142857142858,0.7857142857142857,0.4444444444444444,0.7222222222222222,3.0,7,0.42857142857142855,32,199.11627906976742,135.22480620155036,121.95348837209299,58.06201550387594,0.37209302325581395,0.13333333333333333,0.22666666666666666,0.375,0.075,0.38,0.4625,0.2,0.48,0.2,0.275,0.24,0.0,0.12727272727272726,0.14545454545454545,0.0,0.6363636363636364,0.0,0.0,0.25,0.25,0
1.0357142857142858,1.0357142857142858,0.5,0.4166666666666667,2.0,7,0.4444444444444444,26,134.7286821705426,203.2713178294574,63.40310077519378,131.94573643410854,0.3222591362126246,0.0,0.4533333333333333,0.25833333333333336,0.2375,0.6,0.0375,0.275,0.5,0.0625,0.13333333333333333,0.14666666666666667,0.11666666666666667,0.18181818181818182,0.07272727272727272,0.3939393939393939,0.0,0.0,0.0,0.25,0.11363636363636363,0
1.0357142857142858,1.0357142857142858,0.5,0.4166666666666667,2.0,7,0.4444444444444444,26,134.7286821705426,203.2713178294574,63.40310077519378,131.94573643410854,0.3222591362126246,0.0,0.4533333333333333,0.25833333333333336,0.2375,0.6,0.0375,0.275,0.5,0.0625,0.13333333333333333,0.14666666666666667,0.11666666666666667,0.18181818181818182,0.07272727272727272,0.3939393939393939,0.0,0.0,0.0,0.25,0.11363636363636363,0
1.0357142857142858,1.0357142857142858,0.5,0.4166666666666667,2.0,7,0.4444444444444444,26,134.7286821705426,203.2713178294574,63.40310077519378,131.94573643410854,0.3222591362126246,0.0,0.4533333333333333,0.25833333333333336,0.2375,0.6,0.0375,0.275,0.5,0.0625,0.13333333333333333,0.14666666666666667,0.11666666666666667,0.18181818181818182,0.07272727272727272,0.3939393939393939,0.0,0.0,0.0,0.25,0.11363636363636363,0
1.0357142857142858,1.0357142857142858,0.5,0.4166666666666667,2.0,7,0.4444444444444444,26,134.7286821705426,203.2713178294574,63.40310077519378,131.94573643410854,0.3222591362126246,0.0,0.4533333333333333,0.25833333333333336,0.2375,0.6,0.0375,0.275,0.5,0.0625,0.13333333333333333,0.14666666666666667,0.11666666666666667,0.18181818181818182,0.07272727272727272,0.3939393939393939,0.0,0.0,0.0,0.25,0.11363636363636363,0
1.0357142857142858,1.0357142857142858,1.0,0.8333333333333334,1.0,7,0.2222222222222222,27,139.53488372093022,208.22480620155042,104.23255813953487,172.92248062015506,0.3001107419712071,0.25833333333333336,0.26666666666666666,0.0,0.0,0.24,0.0,0.425,0.52,0.0,0.2833333333333333,0.16,0.0,0.0,0.0,0.0,0.0,0.5909090909090909,0.0,0.0,0.0,0
1.0357142857142858,1.0357142857142858,1.0,0.8333333333333334,1.0,7,0.2222222222222222,27,139.53488372093022,208.22480620155042,104.23255813953487,172.92248062015506,0.3001107419712071,0.25833333333333336,0.26666666666666666,0.0,0.0,0.24,0.0,0.425,0.52,0.0,0.2833333333333333,0.16,0.0,0.0,0.0,0.0,0.0,0.5909090909090909,0.0,0.0,0.0,0
1.0357142857142858,1.0357142857142858,1.0,0.8333333333333334,1.0,7,0.2222222222222222,27,139.53488372093022,208.22480620155042,104.23255813953487,172.92248062015506,0.3001107419712071,0.25833333333333336,0.26666666666666666,0.0,0.0,0.24,0.0,0.425,0.52,0.0,0.2833333333333333,0.16,0.0,0.0,0.0,0.0,0.0,0.5909090909090909,0.0,0.0,0.0,0
1.0357142857142858,1.0357142857142858,1.0,0.8333333333333334,1.0,7,0.2222222222222222,27,139.53488372093022,208.22480620155042,104.23255813953487,172.92248062015506,0.3001107419712071,0.25833333333333336,0.26666666666666666,0.0,0.0,0.24,0.0,0.425,0.52,0.0,0.2833333333333333,0.16,0.0,0.0,0.0,0.0,0.0,0.5909090909090909,0.0,0.0,0.0,0
1.0357142857142858,1.0357142857142858,0.0,0.0,3.0,4,0.1111111111111111,37,207.29457364341087,207.37984496124034,126.4573643410853,126.54263565891476,0.2159468438538206,0.0,0.0,0.0,0.0,0.42,0.0,0.0,0.48,0.0,0.0,0.0,0.0,0.01818181818181818,0.0,0.0,0.0,0.0,0.0,0.0,0.0,1
1.0357142857142858,1.0357142857142858,0.75,1.0,2.0,6,0.2222222222222222,25,203.96124031007753,121.31782945736434,186.03100775193798,103.3875968992248,0.36212624584717606,0.0,0.37333333333333335,0.4666666666666667,0.0,0.36,0.325,0.0,0.44,0.1625,0.016666666666666666,0.76,0.6416666666666667,0.0,0.2545454545454545,0.0,0.45454545454545453,0.0,0.0,0.0,0.0,0
1.0357142857142858,1.0357142857142858,0.75,1.0,2.0,6,0.2222222222222222,25,203.96124031007753,121.31782945736434,186.03100775193798,103.3875968992248,0.36212624584717606,0.0,0.37333333333333335,0.4666666666666667,0.0,0.36,0.325,0.0,0.44,0.1625,0.016666666666666666,0.76,0.6416666666666667,0.0,0.2545454545454545,0.0,0.45454545454545453,0.0,0.0,0.0,0.0,0
1.0357142857142858,1.0357142857142858,0.75,1.0,2.0,6,0.2222222222222222,25,203.96124031007753,121.31782945736434,186.03100775193798,103.3875968992248,0.36212624584717606,0.0,0.37333333333333335,0.4666666666666667,0.0,0.36,0.325,0.0,0.44,0.1625,0.016666666666666666,0.76,0.6416666666666667,0.0,0.2545454545454545,0.0,0.45454545454545453,0.0,0.0,0.0,0.0,0
1.0357142857142858,1.0357142857142858,0.75,1.0,2.0,6,0.2222222222222222,25,203.96124031007753,121.31782945736434,186.03100775193798,103.3875968992248,0.36212624584717606,0.0,0.37333333333333335,0.4666666666666667,0.0,0.36,0.325,0.0,0.44,0.1625,0.016666666666666666,0.76,0.6416666666666667,0.0,0.2545454545454545,0.0,0.45454545454545453,0.0,0.0,0.0,0.0,0
1.0357142857142858,1.0357142857142858,0.75,1.0,2.0,6,0.2222222222222222,25,203.96124031007753,121.31782945736434,186.03100775193798,103.3875968992248,0.36212624584717606,0.0,0.37333333333333335,0.4666666666666667,0.0,0.36,0.325,0.0,0.44,0.1625,0.016666666666666666,0.76,0.6416666666666667,0.0,0.2545454545454545,0.0,0.45454545454545453,0.0,0.0,0.0,0.0,0
1.0357142857142858,1.0357142857142858,0.5555555555555556,0.4722222222222222,6.0,9,0.5555555555555556,37,200.0,115.7751937984496,177.13953488372093,92.91472868217053,0.4130675526024363,0.19166666666666668,0.4,0.49166666666666664,0.0125,0.54,0.4375,0.2,0.6,0.4375,0.0,0.3333333333333333,0.0,0.03636363636363636,0.7454545454545455,0.0,0.0,0.0,0.11363636363636363,0.25,0.6363636363636364,0
1.0357142857142858,1.0357142857142858,0.6111111111111112,0.4722222222222222,6.0,10,0.5555555555555556,37,195.9922480620155,115.7906976744186,143.92248062015506,63.72093023255813,0.4130675526024363,0.16666666666666666,0.48,0.43333333333333335,0.025,0.62,0.3875,0.2,0.68,0.3875,0.0,0.3333333333333333,0.0,0.05454545454545454,0.6545454545454545,0.0,0.0,0.022727272727272728,0.11363636363636363,0.25,0.5681818181818182,0
1.0357142857142858,1.0357142857142858,0.6111111111111112,0.4722222222222222,6.0,10,0.5555555555555556,37,195.9922480620155,115.7906976744186,143.92248062015506,63.72093023255813,0.4130675526024363,0.16666666666666666,0.48,0.43333333333333335,0.025,0.62,0.3875,0.2,0.68,0.3875,0.0,0.3333333333333333,0.0,0.05454545454545454,0.6545454545454545,0.0,0.0,0.022727272727272728,0.11363636363636363,0.25,0.5681818181818182,0
1.0357142857142858,1.0357142857142858,0.6111111111111112,0.4722222222222222,6.0,10,0.5555555555555556,37,195.9922480620155,115.7906976744186,143.92248062015506,63.72093023255813,0.4130675526024363,0.16666666666666666,0.48,0.43333333333333335,0.025,0.62,0.3875,0.2,0.68,0.3875,0.0,0.3333333333333333,0.0,0.05454545454545454,0.6545454545454545,0.0,0.0,0.022727272727272728,0.11363636363636363,0.25,0.5681818181818182,0
1.0357142857142858,1.0357142857142858,0.6111111111111112,0.4722222222222222,6.0,10,0.5555555555555556,37,195.9922480620155,115.7906976744186,143.92248062015506,63.72093023255813,0.4130675526024363,0.16666666666666666,0.48,0.43333333333333335,0.025,0.62,0.3875,0.2,0.68,0.3875,0.0,0.3333333333333333,0.0,0.05454545454545454,0.6545454545454545,0.0,0.0,0.022727272727272728,0.11363636363636363,0.25,0.5681818181818182,0
1.0357142857142858,1.0357142857142858,0.8333333333333334,1.0,2.0,11,0.2222222222222222,35,192.53488372093022,109.87596899224808,157.5581395348837,74.89922480620157,0.3964562569213732,0.025,0.3466666666666667,0.375,0.1,0.64,0.3,0.1875,0.46,0.15,0.0,0.5066666666666667,0.21666666666666667,0.2,0.38181818181818183,0.0,0.0,0.0,0.0,0.25,0.06818181818181818,0
1.0357142857142858,1.0357142857142858,0.8333333333333334,1.0,2.0,11,0.2222222222222222,35,192.53488372093022,109.87596899224808,157.5581395348837,74.89922480620157,0.3964562569213732,0.025,0.3466666666666667,0.375,0.1,0.64,0.3,0.1875,0.46,0.15,0.0,0.5066666666666667,0.21666666666666667,0.2,0.38181818181818183,0.0,0.0,0.0,0.0,0.25,0.06818181818181818,0
1.0357142857142858,1.0357142857142858,0.8333333333333334,1.0,2.0,11,0.2222222222222222,35,192.53488372093022,109.87596899224808,157.5581395348837,74.89922480620157,0.3964562569213732,0.025,0.3466666666666667,0.375,0.1,0.64,0.3,0.1875,0.46,0.15,0.0,0.5066666666666667,0.21666666666666667,0.2,0.38181818181818183,0.0,0.0,0.0,0.0,0.25,0.06818181818181818,0
1.0357142857142858,1.0357142857142858,0.8333333333333334,1.0,2.0,11,0.2222222222222222,35,192.53488372093022,109.87596899224808,157.5581395348837,74.89922480620157,0.3964562569213732,0.025,0.3466666666666667,0.375,0.1,0.64,0.3,0.1875,0.46,0.15,0.0,0.5066666666666667,0.21666666666666667,0.2,0.38181818181818183,0.0,0.0,0.0,0.0,0.25,0.06818181818181818,0
1.0357142857142858,1.0357142857142858,0.8333333333333334,1.0,2.0,11,0.2222222222222222,35,192.53488372093022,109.87596899224808,157.5581395348837,74.89922480620157,0.3964562569213732,0.025,0.3466666666666667,0.375,0.1,0.64,0.3,0.1875,0.46,0.15,0.0,0.5066666666666667,0.21666666666666667,0.2,0.38181818181818183,0.0,0.0,0.0,0.0,0.25,0.06818181818181818,0
1.0357142857142858,1.0,0.0,0.16666666666666666,3.0,4,0.1111111111111111,20,203.11627906976744,252.63565891472868,118.11627906976744,167.63565891472868,0.16500553709856036,0.0,0.0,0.0,0.0,0.5,0.0,0.125,0.4,0.0,0.0,0.0,0.0,0.01818181818181818,0.0,0.0,0.0,0.0,0.0,0.13636363636363635,0.0,0
1.0,1.0,0.0,0.1111111111111111,3.0,4,0.1111111111111111,19,200.2713178294574,252.90697674418604,83.4573643410853,136.09302325581393,0.15725359911406422,0.0,0.0,0.0,0.0125,0.48,0.0,0.1125,0.4,0.0,0.0,0.0,0.0,0.10909090909090909,0.0,0.09090909090909091,0.0,0.06818181818181818,0.0,0.1590909090909091,0.0,0
1.0,1.0,0.0,0.1111111111111111,3.0,4,0.1111111111111111,19,200.2713178294574,252.90697674418604,83.4573643410853,136.09302325581393,0.15725359911406422,0.0,0.0,0.0,0.0125,0.48,0.0,0.1125,0.4,0.0,0.0,0.0,0.0,0.10909090909090909,0.0,0.09090909090909091,0.0,0.06818181818181818,0.0,0.1590909090909091,0.0,0
1.0,1.0,0.0,0.1111111111111111,3.0,4,0.1111111111111111,19,200.2713178294574,252.90697674418604,83.4573643410853,136.09302325581393,0.15725359911406422,0.0,0.0,0.0,0.0125,0.48,0.0,0.1125,0.4,0.0,0.0,0.0,0.0,0.10909090909090909,0.0,0.09090909090909091,0.0,0.06818181818181818,0.0,0.1590909090909091,0.0,0
1.0,1.0,0.0,0.1111111111111111,3.0,4,0.1111111111111111,19,200.2713178294574,252.90697674418604,83.4573643410853,136.09302325581393,0.15725359911406422,0.0,0.0,0.0,0.0125,0.48,0.0,0.1125,0.4,0.0,0.0,0.0,0.0,0.10909090909090909,0.0,0.09090909090909091,0.0,0.06818181818181818,0.0,0.1590909090909091,0.0,0
0.9642857142857143,0.7857142857142857,0.5277777777777778,0.3611111111111111,6.5,7,0.6666666666666666,18,123.76744186046511,111.09302325581395,59.99999999999999,47.32558139534883,0.4706533776301218,0.0,0.32,0.13333333333333333,0.2,0.76,0.175,0.325,0.46,0.4875,0.125,0.36,0.09166666666666666,0.09090909090909091,0.3181818181818182,0.45454545454545453,0.0,0.4090909090909091,0.5681818181818182,0.2727272727272727,0.3409090909090909,0
0.9642857142857143,0.7857142857142857,0.5277777777777778,0.3611111111111111,6.5,7,0.6666666666666666,18,123.76744186046511,111.09302325581395,59.99999999999999,47.32558139534883,0.4706533776301218,0.0,0.32,0.13333333333333333,0.2,0.76,0.175,0.325,0.46,0.4875,0.125,0.36,0.09166666666666666,0.09090909090909091,0.3181818181818182,0.45454545454545453,0.0,0.4090909090909091,0.5681818181818182,0.2727272727272727,0.3409090909090909,0
0.9642857142857143,0.7857142857142857,0.5277777777777778,0.3611111111111111,6.5,7,0.6666666666666666,18,123.76744186046511,111.09302325581395,59.99999999999999,47.32558139534883,0.4706533776301218,0.0,0.32,0.13333333333333333,0.2,0.76,0.175,0.325,0.46,0.4875,0.125,0.36,0.09166666666666666,0.09090909090909091,0.3181818181818182,0.45454545454545453,0.0,0.4090909090909091,0.5681818181818182,0.2727272727272727,0.3409090909090909,0
0.9642857142857143,0.7857142857142857,0.5277777777777778,0.3611111111111111,6.5,7,0.6666666666666666,18,123.76744186046511,111.09302325581395,59.99999999999999,47.32558139534883,0.4706533776301218,0.0,0.32,0.13333333333333333,0.2,0.76,0.175,0.325,0.46,0.4875,0.125,0.36,0.09166666666666666,0.09090909090909091,0.3181818181818182,0.45454545454545453,0.0,0.4090909090909091,0.5681818181818182,0.2727272727272727,0.3409090909090909,0
0.9642857142857143,0.7857142857142857,0.5277777777777778,0.3611111111111111,6.5,7,0.6666666666666666,18,123.76744186046511,111.09302325581395,59.99999999999999,47.32558139534883,0.4706533776301218,0.0,0.32,0.13333333333333333,0.2,0.76,0.175,0.325,0.46,0.4875,0.125,0.36,0.09166666666666666,0.09090909090909091,0.3181818181818182,0.45454545454545453,0.0,0.4090909090909091,0.5681818181818182,0.2727272727272727,0.3409090909090909,0
1.0,0.8571428571428571,0.0,0.1388888888888889,6.0,7,1.0,23,126.96899224806202,189.27906976744188,26.64341085271319,88.95348837209305,0.34994462901439644,0.0,0.0,0.0,0.3,0.44,0.15,0.15,0.72,0.075,0.0,0.0,0.14166666666666666,0.2727272727272727,0.29545454545454547,0.36363636363636365,0.4090909090909091,0.22727272727272727,0.09090909090909091,0.22727272727272727,0.18181818181818182,0
0.9642857142857143,0.8571428571428571,0.0,0.1388888888888889,6.0,7,1.0,25,119.28682170542636,204.84496124031008,10.798449612403104,96.35658914728683,0.3687707641196013,0.0,0.0,0.0,0.35,0.4,0.2375,0.25,0.62,0.0625,0.0,0.0,0.19166666666666668,0.3409090909090909,0.38636363636363635,0.38636363636363635,0.4318181818181818,0.3181818181818182,0.09090909090909091,0.3181818181818182,0.09090909090909091,0
0.9642857142857143,0.8571428571428571,0.0,0.1388888888888889,6.0,7,1.0,25,119.28682170542636,204.84496124031008,10.798449612403104,96.35658914728683,0.3687707641196013,0.0,0.0,0.0,0.35,0.4,0.2375,0.25,0.62,0.0625,0.0,0.0,0.19166666666666668,0.3409090909090909,0.38636363636363635,0.38636363636363635,0.4318181818181818,0.3181818181818182,0.09090909090909091,0.3181818181818182,0.09090909090909091,0
0.9642857142857143,0.8571428571428571,0.0,0.1388888888888889,6.0,7,1.0,25,119.28682170542636,204.84496124031008,10.798449612403104,96.35658914728683,0.3687707641196013,0.0,0.0,0.0,0.35,0.4,0.2375,0.25,0.62,0.0625,0.0,0.0,0.19166666666666668,0.3409090909090909,0.38636363636363635,0.38636363636363635,0.4318181818181818,0.3181818181818182,0.09090909090909091,0.3181818181818182,0.09090909090909091,0
0.9642857142857143,0.8571428571428571,0.0,0.1388888888888889,6.0,7,1.0,25,119.28682170542636,204.84496124031008,10.798449612403104,96.35658914728683,0.3687707641196013,0.0,0.0,0.0,0.35,0.4,0.2375,0.25,0.62,0.0625,0.0,0.0,0.19166666666666668,0.3409090909090909,0.38636363636363635,0.38636363636363635,0.4318181818181818,0.3181818181818182,0.09090909090909091,0.3181818181818182,0.09090909090909091,0
0.9642857142857143,0.8214285714285714,0.0,0.1388888888888889,6.0,7,1.0,25,119.28682170542636,204.84496124031008,10.798449612403104,96.35658914728683,0.3687707641196013,0.0,0.0,0.0,0.35,0.4,0.2375,0.25,0.62,0.0625,0.0,0.0,0.19166666666666668,0.3409090909090909,0.38636363636363635,0.38636363636363635,0.4318181818181818,0.3181818181818182,0.09090909090909091,0.3181818181818182,0.09090909090909091,0
1.0357142857142858,1.0357142857142858,0.6666666666666666,0.6666666666666666,1.5,6,0.375,28,157.03875968992247,116.6279069767442,131.4108527131783,91.00000000000001,0.4717607973421927,0.008333333333333333,0.37333333333333335,0.4,0.675,0.36,0.275,0.0875,0.36,0.325,0.11666666666666667,0.5333333333333333,0.44166666666666665,0.6818181818181818,0.2727272727272727,0.6136363636363636,0.3181818181818182,0.1590909090909091,0.0,0.0,0.6818181818181818,0
1.0357142857142858,1.0357142857142858,0.6666666666666666,0.6666666666666666,1.5,6,0.375,28,157.03875968992247,116.6279069767442,131.4108527131783,91.00000000000001,0.4717607973421927,0.008333333333333333,0.37333333333333335,0.4,0.675,0.36,0.275,0.0875,0.36,0.325,0.11666666666666667,0.5333333333333333,0.44166666666666665,0.6818181818181818,0.2727272727272727,0.6136363636363636,0.3181818181818182,0.1590909090909091,0.0,0.0,0.6818181818181818,0
1.0357142857142858,1.0357142857142858,0.6666666666666666,0.6666666666666666,1.5,6,0.375,28,157.03875968992247,116.6279069767442,131.4108527131783,91.00000000000001,0.4717607973421927,0.008333333333333333,0.37333333333333335,0.4,0.675,0.36,0.275,0.0875,0.36,0.325,0.11666666666666667,0.5333333333333333,0.44166666666666665,0.6818181818181818,0.2727272727272727,0.6136363636363636,0.3181818181818182,0.1590909090909091,0.0,0.0,0.6818181818181818,0
1.0357142857142858,1.0357142857142858,0.6666666666666666,0.6666666666666666,1.5,6,0.375,28,157.03875968992247,116.6279069767442,131.4108527131783,91.00000000000001,0.4717607973421927,0.008333333333333333,0.37333333333333335,0.4,0.675,0.36,0.275,0.0875,0.36,0.325,0.11666666666666667,0.5333333333333333,0.44166666666666665,0.6818181818181818,0.2727272727272727,0.6136363636363636,0.3181818181818182,0.1590909090909091,0.0,0.0,0.6818181818181818,0
1.0357142857142858,1.0357142857142858,0.6666666666666666,0.6666666666666666,1.5,6,0.375,28,157.03875968992247,116.6279069767442,131.4108527131783,91.00000000000001,0.4717607973421927,0.008333333333333333,0.37333333333333335,0.4,0.675,0.36,0.275,0.0875,0.36,0.325,0.11666666666666667,0.5333333333333333,0.44166666666666665,0.6818181818181818,0.2727272727272727,0.6136363636363636,0.3181818181818182,0.1590909090909091,0.0,0.0,0.6818181818181818,0
1.0357142857142858,1.0357142857142858,0.5,1.0,1.0,6,0.25,17,167.63565891472868,97.77519379844962,107.91472868217053,38.05426356589148,0.41971207087486156,0.25833333333333336,0.37333333333333335,0.4,0.125,0.44,0.275,0.0,0.4,0.4375,0.0,0.26666666666666666,0.075,0.2727272727272727,0.0,0.0,0.25,0.0,0.38636363636363635,0.0,0.25,0
1.0357142857142858,1.0357142857142858,0.5,1.0,1.0,6,0.25,17,167.63565891472868,97.77519379844962,107.91472868217053,38.05426356589148,0.41971207087486156,0.25833333333333336,0.37333333333333335,0.4,0.125,0.44,0.275,0.0,0.4,0.4375,0.0,0.26666666666666666,0.075,0.2727272727272727,0.0,0.0,0.25,0.0,0.38636363636363635,0.0,0.25,0
1.0357142857142858,1.0357142857142858,0.5,1.0,1.0,6,0.25,17,167.63565891472868,97.77519379844962,107.91472868217053,38.05426356589148,0.41971207087486156,0.25833333333333336,0.37333333333333335,0.4,0.125,0.44,0.275,0.0,0.4,0.4375,0.0,0.26666666666666666,0.075,0.2727272727272727,0.0,0.0,0.25,0.0,0.38636363636363635,0.0,0.25,0
1.0357142857142858,1.0357142857142858,0.5,1.0,1.0,6,0.25,17,167.63565891472868,97.77519379844962,107.91472868217053,38.05426356589148,0.41971207087486156,0.25833333333333336,0.37333333333333335,0.4,0.125,0.44,0.275,0.0,0.4,0.4375,0.0,0.26666666666666666,0.075,0.2727272727272727,0.0,0.0,0.25,0.0,0.38636363636363635,0.0,0.25,0
1.0357142857142858,1.0357142857142858,0.5,1.0,1.0,6,0.25,17,167.63565891472868,97.77519379844962,107.91472868217053,38.05426356589148,0.41971207087486156,0.25833333333333336,0.37333333333333335,0.4,0.125,0.44,0.275,0.0,0.4,0.4375,0.0,0.26666666666666666,0.075,0.2727272727272727,0.0,0.0,0.25,0.0,0.38636363636363635,0.0,0.25,0
1.0357142857142858,0.8214285714285714,0.16666666666666666,0.3333333333333333,4.0,6,0.5,37,182.14728682170542,108.31007751937985,83.1937984496124,9.356589147286826,0.42081949058693247,0.0,0.13333333333333333,0.20833333333333334,0.0,0.4,0.4875,0.225,0.24,0.15,0.5666666666666667,0.48,0.39166666666666666,0.0,0.6363636363636364,0.0,0.38636363636363635,0.0,0.22727272727272727,0.13636363636363635,0.0,0
1.0357142857142858,0.8214285714285714,0.16666666666666666,0.3333333333333333,4.0,6,0.5,37,182.14728682170542,108.31007751937985,83.1937984496124,9.356589147286826,0.42081949058693247,0.0,0.13333333333333333,0.20833333333333334,0.0,0.4,0.4875,0.225,0.24,0.15,0.5666666666666667,0.48,0.39166666666666666,0.0,0.6363636363636364,0.0,0.38636363636363635,0.0,0.22727272727272727,0.13636363636363635,0.0,0
1.0357142857142858,0.8214285714285714,0.16666666666666666,0.3333333333333333,4.0,6,0.5,37,182.14728682170542,108.31007751937985,83.1937984496124,9.356589147286826,0.42081949058693247,0.0,0.13333333333333333,0.20833333333333334,0.0,0.4,0.4875,0.225,0.24,0.15,0.5666666666666667,0.48,0.39166666666666666,0.0,0.6363636363636364,0.0,0.38636363636363635,0.0,0.22727272727272727,0.13636363636363635,0.0,0
1.0357142857142858,0.8214285714285714,0.16666666666666666,0.3333333333333333,4.0,6,0.5,37,182.14728682170542,108.31007751937985,83.1937984496124,9.356589147286826,0.42081949058693247,0.0,0.13333333333333333,0.20833333333333334,0.0,0.4,0.4875,0.225,0.24,0.15,0.5666666666666667,0.48,0.39166666666666666,0.0,0.6363636363636364,0.0,0.38636363636363635,0.0,0.22727272727272727,0.13636363636363635,0.0,0
1.0357142857142858,0.8214285714285714,0.16666666666666666,0.3333333333333333,4.0,6,0.5,37,182.14728682170542,108.31007751937985,83.1937984496124,9.356589147286826,0.42081949058693247,0.0,0.13333333333333333,0.20833333333333334,0.0,0.4,0.4875,0.225,0.24,0.15,0.5666666666666667,0.48,0.39166666666666666,0.0,0.6363636363636364,0.0,0.38636363636363635,0.0,0.22727272727272727,0.13636363636363635,0.0,0
1.0357142857142858,1.0357142857142858,0.20833333333333334,0.75,4.0,7,0.5,26,164.1937984496124,104.18604651162791,104.63565891472867,44.627906976744185,0.42524916943521596,0.0,0.013333333333333334,0.05,0.0,0.56,0.35,0.2125,0.56,0.225,0.4,0.48,0.175,0.0,0.25,0.0,0.29545454545454547,0.0,0.18181818181818182,0.25,0.0,0
1.0357142857142858,1.0357142857142858,0.20833333333333334,0.75,4.0,7,0.5,26,164.1937984496124,104.18604651162791,104.63565891472867,44.627906976744185,0.42524916943521596,0.0,0.013333333333333334,0.05,0.0,0.56,0.35,0.2125,0.56,0.225,0.4,0.48,0.175,0.0,0.25,0.0,0.29545454545454547,0.0,0.18181818181818182,0.25,0.0,0
1.0357142857142858,1.0357142857142858,0.20833333333333334,0.75,4.0,7,0.5,26,164.1937984496124,104.18604651162791,104.63565891472867,44.627906976744185,0.42524916943521596,0.0,0.013333333333333334,0.05,0.0,0.56,0.35,0.2125,0.56,0.225,0.4,0.48,0.175,0.0,0.25,0.0,0.29545454545454547,0.0,0.18181818181818182,0.25,0.0,0
1.0357142857142858,1.0357142857142858,0.20833333333333334,0.75,4.0,7,0.5,26,164.1937984496124,104.18604651162791,104.63565891472867,44.627906976744185,0.42524916943521596,0.0,0.013333333333333334,0.05,0.0,0.56,0.35,0.2125,0.56,0.225,0.4,0.48,0.175,0.0,0.25,0.0,0.29545454545454547,0.0,0.18181818181818182,0.25,0.0,0
1.0357142857142858,1.0357142857142858,0.20833333333333334,0.75,4.0,7,0.5,26,164.1937984496124,104.18604651162791,104.63565891472867,44.627906976744185,0.42524916943521596,0.0,0.013333333333333334,0.05,0.0,0.56,0.35,0.2125,0.56,0.225,0.4,0.48,0.175,0.0,0.25,0.0,0.29545454545454547,0.0,0.18181818181818182,0.25,0.0,0
1.0357142857142858,1.0357142857142858,0.5833333333333334,0.6666666666666666,2.5,7,0.375,26,200.65891472868216,157.2713178294574,186.44961240310076,143.06201550387598,0.2823920265780731,0.05,0.4666666666666667,0.475,0.0,0.46,0.2625,0.1625,0.48,0.0,0.0,0.4666666666666667,0.23333333333333334,0.0,0.18181818181818182,0.0,0.4318181818181818,0.4090909090909091,0.022727272727272728,0.0,0.022727272727272728,0
1.0357142857142858,1.0357142857142858,0.5833333333333334,0.6666666666666666,2.5,7,0.375,26,200.65891472868216,157.2713178294574,186.44961240310076,143.06201550387598,0.2823920265780731,0.05,0.4666666666666667,0.475,0.0,0.46,0.2625,0.1625,0.48,0.0,0.0,0.4666666666666667,0.23333333333333334,0.0,0.18181818181818182,0.0,0.4318181818181818,0.4090909090909091,0.022727272727272728,0.0,0.022727272727272728,0
1.0357142857142858,1.0357142857142858,0.5833333333333334,0.6666666666666666,2.5,7,0.375,26,200.65891472868216,157.2713178294574,186.44961240310076,143.06201550387598,0.2823920265780731,0.05,0.4666666666666667,0.475,0.0,0.46,0.2625,0.1625,0.48,0.0,0.0,0.4666666666666667,0.23333333333333334,0.0,0.18181818181818182,0.0,0.4318181818181818,0.4090909090909091,0.022727272727272728,0.0,0.022727272727272728,0
1.0357142857142858,1.0357142857142858,0.5833333333333334,0.6666666666666666,2.5,7,0.375,26,200.65891472868216,157.2713178294574,186.44961240310076,143.06201550387598,0.2823920265780731,0.05,0.4666666666666667,0.475,0.0,0.46,0.2625,0.1625,0.48,0.0,0.0,0.4666666666666667,0.23333333333333334,0.0,0.18181818181818182,0.0,0.4318181818181818,0.4090909090909091,0.022727272727272728,0.0,0.022727272727272728,0
1.0357142857142858,1.0357142857142858,0.5833333333333334,0.6666666666666666,2.5,7,0.375,26,200.65891472868216,157.2713178294574,186.44961240310076,143.06201550387598,0.2823920265780731,0.05,0.4666666666666667,0.475,0.0,0.46,0.2625,0.1625,0.48,0.0,0.0,0.4666666666666667,0.23333333333333334,0.0,0.18181818181818182,0.0,0.4318181818181818,0.4090909090909091,0.022727272727272728,0.0,0.022727272727272728,0
1.0,0.8571428571428571,0.0,0.6666666666666666,2.0,6,0.3333333333333333,33,207.71317829457362,134.24031007751938,112.94573643410851,39.47286821705427,0.29457364341085274,0.0,0.05333333333333334,0.3333333333333333,0.0,0.3,0.4625,0.0,0.54,0.2625,0.1,0.49333333333333335,0.275,0.0,0.7954545454545454,0.0,0.29545454545454547,0.0,0.6818181818181818,0.0,0.022727272727272728,0
1.0,0.8571428571428571,0.0,0.6666666666666666,2.0,6,0.3333333333333333,33,207.71317829457362,134.24031007751938,112.94573643410851,39.47286821705427,0.29457364341085274,0.0,0.05333333333333334,0.3333333333333333,0.0,0.3,0.4625,0.0,0.54,0.2625,0.1,0.49333333333333335,0.275,0.0,0.7954545454545454,0.0,0.29545454545454547,0.0,0.6818181818181818,0.0,0.022727272727272728,0
1.0,0.8571428571428571,0.0,0.6666666666666666,2.0,6,0.3333333333333333,33,207.71317829457362,134.24031007751938,112.94573643410851,39.47286821705427,0.29457364341085274,0.0,0.05333333333333334,0.3333333333333333,0.0,0.3,0.4625,0.0,0.54,0.2625,0.1,0.49333333333333335,0.275,0.0,0.7954545454545454,0.0,0.29545454545454547,0.0,0.6818181818181818,0.0,0.022727272727272728,0
1.0,0.8571428571428571,0.0,0.6666666666666666,2.0,6,0.3333333333333333,33,207.71317829457362,134.24031007751938,112.94573643410851,39.47286821705427,0.29457364341085274,0.0,0.05333333333333334,0.3333333333333333,0.0,0.3,0.4625,0.0,0.54,0.2625,0.1,0.49333333333333335,0.275,0.0,0.7954545454545454,0.0,0.29545454545454547,0.0,0.6818181818181818,0.0,0.022727272727272728,0
0.8214285714285714,0.7857142857142857,0.0,0.16666666666666666,2.0,7,0.3333333333333333,33,156.10077519379846,153.7829457364341,26.031007751937977,23.713178294573623,0.3654485049833887,0.275,0.18666666666666668,0.5166666666666667,0.475,0.34,0.3625,0.25,0.22,0.0375,0.25833333333333336,0.17333333333333334,0.11666666666666667,0.7954545454545454,0.5454545454545454,0.29545454545454547,0.22727272727272727,0.6818181818181818,0.13636363636363635,0.022727272727272728,0.09090909090909091,0
0.8214285714285714,0.7857142857142857,0.0,0.16666666666666666,2.0,7,0.3333333333333333,33,156.10077519379846,153.7829457364341,26.031007751937977,23.713178294573623,0.3654485049833887,0.275,0.18666666666666668,0.5166666666666667,0.475,0.34,0.3625,0.25,0.22,0.0375,0.25833333333333336,0.17333333333333334,0.11666666666666667,0.7954545454545454,0.5454545454545454,0.29545454545454547,0.22727272727272727,0.6818181818181818,0.13636363636363635,0.022727272727272728,0.09090909090909091,0
0.8214285714285714,0.7857142857142857,0.0,0.16666666666666666,2.0,7,0.3333333333333333,33,156.10077519379846,153.7829457364341,26.031007751937977,23.713178294573623,0.3654485049833887,0.275,0.18666666666666668,0.5166666666666667,0.475,0.34,0.3625,0.25,0.22,0.0375,0.25833333333333336,0.17333333333333334,0.11666666666666667,0.7954545454545454,0.5454545454545454,0.29545454545454547,0.22727272727272727,0.6818181818181818,0.13636363636363635,0.022727272727272728,0.09090909090909091,0
0.8214285714285714,0.7857142857142857,0.0,0.16666666666666666,2.0,7,0.3333333333333333,33,156.10077519379846,153.7829457364341,26.031007751937977,23.713178294573623,0.3654485049833887,0.275,0.18666666666666668,0.5166666666666667,0.475,0.34,0.3625,0.25,0.22,0.0375,0.25833333333333336,0.17333333333333334,0.11666666666666667,0.7954545454545454,0.5454545454545454,0.29545454545454547,0.22727272727272727,0.6818181818181818,0.13636363636363635,0.022727272727272728,0.09090909090909091,0
0.8214285714285714,0.7857142857142857,0.0,0.16666666666666666,2.0,7,0.3333333333333333,33,156.10077519379846,153.7829457364341,26.031007751937977,23.713178294573623,0.3654485049833887,0.275,0.18666666666666668,0.5166666666666667,0.475,0.34,0.3625,0.25,0.22,0.0375,0.25833333333333336,0.17333333333333334,0.11666666666666667,0.7954545454545454,0.5454545454545454,0.29545454545454547,0.22727272727272727,0.6818181818181818,0.13636363636363635,0.022727272727272728,0.09090909090909091,0
1.0357142857142858,0.8571428571428571,0.0,0.6666666666666666,2.0,6,0.3333333333333333,28,205.93798449612405,136.06976744186048,92.77519379844962,22.906976744186053,0.3167220376522702,0.21666666666666667,0.12,0.041666666666666664,0.15,0.32,0.4125,0.0,0.54,0.2375,0.0,0.4,0.0,0.0,0.7045454545454546,0.3409090909090909,0.13636363636363635,0.0,0.5,0.022727272727272728,0.0,0
1.0357142857142858,0.8571428571428571,0.0,0.6666666666666666,2.0,6,0.3333333333333333,28,205.93798449612405,136.06976744186048,92.77519379844962,22.906976744186053,0.3167220376522702,0.21666666666666667,0.12,0.041666666666666664,0.15,0.32,0.4125,0.0,0.54,0.2375,0.0,0.4,0.0,0.0,0.7045454545454546,0.3409090909090909,0.13636363636363635,0.0,0.5,0.022727272727272728,0.0,0
1.0357142857142858,0.8571428571428571,0.0,0.6666666666666666,2.0,6,0.3333333333333333,28,205.93798449612405,136.06976744186048,92.77519379844962,22.906976744186053,0.3167220376522702,0.21666666666666667,0.12,0.041666666666666664,0.15,0.32,0.4125,0.0,0.54,0.2375,0.0,0.4,0.0,0.0,0.7045454545454546,0.3409090909090909,0.13636363636363635,0.0,0.5,0.022727272727272728,0.0,0
1.0357142857142858,0.8571428571428571,0.0,0.6666666666666666,2.0,6,0.3333333333333333,28,205.93798449612405,136.06976744186048,92.77519379844962,22.906976744186053,0.3167220376522702,0.21666666666666667,0.12,0.041666666666666664,0.15,0.32,0.4125,0.0,0.54,0.2375,0.0,0.4,0.0,0.0,0.7045454545454546,0.3409090909090909,0.13636363636363635,0.0,0.5,0.022727272727272728,0.0,0
1.0,1.0,0.3611111111111111,0.4722222222222222,6.0,7,0.625,27,209.15503875968992,102.51937984496124,177.66666666666666,71.03100775193798,0.33554817275747506,0.0,0.18666666666666668,0.16666666666666666,0.0,0.5,0.475,0.0,0.44,0.175,0.016666666666666666,0.52,0.39166666666666666,0.0,0.6363636363636364,0.0,0.13636363636363635,0.0,0.38636363636363635,0.0,0.0,0
1.0,1.0,0.3611111111111111,0.4722222222222222,6.0,7,0.625,27,209.15503875968992,102.51937984496124,177.66666666666666,71.03100775193798,0.33554817275747506,0.0,0.18666666666666668,0.16666666666666666,0.0,0.5,0.475,0.0,0.44,0.175,0.016666666666666666,0.52,0.39166666666666666,0.0,0.6363636363636364,0.0,0.13636363636363635,0.0,0.38636363636363635,0.0,0.0,0
1.0,1.0,0.3611111111111111,0.4722222222222222,6.0,7,0.625,27,209.15503875968992,102.51937984496124,177.66666666666666,71.03100775193798,0.33554817275747506,0.0,0.18666666666666668,0.16666666666666666,0.0,0.5,0.475,0.0,0.44,0.175,0.016666666666666666,0.52,0.39166666666666666,0.0,0.6363636363636364,0.0,0.13636363636363635,0.0,0.38636363636363635,0.0,0.0,0
1.0,1.0,0.3611111111111111,0.4722222222222222,6.0,7,0.625,27,209.15503875968992,102.51937984496124,177.66666666666666,71.03100775193798,0.33554817275747506,0.0,0.18666666666666668,0.16666666666666666,0.0,0.5,0.475,0.0,0.44,0.175,0.016666666666666666,0.52,0.39166666666666666,0.0,0.6363636363636364,0.0,0.13636363636363635,0.0,0.38636363636363635,0.0,0.0,0
1.0,1.0,0.3611111111111111,0.4722222222222222,6.0,7,0.625,27,209.15503875968992,102.51937984496124,177.66666666666666,71.03100775193798,0.33554817275747506,0.0,0.18666666666666668,0.16666666666666666,0.0,0.5,0.475,0.0,0.44,0.175,0.016666666666666666,0.52,0.39166666666666666,0.0,0.6363636363636364,0.0,0.13636363636363635,0.0,0.38636363636363635,0.0,0.0,0
1.0357142857142858,1.0,0.0,0.16666666666666666,2.0,4,0.125,37,214.41085271317831,170.0,119.57364341085274,75.16279069767442,0.26688815060908083,0.0,0.0,0.0,0.0,0.46,0.0,0.0,0.42,0.2125,0.0,0.0,0.4583333333333333,0.0,0.11363636363636363,0.0,0.11363636363636363,0.0,0.09090909090909091,0.0,0.25,1
1.0357142857142858,1.0357142857142858,0.05555555555555555,0.7222222222222222,6.0,6,0.625,23,173.42635658914728,85.04651162790698,112.49612403100774,24.116279069767444,0.4318936877076412,0.0,0.18666666666666668,0.18333333333333332,0.025,0.38,0.4125,0.2375,0.4,0.4,0.43333333333333335,0.4266666666666667,0.2833333333333333,0.20454545454545456,0.4772727272727273,0.20454545454545456,0.22727272727272727,0.18181818181818182,0.45454545454545453,0.3409090909090909,0.0,0
1.0357142857142858,1.0357142857142858,0.05555555555555555,0.7222222222222222,6.0,6,0.625,23,173.42635658914728,85.04651162790698,112.49612403100774,24.116279069767444,0.4318936877076412,0.0,0.18666666666666668,0.18333333333333332,0.025,0.38,0.4125,0.2375,0.4,0.4,0.43333333333333335,0.4266666666666667,0.2833333333333333,0.20454545454545456,0.4772727272727273,0.20454545454545456,0.22727272727272727,0.18181818181818182,0.45454545454545453,0.3409090909090909,0.0,0
1.0357142857142858,1.0357142857142858,0.05555555555555555,0.7222222222222222,6.0,6,0.625,23,173.42635658914728,85.04651162790698,112.49612403100774,24.116279069767444,0.4318936877076412,0.0,0.18666666666666668,0.18333333333333332,0.025,0.38,0.4125,0.2375,0.4,0.4,0.43333333333333335,0.4266666666666667,0.2833333333333333,0.20454545454545456,0.4772727272727273,0.20454545454545456,0.22727272727272727,0.18181818181818182,0.45454545454545453,0.3409090909090909,0.0,0
1.0357142857142858,1.0357142857142858,0.05555555555555555,0.7222222222222222,6.0,6,0.625,23,173.42635658914728,85.04651162790698,112.49612403100774,24.116279069767444,0.4318936877076412,0.0,0.18666666666666668,0.18333333333333332,0.025,0.38,0.4125,0.2375,0.4,0.4,0.43333333333333335,0.4266666666666667,0.2833333333333333,0.20454545454545456,0.4772727272727273,0.20454545454545456,0.22727272727272727,0.18181818181818182,0.45454545454545453,0.3409090909090909,0.0,0
1.0357142857142858,1.0357142857142858,0.5,1.0,1.0,8,0.25,12,186.47286821705427,97.08527131782945,155.8217054263566,66.43410852713177,0.4152823920265781,0.0,0.22666666666666666,0.4166666666666667,0.0,0.34,0.2625,0.2625,0.5,0.375,0.43333333333333335,0.36,0.275,0.0,0.0,0.0,0.20454545454545456,0.022727272727272728,0.4318181818181818,0.22727272727272727,0.0,0
1.0357142857142858,1.0357142857142858,0.5,1.0,1.0,8,0.25,12,186.47286821705427,97.08527131782945,155.8217054263566,66.43410852713177,0.4152823920265781,0.0,0.22666666666666666,0.4166666666666667,0.0,0.34,0.2625,0.2625,0.5,0.375,0.43333333333333335,0.36,0.275,0.0,0.0,0.0,0.20454545454545456,0.022727272727272728,0.4318181818181818,0.22727272727272727,0.0,0
1.0357142857142858,1.0357142857142858,0.5,1.0,1.0,8,0.25,12,186.47286821705427,97.08527131782945,155.8217054263566,66.43410852713177,0.4152823920265781,0.0,0.22666666666666666,0.4166666666666667,0.0,0.34,0.2625,0.2625,0.5,0.375,0.43333333333333335,0.36,0.275,0.0,0.0,0.0,0.20454545454545456,0.022727272727272728,0.4318181818181818,0.22727272727272727,0.0,0
1.0357142857142858,1.0357142857142858,0.5,1.0,1.0,8,0.25,12,186.47286821705427,97.08527131782945,155.8217054263566,66.43410852713177,0.4152823920265781,0.0,0.22666666666666666,0.4166666666666667,0.0,0.34,0.2625,0.2625,0.5,0.375,0.43333333333333335,0.36,0.275,0.0,0.0,0.0,0.20454545454545456,0.022727272727272728,0.4318181818181818,0.22727272727272727,0.0,0
1.0357142857142858,1.0357142857142858,0.5,1.0,1.0,8,0.25,12,186.47286821705427,97.08527131782945,155.8217054263566,66.43410852713177,0.4152823920265781,0.0,0.22666666666666666,0.4166666666666667,0.0,0.34,0.2625,0.2625,0.5,0.375,0.43333333333333335,0.36,0.275,0.0,0.0,0.0,0.20454545454545456,0.022727272727272728,0.4318181818181818,0.22727272727272727,0.0,0
1.0357142857142858,1.0357142857142858,0.5833333333333334,1.0,2.0,7,0.25,11,197.4108527131783,120.83720930232558,182.73643410852713,106.16279069767441,0.35105204872646734,0.016666666666666666,0.38666666666666666,0.45,0.0,0.36,0.0625,0.0375,0.5,0.3125,0.26666666666666666,0.6133333333333333,0.36666666666666664,0.0,0.0,0.0,0.0,0.0,0.6590909090909091,0.0,0.0,0
1.0357142857142858,1.0357142857142858,0.5833333333333334,1.0,2.0,7,0.25,11,197.4108527131783,120.83720930232558,182.73643410852713,106.16279069767441,0.35105204872646734,0.016666666666666666,0.38666666666666666,0.45,0.0,0.36,0.0625,0.0375,0.5,0.3125,0.26666666666666666,0.6133333333333333,0.36666666666666664,0.0,0.0,0.0,0.0,0.0,0.6590909090909091,0.0,0.0,0
1.0357142857142858,1.0357142857142858,0.5833333333333334,1.0,2.0,7,0.25,11,197.4108527131783,120.83720930232558,182.73643410852713,106.16279069767441,0.35105204872646734,0.016666666666666666,0.38666666666666666,0.45,0.0,0.36,0.0625,0.0375,0.5,0.3125,0.26666666666666666,0.6133333333333333,0.36666666666666664,0.0,0.0,0.0,0.0,0.0,0.6590909090909091,0.0,0.0,0
1.0357142857142858,1.0357142857142858,0.5833333333333334,1.0,2.0,7,0.25,11,197.4108527131783,120.83720930232558,182.73643410852713,106.16279069767441,0.35105204872646734,0.016666666666666666,0.38666666666666666,0.45,0.0,0.36,0.0625,0.0375,0.5,0.3125,0.26666666666666666,0.6133333333333333,0.36666666666666664,0.0,0.0,0.0,0.0,0.0,0.6590909090909091,0.0,0.0,0
1.0357142857142858,1.0357142857142858,0.5833333333333334,1.0,2.0,7,0.25,11,197.4108527131783,120.83720930232558,182.73643410852713,106.16279069767441,0.35105204872646734,0.016666666666666666,0.38666666666666666,0.45,0.0,0.36,0.0625,0.0375,0.5,0.3125,0.26666666666666666,0.6133333333333333,0.36666666666666664,0.0,0.0,0.0,0.0,0.0,0.6590909090909091,0.0,0.0,0
1.0357142857142858,1.0357142857142858,0.4444444444444444,0.8333333333333334,3.0,6,0.375,19,191.41860465116278,115.7751937984496,141.44186046511626,65.79844961240309,0.4318936877076412,0.0,0.36,0.48333333333333334,0.6,0.46,0.275,0.075,0.5,0.3375,0.016666666666666666,0.6933333333333334,0.4666666666666667,0.6818181818181818,0.18181818181818182,0.6590909090909091,0.4090909090909091,0.22727272727272727,0.0,0.0,0.7045454545454546,0
1.0357142857142858,1.0357142857142858,0.4444444444444444,0.8333333333333334,3.0,6,0.375,19,191.41860465116278,115.7751937984496,141.44186046511626,65.79844961240309,0.4318936877076412,0.0,0.36,0.48333333333333334,0.6,0.46,0.275,0.075,0.5,0.3375,0.016666666666666666,0.6933333333333334,0.4666666666666667,0.6818181818181818,0.18181818181818182,0.6590909090909091,0.4090909090909091,0.22727272727272727,0.0,0.0,0.7045454545454546,0
1.0357142857142858,1.0357142857142858,0.4444444444444444,0.8333333333333334,3.0,6,0.375,19,191.41860465116278,115.7751937984496,141.44186046511626,65.79844961240309,0.4318936877076412,0.0,0.36,0.48333333333333334,0.6,0.46,0.275,0.075,0.5,0.3375,0.016666666666666666,0.6933333333333334,0.4666666666666667,0.6818181818181818,0.18181818181818182,0.6590909090909091,0.4090909090909091,0.22727272727272727,0.0,0.0,0.7045454545454546,0
1.0357142857142858,1.0357142857142858,0.4444444444444444,0.8333333333333334,3.0,6,0.375,19,191.41860465116278,115.7751937984496,141.44186046511626,65.79844961240309,0.4318936877076412,0.0,0.36,0.48333333333333334,0.6,0.46,0.275,0.075,0.5,0.3375,0.016666666666666666,0.6933333333333334,0.4666666666666667,0.6818181818181818,0.18181818181818182,0.6590909090909091,0.4090909090909091,0.22727272727272727,0.0,0.0,0.7045454545454546,0
1.0357142857142858,1.0357142857142858,0.4444444444444444,0.8333333333333334,3.0,6,0.375,19,191.41860465116278,115.7751937984496,141.44186046511626,65.79844961240309,0.4318936877076412,0.0,0.36,0.48333333333333334,0.6,0.46,0.275,0.075,0.5,0.3375,0.016666666666666666,0.6933333333333334,0.4666666666666667,0.6818181818181818,0.18181818181818182,0.6590909090909091,0.4090909090909091,0.22727272727272727,0.0,0.0,0.7045454545454546,0
1.0357142857142858,1.0357142857142858,0.3888888888888889,0.5833333333333334,6.0,7,0.625,17,156.7286821705426,94.01550387596899,129.86821705426354,67.15503875968992,0.48283499446290146,0.041666666666666664,0.6133333333333333,0.5833333333333334,0.2125,0.44,0.3375,0.1875,0.56,0.6125,0.016666666666666666,0.7466666666666667,0.6333333333333333,0.18181818181818182,0.7045454545454546,0.20454545454545456,0.0,0.18181818181818182,0.6818181818181818,0.1590909090909091,0.25,0
1.0357142857142858,1.0357142857142858,0.3888888888888889,0.5833333333333334,6.0,7,0.625,17,156.7286821705426,94.01550387596899,129.86821705426354,67.15503875968992,0.48283499446290146,0.041666666666666664,0.6133333333333333,0.5833333333333334,0.2125,0.44,0.3375,0.1875,0.56,0.6125,0.016666666666666666,0.7466666666666667,0.6333333333333333,0.18181818181818182,0.7045454545454546,0.20454545454545456,0.0,0.18181818181818182,0.6818181818181818,0.1590909090909091,0.25,0
1.0357142857142858,1.0357142857142858,0.3888888888888889,0.5833333333333334,6.0,7,0.625,17,156.7286821705426,94.01550387596899,129.86821705426354,67.15503875968992,0.48283499446290146,0.041666666666666664,0.6133333333333333,0.5833333333333334,0.2125,0.44,0.3375,0.1875,0.56,0.6125,0.016666666666666666,0.7466666666666667,0.6333333333333333,0.18181818181818182,0.7045454545454546,0.20454545454545456,0.0,0.18181818181818182,0.6818181818181818,0.1590909090909091,0.25,0
1.0357142857142858,1.0357142857142858,0.3888888888888889,0.5833333333333334,6.0,7,0.625,17,156.7286821705426,94.01550387596899,129.86821705426354,67.15503875968992,0.48283499446290146,0.041666666666666664,0.6133333333333333,0.5833333333333334,0.2125,0.44,0.3375,0.1875,0.56,0.6125,0.016666666666666666,0.7466666666666667,0.6333333333333333,0.18181818181818182,0.7045454545454546,0.20454545454545456,0.0,0.18181818181818182,0.6818181818181818,0.1590909090909091,0.25,0
1.0357142857142858,1.0357142857142858,0.3888888888888889,0.5833333333333334,6.0,7,0.625,17,156.7286821705426,94.01550387596899,129.86821705426354,67.15503875968992,0.48283499446290146,0.041666666666666664,0.6133333333333333,0.5833333333333334,0.2125,0.44,0.3375,0.1875,0.56,0.6125,0.016666666666666666,0.7466666666666667,0.6333333333333333,0.18181818181818182,0.7045454545454546,0.20454545454545456,0.0,0.18181818181818182,0.6818181818181818,0.1590909090909091,0.25,0
1.0357142857142858,1.0357142857142858,0.0,0.16666666666666666,3.0,6,0.375,19,203.3798449612403,100.95348837209302,92.86821705426357,-9.558139534883722,0.34994462901439644,0.0,0.0,0.0,0.0,0.48,0.2625,0.0,0.5,0.275,0.0,0.0,0.0,0.0,0.3409090909090909,0.0,0.3181818181818182,0.0,0.29545454545454547,0.0,0.38636363636363635,1
1.0357142857142858,1.0357142857142858,0.0,0.16666666666666666,6.0,10,1.0,25,182.08527131782944,139.57364341085272,88.5736434108527,46.06201550387598,0.3654485049833887,0.0,0.0,0.0,0.05,0.68,0.175,0.05,0.64,0.1625,0.0,0.0,0.0,0.09090909090909091,0.18181818181818182,0.09090909090909091,0.3181818181818182,0.045454545454545456,0.18181818181818182,0.11363636363636363,0.29545454545454547,0
1.0357142857142858,1.0357142857142858,0.0,0.16666666666666666,6.0,11,1.0,24,164.984496124031,172.30232558139537,85.44961240310077,92.76744186046513,0.3643410852713178,0.0,0.0,0.0,0.1,0.76,0.075,0.0875,0.74,0.0625,0.0,0.0,0.0,0.18181818181818182,0.09090909090909091,0.13636363636363635,0.22727272727272727,0.13636363636363635,0.09090909090909091,0.13636363636363635,0.20454545454545456,0
1.0357142857142858,1.0357142857142858,0.0,0.16666666666666666,6.0,11,1.0,24,164.984496124031,172.30232558139537,85.44961240310077,92.76744186046513,0.3643410852713178,0.0,0.0,0.0,0.1,0.76,0.075,0.0875,0.74,0.0625,0.0,0.0,0.0,0.18181818181818182,0.09090909090909091,0.13636363636363635,0.22727272727272727,0.13636363636363635,0.09090909090909091,0.13636363636363635,0.20454545454545456,0
1.0357142857142858,1.0357142857142858,0.0,0.16666666666666666,6.0,10,1.0,23,145.51162790697674,191.30232558139537,65.02325581395348,110.8139534883721,0.36323366555924697,0.0,0.0,0.0,0.175,0.7,0.0375,0.15,0.7,0.025,0.0,0.0,0.0,0.2727272727272727,0.0,0.22727272727272727,0.13636363636363635,0.22727272727272727,0.0,0.22727272727272727,0.11363636363636363,0
1.0357142857142858,1.0357142857142858,0.0,0.16666666666666666,6.0,10,1.0,23,145.51162790697674,191.30232558139537,65.02325581395348,110.8139534883721,0.36323366555924697,0.0,0.0,0.0,0.175,0.7,0.0375,0.15,0.7,0.025,0.0,0.0,0.0,0.2727272727272727,0.0,0.22727272727272727,0.13636363636363635,0.22727272727272727,0.0,0.22727272727272727,0.11363636363636363,0
1.0357142857142858,1.0357142857142858,0.0,0.16666666666666666,6.0,10,1.0,23,145.51162790697674,191.30232558139537,65.02325581395348,110.8139534883721,0.36323366555924697,0.0,0.0,0.0,0.175,0.7,0.0375,0.15,0.7,0.025,0.0,0.0,0.0,0.2727272727272727,0.0,0.22727272727272727,0.13636363636363635,0.22727272727272727,0.0,0.22727272727272727,0.11363636363636363,0
1.0357142857142858,1.0357142857142858,0.0,0.16666666666666666,6.0,9,1.0,19,121.15503875968993,199.4263565891473,27.527131782945744,105.79844961240312,0.36323366555924697,0.0,0.0,0.0,0.275,0.58,0.0125,0.25,0.56,0.0125,0.0,0.0,0.0,0.36363636363636365,0.0,0.3181818181818182,0.06818181818181818,0.3181818181818182,0.0,0.3181818181818182,0.045454545454545456,0
1.0357142857142858,1.0357142857142858,0.9166666666666666,0.6666666666666666,2.0,6,0.375,9,203.49612403100775,117.50387596899225,183.51937984496124,97.52713178294573,0.4064230343300111,0.0,0.7066666666666667,0.6333333333333333,0.0,0.5,0.275,0.0,0.32,0.15,0.0,0.6,0.44166666666666665,0.0,0.0,0.0,0.25,0.0,0.3409090909090909,0.0,0.0,0
1.0357142857142858,1.0357142857142858,0.9166666666666666,0.6666666666666666,2.0,6,0.375,9,203.49612403100775,117.50387596899225,183.51937984496124,97.52713178294573,0.4064230343300111,0.0,0.7066666666666667,0.6333333333333333,0.0,0.5,0.275,0.0,0.32,0.15,0.0,0.6,0.44166666666666665,0.0,0.0,0.0,0.25,0.0,0.3409090909090909,0.0,0.0,0
1.0357142857142858,1.0357142857142858,0.9166666666666666,0.6666666666666666,2.0,6,0.375,9,203.49612403100775,117.50387596899225,183.51937984496124,97.52713178294573,0.4064230343300111,0.0,0.7066666666666667,0.6333333333333333,0.0,0.5,0.275,0.0,0.32,0.15,0.0,0.6,0.44166666666666665,0.0,0.0,0.0,0.25,0.0,0.3409090909090909,0.0,0.0,0
1.0357142857142858,1.0357142857142858,0.9166666666666666,0.6666666666666666,2.0,6,0.375,9,203.49612403100775,117.50387596899225,183.51937984496124,97.52713178294573,0.4064230343300111,0.0,0.7066666666666667,0.6333333333333333,0.0,0.5,0.275,0.0,0.32,0.15,0.0,0.6,0.44166666666666665,0.0,0.0,0.0,0.25,0.0,0.3409090909090909,0.0,0.0,0
1.0357142857142858,1.0357142857142858,0.9166666666666666,0.6666666666666666,2.0,6,0.375,9,203.49612403100775,117.50387596899225,183.51937984496124,97.52713178294573,0.4064230343300111,0.0,0.7066666666666667,0.6333333333333333,0.0,0.5,0.275,0.0,0.32,0.15,0.0,0.6,0.44166666666666665,0.0,0.0,0.0,0.25,0.0,0.3409090909090909,0.0,0.0,0
1.0357142857142858,0.8928571428571429,0.5833333333333334,0.5,2.0,2,0.0,2,204.72093023255812,197.76744186046508,129.27906976744185,122.3255813953488,0.3023255813953488,0.03333333333333333,0.56,0.36666666666666664,0.0,0.22,0.0,0.0,0.4,0.0,0.0,0.37333333333333335,0.0,0.0,0.0,0.0,0.0,0.0,0.0,0.0,0.0,0
1.0357142857142858,0.8928571428571429,0.5833333333333334,0.5,2.0,2,0.0,2,204.72093023255812,197.76744186046508,129.27906976744185,122.3255813953488,0.3023255813953488,0.03333333333333333,0.56,0.36666666666666664,0.0,0.22,0.0,0.0,0.4,0.0,0.0,0.37333333333333335,0.0,0.0,0.0,0.0,0.0,0.0,0.0,0.0,0.0,0
1.0357142857142858,0.8928571428571429,0.5833333333333334,0.5,2.0,2,0.0,2,204.72093023255812,197.76744186046508,129.27906976744185,122.3255813953488,0.3023255813953488,0.03333333333333333,0.56,0.36666666666666664,0.0,0.22,0.0,0.0,0.4,0.0,0.0,0.37333333333333335,0.0,0.0,0.0,0.0,0.0,0.0,0.0,0.0,0.0,0
1.0357142857142858,0.8928571428571429,0.5833333333333334,0.5,2.0,2,0.0,2,204.72093023255812,197.76744186046508,129.27906976744185,122.3255813953488,0.3023255813953488,0.03333333333333333,0.56,0.36666666666666664,0.0,0.22,0.0,0.0,0.4,0.0,0.0,0.37333333333333335,0.0,0.0,0.0,0.0,0.0,0.0,0.0,0.0,0.0,0
1.0357142857142858,1.0357142857142858,0.6666666666666666,0.5833333333333334,2.0,7,0.375,10,200.65891472868216,123.51937984496124,170.1705426356589,93.03100775193798,0.40863787375415284,0.06666666666666667,0.44,0.475,0.0,0.4,0.325,0.0,0.46,0.3125,0.0,0.2,0.0,0.0,0.6818181818181818,0.0,0.0,0.0,0.2727272727272727,0.0,0.38636363636363635,0
1.0357142857142858,1.0357142857142858,0.6666666666666666,0.5833333333333334,2.0,7,0.375,10,200.65891472868216,123.51937984496124,170.1705426356589,93.03100775193798,0.40863787375415284,0.06666666666666667,0.44,0.475,0.0,0.4,0.325,0.0,0.46,0.3125,0.0,0.2,0.0,0.0,0.6818181818181818,0.0,0.0,0.0,0.2727272727272727,0.0,0.38636363636363635,0
1.0357142857142858,1.0357142857142858,0.6666666666666666,0.5833333333333334,2.0,7,0.375,10,200.65891472868216,123.51937984496124,170.1705426356589,93.03100775193798,0.40863787375415284,0.06666666666666667,0.44,0.475,0.0,0.4,0.325,0.0,0.46,0.3125,0.0,0.2,0.0,0.0,0.6818181818181818,0.0,0.0,0.0,0.2727272727272727,0.0,0.38636363636363635,0
1.0357142857142858,1.0357142857142858,0.6666666666666666,0.5833333333333334,2.0,7,0.375,10,200.65891472868216,123.51937984496124,170.1705426356589,93.03100775193798,0.40863787375415284,0.06666666666666667,0.44,0.475,0.0,0.4,0.325,0.0,0.46,0.3125,0.0,0.2,0.0,0.0,0.6818181818181818,0.0,0.0,0.0,0.2727272727272727,0.0,0.38636363636363635,0
1.0357142857142858,1.0357142857142858,0.6666666666666666,0.5833333333333334,2.0,7,0.375,10,200.65891472868216,123.51937984496124,170.1705426356589,93.03100775193798,0.40863787375415284,0.06666666666666667,0.44,0.475,0.0,0.4,0.325,0.0,0.46,0.3125,0.0,0.2,0.0,0.0,0.6818181818181818,0.0,0.0,0.0,0.2727272727272727,0.0,0.38636363636363635,0
1.0357142857142858,1.0357142857142858,1.0,1.0,1.0,6,0.375,9,193.51937984496124,120.82170542635659,182.89147286821705,110.1937984496124,0.3964562569213732,0.025,0.6133333333333333,0.5583333333333333,0.0,0.2,0.0,0.0,0.52,0.55,0.008333333333333333,0.6933333333333334,0.6,0.0,0.0,0.0,0.0,0.0,0.6363636363636364,0.0,0.2727272727272727,0
1.0357142857142858,1.0357142857142858,1.0,1.0,1.0,6,0.375,9,193.51937984496124,120.82170542635659,182.89147286821705,110.1937984496124,0.3964562569213732,0.025,0.6133333333333333,0.5583333333333333,0.0,0.2,0.0,0.0,0.52,0.55,0.008333333333333333,0.6933333333333334,0.6,0.0,0.0,0.0,0.0,0.0,0.6363636363636364,0.0,0.2727272727272727,0
1.0357142857142858,1.0357142857142858,1.0,1.0,1.0,6,0.375,9,193.51937984496124,120.82170542635659,182.89147286821705,110.1937984496124,0.3964562569213732,0.025,0.6133333333333333,0.5583333333333333,0.0,0.2,0.0,0.0,0.52,0.55,0.008333333333333333,0.6933333333333334,0.6,0.0,0.0,0.0,0.0,0.0,0.6363636363636364,0.0,0.2727272727272727,0
1.0357142857142858,1.0357142857142858,1.0,1.0,1.0,6,0.375,9,193.51937984496124,120.82170542635659,182.89147286821705,110.1937984496124,0.3964562569213732,0.025,0.6133333333333333,0.5583333333333333,0.0,0.2,0.0,0.0,0.52,0.55,0.008333333333333333,0.6933333333333334,0.6,0.0,0.0,0.0,0.0,0.0,0.6363636363636364,0.0,0.2727272727272727,0
0.9285714285714286,0.7142857142857143,0.5833333333333334,0.16666666666666666,4.0,7,0.5714285714285714,28,157.5581395348837,171.15503875968992,72.23255813953487,85.82945736434108,0.4263565891472868,0.0,0.44,0.4083333333333333,0.1125,0.54,0.325,0.1125,0.3,0.375,0.0,0.0,0.25,0.29545454545454547,0.45454545454545453,0.0,0.18181818181818182,0.29545454545454547,0.18181818181818182,0.0,0.4318181818181818,0
0.9285714285714286,0.7142857142857143,0.5833333333333334,0.16666666666666666,4.0,7,0.5714285714285714,28,157.5581395348837,171.15503875968992,72.23255813953487,85.82945736434108,0.4263565891472868,0.0,0.44,0.4083333333333333,0.1125,0.54,0.325,0.1125,0.3,0.375,0.0,0.0,0.25,0.29545454545454547,0.45454545454545453,0.0,0.18181818181818182,0.29545454545454547,0.18181818181818182,0.0,0.4318181818181818,0
0.9285714285714286,0.7142857142857143,0.5833333333333334,0.16666666666666666,4.0,7,0.5714285714285714,28,157.5581395348837,171.15503875968992,72.23255813953487,85.82945736434108,0.4263565891472868,0.0,0.44,0.4083333333333333,0.1125,0.54,0.325,0.1125,0.3,0.375,0.0,0.0,0.25,0.29545454545454547,0.45454545454545453,0.0,0.18181818181818182,0.29545454545454547,0.18181818181818182,0.0,0.4318181818181818,0
0.9285714285714286,0.7142857142857143,0.5833333333333334,0.16666666666666666,4.0,7,0.5714285714285714,28,157.5581395348837,171.15503875968992,72.23255813953487,85.82945736434108,0.4263565891472868,0.0,0.44,0.4083333333333333,0.1125,0.54,0.325,0.1125,0.3,0.375,0.0,0.0,0.25,0.29545454545454547,0.45454545454545453,0.0,0.18181818181818182,0.29545454545454547,0.18181818181818182,0.0,0.4318181818181818,0
1.0357142857142858,1.0357142857142858,0.5833333333333334,0.5833333333333334,2.5,6,0.25,22,171.15503875968992,161.21705426356587,127.96899224806201,118.03100775193796,0.45071982281284606,0.4166666666666667,0.4266666666666667,0.475,0.3625,0.48,0.3,0.2625,0.48,0.0,0.0,0.4,0.0,0.5227272727272727,0.6363636363636364,0.11363636363636363,0.0,0.4318181818181818,0.0,0.22727272727272727,0.0,0
1.0357142857142858,1.0357142857142858,1.0,1.0,2.5,7,0.25,22,171.36434108527132,161.23255813953486,115.01550387596899,104.88372093023253,0.4418604651162791,0.43333333333333335,0.5066666666666667,0.43333333333333335,0.3125,0.56,0.25,0.225,0.46,0.0,0.0,0.4,0.0,0.45454545454545453,0.5454545454545454,0.11363636363636363,0.0,0.36363636363636365,0.0,0.29545454545454547,0.0,0
1.0357142857142858,1.0357142857142858,1.0,1.0,2.5,7,0.25,22,171.36434108527132,161.23255813953486,115.01550387596899,104.88372093023253,0.4418604651162791,0.43333333333333335,0.5066666666666667,0.43333333333333335,0.3125,0.56,0.25,0.225,0.46,0.0,0.0,0.4,0.0,0.45454545454545453,0.5454545454545454,0.11363636363636363,0.0,0.36363636363636365,0.0,0.29545454545454547,0.0,0
1.0357142857142858,1.0357142857142858,1.0,1.0,2.5,7,0.25,22,171.36434108527132,161.23255813953486,115.01550387596899,104.88372093023253,0.4418604651162791,0.43333333333333335,0.5066666666666667,0.43333333333333335,0.3125,0.56,0.25,0.225,0.46,0.0,0.0,0.4,0.0,0.45454545454545453,0.5454545454545454,0.11363636363636363,0.0,0.36363636363636365,0.0,0.29545454545454547,0.0,0
1.0357142857142858,1.0357142857142858,1.0,1.0,2.5,7,0.25,22,171.36434108527132,161.23255813953486,115.01550387596899,104.88372093023253,0.4418604651162791,0.43333333333333335,0.5066666666666667,0.43333333333333335,0.3125,0.56,0.25,0.225,0.46,0.0,0.0,0.4,0.0,0.45454545454545453,0.5454545454545454,0.11363636363636363,0.0,0.36363636363636365,0.0,0.29545454545454547,0.0,0
1.0357142857142858,1.0357142857142858,1.0,1.0,2.0,7,0.25,9,198.71317829457368,103.75193798449612,190.59689922480624,95.63565891472868,0.42857142857142855,0.025,0.5333333333333333,0.525,0.0,0.62,0.3125,0.0,0.48,0.15,0.0,0.5466666666666666,0.20833333333333334,0.0,0.4090909090909091,0.0,0.0,0.0,0.0,0.0,0.0,0
1.0357142857142858,1.0357142857142858,1.0,1.0,2.0,7,0.25,9,198.71317829457368,103.75193798449612,190.59689922480624,95.63565891472868,0.42857142857142855,0.025,0.5333333333333333,0.525,0.0,0.62,0.3125,0.0,0.48,0.15,0.0,0.5466666666666666,0.20833333333333334,0.0,0.4090909090909091,0.0,0.0,0.0,0.0,0.0,0.0,0
1.0357142857142858,1.0357142857142858,1.0,1.0,2.0,7,0.25,9,198.71317829457368,103.75193798449612,190.59689922480624,95.63565891472868,0.42857142857142855,0.025,0.5333333333333333,0.525,0.0,0.62,0.3125,0.0,0.48,0.15,0.0,0.5466666666666666,0.20833333333333334,0.0,0.4090909090909091,0.0,0.0,0.0,0.0,0.0,0.0,0
1.0357142857142858,1.0357142857142858,1.0,1.0,2.0,7,0.25,9,198.71317829457368,103.75193798449612,190.59689922480624,95.63565891472868,0.42857142857142855,0.025,0.5333333333333333,0.525,0.0,0.62,0.3125,0.0,0.48,0.15,0.0,0.5466666666666666,0.20833333333333334,0.0,0.4090909090909091,0.0,0.0,0.0,0.0,0.0,0.0,0
1.0357142857142858,1.0357142857142858,0.0,0.16666666666666666,2.0,3,0.0,20,200.35658914728683,108.61240310077518,120.05426356589147,28.31007751937983,0.32004429678848284,0.0,0.0,0.0,0.0,0.4,0.2,0.0,0.34,0.2,0.0,0.0,0.0,0.0,0.22727272727272727,0.0,0.3409090909090909,0.0,0.18181818181818182,0.0,0.25,0
1.0357142857142858,1.0357142857142858,0.0,0.16666666666666666,2.0,3,0.0,21,196.2558139534884,147.42635658914728,108.62790697674421,59.79844961240309,0.3211517165005537,0.0,0.0,0.0,0.0,0.56,0.1375,0.0,0.5,0.1125,0.0,0.0,0.0,0.045454545454545456,0.29545454545454547,0.045454545454545456,0.4318181818181818,0.022727272727272728,0.20454545454545456,0.0,0.25,0
1.0357142857142858,1.0357142857142858,0.0,0.16666666666666666,2.0,3,0.0,21,196.2558139534884,147.42635658914728,108.62790697674421,59.79844961240309,0.3211517165005537,0.0,0.0,0.0,0.0,0.56,0.1375,0.0,0.5,0.1125,0.0,0.0,0.0,0.045454545454545456,0.29545454545454547,0.045454545454545456,0.4318181818181818,0.022727272727272728,0.20454545454545456,0.0,0.25,0
1.0357142857142858,1.0357142857142858,0.0,0.16666666666666666,2.0,3,0.0,21,196.2558139534884,147.42635658914728,108.62790697674421,59.79844961240309,0.3211517165005537,0.0,0.0,0.0,0.0,0.56,0.1375,0.0,0.5,0.1125,0.0,0.0,0.0,0.045454545454545456,0.29545454545454547,0.045454545454545456,0.4318181818181818,0.022727272727272728,0.20454545454545456,0.0,0.25,0
1.0357142857142858,1.0357142857142858,0.0,0.16666666666666666,2.0,2,0.0,22,137.07751937984497,212.55813953488374,45.54263565891473,121.0232558139535,0.34219269102990035,0.0,0.0,0.0,0.15,0.48,0.2,0.1125,0.48,0.05,0.0,0.0,0.0,0.22727272727272727,0.25,0.22727272727272727,0.3409090909090909,0.20454545454545456,0.18181818181818182,0.18181818181818182,0.11363636363636363,0
1.0357142857142858,1.0357142857142858,0.0,0.16666666666666666,2.0,2,0.0,22,137.07751937984497,212.55813953488374,45.54263565891473,121.0232558139535,0.34219269102990035,0.0,0.0,0.0,0.15,0.48,0.2,0.1125,0.48,0.05,0.0,0.0,0.0,0.22727272727272727,0.25,0.22727272727272727,0.3409090909090909,0.20454545454545456,0.18181818181818182,0.18181818181818182,0.11363636363636363,0
1.0357142857142858,1.0357142857142858,0.0,0.16666666666666666,2.0,2,0.0,22,103.52713178294573,214.20155038759688,21.01550387596899,131.68992248062014,0.3554817275747508,0.0,0.0,0.0,0.25,0.32,0.3,0.2125,0.32,0.0875,0.0,0.0,0.0,0.22727272727272727,0.2727272727272727,0.22727272727272727,0.3409090909090909,0.20454545454545456,0.2727272727272727,0.18181818181818182,0.20454545454545456,0
1.0357142857142858,1.0357142857142858,0.0,0.16666666666666666,2.0,2,0.0,22,103.52713178294573,214.20155038759688,21.01550387596899,131.68992248062014,0.3554817275747508,0.0,0.0,0.0,0.25,0.32,0.3,0.2125,0.32,0.0875,0.0,0.0,0.0,0.22727272727272727,0.2727272727272727,0.22727272727272727,0.3409090909090909,0.20454545454545456,0.2727272727272727,0.18181818181818182,0.20454545454545456,0
1.0357142857142858,0.8571428571428571,0.0,0.0,4.0,6,0.8571428571428571,22,143.984496124031,182.91472868217053,36.403100775193806,75.33333333333333,0.33222591362126247,0.0,0.0,0.0,0.3,0.5,0.1125,0.0875,0.6,0.0,0.0,0.0,0.0,0.25,0.1590909090909091,0.3409090909090909,0.22727272727272727,0.18181818181818182,0.0,0.11363636363636363,0.045454545454545456,0
1.0357142857142858,0.8571428571428571,0.0,0.0,4.0,6,0.8571428571428571,22,143.984496124031,182.91472868217053,36.403100775193806,75.33333333333333,0.33222591362126247,0.0,0.0,0.0,0.3,0.5,0.1125,0.0875,0.6,0.0,0.0,0.0,0.0,0.25,0.1590909090909091,0.3409090909090909,0.22727272727272727,0.18181818181818182,0.0,0.11363636363636363,0.045454545454545456,0
1.0357142857142858,0.8571428571428571,0.0,0.0,4.0,6,0.8571428571428571,22,143.984496124031,182.91472868217053,36.403100775193806,75.33333333333333,0.33222591362126247,0.0,0.0,0.0,0.3,0.5,0.1125,0.0875,0.6,0.0,0.0,0.0,0.0,0.25,0.1590909090909091,0.3409090909090909,0.22727272727272727,0.18181818181818182,0.0,0.11363636363636363,0.045454545454545456,0
1.0357142857142858,0.8571428571428571,0.0,0.0,4.0,6,0.8571428571428571,22,143.984496124031,182.91472868217053,36.403100775193806,75.33333333333333,0.33222591362126247,0.0,0.0,0.0,0.3,0.5,0.1125,0.0875,0.6,0.0,0.0,0.0,0.0,0.25,0.1590909090909091,0.3409090909090909,0.22727272727272727,0.18181818181818182,0.0,0.11363636363636363,0.045454545454545456,0
1.0357142857142858,0.8571428571428571,0.0,0.0,4.0,6,0.8571428571428571,22,143.984496124031,182.91472868217053,36.403100775193806,75.33333333333333,0.33222591362126247,0.0,0.0,0.0,0.3,0.5,0.1125,0.0875,0.6,0.0,0.0,0.0,0.0,0.25,0.1590909090909091,0.3409090909090909,0.22727272727272727,0.18181818181818182,0.0,0.11363636363636363,0.045454545454545456,0
1.0357142857142858,0.8928571428571429,0.0,0.16666666666666666,4.5,11,1.0,22,141.92248062015506,176.5658914728682,49.78294573643413,84.42635658914728,0.37209302325581395,0.0,0.0,0.0,0.2875,0.58,0.125,0.0875,0.72,0.05,0.0,0.0,0.0,0.29545454545454547,0.22727272727272727,0.36363636363636365,0.18181818181818182,0.13636363636363635,0.06818181818181818,0.13636363636363635,0.18181818181818182,0
1.0357142857142858,1.0,0.0,0.16666666666666666,4.5,10,1.0,11,127.20930232558139,196.7519379844961,44.534883720930225,114.07751937984493,0.37209302325581395,0.0,0.0,0.0,0.3625,0.62,0.025,0.15,0.66,0.025,0.0,0.0,0.0,0.29545454545454547,0.13636363636363635,0.36363636363636365,0.09090909090909091,0.22727272727272727,0.0,0.22727272727272727,0.09090909090909091,0
1.0357142857142858,1.0,0.0,0.16666666666666666,4.5,10,1.0,11,127.20930232558139,196.7519379844961,44.534883720930225,114.07751937984493,0.37209302325581395,0.0,0.0,0.0,0.3625,0.62,0.025,0.15,0.66,0.025,0.0,0.0,0.0,0.29545454545454547,0.13636363636363635,0.36363636363636365,0.09090909090909091,0.22727272727272727,0.0,0.22727272727272727,0.09090909090909091,0
1.0357142857142858,1.0,0.0,0.16666666666666666,4.5,10,1.0,11,127.20930232558139,196.7519379844961,44.534883720930225,114.07751937984493,0.37209302325581395,0.0,0.0,0.0,0.3625,0.62,0.025,0.15,0.66,0.025,0.0,0.0,0.0,0.29545454545454547,0.13636363636363635,0.36363636363636365,0.09090909090909091,0.22727272727272727,0.0,0.22727272727272727,0.09090909090909091,0
1.0357142857142858,1.0,0.0,0.16666666666666666,4.5,10,1.0,11,127.20930232558139,196.7519379844961,44.534883720930225,114.07751937984493,0.37209302325581395,0.0,0.0,0.0,0.3625,0.62,0.025,0.15,0.66,0.025,0.0,0.0,0.0,0.29545454545454547,0.13636363636363635,0.36363636363636365,0.09090909090909091,0.22727272727272727,0.0,0.22727272727272727,0.09090909090909091,0
1.0357142857142858,1.0,0.0,0.16666666666666666,4.5,10,1.0,11,127.20930232558139,196.7519379844961,44.534883720930225,114.07751937984493,0.37209302325581395,0.0,0.0,0.0,0.3625,0.62,0.025,0.15,0.66,0.025,0.0,0.0,0.0,0.29545454545454547,0.13636363636363635,0.36363636363636365,0.09090909090909091,0.22727272727272727,0.0,0.22727272727272727,0.09090909090909091,0
0.9285714285714286,0.75,0.0,0.16666666666666666,6.0,6,0.6,6,195.87596899224806,188.68217054263565,76.36434108527132,69.1705426356589,0.31007751937984496,0.0,0.0,0.0,0.025,0.5,0.0375,0.0,0.44,0.025,0.0,0.0,0.0,0.045454545454545456,0.0,0.11363636363636363,0.1590909090909091,0.045454545454545456,0.11363636363636363,0.022727272727272728,0.0,0
0.9285714285714286,0.75,0.0,0.16666666666666666,6.0,6,0.6,6,195.87596899224806,188.68217054263565,76.36434108527132,69.1705426356589,0.31007751937984496,0.0,0.0,0.0,0.025,0.5,0.0375,0.0,0.44,0.025,0.0,0.0,0.0,0.045454545454545456,0.0,0.11363636363636363,0.1590909090909091,0.045454545454545456,0.11363636363636363,0.022727272727272728,0.0,0
0.9285714285714286,0.75,0.0,0.16666666666666666,6.0,6,0.6,6,195.87596899224806,188.68217054263565,76.36434108527132,69.1705426356589,0.31007751937984496,0.0,0.0,0.0,0.025,0.5,0.0375,0.0,0.44,0.025,0.0,0.0,0.0,0.045454545454545456,0.0,0.11363636363636363,0.1590909090909091,0.045454545454545456,0.11363636363636363,0.022727272727272728,0.0,0
0.9285714285714286,0.75,0.0,0.16666666666666666,6.0,6,0.6,6,195.87596899224806,188.68217054263565,76.36434108527132,69.1705426356589,0.31007751937984496,0.0,0.0,0.0,0.025,0.5,0.0375,0.0,0.44,0.025,0.0,0.0,0.0,0.045454545454545456,0.0,0.11363636363636363,0.1590909090909091,0.045454545454545456,0.11363636363636363,0.022727272727272728,0.0,0
0.9285714285714286,0.75,0.0,0.16666666666666666,6.0,6,0.6,6,195.87596899224806,188.68217054263565,76.36434108527132,69.1705426356589,0.31007751937984496,0.0,0.0,0.0,0.025,0.5,0.0375,0.0,0.44,0.025,0.0,0.0,0.0,0.045454545454545456,0.0,0.11363636363636363,0.1590909090909091,0.045454545454545456,0.11363636363636363,0.022727272727272728,0.0,0
0.8571428571428571,0.75,0.16666666666666666,1.0,1.0,4,0.16666666666666666,4,163.31007751937983,191.30232558139537,86.49612403100774,114.48837209302327,0.31893687707641194,0.14166666666666666,0.24,0.18333333333333332,0.0,0.08,0.0,0.15,0.36,0.05,0.7,0.6266666666666667,0.008333333333333333,0.0,0.0,0.0,0.0,0.0,0.022727272727272728,0.0,0.13636363636363635,0
0.8571428571428571,0.75,0.16666666666666666,1.0,1.0,4,0.16666666666666666,4,163.31007751937983,191.30232558139537,86.49612403100774,114.48837209302327,0.31893687707641194,0.14166666666666666,0.24,0.18333333333333332,0.0,0.08,0.0,0.15,0.36,0.05,0.7,0.6266666666666667,0.008333333333333333,0.0,0.0,0.0,0.0,0.0,0.022727272727272728,0.0,0.13636363636363635,0
1.0357142857142858,1.0357142857142858,0.08333333333333333,0.16666666666666666,2.0,3,0.0,20,194.54263565891472,204.15503875968992,104.984496124031,114.5968992248062,0.33222591362126247,0.225,0.04,0.0,0.0,0.36,0.0,0.1,0.4,0.1125,0.0,0.0,0.31666666666666665,0.0,0.0,0.0,0.0,0.25,0.0,0.0,0.11363636363636363,1
1.0357142857142858,0.9285714285714286,0.0,0.9166666666666666,2.0,6,0.2857142857142857,36,172.62790697674419,172.6201550387597,78.34883720930233,78.34108527131784,0.3964562569213732,0.0,0.0,0.0,0.0,0.42,0.5,0.175,0.38,0.0,0.5916666666666667,0.5733333333333334,0.16666666666666666,0.0,1.0,0.0,0.25,0.0,0.0,0.11363636363636363,0.09090909090909091,0
1.0357142857142858,0.9285714285714286,0.0,0.9166666666666666,2.0,6,0.2857142857142857,36,172.62790697674419,172.6201550387597,78.34883720930233,78.34108527131784,0.3964562569213732,0.0,0.0,0.0,0.0,0.42,0.5,0.175,0.38,0.0,0.5916666666666667,0.5733333333333334,0.16666666666666666,0.0,1.0,0.0,0.25,0.0,0.0,0.11363636363636363,0.09090909090909091,0
1.0357142857142858,0.9285714285714286,0.0,0.9166666666666666,2.0,6,0.2857142857142857,36,172.62790697674419,172.6201550387597,78.34883720930233,78.34108527131784,0.3964562569213732,0.0,0.0,0.0,0.0,0.42,0.5,0.175,0.38,0.0,0.5916666666666667,0.5733333333333334,0.16666666666666666,0.0,1.0,0.0,0.25,0.0,0.0,0.11363636363636363,0.09090909090909091,0
1.0357142857142858,0.9285714285714286,0.0,0.9166666666666666,2.0,6,0.2857142857142857,36,172.62790697674419,172.6201550387597,78.34883720930233,78.34108527131784,0.3964562569213732,0.0,0.0,0.0,0.0,0.42,0.5,0.175,0.38,0.0,0.5916666666666667,0.5733333333333334,0.16666666666666666,0.0,1.0,0.0,0.25,0.0,0.0,0.11363636363636363,0.09090909090909091,0
1.0357142857142858,0.8571428571428571,0.0,0.16666666666666666,2.0,11,0.42857142857142855,37,142.5503875968992,177.2403100775194,37.43410852713177,72.12403100775197,0.43853820598006643,0.0,0.0,0.0,0.4625,0.56,0.3625,0.3,0.46,0.0375,0.175,0.13333333333333333,0.20833333333333334,0.9318181818181818,0.7954545454545454,0.25,0.09090909090909091,0.022727272727272728,0.0,0.7045454545454546,0.0,0
1.0357142857142858,0.8571428571428571,0.0,0.16666666666666666,2.0,11,0.42857142857142855,37,142.5503875968992,177.2403100775194,37.43410852713177,72.12403100775197,0.43853820598006643,0.0,0.0,0.0,0.4625,0.56,0.3625,0.3,0.46,0.0375,0.175,0.13333333333333333,0.20833333333333334,0.9318181818181818,0.7954545454545454,0.25,0.09090909090909091,0.022727272727272728,0.0,0.7045454545454546,0.0,0
1.0357142857142858,0.8571428571428571,0.0,0.16666666666666666,2.0,11,0.42857142857142855,37,142.5503875968992,177.2403100775194,37.43410852713177,72.12403100775197,0.43853820598006643,0.0,0.0,0.0,0.4625,0.56,0.3625,0.3,0.46,0.0375,0.175,0.13333333333333333,0.20833333333333334,0.9318181818181818,0.7954545454545454,0.25,0.09090909090909091,0.022727272727272728,0.0,0.7045454545454546,0.0,0
1.0357142857142858,0.8571428571428571,0.0,0.16666666666666666,2.0,11,0.42857142857142855,37,142.5503875968992,177.2403100775194,37.43410852713177,72.12403100775197,0.43853820598006643,0.0,0.0,0.0,0.4625,0.56,0.3625,0.3,0.46,0.0375,0.175,0.13333333333333333,0.20833333333333334,0.9318181818181818,0.7954545454545454,0.25,0.09090909090909091,0.022727272727272728,0.0,0.7045454545454546,0.0,0
1.0357142857142858,0.8571428571428571,0.0,0.16666666666666666,2.0,11,0.42857142857142855,37,142.5503875968992,177.2403100775194,37.43410852713177,72.12403100775197,0.43853820598006643,0.0,0.0,0.0,0.4625,0.56,0.3625,0.3,0.46,0.0375,0.175,0.13333333333333333,0.20833333333333334,0.9318181818181818,0.7954545454545454,0.25,0.09090909090909091,0.022727272727272728,0.0,0.7045454545454546,0.0,0
1.0,0.8571428571428571,0.0,0.8333333333333334,1.0,11,0.14285714285714285,37,141.3953488372093,176.86821705426357,67.06976744186046,102.54263565891473,0.4119601328903654,0.0,0.0,0.0,0.35,0.44,0.3,0.1375,0.3,0.0375,0.375,0.29333333333333333,0.13333333333333333,0.7727272727272727,0.7272727272727273,0.06818181818181818,0.06818181818181818,0.0,0.0,0.0,0.25,0
1.0,0.8571428571428571,0.0,0.8333333333333334,1.0,11,0.14285714285714285,37,141.3953488372093,176.86821705426357,67.06976744186046,102.54263565891473,0.4119601328903654,0.0,0.0,0.0,0.35,0.44,0.3,0.1375,0.3,0.0375,0.375,0.29333333333333333,0.13333333333333333,0.7727272727272727,0.7272727272727273,0.06818181818181818,0.06818181818181818,0.0,0.0,0.0,0.25,0
1.0,0.8571428571428571,0.0,0.8333333333333334,1.0,11,0.14285714285714285,37,141.3953488372093,176.86821705426357,67.06976744186046,102.54263565891473,0.4119601328903654,0.0,0.0,0.0,0.35,0.44,0.3,0.1375,0.3,0.0375,0.375,0.29333333333333333,0.13333333333333333,0.7727272727272727,0.7272727272727273,0.06818181818181818,0.06818181818181818,0.0,0.0,0.0,0.25,0
1.0,0.8571428571428571,0.0,0.8333333333333334,1.0,11,0.14285714285714285,37,141.3953488372093,176.86821705426357,67.06976744186046,102.54263565891473,0.4119601328903654,0.0,0.0,0.0,0.35,0.44,0.3,0.1375,0.3,0.0375,0.375,0.29333333333333333,0.13333333333333333,0.7727272727272727,0.7272727272727273,0.06818181818181818,0.06818181818181818,0.0,0.0,0.0,0.25,0
0.8571428571428571,0.7142857142857143,0.9444444444444444,0.16666666666666666,3.0,6,0.5,37,176.24806201550385,164.953488372093,88.87596899224803,77.58139534883719,0.3798449612403101,0.09166666666666666,0.30666666666666664,0.35,0.0,0.36,0.225,0.2875,0.24,0.0125,0.15833333333333333,0.13333333333333333,0.13333333333333333,0.0,0.06818181818181818,0.0,0.022727272727272728,0.6136363636363636,0.13636363636363635,0.0,0.0,0
0.8571428571428571,0.7142857142857143,0.9444444444444444,0.16666666666666666,3.0,6,0.5,37,176.24806201550385,164.953488372093,88.87596899224803,77.58139534883719,0.3798449612403101,0.09166666666666666,0.30666666666666664,0.35,0.0,0.36,0.225,0.2875,0.24,0.0125,0.15833333333333333,0.13333333333333333,0.13333333333333333,0.0,0.06818181818181818,0.0,0.022727272727272728,0.6136363636363636,0.13636363636363635,0.0,0.0,0
0.8571428571428571,0.7142857142857143,0.9444444444444444,0.16666666666666666,3.0,6,0.5,37,176.24806201550385,164.953488372093,88.87596899224803,77.58139534883719,0.3798449612403101,0.09166666666666666,0.30666666666666664,0.35,0.0,0.36,0.225,0.2875,0.24,0.0125,0.15833333333333333,0.13333333333333333,0.13333333333333333,0.0,0.06818181818181818,0.0,0.022727272727272728,0.6136363636363636,0.13636363636363635,0.0,0.0,0
1.0357142857142858,1.0357142857142858,1.0,1.0,1.0,6,0.125,19,203.4031007751938,139.7829457364341,185.31007751937983,121.68992248062014,0.3698781838316722,0.14166666666666666,0.4666666666666667,0.5333333333333333,0.0,0.42,0.3375,0.0,0.22,0.0,0.10833333333333334,0.28,0.0,0.0,0.25,0.0,0.36363636363636365,0.0,0.0,0.0,0.0,0
1.0357142857142858,1.0357142857142858,1.0,1.0,1.0,6,0.125,19,203.4031007751938,139.7829457364341,185.31007751937983,121.68992248062014,0.3698781838316722,0.14166666666666666,0.4666666666666667,0.5333333333333333,0.0,0.42,0.3375,0.0,0.22,0.0,0.10833333333333334,0.28,0.0,0.0,0.25,0.0,0.36363636363636365,0.0,0.0,0.0,0.0,0
1.0357142857142858,1.0357142857142858,1.0,1.0,1.0,6,0.125,19,203.4031007751938,139.7829457364341,185.31007751937983,121.68992248062014,0.3698781838316722,0.14166666666666666,0.4666666666666667,0.5333333333333333,0.0,0.42,0.3375,0.0,0.22,0.0,0.10833333333333334,0.28,0.0,0.0,0.25,0.0,0.36363636363636365,0.0,0.0,0.0,0.0,0
1.0357142857142858,1.0357142857142858,1.0,1.0,1.0,6,0.125,19,203.4031007751938,139.7829457364341,185.31007751937983,121.68992248062014,0.3698781838316722,0.14166666666666666,0.4666666666666667,0.5333333333333333,0.0,0.42,0.3375,0.0,0.22,0.0,0.10833333333333334,0.28,0.0,0.0,0.25,0.0,0.36363636363636365,0.0,0.0,0.0,0.0,0
1.0357142857142858,1.0357142857142858,0.0,0.16666666666666666,2.0,3,0.0,37,206.45736434108528,206.29457364341087,110.57364341085272,110.41085271317831,0.301218161683278,0.0,0.0,0.0,0.0,0.32,0.0,0.0,0.36,0.0375,0.0,0.0,0.25,0.0,0.0,0.0,0.0,0.0,0.0,0.0,0.0,1
1.0357142857142858,1.0357142857142858,0.0,1.0,2.0,6,0.25,36,171.45736434108528,158.95348837209303,90.15503875968993,77.65116279069768,0.4418604651162791,0.0,0.0,0.0,0.0,0.42,0.4875,0.1375,0.44,0.1875,0.6166666666666667,0.5866666666666667,0.15833333333333333,0.0,0.9545454545454546,0.0,0.25,0.0,0.13636363636363635,0.0,0.20454545454545456,0
1.0357142857142858,1.0357142857142858,0.0,1.0,2.0,6,0.25,36,171.45736434108528,158.95348837209303,90.15503875968993,77.65116279069768,0.4418604651162791,0.0,0.0,0.0,0.0,0.42,0.4875,0.1375,0.44,0.1875,0.6166666666666667,0.5866666666666667,0.15833333333333333,0.0,0.9545454545454546,0.0,0.25,0.0,0.13636363636363635,0.0,0.20454545454545456,0
1.0357142857142858,1.0357142857142858,0.0,1.0,2.0,6,0.25,36,171.45736434108528,158.95348837209303,90.15503875968993,77.65116279069768,0.4418604651162791,0.0,0.0,0.0,0.0,0.42,0.4875,0.1375,0.44,0.1875,0.6166666666666667,0.5866666666666667,0.15833333333333333,0.0,0.9545454545454546,0.0,0.25,0.0,0.13636363636363635,0.0,0.20454545454545456,0
1.0357142857142858,1.0357142857142858,0.0,1.0,2.0,6,0.25,36,171.45736434108528,158.95348837209303,90.15503875968993,77.65116279069768,0.4418604651162791,0.0,0.0,0.0,0.0,0.42,0.4875,0.1375,0.44,0.1875,0.6166666666666667,0.5866666666666667,0.15833333333333333,0.0,0.9545454545454546,0.0,0.25,0.0,0.13636363636363635,0.0,0.20454545454545456,0
1.0357142857142858,1.0357142857142858,0.0,1.0,2.0,6,0.25,36,171.45736434108528,158.95348837209303,90.15503875968993,77.65116279069768,0.4418604651162791,0.0,0.0,0.0,0.0,0.42,0.4875,0.1375,0.44,0.1875,0.6166666666666667,0.5866666666666667,0.15833333333333333,0.0,0.9545454545454546,0.0,0.25,0.0,0.13636363636363635,0.0,0.20454545454545456,0
1.0357142857142858,0.9285714285714286,0.0,0.75,2.0,7,0.2857142857142857,37,171.45736434108525,162.67441860465115,82.1550387596899,73.3720930232558,0.45182724252491696,0.0,0.0,0.0,0.0,0.52,0.4875,0.1625,0.4,0.2125,0.6666666666666666,0.5333333333333333,0.125,0.0,0.9545454545454546,0.0,0.25,0.0,0.1590909090909091,0.0,0.29545454545454547,0
0.9642857142857143,0.75,0.0,0.16666666666666666,2.0,11,0.3333333333333333,37,140.8372093023256,176.89147286821705,33.511627906976756,69.56589147286822,0.4141749723145072,0.0,0.0,0.0,0.375,0.48,0.3125,0.2875,0.34,0.0375,0.14166666666666666,0.10666666666666667,0.21666666666666667,0.7727272727272727,0.8181818181818182,0.18181818181818182,0.0,0.022727272727272728,0.0,0.7272727272727273,0.0,0
0.9642857142857143,0.75,0.0,0.16666666666666666,2.0,11,0.3333333333333333,37,140.8372093023256,176.89147286821705,33.511627906976756,69.56589147286822,0.4141749723145072,0.0,0.0,0.0,0.375,0.48,0.3125,0.2875,0.34,0.0375,0.14166666666666666,0.10666666666666667,0.21666666666666667,0.7727272727272727,0.8181818181818182,0.18181818181818182,0.0,0.022727272727272728,0.0,0.7272727272727273,0.0,0
0.9642857142857143,0.75,0.0,0.16666666666666666,2.0,11,0.3333333333333333,37,140.8372093023256,176.89147286821705,33.511627906976756,69.56589147286822,0.4141749723145072,0.0,0.0,0.0,0.375,0.48,0.3125,0.2875,0.34,0.0375,0.14166666666666666,0.10666666666666667,0.21666666666666667,0.7727272727272727,0.8181818181818182,0.18181818181818182,0.0,0.022727272727272728,0.0,0.7272727272727273,0.0,0
0.9642857142857143,0.75,0.0,0.16666666666666666,2.0,11,0.3333333333333333,37,140.8372093023256,176.89147286821705,33.511627906976756,69.56589147286822,0.4141749723145072,0.0,0.0,0.0,0.375,0.48,0.3125,0.2875,0.34,0.0375,0.14166666666666666,0.10666666666666667,0.21666666666666667,0.7727272727272727,0.8181818181818182,0.18181818181818182,0.0,0.022727272727272728,0.0,0.7272727272727273,0.0,0
1.0357142857142858,1.0357142857142858,0.0,0.6666666666666666,1.0,11,0.25,37,138.54263565891472,178.12403100775194,70.3798449612403,109.96124031007751,0.41971207087486156,0.0,0.0,0.0,0.3625,0.48,0.4,0.1375,0.28,0.025,0.38333333333333336,0.30666666666666664,0.175,0.8863636363636364,1.0,0.0,0.0,0.0,0.0,0.0,0.20454545454545456,0
1.0357142857142858,1.0357142857142858,0.0,0.6666666666666666,1.0,11,0.25,37,138.54263565891472,178.12403100775194,70.3798449612403,109.96124031007751,0.41971207087486156,0.0,0.0,0.0,0.3625,0.48,0.4,0.1375,0.28,0.025,0.38333333333333336,0.30666666666666664,0.175,0.8863636363636364,1.0,0.0,0.0,0.0,0.0,0.0,0.20454545454545456,0
1.0357142857142858,1.0357142857142858,0.0,0.6666666666666666,1.0,11,0.25,37,138.54263565891472,178.12403100775194,70.3798449612403,109.96124031007751,0.41971207087486156,0.0,0.0,0.0,0.3625,0.48,0.4,0.1375,0.28,0.025,0.38333333333333336,0.30666666666666664,0.175,0.8863636363636364,1.0,0.0,0.0,0.0,0.0,0.0,0.20454545454545456,0
1.0357142857142858,1.0357142857142858,0.0,0.6666666666666666,1.0,11,0.25,37,138.54263565891472,178.12403100775194,70.3798449612403,109.96124031007751,0.41971207087486156,0.0,0.0,0.0,0.3625,0.48,0.4,0.1375,0.28,0.025,0.38333333333333336,0.30666666666666664,0.175,0.8863636363636364,1.0,0.0,0.0,0.0,0.0,0.0,0.20454545454545456,0
1.0357142857142858,1.0357142857142858,0.08333333333333333,0.16666666666666666,4.5,7,0.5,37,143.41860465116278,205.08527131782947,49.999999999999986,111.66666666666667,0.3754152823920266,0.0,0.0,0.0,0.4,0.48,0.0,0.2125,0.48,0.0125,0.16666666666666666,0.13333333333333333,0.13333333333333333,1.0,0.0,0.0,0.0,0.0,0.18181818181818182,0.4772727272727273,0.0,0
1.0357142857142858,1.0357142857142858,0.041666666666666664,0.16666666666666666,4.0,6,0.5,37,142.72868217054264,205.47286821705424,24.798449612403104,87.5426356589147,0.3743078626799557,0.0,0.0,0.0,0.4,0.4,0.0,0.2625,0.4,0.05,0.15833333333333333,0.13333333333333333,0.13333333333333333,1.0,0.0,0.0,0.0,0.0,0.2727272727272727,0.5681818181818182,0.0,0
1.0357142857142858,1.0357142857142858,0.041666666666666664,0.16666666666666666,4.0,6,0.5,37,142.72868217054264,205.47286821705424,24.798449612403104,87.5426356589147,0.3743078626799557,0.0,0.0,0.0,0.4,0.4,0.0,0.2625,0.4,0.05,0.15833333333333333,0.13333333333333333,0.13333333333333333,1.0,0.0,0.0,0.0,0.0,0.2727272727272727,0.5681818181818182,0.0,0
1.0357142857142858,1.0357142857142858,0.041666666666666664,0.16666666666666666,4.0,6,0.5,37,142.72868217054264,205.47286821705424,24.798449612403104,87.5426356589147,0.3743078626799557,0.0,0.0,0.0,0.4,0.4,0.0,0.2625,0.4,0.05,0.15833333333333333,0.13333333333333333,0.13333333333333333,1.0,0.0,0.0,0.0,0.0,0.2727272727272727,0.5681818181818182,0.0,0
1.0357142857142858,1.0357142857142858,0.041666666666666664,0.16666666666666666,4.0,6,0.5,37,142.72868217054264,205.47286821705424,24.798449612403104,87.5426356589147,0.3743078626799557,0.0,0.0,0.0,0.4,0.4,0.0,0.2625,0.4,0.05,0.15833333333333333,0.13333333333333333,0.13333333333333333,1.0,0.0,0.0,0.0,0.0,0.2727272727272727,0.5681818181818182,0.0,0
0.8928571428571429,0.8214285714285714,0.5416666666666666,0.16666666666666666,4.0,7,0.5,37,170.89147286821705,160.79844961240312,79.1937984496124,69.10077519379847,0.3920265780730897,0.05,0.25333333333333335,0.3,0.0,0.42,0.3125,0.25,0.26,0.025,0.13333333333333333,0.14666666666666667,0.175,0.0,0.25,0.0,0.022727272727272728,0.5454545454545454,0.20454545454545456,0.0,0.0,0
0.8928571428571429,0.8214285714285714,0.5416666666666666,0.16666666666666666,4.0,7,0.5,37,170.89147286821705,160.79844961240312,79.1937984496124,69.10077519379847,0.3920265780730897,0.05,0.25333333333333335,0.3,0.0,0.42,0.3125,0.25,0.26,0.025,0.13333333333333333,0.14666666666666667,0.175,0.0,0.25,0.0,0.022727272727272728,0.5454545454545454,0.20454545454545456,0.0,0.0,0
0.8928571428571429,0.8214285714285714,0.5416666666666666,0.16666666666666666,4.0,7,0.5,37,170.89147286821705,160.79844961240312,79.1937984496124,69.10077519379847,0.3920265780730897,0.05,0.25333333333333335,0.3,0.0,0.42,0.3125,0.25,0.26,0.025,0.13333333333333333,0.14666666666666667,0.175,0.0,0.25,0.0,0.022727272727272728,0.5454545454545454,0.20454545454545456,0.0,0.0,0
0.8928571428571429,0.8214285714285714,0.5416666666666666,0.16666666666666666,4.0,7,0.5,37,170.89147286821705,160.79844961240312,79.1937984496124,69.10077519379847,0.3920265780730897,0.05,0.25333333333333335,0.3,0.0,0.42,0.3125,0.25,0.26,0.025,0.13333333333333333,0.14666666666666667,0.175,0.0,0.25,0.0,0.022727272727272728,0.5454545454545454,0.20454545454545456,0.0,0.0,0
1.0357142857142858,1.0357142857142858,1.0,1.0,2.0,7,0.125,19,198.2635658914729,140.5891472868217,148.98449612403104,91.31007751937986,0.34108527131782945,0.13333333333333333,0.4533333333333333,0.4583333333333333,0.0,0.58,0.275,0.1375,0.46,0.0,0.23333333333333334,0.4266666666666667,0.0,0.0,0.1590909090909091,0.0,0.3409090909090909,0.0,0.0,0.11363636363636363,0.0,0
1.0357142857142858,1.0357142857142858,1.0,1.0,2.0,7,0.125,19,198.2635658914729,140.5891472868217,148.98449612403104,91.31007751937986,0.34108527131782945,0.13333333333333333,0.4533333333333333,0.4583333333333333,0.0,0.58,0.275,0.1375,0.46,0.0,0.23333333333333334,0.4266666666666667,0.0,0.0,0.1590909090909091,0.0,0.3409090909090909,0.0,0.0,0.11363636363636363,0.0,0
1.0357142857142858,1.0357142857142858,1.0,1.0,2.0,7,0.125,19,198.2635658914729,140.5891472868217,148.98449612403104,91.31007751937986,0.34108527131782945,0.13333333333333333,0.4533333333333333,0.4583333333333333,0.0,0.58,0.275,0.1375,0.46,0.0,0.23333333333333334,0.4266666666666667,0.0,0.0,0.1590909090909091,0.0,0.3409090909090909,0.0,0.0,0.11363636363636363,0.0,0
1.0357142857142858,1.0357142857142858,1.0,1.0,2.0,7,0.125,19,198.2635658914729,140.5891472868217,148.98449612403104,91.31007751937986,0.34108527131782945,0.13333333333333333,0.4533333333333333,0.4583333333333333,0.0,0.58,0.275,0.1375,0.46,0.0,0.23333333333333334,0.4266666666666667,0.0,0.0,0.1590909090909091,0.0,0.3409090909090909,0.0,0.0,0.11363636363636363,0.0,0
1.0357142857142858,1.0357142857142858,1.0,1.0,2.0,7,0.125,19,198.2635658914729,140.5891472868217,148.98449612403104,91.31007751937986,0.34108527131782945,0.13333333333333333,0.4533333333333333,0.4583333333333333,0.0,0.58,0.275,0.1375,0.46,0.0,0.23333333333333334,0.4266666666666667,0.0,0.0,0.1590909090909091,0.0,0.3409090909090909,0.0,0.0,0.11363636363636363,0.0,0
1.0357142857142858,1.0,0.0,0.16666666666666666,3.0,3,0.0,37,205.64341085271317,210.97674418604652,92.43410852713178,97.76744186046513,0.2857142857142857,0.0,0.0,0.0,0.0,0.42,0.0,0.0,0.44,0.075,0.0,0.0,0.175,0.0,0.045454545454545456,0.0,0.11363636363636363,0.0,0.22727272727272727,0.0,0.11363636363636363,1
1.0357142857142858,1.0357142857142858,0.5,1.0,1.5,6,0.375,37,123.17054263565892,194.94573643410854,96.33333333333334,168.10852713178295,0.4130675526024363,0.041666666666666664,0.38666666666666666,0.5833333333333334,0.1125,0.28,0.075,0.45,0.44,0.05,0.48333333333333334,0.5733333333333334,0.008333333333333333,0.0,0.0,0.25,0.3181818181818182,0.4318181818181818,0.022727272727272728,0.1590909090909091,0.22727272727272727,0
1.0357142857142858,1.0357142857142858,0.5,1.0,1.5,6,0.375,37,123.17054263565892,194.94573643410854,96.33333333333334,168.10852713178295,0.4130675526024363,0.041666666666666664,0.38666666666666666,0.5833333333333334,0.1125,0.28,0.075,0.45,0.44,0.05,0.48333333333333334,0.5733333333333334,0.008333333333333333,0.0,0.0,0.25,0.3181818181818182,0.4318181818181818,0.022727272727272728,0.1590909090909091,0.22727272727272727,0
1.0357142857142858,1.0357142857142858,0.5,1.0,1.5,6,0.375,37,123.17054263565892,194.94573643410854,96.33333333333334,168.10852713178295,0.4130675526024363,0.041666666666666664,0.38666666666666666,0.5833333333333334,0.1125,0.28,0.075,0.45,0.44,0.05,0.48333333333333334,0.5733333333333334,0.008333333333333333,0.0,0.0,0.25,0.3181818181818182,0.4318181818181818,0.022727272727272728,0.1590909090909091,0.22727272727272727,0
0.8928571428571429,0.75,0.25,0.16666666666666666,2.0,7,0.4,37,130.58139534883722,197.4341085271318,35.13953488372094,101.99224806201552,0.3909191583610188,0.6,0.6533333333333333,0.55,0.275,0.5,0.0,0.2375,0.34,0.025,0.0,0.0,0.0,0.0,0.0,0.5909090909090909,0.022727272727272728,0.09090909090909091,0.13636363636363635,0.4318181818181818,0.0,0
0.8928571428571429,0.75,0.6666666666666666,0.16666666666666666,2.0,6,0.3333333333333333,37,130.5736434108527,197.88372093023256,25.782945736434087,93.09302325581395,0.39756367663344405,0.6,0.6533333333333333,0.55,0.325,0.42,0.0,0.2875,0.26,0.075,0.0,0.0,0.016666666666666666,0.0,0.0,0.6818181818181818,0.06818181818181818,0.11363636363636363,0.20454545454545456,0.4772727272727273,0.022727272727272728,0
0.8928571428571429,0.75,0.6666666666666666,0.16666666666666666,2.0,6,0.3333333333333333,37,130.5736434108527,197.88372093023256,25.782945736434087,93.09302325581395,0.39756367663344405,0.6,0.6533333333333333,0.55,0.325,0.42,0.0,0.2875,0.26,0.075,0.0,0.0,0.016666666666666666,0.0,0.0,0.6818181818181818,0.06818181818181818,0.11363636363636363,0.20454545454545456,0.4772727272727273,0.022727272727272728,0
0.8928571428571429,0.75,0.6666666666666666,0.16666666666666666,2.0,6,0.3333333333333333,37,130.5736434108527,197.88372093023256,25.782945736434087,93.09302325581395,0.39756367663344405,0.6,0.6533333333333333,0.55,0.325,0.42,0.0,0.2875,0.26,0.075,0.0,0.0,0.016666666666666666,0.0,0.0,0.6818181818181818,0.06818181818181818,0.11363636363636363,0.20454545454545456,0.4772727272727273,0.022727272727272728,0
1.0357142857142858,1.0357142857142858,0.5,0.4166666666666667,2.0,7,0.375,36,125.26356589147287,201.66666666666666,67.0077519379845,143.4108527131783,0.4097452934662237,0.5833333333333334,0.7066666666666667,0.55,0.1125,0.44,0.125,0.425,0.44,0.1125,0.125,0.04,0.0,0.0,0.0,0.22727272727272727,0.4090909090909091,0.4318181818181818,0.045454545454545456,0.11363636363636363,0.3409090909090909,0
1.0357142857142858,1.0357142857142858,0.5,0.4166666666666667,2.0,7,0.375,36,125.26356589147287,201.66666666666666,67.0077519379845,143.4108527131783,0.4097452934662237,0.5833333333333334,0.7066666666666667,0.55,0.1125,0.44,0.125,0.425,0.44,0.1125,0.125,0.04,0.0,0.0,0.0,0.22727272727272727,0.4090909090909091,0.4318181818181818,0.045454545454545456,0.11363636363636363,0.3409090909090909,0
1.0357142857142858,1.0357142857142858,0.5,0.4166666666666667,2.0,7,0.375,36,125.26356589147287,201.66666666666666,67.0077519379845,143.4108527131783,0.4097452934662237,0.5833333333333334,0.7066666666666667,0.55,0.1125,0.44,0.125,0.425,0.44,0.1125,0.125,0.04,0.0,0.0,0.0,0.22727272727272727,0.4090909090909091,0.4318181818181818,0.045454545454545456,0.11363636363636363,0.3409090909090909,0
1.0357142857142858,1.0357142857142858,0.5,0.4166666666666667,2.0,7,0.375,36,125.26356589147287,201.66666666666666,67.0077519379845,143.4108527131783,0.4097452934662237,0.5833333333333334,0.7066666666666667,0.55,0.1125,0.44,0.125,0.425,0.44,0.1125,0.125,0.04,0.0,0.0,0.0,0.22727272727272727,0.4090909090909091,0.4318181818181818,0.045454545454545456,0.11363636363636363,0.3409090909090909,0
0.9285714285714286,0.8928571428571429,0.3333333333333333,0.3333333333333333,3.0,7,0.42857142857142855,37,136.9767441860465,204.7286821705426,20.23255813953486,87.98449612403098,0.3344407530454042,0.5416666666666666,0.5333333333333333,0.0,0.275,0.52,0.0,0.3,0.48,0.125,0.0,0.0,0.0,0.0,0.1590909090909091,0.5909090909090909,0.0,0.09090909090909091,0.11363636363636363,0.4772727272727273,0.06818181818181818,0
0.8571428571428571,0.8928571428571429,0.5,0.3333333333333333,2.5,6,0.3333333333333333,37,136.27131782945736,203.48062015503876,28.875968992248062,96.08527131782947,0.34219269102990035,0.55,0.41333333333333333,0.0,0.325,0.44,0.0375,0.3625,0.4,0.1625,0.0,0.0,0.0,0.0,0.25,0.6818181818181818,0.0,0.13636363636363635,0.20454545454545456,0.5227272727272727,0.06818181818181818,0
0.8571428571428571,0.8928571428571429,0.5,0.3333333333333333,2.5,6,0.3333333333333333,37,136.27131782945736,203.48062015503876,28.875968992248062,96.08527131782947,0.34219269102990035,0.55,0.41333333333333333,0.0,0.325,0.44,0.0375,0.3625,0.4,0.1625,0.0,0.0,0.0,0.0,0.25,0.6818181818181818,0.0,0.13636363636363635,0.20454545454545456,0.5227272727272727,0.06818181818181818,0
0.8571428571428571,0.8928571428571429,0.5,0.3333333333333333,2.5,6,0.3333333333333333,37,136.27131782945736,203.48062015503876,28.875968992248062,96.08527131782947,0.34219269102990035,0.55,0.41333333333333333,0.0,0.325,0.44,0.0375,0.3625,0.4,0.1625,0.0,0.0,0.0,0.0,0.25,0.6818181818181818,0.0,0.13636363636363635,0.20454545454545456,0.5227272727272727,0.06818181818181818,0
0.8928571428571429,0.8571428571428571,0.23809523809523808,0.2619047619047619,7.0,9,0.6666666666666666,37,145.66666666666666,177.62790697674419,56.13178294573642,88.09302325581395,0.38981173864894797,0.0,0.4,0.45,0.2375,0.62,0.4375,0.325,0.42,0.2,0.0,0.0,0.0,0.5227272727272727,0.5909090909090909,0.0,0.0,0.4772727272727273,0.0,0.06818181818181818,0.22727272727272727,0
0.8928571428571429,0.8571428571428571,0.23809523809523808,0.2619047619047619,7.0,9,0.6666666666666666,37,145.66666666666666,177.62790697674419,56.13178294573642,88.09302325581395,0.38981173864894797,0.0,0.4,0.45,0.2375,0.62,0.4375,0.325,0.42,0.2,0.0,0.0,0.0,0.5227272727272727,0.5909090909090909,0.0,0.0,0.4772727272727273,0.0,0.06818181818181818,0.22727272727272727,0
0.8928571428571429,0.8571428571428571,0.23809523809523808,0.2619047619047619,7.0,9,0.6666666666666666,37,145.66666666666666,177.62790697674419,56.13178294573642,88.09302325581395,0.38981173864894797,0.0,0.4,0.45,0.2375,0.62,0.4375,0.325,0.42,0.2,0.0,0.0,0.0,0.5227272727272727,0.5909090909090909,0.0,0.0,0.4772727272727273,0.0,0.06818181818181818,0.22727272727272727,0
0.8928571428571429,0.8571428571428571,0.23809523809523808,0.2619047619047619,7.0,9,0.6666666666666666,37,145.66666666666666,177.62790697674419,56.13178294573642,88.09302325581395,0.38981173864894797,0.0,0.4,0.45,0.2375,0.62,0.4375,0.325,0.42,0.2,0.0,0.0,0.0,0.5227272727272727,0.5909090909090909,0.0,0.0,0.4772727272727273,0.0,0.06818181818181818,0.22727272727272727,0
0.8928571428571429,0.8571428571428571,0.23809523809523808,0.2619047619047619,7.0,9,0.6666666666666666,37,145.66666666666666,177.62790697674419,56.13178294573642,88.09302325581395,0.38981173864894797,0.0,0.4,0.45,0.2375,0.62,0.4375,0.325,0.42,0.2,0.0,0.0,0.0,0.5227272727272727,0.5909090909090909,0.0,0.0,0.4772727272727273,0.0,0.06818181818181818,0.22727272727272727,0
0.8928571428571429,0.7142857142857143,0.2777777777777778,0.25,6.0,8,0.6666666666666666,37,142.97674418604652,170.50387596899225,19.279069767441868,46.8062015503876,0.3920265780730897,0.0,0.4666666666666667,0.44166666666666665,0.2875,0.64,0.3875,0.375,0.36,0.2,0.0,0.0,0.0,0.6136363636363636,0.5681818181818182,0.0,0.0,0.5681818181818182,0.0,0.06818181818181818,0.20454545454545456,0
0.9642857142857143,0.7857142857142857,0.2222222222222222,0.7222222222222222,3.0,11,0.3333333333333333,18,138.68992248062014,136.62790697674419,47.22480620155038,45.162790697674424,0.4407530454042082,0.125,0.3466666666666667,0.38333333333333336,0.65,0.44,0.2375,0.1375,0.52,0.3,0.0,0.13333333333333333,0.0,0.6136363636363636,0.13636363636363635,0.6818181818181818,0.38636363636363635,0.25,0.18181818181818182,0.0,0.4318181818181818,0
0.9642857142857143,0.7857142857142857,0.2222222222222222,0.7222222222222222,3.0,11,0.3333333333333333,18,138.68992248062014,136.62790697674419,47.22480620155038,45.162790697674424,0.4407530454042082,0.125,0.3466666666666667,0.38333333333333336,0.65,0.44,0.2375,0.1375,0.52,0.3,0.0,0.13333333333333333,0.0,0.6136363636363636,0.13636363636363635,0.6818181818181818,0.38636363636363635,0.25,0.18181818181818182,0.0,0.4318181818181818,0
0.9642857142857143,0.7857142857142857,0.2222222222222222,0.7222222222222222,3.0,11,0.3333333333333333,18,138.68992248062014,136.62790697674419,47.22480620155038,45.162790697674424,0.4407530454042082,0.125,0.3466666666666667,0.38333333333333336,0.65,0.44,0.2375,0.1375,0.52,0.3,0.0,0.13333333333333333,0.0,0.6136363636363636,0.13636363636363635,0.6818181818181818,0.38636363636363635,0.25,0.18181818181818182,0.0,0.4318181818181818,0
0.9642857142857143,0.7857142857142857,0.2222222222222222,0.7222222222222222,3.0,11,0.3333333333333333,18,138.68992248062014,136.62790697674419,47.22480620155038,45.162790697674424,0.4407530454042082,0.125,0.3466666666666667,0.38333333333333336,0.65,0.44,0.2375,0.1375,0.52,0.3,0.0,0.13333333333333333,0.0,0.6136363636363636,0.13636363636363635,0.6818181818181818,0.38636363636363635,0.25,0.18181818181818182,0.0,0.4318181818181818,0
0.9642857142857143,0.7857142857142857,0.2222222222222222,0.7222222222222222,3.0,11,0.3333333333333333,18,138.68992248062014,136.62790697674419,47.22480620155038,45.162790697674424,0.4407530454042082,0.125,0.3466666666666667,0.38333333333333336,0.65,0.44,0.2375,0.1375,0.52,0.3,0.0,0.13333333333333333,0.0,0.6136363636363636,0.13636363636363635,0.6818181818181818,0.38636363636363635,0.25,0.18181818181818182,0.0,0.4318181818181818,0
1.0357142857142858,1.0357142857142858,0.0,0.16666666666666666,3.0,4,0.125,4,199.21705426356587,254.3798449612403,103.21705426356587,158.3798449612403,0.2159468438538206,0.23333333333333334,0.0,0.0,0.0,0.44,0.0,0.0,0.52,0.0,0.0,0.0,0.0,0.0,0.0,0.0,0.09090909090909091,0.0,0.09090909090909091,0.0,0.09090909090909091,0
1.0357142857142858,1.0357142857142858,0.0,0.1111111111111111,3.0,4,0.125,4,200.34108527131784,254.37209302325581,115.48062015503876,169.51162790697674,0.20376522702104097,0.16666666666666666,0.0,0.0,0.0,0.44,0.0,0.0,0.52,0.0,0.0,0.0,0.0,0.022727272727272728,0.0,0.022727272727272728,0.0,0.022727272727272728,0.0,0.022727272727272728,0.0,0
1.0357142857142858,1.0357142857142858,0.0,0.1111111111111111,3.0,4,0.125,4,200.34108527131784,254.37209302325581,115.48062015503876,169.51162790697674,0.20376522702104097,0.16666666666666666,0.0,0.0,0.0,0.44,0.0,0.0,0.52,0.0,0.0,0.0,0.0,0.022727272727272728,0.0,0.022727272727272728,0.0,0.022727272727272728,0.0,0.022727272727272728,0.0,0
1.0357142857142858,1.0357142857142858,0.0,0.1111111111111111,3.0,4,0.125,4,200.34108527131784,254.37209302325581,115.48062015503876,169.51162790697674,0.20376522702104097,0.16666666666666666,0.0,0.0,0.0,0.44,0.0,0.0,0.52,0.0,0.0,0.0,0.0,0.022727272727272728,0.0,0.022727272727272728,0.0,0.022727272727272728,0.0,0.022727272727272728,0.0,0
1.0357142857142858,1.0357142857142858,0.0,0.1111111111111111,3.0,4,0.125,4,200.34108527131784,254.37209302325581,115.48062015503876,169.51162790697674,0.20376522702104097,0.16666666666666666,0.0,0.0,0.0,0.44,0.0,0.0,0.52,0.0,0.0,0.0,0.0,0.022727272727272728,0.0,0.022727272727272728,0.0,0.022727272727272728,0.0,0.022727272727272728,0.0,0
1.0357142857142858,1.0357142857142858,0.25,0.8333333333333334,2.0,6,0.25,37,207.62790697674419,95.75968992248062,164.65116279069767,52.78294573643411,0.37652270210409744,0.0,0.08,0.43333333333333335,0.0,0.52,0.45,0.0875,0.4,0.1125,0.0,0.68,0.6083333333333333,0.0,0.0,0.0,0.6363636363636364,0.0,0.0,0.0,0.0,0
1.0357142857142858,1.0357142857142858,0.25,0.8333333333333334,2.0,6,0.25,37,207.62790697674419,95.75968992248062,164.65116279069767,52.78294573643411,0.37652270210409744,0.0,0.08,0.43333333333333335,0.0,0.52,0.45,0.0875,0.4,0.1125,0.0,0.68,0.6083333333333333,0.0,0.0,0.0,0.6363636363636364,0.0,0.0,0.0,0.0,0
1.0357142857142858,1.0357142857142858,0.25,0.8333333333333334,2.0,6,0.25,37,207.62790697674419,95.75968992248062,164.65116279069767,52.78294573643411,0.37652270210409744,0.0,0.08,0.43333333333333335,0.0,0.52,0.45,0.0875,0.4,0.1125,0.0,0.68,0.6083333333333333,0.0,0.0,0.0,0.6363636363636364,0.0,0.0,0.0,0.0,0
1.0357142857142858,1.0357142857142858,0.25,0.8333333333333334,2.0,6,0.25,37,207.62790697674419,95.75968992248062,164.65116279069767,52.78294573643411,0.37652270210409744,0.0,0.08,0.43333333333333335,0.0,0.52,0.45,0.0875,0.4,0.1125,0.0,0.68,0.6083333333333333,0.0,0.0,0.0,0.6363636363636364,0.0,0.0,0.0,0.0,0
1.0357142857142858,1.0357142857142858,0.25,0.8333333333333334,2.0,6,0.25,37,207.62790697674419,95.75968992248062,164.65116279069767,52.78294573643411,0.37652270210409744,0.0,0.08,0.43333333333333335,0.0,0.52,0.45,0.0875,0.4,0.1125,0.0,0.68,0.6083333333333333,0.0,0.0,0.0,0.6363636363636364,0.0,0.0,0.0,0.0,0
1.0357142857142858,0.7857142857142857,0.3333333333333333,1.0,2.0,6,0.2857142857142857,37,190.02325581395348,138.87596899224806,110.0,58.85271317829458,0.36212624584717606,0.21666666666666667,0.22666666666666666,0.21666666666666667,0.075,0.42,0.45,0.1625,0.52,0.1125,0.6,0.38666666666666666,0.0,0.3181818181818182,0.0,0.0,0.6363636363636364,0.11363636363636363,0.022727272727272728,0.022727272727272728,0.022727272727272728,0
1.0357142857142858,0.7857142857142857,0.3333333333333333,1.0,2.0,6,0.2857142857142857,37,190.02325581395348,138.87596899224806,110.0,58.85271317829458,0.36212624584717606,0.21666666666666667,0.22666666666666666,0.21666666666666667,0.075,0.42,0.45,0.1625,0.52,0.1125,0.6,0.38666666666666666,0.0,0.3181818181818182,0.0,0.0,0.6363636363636364,0.11363636363636363,0.022727272727272728,0.022727272727272728,0.022727272727272728,0
1.0357142857142858,0.7857142857142857,0.3333333333333333,1.0,2.0,6,0.2857142857142857,37,190.02325581395348,138.87596899224806,110.0,58.85271317829458,0.36212624584717606,0.21666666666666667,0.22666666666666666,0.21666666666666667,0.075,0.42,0.45,0.1625,0.52,0.1125,0.6,0.38666666666666666,0.0,0.3181818181818182,0.0,0.0,0.6363636363636364,0.11363636363636363,0.022727272727272728,0.022727272727272728,0.022727272727272728,0
1.0357142857142858,0.7857142857142857,0.3333333333333333,1.0,2.0,6,0.2857142857142857,37,190.02325581395348,138.87596899224806,110.0,58.85271317829458,0.36212624584717606,0.21666666666666667,0.22666666666666666,0.21666666666666667,0.075,0.42,0.45,0.1625,0.52,0.1125,0.6,0.38666666666666666,0.0,0.3181818181818182,0.0,0.0,0.6363636363636364,0.11363636363636363,0.022727272727272728,0.022727272727272728,0.022727272727272728,0
1.0357142857142858,0.8928571428571429,0.0,1.0,1.0,6,0.2857142857142857,34,214.58139534883722,133.03100775193798,149.7674418604651,68.21705426356588,0.3034330011074197,0.0,0.18666666666666668,0.23333333333333334,0.0,0.3,0.2875,0.0,0.36,0.3,0.0,0.49333333333333335,0.7166666666666667,0.0,0.7954545454545454,0.1590909090909091,0.0,0.0,0.2727272727272727,0.0,0.36363636363636365,0
1.0357142857142858,0.8928571428571429,0.0,1.0,1.0,6,0.2857142857142857,34,214.58139534883722,133.03100775193798,149.7674418604651,68.21705426356588,0.3034330011074197,0.0,0.18666666666666668,0.23333333333333334,0.0,0.3,0.2875,0.0,0.36,0.3,0.0,0.49333333333333335,0.7166666666666667,0.0,0.7954545454545454,0.1590909090909091,0.0,0.0,0.2727272727272727,0.0,0.36363636363636365,0
1.0357142857142858,0.8928571428571429,0.0,1.0,1.0,6,0.2857142857142857,34,214.58139534883722,133.03100775193798,149.7674418604651,68.21705426356588,0.3034330011074197,0.0,0.18666666666666668,0.23333333333333334,0.0,0.3,0.2875,0.0,0.36,0.3,0.0,0.49333333333333335,0.7166666666666667,0.0,0.7954545454545454,0.1590909090909091,0.0,0.0,0.2727272727272727,0.0,0.36363636363636365,0
1.0357142857142858,0.8928571428571429,0.0,1.0,1.0,6,0.2857142857142857,34,214.58139534883722,133.03100775193798,149.7674418604651,68.21705426356588,0.3034330011074197,0.0,0.18666666666666668,0.23333333333333334,0.0,0.3,0.2875,0.0,0.36,0.3,0.0,0.49333333333333335,0.7166666666666667,0.0,0.7954545454545454,0.1590909090909091,0.0,0.0,0.2727272727272727,0.0,0.36363636363636365,0
1.0357142857142858,0.8214285714285714,0.0,1.0,1.0,6,0.42857142857142855,37,144.96124031007753,138.93023255813955,40.17054263565892,34.13953488372094,0.39867109634551495,0.2833333333333333,0.17333333333333334,0.24166666666666667,0.4125,0.44,0.55,0.0,0.2,0.0,0.6833333333333333,0.6666666666666666,0.39166666666666666,0.6136363636363636,0.25,0.06818181818181818,0.6136363636363636,0.06818181818181818,0.0,0.06818181818181818,0.0,0
1.0357142857142858,0.8214285714285714,0.0,1.0,1.0,6,0.42857142857142855,37,144.96124031007753,138.93023255813955,40.17054263565892,34.13953488372094,0.39867109634551495,0.2833333333333333,0.17333333333333334,0.24166666666666667,0.4125,0.44,0.55,0.0,0.2,0.0,0.6833333333333333,0.6666666666666666,0.39166666666666666,0.6136363636363636,0.25,0.06818181818181818,0.6136363636363636,0.06818181818181818,0.0,0.06818181818181818,0.0,0
1.0357142857142858,0.8214285714285714,0.0,1.0,1.0,6,0.42857142857142855,37,144.96124031007753,138.93023255813955,40.17054263565892,34.13953488372094,0.39867109634551495,0.2833333333333333,0.17333333333333334,0.24166666666666667,0.4125,0.44,0.55,0.0,0.2,0.0,0.6833333333333333,0.6666666666666666,0.39166666666666666,0.6136363636363636,0.25,0.06818181818181818,0.6136363636363636,0.06818181818181818,0.0,0.06818181818181818,0.0,0
1.0357142857142858,0.8214285714285714,0.0,1.0,1.0,6,0.42857142857142855,37,144.96124031007753,138.93023255813955,40.17054263565892,34.13953488372094,0.39867109634551495,0.2833333333333333,0.17333333333333334,0.24166666666666667,0.4125,0.44,0.55,0.0,0.2,0.0,0.6833333333333333,0.6666666666666666,0.39166666666666666,0.6136363636363636,0.25,0.06818181818181818,0.6136363636363636,0.06818181818181818,0.0,0.06818181818181818,0.0,0
1.0357142857142858,0.8214285714285714,0.0,1.0,1.0,6,0.42857142857142855,37,144.96124031007753,138.93023255813955,40.17054263565892,34.13953488372094,0.39867109634551495,0.2833333333333333,0.17333333333333334,0.24166666666666667,0.4125,0.44,0.55,0.0,0.2,0.0,0.6833333333333333,0.6666666666666666,0.39166666666666666,0.6136363636363636,0.25,0.06818181818181818,0.6136363636363636,0.06818181818181818,0.0,0.06818181818181818,0.0,0
1.0,0.8571428571428571,0.16666666666666666,0.5416666666666666,4.0,11,0.5714285714285714,33,207.4418604651163,132.85271317829458,127.34883720930235,52.75968992248063,0.39424141749723146,0.18333333333333332,0.09333333333333334,0.025,0.55,0.4,0.3,0.2875,0.56,0.375,0.31666666666666665,0.4666666666666667,0.0,0.5,0.6363636363636364,0.6363636363636364,0.0,0.20454545454545456,0.1590909090909091,0.18181818181818182,0.4772727272727273,0
1.0,0.8571428571428571,0.16666666666666666,0.5416666666666666,4.0,11,0.5714285714285714,33,207.4418604651163,132.85271317829458,127.34883720930235,52.75968992248063,0.39424141749723146,0.18333333333333332,0.09333333333333334,0.025,0.55,0.4,0.3,0.2875,0.56,0.375,0.31666666666666665,0.4666666666666667,0.0,0.5,0.6363636363636364,0.6363636363636364,0.0,0.20454545454545456,0.1590909090909091,0.18181818181818182,0.4772727272727273,0
1.0,0.8571428571428571,0.16666666666666666,0.5416666666666666,4.0,11,0.5714285714285714,33,207.4418604651163,132.85271317829458,127.34883720930235,52.75968992248063,0.39424141749723146,0.18333333333333332,0.09333333333333334,0.025,0.55,0.4,0.3,0.2875,0.56,0.375,0.31666666666666665,0.4666666666666667,0.0,0.5,0.6363636363636364,0.6363636363636364,0.0,0.20454545454545456,0.1590909090909091,0.18181818181818182,0.4772727272727273,0
1.0,0.8571428571428571,0.16666666666666666,0.5416666666666666,4.0,11,0.5714285714285714,33,207.4418604651163,132.85271317829458,127.34883720930235,52.75968992248063,0.39424141749723146,0.18333333333333332,0.09333333333333334,0.025,0.55,0.4,0.3,0.2875,0.56,0.375,0.31666666666666665,0.4666666666666667,0.0,0.5,0.6363636363636364,0.6363636363636364,0.0,0.20454545454545456,0.1590909090909091,0.18181818181818182,0.4772727272727273,0
1.0,0.8571428571428571,0.16666666666666666,0.5416666666666666,4.0,11,0.5714285714285714,33,207.4418604651163,132.85271317829458,127.34883720930235,52.75968992248063,0.39424141749723146,0.18333333333333332,0.09333333333333334,0.025,0.55,0.4,0.3,0.2875,0.56,0.375,0.31666666666666665,0.4666666666666667,0.0,0.5,0.6363636363636364,0.6363636363636364,0.0,0.20454545454545456,0.1590909090909091,0.18181818181818182,0.4772727272727273,0
1.0357142857142858,0.7142857142857143,0.4166666666666667,0.9583333333333334,4.0,7,0.5714285714285714,21,142.55813953488374,189.34108527131784,70.51162790697676,117.29457364341086,0.34662236987818384,0.0,0.5333333333333333,0.7666666666666667,0.225,0.56,0.1625,0.125,0.56,0.2125,0.23333333333333334,0.24,0.0,0.0,0.13636363636363635,0.5,0.38636363636363635,0.06818181818181818,0.29545454545454547,0.09090909090909091,0.022727272727272728,0
1.0357142857142858,0.8571428571428571,0.4583333333333333,0.7916666666666666,4.0,6,0.5714285714285714,21,139.8139534883721,189.62015503875966,54.48837209302327,104.29457364341083,0.35658914728682173,0.0,0.6933333333333334,0.7583333333333333,0.275,0.48,0.225,0.175,0.54,0.2,0.2833333333333333,0.16,0.0,0.0,0.1590909090909091,0.5909090909090909,0.4318181818181818,0.11363636363636363,0.2727272727272727,0.0,0.022727272727272728,0
1.0357142857142858,0.8571428571428571,0.4583333333333333,0.7916666666666666,4.0,6,0.5714285714285714,21,139.8139534883721,189.62015503875966,54.48837209302327,104.29457364341083,0.35658914728682173,0.0,0.6933333333333334,0.7583333333333333,0.275,0.48,0.225,0.175,0.54,0.2,0.2833333333333333,0.16,0.0,0.0,0.1590909090909091,0.5909090909090909,0.4318181818181818,0.11363636363636363,0.2727272727272727,0.0,0.022727272727272728,0
1.0357142857142858,0.8571428571428571,0.4583333333333333,0.7916666666666666,4.0,6,0.5714285714285714,21,139.8139534883721,189.62015503875966,54.48837209302327,104.29457364341083,0.35658914728682173,0.0,0.6933333333333334,0.7583333333333333,0.275,0.48,0.225,0.175,0.54,0.2,0.2833333333333333,0.16,0.0,0.0,0.1590909090909091,0.5909090909090909,0.4318181818181818,0.11363636363636363,0.2727272727272727,0.0,0.022727272727272728,0
1.0357142857142858,1.0357142857142858,1.0,0.8333333333333334,1.0,6,0.25,34,146.92248062015503,181.72093023255812,127.08527131782944,161.88372093023253,0.3654485049833887,0.0,0.52,0.8,0.0,0.2,0.0,0.4125,0.44,0.325,0.38333333333333336,0.28,0.23333333333333334,0.0,0.0,0.0,0.045454545454545456,0.5454545454545454,0.13636363636363635,0.0,0.3409090909090909,0
1.0357142857142858,1.0357142857142858,1.0,0.8333333333333334,1.0,6,0.25,34,146.92248062015503,181.72093023255812,127.08527131782944,161.88372093023253,0.3654485049833887,0.0,0.52,0.8,0.0,0.2,0.0,0.4125,0.44,0.325,0.38333333333333336,0.28,0.23333333333333334,0.0,0.0,0.0,0.045454545454545456,0.5454545454545454,0.13636363636363635,0.0,0.3409090909090909,0
1.0357142857142858,1.0357142857142858,1.0,0.8333333333333334,1.0,6,0.25,34,146.92248062015503,181.72093023255812,127.08527131782944,161.88372093023253,0.3654485049833887,0.0,0.52,0.8,0.0,0.2,0.0,0.4125,0.44,0.325,0.38333333333333336,0.28,0.23333333333333334,0.0,0.0,0.0,0.045454545454545456,0.5454545454545454,0.13636363636363635,0.0,0.3409090909090909,0
1.0357142857142858,1.0357142857142858,1.0,0.8333333333333334,1.0,6,0.25,37,140.56589147286823,204.39534883720933,63.03100775193799,126.86046511627909,0.3610188261351052,0.425,0.4,0.0,0.0,0.2,0.0,0.4,0.46,0.0,0.325,0.16,0.0,0.0,0.0,0.0,0.0,0.5681818181818182,0.0,0.0,0.022727272727272728,0
1.0357142857142858,1.0357142857142858,1.0,0.8333333333333334,1.0,6,0.25,37,140.56589147286823,204.39534883720933,63.03100775193799,126.86046511627909,0.3610188261351052,0.425,0.4,0.0,0.0,0.2,0.0,0.4,0.46,0.0,0.325,0.16,0.0,0.0,0.0,0.0,0.0,0.5681818181818182,0.0,0.0,0.022727272727272728,0
1.0357142857142858,1.0357142857142858,1.0,0.8333333333333334,1.0,6,0.25,37,140.56589147286823,204.39534883720933,63.03100775193799,126.86046511627909,0.3610188261351052,0.425,0.4,0.0,0.0,0.2,0.0,0.4,0.46,0.0,0.325,0.16,0.0,0.0,0.0,0.0,0.0,0.5681818181818182,0.0,0.0,0.022727272727272728,0
1.0357142857142858,1.0357142857142858,1.0,0.8333333333333334,1.0,6,0.25,37,140.56589147286823,204.39534883720933,63.03100775193799,126.86046511627909,0.3610188261351052,0.425,0.4,0.0,0.0,0.2,0.0,0.4,0.46,0.0,0.325,0.16,0.0,0.0,0.0,0.0,0.0,0.5681818181818182,0.0,0.0,0.022727272727272728,0
1.0357142857142858,1.0357142857142858,0.5,0.4166666666666667,4.0,7,0.5,20,135.015503875969,152.81395348837208,91.45736434108527,109.25581395348836,0.46622369878183834,0.08333333333333333,0.36,0.5833333333333334,0.0,0.46,0.3,0.4625,0.66,0.1875,0.14166666666666666,0.16,0.125,0.0,0.25,0.0,0.0,0.18181818181818182,0.5227272727272727,0.5227272727272727,0.0,0
1.0357142857142858,1.0357142857142858,0.75,0.2916666666666667,4.0,7,0.5,20,134.47286821705427,150.6046511627907,63.44961240310079,79.58139534883722,0.4806201550387597,0.08333333333333333,0.49333333333333335,0.5666666666666667,0.0,0.52,0.3,0.5625,0.5,0.2375,0.175,0.12,0.13333333333333333,0.0,0.25,0.0,0.0,0.22727272727272727,0.6136363636363636,0.6136363636363636,0.0,0
1.0357142857142858,1.0357142857142858,0.75,0.2916666666666667,4.0,7,0.5,20,134.47286821705427,150.6046511627907,63.44961240310079,79.58139534883722,0.4806201550387597,0.08333333333333333,0.49333333333333335,0.5666666666666667,0.0,0.52,0.3,0.5625,0.5,0.2375,0.175,0.12,0.13333333333333333,0.0,0.25,0.0,0.0,0.22727272727272727,0.6136363636363636,0.6136363636363636,0.0,0
1.0357142857142858,1.0357142857142858,0.75,0.2916666666666667,4.0,7,0.5,20,134.47286821705427,150.6046511627907,63.44961240310079,79.58139534883722,0.4806201550387597,0.08333333333333333,0.49333333333333335,0.5666666666666667,0.0,0.52,0.3,0.5625,0.5,0.2375,0.175,0.12,0.13333333333333333,0.0,0.25,0.0,0.0,0.22727272727272727,0.6136363636363636,0.6136363636363636,0.0,0
1.0357142857142858,1.0357142857142858,0.75,0.2916666666666667,4.0,7,0.5,20,134.47286821705427,150.6046511627907,63.44961240310079,79.58139534883722,0.4806201550387597,0.08333333333333333,0.49333333333333335,0.5666666666666667,0.0,0.52,0.3,0.5625,0.5,0.2375,0.175,0.12,0.13333333333333333,0.0,0.25,0.0,0.0,0.22727272727272727,0.6136363636363636,0.6136363636363636,0.0,0
0.8571428571428571,0.8214285714285714,1.0,0.16666666666666666,4.5,7,0.5,35,120.89922480620156,165.5968992248062,39.13178294573645,83.8294573643411,0.47729789590254706,0.5666666666666667,0.5333333333333333,0.5583333333333333,0.3,0.54,0.1,0.2375,0.3,0.125,0.13333333333333333,0.14666666666666667,0.11666666666666667,0.25,0.0,0.0,0.0,0.5227272727272727,0.09090909090909091,0.0,0.2727272727272727,0
0.8571428571428571,0.8214285714285714,1.0,0.16666666666666666,4.5,7,0.5,35,120.89922480620156,165.5968992248062,39.13178294573645,83.8294573643411,0.47729789590254706,0.5666666666666667,0.5333333333333333,0.5583333333333333,0.3,0.54,0.1,0.2375,0.3,0.125,0.13333333333333333,0.14666666666666667,0.11666666666666667,0.25,0.0,0.0,0.0,0.5227272727272727,0.09090909090909091,0.0,0.2727272727272727,0
0.8571428571428571,0.8214285714285714,1.0,0.16666666666666666,4.5,7,0.5,35,120.89922480620156,165.5968992248062,39.13178294573645,83.8294573643411,0.47729789590254706,0.5666666666666667,0.5333333333333333,0.5583333333333333,0.3,0.54,0.1,0.2375,0.3,0.125,0.13333333333333333,0.14666666666666667,0.11666666666666667,0.25,0.0,0.0,0.0,0.5227272727272727,0.09090909090909091,0.0,0.2727272727272727,0
0.8571428571428571,0.8214285714285714,1.0,0.16666666666666666,4.5,7,0.5,35,120.89922480620156,165.5968992248062,39.13178294573645,83.8294573643411,0.47729789590254706,0.5666666666666667,0.5333333333333333,0.5583333333333333,0.3,0.54,0.1,0.2375,0.3,0.125,0.13333333333333333,0.14666666666666667,0.11666666666666667,0.25,0.0,0.0,0.0,0.5227272727272727,0.09090909090909091,0.0,0.2727272727272727,0
1.0357142857142858,1.0357142857142858,0.0,0.16666666666666666,2.5,3,0.0,37,207.4496124031008,205.9457364341085,114.77519379844962,113.27131782945735,0.31450719822812845,0.0,0.0,0.09166666666666666,0.0,0.4,0.0,0.0,0.4,0.1,0.1,0.2,0.275,0.0,0.0,0.0,0.0,0.0,0.3181818181818182,0.0,0.09090909090909091,1
0.8928571428571429,0.7857142857142857,0.0,1.0,2.0,6,0.3333333333333333,29,167.65891472868216,170.06976744186048,73.68217054263565,76.09302325581396,0.34662236987818384,0.0,0.0,0.0,0.0,0.24,0.325,0.2125,0.56,0.1625,0.375,0.26666666666666666,0.0,0.0,0.2727272727272727,0.18181818181818182,0.4090909090909091,0.0,0.11363636363636363,0.045454545454545456,0.0,0
0.8928571428571429,0.8214285714285714,0.0,1.0,2.0,7,0.3333333333333333,28,165.34883720930233,168.43410852713177,56.09302325581396,59.1782945736434,0.33665559246954596,0.0,0.0,0.0,0.0,0.34,0.2625,0.225,0.52,0.1625,0.38333333333333336,0.17333333333333334,0.0,0.0,0.25,0.09090909090909091,0.3409090909090909,0.0,0.11363636363636363,0.09090909090909091,0.0,0
0.8928571428571429,0.8214285714285714,0.0,1.0,2.0,7,0.3333333333333333,28,165.34883720930233,168.43410852713177,56.09302325581396,59.1782945736434,0.33665559246954596,0.0,0.0,0.0,0.0,0.34,0.2625,0.225,0.52,0.1625,0.38333333333333336,0.17333333333333334,0.0,0.0,0.25,0.09090909090909091,0.3409090909090909,0.0,0.11363636363636363,0.09090909090909091,0.0,0
0.8928571428571429,0.8214285714285714,0.0,1.0,2.0,7,0.3333333333333333,28,165.34883720930233,168.43410852713177,56.09302325581396,59.1782945736434,0.33665559246954596,0.0,0.0,0.0,0.0,0.34,0.2625,0.225,0.52,0.1625,0.38333333333333336,0.17333333333333334,0.0,0.0,0.25,0.09090909090909091,0.3409090909090909,0.0,0.11363636363636363,0.09090909090909091,0.0,0
0.8928571428571429,0.8214285714285714,0.0,1.0,2.0,7,0.3333333333333333,28,165.34883720930233,168.43410852713177,56.09302325581396,59.1782945736434,0.33665559246954596,0.0,0.0,0.0,0.0,0.34,0.2625,0.225,0.52,0.1625,0.38333333333333336,0.17333333333333334,0.0,0.0,0.25,0.09090909090909091,0.3409090909090909,0.0,0.11363636363636363,0.09090909090909091,0.0,0
0.8928571428571429,0.8214285714285714,0.0,1.0,2.0,7,0.3333333333333333,28,165.34883720930233,168.43410852713177,56.09302325581396,59.1782945736434,0.33665559246954596,0.0,0.0,0.0,0.0,0.34,0.2625,0.225,0.52,0.1625,0.38333333333333336,0.17333333333333334,0.0,0.0,0.25,0.09090909090909091,0.3409090909090909,0.0,0.11363636363636363,0.09090909090909091,0.0,0
0.8928571428571429,0.7857142857142857,0.0,0.6666666666666666,4.0,7,0.5,25,207.50387596899225,128.66666666666666,109.10852713178295,30.27131782945736,0.3167220376522702,0.0,0.0,0.08333333333333333,0.0,0.24,0.3,0.1,0.62,0.4,0.0,0.4533333333333333,0.30833333333333335,0.0,0.22727272727272727,0.0,0.3181818181818182,0.045454545454545456,0.6363636363636364,0.0,0.0,0
0.8928571428571429,0.7857142857142857,0.0,0.6666666666666666,4.0,7,0.5,25,207.50387596899225,128.66666666666666,109.10852713178295,30.27131782945736,0.3167220376522702,0.0,0.0,0.08333333333333333,0.0,0.24,0.3,0.1,0.62,0.4,0.0,0.4533333333333333,0.30833333333333335,0.0,0.22727272727272727,0.0,0.3181818181818182,0.045454545454545456,0.6363636363636364,0.0,0.0,0
0.8928571428571429,0.7857142857142857,0.0,0.6666666666666666,4.0,7,0.5,25,207.50387596899225,128.66666666666666,109.10852713178295,30.27131782945736,0.3167220376522702,0.0,0.0,0.08333333333333333,0.0,0.24,0.3,0.1,0.62,0.4,0.0,0.4533333333333333,0.30833333333333335,0.0,0.22727272727272727,0.0,0.3181818181818182,0.045454545454545456,0.6363636363636364,0.0,0.0,0
0.8928571428571429,0.7857142857142857,0.0,0.6666666666666666,4.0,7,0.5,25,207.50387596899225,128.66666666666666,109.10852713178295,30.27131782945736,0.3167220376522702,0.0,0.0,0.08333333333333333,0.0,0.24,0.3,0.1,0.62,0.4,0.0,0.4533333333333333,0.30833333333333335,0.0,0.22727272727272727,0.0,0.3181818181818182,0.045454545454545456,0.6363636363636364,0.0,0.0,0
0.8928571428571429,0.7857142857142857,0.0,0.6666666666666666,4.0,7,0.5,25,207.50387596899225,128.66666666666666,109.10852713178295,30.27131782945736,0.3167220376522702,0.0,0.0,0.08333333333333333,0.0,0.24,0.3,0.1,0.62,0.4,0.0,0.4533333333333333,0.30833333333333335,0.0,0.22727272727272727,0.0,0.3181818181818182,0.045454545454545456,0.6363636363636364,0.0,0.0,0
1.0357142857142858,1.0357142857142858,0.6666666666666666,1.0,2.0,11,0.25,34,184.69767441860463,138.48062015503876,129.11627906976742,82.89922480620154,0.3477297895902547,0.125,0.4,0.5166666666666667,0.0,0.5,0.325,0.15,0.42,0.1875,0.2833333333333333,0.21333333333333335,0.0,0.0,0.20454545454545456,0.0,0.4090909090909091,0.11363636363636363,0.18181818181818182,0.0,0.0,0
1.0357142857142858,1.0357142857142858,0.6666666666666666,1.0,2.0,11,0.25,34,184.69767441860463,138.48062015503876,129.11627906976742,82.89922480620154,0.3477297895902547,0.125,0.4,0.5166666666666667,0.0,0.5,0.325,0.15,0.42,0.1875,0.2833333333333333,0.21333333333333335,0.0,0.0,0.20454545454545456,0.0,0.4090909090909091,0.11363636363636363,0.18181818181818182,0.0,0.0,0
1.0357142857142858,1.0357142857142858,0.6666666666666666,1.0,2.0,11,0.25,34,184.69767441860463,138.48062015503876,129.11627906976742,82.89922480620154,0.3477297895902547,0.125,0.4,0.5166666666666667,0.0,0.5,0.325,0.15,0.42,0.1875,0.2833333333333333,0.21333333333333335,0.0,0.0,0.20454545454545456,0.0,0.4090909090909091,0.11363636363636363,0.18181818181818182,0.0,0.0,0
1.0357142857142858,1.0357142857142858,0.6666666666666666,1.0,2.0,11,0.25,34,184.69767441860463,138.48062015503876,129.11627906976742,82.89922480620154,0.3477297895902547,0.125,0.4,0.5166666666666667,0.0,0.5,0.325,0.15,0.42,0.1875,0.2833333333333333,0.21333333333333335,0.0,0.0,0.20454545454545456,0.0,0.4090909090909091,0.11363636363636363,0.18181818181818182,0.0,0.0,0
1.0357142857142858,1.0357142857142858,0.6666666666666666,1.0,2.0,11,0.25,34,184.69767441860463,138.48062015503876,129.11627906976742,82.89922480620154,0.3477297895902547,0.125,0.4,0.5166666666666667,0.0,0.5,0.325,0.15,0.42,0.1875,0.2833333333333333,0.21333333333333335,0.0,0.0,0.20454545454545456,0.0,0.4090909090909091,0.11363636363636363,0.18181818181818182,0.0,0.0,0
1.0,1.0,0.0,0.3333333333333333,2.0,4,0.125,34,210.58139534883722,204.8294573643411,111.48837209302327,105.73643410852715,0.22702104097452935,0.0,0.0,0.0,0.0,0.32,0.0,0.0875,0.52,0.075,0.0,0.0,0.19166666666666668,0.0,0.0,0.0,0.0,0.0,0.1590909090909091,0.0,0.09090909090909091,1
0.8571428571428571,0.8214285714285714,0.5,0.5,1.5,6,0.3333333333333333,31,149.68217054263567,190.8294573643411,56.8449612403101,97.99224806201552,0.3167220376522702,0.0,0.05333333333333334,0.025,0.0,0.22,0.125,0.45,0.34,0.0375,0.475,0.09333333333333334,0.0,0.0,0.11363636363636363,0.0,0.0,0.5909090909090909,0.18181818181818182,0.0,0.1590909090909091,0
0.8571428571428571,0.8214285714285714,0.5,0.5,1.5,6,0.3333333333333333,31,149.68217054263567,190.8294573643411,56.8449612403101,97.99224806201552,0.3167220376522702,0.0,0.05333333333333334,0.025,0.0,0.22,0.125,0.45,0.34,0.0375,0.475,0.09333333333333334,0.0,0.0,0.11363636363636363,0.0,0.0,0.5909090909090909,0.18181818181818182,0.0,0.1590909090909091,0
0.8571428571428571,0.8214285714285714,0.5,0.5,1.5,6,0.3333333333333333,31,149.68217054263567,190.8294573643411,56.8449612403101,97.99224806201552,0.3167220376522702,0.0,0.05333333333333334,0.025,0.0,0.22,0.125,0.45,0.34,0.0375,0.475,0.09333333333333334,0.0,0.0,0.11363636363636363,0.0,0.0,0.5909090909090909,0.18181818181818182,0.0,0.1590909090909091,0
0.8571428571428571,0.8214285714285714,0.5,0.5,1.5,6,0.3333333333333333,31,149.68217054263567,190.8294573643411,56.8449612403101,97.99224806201552,0.3167220376522702,0.0,0.05333333333333334,0.025,0.0,0.22,0.125,0.45,0.34,0.0375,0.475,0.09333333333333334,0.0,0.0,0.11363636363636363,0.0,0.0,0.5909090909090909,0.18181818181818182,0.0,0.1590909090909091,0
0.9285714285714286,0.8214285714285714,0.0,0.5,4.5,6,0.5,37,163.7751937984496,164.13178294573643,54.519379844961236,54.87596899224806,0.36766334440753046,0.0,0.0,0.11666666666666667,0.0,0.24,0.2625,0.575,0.56,0.0,0.25833333333333336,0.05333333333333334,0.0,0.0,0.22727272727272727,0.0,0.3409090909090909,0.0,0.0,0.9090909090909091,0.0,0
0.9285714285714286,0.8214285714285714,0.0,0.5,4.5,6,0.5,37,163.7751937984496,164.13178294573643,54.519379844961236,54.87596899224806,0.36766334440753046,0.0,0.0,0.11666666666666667,0.0,0.24,0.2625,0.575,0.56,0.0,0.25833333333333336,0.05333333333333334,0.0,0.0,0.22727272727272727,0.0,0.3409090909090909,0.0,0.0,0.9090909090909091,0.0,0
0.9285714285714286,0.8214285714285714,0.0,0.5,4.5,6,0.5,37,163.7751937984496,164.13178294573643,54.519379844961236,54.87596899224806,0.36766334440753046,0.0,0.0,0.11666666666666667,0.0,0.24,0.2625,0.575,0.56,0.0,0.25833333333333336,0.05333333333333334,0.0,0.0,0.22727272727272727,0.0,0.3409090909090909,0.0,0.0,0.9090909090909091,0.0,0
0.9285714285714286,0.8214285714285714,0.0,0.5,4.5,6,0.5,37,163.7751937984496,164.13178294573643,54.519379844961236,54.87596899224806,0.36766334440753046,0.0,0.0,0.11666666666666667,0.0,0.24,0.2625,0.575,0.56,0.0,0.25833333333333336,0.05333333333333334,0.0,0.0,0.22727272727272727,0.0,0.3409090909090909,0.0,0.0,0.9090909090909091,0.0,0
0.9285714285714286,0.8214285714285714,0.0,0.5,4.5,6,0.5,37,163.7751937984496,164.13178294573643,54.519379844961236,54.87596899224806,0.36766334440753046,0.0,0.0,0.11666666666666667,0.0,0.24,0.2625,0.575,0.56,0.0,0.25833333333333336,0.05333333333333334,0.0,0.0,0.22727272727272727,0.0,0.3409090909090909,0.0,0.0,0.9090909090909091,0.0,0
0.9285714285714286,0.8214285714285714,0.0,0.5833333333333334,4.5,7,0.5,26,209.5581395348837,132.70542635658913,105.41860465116278,28.565891472868202,0.3266888150609081,0.125,0.08,0.25,0.0,0.34,0.2375,0.0,0.56,0.25,0.0,0.4666666666666667,0.175,0.022727272727272728,0.20454545454545456,0.022727272727272728,0.29545454545454547,0.0,0.5454545454545454,0.0,0.0,0
0.9285714285714286,0.8214285714285714,0.0,0.5833333333333334,4.5,7,0.5,26,209.5581395348837,132.70542635658913,105.41860465116278,28.565891472868202,0.3266888150609081,0.125,0.08,0.25,0.0,0.34,0.2375,0.0,0.56,0.25,0.0,0.4666666666666667,0.175,0.022727272727272728,0.20454545454545456,0.022727272727272728,0.29545454545454547,0.0,0.5454545454545454,0.0,0.0,0
0.9285714285714286,0.8214285714285714,0.0,0.5833333333333334,4.5,7,0.5,26,209.5581395348837,132.70542635658913,105.41860465116278,28.565891472868202,0.3266888150609081,0.125,0.08,0.25,0.0,0.34,0.2375,0.0,0.56,0.25,0.0,0.4666666666666667,0.175,0.022727272727272728,0.20454545454545456,0.022727272727272728,0.29545454545454547,0.0,0.5454545454545454,0.0,0.0,0
0.9285714285714286,0.8214285714285714,0.0,0.5833333333333334,4.5,7,0.5,26,209.5581395348837,132.70542635658913,105.41860465116278,28.565891472868202,0.3266888150609081,0.125,0.08,0.25,0.0,0.34,0.2375,0.0,0.56,0.25,0.0,0.4666666666666667,0.175,0.022727272727272728,0.20454545454545456,0.022727272727272728,0.29545454545454547,0.0,0.5454545454545454,0.0,0.0,0
0.9285714285714286,0.8214285714285714,0.0,0.5833333333333334,4.5,7,0.5,26,209.5581395348837,132.70542635658913,105.41860465116278,28.565891472868202,0.3266888150609081,0.125,0.08,0.25,0.0,0.34,0.2375,0.0,0.56,0.25,0.0,0.4666666666666667,0.175,0.022727272727272728,0.20454545454545456,0.022727272727272728,0.29545454545454547,0.0,0.5454545454545454,0.0,0.0,0
1.0357142857142858,1.0357142857142858,0.08333333333333333,1.0,2.0,6,0.25,20,211.48837209302326,127.03100775193798,145.11627906976744,60.65891472868216,0.37763012181616834,0.26666666666666666,0.09333333333333334,0.075,0.3875,0.38,0.2625,0.0,0.5,0.125,0.0,0.48,0.19166666666666668,0.5454545454545454,0.3409090909090909,0.1590909090909091,0.0,0.0,0.0,0.0,0.0,0
1.0357142857142858,1.0357142857142858,0.08333333333333333,1.0,2.0,6,0.25,20,211.48837209302326,127.03100775193798,145.11627906976744,60.65891472868216,0.37763012181616834,0.26666666666666666,0.09333333333333334,0.075,0.3875,0.38,0.2625,0.0,0.5,0.125,0.0,0.48,0.19166666666666668,0.5454545454545454,0.3409090909090909,0.1590909090909091,0.0,0.0,0.0,0.0,0.0,0
1.0357142857142858,1.0357142857142858,0.08333333333333333,1.0,2.0,6,0.25,20,211.48837209302326,127.03100775193798,145.11627906976744,60.65891472868216,0.37763012181616834,0.26666666666666666,0.09333333333333334,0.075,0.3875,0.38,0.2625,0.0,0.5,0.125,0.0,0.48,0.19166666666666668,0.5454545454545454,0.3409090909090909,0.1590909090909091,0.0,0.0,0.0,0.0,0.0,0
1.0357142857142858,1.0357142857142858,0.08333333333333333,1.0,2.0,6,0.25,20,211.48837209302326,127.03100775193798,145.11627906976744,60.65891472868216,0.37763012181616834,0.26666666666666666,0.09333333333333334,0.075,0.3875,0.38,0.2625,0.0,0.5,0.125,0.0,0.48,0.19166666666666668,0.5454545454545454,0.3409090909090909,0.1590909090909091,0.0,0.0,0.0,0.0,0.0,0
1.0357142857142858,0.8928571428571429,0.0,0.16666666666666666,3.0,3,0.0,3,200.84496124031008,248.06201550387595,93.65891472868218,140.87596899224803,0.20487264673311184,0.0,0.0,0.0,0.0,0.48,0.0,0.0,0.44,0.0,0.0,0.0,0.0,0.0,0.09090909090909091,0.0,0.09090909090909091,0.0,0.09090909090909091,0.0,0.09090909090909091,0
1.0357142857142858,1.0357142857142858,0.0,0.16666666666666666,3.0,3,0.0,3,202.015503875969,254.36434108527132,125.48062015503875,177.82945736434107,0.1937984496124031,0.0,0.0,0.0,0.0,0.48,0.0,0.0,0.44,0.0,0.0,0.0,0.0,0.0,0.0,0.0,0.0,0.0,0.0,0.0,0.0,0
1.0357142857142858,1.0357142857142858,0.0,0.1111111111111111,3.0,3,0.0,3,194.93023255813955,254.3953488372093,53.18604651162792,112.65116279069767,0.18383167220376523,0.0,0.0,0.0,0.0,0.48,0.0,0.0,0.44,0.0,0.0,0.0,0.0,0.09090909090909091,0.0,0.09090909090909091,0.0,0.09090909090909091,0.0,0.045454545454545456,0.0,0
1.0357142857142858,1.0357142857142858,0.0,0.1111111111111111,3.0,3,0.0,3,194.93023255813955,254.3953488372093,53.18604651162792,112.65116279069767,0.18383167220376523,0.0,0.0,0.0,0.0,0.48,0.0,0.0,0.44,0.0,0.0,0.0,0.0,0.09090909090909091,0.0,0.09090909090909091,0.0,0.09090909090909091,0.0,0.045454545454545456,0.0,0
1.0357142857142858,1.0357142857142858,0.0,0.1111111111111111,3.0,3,0.0,3,194.93023255813955,254.3953488372093,53.18604651162792,112.65116279069767,0.18383167220376523,0.0,0.0,0.0,0.0,0.48,0.0,0.0,0.44,0.0,0.0,0.0,0.0,0.09090909090909091,0.0,0.09090909090909091,0.0,0.09090909090909091,0.0,0.045454545454545456,0.0,0
0.9642857142857143,0.8214285714285714,0.0,0.3888888888888889,6.0,7,0.5714285714285714,22,158.37209302325581,182.17054263565896,62.81395348837209,86.61240310077524,0.3588039867109635,0.0,0.0,0.0,0.0,0.38,0.125,0.2125,0.48,0.2125,0.041666666666666664,0.04,0.4,0.0,0.0,0.0,0.38636363636363635,0.18181818181818182,0.4090909090909091,0.18181818181818182,0.11363636363636363,0
0.9642857142857143,0.8214285714285714,0.0,0.3888888888888889,6.0,7,0.5714285714285714,22,158.37209302325581,182.17054263565896,62.81395348837209,86.61240310077524,0.3588039867109635,0.0,0.0,0.0,0.0,0.38,0.125,0.2125,0.48,0.2125,0.041666666666666664,0.04,0.4,0.0,0.0,0.0,0.38636363636363635,0.18181818181818182,0.4090909090909091,0.18181818181818182,0.11363636363636363,0
0.9642857142857143,0.8214285714285714,0.0,0.3888888888888889,6.0,7,0.5714285714285714,22,158.37209302325581,182.17054263565896,62.81395348837209,86.61240310077524,0.3588039867109635,0.0,0.0,0.0,0.0,0.38,0.125,0.2125,0.48,0.2125,0.041666666666666664,0.04,0.4,0.0,0.0,0.0,0.38636363636363635,0.18181818181818182,0.4090909090909091,0.18181818181818182,0.11363636363636363,0
0.9642857142857143,0.8214285714285714,0.0,0.3888888888888889,6.0,7,0.5714285714285714,22,158.37209302325581,182.17054263565896,62.81395348837209,86.61240310077524,0.3588039867109635,0.0,0.0,0.0,0.0,0.38,0.125,0.2125,0.48,0.2125,0.041666666666666664,0.04,0.4,0.0,0.0,0.0,0.38636363636363635,0.18181818181818182,0.4090909090909091,0.18181818181818182,0.11363636363636363,0
0.9642857142857143,0.8214285714285714,0.0,0.3888888888888889,6.0,7,0.5714285714285714,22,158.37209302325581,182.17054263565896,62.81395348837209,86.61240310077524,0.3588039867109635,0.0,0.0,0.0,0.0,0.38,0.125,0.2125,0.48,0.2125,0.041666666666666664,0.04,0.4,0.0,0.0,0.0,0.38636363636363635,0.18181818181818182,0.4090909090909091,0.18181818181818182,0.11363636363636363,0
1.0357142857142858,1.0357142857142858,0.8333333333333334,1.0,2.0,6,0.375,36,126.83720930232558,188.48062015503876,105.65116279069767,167.29457364341084,0.4064230343300111,0.0,0.49333333333333335,0.5583333333333333,0.1,0.38,0.0,0.45,0.46,0.0,0.5916666666666667,0.72,0.041666666666666664,0.0,0.0,0.3409090909090909,0.0,0.45454545454545453,0.0,0.20454545454545456,0.0,0
1.0357142857142858,1.0357142857142858,0.8333333333333334,1.0,2.0,6,0.375,36,126.83720930232558,188.48062015503876,105.65116279069767,167.29457364341084,0.4064230343300111,0.0,0.49333333333333335,0.5583333333333333,0.1,0.38,0.0,0.45,0.46,0.0,0.5916666666666667,0.72,0.041666666666666664,0.0,0.0,0.3409090909090909,0.0,0.45454545454545453,0.0,0.20454545454545456,0.0,0
1.0357142857142858,1.0357142857142858,0.8333333333333334,1.0,2.0,6,0.375,36,126.83720930232558,188.48062015503876,105.65116279069767,167.29457364341084,0.4064230343300111,0.0,0.49333333333333335,0.5583333333333333,0.1,0.38,0.0,0.45,0.46,0.0,0.5916666666666667,0.72,0.041666666666666664,0.0,0.0,0.3409090909090909,0.0,0.45454545454545453,0.0,0.20454545454545456,0.0,0
1.0357142857142858,1.0357142857142858,0.8333333333333334,1.0,2.0,6,0.375,36,126.83720930232558,188.48062015503876,105.65116279069767,167.29457364341084,0.4064230343300111,0.0,0.49333333333333335,0.5583333333333333,0.1,0.38,0.0,0.45,0.46,0.0,0.5916666666666667,0.72,0.041666666666666664,0.0,0.0,0.3409090909090909,0.0,0.45454545454545453,0.0,0.20454545454545456,0.0,0
0.8928571428571429,0.8571428571428571,0.8888888888888888,0.16666666666666666,3.0,6,0.5,23,117.35658914728681,194.63565891472868,17.728682170542626,95.0077519379845,0.37763012181616834,0.5833333333333334,0.6266666666666667,0.6,0.2875,0.42,0.0,0.2875,0.26,0.0,0.0,0.0,0.0,0.0,0.0,0.6136363636363636,0.0,0.18181818181818182,0.0,0.4318181818181818,0.0,0
0.8928571428571429,0.8571428571428571,0.8888888888888888,0.16666666666666666,3.0,6,0.5,23,117.35658914728681,194.63565891472868,17.728682170542626,95.0077519379845,0.37763012181616834,0.5833333333333334,0.6266666666666667,0.6,0.2875,0.42,0.0,0.2875,0.26,0.0,0.0,0.0,0.0,0.0,0.0,0.6136363636363636,0.0,0.18181818181818182,0.0,0.4318181818181818,0.0,0
0.8928571428571429,0.8571428571428571,0.8888888888888888,0.16666666666666666,3.0,6,0.5,23,117.35658914728681,194.63565891472868,17.728682170542626,95.0077519379845,0.37763012181616834,0.5833333333333334,0.6266666666666667,0.6,0.2875,0.42,0.0,0.2875,0.26,0.0,0.0,0.0,0.0,0.0,0.0,0.6136363636363636,0.0,0.18181818181818182,0.0,0.4318181818181818,0.0,0
0.8928571428571429,0.8571428571428571,0.8888888888888888,0.16666666666666666,3.0,6,0.5,23,117.35658914728681,194.63565891472868,17.728682170542626,95.0077519379845,0.37763012181616834,0.5833333333333334,0.6266666666666667,0.6,0.2875,0.42,0.0,0.2875,0.26,0.0,0.0,0.0,0.0,0.0,0.0,0.6136363636363636,0.0,0.18181818181818182,0.0,0.4318181818181818,0.0,0
1.0357142857142858,1.0357142857142858,0.7083333333333334,0.4583333333333333,4.5,7,0.5,24,116.86821705426355,193.5736434108527,52.217054263565885,128.92248062015503,0.38095238095238093,0.5333333333333333,0.6133333333333333,0.5916666666666667,0.075,0.48,0.0,0.375,0.64,0.0,0.09166666666666666,0.05333333333333334,0.0,0.0,0.0,0.18181818181818182,0.0,0.38636363636363635,0.0,0.1590909090909091,0.0,0
1.0357142857142858,1.0357142857142858,0.75,0.3333333333333333,4.0,6,0.5,25,116.68992248062015,195.28682170542638,73.36434108527132,151.96124031007753,0.38095238095238093,0.5333333333333333,0.6133333333333333,0.6,0.1,0.44,0.0,0.4625,0.5,0.0,0.10833333333333334,0.02666666666666667,0.0,0.0,0.0,0.22727272727272727,0.0,0.45454545454545453,0.0,0.20454545454545456,0.0,0
1.0357142857142858,1.0357142857142858,0.75,0.3333333333333333,4.0,6,0.5,25,116.68992248062015,195.28682170542638,73.36434108527132,151.96124031007753,0.38095238095238093,0.5333333333333333,0.6133333333333333,0.6,0.1,0.44,0.0,0.4625,0.5,0.0,0.10833333333333334,0.02666666666666667,0.0,0.0,0.0,0.22727272727272727,0.0,0.45454545454545453,0.0,0.20454545454545456,0.0,0
1.0357142857142858,1.0357142857142858,0.75,0.3333333333333333,4.0,6,0.5,25,116.68992248062015,195.28682170542638,73.36434108527132,151.96124031007753,0.38095238095238093,0.5333333333333333,0.6133333333333333,0.6,0.1,0.44,0.0,0.4625,0.5,0.0,0.10833333333333334,0.02666666666666667,0.0,0.0,0.0,0.22727272727272727,0.0,0.45454545454545453,0.0,0.20454545454545456,0.0,0
0.8928571428571429,0.8571428571428571,0.5416666666666666,0.16666666666666666,3.5,6,0.5,26,117.34883720930232,216.65891472868216,47.41860465116278,146.72868217054264,0.3211517165005537,0.6,0.5066666666666667,0.0,0.275,0.38,0.0,0.275,0.28,0.0,0.0,0.0,0.0,0.0,0.0,0.5909090909090909,0.0,0.1590909090909091,0.0,0.45454545454545453,0.0,0
0.8928571428571429,0.8571428571428571,0.5416666666666666,0.16666666666666666,3.5,6,0.5,26,117.34883720930232,216.65891472868216,47.41860465116278,146.72868217054264,0.3211517165005537,0.6,0.5066666666666667,0.0,0.275,0.38,0.0,0.275,0.28,0.0,0.0,0.0,0.0,0.0,0.0,0.5909090909090909,0.0,0.1590909090909091,0.0,0.45454545454545453,0.0,0
0.8928571428571429,0.8571428571428571,0.5416666666666666,0.16666666666666666,3.5,6,0.5,26,117.34883720930232,216.65891472868216,47.41860465116278,146.72868217054264,0.3211517165005537,0.6,0.5066666666666667,0.0,0.275,0.38,0.0,0.275,0.28,0.0,0.0,0.0,0.0,0.0,0.0,0.5909090909090909,0.0,0.1590909090909091,0.0,0.45454545454545453,0.0,0
0.8928571428571429,0.8571428571428571,0.5416666666666666,0.16666666666666666,3.5,6,0.5,26,117.34883720930232,216.65891472868216,47.41860465116278,146.72868217054264,0.3211517165005537,0.6,0.5066666666666667,0.0,0.275,0.38,0.0,0.275,0.28,0.0,0.0,0.0,0.0,0.0,0.0,0.5909090909090909,0.0,0.1590909090909091,0.0,0.45454545454545453,0.0,0
0.9285714285714286,0.8214285714285714,0.0,1.0,2.0,7,0.3333333333333333,25,214.4031007751938,127.91472868217052,118.40310077519379,31.91472868217052,0.3233665559246955,0.0,0.0,0.0,0.0,0.28,0.25,0.0,0.56,0.2375,0.0,0.6266666666666667,0.625,0.0,0.22727272727272727,0.0,0.3181818181818182,0.0,0.18181818181818182,0.0,0.3409090909090909,0
0.9285714285714286,0.8214285714285714,0.0,1.0,2.0,7,0.3333333333333333,25,214.4031007751938,127.91472868217052,118.40310077519379,31.91472868217052,0.3233665559246955,0.0,0.0,0.0,0.0,0.28,0.25,0.0,0.56,0.2375,0.0,0.6266666666666667,0.625,0.0,0.22727272727272727,0.0,0.3181818181818182,0.0,0.18181818181818182,0.0,0.3409090909090909,0
0.9285714285714286,0.8214285714285714,0.0,1.0,2.0,7,0.3333333333333333,25,214.4031007751938,127.91472868217052,118.40310077519379,31.91472868217052,0.3233665559246955,0.0,0.0,0.0,0.0,0.28,0.25,0.0,0.56,0.2375,0.0,0.6266666666666667,0.625,0.0,0.22727272727272727,0.0,0.3181818181818182,0.0,0.18181818181818182,0.0,0.3409090909090909,0
0.9285714285714286,0.8214285714285714,0.0,1.0,2.0,7,0.3333333333333333,25,214.4031007751938,127.91472868217052,118.40310077519379,31.91472868217052,0.3233665559246955,0.0,0.0,0.0,0.0,0.28,0.25,0.0,0.56,0.2375,0.0,0.6266666666666667,0.625,0.0,0.22727272727272727,0.0,0.3181818181818182,0.0,0.18181818181818182,0.0,0.3409090909090909,0
0.9285714285714286,0.8214285714285714,0.0,1.0,2.0,7,0.3333333333333333,25,214.4031007751938,127.91472868217052,118.40310077519379,31.91472868217052,0.3233665559246955,0.0,0.0,0.0,0.0,0.28,0.25,0.0,0.56,0.2375,0.0,0.6266666666666667,0.625,0.0,0.22727272727272727,0.0,0.3181818181818182,0.0,0.18181818181818182,0.0,0.3409090909090909,0
1.0357142857142858,1.0357142857142858,0.041666666666666664,0.5,4.0,11,0.5,34,116.71317829457364,140.10852713178292,13.57364341085271,36.968992248061994,0.4806201550387597,0.19166666666666668,0.04,0.15833333333333333,0.425,0.42,0.3125,0.4875,0.74,0.425,0.18333333333333332,0.05333333333333334,0.0,0.4318181818181818,0.38636363636363635,0.11363636363636363,0.0,0.0,0.045454545454545456,0.6818181818181818,0.9772727272727273,0
1.0357142857142858,1.0357142857142858,0.16666666666666666,0.4583333333333333,4.0,11,0.5,35,137.69767441860463,141.03875968992247,50.18604651162789,53.52713178294573,0.4806201550387597,0.19166666666666668,0.06666666666666667,0.15833333333333333,0.425,0.52,0.25,0.5125,0.72,0.425,0.15833333333333333,0.04,0.0,0.4318181818181818,0.3181818181818182,0.11363636363636363,0.0,0.0,0.06818181818181818,0.75,0.9545454545454546,0
1.0357142857142858,1.0357142857142858,0.16666666666666666,0.4583333333333333,4.0,11,0.5,35,137.69767441860463,141.03875968992247,50.18604651162789,53.52713178294573,0.4806201550387597,0.19166666666666668,0.06666666666666667,0.15833333333333333,0.425,0.52,0.25,0.5125,0.72,0.425,0.15833333333333333,0.04,0.0,0.4318181818181818,0.3181818181818182,0.11363636363636363,0.0,0.0,0.06818181818181818,0.75,0.9545454545454546,0
1.0357142857142858,1.0357142857142858,0.16666666666666666,0.4583333333333333,4.0,11,0.5,35,137.69767441860463,141.03875968992247,50.18604651162789,53.52713178294573,0.4806201550387597,0.19166666666666668,0.06666666666666667,0.15833333333333333,0.425,0.52,0.25,0.5125,0.72,0.425,0.15833333333333333,0.04,0.0,0.4318181818181818,0.3181818181818182,0.11363636363636363,0.0,0.0,0.06818181818181818,0.75,0.9545454545454546,0
1.0357142857142858,1.0357142857142858,0.16666666666666666,0.4583333333333333,4.0,11,0.5,35,137.69767441860463,141.03875968992247,50.18604651162789,53.52713178294573,0.4806201550387597,0.19166666666666668,0.06666666666666667,0.15833333333333333,0.425,0.52,0.25,0.5125,0.72,0.425,0.15833333333333333,0.04,0.0,0.4318181818181818,0.3181818181818182,0.11363636363636363,0.0,0.0,0.06818181818181818,0.75,0.9545454545454546,0
1.0357142857142858,1.0357142857142858,0.16666666666666666,0.4583333333333333,4.0,11,0.5,35,137.69767441860463,141.03875968992247,50.18604651162789,53.52713178294573,0.4806201550387597,0.19166666666666668,0.06666666666666667,0.15833333333333333,0.425,0.52,0.25,0.5125,0.72,0.425,0.15833333333333333,0.04,0.0,0.4318181818181818,0.3181818181818182,0.11363636363636363,0.0,0.0,0.06818181818181818,0.75,0.9545454545454546,0
1.0357142857142858,0.9285714285714286,0.16666666666666666,0.16666666666666666,2.0,7,0.2857142857142857,20,156.68217054263565,176.13953488372093,59.5658914728682,79.02325581395348,0.38095238095238093,0.15,0.09333333333333334,0.21666666666666667,0.0,0.42,0.15,0.5625,0.54,0.0,0.0,0.0,0.0,0.0,0.0,0.0,0.0,0.45454545454545453,0.0,0.9318181818181818,0.0,0
1.0357142857142858,0.9285714285714286,0.5833333333333334,0.16666666666666666,2.0,6,0.2857142857142857,19,159.015503875969,174.36434108527132,89.64341085271317,104.9922480620155,0.37209302325581395,0.14166666666666666,0.13333333333333333,0.18333333333333332,0.0,0.46,0.125,0.5875,0.42,0.0,0.0,0.0,0.0,0.0,0.0,0.0,0.0,0.5227272727272727,0.0,0.9090909090909091,0.0,0
1.0357142857142858,0.9285714285714286,0.5833333333333334,0.16666666666666666,2.0,6,0.2857142857142857,19,159.015503875969,174.36434108527132,89.64341085271317,104.9922480620155,0.37209302325581395,0.14166666666666666,0.13333333333333333,0.18333333333333332,0.0,0.46,0.125,0.5875,0.42,0.0,0.0,0.0,0.0,0.0,0.0,0.0,0.0,0.5227272727272727,0.0,0.9090909090909091,0.0,0
1.0357142857142858,0.9285714285714286,0.5833333333333334,0.16666666666666666,2.0,6,0.2857142857142857,19,159.015503875969,174.36434108527132,89.64341085271317,104.9922480620155,0.37209302325581395,0.14166666666666666,0.13333333333333333,0.18333333333333332,0.0,0.46,0.125,0.5875,0.42,0.0,0.0,0.0,0.0,0.0,0.0,0.0,0.0,0.5227272727272727,0.0,0.9090909090909091,0.0,0
1.0357142857142858,1.0357142857142858,0.5,0.4166666666666667,6.0,6,0.625,19,208.9922480620155,85.51937984496124,140.48062015503876,17.007751937984494,0.4584717607973422,0.375,0.4266666666666667,0.5916666666666667,0.0,0.48,0.3,0.0,0.56,0.85,0.0,0.22666666666666666,0.24166666666666667,0.0,0.6363636363636364,0.0,0.0,0.0,0.75,0.0,1.0,0
1.0357142857142858,1.0357142857142858,0.5,0.5476190476190477,7.0,7,0.625,20,203.6046511627907,87.31007751937985,159.55813953488374,43.26356589147287,0.4728682170542636,0.39166666666666666,0.5333333333333333,0.5083333333333333,0.0,0.56,0.25,0.0,0.72,0.85,0.0,0.36,0.15833333333333333,0.0,0.5454545454545454,0.0,0.0,0.0,0.7954545454545454,0.0,1.0,0
1.0357142857142858,1.0357142857142858,0.5,0.5476190476190477,7.0,7,0.625,20,203.6046511627907,87.31007751937985,159.55813953488374,43.26356589147287,0.4728682170542636,0.39166666666666666,0.5333333333333333,0.5083333333333333,0.0,0.56,0.25,0.0,0.72,0.85,0.0,0.36,0.15833333333333333,0.0,0.5454545454545454,0.0,0.0,0.0,0.7954545454545454,0.0,1.0,0
1.0357142857142858,1.0357142857142858,0.5,0.5476190476190477,7.0,7,0.625,20,203.6046511627907,87.31007751937985,159.55813953488374,43.26356589147287,0.4728682170542636,0.39166666666666666,0.5333333333333333,0.5083333333333333,0.0,0.56,0.25,0.0,0.72,0.85,0.0,0.36,0.15833333333333333,0.0,0.5454545454545454,0.0,0.0,0.0,0.7954545454545454,0.0,1.0,0
1.0357142857142858,1.0357142857142858,0.5,0.5476190476190477,7.0,7,0.625,20,203.6046511627907,87.31007751937985,159.55813953488374,43.26356589147287,0.4728682170542636,0.39166666666666666,0.5333333333333333,0.5083333333333333,0.0,0.56,0.25,0.0,0.72,0.85,0.0,0.36,0.15833333333333333,0.0,0.5454545454545454,0.0,0.0,0.0,0.7954545454545454,0.0,1.0,0
1.0357142857142858,1.0357142857142858,0.5,0.5476190476190477,7.0,7,0.625,20,203.6046511627907,87.31007751937985,159.55813953488374,43.26356589147287,0.4728682170542636,0.39166666666666666,0.5333333333333333,0.5083333333333333,0.0,0.56,0.25,0.0,0.72,0.85,0.0,0.36,0.15833333333333333,0.0,0.5454545454545454,0.0,0.0,0.0,0.7954545454545454,0.0,1.0,0
1.0357142857142858,1.0357142857142858,0.625,0.16666666666666666,4.0,11,0.5,36,148.62790697674419,151.53488372093022,77.06976744186046,79.9767441860465,0.4983388704318937,0.24166666666666667,0.5466666666666666,0.49166666666666664,0.1,0.4,0.0,0.8375,0.68,0.5625,0.008333333333333333,0.0,0.0,0.36363636363636365,0.0,0.0,0.0,0.8863636363636364,0.5909090909090909,0.9772727272727273,0.8409090909090909,0
1.0357142857142858,1.0357142857142858,0.625,0.16666666666666666,4.0,11,0.5,37,146.91472868217053,147.62790697674419,84.10077519379844,84.81395348837209,0.48283499446290146,0.18333333333333332,0.6133333333333333,0.425,0.05,0.4,0.0,0.8125,0.62,0.6,0.0,0.0,0.0,0.2727272727272727,0.0,0.0,0.0,0.9318181818181818,0.6590909090909091,0.9545454545454546,0.8409090909090909,0
1.0357142857142858,1.0357142857142858,0.625,0.16666666666666666,4.0,11,0.5,37,146.91472868217053,147.62790697674419,84.10077519379844,84.81395348837209,0.48283499446290146,0.18333333333333332,0.6133333333333333,0.425,0.05,0.4,0.0,0.8125,0.62,0.6,0.0,0.0,0.0,0.2727272727272727,0.0,0.0,0.0,0.9318181818181818,0.6590909090909091,0.9545454545454546,0.8409090909090909,0
1.0357142857142858,1.0357142857142858,0.625,0.16666666666666666,4.0,11,0.5,37,146.91472868217053,147.62790697674419,84.10077519379844,84.81395348837209,0.48283499446290146,0.18333333333333332,0.6133333333333333,0.425,0.05,0.4,0.0,0.8125,0.62,0.6,0.0,0.0,0.0,0.2727272727272727,0.0,0.0,0.0,0.9318181818181818,0.6590909090909091,0.9545454545454546,0.8409090909090909,0
1.0357142857142858,1.0357142857142858,0.625,0.16666666666666666,4.0,11,0.5,37,146.91472868217053,147.62790697674419,84.10077519379844,84.81395348837209,0.48283499446290146,0.18333333333333332,0.6133333333333333,0.425,0.05,0.4,0.0,0.8125,0.62,0.6,0.0,0.0,0.0,0.2727272727272727,0.0,0.0,0.0,0.9318181818181818,0.6590909090909091,0.9545454545454546,0.8409090909090909,0
1.0357142857142858,1.0357142857142858,0.625,0.16666666666666666,4.0,11,0.5,37,146.91472868217053,147.62790697674419,84.10077519379844,84.81395348837209,0.48283499446290146,0.18333333333333332,0.6133333333333333,0.425,0.05,0.4,0.0,0.8125,0.62,0.6,0.0,0.0,0.0,0.2727272727272727,0.0,0.0,0.0,0.9318181818181818,0.6590909090909091,0.9545454545454546,0.8409090909090909,0
0.9285714285714286,0.75,0.5,0.16666666666666666,2.0,7,0.42857142857142855,20,172.07751937984494,199.73643410852716,86.93798449612402,114.59689922480624,0.3433001107419712,0.13333333333333333,0.37333333333333335,0.5166666666666667,0.0,0.34,0.0,0.65,0.42,0.0,0.0,0.0,0.0,0.0,0.0,0.0,0.0,0.7954545454545454,0.0,0.7727272727272727,0.0,0
0.8928571428571429,0.8571428571428571,0.8333333333333334,0.16666666666666666,2.0,6,0.3333333333333333,19,170.53488372093022,198.67441860465115,68.65116279069767,96.7906976744186,0.3344407530454042,0.08333333333333333,0.48,0.44166666666666665,0.0,0.34,0.0,0.625,0.32,0.0,0.0,0.0,0.0,0.0,0.0,0.0,0.0,0.8181818181818182,0.0,0.7272727272727273,0.0,0
0.8928571428571429,0.8571428571428571,0.8333333333333334,0.16666666666666666,2.0,6,0.3333333333333333,19,170.53488372093022,198.67441860465115,68.65116279069767,96.7906976744186,0.3344407530454042,0.08333333333333333,0.48,0.44166666666666665,0.0,0.34,0.0,0.625,0.32,0.0,0.0,0.0,0.0,0.0,0.0,0.0,0.0,0.8181818181818182,0.0,0.7272727272727273,0.0,0
0.8928571428571429,0.8571428571428571,0.8333333333333334,0.16666666666666666,2.0,6,0.3333333333333333,19,170.53488372093022,198.67441860465115,68.65116279069767,96.7906976744186,0.3344407530454042,0.08333333333333333,0.48,0.44166666666666665,0.0,0.34,0.0,0.625,0.32,0.0,0.0,0.0,0.0,0.0,0.0,0.0,0.0,0.8181818181818182,0.0,0.7272727272727273,0.0,0
1.0357142857142858,1.0357142857142858,0.5833333333333334,0.5833333333333334,4.0,6,0.5,19,209.8527131782946,105.62015503875968,150.20155038759694,45.968992248062,0.4130675526024363,0.03333333333333333,0.64,0.49166666666666664,0.0,0.3,0.2,0.0,0.52,0.7125,0.0,0.32,0.0,0.0,0.0,0.0,0.13636363636363635,0.0,0.8181818181818182,0.0,0.9318181818181818,0
1.0357142857142858,1.0357142857142858,0.5833333333333334,0.5833333333333334,4.0,6,0.5,19,209.8527131782946,105.62015503875968,150.20155038759694,45.968992248062,0.4130675526024363,0.03333333333333333,0.64,0.49166666666666664,0.0,0.3,0.2,0.0,0.52,0.7125,0.0,0.32,0.0,0.0,0.0,0.0,0.13636363636363635,0.0,0.8181818181818182,0.0,0.9318181818181818,0
1.0357142857142858,1.0357142857142858,0.5833333333333334,0.5833333333333334,4.0,6,0.5,19,209.8527131782946,105.62015503875968,150.20155038759694,45.968992248062,0.4130675526024363,0.03333333333333333,0.64,0.49166666666666664,0.0,0.3,0.2,0.0,0.52,0.7125,0.0,0.32,0.0,0.0,0.0,0.0,0.13636363636363635,0.0,0.8181818181818182,0.0,0.9318181818181818,0
1.0357142857142858,1.0357142857142858,0.5833333333333334,0.5833333333333334,4.0,6,0.5,19,209.8527131782946,105.62015503875968,150.20155038759694,45.968992248062,0.4130675526024363,0.03333333333333333,0.64,0.49166666666666664,0.0,0.3,0.2,0.0,0.52,0.7125,0.0,0.32,0.0,0.0,0.0,0.0,0.13636363636363635,0.0,0.8181818181818182,0.0,0.9318181818181818,0
1.0357142857142858,1.0357142857142858,0.5833333333333334,0.5833333333333334,4.0,6,0.5,19,209.8527131782946,105.62015503875968,150.20155038759694,45.968992248062,0.4130675526024363,0.03333333333333333,0.64,0.49166666666666664,0.0,0.3,0.2,0.0,0.52,0.7125,0.0,0.32,0.0,0.0,0.0,0.0,0.13636363636363635,0.0,0.8181818181818182,0.0,0.9318181818181818,0
0.9285714285714286,0.8928571428571429,0.3333333333333333,0.16666666666666666,6.0,11,0.5714285714285714,37,145.015503875969,160.50387596899225,68.06201550387597,83.55038759689923,0.4640088593576966,0.06666666666666667,0.56,0.26666666666666666,0.2,0.42,0.0,0.6125,0.56,0.4625,0.0,0.02666666666666667,0.06666666666666667,0.0,0.0,0.45454545454545453,0.0,0.9318181818181818,1.0,0.5909090909090909,0.13636363636363635,0
0.9285714285714286,0.8928571428571429,0.3333333333333333,0.16666666666666666,6.0,11,0.5714285714285714,37,145.015503875969,160.50387596899225,68.06201550387597,83.55038759689923,0.4640088593576966,0.06666666666666667,0.56,0.26666666666666666,0.2,0.42,0.0,0.6125,0.56,0.4625,0.0,0.02666666666666667,0.06666666666666667,0.0,0.0,0.45454545454545453,0.0,0.9318181818181818,1.0,0.5909090909090909,0.13636363636363635,0
0.9285714285714286,0.8928571428571429,0.3333333333333333,0.16666666666666666,6.0,11,0.5714285714285714,37,145.015503875969,160.50387596899225,68.06201550387597,83.55038759689923,0.4640088593576966,0.06666666666666667,0.56,0.26666666666666666,0.2,0.42,0.0,0.6125,0.56,0.4625,0.0,0.02666666666666667,0.06666666666666667,0.0,0.0,0.45454545454545453,0.0,0.9318181818181818,1.0,0.5909090909090909,0.13636363636363635,0
0.9285714285714286,0.8928571428571429,0.3333333333333333,0.16666666666666666,6.0,11,0.5714285714285714,37,145.015503875969,160.50387596899225,68.06201550387597,83.55038759689923,0.4640088593576966,0.06666666666666667,0.56,0.26666666666666666,0.2,0.42,0.0,0.6125,0.56,0.4625,0.0,0.02666666666666667,0.06666666666666667,0.0,0.0,0.45454545454545453,0.0,0.9318181818181818,1.0,0.5909090909090909,0.13636363636363635,0
0.9285714285714286,0.8928571428571429,0.3333333333333333,0.16666666666666666,6.0,11,0.5714285714285714,37,145.015503875969,160.50387596899225,68.06201550387597,83.55038759689923,0.4640088593576966,0.06666666666666667,0.56,0.26666666666666666,0.2,0.42,0.0,0.6125,0.56,0.4625,0.0,0.02666666666666667,0.06666666666666667,0.0,0.0,0.45454545454545453,0.0,0.9318181818181818,1.0,0.5909090909090909,0.13636363636363635,0
0.9285714285714286,0.7142857142857143,0.3611111111111111,0.16666666666666666,6.0,11,0.6,36,140.03875968992247,161.10852713178295,39.08527131782945,60.15503875968993,0.46068660022148394,0.1,0.56,0.26666666666666666,0.2,0.38,0.0,0.6125,0.54,0.45,0.0,0.04,0.06666666666666667,0.0,0.0,0.5,0.0,0.9545454545454546,1.0,0.5681818181818182,0.11363636363636363,0
0.8571428571428571,0.8214285714285714,0.5833333333333334,0.16666666666666666,2.0,7,0.3333333333333333,20,168.75968992248062,194.68217054263565,90.62015503875969,116.54263565891472,0.36323366555924697,0.19166666666666668,0.56,0.39166666666666666,0.0,0.4,0.0,0.4125,0.32,0.0,0.06666666666666667,0.06666666666666667,0.06666666666666667,0.0,0.0,0.0,0.0,1.0,0.0,0.06818181818181818,0.0,0
0.8571428571428571,0.8214285714285714,1.0,0.16666666666666666,2.0,6,0.3333333333333333,19,168.20155038759688,193.88372093023256,59.85271317829455,85.53488372093022,0.3532668881506091,0.175,0.6133333333333333,0.35,0.0,0.4,0.0,0.4,0.24,0.0,0.06666666666666667,0.06666666666666667,0.06666666666666667,0.0,0.0,0.0,0.0,1.0,0.0,0.045454545454545456,0.0,0
0.8571428571428571,0.8214285714285714,1.0,0.16666666666666666,2.0,6,0.3333333333333333,19,168.20155038759688,193.88372093023256,59.85271317829455,85.53488372093022,0.3532668881506091,0.175,0.6133333333333333,0.35,0.0,0.4,0.0,0.4,0.24,0.0,0.06666666666666667,0.06666666666666667,0.06666666666666667,0.0,0.0,0.0,0.0,1.0,0.0,0.045454545454545456,0.0,0
0.8571428571428571,0.8214285714285714,1.0,0.16666666666666666,2.0,6,0.3333333333333333,19,168.20155038759688,193.88372093023256,59.85271317829455,85.53488372093022,0.3532668881506091,0.175,0.6133333333333333,0.35,0.0,0.4,0.0,0.4,0.24,0.0,0.06666666666666667,0.06666666666666667,0.06666666666666667,0.0,0.0,0.0,0.0,1.0,0.0,0.045454545454545456,0.0,0
1.0357142857142858,1.0357142857142858,0.0,0.16666666666666666,3.0,3,0.0,19,208.78294573643413,206.84496124031008,129.36434108527135,127.42635658914729,0.3122923588039867,0.0,0.0,0.0,0.0,0.48,0.2,0.0,0.4,0.0875,0.0,0.0,0.125,0.0,0.18181818181818182,0.0,0.2727272727272727,0.0,0.25,0.0,0.0,1
0.8571428571428571,0.8214285714285714,0.0,0.16666666666666666,2.0,6,0.16666666666666666,29,207.78294573643413,186.31007751937986,80.20155038759692,58.728682170542655,0.37763012181616834,0.0,0.0,0.016666666666666666,0.3,0.36,0.2,0.25,0.18,0.2375,0.016666666666666666,0.22666666666666666,0.19166666666666668,0.2727272727272727,0.09090909090909091,0.2727272727272727,0.3181818181818182,0.2727272727272727,0.36363636363636365,0.18181818181818182,0.18181818181818182,0
0.8571428571428571,0.8214285714285714,0.0,0.16666666666666666,2.0,6,0.16666666666666666,29,207.78294573643413,186.31007751937986,80.20155038759692,58.728682170542655,0.37763012181616834,0.0,0.0,0.016666666666666666,0.3,0.36,0.2,0.25,0.18,0.2375,0.016666666666666666,0.22666666666666666,0.19166666666666668,0.2727272727272727,0.09090909090909091,0.2727272727272727,0.3181818181818182,0.2727272727272727,0.36363636363636365,0.18181818181818182,0.18181818181818182,0
0.8571428571428571,0.8214285714285714,0.0,0.16666666666666666,2.0,6,0.16666666666666666,29,207.78294573643413,186.31007751937986,80.20155038759692,58.728682170542655,0.37763012181616834,0.0,0.0,0.016666666666666666,0.3,0.36,0.2,0.25,0.18,0.2375,0.016666666666666666,0.22666666666666666,0.19166666666666668,0.2727272727272727,0.09090909090909091,0.2727272727272727,0.3181818181818182,0.2727272727272727,0.36363636363636365,0.18181818181818182,0.18181818181818182,0
0.8571428571428571,0.8214285714285714,0.0,0.16666666666666666,2.0,6,0.16666666666666666,29,207.78294573643413,186.31007751937986,80.20155038759692,58.728682170542655,0.37763012181616834,0.0,0.0,0.016666666666666666,0.3,0.36,0.2,0.25,0.18,0.2375,0.016666666666666666,0.22666666666666666,0.19166666666666668,0.2727272727272727,0.09090909090909091,0.2727272727272727,0.3181818181818182,0.2727272727272727,0.36363636363636365,0.18181818181818182,0.18181818181818182,0
1.0357142857142858,1.0357142857142858,0.6666666666666666,0.6666666666666666,2.0,7,0.375,22,207.76744186046514,101.46511627906978,163.93023255813955,57.62790697674419,0.43853820598006643,0.35,0.4266666666666667,0.49166666666666664,0.1125,0.4,0.3,0.0,0.54,0.4625,0.0,0.36,0.31666666666666665,0.2727272727272727,0.6363636363636364,0.022727272727272728,0.0,0.0,0.06818181818181818,0.0,0.8181818181818182,0
1.0357142857142858,1.0357142857142858,0.6666666666666666,0.6666666666666666,2.0,7,0.375,22,207.76744186046514,101.46511627906978,163.93023255813955,57.62790697674419,0.43853820598006643,0.35,0.4266666666666667,0.49166666666666664,0.1125,0.4,0.3,0.0,0.54,0.4625,0.0,0.36,0.31666666666666665,0.2727272727272727,0.6363636363636364,0.022727272727272728,0.0,0.0,0.06818181818181818,0.0,0.8181818181818182,0
1.0357142857142858,1.0357142857142858,0.6666666666666666,0.6666666666666666,2.0,7,0.375,22,207.76744186046514,101.46511627906978,163.93023255813955,57.62790697674419,0.43853820598006643,0.35,0.4266666666666667,0.49166666666666664,0.1125,0.4,0.3,0.0,0.54,0.4625,0.0,0.36,0.31666666666666665,0.2727272727272727,0.6363636363636364,0.022727272727272728,0.0,0.0,0.06818181818181818,0.0,0.8181818181818182,0
1.0357142857142858,1.0357142857142858,0.6666666666666666,0.6666666666666666,2.0,7,0.375,22,207.76744186046514,101.46511627906978,163.93023255813955,57.62790697674419,0.43853820598006643,0.35,0.4266666666666667,0.49166666666666664,0.1125,0.4,0.3,0.0,0.54,0.4625,0.0,0.36,0.31666666666666665,0.2727272727272727,0.6363636363636364,0.022727272727272728,0.0,0.0,0.06818181818181818,0.0,0.8181818181818182,0
1.0357142857142858,1.0357142857142858,0.6666666666666666,0.6666666666666666,2.0,7,0.375,22,207.76744186046514,101.46511627906978,163.93023255813955,57.62790697674419,0.43853820598006643,0.35,0.4266666666666667,0.49166666666666664,0.1125,0.4,0.3,0.0,0.54,0.4625,0.0,0.36,0.31666666666666665,0.2727272727272727,0.6363636363636364,0.022727272727272728,0.0,0.0,0.06818181818181818,0.0,0.8181818181818182,0
1.0357142857142858,1.0357142857142858,0.5,0.8333333333333334,2.0,11,0.125,37,139.68217054263567,117.18604651162791,86.07751937984497,63.58139534883721,0.5149501661129569,0.05,0.5733333333333334,0.6666666666666666,0.0,0.42,0.15,0.675,0.72,0.4,0.20833333333333334,0.28,0.25,0.09090909090909091,0.0,0.0,0.0,0.20454545454545456,0.0,0.9090909090909091,0.5,0
1.0357142857142858,1.0357142857142858,0.8333333333333334,0.8333333333333334,2.0,11,0.125,37,136.48062015503876,115.86821705426358,90.96899224806202,70.35658914728684,0.5083056478405316,0.06666666666666667,0.6666666666666666,0.6,0.0,0.46,0.125,0.675,0.68,0.4,0.2,0.28,0.25,0.0,0.0,0.0,0.0,0.20454545454545456,0.0,0.9090909090909091,0.5,0
1.0357142857142858,1.0357142857142858,0.8333333333333334,0.8333333333333334,2.0,11,0.125,37,136.48062015503876,115.86821705426358,90.96899224806202,70.35658914728684,0.5083056478405316,0.06666666666666667,0.6666666666666666,0.6,0.0,0.46,0.125,0.675,0.68,0.4,0.2,0.28,0.25,0.0,0.0,0.0,0.0,0.20454545454545456,0.0,0.9090909090909091,0.5,0
1.0357142857142858,1.0357142857142858,0.8333333333333334,0.8333333333333334,2.0,11,0.125,37,136.48062015503876,115.86821705426358,90.96899224806202,70.35658914728684,0.5083056478405316,0.06666666666666667,0.6666666666666666,0.6,0.0,0.46,0.125,0.675,0.68,0.4,0.2,0.28,0.25,0.0,0.0,0.0,0.0,0.20454545454545456,0.0,0.9090909090909091,0.5,0
1.0357142857142858,1.0357142857142858,0.6666666666666666,0.9583333333333334,4.0,7,0.5,21,154.42635658914728,154.7054263565892,127.19379844961239,127.4728682170543,0.4152823920265781,0.025,0.4266666666666667,0.5,0.0,0.48,0.3,0.4,0.7,0.0875,0.25,0.2,0.0,0.0,0.6363636363636364,0.0,0.0,0.022727272727272728,0.045454545454545456,0.5227272727272727,0.20454545454545456,0
1.0357142857142858,1.0357142857142858,0.6666666666666666,0.7916666666666666,4.0,7,0.5,22,147.5968992248062,156.90697674418604,88.01550387596899,97.32558139534882,0.40863787375415284,0.025,0.52,0.44166666666666665,0.0,0.56,0.25,0.425,0.62,0.075,0.25,0.14666666666666667,0.0,0.0,0.5454545454545454,0.0,0.0,0.045454545454545456,0.022727272727272728,0.5454545454545454,0.20454545454545456,0
1.0357142857142858,1.0357142857142858,0.6666666666666666,0.7916666666666666,4.0,7,0.5,22,147.5968992248062,156.90697674418604,88.01550387596899,97.32558139534882,0.40863787375415284,0.025,0.52,0.44166666666666665,0.0,0.56,0.25,0.425,0.62,0.075,0.25,0.14666666666666667,0.0,0.0,0.5454545454545454,0.0,0.0,0.045454545454545456,0.022727272727272728,0.5454545454545454,0.20454545454545456,0
1.0357142857142858,1.0357142857142858,0.6666666666666666,0.7916666666666666,4.0,7,0.5,22,147.5968992248062,156.90697674418604,88.01550387596899,97.32558139534882,0.40863787375415284,0.025,0.52,0.44166666666666665,0.0,0.56,0.25,0.425,0.62,0.075,0.25,0.14666666666666667,0.0,0.0,0.5454545454545454,0.0,0.0,0.045454545454545456,0.022727272727272728,0.5454545454545454,0.20454545454545456,0
1.0357142857142858,1.0357142857142858,0.6666666666666666,0.7916666666666666,4.0,7,0.5,22,147.5968992248062,156.90697674418604,88.01550387596899,97.32558139534882,0.40863787375415284,0.025,0.52,0.44166666666666665,0.0,0.56,0.25,0.425,0.62,0.075,0.25,0.14666666666666667,0.0,0.0,0.5454545454545454,0.0,0.0,0.045454545454545456,0.022727272727272728,0.5454545454545454,0.20454545454545456,0
0.8571428571428571,0.7142857142857143,0.0,0.16666666666666666,2.0,6,0.16666666666666666,37,203.97674418604652,178.55813953488374,58.81395348837211,33.395348837209326,0.29900332225913623,0.075,0.0,0.025,0.0,0.28,0.2625,0.1,0.3,0.375,0.0,0.0,0.20833333333333334,0.18181818181818182,0.13636363636363635,0.0,0.3181818181818182,0.0,0.4318181818181818,0.25,0.3409090909090909,0
0.8571428571428571,0.7142857142857143,0.0,0.16666666666666666,2.0,6,0.16666666666666666,37,203.97674418604652,178.55813953488374,58.81395348837211,33.395348837209326,0.29900332225913623,0.075,0.0,0.025,0.0,0.28,0.2625,0.1,0.3,0.375,0.0,0.0,0.20833333333333334,0.18181818181818182,0.13636363636363635,0.0,0.3181818181818182,0.0,0.4318181818181818,0.25,0.3409090909090909,0
0.8571428571428571,0.7142857142857143,0.0,0.16666666666666666,2.0,6,0.16666666666666666,37,203.97674418604652,178.55813953488374,58.81395348837211,33.395348837209326,0.29900332225913623,0.075,0.0,0.025,0.0,0.28,0.2625,0.1,0.3,0.375,0.0,0.0,0.20833333333333334,0.18181818181818182,0.13636363636363635,0.0,0.3181818181818182,0.0,0.4318181818181818,0.25,0.3409090909090909,0
0.8571428571428571,0.7142857142857143,0.0,0.16666666666666666,2.0,6,0.16666666666666666,37,203.97674418604652,178.55813953488374,58.81395348837211,33.395348837209326,0.29900332225913623,0.075,0.0,0.025,0.0,0.28,0.2625,0.1,0.3,0.375,0.0,0.0,0.20833333333333334,0.18181818181818182,0.13636363636363635,0.0,0.3181818181818182,0.0,0.4318181818181818,0.25,0.3409090909090909,0
0.8571428571428571,0.7142857142857143,0.0,0.16666666666666666,2.0,6,0.16666666666666666,37,203.97674418604652,178.55813953488374,58.81395348837211,33.395348837209326,0.29900332225913623,0.075,0.0,0.025,0.0,0.28,0.2625,0.1,0.3,0.375,0.0,0.0,0.20833333333333334,0.18181818181818182,0.13636363636363635,0.0,0.3181818181818182,0.0,0.4318181818181818,0.25,0.3409090909090909,0
1.0357142857142858,1.0357142857142858,0.5833333333333334,1.0,2.0,7,0.25,30,196.3875968992248,102.67441860465117,159.5736434108527,65.86046511627907,0.4363233665559247,0.0,0.13333333333333333,0.225,0.225,0.42,0.225,0.25,0.64,0.3875,0.0,0.68,0.8666666666666667,0.11363636363636363,0.022727272727272728,0.3181818181818182,0.18181818181818182,0.29545454545454547,0.4318181818181818,0.25,0.022727272727272728,0
1.0357142857142858,1.0357142857142858,0.5833333333333334,1.0,2.0,7,0.25,30,196.3875968992248,102.67441860465117,159.5736434108527,65.86046511627907,0.4363233665559247,0.0,0.13333333333333333,0.225,0.225,0.42,0.225,0.25,0.64,0.3875,0.0,0.68,0.8666666666666667,0.11363636363636363,0.022727272727272728,0.3181818181818182,0.18181818181818182,0.29545454545454547,0.4318181818181818,0.25,0.022727272727272728,0
1.0357142857142858,1.0357142857142858,0.5833333333333334,1.0,2.0,7,0.25,30,196.3875968992248,102.67441860465117,159.5736434108527,65.86046511627907,0.4363233665559247,0.0,0.13333333333333333,0.225,0.225,0.42,0.225,0.25,0.64,0.3875,0.0,0.68,0.8666666666666667,0.11363636363636363,0.022727272727272728,0.3181818181818182,0.18181818181818182,0.29545454545454547,0.4318181818181818,0.25,0.022727272727272728,0
1.0357142857142858,1.0357142857142858,0.5833333333333334,1.0,2.0,7,0.25,30,196.3875968992248,102.67441860465117,159.5736434108527,65.86046511627907,0.4363233665559247,0.0,0.13333333333333333,0.225,0.225,0.42,0.225,0.25,0.64,0.3875,0.0,0.68,0.8666666666666667,0.11363636363636363,0.022727272727272728,0.3181818181818182,0.18181818181818182,0.29545454545454547,0.4318181818181818,0.25,0.022727272727272728,0
1.0357142857142858,1.0357142857142858,0.5833333333333334,1.0,2.0,7,0.25,30,196.3875968992248,102.67441860465117,159.5736434108527,65.86046511627907,0.4363233665559247,0.0,0.13333333333333333,0.225,0.225,0.42,0.225,0.25,0.64,0.3875,0.0,0.68,0.8666666666666667,0.11363636363636363,0.022727272727272728,0.3181818181818182,0.18181818181818182,0.29545454545454547,0.4318181818181818,0.25,0.022727272727272728,0
1.0357142857142858,1.0357142857142858,1.0,1.0,2.0,7,0.25,22,166.88372093023256,134.65891472868216,155.11627906976744,122.89147286821705,0.43853820598006643,0.4,0.36,0.36666666666666664,0.1375,0.62,0.3125,0.25,0.52,0.0125,0.8666666666666667,0.8,0.65,0.25,0.5909090909090909,0.0,0.0,0.022727272727272728,0.0,0.06818181818181818,0.09090909090909091,0
1.0357142857142858,1.0357142857142858,1.0,1.0,2.0,7,0.25,22,166.88372093023256,134.65891472868216,155.11627906976744,122.89147286821705,0.43853820598006643,0.4,0.36,0.36666666666666664,0.1375,0.62,0.3125,0.25,0.52,0.0125,0.8666666666666667,0.8,0.65,0.25,0.5909090909090909,0.0,0.0,0.022727272727272728,0.0,0.06818181818181818,0.09090909090909091,0
1.0357142857142858,1.0357142857142858,1.0,1.0,2.0,7,0.25,22,166.88372093023256,134.65891472868216,155.11627906976744,122.89147286821705,0.43853820598006643,0.4,0.36,0.36666666666666664,0.1375,0.62,0.3125,0.25,0.52,0.0125,0.8666666666666667,0.8,0.65,0.25,0.5909090909090909,0.0,0.0,0.022727272727272728,0.0,0.06818181818181818,0.09090909090909091,0
1.0357142857142858,1.0357142857142858,1.0,1.0,2.0,7,0.25,22,166.88372093023256,134.65891472868216,155.11627906976744,122.89147286821705,0.43853820598006643,0.4,0.36,0.36666666666666664,0.1375,0.62,0.3125,0.25,0.52,0.0125,0.8666666666666667,0.8,0.65,0.25,0.5909090909090909,0.0,0.0,0.022727272727272728,0.0,0.06818181818181818,0.09090909090909091,0
1.0357142857142858,1.0357142857142858,1.0,1.0,2.0,7,0.25,22,166.88372093023256,134.65891472868216,155.11627906976744,122.89147286821705,0.43853820598006643,0.4,0.36,0.36666666666666664,0.1375,0.62,0.3125,0.25,0.52,0.0125,0.8666666666666667,0.8,0.65,0.25,0.5909090909090909,0.0,0.0,0.022727272727272728,0.0,0.06818181818181818,0.09090909090909091,0
1.0357142857142858,1.0357142857142858,0.3333333333333333,1.0,2.0,7,0.25,20,195.8139534883721,129.55038759689924,162.4418604651163,96.17829457364343,0.34219269102990035,0.11666666666666667,0.21333333333333335,0.18333333333333332,0.0,0.38,0.2375,0.1,0.62,0.1875,0.6,0.44,0.0,0.0,0.0,0.0,0.20454545454545456,0.0,0.38636363636363635,0.20454545454545456,0.06818181818181818,0
1.0357142857142858,1.0357142857142858,0.3333333333333333,1.0,2.0,7,0.25,20,195.8139534883721,129.55038759689924,162.4418604651163,96.17829457364343,0.34219269102990035,0.11666666666666667,0.21333333333333335,0.18333333333333332,0.0,0.38,0.2375,0.1,0.62,0.1875,0.6,0.44,0.0,0.0,0.0,0.0,0.20454545454545456,0.0,0.38636363636363635,0.20454545454545456,0.06818181818181818,0
1.0357142857142858,1.0357142857142858,0.3333333333333333,1.0,2.0,7,0.25,20,195.8139534883721,129.55038759689924,162.4418604651163,96.17829457364343,0.34219269102990035,0.11666666666666667,0.21333333333333335,0.18333333333333332,0.0,0.38,0.2375,0.1,0.62,0.1875,0.6,0.44,0.0,0.0,0.0,0.0,0.20454545454545456,0.0,0.38636363636363635,0.20454545454545456,0.06818181818181818,0
1.0357142857142858,1.0357142857142858,0.3333333333333333,1.0,2.0,7,0.25,20,195.8139534883721,129.55038759689924,162.4418604651163,96.17829457364343,0.34219269102990035,0.11666666666666667,0.21333333333333335,0.18333333333333332,0.0,0.38,0.2375,0.1,0.62,0.1875,0.6,0.44,0.0,0.0,0.0,0.0,0.20454545454545456,0.0,0.38636363636363635,0.20454545454545456,0.06818181818181818,0
1.0357142857142858,1.0357142857142858,0.3333333333333333,1.0,2.0,7,0.25,20,195.8139534883721,129.55038759689924,162.4418604651163,96.17829457364343,0.34219269102990035,0.11666666666666667,0.21333333333333335,0.18333333333333332,0.0,0.38,0.2375,0.1,0.62,0.1875,0.6,0.44,0.0,0.0,0.0,0.0,0.20454545454545456,0.0,0.38636363636363635,0.20454545454545456,0.06818181818181818,0
1.0357142857142858,1.0357142857142858,0.0,1.0,1.0,6,0.25,37,182.21705426356587,165.64341085271317,111.19379844961239,94.62015503875969,0.35437430786268,0.26666666666666666,0.18666666666666668,0.24166666666666667,0.3875,0.34,0.325,0.0,0.32,0.0,0.875,0.84,0.6416666666666667,0.4090909090909091,0.4090909090909091,0.06818181818181818,0.0,0.0,0.0,0.0,0.0,0
1.0357142857142858,1.0357142857142858,0.0,1.0,1.0,6,0.25,37,182.21705426356587,165.64341085271317,111.19379844961239,94.62015503875969,0.35437430786268,0.26666666666666666,0.18666666666666668,0.24166666666666667,0.3875,0.34,0.325,0.0,0.32,0.0,0.875,0.84,0.6416666666666667,0.4090909090909091,0.4090909090909091,0.06818181818181818,0.0,0.0,0.0,0.0,0.0,0
1.0357142857142858,1.0357142857142858,0.0,1.0,1.0,6,0.25,37,182.21705426356587,165.64341085271317,111.19379844961239,94.62015503875969,0.35437430786268,0.26666666666666666,0.18666666666666668,0.24166666666666667,0.3875,0.34,0.325,0.0,0.32,0.0,0.875,0.84,0.6416666666666667,0.4090909090909091,0.4090909090909091,0.06818181818181818,0.0,0.0,0.0,0.0,0.0,0
1.0357142857142858,1.0357142857142858,0.0,1.0,1.0,6,0.25,37,182.21705426356587,165.64341085271317,111.19379844961239,94.62015503875969,0.35437430786268,0.26666666666666666,0.18666666666666668,0.24166666666666667,0.3875,0.34,0.325,0.0,0.32,0.0,0.875,0.84,0.6416666666666667,0.4090909090909091,0.4090909090909091,0.06818181818181818,0.0,0.0,0.0,0.0,0.0,0
1.0357142857142858,0.8928571428571429,0.0,1.0,2.0,6,0.14285714285714285,37,179.54263565891475,170.87596899224806,100.89147286821708,92.2248062015504,0.31118493909191586,0.175,0.09333333333333334,0.041666666666666664,0.025,0.3,0.3125,0.05,0.46,0.0,0.6333333333333333,0.4666666666666667,0.0,0.13636363636363635,0.6590909090909091,0.0,0.0,0.0,0.0,0.0,0.0,0
1.0357142857142858,0.8928571428571429,0.0,1.0,2.0,6,0.14285714285714285,37,179.54263565891475,170.87596899224806,100.89147286821708,92.2248062015504,0.31118493909191586,0.175,0.09333333333333334,0.041666666666666664,0.025,0.3,0.3125,0.05,0.46,0.0,0.6333333333333333,0.4666666666666667,0.0,0.13636363636363635,0.6590909090909091,0.0,0.0,0.0,0.0,0.0,0.0,0
1.0357142857142858,0.8928571428571429,0.0,1.0,2.0,6,0.14285714285714285,37,179.54263565891475,170.87596899224806,100.89147286821708,92.2248062015504,0.31118493909191586,0.175,0.09333333333333334,0.041666666666666664,0.025,0.3,0.3125,0.05,0.46,0.0,0.6333333333333333,0.4666666666666667,0.0,0.13636363636363635,0.6590909090909091,0.0,0.0,0.0,0.0,0.0,0.0,0
1.0357142857142858,1.0357142857142858,0.3333333333333333,0.6666666666666666,3.5,6,0.5,37,148.78294573643413,143.33333333333334,117.75968992248065,112.31007751937986,0.4629014396456257,0.24166666666666667,0.16,0.25,0.0125,0.52,0.8,0.2875,0.34,0.15,0.6,0.64,0.016666666666666666,0.0,1.0,0.0,0.5,0.0,0.09090909090909091,0.22727272727272727,0.18181818181818182,0
1.0357142857142858,1.0357142857142858,0.3333333333333333,0.6666666666666666,3.5,6,0.5,37,148.78294573643413,143.33333333333334,117.75968992248065,112.31007751937986,0.4629014396456257,0.24166666666666667,0.16,0.25,0.0125,0.52,0.8,0.2875,0.34,0.15,0.6,0.64,0.016666666666666666,0.0,1.0,0.0,0.5,0.0,0.09090909090909091,0.22727272727272727,0.18181818181818182,0
1.0357142857142858,1.0357142857142858,0.3333333333333333,0.6666666666666666,3.5,6,0.5,37,148.78294573643413,143.33333333333334,117.75968992248065,112.31007751937986,0.4629014396456257,0.24166666666666667,0.16,0.25,0.0125,0.52,0.8,0.2875,0.34,0.15,0.6,0.64,0.016666666666666666,0.0,1.0,0.0,0.5,0.0,0.09090909090909091,0.22727272727272727,0.18181818181818182,0
1.0357142857142858,1.0357142857142858,0.3333333333333333,0.6666666666666666,3.5,6,0.5,37,148.78294573643413,143.33333333333334,117.75968992248065,112.31007751937986,0.4629014396456257,0.24166666666666667,0.16,0.25,0.0125,0.52,0.8,0.2875,0.34,0.15,0.6,0.64,0.016666666666666666,0.0,1.0,0.0,0.5,0.0,0.09090909090909091,0.22727272727272727,0.18181818181818182,0
1.0357142857142858,1.0357142857142858,0.3333333333333333,0.6666666666666666,3.5,6,0.5,37,148.78294573643413,143.33333333333334,117.75968992248065,112.31007751937986,0.4629014396456257,0.24166666666666667,0.16,0.25,0.0125,0.52,0.8,0.2875,0.34,0.15,0.6,0.64,0.016666666666666666,0.0,1.0,0.0,0.5,0.0,0.09090909090909091,0.22727272727272727,0.18181818181818182,0
1.0357142857142858,1.0357142857142858,0.6666666666666666,0.16666666666666666,4.0,11,0.5,37,118.84496124031007,167.03100775193798,47.751937984496124,95.93798449612403,0.4529346622369878,0.26666666666666666,0.26666666666666666,0.225,0.6,0.72,0.5,0.2875,0.36,0.0,0.0,0.02666666666666667,0.14166666666666666,0.7727272727272727,0.75,0.2727272727272727,0.0,0.0,0.0,0.7045454545454546,0.0,0
1.0357142857142858,1.0357142857142858,0.6666666666666666,0.16666666666666666,4.0,11,0.5,37,118.84496124031007,167.03100775193798,47.751937984496124,95.93798449612403,0.4529346622369878,0.26666666666666666,0.26666666666666666,0.225,0.6,0.72,0.5,0.2875,0.36,0.0,0.0,0.02666666666666667,0.14166666666666666,0.7727272727272727,0.75,0.2727272727272727,0.0,0.0,0.0,0.7045454545454546,0.0,0
1.0357142857142858,1.0357142857142858,0.6666666666666666,0.16666666666666666,4.0,11,0.5,37,118.84496124031007,167.03100775193798,47.751937984496124,95.93798449612403,0.4529346622369878,0.26666666666666666,0.26666666666666666,0.225,0.6,0.72,0.5,0.2875,0.36,0.0,0.0,0.02666666666666667,0.14166666666666666,0.7727272727272727,0.75,0.2727272727272727,0.0,0.0,0.0,0.7045454545454546,0.0,0
1.0357142857142858,1.0357142857142858,0.6666666666666666,0.16666666666666666,4.0,11,0.5,37,118.84496124031007,167.03100775193798,47.751937984496124,95.93798449612403,0.4529346622369878,0.26666666666666666,0.26666666666666666,0.225,0.6,0.72,0.5,0.2875,0.36,0.0,0.0,0.02666666666666667,0.14166666666666666,0.7727272727272727,0.75,0.2727272727272727,0.0,0.0,0.0,0.7045454545454546,0.0,0
1.0357142857142858,1.0357142857142858,0.6666666666666666,0.16666666666666666,4.0,11,0.5,37,118.84496124031007,167.03100775193798,47.751937984496124,95.93798449612403,0.4529346622369878,0.26666666666666666,0.26666666666666666,0.225,0.6,0.72,0.5,0.2875,0.36,0.0,0.0,0.02666666666666667,0.14166666666666666,0.7727272727272727,0.75,0.2727272727272727,0.0,0.0,0.0,0.7045454545454546,0.0,0
1.0357142857142858,1.0357142857142858,0.6666666666666666,0.4166666666666667,2.0,7,0.375,20,129.23255813953486,208.3798449612403,42.860465116279045,122.0077519379845,0.39867109634551495,0.3,0.24,0.09166666666666666,0.475,0.6,0.0,0.225,0.48,0.0625,0.15,0.04,0.175,0.7045454545454546,0.0,0.0,0.0,0.0,0.0,0.20454545454545456,0.022727272727272728,0
1.0357142857142858,1.0357142857142858,0.6666666666666666,0.4166666666666667,2.0,7,0.375,20,129.23255813953486,208.3798449612403,42.860465116279045,122.0077519379845,0.39867109634551495,0.3,0.24,0.09166666666666666,0.475,0.6,0.0,0.225,0.48,0.0625,0.15,0.04,0.175,0.7045454545454546,0.0,0.0,0.0,0.0,0.0,0.20454545454545456,0.022727272727272728,0
1.0357142857142858,1.0357142857142858,0.6666666666666666,0.4166666666666667,2.0,7,0.375,20,129.23255813953486,208.3798449612403,42.860465116279045,122.0077519379845,0.39867109634551495,0.3,0.24,0.09166666666666666,0.475,0.6,0.0,0.225,0.48,0.0625,0.15,0.04,0.175,0.7045454545454546,0.0,0.0,0.0,0.0,0.0,0.20454545454545456,0.022727272727272728,0
1.0357142857142858,1.0357142857142858,0.6666666666666666,0.4166666666666667,2.0,7,0.375,20,129.23255813953486,208.3798449612403,42.860465116279045,122.0077519379845,0.39867109634551495,0.3,0.24,0.09166666666666666,0.475,0.6,0.0,0.225,0.48,0.0625,0.15,0.04,0.175,0.7045454545454546,0.0,0.0,0.0,0.0,0.0,0.20454545454545456,0.022727272727272728,0
0.8571428571428571,0.7857142857142857,0.0,0.6666666666666666,4.0,6,0.5,19,199.41860465116278,151.46511627906978,95.3953488372093,47.44186046511629,0.3588039867109635,0.15,0.17333333333333334,0.14166666666666666,0.0,0.22,0.2,0.0,0.4,0.4,0.5333333333333333,0.4666666666666667,0.05,0.0,0.0,0.0,0.5227272727272727,0.0,1.0,0.0,0.0,0
0.8571428571428571,0.7857142857142857,0.0,0.6666666666666666,4.0,6,0.5,19,199.41860465116278,151.46511627906978,95.3953488372093,47.44186046511629,0.3588039867109635,0.15,0.17333333333333334,0.14166666666666666,0.0,0.22,0.2,0.0,0.4,0.4,0.5333333333333333,0.4666666666666667,0.05,0.0,0.0,0.0,0.5227272727272727,0.0,1.0,0.0,0.0,0
0.8571428571428571,0.7857142857142857,0.0,0.6666666666666666,4.0,6,0.5,19,199.41860465116278,151.46511627906978,95.3953488372093,47.44186046511629,0.3588039867109635,0.15,0.17333333333333334,0.14166666666666666,0.0,0.22,0.2,0.0,0.4,0.4,0.5333333333333333,0.4666666666666667,0.05,0.0,0.0,0.0,0.5227272727272727,0.0,1.0,0.0,0.0,0
0.8571428571428571,0.7857142857142857,0.0,0.6666666666666666,4.0,6,0.5,19,199.41860465116278,151.46511627906978,95.3953488372093,47.44186046511629,0.3588039867109635,0.15,0.17333333333333334,0.14166666666666666,0.0,0.22,0.2,0.0,0.4,0.4,0.5333333333333333,0.4666666666666667,0.05,0.0,0.0,0.0,0.5227272727272727,0.0,1.0,0.0,0.0,0
0.8571428571428571,0.7857142857142857,0.0,0.6666666666666666,4.0,6,0.5,19,199.41860465116278,151.46511627906978,95.3953488372093,47.44186046511629,0.3588039867109635,0.15,0.17333333333333334,0.14166666666666666,0.0,0.22,0.2,0.0,0.4,0.4,0.5333333333333333,0.4666666666666667,0.05,0.0,0.0,0.0,0.5227272727272727,0.0,1.0,0.0,0.0,0
0.8571428571428571,0.7857142857142857,0.0,0.8888888888888888,3.0,7,0.3333333333333333,20,147.48837209302326,197.1627906976744,68.11627906976744,117.7906976744186,0.36655592469545956,0.0,0.0,0.0,0.35,0.36,0.0,0.2,0.54,0.0,0.5416666666666666,0.5466666666666666,0.025,0.13636363636363635,0.0,0.6590909090909091,0.022727272727272728,0.5,0.0,0.0,0.0,0
0.8571428571428571,0.7857142857142857,0.0,0.6666666666666666,3.0,6,0.3333333333333333,19,146.34108527131784,201.21705426356593,45.480620155038764,100.35658914728685,0.3610188261351052,0.0,0.0,0.0,0.375,0.26,0.0,0.2,0.5,0.0,0.6083333333333333,0.4533333333333333,0.0,0.13636363636363635,0.0,0.7045454545454546,0.0,0.5227272727272727,0.0,0.022727272727272728,0.0,0
0.8571428571428571,0.7857142857142857,0.0,0.6666666666666666,3.0,6,0.3333333333333333,19,146.34108527131784,201.21705426356593,45.480620155038764,100.35658914728685,0.3610188261351052,0.0,0.0,0.0,0.375,0.26,0.0,0.2,0.5,0.0,0.6083333333333333,0.4533333333333333,0.0,0.13636363636363635,0.0,0.7045454545454546,0.0,0.5227272727272727,0.0,0.022727272727272728,0.0,0
0.8571428571428571,0.7857142857142857,0.0,0.6666666666666666,3.0,6,0.3333333333333333,19,146.34108527131784,201.21705426356593,45.480620155038764,100.35658914728685,0.3610188261351052,0.0,0.0,0.0,0.375,0.26,0.0,0.2,0.5,0.0,0.6083333333333333,0.4533333333333333,0.0,0.13636363636363635,0.0,0.7045454545454546,0.0,0.5227272727272727,0.0,0.022727272727272728,0.0,0
1.0357142857142858,1.0357142857142858,0.0,0.16666666666666666,3.0,3,0.0,3,200.8682170542636,254.34108527131784,103.28682170542639,156.75968992248062,0.1982281284606866,0.0,0.0,0.0,0.0,0.38,0.0,0.0,0.48,0.0,0.0,0.0,0.0,0.0,0.0,0.0,0.022727272727272728,0.0,0.09090909090909091,0.0,0.09090909090909091,0
1.0357142857142858,1.0357142857142858,0.0,0.16666666666666666,3.0,3,0.0,3,201.34883720930233,254.3798449612403,109.04651162790698,162.07751937984494,0.18715393133997785,0.0,0.0,0.0,0.0,0.38,0.0,0.0,0.48,0.0,0.0,0.0,0.0,0.022727272727272728,0.0,0.022727272727272728,0.0,0.0,0.0,0.0,0.0,0
1.0357142857142858,1.0357142857142858,0.0,0.16666666666666666,3.0,3,0.0,3,201.34883720930233,254.3798449612403,109.04651162790698,162.07751937984494,0.18715393133997785,0.0,0.0,0.0,0.0,0.38,0.0,0.0,0.48,0.0,0.0,0.0,0.0,0.022727272727272728,0.0,0.022727272727272728,0.0,0.0,0.0,0.0,0.0,0
1.0357142857142858,1.0357142857142858,0.0,0.16666666666666666,3.0,3,0.0,3,201.34883720930233,254.3798449612403,109.04651162790698,162.07751937984494,0.18715393133997785,0.0,0.0,0.0,0.0,0.38,0.0,0.0,0.48,0.0,0.0,0.0,0.0,0.022727272727272728,0.0,0.022727272727272728,0.0,0.0,0.0,0.0,0.0,0
1.0357142857142858,1.0357142857142858,0.0,0.16666666666666666,3.0,3,0.0,3,201.34883720930233,254.3798449612403,109.04651162790698,162.07751937984494,0.18715393133997785,0.0,0.0,0.0,0.0,0.38,0.0,0.0,0.48,0.0,0.0,0.0,0.0,0.022727272727272728,0.0,0.022727272727272728,0.0,0.0,0.0,0.0,0.0,0
1.0,0.8666666666666667,0.0,0.36666666666666664,5.0,7,0.5,21,182.31914893617022,161.90070921985816,104.36170212765958,83.94326241134752,0.34106280193236715,0.26666666666666666,0.04,0.0,0.03409090909090909,0.45454545454545453,0.5454545454545454,0.0,0.43636363636363634,0.19318181818181818,0.43333333333333335,0.44,0.016666666666666666,0.0,0.25,0.0,1.0,0.0,0.4,0.0,0.0,0
1.0,0.8666666666666667,0.0,0.36666666666666664,5.0,7,0.5,21,182.31914893617022,161.90070921985816,104.36170212765958,83.94326241134752,0.34106280193236715,0.26666666666666666,0.04,0.0,0.03409090909090909,0.45454545454545453,0.5454545454545454,0.0,0.43636363636363634,0.19318181818181818,0.43333333333333335,0.44,0.016666666666666666,0.0,0.25,0.0,1.0,0.0,0.4,0.0,0.0,0
1.0,0.8666666666666667,0.0,0.36666666666666664,5.0,7,0.5,21,182.31914893617022,161.90070921985816,104.36170212765958,83.94326241134752,0.34106280193236715,0.26666666666666666,0.04,0.0,0.03409090909090909,0.45454545454545453,0.5454545454545454,0.0,0.43636363636363634,0.19318181818181818,0.43333333333333335,0.44,0.016666666666666666,0.0,0.25,0.0,1.0,0.0,0.4,0.0,0.0,0
1.0,0.8666666666666667,0.0,0.36666666666666664,5.0,7,0.5,21,182.31914893617022,161.90070921985816,104.36170212765958,83.94326241134752,0.34106280193236715,0.26666666666666666,0.04,0.0,0.03409090909090909,0.45454545454545453,0.5454545454545454,0.0,0.43636363636363634,0.19318181818181818,0.43333333333333335,0.44,0.016666666666666666,0.0,0.25,0.0,1.0,0.0,0.4,0.0,0.0,0
1.0,0.8666666666666667,0.0,0.36666666666666664,5.0,7,0.5,21,182.31914893617022,161.90070921985816,104.36170212765958,83.94326241134752,0.34106280193236715,0.26666666666666666,0.04,0.0,0.03409090909090909,0.45454545454545453,0.5454545454545454,0.0,0.43636363636363634,0.19318181818181818,0.43333333333333335,0.44,0.016666666666666666,0.0,0.25,0.0,1.0,0.0,0.4,0.0,0.0,0
1.0,0.8666666666666667,0.0,0.5416666666666666,4.5,11,0.5,39,126.23404255319149,163.22695035460993,28.42553191489361,65.41843971631205,0.44154589371980674,0.0,0.0,0.0,0.5454545454545454,0.5454545454545454,0.5454545454545454,0.3068181818181818,0.4727272727272727,0.10227272727272728,0.175,0.09333333333333334,0.041666666666666664,0.25,0.25,1.0,1.0,0.4,0.21818181818181817,0.0,0.0,0
1.0,0.8666666666666667,0.0,0.5416666666666666,4.5,11,0.5,39,126.23404255319149,163.22695035460993,28.42553191489361,65.41843971631205,0.44154589371980674,0.0,0.0,0.0,0.5454545454545454,0.5454545454545454,0.5454545454545454,0.3068181818181818,0.4727272727272727,0.10227272727272728,0.175,0.09333333333333334,0.041666666666666664,0.25,0.25,1.0,1.0,0.4,0.21818181818181817,0.0,0.0,0
1.0,0.8666666666666667,0.0,0.5416666666666666,4.5,11,0.5,39,126.23404255319149,163.22695035460993,28.42553191489361,65.41843971631205,0.44154589371980674,0.0,0.0,0.0,0.5454545454545454,0.5454545454545454,0.5454545454545454,0.3068181818181818,0.4727272727272727,0.10227272727272728,0.175,0.09333333333333334,0.041666666666666664,0.25,0.25,1.0,1.0,0.4,0.21818181818181817,0.0,0.0,0
1.0,0.8666666666666667,0.0,0.5416666666666666,4.5,11,0.5,39,126.23404255319149,163.22695035460993,28.42553191489361,65.41843971631205,0.44154589371980674,0.0,0.0,0.0,0.5454545454545454,0.5454545454545454,0.5454545454545454,0.3068181818181818,0.4727272727272727,0.10227272727272728,0.175,0.09333333333333334,0.041666666666666664,0.25,0.25,1.0,1.0,0.4,0.21818181818181817,0.0,0.0,0
1.0,0.8666666666666667,0.0,0.5416666666666666,4.5,11,0.5,39,126.23404255319149,163.22695035460993,28.42553191489361,65.41843971631205,0.44154589371980674,0.0,0.0,0.0,0.5454545454545454,0.5454545454545454,0.5454545454545454,0.3068181818181818,0.4727272727272727,0.10227272727272728,0.175,0.09333333333333334,0.041666666666666664,0.25,0.25,1.0,1.0,0.4,0.21818181818181817,0.0,0.0,0
0.9666666666666667,0.8666666666666667,0.0,0.5,3.0,11,0.3333333333333333,39,145.81560283687944,160.61702127659575,57.198581560283685,72.0,0.4077294685990338,0.0,0.0,0.0,0.5454545454545454,0.5454545454545454,0.5454545454545454,0.09090909090909091,0.36363636363636365,0.10227272727272728,0.45,0.4266666666666667,0.0,0.25,0.25,1.0,1.0,0.21818181818181817,0.23636363636363636,0.0,0.0,0
0.9666666666666667,0.8666666666666667,0.0,0.5,3.0,11,0.3333333333333333,39,145.81560283687944,160.61702127659575,57.198581560283685,72.0,0.4077294685990338,0.0,0.0,0.0,0.5454545454545454,0.5454545454545454,0.5454545454545454,0.09090909090909091,0.36363636363636365,0.10227272727272728,0.45,0.4266666666666667,0.0,0.25,0.25,1.0,1.0,0.21818181818181817,0.23636363636363636,0.0,0.0,0
0.9666666666666667,0.8666666666666667,0.0,0.5,3.0,11,0.3333333333333333,39,145.81560283687944,160.61702127659575,57.198581560283685,72.0,0.4077294685990338,0.0,0.0,0.0,0.5454545454545454,0.5454545454545454,0.5454545454545454,0.09090909090909091,0.36363636363636365,0.10227272727272728,0.45,0.4266666666666667,0.0,0.25,0.25,1.0,1.0,0.21818181818181817,0.23636363636363636,0.0,0.0,0
0.9666666666666667,0.8666666666666667,0.0,0.5,3.0,11,0.3333333333333333,39,145.81560283687944,160.61702127659575,57.198581560283685,72.0,0.4077294685990338,0.0,0.0,0.0,0.5454545454545454,0.5454545454545454,0.5454545454545454,0.09090909090909091,0.36363636363636365,0.10227272727272728,0.45,0.4266666666666667,0.0,0.25,0.25,1.0,1.0,0.21818181818181817,0.23636363636363636,0.0,0.0,0
0.9666666666666667,0.8666666666666667,0.0,0.5,3.0,11,0.3333333333333333,39,145.81560283687944,160.61702127659575,57.198581560283685,72.0,0.4077294685990338,0.0,0.0,0.0,0.5454545454545454,0.5454545454545454,0.5454545454545454,0.09090909090909091,0.36363636363636365,0.10227272727272728,0.45,0.4266666666666667,0.0,0.25,0.25,1.0,1.0,0.21818181818181817,0.23636363636363636,0.0,0.0,0
0.9333333333333333,0.8666666666666667,0.0,0.5833333333333334,4.5,7,0.5,26,151.7446808510638,211.4468085106383,56.97872340425529,116.68085106382979,0.32463768115942027,0.0,0.0,0.0,0.5454545454545454,0.41818181818181815,0.0,0.14772727272727273,0.4909090909090909,0.056818181818181816,0.38333333333333336,0.64,0.26666666666666666,0.25,0.0,1.0,0.03636363636363636,0.3090909090909091,0.0,0.0,0.06818181818181818,0
0.9333333333333333,0.8666666666666667,0.0,0.625,4.0,6,0.5,20,151.75886524822695,195.76595744680853,35.801418439716315,79.80851063829789,0.3130434782608696,0.0,0.0,0.0,0.5454545454545454,0.3090909090909091,0.0,0.1590909090909091,0.45454545454545453,0.056818181818181816,0.44166666666666665,0.6,0.26666666666666666,0.25,0.0,1.0,0.05454545454545454,0.32727272727272727,0.0,0.0,0.06818181818181818,0
0.9333333333333333,0.8666666666666667,0.0,0.625,4.0,6,0.5,20,151.75886524822695,195.76595744680853,35.801418439716315,79.80851063829789,0.3130434782608696,0.0,0.0,0.0,0.5454545454545454,0.3090909090909091,0.0,0.1590909090909091,0.45454545454545453,0.056818181818181816,0.44166666666666665,0.6,0.26666666666666666,0.25,0.0,1.0,0.05454545454545454,0.32727272727272727,0.0,0.0,0.06818181818181818,0
0.9333333333333333,0.8666666666666667,0.0,0.625,4.0,6,0.5,20,151.75886524822695,195.76595744680853,35.801418439716315,79.80851063829789,0.3130434782608696,0.0,0.0,0.0,0.5454545454545454,0.3090909090909091,0.0,0.1590909090909091,0.45454545454545453,0.056818181818181816,0.44166666666666665,0.6,0.26666666666666666,0.25,0.0,1.0,0.05454545454545454,0.32727272727272727,0.0,0.0,0.06818181818181818,0
0.9333333333333333,0.8666666666666667,0.0,0.47619047619047616,7.0,11,0.5714285714285714,39,149.27659574468086,159.07801418439718,57.3404255319149,67.14184397163122,0.45217391304347826,0.0,0.0,0.0,0.5227272727272727,0.6181818181818182,0.6363636363636364,0.18181818181818182,0.509090909090909,0.18181818181818182,0.4,0.5066666666666667,0.10833333333333334,0.3409090909090909,0.5,0.8545454545454545,1.0,0.4,0.4,0.0,0.0,0
0.9333333333333333,0.8666666666666667,0.0,0.4166666666666667,8.0,11,0.5714285714285714,38,149.82978723404256,161.20567375886526,42.63829787234043,54.014184397163135,0.45603864734299515,0.0,0.0,0.0,0.5340909090909091,0.6363636363636364,0.6363636363636364,0.18181818181818182,0.509090909090909,0.18181818181818182,0.4666666666666667,0.4,0.15833333333333333,0.36363636363636365,0.5,0.8363636363636363,1.0,0.4,0.4,0.0,0.0,0
0.9333333333333333,0.8666666666666667,0.0,0.4166666666666667,8.0,11,0.5714285714285714,38,149.82978723404256,161.20567375886526,42.63829787234043,54.014184397163135,0.45603864734299515,0.0,0.0,0.0,0.5340909090909091,0.6363636363636364,0.6363636363636364,0.18181818181818182,0.509090909090909,0.18181818181818182,0.4666666666666667,0.4,0.15833333333333333,0.36363636363636365,0.5,0.8363636363636363,1.0,0.4,0.4,0.0,0.0,0
0.9333333333333333,0.8666666666666667,0.0,0.4166666666666667,8.0,11,0.5714285714285714,38,149.82978723404256,161.20567375886526,42.63829787234043,54.014184397163135,0.45603864734299515,0.0,0.0,0.0,0.5340909090909091,0.6363636363636364,0.6363636363636364,0.18181818181818182,0.509090909090909,0.18181818181818182,0.4666666666666667,0.4,0.15833333333333333,0.36363636363636365,0.5,0.8363636363636363,1.0,0.4,0.4,0.0,0.0,0
0.9333333333333333,0.8666666666666667,0.0,0.4166666666666667,8.0,11,0.5714285714285714,38,149.82978723404256,161.20567375886526,42.63829787234043,54.014184397163135,0.45603864734299515,0.0,0.0,0.0,0.5340909090909091,0.6363636363636364,0.6363636363636364,0.18181818181818182,0.509090909090909,0.18181818181818182,0.4666666666666667,0.4,0.15833333333333333,0.36363636363636365,0.5,0.8363636363636363,1.0,0.4,0.4,0.0,0.0,0
0.9333333333333333,0.8666666666666667,0.0,0.4166666666666667,8.0,11,0.5714285714285714,38,149.82978723404256,161.20567375886526,42.63829787234043,54.014184397163135,0.45603864734299515,0.0,0.0,0.0,0.5340909090909091,0.6363636363636364,0.6363636363636364,0.18181818181818182,0.509090909090909,0.18181818181818182,0.4666666666666667,0.4,0.15833333333333333,0.36363636363636365,0.5,0.8363636363636363,1.0,0.4,0.4,0.0,0.0,0
0.9333333333333333,0.8666666666666667,0.0,0.5833333333333334,4.5,7,0.5,39,154.04255319148936,212.22695035460993,58.02127659574468,116.20567375886525,0.34009661835748795,0.0,0.0,0.0,0.6363636363636364,0.43636363636363634,0.0,0.18181818181818182,0.4727272727272727,0.0,0.39166666666666666,0.6666666666666666,0.1,0.5,0.0,1.0,0.0,0.4,0.0,0.0,0.0,0
0.9333333333333333,0.8666666666666667,0.0,0.5833333333333334,4.0,6,0.5,39,152.93617021276597,215.85106382978725,23.531914893617028,86.4468085106383,0.3314009661835749,0.0,0.0,0.0,0.6363636363636364,0.3090909090909091,0.0,0.18181818181818182,0.43636363636363634,0.0,0.425,0.6,0.11666666666666667,0.5,0.0,1.0,0.0,0.4,0.0,0.0,0.0,0
0.9333333333333333,0.8666666666666667,0.0,0.5833333333333334,4.0,6,0.5,39,152.93617021276597,215.85106382978725,23.531914893617028,86.4468085106383,0.3314009661835749,0.0,0.0,0.0,0.6363636363636364,0.3090909090909091,0.0,0.18181818181818182,0.43636363636363634,0.0,0.425,0.6,0.11666666666666667,0.5,0.0,1.0,0.0,0.4,0.0,0.0,0.0,0
0.9333333333333333,0.8666666666666667,0.0,0.5833333333333334,4.0,6,0.5,39,152.93617021276597,215.85106382978725,23.531914893617028,86.4468085106383,0.3314009661835749,0.0,0.0,0.0,0.6363636363636364,0.3090909090909091,0.0,0.18181818181818182,0.43636363636363634,0.0,0.425,0.6,0.11666666666666667,0.5,0.0,1.0,0.0,0.4,0.0,0.0,0.0,0
0.9,0.8,0.0,0.5555555555555556,3.0,7,0.3333333333333333,39,205.72340425531914,157.47517730496455,125.99999999999999,77.7517730496454,0.32753623188405795,0.0,0.0,0.0,0.0,0.36363636363636365,0.3522727272727273,0.0,0.4727272727272727,0.36363636363636365,0.49166666666666664,0.5466666666666666,0.09166666666666666,0.0,0.0,0.0,0.7454545454545455,0.0,0.8,0.0,0.0,0
0.9,0.8,0.0,0.5555555555555556,3.0,7,0.3333333333333333,39,205.72340425531914,157.47517730496455,125.99999999999999,77.7517730496454,0.32753623188405795,0.0,0.0,0.0,0.0,0.36363636363636365,0.3522727272727273,0.0,0.4727272727272727,0.36363636363636365,0.49166666666666664,0.5466666666666666,0.09166666666666666,0.0,0.0,0.0,0.7454545454545455,0.0,0.8,0.0,0.0,0
0.9,0.8,0.0,0.5555555555555556,3.0,7,0.3333333333333333,39,205.72340425531914,157.47517730496455,125.99999999999999,77.7517730496454,0.32753623188405795,0.0,0.0,0.0,0.0,0.36363636363636365,0.3522727272727273,0.0,0.4727272727272727,0.36363636363636365,0.49166666666666664,0.5466666666666666,0.09166666666666666,0.0,0.0,0.0,0.7454545454545455,0.0,0.8,0.0,0.0,0
0.9,0.8,0.0,0.5555555555555556,3.0,7,0.3333333333333333,39,205.72340425531914,157.47517730496455,125.99999999999999,77.7517730496454,0.32753623188405795,0.0,0.0,0.0,0.0,0.36363636363636365,0.3522727272727273,0.0,0.4727272727272727,0.36363636363636365,0.49166666666666664,0.5466666666666666,0.09166666666666666,0.0,0.0,0.0,0.7454545454545455,0.0,0.8,0.0,0.0,0
0.9,0.8,0.0,0.5555555555555556,3.0,7,0.3333333333333333,39,205.72340425531914,157.47517730496455,125.99999999999999,77.7517730496454,0.32753623188405795,0.0,0.0,0.0,0.0,0.36363636363636365,0.3522727272727273,0.0,0.4727272727272727,0.36363636363636365,0.49166666666666664,0.5466666666666666,0.09166666666666666,0.0,0.0,0.0,0.7454545454545455,0.0,0.8,0.0,0.0,0
0.9,0.8,0.0,0.5277777777777778,6.0,7,0.6666666666666666,35,152.75177304964538,208.0921985815603,64.64539007092198,119.9858156028369,0.32753623188405795,0.0,0.0,0.0,0.4318181818181818,0.2909090909090909,0.0,0.32954545454545453,0.4727272727272727,0.0,0.4666666666666667,0.6533333333333333,0.05,0.0,0.11363636363636363,0.9090909090909091,0.10909090909090909,0.7818181818181819,0.10909090909090909,0.045454545454545456,0.11363636363636363,0
0.9,0.8,0.0,0.5277777777777778,6.0,7,0.6666666666666666,35,152.75177304964538,208.0921985815603,64.64539007092198,119.9858156028369,0.32753623188405795,0.0,0.0,0.0,0.4318181818181818,0.2909090909090909,0.0,0.32954545454545453,0.4727272727272727,0.0,0.4666666666666667,0.6533333333333333,0.05,0.0,0.11363636363636363,0.9090909090909091,0.10909090909090909,0.7818181818181819,0.10909090909090909,0.045454545454545456,0.11363636363636363,0
0.9,0.8,0.0,0.5277777777777778,6.0,7,0.6666666666666666,35,152.75177304964538,208.0921985815603,64.64539007092198,119.9858156028369,0.32753623188405795,0.0,0.0,0.0,0.4318181818181818,0.2909090909090909,0.0,0.32954545454545453,0.4727272727272727,0.0,0.4666666666666667,0.6533333333333333,0.05,0.0,0.11363636363636363,0.9090909090909091,0.10909090909090909,0.7818181818181819,0.10909090909090909,0.045454545454545456,0.11363636363636363,0
0.9,0.8,0.0,0.5277777777777778,6.0,7,0.6666666666666666,35,152.75177304964538,208.0921985815603,64.64539007092198,119.9858156028369,0.32753623188405795,0.0,0.0,0.0,0.4318181818181818,0.2909090909090909,0.0,0.32954545454545453,0.4727272727272727,0.0,0.4666666666666667,0.6533333333333333,0.05,0.0,0.11363636363636363,0.9090909090909091,0.10909090909090909,0.7818181818181819,0.10909090909090909,0.045454545454545456,0.11363636363636363,0
1.0333333333333334,1.0,0.0,0.0,2.0,4,0.25,21,216.25531914893614,192.41843971631207,96.02127659574465,72.18439716312058,0.22415458937198068,0.0,0.0,0.025,0.0,0.4,0.0,0.0,0.4,0.03409090909090909,0.05,0.0,0.425,0.0,0.0,0.10909090909090909,0.0,0.14545454545454545,0.0,0.11363636363636363,0.0,1
0.9,0.8,0.0,0.4583333333333333,4.5,6,0.5,39,186.48226950354606,162.5886524822695,89.50354609929074,65.60992907801419,0.34299516908212563,0.225,0.0,0.0,0.07954545454545454,0.2727272727272727,0.38636363636363635,0.0,0.45454545454545453,0.45454545454545453,0.525,0.5866666666666667,0.075,0.0,0.0,0.0,0.8909090909090909,0.0,0.9454545454545454,0.0,0.045454545454545456,0
0.9,0.8,0.0,0.4583333333333333,4.5,6,0.5,39,186.48226950354606,162.5886524822695,89.50354609929074,65.60992907801419,0.34299516908212563,0.225,0.0,0.0,0.07954545454545454,0.2727272727272727,0.38636363636363635,0.0,0.45454545454545453,0.45454545454545453,0.525,0.5866666666666667,0.075,0.0,0.0,0.0,0.8909090909090909,0.0,0.9454545454545454,0.0,0.045454545454545456,0
0.9,0.8,0.0,0.4583333333333333,4.5,6,0.5,39,186.48226950354606,162.5886524822695,89.50354609929074,65.60992907801419,0.34299516908212563,0.225,0.0,0.0,0.07954545454545454,0.2727272727272727,0.38636363636363635,0.0,0.45454545454545453,0.45454545454545453,0.525,0.5866666666666667,0.075,0.0,0.0,0.0,0.8909090909090909,0.0,0.9454545454545454,0.0,0.045454545454545456,0
0.9,0.8,0.0,0.4583333333333333,4.5,6,0.5,39,186.48226950354606,162.5886524822695,89.50354609929074,65.60992907801419,0.34299516908212563,0.225,0.0,0.0,0.07954545454545454,0.2727272727272727,0.38636363636363635,0.0,0.45454545454545453,0.45454545454545453,0.525,0.5866666666666667,0.075,0.0,0.0,0.0,0.8909090909090909,0.0,0.9454545454545454,0.0,0.045454545454545456,0
0.9,0.8,0.0,0.4583333333333333,4.5,6,0.5,39,186.48226950354606,162.5886524822695,89.50354609929074,65.60992907801419,0.34299516908212563,0.225,0.0,0.0,0.07954545454545454,0.2727272727272727,0.38636363636363635,0.0,0.45454545454545453,0.45454545454545453,0.525,0.5866666666666667,0.075,0.0,0.0,0.0,0.8909090909090909,0.0,0.9454545454545454,0.0,0.045454545454545456,0
0.8333333333333334,0.7666666666666667,0.0,0.5416666666666666,4.5,11,0.5,39,155.87943262411346,217.86524822695037,52.09219858156027,114.07801418439718,0.3507246376811594,0.0,0.0,0.0,0.45454545454545453,0.38181818181818183,0.09090909090909091,0.2727272727272727,0.4727272727272727,0.0,0.43333333333333335,0.5866666666666667,0.10833333333333334,0.2,0.2,1.0,0.0,0.75,0.0,0.0,0.0,0
0.8333333333333334,0.7666666666666667,0.0,0.5416666666666666,4.0,11,0.5,39,155.1631205673759,222.86524822695037,25.609929078014204,93.31205673758868,0.3391304347826087,0.0,0.0,0.0,0.45454545454545453,0.3090909090909091,0.09090909090909091,0.2727272727272727,0.41818181818181815,0.0,0.49166666666666664,0.5466666666666666,0.1,0.2,0.2,1.0,0.0,0.75,0.0,0.0,0.0,0
0.8333333333333334,0.7666666666666667,0.0,0.5416666666666666,4.0,11,0.5,39,155.1631205673759,222.86524822695037,25.609929078014204,93.31205673758868,0.3391304347826087,0.0,0.0,0.0,0.45454545454545453,0.3090909090909091,0.09090909090909091,0.2727272727272727,0.41818181818181815,0.0,0.49166666666666664,0.5466666666666666,0.1,0.2,0.2,1.0,0.0,0.75,0.0,0.0,0.0,0
0.8333333333333334,0.7666666666666667,0.0,0.5416666666666666,4.0,11,0.5,39,155.1631205673759,222.86524822695037,25.609929078014204,93.31205673758868,0.3391304347826087,0.0,0.0,0.0,0.45454545454545453,0.3090909090909091,0.09090909090909091,0.2727272727272727,0.41818181818181815,0.0,0.49166666666666664,0.5466666666666666,0.1,0.2,0.2,1.0,0.0,0.75,0.0,0.0,0.0,0
0.8666666666666667,0.7666666666666667,0.2916666666666667,0.5833333333333334,4.0,11,0.5,39,189.17730496453905,157.11347517730496,87.04964539007096,54.98581560283688,0.34782608695652173,0.15833333333333333,0.22666666666666666,0.35833333333333334,0.09090909090909091,0.2909090909090909,0.36363636363636365,0.0,0.43636363636363634,0.18181818181818182,0.43333333333333335,0.64,0.058333333333333334,0.2,0.2,0.0,0.75,0.0,0.5,0.0,0.0,0
0.8666666666666667,0.7666666666666667,0.3333333333333333,0.5833333333333334,4.5,11,0.5,39,189.4964539007092,152.72340425531914,97.39007092198581,60.617021276595736,0.36038647342995167,0.175,0.2,0.35833333333333334,0.09090909090909091,0.34545454545454546,0.36363636363636365,0.0,0.4727272727272727,0.18181818181818182,0.48333333333333334,0.56,0.058333333333333334,0.2,0.2,0.0,0.75,0.0,0.5,0.0,0.0,0
0.8666666666666667,0.7666666666666667,0.3333333333333333,0.5833333333333334,4.5,11,0.5,39,189.4964539007092,152.72340425531914,97.39007092198581,60.617021276595736,0.36038647342995167,0.175,0.2,0.35833333333333334,0.09090909090909091,0.34545454545454546,0.36363636363636365,0.0,0.4727272727272727,0.18181818181818182,0.48333333333333334,0.56,0.058333333333333334,0.2,0.2,0.0,0.75,0.0,0.5,0.0,0.0,0
0.8666666666666667,0.7666666666666667,0.3333333333333333,0.5833333333333334,4.5,11,0.5,39,189.4964539007092,152.72340425531914,97.39007092198581,60.617021276595736,0.36038647342995167,0.175,0.2,0.35833333333333334,0.09090909090909091,0.34545454545454546,0.36363636363636365,0.0,0.4727272727272727,0.18181818181818182,0.48333333333333334,0.56,0.058333333333333334,0.2,0.2,0.0,0.75,0.0,0.5,0.0,0.0,0
0.8666666666666667,0.7666666666666667,0.3333333333333333,0.5833333333333334,4.5,11,0.5,39,189.4964539007092,152.72340425531914,97.39007092198581,60.617021276595736,0.36038647342995167,0.175,0.2,0.35833333333333334,0.09090909090909091,0.34545454545454546,0.36363636363636365,0.0,0.4727272727272727,0.18181818181818182,0.48333333333333334,0.56,0.058333333333333334,0.2,0.2,0.0,0.75,0.0,0.5,0.0,0.0,0
0.8666666666666667,0.7666666666666667,0.3333333333333333,0.5833333333333334,4.5,11,0.5,39,189.4964539007092,152.72340425531914,97.39007092198581,60.617021276595736,0.36038647342995167,0.175,0.2,0.35833333333333334,0.09090909090909091,0.34545454545454546,0.36363636363636365,0.0,0.4727272727272727,0.18181818181818182,0.48333333333333334,0.56,0.058333333333333334,0.2,0.2,0.0,0.75,0.0,0.5,0.0,0.0,0
0.8333333333333334,0.7666666666666667,0.0,0.4583333333333333,4.0,11,0.5,39,158.81560283687944,215.79432624113474,39.858156028368796,96.8368794326241,0.32753623188405795,0.0,0.0,0.0,0.45454545454545453,0.3090909090909091,0.09090909090909091,0.18181818181818182,0.36363636363636365,0.0,0.4083333333333333,0.5733333333333334,0.03333333333333333,0.2,0.2,1.0,0.0,0.4318181818181818,0.0,0.0,0.0,0
0.8333333333333334,0.7666666666666667,0.0,0.4583333333333333,4.0,11,0.5,39,158.81560283687944,215.79432624113474,39.858156028368796,96.8368794326241,0.32753623188405795,0.0,0.0,0.0,0.45454545454545453,0.3090909090909091,0.09090909090909091,0.18181818181818182,0.36363636363636365,0.0,0.4083333333333333,0.5733333333333334,0.03333333333333333,0.2,0.2,1.0,0.0,0.4318181818181818,0.0,0.0,0.0,0
0.8333333333333334,0.7666666666666667,0.0,0.4583333333333333,4.0,11,0.5,39,158.81560283687944,215.79432624113474,39.858156028368796,96.8368794326241,0.32753623188405795,0.0,0.0,0.0,0.45454545454545453,0.3090909090909091,0.09090909090909091,0.18181818181818182,0.36363636363636365,0.0,0.4083333333333333,0.5733333333333334,0.03333333333333333,0.2,0.2,1.0,0.0,0.4318181818181818,0.0,0.0,0.0,0
0.8666666666666667,0.7666666666666667,0.0,0.4444444444444444,5.5,11,0.625,39,204.21985815602838,159.36879432624116,120.24113475177306,75.39007092198584,0.3652173913043478,0.0,0.0,0.0,0.09090909090909091,0.38181818181818183,0.42045454545454547,0.0,0.34545454545454546,0.3409090909090909,0.55,0.5733333333333334,0.08333333333333333,0.2,0.2,0.0,0.8863636363636364,0.0,0.9545454545454546,0.0,0.0,0
0.8666666666666667,0.7666666666666667,0.0,0.4444444444444444,5.5,11,0.625,39,204.21985815602838,159.36879432624116,120.24113475177306,75.39007092198584,0.3652173913043478,0.0,0.0,0.0,0.09090909090909091,0.38181818181818183,0.42045454545454547,0.0,0.34545454545454546,0.3409090909090909,0.55,0.5733333333333334,0.08333333333333333,0.2,0.2,0.0,0.8863636363636364,0.0,0.9545454545454546,0.0,0.0,0
0.8666666666666667,0.7666666666666667,0.0,0.4444444444444444,5.5,11,0.625,39,204.21985815602838,159.36879432624116,120.24113475177306,75.39007092198584,0.3652173913043478,0.0,0.0,0.0,0.09090909090909091,0.38181818181818183,0.42045454545454547,0.0,0.34545454545454546,0.3409090909090909,0.55,0.5733333333333334,0.08333333333333333,0.2,0.2,0.0,0.8863636363636364,0.0,0.9545454545454546,0.0,0.0,0
0.8666666666666667,0.7666666666666667,0.0,0.4444444444444444,5.5,11,0.625,39,204.21985815602838,159.36879432624116,120.24113475177306,75.39007092198584,0.3652173913043478,0.0,0.0,0.0,0.09090909090909091,0.38181818181818183,0.42045454545454547,0.0,0.34545454545454546,0.3409090909090909,0.55,0.5733333333333334,0.08333333333333333,0.2,0.2,0.0,0.8863636363636364,0.0,0.9545454545454546,0.0,0.0,0
0.8333333333333334,0.7666666666666667,0.0,0.375,4.5,11,0.5,39,160.68794326241135,208.6028368794326,67.53900709219859,115.45390070921984,0.3497584541062802,0.0,0.0,0.0,0.45454545454545453,0.38181818181818183,0.125,0.2727272727272727,0.36363636363636365,0.0,0.35,0.52,0.08333333333333333,0.2,0.2545454545454545,1.0,0.0,0.75,0.0,0.0,0.0,0
0.8333333333333334,0.7666666666666667,0.0,0.375,4.5,11,0.5,39,160.68794326241135,208.6028368794326,67.53900709219859,115.45390070921984,0.3497584541062802,0.0,0.0,0.0,0.45454545454545453,0.38181818181818183,0.125,0.2727272727272727,0.36363636363636365,0.0,0.35,0.52,0.08333333333333333,0.2,0.2545454545454545,1.0,0.0,0.75,0.0,0.0,0.0,0
0.8333333333333334,0.7666666666666667,0.0,0.375,4.5,11,0.5,39,160.68794326241135,208.6028368794326,67.53900709219859,115.45390070921984,0.3497584541062802,0.0,0.0,0.0,0.45454545454545453,0.38181818181818183,0.125,0.2727272727272727,0.36363636363636365,0.0,0.35,0.52,0.08333333333333333,0.2,0.2545454545454545,1.0,0.0,0.75,0.0,0.0,0.0,0
0.8333333333333334,0.7666666666666667,0.0,0.375,4.5,11,0.5,39,160.68794326241135,208.6028368794326,67.53900709219859,115.45390070921984,0.3497584541062802,0.0,0.0,0.0,0.45454545454545453,0.38181818181818183,0.125,0.2727272727272727,0.36363636363636365,0.0,0.35,0.52,0.08333333333333333,0.2,0.2545454545454545,1.0,0.0,0.75,0.0,0.0,0.0,0
0.8666666666666667,0.7666666666666667,0.0,0.8333333333333334,2.0,7,0.2857142857142857,39,134.177304964539,214.17021276595744,37.75177304964538,117.74468085106383,0.33043478260869563,0.15,0.10666666666666667,0.06666666666666667,0.38636363636363635,0.23636363636363636,0.022727272727272728,0.29545454545454547,0.36363636363636365,0.0,0.43333333333333335,0.36,0.016666666666666666,0.10909090909090909,0.05454545454545454,0.9318181818181818,0.0,0.7727272727272727,0.0,0.09090909090909091,0.0,0
0.8666666666666667,0.7666666666666667,0.0,0.8333333333333334,2.0,7,0.2857142857142857,39,134.177304964539,214.17021276595744,37.75177304964538,117.74468085106383,0.33043478260869563,0.15,0.10666666666666667,0.06666666666666667,0.38636363636363635,0.23636363636363636,0.022727272727272728,0.29545454545454547,0.36363636363636365,0.0,0.43333333333333335,0.36,0.016666666666666666,0.10909090909090909,0.05454545454545454,0.9318181818181818,0.0,0.7727272727272727,0.0,0.09090909090909091,0.0,0
0.8666666666666667,0.7666666666666667,0.0,0.8333333333333334,2.0,7,0.2857142857142857,39,134.177304964539,214.17021276595744,37.75177304964538,117.74468085106383,0.33043478260869563,0.15,0.10666666666666667,0.06666666666666667,0.38636363636363635,0.23636363636363636,0.022727272727272728,0.29545454545454547,0.36363636363636365,0.0,0.43333333333333335,0.36,0.016666666666666666,0.10909090909090909,0.05454545454545454,0.9318181818181818,0.0,0.7727272727272727,0.0,0.09090909090909091,0.0,0
0.8666666666666667,0.7666666666666667,0.0,0.8333333333333334,2.0,7,0.2857142857142857,39,134.177304964539,214.17021276595744,37.75177304964538,117.74468085106383,0.33043478260869563,0.15,0.10666666666666667,0.06666666666666667,0.38636363636363635,0.23636363636363636,0.022727272727272728,0.29545454545454547,0.36363636363636365,0.0,0.43333333333333335,0.36,0.016666666666666666,0.10909090909090909,0.05454545454545454,0.9318181818181818,0.0,0.7727272727272727,0.0,0.09090909090909091,0.0,0
0.9333333333333333,0.7,0.2777777777777778,0.5833333333333334,6.0,7,0.5714285714285714,39,152.7304964539007,155.06382978723406,31.390070921985824,33.72340425531917,0.3565217391304348,0.18333333333333332,0.06666666666666667,0.0,0.11363636363636363,0.41818181818181815,0.6136363636363636,0.125,0.4,0.1590909090909091,0.16666666666666666,0.10666666666666667,0.0,0.05454545454545454,0.6181818181818182,0.0,1.0,0.0,0.38636363636363635,0.0,0.05454545454545454,0
0.9333333333333333,0.7,0.1388888888888889,0.4166666666666667,5.5,8,0.625,39,158.3049645390071,156.76595744680853,39.49645390070923,37.95744680851065,0.3719806763285024,0.21666666666666667,0.0,0.0,0.13636363636363635,0.509090909090909,0.625,0.14772727272727273,0.4,0.14772727272727273,0.19166666666666668,0.06666666666666667,0.0,0.03636363636363636,0.6363636363636364,0.0,1.0,0.0,0.36363636363636365,0.0,0.10909090909090909,0
0.9333333333333333,0.7,0.1388888888888889,0.4166666666666667,5.5,8,0.625,39,158.3049645390071,156.76595744680853,39.49645390070923,37.95744680851065,0.3719806763285024,0.21666666666666667,0.0,0.0,0.13636363636363635,0.509090909090909,0.625,0.14772727272727273,0.4,0.14772727272727273,0.19166666666666668,0.06666666666666667,0.0,0.03636363636363636,0.6363636363636364,0.0,1.0,0.0,0.36363636363636365,0.0,0.10909090909090909,0
0.9333333333333333,0.7,0.1388888888888889,0.4166666666666667,5.5,8,0.625,39,158.3049645390071,156.76595744680853,39.49645390070923,37.95744680851065,0.3719806763285024,0.21666666666666667,0.0,0.0,0.13636363636363635,0.509090909090909,0.625,0.14772727272727273,0.4,0.14772727272727273,0.19166666666666668,0.06666666666666667,0.0,0.03636363636363636,0.6363636363636364,0.0,1.0,0.0,0.36363636363636365,0.0,0.10909090909090909,0
0.9333333333333333,0.7,0.1388888888888889,0.4166666666666667,5.5,8,0.625,39,158.3049645390071,156.76595744680853,39.49645390070923,37.95744680851065,0.3719806763285024,0.21666666666666667,0.0,0.0,0.13636363636363635,0.509090909090909,0.625,0.14772727272727273,0.4,0.14772727272727273,0.19166666666666668,0.06666666666666667,0.0,0.03636363636363636,0.6363636363636364,0.0,1.0,0.0,0.36363636363636365,0.0,0.10909090909090909,0
0.9333333333333333,0.7,0.1388888888888889,0.4166666666666667,5.5,8,0.625,39,158.3049645390071,156.76595744680853,39.49645390070923,37.95744680851065,0.3719806763285024,0.21666666666666667,0.0,0.0,0.13636363636363635,0.509090909090909,0.625,0.14772727272727273,0.4,0.14772727272727273,0.19166666666666668,0.06666666666666667,0.0,0.03636363636363636,0.6363636363636364,0.0,1.0,0.0,0.36363636363636365,0.0,0.10909090909090909,0
0.9333333333333333,0.8666666666666667,0.24242424242424243,0.4696969696969697,11.0,11,0.8333333333333334,39,89.20567375886526,159.78014184397162,-19.21985815602835,51.35460992907801,0.5700483091787439,0.0,0.0,0.008333333333333333,0.8181818181818182,0.8363636363636363,0.8181818181818182,0.29545454545454547,0.41818181818181815,0.4772727272727273,0.175,0.09333333333333334,0.025,1.0,1.0,1.0,0.7454545454545455,0.10909090909090909,0.6181818181818182,0.3181818181818182,0.6590909090909091,0
0.8666666666666667,0.8666666666666667,0.25757575757575757,0.3939393939393939,11.0,11,0.8333333333333334,39,87.82978723404256,149.01418439716312,-36.8936170212766,24.290780141843967,0.5835748792270531,0.0,0.0,0.016666666666666666,0.8181818181818182,0.8363636363636363,0.8181818181818182,0.375,0.2909090909090909,0.6022727272727273,0.225,0.013333333333333334,0.03333333333333333,1.0,1.0,1.0,0.7272727272727273,0.14545454545454545,0.6545454545454545,0.38636363636363635,0.6590909090909091,0
0.8666666666666667,0.8666666666666667,0.25757575757575757,0.3939393939393939,11.0,11,0.8333333333333334,39,87.82978723404256,149.01418439716312,-36.8936170212766,24.290780141843967,0.5835748792270531,0.0,0.0,0.016666666666666666,0.8181818181818182,0.8363636363636363,0.8181818181818182,0.375,0.2909090909090909,0.6022727272727273,0.225,0.013333333333333334,0.03333333333333333,1.0,1.0,1.0,0.7272727272727273,0.14545454545454545,0.6545454545454545,0.38636363636363635,0.6590909090909091,0
0.8666666666666667,0.8666666666666667,0.25757575757575757,0.3939393939393939,11.0,11,0.8333333333333334,39,87.82978723404256,149.01418439716312,-36.8936170212766,24.290780141843967,0.5835748792270531,0.0,0.0,0.016666666666666666,0.8181818181818182,0.8363636363636363,0.8181818181818182,0.375,0.2909090909090909,0.6022727272727273,0.225,0.013333333333333334,0.03333333333333333,1.0,1.0,1.0,0.7272727272727273,0.14545454545454545,0.6545454545454545,0.38636363636363635,0.6590909090909091,0
0.8666666666666667,0.8666666666666667,0.25757575757575757,0.3939393939393939,11.0,11,0.8333333333333334,39,87.82978723404256,149.01418439716312,-36.8936170212766,24.290780141843967,0.5835748792270531,0.0,0.0,0.016666666666666666,0.8181818181818182,0.8363636363636363,0.8181818181818182,0.375,0.2909090909090909,0.6022727272727273,0.225,0.013333333333333334,0.03333333333333333,1.0,1.0,1.0,0.7272727272727273,0.14545454545454545,0.6545454545454545,0.38636363636363635,0.6590909090909091,0
0.8666666666666667,0.8333333333333334,0.25757575757575757,0.3939393939393939,11.0,11,0.8333333333333334,39,87.82978723404256,149.01418439716312,-36.8936170212766,24.290780141843967,0.5835748792270531,0.0,0.0,0.016666666666666666,0.8181818181818182,0.8363636363636363,0.8181818181818182,0.375,0.2909090909090909,0.6022727272727273,0.225,0.013333333333333334,0.03333333333333333,1.0,1.0,1.0,0.7272727272727273,0.14545454545454545,0.6545454545454545,0.38636363636363635,0.6590909090909091,0
0.8666666666666667,0.7,1.0,0.0,3.0,10,0.42857142857142855,39,185.95744680851064,171.85815602836882,87.42553191489361,73.3262411347518,0.3207729468599034,0.2,0.48,0.5833333333333334,0.022727272727272728,0.509090909090909,0.20454545454545456,0.26136363636363635,0.21818181818181817,0.0,0.13333333333333333,0.10666666666666667,0.06666666666666667,0.07272727272727272,0.09090909090909091,0.0,0.022727272727272728,0.5227272727272727,0.09090909090909091,0.0,0.0,0
0.8666666666666667,0.7,1.0,0.0,3.0,10,0.42857142857142855,39,185.95744680851064,171.85815602836882,87.42553191489361,73.3262411347518,0.3207729468599034,0.2,0.48,0.5833333333333334,0.022727272727272728,0.509090909090909,0.20454545454545456,0.26136363636363635,0.21818181818181817,0.0,0.13333333333333333,0.10666666666666667,0.06666666666666667,0.07272727272727272,0.09090909090909091,0.0,0.022727272727272728,0.5227272727272727,0.09090909090909091,0.0,0.0,0
0.8666666666666667,0.7,1.0,0.0,3.0,10,0.42857142857142855,39,185.95744680851064,171.85815602836882,87.42553191489361,73.3262411347518,0.3207729468599034,0.2,0.48,0.5833333333333334,0.022727272727272728,0.509090909090909,0.20454545454545456,0.26136363636363635,0.21818181818181817,0.0,0.13333333333333333,0.10666666666666667,0.06666666666666667,0.07272727272727272,0.09090909090909091,0.0,0.022727272727272728,0.5227272727272727,0.09090909090909091,0.0,0.0,0
0.8666666666666667,0.7,1.0,0.0,3.0,10,0.42857142857142855,39,185.95744680851064,171.85815602836882,87.42553191489361,73.3262411347518,0.3207729468599034,0.2,0.48,0.5833333333333334,0.022727272727272728,0.509090909090909,0.20454545454545456,0.26136363636363635,0.21818181818181817,0.0,0.13333333333333333,0.10666666666666667,0.06666666666666667,0.07272727272727272,0.09090909090909091,0.0,0.022727272727272728,0.5227272727272727,0.09090909090909091,0.0,0.0,0
1.0333333333333334,1.0,0.0,0.0,3.0,7,0.2,21,208.822695035461,254.07801418439718,97.09929078014186,142.35460992907804,0.19806763285024154,0.25,0.0,0.0,0.23863636363636365,0.38181818181818183,0.0,0.0,0.509090909090909,0.0,0.0,0.0,0.0,0.45454545454545453,0.0,0.18181818181818182,0.0,0.0,0.0,0.01818181818181818,0.0,0
1.0,1.0,0.0,0.0,3.0,6,0.2222222222222222,21,208.7872340425532,254.15602836879432,97.68085106382979,143.0496453900709,0.1826086956521739,0.125,0.0,0.0,0.23863636363636365,0.38181818181818183,0.0,0.0,0.509090909090909,0.0,0.0,0.0,0.0,0.4318181818181818,0.0,0.2909090909090909,0.0,0.0,0.0,0.0,0.0,0
1.0,1.0,0.0,0.0,3.0,6,0.2222222222222222,21,208.7872340425532,254.15602836879432,97.68085106382979,143.0496453900709,0.1826086956521739,0.125,0.0,0.0,0.23863636363636365,0.38181818181818183,0.0,0.0,0.509090909090909,0.0,0.0,0.0,0.0,0.4318181818181818,0.0,0.2909090909090909,0.0,0.0,0.0,0.0,0.0,0
1.0,1.0,0.0,0.0,3.0,6,0.2222222222222222,21,208.7872340425532,254.15602836879432,97.68085106382979,143.0496453900709,0.1826086956521739,0.125,0.0,0.0,0.23863636363636365,0.38181818181818183,0.0,0.0,0.509090909090909,0.0,0.0,0.0,0.0,0.4318181818181818,0.0,0.2909090909090909,0.0,0.0,0.0,0.0,0.0,0
1.0,1.0,0.0,0.0,3.0,6,0.2222222222222222,21,208.7872340425532,254.15602836879432,97.68085106382979,143.0496453900709,0.1826086956521739,0.125,0.0,0.0,0.23863636363636365,0.38181818181818183,0.0,0.0,0.509090909090909,0.0,0.0,0.0,0.0,0.4318181818181818,0.0,0.2909090909090909,0.0,0.0,0.0,0.0,0.0,0
0.8571428571428571,0.8214285714285714,0.3333333333333333,0.3333333333333333,6.0,6,0.6666666666666666,19,124.55813953488371,194.1937984496124,27.348837209302317,96.984496124031,0.3743078626799557,0.016666666666666666,0.4,0.03333333333333333,0.3409090909090909,0.43636363636363634,0.07954545454545454,0.375,0.24444444444444444,0.0,0.3,0.09333333333333334,0.0,0.6363636363636364,0.0,0.0,0.06818181818181818,0.3333333333333333,0.0,0.38636363636363635,0.0,0
0.8571428571428571,0.8214285714285714,0.3333333333333333,0.3333333333333333,6.0,6,0.6666666666666666,19,124.55813953488371,194.1937984496124,27.348837209302317,96.984496124031,0.3743078626799557,0.016666666666666666,0.4,0.03333333333333333,0.3409090909090909,0.43636363636363634,0.07954545454545454,0.375,0.24444444444444444,0.0,0.3,0.09333333333333334,0.0,0.6363636363636364,0.0,0.0,0.06818181818181818,0.3333333333333333,0.0,0.38636363636363635,0.0,0
0.8571428571428571,0.8214285714285714,0.3333333333333333,0.3333333333333333,6.0,6,0.6666666666666666,19,124.55813953488371,194.1937984496124,27.348837209302317,96.984496124031,0.3743078626799557,0.016666666666666666,0.4,0.03333333333333333,0.3409090909090909,0.43636363636363634,0.07954545454545454,0.375,0.24444444444444444,0.0,0.3,0.09333333333333334,0.0,0.6363636363636364,0.0,0.0,0.06818181818181818,0.3333333333333333,0.0,0.38636363636363635,0.0,0
0.8571428571428571,0.8214285714285714,0.3333333333333333,0.3333333333333333,6.0,6,0.6666666666666666,19,124.55813953488371,194.1937984496124,27.348837209302317,96.984496124031,0.3743078626799557,0.016666666666666666,0.4,0.03333333333333333,0.3409090909090909,0.43636363636363634,0.07954545454545454,0.375,0.24444444444444444,0.0,0.3,0.09333333333333334,0.0,0.6363636363636364,0.0,0.0,0.06818181818181818,0.3333333333333333,0.0,0.38636363636363635,0.0,0
0.8928571428571429,0.8571428571428571,0.3333333333333333,0.4444444444444444,6.0,6,0.6666666666666666,9,124.5891472868217,209.30232558139537,59.682170542635646,144.39534883720933,0.3532668881506091,0.0,0.5866666666666667,0.3333333333333333,0.32954545454545453,0.4909090909090909,0.0,0.3055555555555556,0.28888888888888886,0.0,0.44166666666666665,0.32,0.03333333333333333,0.6181818181818182,0.0,0.0,0.0,0.2727272727272727,0.0,0.38636363636363635,0.0,0
0.8928571428571429,0.8571428571428571,0.3333333333333333,0.4444444444444444,6.0,6,0.6666666666666666,9,124.5891472868217,209.30232558139537,59.682170542635646,144.39534883720933,0.3532668881506091,0.0,0.5866666666666667,0.3333333333333333,0.32954545454545453,0.4909090909090909,0.0,0.3055555555555556,0.28888888888888886,0.0,0.44166666666666665,0.32,0.03333333333333333,0.6181818181818182,0.0,0.0,0.0,0.2727272727272727,0.0,0.38636363636363635,0.0,0
0.8928571428571429,0.8571428571428571,0.3333333333333333,0.4444444444444444,6.0,6,0.6666666666666666,9,124.5891472868217,209.30232558139537,59.682170542635646,144.39534883720933,0.3532668881506091,0.0,0.5866666666666667,0.3333333333333333,0.32954545454545453,0.4909090909090909,0.0,0.3055555555555556,0.28888888888888886,0.0,0.44166666666666665,0.32,0.03333333333333333,0.6181818181818182,0.0,0.0,0.0,0.2727272727272727,0.0,0.38636363636363635,0.0,0
0.8928571428571429,0.8214285714285714,1.0,0.3888888888888889,3.0,7,0.3333333333333333,20,149.41860465116278,153.49612403100775,82.13953488372093,86.2170542635659,0.4318936877076412,0.39166666666666666,0.48,0.21666666666666667,0.0,0.509090909090909,0.5227272727272727,0.3333333333333333,0.3333333333333333,0.013888888888888888,0.0,0.04,0.125,0.0,0.7636363636363637,0.0,0.0,0.2727272727272727,0.0,0.4318181818181818,0.0,0
0.8928571428571429,0.8214285714285714,1.0,0.3888888888888889,3.0,7,0.3333333333333333,20,149.41860465116278,153.49612403100775,82.13953488372093,86.2170542635659,0.4318936877076412,0.39166666666666666,0.48,0.21666666666666667,0.0,0.509090909090909,0.5227272727272727,0.3333333333333333,0.3333333333333333,0.013888888888888888,0.0,0.04,0.125,0.0,0.7636363636363637,0.0,0.0,0.2727272727272727,0.0,0.4318181818181818,0.0,0
0.8928571428571429,0.8214285714285714,1.0,0.3888888888888889,3.0,7,0.3333333333333333,20,149.41860465116278,153.49612403100775,82.13953488372093,86.2170542635659,0.4318936877076412,0.39166666666666666,0.48,0.21666666666666667,0.0,0.509090909090909,0.5227272727272727,0.3333333333333333,0.3333333333333333,0.013888888888888888,0.0,0.04,0.125,0.0,0.7636363636363637,0.0,0.0,0.2727272727272727,0.0,0.4318181818181818,0.0,0
0.8928571428571429,0.8214285714285714,1.0,0.3888888888888889,3.0,7,0.3333333333333333,20,149.41860465116278,153.49612403100775,82.13953488372093,86.2170542635659,0.4318936877076412,0.39166666666666666,0.48,0.21666666666666667,0.0,0.509090909090909,0.5227272727272727,0.3333333333333333,0.3333333333333333,0.013888888888888888,0.0,0.04,0.125,0.0,0.7636363636363637,0.0,0.0,0.2727272727272727,0.0,0.4318181818181818,0.0,0
1.0357142857142858,1.0357142857142858,0.0,0.375,4.5,7,0.5,37,138.36434108527132,207.7054263565892,46.34108527131784,115.6821705426357,0.3554817275747508,0.0,0.0,0.0,0.4659090909090909,0.45454545454545453,0.0,0.25,0.35555555555555557,0.0,0.21666666666666667,0.17333333333333334,0.11666666666666667,0.9818181818181818,0.0,0.0,0.0,0.0,0.18181818181818182,0.18181818181818182,0.0,0
1.0357142857142858,1.0357142857142858,0.0,0.375,4.5,7,0.5,37,138.36434108527132,207.7054263565892,46.34108527131784,115.6821705426357,0.3554817275747508,0.0,0.0,0.0,0.4659090909090909,0.45454545454545453,0.0,0.25,0.35555555555555557,0.0,0.21666666666666667,0.17333333333333334,0.11666666666666667,0.9818181818181818,0.0,0.0,0.0,0.0,0.18181818181818182,0.18181818181818182,0.0,0
1.0357142857142858,1.0357142857142858,0.0,0.375,4.5,7,0.5,37,138.36434108527132,207.7054263565892,46.34108527131784,115.6821705426357,0.3554817275747508,0.0,0.0,0.0,0.4659090909090909,0.45454545454545453,0.0,0.25,0.35555555555555557,0.0,0.21666666666666667,0.17333333333333334,0.11666666666666667,0.9818181818181818,0.0,0.0,0.0,0.0,0.18181818181818182,0.18181818181818182,0.0,0
1.0357142857142858,1.0357142857142858,0.0,0.375,4.5,7,0.5,37,138.36434108527132,207.7054263565892,46.34108527131784,115.6821705426357,0.3554817275747508,0.0,0.0,0.0,0.4659090909090909,0.45454545454545453,0.0,0.25,0.35555555555555557,0.0,0.21666666666666667,0.17333333333333334,0.11666666666666667,0.9818181818181818,0.0,0.0,0.0,0.0,0.18181818181818182,0.18181818181818182,0.0,0
1.0357142857142858,0.9285714285714286,1.0,0.16666666666666666,1.0,6,0.14285714285714285,36,149.5581395348837,188.2558139534884,65.46511627906976,104.16279069767445,0.3576965669988926,0.49166666666666664,0.5866666666666667,0.5833333333333334,0.18181818181818182,0.36363636363636365,0.022727272727272728,0.3194444444444444,0.3111111111111111,0.0,0.13333333333333333,0.13333333333333333,0.11666666666666667,0.0,0.0,0.0,0.0,0.030303030303030304,0.030303030303030304,0.6363636363636364,0.09090909090909091,0
1.0357142857142858,0.9285714285714286,1.0,0.16666666666666666,1.0,6,0.14285714285714285,36,149.5581395348837,188.2558139534884,65.46511627906976,104.16279069767445,0.3576965669988926,0.49166666666666664,0.5866666666666667,0.5833333333333334,0.18181818181818182,0.36363636363636365,0.022727272727272728,0.3194444444444444,0.3111111111111111,0.0,0.13333333333333333,0.13333333333333333,0.11666666666666667,0.0,0.0,0.0,0.0,0.030303030303030304,0.030303030303030304,0.6363636363636364,0.09090909090909091,0
1.0357142857142858,0.9285714285714286,1.0,0.16666666666666666,1.0,6,0.14285714285714285,36,149.5581395348837,188.2558139534884,65.46511627906976,104.16279069767445,0.3576965669988926,0.49166666666666664,0.5866666666666667,0.5833333333333334,0.18181818181818182,0.36363636363636365,0.022727272727272728,0.3194444444444444,0.3111111111111111,0.0,0.13333333333333333,0.13333333333333333,0.11666666666666667,0.0,0.0,0.0,0.0,0.030303030303030304,0.030303030303030304,0.6363636363636364,0.09090909090909091,0
0.8571428571428571,0.8214285714285714,1.0,0.16666666666666666,1.0,6,0.16666666666666666,20,162.1705426356589,197.03875968992247,48.05426356589146,82.92248062015503,0.3001107419712071,0.5916666666666667,0.6933333333333334,0.6083333333333333,0.0,0.23636363636363636,0.0,0.3333333333333333,0.24444444444444444,0.06944444444444445,0.15,0.12,0.125,0.0,0.10909090909090909,0.0,0.0,0.30303030303030304,0.15151515151515152,0.4090909090909091,0.0,0
0.8571428571428571,0.8214285714285714,1.0,0.16666666666666666,1.0,6,0.16666666666666666,20,162.1705426356589,197.03875968992247,48.05426356589146,82.92248062015503,0.3001107419712071,0.5916666666666667,0.6933333333333334,0.6083333333333333,0.0,0.23636363636363636,0.0,0.3333333333333333,0.24444444444444444,0.06944444444444445,0.15,0.12,0.125,0.0,0.10909090909090909,0.0,0.0,0.30303030303030304,0.15151515151515152,0.4090909090909091,0.0,0
0.8571428571428571,0.8214285714285714,1.0,0.16666666666666666,1.0,6,0.16666666666666666,20,162.1705426356589,197.03875968992247,48.05426356589146,82.92248062015503,0.3001107419712071,0.5916666666666667,0.6933333333333334,0.6083333333333333,0.0,0.23636363636363636,0.0,0.3333333333333333,0.24444444444444444,0.06944444444444445,0.15,0.12,0.125,0.0,0.10909090909090909,0.0,0.0,0.30303030303030304,0.15151515151515152,0.4090909090909091,0.0,0
1.0357142857142858,1.0357142857142858,0.0,0.16666666666666666,2.5,4,0.125,29,209.7596899224806,213.5813953488372,106.78294573643407,110.60465116279067,0.28460686600221485,0.0,0.0,0.1,0.0,0.4,0.14772727272727273,0.0,0.4222222222222222,0.05555555555555555,0.0,0.0,0.0,0.03636363636363636,0.10909090909090909,0.0,0.22727272727272727,0.0,0.21212121212121213,0.0,0.09090909090909091,1
1.0357142857142858,1.0357142857142858,0.6666666666666666,1.0,2.0,11,0.2222222222222222,37,138.63565891472868,169.015503875969,73.10077519379844,103.48062015503875,0.4064230343300111,0.175,0.37333333333333335,0.20833333333333334,0.3977272727272727,0.6363636363636364,0.6136363636363636,0.1388888888888889,0.4222222222222222,0.0,0.225,0.22666666666666666,0.0,0.4727272727272727,0.9090909090909091,0.0,0.0,0.0,0.0,0.0,0.0,0
1.0357142857142858,1.0357142857142858,0.6666666666666666,1.0,2.0,11,0.2222222222222222,37,138.63565891472868,169.015503875969,73.10077519379844,103.48062015503875,0.4064230343300111,0.175,0.37333333333333335,0.20833333333333334,0.3977272727272727,0.6363636363636364,0.6136363636363636,0.1388888888888889,0.4222222222222222,0.0,0.225,0.22666666666666666,0.0,0.4727272727272727,0.9090909090909091,0.0,0.0,0.0,0.0,0.0,0.0,0
1.0357142857142858,1.0357142857142858,0.6666666666666666,1.0,2.0,11,0.2222222222222222,37,138.63565891472868,169.015503875969,73.10077519379844,103.48062015503875,0.4064230343300111,0.175,0.37333333333333335,0.20833333333333334,0.3977272727272727,0.6363636363636364,0.6136363636363636,0.1388888888888889,0.4222222222222222,0.0,0.225,0.22666666666666666,0.0,0.4727272727272727,0.9090909090909091,0.0,0.0,0.0,0.0,0.0,0.0,0
1.0357142857142858,1.0357142857142858,0.6666666666666666,1.0,2.0,11,0.2222222222222222,37,138.63565891472868,169.015503875969,73.10077519379844,103.48062015503875,0.4064230343300111,0.175,0.37333333333333335,0.20833333333333334,0.3977272727272727,0.6363636363636364,0.6136363636363636,0.1388888888888889,0.4222222222222222,0.0,0.225,0.22666666666666666,0.0,0.4727272727272727,0.9090909090909091,0.0,0.0,0.0,0.0,0.0,0.0,0
1.0357142857142858,1.0357142857142858,0.3333333333333333,0.3333333333333333,3.5,7,0.5,37,138.68217054263567,196.62790697674419,66.58914728682173,124.53488372093024,0.3743078626799557,0.09166666666666666,0.0,0.0,0.6136363636363636,0.4909090909090909,0.10227272727272728,0.2222222222222222,0.37777777777777777,0.20833333333333334,0.041666666666666664,0.02666666666666667,0.041666666666666664,0.9272727272727272,0.16363636363636364,0.0,0.0,0.0,0.12121212121212122,0.22727272727272727,0.25,0
1.0357142857142858,1.0357142857142858,0.3333333333333333,0.3333333333333333,3.5,7,0.5,37,138.68217054263567,196.62790697674419,66.58914728682173,124.53488372093024,0.3743078626799557,0.09166666666666666,0.0,0.0,0.6136363636363636,0.4909090909090909,0.10227272727272728,0.2222222222222222,0.37777777777777777,0.20833333333333334,0.041666666666666664,0.02666666666666667,0.041666666666666664,0.9272727272727272,0.16363636363636364,0.0,0.0,0.0,0.12121212121212122,0.22727272727272727,0.25,0
1.0357142857142858,1.0357142857142858,0.3333333333333333,0.3333333333333333,3.5,7,0.5,37,138.68217054263567,196.62790697674419,66.58914728682173,124.53488372093024,0.3743078626799557,0.09166666666666666,0.0,0.0,0.6136363636363636,0.4909090909090909,0.10227272727272728,0.2222222222222222,0.37777777777777777,0.20833333333333334,0.041666666666666664,0.02666666666666667,0.041666666666666664,0.9272727272727272,0.16363636363636364,0.0,0.0,0.0,0.12121212121212122,0.22727272727272727,0.25,0
1.0357142857142858,1.0357142857142858,0.3333333333333333,0.3333333333333333,3.5,7,0.5,37,138.68217054263567,196.62790697674419,66.58914728682173,124.53488372093024,0.3743078626799557,0.09166666666666666,0.0,0.0,0.6136363636363636,0.4909090909090909,0.10227272727272728,0.2222222222222222,0.37777777777777777,0.20833333333333334,0.041666666666666664,0.02666666666666667,0.041666666666666664,0.9272727272727272,0.16363636363636364,0.0,0.0,0.0,0.12121212121212122,0.22727272727272727,0.25,0
0.8928571428571429,0.8214285714285714,0.0,0.8333333333333334,1.0,7,0.2857142857142857,20,145.65891472868216,211.5658914728682,49.70542635658914,115.61240310077518,0.2812846068660022,0.13333333333333333,0.12,0.0,0.3522727272727273,0.2909090909090909,0.0,0.1388888888888889,0.28888888888888886,0.041666666666666664,0.24166666666666667,0.16,0.3,0.21818181818181817,0.0,0.7272727272727273,0.0,0.0,0.0,0.0,0.0,0
0.8928571428571429,0.8214285714285714,0.0,0.8333333333333334,1.0,7,0.2857142857142857,20,145.65891472868216,211.5658914728682,49.70542635658914,115.61240310077518,0.2812846068660022,0.13333333333333333,0.12,0.0,0.3522727272727273,0.2909090909090909,0.0,0.1388888888888889,0.28888888888888886,0.041666666666666664,0.24166666666666667,0.16,0.3,0.21818181818181817,0.0,0.7272727272727273,0.0,0.0,0.0,0.0,0.0,0
0.8928571428571429,0.8214285714285714,0.0,0.8333333333333334,1.0,7,0.2857142857142857,20,145.65891472868216,211.5658914728682,49.70542635658914,115.61240310077518,0.2812846068660022,0.13333333333333333,0.12,0.0,0.3522727272727273,0.2909090909090909,0.0,0.1388888888888889,0.28888888888888886,0.041666666666666664,0.24166666666666667,0.16,0.3,0.21818181818181817,0.0,0.7272727272727273,0.0,0.0,0.0,0.0,0.0,0
0.8928571428571429,0.8214285714285714,0.0,0.8333333333333334,1.0,7,0.2857142857142857,20,145.65891472868216,211.5658914728682,49.70542635658914,115.61240310077518,0.2812846068660022,0.13333333333333333,0.12,0.0,0.3522727272727273,0.2909090909090909,0.0,0.1388888888888889,0.28888888888888886,0.041666666666666664,0.24166666666666667,0.16,0.3,0.21818181818181817,0.0,0.7272727272727273,0.0,0.0,0.0,0.0,0.0,0
0.8928571428571429,0.8571428571428571,0.05555555555555555,0.3333333333333333,6.0,7,0.5714285714285714,37,164.27906976744185,128.3953488372093,55.09302325581395,19.20930232558139,0.3576965669988926,0.15833333333333333,0.05333333333333334,0.016666666666666666,0.0,0.41818181818181815,0.5227272727272727,0.2638888888888889,0.28888888888888886,0.2777777777777778,0.4166666666666667,0.4266666666666667,0.025,0.0,0.8545454545454545,0.0,0.11363636363636363,0.29545454545454547,0.38636363636363635,0.42424242424242425,0.21212121212121213,0
0.8928571428571429,0.8571428571428571,0.05555555555555555,0.3333333333333333,6.0,7,0.5714285714285714,37,164.27906976744185,128.3953488372093,55.09302325581395,19.20930232558139,0.3576965669988926,0.15833333333333333,0.05333333333333334,0.016666666666666666,0.0,0.41818181818181815,0.5227272727272727,0.2638888888888889,0.28888888888888886,0.2777777777777778,0.4166666666666667,0.4266666666666667,0.025,0.0,0.8545454545454545,0.0,0.11363636363636363,0.29545454545454547,0.38636363636363635,0.42424242424242425,0.21212121212121213,0
0.8928571428571429,0.8571428571428571,0.05555555555555555,0.3333333333333333,6.0,7,0.5714285714285714,37,164.27906976744185,128.3953488372093,55.09302325581395,19.20930232558139,0.3576965669988926,0.15833333333333333,0.05333333333333334,0.016666666666666666,0.0,0.41818181818181815,0.5227272727272727,0.2638888888888889,0.28888888888888886,0.2777777777777778,0.4166666666666667,0.4266666666666667,0.025,0.0,0.8545454545454545,0.0,0.11363636363636363,0.29545454545454547,0.38636363636363635,0.42424242424242425,0.21212121212121213,0
0.8928571428571429,0.8571428571428571,0.05555555555555555,0.3333333333333333,6.0,7,0.5714285714285714,37,164.27906976744185,128.3953488372093,55.09302325581395,19.20930232558139,0.3576965669988926,0.15833333333333333,0.05333333333333334,0.016666666666666666,0.0,0.41818181818181815,0.5227272727272727,0.2638888888888889,0.28888888888888886,0.2777777777777778,0.4166666666666667,0.4266666666666667,0.025,0.0,0.8545454545454545,0.0,0.11363636363636363,0.29545454545454547,0.38636363636363635,0.42424242424242425,0.21212121212121213,0
0.8928571428571429,0.8571428571428571,0.05555555555555555,0.3333333333333333,6.0,7,0.5714285714285714,37,164.27906976744185,128.3953488372093,55.09302325581395,19.20930232558139,0.3576965669988926,0.15833333333333333,0.05333333333333334,0.016666666666666666,0.0,0.41818181818181815,0.5227272727272727,0.2638888888888889,0.28888888888888886,0.2777777777777778,0.4166666666666667,0.4266666666666667,0.025,0.0,0.8545454545454545,0.0,0.11363636363636363,0.29545454545454547,0.38636363636363635,0.42424242424242425,0.21212121212121213,0
0.9285714285714286,0.75,0.20833333333333334,0.16666666666666666,3.5,11,0.5,34,131.72868217054264,127.81395348837209,14.124031007751938,10.20930232558139,0.4186046511627907,0.175,0.013333333333333334,0.075,0.2159090909090909,0.5272727272727272,0.5454545454545454,0.3888888888888889,0.2,0.3888888888888889,0.49166666666666664,0.08,0.0,0.34545454545454546,0.8545454545454545,0.09090909090909091,0.0,0.4090909090909091,0.6136363636363636,0.42424242424242425,0.15151515151515152,0
0.9285714285714286,0.75,0.20833333333333334,0.16666666666666666,3.5,11,0.5,34,131.72868217054264,127.81395348837209,14.124031007751938,10.20930232558139,0.4186046511627907,0.175,0.013333333333333334,0.075,0.2159090909090909,0.5272727272727272,0.5454545454545454,0.3888888888888889,0.2,0.3888888888888889,0.49166666666666664,0.08,0.0,0.34545454545454546,0.8545454545454545,0.09090909090909091,0.0,0.4090909090909091,0.6136363636363636,0.42424242424242425,0.15151515151515152,0
0.9285714285714286,0.75,0.20833333333333334,0.16666666666666666,3.5,11,0.5,34,131.72868217054264,127.81395348837209,14.124031007751938,10.20930232558139,0.4186046511627907,0.175,0.013333333333333334,0.075,0.2159090909090909,0.5272727272727272,0.5454545454545454,0.3888888888888889,0.2,0.3888888888888889,0.49166666666666664,0.08,0.0,0.34545454545454546,0.8545454545454545,0.09090909090909091,0.0,0.4090909090909091,0.6136363636363636,0.42424242424242425,0.15151515151515152,0
0.9285714285714286,0.75,0.20833333333333334,0.16666666666666666,3.5,11,0.5,34,131.72868217054264,127.81395348837209,14.124031007751938,10.20930232558139,0.4186046511627907,0.175,0.013333333333333334,0.075,0.2159090909090909,0.5272727272727272,0.5454545454545454,0.3888888888888889,0.2,0.3888888888888889,0.49166666666666664,0.08,0.0,0.34545454545454546,0.8545454545454545,0.09090909090909091,0.0,0.4090909090909091,0.6136363636363636,0.42424242424242425,0.15151515151515152,0
0.8571428571428571,0.8214285714285714,0.7222222222222222,0.3055555555555556,6.0,11,0.5714285714285714,37,130.08527131782944,170.58139534883722,20.038759689922458,60.53488372093024,0.42414174972314506,0.14166666666666666,0.36,0.25833333333333336,0.5681818181818182,0.7090909090909091,0.32954545454545453,0.4444444444444444,0.4,0.1111111111111111,0.0,0.0,0.0,0.8545454545454545,0.34545454545454546,0.0,0.022727272727272728,0.6136363636363636,0.06818181818181818,0.15151515151515152,0.0,0
0.8571428571428571,0.8214285714285714,0.7222222222222222,0.3055555555555556,6.0,11,0.5714285714285714,37,130.08527131782944,170.58139534883722,20.038759689922458,60.53488372093024,0.42414174972314506,0.14166666666666666,0.36,0.25833333333333336,0.5681818181818182,0.7090909090909091,0.32954545454545453,0.4444444444444444,0.4,0.1111111111111111,0.0,0.0,0.0,0.8545454545454545,0.34545454545454546,0.0,0.022727272727272728,0.6136363636363636,0.06818181818181818,0.15151515151515152,0.0,0
0.8571428571428571,0.8214285714285714,0.7222222222222222,0.3055555555555556,6.0,11,0.5714285714285714,37,130.08527131782944,170.58139534883722,20.038759689922458,60.53488372093024,0.42414174972314506,0.14166666666666666,0.36,0.25833333333333336,0.5681818181818182,0.7090909090909091,0.32954545454545453,0.4444444444444444,0.4,0.1111111111111111,0.0,0.0,0.0,0.8545454545454545,0.34545454545454546,0.0,0.022727272727272728,0.6136363636363636,0.06818181818181818,0.15151515151515152,0.0,0
0.8571428571428571,0.8214285714285714,0.7222222222222222,0.3055555555555556,6.0,11,0.5714285714285714,37,130.08527131782944,170.58139534883722,20.038759689922458,60.53488372093024,0.42414174972314506,0.14166666666666666,0.36,0.25833333333333336,0.5681818181818182,0.7090909090909091,0.32954545454545453,0.4444444444444444,0.4,0.1111111111111111,0.0,0.0,0.0,0.8545454545454545,0.34545454545454546,0.0,0.022727272727272728,0.6136363636363636,0.06818181818181818,0.15151515151515152,0.0,0
1.0357142857142858,1.0,0.0,0.3888888888888889,6.0,7,0.5555555555555556,37,213.33333333333334,110.33333333333333,133.984496124031,30.984496124030997,0.28792912513842744,0.0,0.0,0.0,0.0,0.5272727272727272,0.125,0.0,0.7111111111111111,0.375,0.0,0.28,0.4666666666666667,0.01818181818181818,0.0,0.0,0.29545454545454547,0.0,0.3409090909090909,0.0,0.36363636363636365,1
1.0357142857142858,1.0,0.0,0.3888888888888889,6.0,7,0.5555555555555556,37,213.33333333333334,110.33333333333333,133.984496124031,30.984496124030997,0.28792912513842744,0.0,0.0,0.0,0.0,0.5272727272727272,0.125,0.0,0.7111111111111111,0.375,0.0,0.28,0.4666666666666667,0.01818181818181818,0.0,0.0,0.29545454545454547,0.0,0.3409090909090909,0.0,0.36363636363636365,1
1.0357142857142858,1.0,0.0,0.3888888888888889,6.0,7,0.5555555555555556,37,213.33333333333334,110.33333333333333,133.984496124031,30.984496124030997,0.28792912513842744,0.0,0.0,0.0,0.0,0.5272727272727272,0.125,0.0,0.7111111111111111,0.375,0.0,0.28,0.4666666666666667,0.01818181818181818,0.0,0.0,0.29545454545454547,0.0,0.3409090909090909,0.0,0.36363636363636365,1
1.0357142857142858,1.0,0.0,0.3888888888888889,6.0,7,0.5555555555555556,37,213.33333333333334,110.33333333333333,133.984496124031,30.984496124030997,0.28792912513842744,0.0,0.0,0.0,0.0,0.5272727272727272,0.125,0.0,0.7111111111111111,0.375,0.0,0.28,0.4666666666666667,0.01818181818181818,0.0,0.0,0.29545454545454547,0.0,0.3409090909090909,0.0,0.36363636363636365,1
1.0357142857142858,0.8928571428571429,0.0,0.4166666666666667,4.5,7,0.5,37,206.33333333333334,144.43410852713177,109.68217054263567,47.7829457364341,0.30454042081949056,0.2,0.10666666666666667,0.13333333333333333,0.0,0.34545454545454546,0.32954545454545453,0.09722222222222222,0.4222222222222222,0.2361111111111111,0.0,0.3466666666666667,0.15833333333333333,0.0,0.6181818181818182,0.11363636363636363,0.0,0.06818181818181818,0.0,0.0,0.6666666666666666,0
1.0357142857142858,0.8928571428571429,0.0,0.4166666666666667,4.5,7,0.5,37,206.33333333333334,144.43410852713177,109.68217054263567,47.7829457364341,0.30454042081949056,0.2,0.10666666666666667,0.13333333333333333,0.0,0.34545454545454546,0.32954545454545453,0.09722222222222222,0.4222222222222222,0.2361111111111111,0.0,0.3466666666666667,0.15833333333333333,0.0,0.6181818181818182,0.11363636363636363,0.0,0.06818181818181818,0.0,0.0,0.6666666666666666,0
1.0357142857142858,0.8928571428571429,0.0,0.4166666666666667,4.5,7,0.5,37,206.33333333333334,144.43410852713177,109.68217054263567,47.7829457364341,0.30454042081949056,0.2,0.10666666666666667,0.13333333333333333,0.0,0.34545454545454546,0.32954545454545453,0.09722222222222222,0.4222222222222222,0.2361111111111111,0.0,0.3466666666666667,0.15833333333333333,0.0,0.6181818181818182,0.11363636363636363,0.0,0.06818181818181818,0.0,0.0,0.6666666666666666,0
1.0357142857142858,0.8928571428571429,0.0,0.4166666666666667,4.5,7,0.5,37,206.33333333333334,144.43410852713177,109.68217054263567,47.7829457364341,0.30454042081949056,0.2,0.10666666666666667,0.13333333333333333,0.0,0.34545454545454546,0.32954545454545453,0.09722222222222222,0.4222222222222222,0.2361111111111111,0.0,0.3466666666666667,0.15833333333333333,0.0,0.6181818181818182,0.11363636363636363,0.0,0.06818181818181818,0.0,0.0,0.6666666666666666,0
1.0357142857142858,0.8928571428571429,0.0,0.4166666666666667,4.5,7,0.5,37,206.33333333333334,144.43410852713177,109.68217054263567,47.7829457364341,0.30454042081949056,0.2,0.10666666666666667,0.13333333333333333,0.0,0.34545454545454546,0.32954545454545453,0.09722222222222222,0.4222222222222222,0.2361111111111111,0.0,0.3466666666666667,0.15833333333333333,0.0,0.6181818181818182,0.11363636363636363,0.0,0.06818181818181818,0.0,0.0,0.6666666666666666,0
1.0,0.75,0.3,0.4,5.0,11,0.625,37,177.1550387596899,111.53488372093022,102.08527131782942,36.46511627906976,0.39424141749723146,0.125,0.4533333333333333,0.45,0.0,0.36363636363636365,0.32954545454545453,0.2222222222222222,0.4444444444444444,0.2222222222222222,0.13333333333333333,0.32,0.25,0.16363636363636364,0.6181818181818182,0.0,0.0,0.022727272727272728,0.0,0.6666666666666666,0.6666666666666666,0
1.0,0.75,0.3,0.4,5.0,11,0.625,37,177.1550387596899,111.53488372093022,102.08527131782942,36.46511627906976,0.39424141749723146,0.125,0.4533333333333333,0.45,0.0,0.36363636363636365,0.32954545454545453,0.2222222222222222,0.4444444444444444,0.2222222222222222,0.13333333333333333,0.32,0.25,0.16363636363636364,0.6181818181818182,0.0,0.0,0.022727272727272728,0.0,0.6666666666666666,0.6666666666666666,0
1.0,0.75,0.3,0.4,5.0,11,0.625,37,177.1550387596899,111.53488372093022,102.08527131782942,36.46511627906976,0.39424141749723146,0.125,0.4533333333333333,0.45,0.0,0.36363636363636365,0.32954545454545453,0.2222222222222222,0.4444444444444444,0.2222222222222222,0.13333333333333333,0.32,0.25,0.16363636363636364,0.6181818181818182,0.0,0.0,0.022727272727272728,0.0,0.6666666666666666,0.6666666666666666,0
1.0,0.75,0.3,0.4,5.0,11,0.625,37,177.1550387596899,111.53488372093022,102.08527131782942,36.46511627906976,0.39424141749723146,0.125,0.4533333333333333,0.45,0.0,0.36363636363636365,0.32954545454545453,0.2222222222222222,0.4444444444444444,0.2222222222222222,0.13333333333333333,0.32,0.25,0.16363636363636364,0.6181818181818182,0.0,0.0,0.022727272727272728,0.0,0.6666666666666666,0.6666666666666666,0
1.0,0.75,0.3,0.4,5.0,11,0.625,37,177.1550387596899,111.53488372093022,102.08527131782942,36.46511627906976,0.39424141749723146,0.125,0.4533333333333333,0.45,0.0,0.36363636363636365,0.32954545454545453,0.2222222222222222,0.4444444444444444,0.2222222222222222,0.13333333333333333,0.32,0.25,0.16363636363636364,0.6181818181818182,0.0,0.0,0.022727272727272728,0.0,0.6666666666666666,0.6666666666666666,0
1.0357142857142858,1.0357142857142858,0.5,0.3333333333333333,1.0,6,0.2222222222222222,37,178.0,169.89147286821708,73.34883720930233,65.24031007751941,0.3001107419712071,0.058333333333333334,0.08,0.19166666666666668,0.0,0.3090909090909091,0.14772727272727273,0.2638888888888889,0.3333333333333333,0.027777777777777776,0.15833333333333333,0.13333333333333333,0.175,0.16363636363636364,0.03636363636363636,0.0,0.0,0.0,0.0,0.6666666666666666,0.0,0
1.0357142857142858,1.0357142857142858,0.5,0.3333333333333333,1.0,6,0.2222222222222222,37,178.0,169.89147286821708,73.34883720930233,65.24031007751941,0.3001107419712071,0.058333333333333334,0.08,0.19166666666666668,0.0,0.3090909090909091,0.14772727272727273,0.2638888888888889,0.3333333333333333,0.027777777777777776,0.15833333333333333,0.13333333333333333,0.175,0.16363636363636364,0.03636363636363636,0.0,0.0,0.0,0.0,0.6666666666666666,0.0,0
1.0357142857142858,1.0357142857142858,0.5,0.3333333333333333,1.0,6,0.2222222222222222,37,178.0,169.89147286821708,73.34883720930233,65.24031007751941,0.3001107419712071,0.058333333333333334,0.08,0.19166666666666668,0.0,0.3090909090909091,0.14772727272727273,0.2638888888888889,0.3333333333333333,0.027777777777777776,0.15833333333333333,0.13333333333333333,0.175,0.16363636363636364,0.03636363636363636,0.0,0.0,0.0,0.0,0.6666666666666666,0.0,0
1.0357142857142858,1.0357142857142858,0.5,0.3333333333333333,1.0,6,0.2222222222222222,37,178.0,169.89147286821708,73.34883720930233,65.24031007751941,0.3001107419712071,0.058333333333333334,0.08,0.19166666666666668,0.0,0.3090909090909091,0.14772727272727273,0.2638888888888889,0.3333333333333333,0.027777777777777776,0.15833333333333333,0.13333333333333333,0.175,0.16363636363636364,0.03636363636363636,0.0,0.0,0.0,0.0,0.6666666666666666,0.0,0
1.0357142857142858,1.0,0.0,0.1388888888888889,6.0,7,0.5555555555555556,27,207.86821705426357,133.06976744186048,107.03100775193799,32.2325581395349,0.3433001107419712,0.0,0.0,0.0,0.045454545454545456,0.4727272727272727,0.3181818181818182,0.013888888888888888,0.4666666666666667,0.5694444444444444,0.125,0.10666666666666667,0.14166666666666666,0.09090909090909091,0.6,0.0,0.0,0.0,0.6136363636363636,0.0,0.8787878787878788,0
1.0357142857142858,1.0,0.0,0.1388888888888889,6.0,7,0.5555555555555556,27,207.86821705426357,133.06976744186048,107.03100775193799,32.2325581395349,0.3433001107419712,0.0,0.0,0.0,0.045454545454545456,0.4727272727272727,0.3181818181818182,0.013888888888888888,0.4666666666666667,0.5694444444444444,0.125,0.10666666666666667,0.14166666666666666,0.09090909090909091,0.6,0.0,0.0,0.0,0.6136363636363636,0.0,0.8787878787878788,0
1.0357142857142858,1.0,0.0,0.1388888888888889,6.0,7,0.5555555555555556,27,207.86821705426357,133.06976744186048,107.03100775193799,32.2325581395349,0.3433001107419712,0.0,0.0,0.0,0.045454545454545456,0.4727272727272727,0.3181818181818182,0.013888888888888888,0.4666666666666667,0.5694444444444444,0.125,0.10666666666666667,0.14166666666666666,0.09090909090909091,0.6,0.0,0.0,0.0,0.6136363636363636,0.0,0.8787878787878788,0
1.0357142857142858,1.0,0.0,0.1388888888888889,6.0,7,0.5555555555555556,27,207.86821705426357,133.06976744186048,107.03100775193799,32.2325581395349,0.3433001107419712,0.0,0.0,0.0,0.045454545454545456,0.4727272727272727,0.3181818181818182,0.013888888888888888,0.4666666666666667,0.5694444444444444,0.125,0.10666666666666667,0.14166666666666666,0.09090909090909091,0.6,0.0,0.0,0.0,0.6136363636363636,0.0,0.8787878787878788,0
1.0357142857142858,1.0,0.0,0.1388888888888889,6.0,7,0.5555555555555556,27,207.86821705426357,133.06976744186048,107.03100775193799,32.2325581395349,0.3433001107419712,0.0,0.0,0.0,0.045454545454545456,0.4727272727272727,0.3181818181818182,0.013888888888888888,0.4666666666666667,0.5694444444444444,0.125,0.10666666666666667,0.14166666666666666,0.09090909090909091,0.6,0.0,0.0,0.0,0.6136363636363636,0.0,0.8787878787878788,0
0.9285714285714286,0.8571428571428571,0.25,0.25,2.0,6,0.2857142857142857,37,157.15503875968992,173.5968992248062,61.57364341085271,78.015503875969,0.3433001107419712,0.0,0.08,0.19166666666666668,0.045454545454545456,0.36363636363636365,0.13636363636363635,0.7083333333333334,0.4,0.013888888888888888,0.125,0.02666666666666667,0.0,0.07272727272727272,0.0,0.0,0.0,0.9318181818181818,0.0,0.7878787878787878,0.0,0
0.9285714285714286,0.8571428571428571,0.25,0.25,2.0,6,0.2857142857142857,37,157.15503875968992,173.5968992248062,61.57364341085271,78.015503875969,0.3433001107419712,0.0,0.08,0.19166666666666668,0.045454545454545456,0.36363636363636365,0.13636363636363635,0.7083333333333334,0.4,0.013888888888888888,0.125,0.02666666666666667,0.0,0.07272727272727272,0.0,0.0,0.0,0.9318181818181818,0.0,0.7878787878787878,0.0,0
0.9285714285714286,0.8571428571428571,0.25,0.25,2.0,6,0.2857142857142857,37,157.15503875968992,173.5968992248062,61.57364341085271,78.015503875969,0.3433001107419712,0.0,0.08,0.19166666666666668,0.045454545454545456,0.36363636363636365,0.13636363636363635,0.7083333333333334,0.4,0.013888888888888888,0.125,0.02666666666666667,0.0,0.07272727272727272,0.0,0.0,0.0,0.9318181818181818,0.0,0.7878787878787878,0.0,0
0.9285714285714286,0.8571428571428571,0.25,0.25,2.0,6,0.2857142857142857,37,157.15503875968992,173.5968992248062,61.57364341085271,78.015503875969,0.3433001107419712,0.0,0.08,0.19166666666666668,0.045454545454545456,0.36363636363636365,0.13636363636363635,0.7083333333333334,0.4,0.013888888888888888,0.125,0.02666666666666667,0.0,0.07272727272727272,0.0,0.0,0.0,0.9318181818181818,0.0,0.7878787878787878,0.0,0
0.8928571428571429,0.8214285714285714,0.5833333333333334,0.9166666666666666,2.0,6,0.2857142857142857,37,216.34108527131784,134.49612403100775,163.24806201550388,81.40310077519379,0.3344407530454042,0.058333333333333334,0.49333333333333335,0.6333333333333333,0.045454545454545456,0.34545454545454546,0.0,0.0,0.4444444444444444,0.5694444444444444,0.0,0.25333333333333335,0.075,0.0,0.0,0.0,0.022727272727272728,0.0,1.0,0.0,0.3939393939393939,0
0.8928571428571429,0.8214285714285714,0.5833333333333334,0.9166666666666666,2.0,6,0.2857142857142857,37,216.34108527131784,134.49612403100775,163.24806201550388,81.40310077519379,0.3344407530454042,0.058333333333333334,0.49333333333333335,0.6333333333333333,0.045454545454545456,0.34545454545454546,0.0,0.0,0.4444444444444444,0.5694444444444444,0.0,0.25333333333333335,0.075,0.0,0.0,0.0,0.022727272727272728,0.0,1.0,0.0,0.3939393939393939,0
0.8928571428571429,0.8214285714285714,0.5833333333333334,0.9166666666666666,2.0,6,0.2857142857142857,37,216.34108527131784,134.49612403100775,163.24806201550388,81.40310077519379,0.3344407530454042,0.058333333333333334,0.49333333333333335,0.6333333333333333,0.045454545454545456,0.34545454545454546,0.0,0.0,0.4444444444444444,0.5694444444444444,0.0,0.25333333333333335,0.075,0.0,0.0,0.0,0.022727272727272728,0.0,1.0,0.0,0.3939393939393939,0
0.8928571428571429,0.8214285714285714,0.5833333333333334,0.9166666666666666,2.0,6,0.2857142857142857,37,216.34108527131784,134.49612403100775,163.24806201550388,81.40310077519379,0.3344407530454042,0.058333333333333334,0.49333333333333335,0.6333333333333333,0.045454545454545456,0.34545454545454546,0.0,0.0,0.4444444444444444,0.5694444444444444,0.0,0.25333333333333335,0.075,0.0,0.0,0.0,0.022727272727272728,0.0,1.0,0.0,0.3939393939393939,0
1.0357142857142858,1.0,0.027777777777777776,0.3888888888888889,6.0,7,0.6666666666666666,37,153.68992248062014,158.11627906976744,76.68992248062014,81.11627906976744,0.3798449612403101,0.175,0.13333333333333333,0.03333333333333333,0.022727272727272728,0.43636363636363634,0.3068181818181818,0.75,0.5333333333333333,0.09722222222222222,0.016666666666666666,0.37333333333333335,0.0,0.03636363636363636,0.5818181818181818,0.0,0.0,0.8181818181818182,0.0,0.9393939393939394,0.0,0
1.0357142857142858,1.0,0.027777777777777776,0.3888888888888889,6.0,7,0.6666666666666666,37,153.68992248062014,158.11627906976744,76.68992248062014,81.11627906976744,0.3798449612403101,0.175,0.13333333333333333,0.03333333333333333,0.022727272727272728,0.43636363636363634,0.3068181818181818,0.75,0.5333333333333333,0.09722222222222222,0.016666666666666666,0.37333333333333335,0.0,0.03636363636363636,0.5818181818181818,0.0,0.0,0.8181818181818182,0.0,0.9393939393939394,0.0,0
1.0357142857142858,1.0,0.027777777777777776,0.3888888888888889,6.0,7,0.6666666666666666,37,153.68992248062014,158.11627906976744,76.68992248062014,81.11627906976744,0.3798449612403101,0.175,0.13333333333333333,0.03333333333333333,0.022727272727272728,0.43636363636363634,0.3068181818181818,0.75,0.5333333333333333,0.09722222222222222,0.016666666666666666,0.37333333333333335,0.0,0.03636363636363636,0.5818181818181818,0.0,0.0,0.8181818181818182,0.0,0.9393939393939394,0.0,0
1.0357142857142858,1.0,0.027777777777777776,0.3888888888888889,6.0,7,0.6666666666666666,37,153.68992248062014,158.11627906976744,76.68992248062014,81.11627906976744,0.3798449612403101,0.175,0.13333333333333333,0.03333333333333333,0.022727272727272728,0.43636363636363634,0.3068181818181818,0.75,0.5333333333333333,0.09722222222222222,0.016666666666666666,0.37333333333333335,0.0,0.03636363636363636,0.5818181818181818,0.0,0.0,0.8181818181818182,0.0,0.9393939393939394,0.0,0
1.0357142857142858,1.0,0.027777777777777776,0.3888888888888889,6.0,7,0.6666666666666666,37,153.68992248062014,158.11627906976744,76.68992248062014,81.11627906976744,0.3798449612403101,0.175,0.13333333333333333,0.03333333333333333,0.022727272727272728,0.43636363636363634,0.3068181818181818,0.75,0.5333333333333333,0.09722222222222222,0.016666666666666666,0.37333333333333335,0.0,0.03636363636363636,0.5818181818181818,0.0,0.0,0.8181818181818182,0.0,0.9393939393939394,0.0,0
1.0357142857142858,0.8571428571428571,0.0,0.3333333333333333,3.0,4,0.125,21,197.80620155038756,244.94573643410854,87.8992248062015,135.03875968992247,0.19269102990033224,0.0,0.0,0.0,0.03409090909090909,0.509090909090909,0.0,0.1111111111111111,0.5333333333333333,0.0,0.0,0.0,0.0,0.23636363636363636,0.09090909090909091,0.0,0.09090909090909091,0.0,0.09090909090909091,0.0,0.09090909090909091,0
1.0357142857142858,1.0,0.0,0.3333333333333333,3.0,4,0.1111111111111111,20,198.1627906976744,254.35658914728683,119.13953488372093,175.33333333333334,0.18161683277962348,0.0,0.0,0.0,0.011363636363636364,0.509090909090909,0.0,0.1111111111111111,0.5111111111111111,0.0,0.0,0.0,0.0,0.16363636363636364,0.0,0.0,0.0,0.0,0.0,0.0,0.0,0
1.0,1.0,0.0,0.2222222222222222,3.0,4,0.125,19,190.49612403100775,254.3875968992248,54.63565891472868,118.52713178294573,0.17275747508305647,0.0,0.0,0.0,0.022727272727272728,0.4909090909090909,0.0,0.1111111111111111,0.4888888888888889,0.0,0.0,0.0,0.0,0.16363636363636364,0.0,0.09090909090909091,0.0,0.09090909090909091,0.0,0.045454545454545456,0.0,0
1.0,1.0,0.0,0.2222222222222222,3.0,4,0.125,19,190.49612403100775,254.3875968992248,54.63565891472868,118.52713178294573,0.17275747508305647,0.0,0.0,0.0,0.022727272727272728,0.4909090909090909,0.0,0.1111111111111111,0.4888888888888889,0.0,0.0,0.0,0.0,0.16363636363636364,0.0,0.09090909090909091,0.0,0.09090909090909091,0.0,0.045454545454545456,0.0,0
1.0,1.0,0.0,0.2222222222222222,3.0,4,0.125,19,190.49612403100775,254.3875968992248,54.63565891472868,118.52713178294573,0.17275747508305647,0.0,0.0,0.0,0.022727272727272728,0.4909090909090909,0.0,0.1111111111111111,0.4888888888888889,0.0,0.0,0.0,0.0,0.16363636363636364,0.0,0.09090909090909091,0.0,0.09090909090909091,0.0,0.045454545454545456,0.0,0
1.0344827586206897,1.0344827586206897,0.5833333333333334,1.0,2.0,3,0.0,3,209.1060606060606,169.26515151515153,142.6742424242424,102.83333333333334,0.31493506493506496,0.016666666666666666,0.5066666666666667,0.6666666666666666,0.0,0.36,0.15,0.0,0.36363636363636365,0.0,0.0,0.41333333333333333,0.26666666666666666,0.0,0.0,0.0,0.0,0.0,0.0,0.0,0.0,0
1.0344827586206897,1.0344827586206897,0.5833333333333334,1.0,2.0,3,0.0,3,209.1060606060606,169.26515151515153,142.6742424242424,102.83333333333334,0.31493506493506496,0.016666666666666666,0.5066666666666667,0.6666666666666666,0.0,0.36,0.15,0.0,0.36363636363636365,0.0,0.0,0.41333333333333333,0.26666666666666666,0.0,0.0,0.0,0.0,0.0,0.0,0.0,0.0,0
1.0344827586206897,1.0344827586206897,0.5833333333333334,1.0,2.0,3,0.0,3,209.1060606060606,169.26515151515153,142.6742424242424,102.83333333333334,0.31493506493506496,0.016666666666666666,0.5066666666666667,0.6666666666666666,0.0,0.36,0.15,0.0,0.36363636363636365,0.0,0.0,0.41333333333333333,0.26666666666666666,0.0,0.0,0.0,0.0,0.0,0.0,0.0,0.0,0
1.0344827586206897,1.0344827586206897,0.5833333333333334,1.0,2.0,3,0.0,3,209.1060606060606,169.26515151515153,142.6742424242424,102.83333333333334,0.31493506493506496,0.016666666666666666,0.5066666666666667,0.6666666666666666,0.0,0.36,0.15,0.0,0.36363636363636365,0.0,0.0,0.41333333333333333,0.26666666666666666,0.0,0.0,0.0,0.0,0.0,0.0,0.0,0.0,0
1.0344827586206897,0.8620689655172413,0.0,0.5,2.0,6,0.42857142857142855,9,213.27272727272728,139.78787878787878,102.5909090909091,29.106060606060595,0.3181818181818182,0.0,0.05333333333333334,0.1,0.0,0.34,0.3625,0.0,0.41818181818181815,0.32954545454545453,0.26666666666666666,0.36,0.26666666666666666,0.0,0.5681818181818182,0.0,0.0,0.0,0.5272727272727272,0.0,0.0,0
1.0344827586206897,0.8620689655172413,0.0,0.5,2.0,6,0.42857142857142855,9,213.27272727272728,139.78787878787878,102.5909090909091,29.106060606060595,0.3181818181818182,0.0,0.05333333333333334,0.1,0.0,0.34,0.3625,0.0,0.41818181818181815,0.32954545454545453,0.26666666666666666,0.36,0.26666666666666666,0.0,0.5681818181818182,0.0,0.0,0.0,0.5272727272727272,0.0,0.0,0
1.0344827586206897,0.8620689655172413,0.0,0.5,2.0,6,0.42857142857142855,9,213.27272727272728,139.78787878787878,102.5909090909091,29.106060606060595,0.3181818181818182,0.0,0.05333333333333334,0.1,0.0,0.34,0.3625,0.0,0.41818181818181815,0.32954545454545453,0.26666666666666666,0.36,0.26666666666666666,0.0,0.5681818181818182,0.0,0.0,0.0,0.5272727272727272,0.0,0.0,0
1.0344827586206897,0.8620689655172413,0.0,0.5,2.0,6,0.42857142857142855,9,213.27272727272728,139.78787878787878,102.5909090909091,29.106060606060595,0.3181818181818182,0.0,0.05333333333333334,0.1,0.0,0.34,0.3625,0.0,0.41818181818181815,0.32954545454545453,0.26666666666666666,0.36,0.26666666666666666,0.0,0.5681818181818182,0.0,0.0,0.0,0.5272727272727272,0.0,0.0,0
1.0344827586206897,0.8620689655172413,0.0,0.5,2.0,6,0.42857142857142855,9,213.27272727272728,139.78787878787878,102.5909090909091,29.106060606060595,0.3181818181818182,0.0,0.05333333333333334,0.1,0.0,0.34,0.3625,0.0,0.41818181818181815,0.32954545454545453,0.26666666666666666,0.36,0.26666666666666666,0.0,0.5681818181818182,0.0,0.0,0.0,0.5272727272727272,0.0,0.0,0
1.0344827586206897,0.7241379310344828,0.19444444444444445,0.2222222222222222,6.0,7,0.5714285714285714,9,214.18939393939397,139.46969696969697,126.28030303030306,51.56060606060606,0.3181818181818182,0.0,0.09333333333333334,0.075,0.0,0.44,0.3,0.0,0.509090909090909,0.2727272727272727,0.26666666666666666,0.36,0.26666666666666666,0.0,0.4772727272727273,0.0,0.0,0.0,0.43636363636363634,0.0,0.0,0
1.0344827586206897,1.0344827586206897,0.5833333333333334,0.5,2.0,7,0.2222222222222222,28,211.02272727272728,174.1590909090909,127.5909090909091,90.72727272727272,0.30952380952380953,0.0,0.5866666666666667,0.5416666666666666,0.0,0.48,0.3375,0.0,0.36363636363636365,0.0,0.26666666666666666,0.28,0.0,0.0,0.6136363636363636,0.0,0.0,0.0,0.0,0.0,0.0,0
1.0344827586206897,1.0344827586206897,0.5833333333333334,0.5,2.0,7,0.2222222222222222,28,211.02272727272728,174.1590909090909,127.5909090909091,90.72727272727272,0.30952380952380953,0.0,0.5866666666666667,0.5416666666666666,0.0,0.48,0.3375,0.0,0.36363636363636365,0.0,0.26666666666666666,0.28,0.0,0.0,0.6136363636363636,0.0,0.0,0.0,0.0,0.0,0.0,0
1.0344827586206897,1.0344827586206897,0.5833333333333334,0.5,2.0,7,0.2222222222222222,28,211.02272727272728,174.1590909090909,127.5909090909091,90.72727272727272,0.30952380952380953,0.0,0.5866666666666667,0.5416666666666666,0.0,0.48,0.3375,0.0,0.36363636363636365,0.0,0.26666666666666666,0.28,0.0,0.0,0.6136363636363636,0.0,0.0,0.0,0.0,0.0,0.0,0
1.0344827586206897,1.0344827586206897,0.5833333333333334,0.5,2.0,7,0.2222222222222222,28,211.02272727272728,174.1590909090909,127.5909090909091,90.72727272727272,0.30952380952380953,0.0,0.5866666666666667,0.5416666666666666,0.0,0.48,0.3375,0.0,0.36363636363636365,0.0,0.26666666666666666,0.28,0.0,0.0,0.6136363636363636,0.0,0.0,0.0,0.0,0.0,0.0,0
1.0344827586206897,1.0344827586206897,0.5833333333333334,0.5,2.0,7,0.2222222222222222,28,211.02272727272728,174.1590909090909,127.5909090909091,90.72727272727272,0.30952380952380953,0.0,0.5866666666666667,0.5416666666666666,0.0,0.48,0.3375,0.0,0.36363636363636365,0.0,0.26666666666666666,0.28,0.0,0.0,0.6136363636363636,0.0,0.0,0.0,0.0,0.0,0.0,0
1.0344827586206897,0.896551724137931,0.08333333333333333,0.6666666666666666,1.5,11,0.25,36,208.65151515151516,183.91666666666666,113.87878787878789,89.14393939393939,0.2662337662337662,0.0,0.0,0.0,0.10227272727272728,0.36363636363636365,0.29545454545454547,0.1,0.3,0.0,0.0,0.21333333333333335,0.0,0.3409090909090909,0.6590909090909091,0.0,0.0,0.45454545454545453,0.0,0.0,0.0,0
1.0344827586206897,0.896551724137931,0.08333333333333333,0.6666666666666666,1.5,11,0.25,36,208.65151515151516,183.91666666666666,113.87878787878789,89.14393939393939,0.2662337662337662,0.0,0.0,0.0,0.10227272727272728,0.36363636363636365,0.29545454545454547,0.1,0.3,0.0,0.0,0.21333333333333335,0.0,0.3409090909090909,0.6590909090909091,0.0,0.0,0.45454545454545453,0.0,0.0,0.0,0
1.0344827586206897,0.896551724137931,0.08333333333333333,0.6666666666666666,1.5,11,0.25,36,208.65151515151516,183.91666666666666,113.87878787878789,89.14393939393939,0.2662337662337662,0.0,0.0,0.0,0.10227272727272728,0.36363636363636365,0.29545454545454547,0.1,0.3,0.0,0.0,0.21333333333333335,0.0,0.3409090909090909,0.6590909090909091,0.0,0.0,0.45454545454545453,0.0,0.0,0.0,0
1.0344827586206897,0.896551724137931,0.08333333333333333,0.6666666666666666,1.5,11,0.25,36,208.65151515151516,183.91666666666666,113.87878787878789,89.14393939393939,0.2662337662337662,0.0,0.0,0.0,0.10227272727272728,0.36363636363636365,0.29545454545454547,0.1,0.3,0.0,0.0,0.21333333333333335,0.0,0.3409090909090909,0.6590909090909091,0.0,0.0,0.45454545454545453,0.0,0.0,0.0,0
1.0344827586206897,1.0344827586206897,0.3333333333333333,0.16666666666666666,3.0,11,0.25,37,209.3106060606061,123.84090909090908,119.69696969696973,34.22727272727272,0.40584415584415584,0.0,0.12,0.175,0.13636363636363635,0.7272727272727273,0.6136363636363636,0.0,0.38,0.325,0.0,0.0,0.15833333333333333,0.5227272727272727,0.5681818181818182,0.01818181818181818,0.41818181818181815,0.0,0.25,0.0,0.36363636363636365,1
1.0344827586206897,1.0344827586206897,0.3333333333333333,0.16666666666666666,3.0,11,0.25,37,209.3106060606061,123.84090909090908,119.69696969696973,34.22727272727272,0.40584415584415584,0.0,0.12,0.175,0.13636363636363635,0.7272727272727273,0.6136363636363636,0.0,0.38,0.325,0.0,0.0,0.15833333333333333,0.5227272727272727,0.5681818181818182,0.01818181818181818,0.41818181818181815,0.0,0.25,0.0,0.36363636363636365,1
1.0344827586206897,1.0344827586206897,0.3333333333333333,0.16666666666666666,3.0,11,0.25,37,209.3106060606061,123.84090909090908,119.69696969696973,34.22727272727272,0.40584415584415584,0.0,0.12,0.175,0.13636363636363635,0.7272727272727273,0.6136363636363636,0.0,0.38,0.325,0.0,0.0,0.15833333333333333,0.5227272727272727,0.5681818181818182,0.01818181818181818,0.41818181818181815,0.0,0.25,0.0,0.36363636363636365,1
1.0344827586206897,1.0344827586206897,0.3333333333333333,0.16666666666666666,3.0,11,0.25,37,209.3106060606061,123.84090909090908,119.69696969696973,34.22727272727272,0.40584415584415584,0.0,0.12,0.175,0.13636363636363635,0.7272727272727273,0.6136363636363636,0.0,0.38,0.325,0.0,0.0,0.15833333333333333,0.5227272727272727,0.5681818181818182,0.01818181818181818,0.41818181818181815,0.0,0.25,0.0,0.36363636363636365,1
1.0344827586206897,1.0344827586206897,0.3333333333333333,0.16666666666666666,3.0,11,0.25,37,209.3106060606061,123.84090909090908,119.69696969696973,34.22727272727272,0.40584415584415584,0.0,0.12,0.175,0.13636363636363635,0.7272727272727273,0.6136363636363636,0.0,0.38,0.325,0.0,0.0,0.15833333333333333,0.5227272727272727,0.5681818181818182,0.01818181818181818,0.41818181818181815,0.0,0.25,0.0,0.36363636363636365,1
1.0344827586206897,0.7931034482758621,0.7222222222222222,0.8333333333333334,3.0,11,0.375,36,153.030303030303,204.43181818181816,109.25757575757572,160.65909090909088,0.49242424242424243,0.10833333333333334,0.17333333333333334,0.26666666666666666,0.6590909090909091,0.6727272727272727,0.3181818181818182,0.2375,0.52,0.2875,0.016666666666666666,0.22666666666666666,0.2833333333333333,0.7272727272727273,0.6136363636363636,0.38181818181818183,0.14545454545454545,0.25,0.11363636363636363,0.18181818181818182,0.18181818181818182,0
1.0344827586206897,0.7931034482758621,0.7222222222222222,0.8333333333333334,3.0,11,0.375,36,153.030303030303,204.43181818181816,109.25757575757572,160.65909090909088,0.49242424242424243,0.10833333333333334,0.17333333333333334,0.26666666666666666,0.6590909090909091,0.6727272727272727,0.3181818181818182,0.2375,0.52,0.2875,0.016666666666666666,0.22666666666666666,0.2833333333333333,0.7272727272727273,0.6136363636363636,0.38181818181818183,0.14545454545454545,0.25,0.11363636363636363,0.18181818181818182,0.18181818181818182,0
1.0344827586206897,0.7931034482758621,0.7222222222222222,0.8333333333333334,3.0,11,0.375,36,153.030303030303,204.43181818181816,109.25757575757572,160.65909090909088,0.49242424242424243,0.10833333333333334,0.17333333333333334,0.26666666666666666,0.6590909090909091,0.6727272727272727,0.3181818181818182,0.2375,0.52,0.2875,0.016666666666666666,0.22666666666666666,0.2833333333333333,0.7272727272727273,0.6136363636363636,0.38181818181818183,0.14545454545454545,0.25,0.11363636363636363,0.18181818181818182,0.18181818181818182,0
1.0344827586206897,0.7931034482758621,0.7222222222222222,0.8333333333333334,3.0,11,0.375,36,153.030303030303,204.43181818181816,109.25757575757572,160.65909090909088,0.49242424242424243,0.10833333333333334,0.17333333333333334,0.26666666666666666,0.6590909090909091,0.6727272727272727,0.3181818181818182,0.2375,0.52,0.2875,0.016666666666666666,0.22666666666666666,0.2833333333333333,0.7272727272727273,0.6136363636363636,0.38181818181818183,0.14545454545454545,0.25,0.11363636363636363,0.18181818181818182,0.18181818181818182,0
1.0344827586206897,1.0344827586206897,0.0,1.0,1.5,11,0.25,37,201.21212121212122,144.11363636363637,151.4848484848485,94.38636363636365,0.4296536796536797,0.19166666666666668,0.26666666666666666,0.2,0.5454545454545454,0.4,0.25,0.325,0.42,0.125,0.15833333333333333,0.38666666666666666,0.2833333333333333,0.7045454545454546,0.38636363636363635,0.4,0.0,0.22727272727272727,0.0,0.2727272727272727,0.0,0
1.0344827586206897,1.0344827586206897,0.0,1.0,1.5,11,0.25,37,201.21212121212122,144.11363636363637,151.4848484848485,94.38636363636365,0.4296536796536797,0.19166666666666668,0.26666666666666666,0.2,0.5454545454545454,0.4,0.25,0.325,0.42,0.125,0.15833333333333333,0.38666666666666666,0.2833333333333333,0.7045454545454546,0.38636363636363635,0.4,0.0,0.22727272727272727,0.0,0.2727272727272727,0.0,0
1.0344827586206897,1.0344827586206897,0.0,1.0,1.5,11,0.25,37,201.21212121212122,144.11363636363637,151.4848484848485,94.38636363636365,0.4296536796536797,0.19166666666666668,0.26666666666666666,0.2,0.5454545454545454,0.4,0.25,0.325,0.42,0.125,0.15833333333333333,0.38666666666666666,0.2833333333333333,0.7045454545454546,0.38636363636363635,0.4,0.0,0.22727272727272727,0.0,0.2727272727272727,0.0,0
1.0344827586206897,1.0344827586206897,0.0,1.0,1.5,11,0.25,37,201.21212121212122,144.11363636363637,151.4848484848485,94.38636363636365,0.4296536796536797,0.19166666666666668,0.26666666666666666,0.2,0.5454545454545454,0.4,0.25,0.325,0.42,0.125,0.15833333333333333,0.38666666666666666,0.2833333333333333,0.7045454545454546,0.38636363636363635,0.4,0.0,0.22727272727272727,0.0,0.2727272727272727,0.0,0
1.0344827586206897,1.0344827586206897,0.0,1.0,1.0,6,0.1111111111111111,19,205.86363636363637,138.0757575757576,138.0681818181818,70.28030303030305,0.32792207792207795,0.15833333333333333,0.18666666666666668,0.03333333333333333,0.0,0.34,0.3,0.0,0.2,0.3409090909090909,0.4583333333333333,0.56,0.08333333333333333,0.0,0.5,0.0,0.25,0.0,0.2,0.0,0.6136363636363636,0
1.0344827586206897,1.0344827586206897,0.0,1.0,1.0,6,0.1111111111111111,19,205.86363636363637,138.0757575757576,138.0681818181818,70.28030303030305,0.32792207792207795,0.15833333333333333,0.18666666666666668,0.03333333333333333,0.0,0.34,0.3,0.0,0.2,0.3409090909090909,0.4583333333333333,0.56,0.08333333333333333,0.0,0.5,0.0,0.25,0.0,0.2,0.0,0.6136363636363636,0
1.0344827586206897,1.0344827586206897,0.0,1.0,1.0,6,0.1111111111111111,19,205.86363636363637,138.0757575757576,138.0681818181818,70.28030303030305,0.32792207792207795,0.15833333333333333,0.18666666666666668,0.03333333333333333,0.0,0.34,0.3,0.0,0.2,0.3409090909090909,0.4583333333333333,0.56,0.08333333333333333,0.0,0.5,0.0,0.25,0.0,0.2,0.0,0.6136363636363636,0
1.0344827586206897,1.0344827586206897,0.0,1.0,1.0,6,0.1111111111111111,19,205.86363636363637,138.0757575757576,138.0681818181818,70.28030303030305,0.32792207792207795,0.15833333333333333,0.18666666666666668,0.03333333333333333,0.0,0.34,0.3,0.0,0.2,0.3409090909090909,0.4583333333333333,0.56,0.08333333333333333,0.0,0.5,0.0,0.25,0.0,0.2,0.0,0.6136363636363636,0
1.0344827586206897,1.0344827586206897,0.0,1.0,1.0,6,0.1111111111111111,19,205.86363636363637,138.0757575757576,138.0681818181818,70.28030303030305,0.32792207792207795,0.15833333333333333,0.18666666666666668,0.03333333333333333,0.0,0.34,0.3,0.0,0.2,0.3409090909090909,0.4583333333333333,0.56,0.08333333333333333,0.0,0.5,0.0,0.25,0.0,0.2,0.0,0.6136363636363636,0
1.0344827586206897,1.0,0.0,0.3333333333333333,3.5,8,0.5,37,150.96124031007753,218.96212121212122,68.37033121916843,136.37121212121212,0.2878787878787879,0.0,0.0,0.0,0.45454545454545453,0.41818181818181815,0.06818181818181818,0.225,0.32,0.0125,0.08333333333333333,0.02666666666666667,0.125,0.75,0.1590909090909091,0.4,0.0,0.0,0.0,0.1590909090909091,0.0,0
1.0344827586206897,1.0,0.0,0.3333333333333333,3.5,8,0.5,37,150.96124031007753,218.96212121212122,68.37033121916843,136.37121212121212,0.2878787878787879,0.0,0.0,0.0,0.45454545454545453,0.41818181818181815,0.06818181818181818,0.225,0.32,0.0125,0.08333333333333333,0.02666666666666667,0.125,0.75,0.1590909090909091,0.4,0.0,0.0,0.0,0.1590909090909091,0.0,0
1.0344827586206897,1.0,0.0,0.3333333333333333,3.5,8,0.5,37,150.96124031007753,218.96212121212122,68.37033121916843,136.37121212121212,0.2878787878787879,0.0,0.0,0.0,0.45454545454545453,0.41818181818181815,0.06818181818181818,0.225,0.32,0.0125,0.08333333333333333,0.02666666666666667,0.125,0.75,0.1590909090909091,0.4,0.0,0.0,0.0,0.1590909090909091,0.0,0
1.0344827586206897,1.0344827586206897,0.9166666666666666,1.0,2.0,6,0.25,27,146.65151515151516,190.28787878787878,115.12878787878788,158.7651515151515,0.3647186147186147,0.6083333333333333,0.4266666666666667,0.0,0.03409090909090909,0.36363636363636365,0.0,0.375,0.48,0.35,0.39166666666666666,0.30666666666666664,0.05,0.0,0.09090909090909091,0.0,0.0,0.4318181818181818,0.18181818181818182,0.18181818181818182,0.29545454545454547,0
1.0344827586206897,1.0344827586206897,0.9166666666666666,1.0,2.0,6,0.25,27,146.65151515151516,190.28787878787878,115.12878787878788,158.7651515151515,0.3647186147186147,0.6083333333333333,0.4266666666666667,0.0,0.03409090909090909,0.36363636363636365,0.0,0.375,0.48,0.35,0.39166666666666666,0.30666666666666664,0.05,0.0,0.09090909090909091,0.0,0.0,0.4318181818181818,0.18181818181818182,0.18181818181818182,0.29545454545454547,0
1.0344827586206897,1.0344827586206897,0.9166666666666666,1.0,2.0,6,0.25,27,146.65151515151516,190.28787878787878,115.12878787878788,158.7651515151515,0.3647186147186147,0.6083333333333333,0.4266666666666667,0.0,0.03409090909090909,0.36363636363636365,0.0,0.375,0.48,0.35,0.39166666666666666,0.30666666666666664,0.05,0.0,0.09090909090909091,0.0,0.0,0.4318181818181818,0.18181818181818182,0.18181818181818182,0.29545454545454547,0
1.0344827586206897,1.0344827586206897,0.9166666666666666,1.0,2.0,6,0.25,27,146.65151515151516,190.28787878787878,115.12878787878788,158.7651515151515,0.3647186147186147,0.6083333333333333,0.4266666666666667,0.0,0.03409090909090909,0.36363636363636365,0.0,0.375,0.48,0.35,0.39166666666666666,0.30666666666666664,0.05,0.0,0.09090909090909091,0.0,0.0,0.4318181818181818,0.18181818181818182,0.18181818181818182,0.29545454545454547,0
1.0344827586206897,0.7931034482758621,1.0,0.8333333333333334,2.0,7,0.2857142857142857,31,98.91666666666667,213.74242424242425,61.34848484848485,176.17424242424244,0.43506493506493504,0.6333333333333333,0.4666666666666667,0.0,0.18181818181818182,0.4727272727272727,0.125,0.475,0.58,0.1,0.175,0.25333333333333335,0.0,0.0,0.29545454545454547,0.0,0.2909090909090909,0.45454545454545453,0.2727272727272727,0.2727272727272727,0.2727272727272727,0
1.0344827586206897,0.7931034482758621,1.0,0.8333333333333334,2.0,7,0.2857142857142857,31,98.91666666666667,213.74242424242425,61.34848484848485,176.17424242424244,0.43506493506493504,0.6333333333333333,0.4666666666666667,0.0,0.18181818181818182,0.4727272727272727,0.125,0.475,0.58,0.1,0.175,0.25333333333333335,0.0,0.0,0.29545454545454547,0.0,0.2909090909090909,0.45454545454545453,0.2727272727272727,0.2727272727272727,0.2727272727272727,0
1.0344827586206897,0.7931034482758621,1.0,0.8333333333333334,2.0,7,0.2857142857142857,31,98.91666666666667,213.74242424242425,61.34848484848485,176.17424242424244,0.43506493506493504,0.6333333333333333,0.4666666666666667,0.0,0.18181818181818182,0.4727272727272727,0.125,0.475,0.58,0.1,0.175,0.25333333333333335,0.0,0.0,0.29545454545454547,0.0,0.2909090909090909,0.45454545454545453,0.2727272727272727,0.2727272727272727,0.2727272727272727,0
1.0344827586206897,0.7931034482758621,1.0,0.8333333333333334,2.0,7,0.2857142857142857,31,98.91666666666667,213.74242424242425,61.34848484848485,176.17424242424244,0.43506493506493504,0.6333333333333333,0.4666666666666667,0.0,0.18181818181818182,0.4727272727272727,0.125,0.475,0.58,0.1,0.175,0.25333333333333335,0.0,0.0,0.29545454545454547,0.0,0.2909090909090909,0.45454545454545453,0.2727272727272727,0.2727272727272727,0.2727272727272727,0
1.0344827586206897,0.7931034482758621,1.0,0.8333333333333334,2.0,7,0.2857142857142857,31,98.91666666666667,213.74242424242425,61.34848484848485,176.17424242424244,0.43506493506493504,0.6333333333333333,0.4666666666666667,0.0,0.18181818181818182,0.4727272727272727,0.125,0.475,0.58,0.1,0.175,0.25333333333333335,0.0,0.0,0.29545454545454547,0.0,0.2909090909090909,0.45454545454545453,0.2727272727272727,0.2727272727272727,0.2727272727272727,0
1.0,1.0,0.0,0.16666666666666666,3.0,4,0.125,36,214.62121212121212,212.03787878787878,130.87121212121212,128.28787878787878,0.31277056277056275,0.05,0.0,0.0,0.125,0.5272727272727272,0.011363636363636364,0.0875,0.48,0.15,0.0,0.0,0.05,0.18181818181818182,0.045454545454545456,0.18181818181818182,0.0,0.3409090909090909,0.11363636363636363,0.22727272727272727,0.13636363636363635,1
1.0,1.0,0.0,0.16666666666666666,3.0,4,0.125,36,214.62121212121212,212.03787878787878,130.87121212121212,128.28787878787878,0.31277056277056275,0.05,0.0,0.0,0.125,0.5272727272727272,0.011363636363636364,0.0875,0.48,0.15,0.0,0.0,0.05,0.18181818181818182,0.045454545454545456,0.18181818181818182,0.0,0.3409090909090909,0.11363636363636363,0.22727272727272727,0.13636363636363635,1
1.0,1.0,0.0,0.16666666666666666,3.0,4,0.125,36,214.62121212121212,212.03787878787878,130.87121212121212,128.28787878787878,0.31277056277056275,0.05,0.0,0.0,0.125,0.5272727272727272,0.011363636363636364,0.0875,0.48,0.15,0.0,0.0,0.05,0.18181818181818182,0.045454545454545456,0.18181818181818182,0.0,0.3409090909090909,0.11363636363636363,0.22727272727272727,0.13636363636363635,1
1.0,1.0,0.0,0.16666666666666666,3.0,4,0.125,36,214.62121212121212,212.03787878787878,130.87121212121212,128.28787878787878,0.31277056277056275,0.05,0.0,0.0,0.125,0.5272727272727272,0.011363636363636364,0.0875,0.48,0.15,0.0,0.0,0.05,0.18181818181818182,0.045454545454545456,0.18181818181818182,0.0,0.3409090909090909,0.11363636363636363,0.22727272727272727,0.13636363636363635,1
0.9310344827586207,0.7931034482758621,0.6666666666666666,0.9166666666666666,2.0,7,0.2857142857142857,37,138.47727272727272,139.81818181818184,48.249999999999986,49.59090909090911,0.4491341991341991,0.0,0.28,0.21666666666666667,0.325,0.52,0.3875,0.22727272727272727,0.4,0.0,0.575,0.38666666666666666,0.0,0.2727272727272727,0.11363636363636363,0.3181818181818182,0.45454545454545453,0.4,0.0,0.0,0.0,0
0.9310344827586207,0.7931034482758621,0.6666666666666666,0.9166666666666666,2.0,7,0.2857142857142857,37,138.47727272727272,139.81818181818184,48.249999999999986,49.59090909090911,0.4491341991341991,0.0,0.28,0.21666666666666667,0.325,0.52,0.3875,0.22727272727272727,0.4,0.0,0.575,0.38666666666666666,0.0,0.2727272727272727,0.11363636363636363,0.3181818181818182,0.45454545454545453,0.4,0.0,0.0,0.0,0
0.9310344827586207,0.7931034482758621,0.6666666666666666,0.9166666666666666,2.0,7,0.2857142857142857,37,138.47727272727272,139.81818181818184,48.249999999999986,49.59090909090911,0.4491341991341991,0.0,0.28,0.21666666666666667,0.325,0.52,0.3875,0.22727272727272727,0.4,0.0,0.575,0.38666666666666666,0.0,0.2727272727272727,0.11363636363636363,0.3181818181818182,0.45454545454545453,0.4,0.0,0.0,0.0,0
0.9310344827586207,0.7931034482758621,0.6666666666666666,0.9166666666666666,2.0,7,0.2857142857142857,37,138.47727272727272,139.81818181818184,48.249999999999986,49.59090909090911,0.4491341991341991,0.0,0.28,0.21666666666666667,0.325,0.52,0.3875,0.22727272727272727,0.4,0.0,0.575,0.38666666666666666,0.0,0.2727272727272727,0.11363636363636363,0.3181818181818182,0.45454545454545453,0.4,0.0,0.0,0.0,0
0.9310344827586207,0.7931034482758621,0.6666666666666666,0.9166666666666666,2.0,7,0.2857142857142857,37,138.47727272727272,139.81818181818184,48.249999999999986,49.59090909090911,0.4491341991341991,0.0,0.28,0.21666666666666667,0.325,0.52,0.3875,0.22727272727272727,0.4,0.0,0.575,0.38666666666666666,0.0,0.2727272727272727,0.11363636363636363,0.3181818181818182,0.45454545454545453,0.4,0.0,0.0,0.0,0
1.0344827586206897,1.0344827586206897,0.0,0.0,3.0,4,0.1111111111111111,20,208.0,254.38636363636363,111.47727272727273,157.86363636363637,0.2077922077922078,0.08333333333333333,0.0,0.0,0.1,0.5,0.0,0.0,0.509090909090909,0.0,0.0,0.0,0.0,0.11363636363636363,0.0,0.45454545454545453,0.0,0.0,0.0,0.0,0.0,0
1.0344827586206897,1.0344827586206897,0.0,0.0,3.0,4,0.1111111111111111,20,208.84848484848484,254.36046511627907,126.34848484848484,171.86046511627907,0.18831168831168832,0.025,0.0,0.0,0.05,0.5,0.0,0.0,0.509090909090909,0.0,0.0,0.0,0.0,0.022727272727272728,0.0,0.36363636363636365,0.0,0.0,0.0,0.0,0.0,0
1.0344827586206897,1.0344827586206897,0.0,0.0,3.0,4,0.1111111111111111,20,208.84848484848484,254.36046511627907,126.34848484848484,171.86046511627907,0.18831168831168832,0.025,0.0,0.0,0.05,0.5,0.0,0.0,0.509090909090909,0.0,0.0,0.0,0.0,0.022727272727272728,0.0,0.36363636363636365,0.0,0.0,0.0,0.0,0.0,0
1.0344827586206897,1.0344827586206897,0.0,0.0,3.0,4,0.1111111111111111,20,208.84848484848484,254.36046511627907,126.34848484848484,171.86046511627907,0.18831168831168832,0.025,0.0,0.0,0.05,0.5,0.0,0.0,0.509090909090909,0.0,0.0,0.0,0.0,0.022727272727272728,0.0,0.36363636363636365,0.0,0.0,0.0,0.0,0.0,0
1.0344827586206897,1.0344827586206897,0.0,0.0,3.0,4,0.1111111111111111,20,208.84848484848484,254.36046511627907,126.34848484848484,171.86046511627907,0.18831168831168832,0.025,0.0,0.0,0.05,0.5,0.0,0.0,0.509090909090909,0.0,0.0,0.0,0.0,0.022727272727272728,0.0,0.36363636363636365,0.0,0.0,0.0,0.0,0.0,0
1.0,0.9285714285714286,0.4722222222222222,0.4722222222222222,6.0,8,0.7142857142857143,19,122.05426356589146,93.20155038759691,70.91472868217053,42.06201550387598,0.5415282392026578,0.0,0.18666666666666668,0.3,0.1625,0.72,0.3125,0.375,0.52,0.575,0.16666666666666666,0.41333333333333333,0.1,0.0,0.4772727272727273,0.38636363636363635,0.11363636363636363,0.38636363636363635,0.75,0.3181818181818182,0.38636363636363635,0
1.0,0.9285714285714286,0.4722222222222222,0.4722222222222222,6.0,8,0.7142857142857143,19,122.05426356589146,93.20155038759691,70.91472868217053,42.06201550387598,0.5415282392026578,0.0,0.18666666666666668,0.3,0.1625,0.72,0.3125,0.375,0.52,0.575,0.16666666666666666,0.41333333333333333,0.1,0.0,0.4772727272727273,0.38636363636363635,0.11363636363636363,0.38636363636363635,0.75,0.3181818181818182,0.38636363636363635,0
1.0,0.9285714285714286,0.4722222222222222,0.4722222222222222,6.0,8,0.7142857142857143,19,122.05426356589146,93.20155038759691,70.91472868217053,42.06201550387598,0.5415282392026578,0.0,0.18666666666666668,0.3,0.1625,0.72,0.3125,0.375,0.52,0.575,0.16666666666666666,0.41333333333333333,0.1,0.0,0.4772727272727273,0.38636363636363635,0.11363636363636363,0.38636363636363635,0.75,0.3181818181818182,0.38636363636363635,0
1.0,0.9285714285714286,0.4722222222222222,0.4722222222222222,6.0,8,0.7142857142857143,19,122.05426356589146,93.20155038759691,70.91472868217053,42.06201550387598,0.5415282392026578,0.0,0.18666666666666668,0.3,0.1625,0.72,0.3125,0.375,0.52,0.575,0.16666666666666666,0.41333333333333333,0.1,0.0,0.4772727272727273,0.38636363636363635,0.11363636363636363,0.38636363636363635,0.75,0.3181818181818182,0.38636363636363635,0
1.0,0.9285714285714286,0.4722222222222222,0.4722222222222222,6.0,8,0.7142857142857143,19,122.05426356589146,93.20155038759691,70.91472868217053,42.06201550387598,0.5415282392026578,0.0,0.18666666666666668,0.3,0.1625,0.72,0.3125,0.375,0.52,0.575,0.16666666666666666,0.41333333333333333,0.1,0.0,0.4772727272727273,0.38636363636363635,0.11363636363636363,0.38636363636363635,0.75,0.3181818181818182,0.38636363636363635,0
0.9642857142857143,0.7857142857142857,0.5714285714285714,0.3333333333333333,7.0,8,0.7142857142857143,19,121.56589147286822,99.06976744186046,56.42635658914729,33.93023255813954,0.5437430786267996,0.0,0.29333333333333333,0.23333333333333334,0.2125,0.74,0.25,0.4,0.58,0.525,0.25,0.30666666666666664,0.08333333333333333,0.0,0.4318181818181818,0.4772727272727273,0.022727272727272728,0.45454545454545453,0.6590909090909091,0.36363636363636365,0.36363636363636365,0
1.0357142857142858,0.8571428571428571,0.1388888888888889,0.6111111111111112,6.5,7,0.6666666666666666,10,208.87596899224806,116.67441860465117,136.80620155038758,44.6046511627907,0.416389811738649,0.0,0.05333333333333334,0.24166666666666667,0.0,0.64,0.5125,0.0,0.28,0.0,0.125,0.5066666666666667,0.6,0.0,0.3181818181818182,0.0,0.5681818181818182,0.0,0.0,0.0,0.0,0
1.0357142857142858,0.8571428571428571,0.1388888888888889,0.6111111111111112,6.5,7,0.6666666666666666,10,208.87596899224806,116.67441860465117,136.80620155038758,44.6046511627907,0.416389811738649,0.0,0.05333333333333334,0.24166666666666667,0.0,0.64,0.5125,0.0,0.28,0.0,0.125,0.5066666666666667,0.6,0.0,0.3181818181818182,0.0,0.5681818181818182,0.0,0.0,0.0,0.0,0
1.0357142857142858,0.8571428571428571,0.1388888888888889,0.6111111111111112,6.5,7,0.6666666666666666,10,208.87596899224806,116.67441860465117,136.80620155038758,44.6046511627907,0.416389811738649,0.0,0.05333333333333334,0.24166666666666667,0.0,0.64,0.5125,0.0,0.28,0.0,0.125,0.5066666666666667,0.6,0.0,0.3181818181818182,0.0,0.5681818181818182,0.0,0.0,0.0,0.0,0
1.0357142857142858,0.8571428571428571,0.1388888888888889,0.6111111111111112,6.5,7,0.6666666666666666,10,208.87596899224806,116.67441860465117,136.80620155038758,44.6046511627907,0.416389811738649,0.0,0.05333333333333334,0.24166666666666667,0.0,0.64,0.5125,0.0,0.28,0.0,0.125,0.5066666666666667,0.6,0.0,0.3181818181818182,0.0,0.5681818181818182,0.0,0.0,0.0,0.0,0
1.0357142857142858,0.8571428571428571,0.1388888888888889,0.6111111111111112,6.5,7,0.6666666666666666,10,208.87596899224806,116.67441860465117,136.80620155038758,44.6046511627907,0.416389811738649,0.0,0.05333333333333334,0.24166666666666667,0.0,0.64,0.5125,0.0,0.28,0.0,0.125,0.5066666666666667,0.6,0.0,0.3181818181818182,0.0,0.5681818181818182,0.0,0.0,0.0,0.0,0
1.0357142857142858,1.0357142857142858,0.0,0.9166666666666666,3.5,6,0.5,27,186.97674418604652,120.7829457364341,98.83720930232559,32.643410852713174,0.4418604651162791,0.125,0.13333333333333333,0.15,0.0,0.32,0.2875,0.0,0.46,0.3625,0.6,0.6666666666666666,0.6,0.0,0.6136363636363636,0.0,0.0,0.0,0.6136363636363636,0.0,0.0,0
1.0357142857142858,1.0357142857142858,0.0,0.9166666666666666,3.5,6,0.5,27,186.97674418604652,120.7829457364341,98.83720930232559,32.643410852713174,0.4418604651162791,0.125,0.13333333333333333,0.15,0.0,0.32,0.2875,0.0,0.46,0.3625,0.6,0.6666666666666666,0.6,0.0,0.6136363636363636,0.0,0.0,0.0,0.6136363636363636,0.0,0.0,0
1.0357142857142858,1.0357142857142858,0.0,0.9166666666666666,3.5,6,0.5,27,186.97674418604652,120.7829457364341,98.83720930232559,32.643410852713174,0.4418604651162791,0.125,0.13333333333333333,0.15,0.0,0.32,0.2875,0.0,0.46,0.3625,0.6,0.6666666666666666,0.6,0.0,0.6136363636363636,0.0,0.0,0.0,0.6136363636363636,0.0,0.0,0
1.0357142857142858,1.0357142857142858,0.0,0.9166666666666666,3.5,6,0.5,27,186.97674418604652,120.7829457364341,98.83720930232559,32.643410852713174,0.4418604651162791,0.125,0.13333333333333333,0.15,0.0,0.32,0.2875,0.0,0.46,0.3625,0.6,0.6666666666666666,0.6,0.0,0.6136363636363636,0.0,0.0,0.0,0.6136363636363636,0.0,0.0,0
1.0357142857142858,1.0357142857142858,0.0,0.9166666666666666,3.5,6,0.5,27,186.97674418604652,120.7829457364341,98.83720930232559,32.643410852713174,0.4418604651162791,0.125,0.13333333333333333,0.15,0.0,0.32,0.2875,0.0,0.46,0.3625,0.6,0.6666666666666666,0.6,0.0,0.6136363636363636,0.0,0.0,0.0,0.6136363636363636,0.0,0.0,0
1.0357142857142858,1.0357142857142858,0.2,0.9,5.0,6,0.625,26,184.10852713178292,112.33333333333333,135.1317829457364,63.35658914728682,0.4584717607973422,0.03333333333333333,0.013333333333333334,0.041666666666666664,0.0,0.4,0.4125,0.1,0.42,0.2375,0.6,0.6,0.7,0.0,0.3181818181818182,0.0,0.29545454545454547,0.0,0.3181818181818182,0.0,0.0,0
1.0357142857142858,1.0357142857142858,0.2,0.9,5.0,6,0.625,26,184.10852713178292,112.33333333333333,135.1317829457364,63.35658914728682,0.4584717607973422,0.03333333333333333,0.013333333333333334,0.041666666666666664,0.0,0.4,0.4125,0.1,0.42,0.2375,0.6,0.6,0.7,0.0,0.3181818181818182,0.0,0.29545454545454547,0.0,0.3181818181818182,0.0,0.0,0
1.0357142857142858,1.0357142857142858,0.2,0.9,5.0,6,0.625,26,184.10852713178292,112.33333333333333,135.1317829457364,63.35658914728682,0.4584717607973422,0.03333333333333333,0.013333333333333334,0.041666666666666664,0.0,0.4,0.4125,0.1,0.42,0.2375,0.6,0.6,0.7,0.0,0.3181818181818182,0.0,0.29545454545454547,0.0,0.3181818181818182,0.0,0.0,0
1.0357142857142858,1.0357142857142858,0.2,0.9,5.0,6,0.625,26,184.10852713178292,112.33333333333333,135.1317829457364,63.35658914728682,0.4584717607973422,0.03333333333333333,0.013333333333333334,0.041666666666666664,0.0,0.4,0.4125,0.1,0.42,0.2375,0.6,0.6,0.7,0.0,0.3181818181818182,0.0,0.29545454545454547,0.0,0.3181818181818182,0.0,0.0,0
1.0357142857142858,1.0357142857142858,0.5,1.0,2.0,11,0.4,37,175.87596899224806,104.7984496124031,116.89922480620154,45.821705426356594,0.5116279069767442,0.0,0.16,0.2833333333333333,0.1,0.5,0.4625,0.3,0.58,0.3,0.55,0.5333333333333333,0.5333333333333333,0.2,0.2,0.0,0.6060606060606061,0.2,0.2,0.0,0.0,0
1.0357142857142858,1.0357142857142858,0.5,1.0,2.0,11,0.4,37,175.87596899224806,104.7984496124031,116.89922480620154,45.821705426356594,0.5116279069767442,0.0,0.16,0.2833333333333333,0.1,0.5,0.4625,0.3,0.58,0.3,0.55,0.5333333333333333,0.5333333333333333,0.2,0.2,0.0,0.6060606060606061,0.2,0.2,0.0,0.0,0
1.0357142857142858,1.0357142857142858,0.5,1.0,2.0,11,0.4,37,175.87596899224806,104.7984496124031,116.89922480620154,45.821705426356594,0.5116279069767442,0.0,0.16,0.2833333333333333,0.1,0.5,0.4625,0.3,0.58,0.3,0.55,0.5333333333333333,0.5333333333333333,0.2,0.2,0.0,0.6060606060606061,0.2,0.2,0.0,0.0,0
1.0357142857142858,1.0357142857142858,0.5,1.0,2.0,6,0.16666666666666666,27,175.87596899224806,104.7984496124031,116.89922480620154,45.821705426356594,0.5271317829457365,0.0,0.2,0.3333333333333333,0.1111111111111111,0.4888888888888889,0.4305555555555556,0.36363636363636365,0.6181818181818182,0.36363636363636365,0.48333333333333334,0.4666666666666667,0.4666666666666667,0.2,0.2,0.0,0.6060606060606061,0.2,0.2,0.0,0.0,0
1.0357142857142858,1.0357142857142858,0.5,1.0,2.0,6,0.16666666666666666,27,175.87596899224806,104.7984496124031,116.89922480620154,45.821705426356594,0.5271317829457365,0.0,0.2,0.3333333333333333,0.1111111111111111,0.4888888888888889,0.4305555555555556,0.36363636363636365,0.6181818181818182,0.36363636363636365,0.48333333333333334,0.4666666666666667,0.4666666666666667,0.2,0.2,0.0,0.6060606060606061,0.2,0.2,0.0,0.0,0
1.0357142857142858,0.8928571428571429,1.0,1.0,2.0,11,0.42857142857142855,37,175.6046511627907,104.30232558139535,140.37209302325581,69.06976744186048,0.5271317829457365,0.0,0.28,0.2833333333333333,0.3,0.7,0.5375,0.4,0.64,0.4,0.4666666666666667,0.4666666666666667,0.4666666666666667,0.25,0.25,0.25,0.6363636363636364,0.25,0.25,0.25,0.25,0
1.0357142857142858,1.0357142857142858,0.125,0.9166666666666666,4.5,7,0.625,26,180.97674418604652,116.06976744186046,116.27906976744187,51.372093023255815,0.45182724252491696,0.15,0.17333333333333334,0.16666666666666666,0.0,0.54,0.35,0.1,0.54,0.125,0.6,0.6,0.5333333333333333,0.0,0.2727272727272727,0.0,0.25,0.0,0.29545454545454547,0.0,0.0,0
1.0357142857142858,1.0357142857142858,0.125,0.9166666666666666,4.5,7,0.625,26,180.97674418604652,116.06976744186046,116.27906976744187,51.372093023255815,0.45182724252491696,0.15,0.17333333333333334,0.16666666666666666,0.0,0.54,0.35,0.1,0.54,0.125,0.6,0.6,0.5333333333333333,0.0,0.2727272727272727,0.0,0.25,0.0,0.29545454545454547,0.0,0.0,0
1.0357142857142858,1.0357142857142858,0.125,0.9166666666666666,4.5,7,0.625,26,180.97674418604652,116.06976744186046,116.27906976744187,51.372093023255815,0.45182724252491696,0.15,0.17333333333333334,0.16666666666666666,0.0,0.54,0.35,0.1,0.54,0.125,0.6,0.6,0.5333333333333333,0.0,0.2727272727272727,0.0,0.25,0.0,0.29545454545454547,0.0,0.0,0
1.0357142857142858,1.0357142857142858,0.125,0.9166666666666666,4.5,7,0.625,26,180.97674418604652,116.06976744186046,116.27906976744187,51.372093023255815,0.45182724252491696,0.15,0.17333333333333334,0.16666666666666666,0.0,0.54,0.35,0.1,0.54,0.125,0.6,0.6,0.5333333333333333,0.0,0.2727272727272727,0.0,0.25,0.0,0.29545454545454547,0.0,0.0,0
1.0357142857142858,1.0357142857142858,0.125,0.9166666666666666,4.5,7,0.625,26,180.97674418604652,116.06976744186046,116.27906976744187,51.372093023255815,0.45182724252491696,0.15,0.17333333333333334,0.16666666666666666,0.0,0.54,0.35,0.1,0.54,0.125,0.6,0.6,0.5333333333333333,0.0,0.2727272727272727,0.0,0.25,0.0,0.29545454545454547,0.0,0.0,0
1.0357142857142858,0.9285714285714286,0.3333333333333333,1.0,1.0,7,0.42857142857142855,27,180.5503875968992,146.96124031007753,107.45736434108527,73.86821705426358,0.40753045404208194,0.14166666666666666,0.12,0.0,0.0,0.3,0.2875,0.0,0.44,0.275,0.6,0.4,0.0,0.0,0.6136363636363636,0.0,0.0,0.0,0.5909090909090909,0.0,0.0,0
1.0357142857142858,0.9285714285714286,0.3333333333333333,1.0,1.0,7,0.42857142857142855,27,180.5503875968992,146.96124031007753,107.45736434108527,73.86821705426358,0.40753045404208194,0.14166666666666666,0.12,0.0,0.0,0.3,0.2875,0.0,0.44,0.275,0.6,0.4,0.0,0.0,0.6136363636363636,0.0,0.0,0.0,0.5909090909090909,0.0,0.0,0
1.0357142857142858,0.9285714285714286,0.3333333333333333,1.0,1.0,7,0.42857142857142855,27,180.5503875968992,146.96124031007753,107.45736434108527,73.86821705426358,0.40753045404208194,0.14166666666666666,0.12,0.0,0.0,0.3,0.2875,0.0,0.44,0.275,0.6,0.4,0.0,0.0,0.6136363636363636,0.0,0.0,0.0,0.5909090909090909,0.0,0.0,0
1.0357142857142858,0.9285714285714286,0.3333333333333333,1.0,1.0,7,0.42857142857142855,27,180.5503875968992,146.96124031007753,107.45736434108527,73.86821705426358,0.40753045404208194,0.14166666666666666,0.12,0.0,0.0,0.3,0.2875,0.0,0.44,0.275,0.6,0.4,0.0,0.0,0.6136363636363636,0.0,0.0,0.0,0.5909090909090909,0.0,0.0,0
1.0357142857142858,0.9285714285714286,0.3333333333333333,1.0,1.0,7,0.42857142857142855,27,180.5503875968992,146.96124031007753,107.45736434108527,73.86821705426358,0.40753045404208194,0.14166666666666666,0.12,0.0,0.0,0.3,0.2875,0.0,0.44,0.275,0.6,0.4,0.0,0.0,0.6136363636363636,0.0,0.0,0.0,0.5909090909090909,0.0,0.0,0
1.0357142857142858,1.0,0.0,0.3333333333333333,2.0,5,0.25,34,210.31007751937986,209.90697674418607,134.75193798449612,134.34883720930236,0.1893687707641196,0.0,0.0,0.0,0.05,0.4,0.025,0.0125,0.48,0.0,0.0,0.0,0.016666666666666666,0.11363636363636363,0.06818181818181818,0.0,0.022727272727272728,0.022727272727272728,0.045454545454545456,0.0,0.045454545454545456,1
1.0357142857142858,1.0357142857142858,0.5,0.8333333333333334,2.0,6,0.375,21,161.6124031007752,210.20155038759694,122.51937984496124,171.10852713178298,0.2591362126245847,0.0,0.49333333333333335,0.6333333333333333,0.0375,0.44,0.0,0.275,0.5,0.0,0.39166666666666666,0.37333333333333335,0.008333333333333333,0.09090909090909091,0.022727272727272728,0.0,0.0,0.09090909090909091,0.022727272727272728,0.5,0.0,0
1.0357142857142858,1.0357142857142858,0.5,0.8333333333333334,2.0,6,0.375,21,161.6124031007752,210.20155038759694,122.51937984496124,171.10852713178298,0.2591362126245847,0.0,0.49333333333333335,0.6333333333333333,0.0375,0.44,0.0,0.275,0.5,0.0,0.39166666666666666,0.37333333333333335,0.008333333333333333,0.09090909090909091,0.022727272727272728,0.0,0.0,0.09090909090909091,0.022727272727272728,0.5,0.0,0
1.0357142857142858,1.0357142857142858,0.5,0.8333333333333334,2.0,6,0.375,21,161.6124031007752,210.20155038759694,122.51937984496124,171.10852713178298,0.2591362126245847,0.0,0.49333333333333335,0.6333333333333333,0.0375,0.44,0.0,0.275,0.5,0.0,0.39166666666666666,0.37333333333333335,0.008333333333333333,0.09090909090909091,0.022727272727272728,0.0,0.0,0.09090909090909091,0.022727272727272728,0.5,0.0,0
1.0357142857142858,1.0357142857142858,0.5,0.8333333333333334,2.0,6,0.375,21,161.6124031007752,210.20155038759694,122.51937984496124,171.10852713178298,0.2591362126245847,0.0,0.49333333333333335,0.6333333333333333,0.0375,0.44,0.0,0.275,0.5,0.0,0.39166666666666666,0.37333333333333335,0.008333333333333333,0.09090909090909091,0.022727272727272728,0.0,0.0,0.09090909090909091,0.022727272727272728,0.5,0.0,0
1.0357142857142858,1.0357142857142858,1.0,1.0,1.0,6,0.125,6,173.3875968992248,212.41860465116278,150.82945736434107,189.86046511627904,0.23588039867109634,0.39166666666666666,0.37333333333333335,0.0,0.0,0.28,0.0,0.2,0.46,0.0,0.5916666666666667,0.68,0.06666666666666667,0.0,0.0,0.0,0.0,0.0,0.0,0.09090909090909091,0.0,0
1.0357142857142858,1.0357142857142858,1.0,1.0,1.0,6,0.125,6,173.3875968992248,212.41860465116278,150.82945736434107,189.86046511627904,0.23588039867109634,0.39166666666666666,0.37333333333333335,0.0,0.0,0.28,0.0,0.2,0.46,0.0,0.5916666666666667,0.68,0.06666666666666667,0.0,0.0,0.0,0.0,0.0,0.0,0.09090909090909091,0.0,0
1.0357142857142858,1.0357142857142858,1.0,1.0,1.0,6,0.125,6,173.3875968992248,212.41860465116278,150.82945736434107,189.86046511627904,0.23588039867109634,0.39166666666666666,0.37333333333333335,0.0,0.0,0.28,0.0,0.2,0.46,0.0,0.5916666666666667,0.68,0.06666666666666667,0.0,0.0,0.0,0.0,0.0,0.0,0.09090909090909091,0.0,0
1.0357142857142858,1.0357142857142858,1.0,1.0,1.0,6,0.125,6,173.3875968992248,212.41860465116278,150.82945736434107,189.86046511627904,0.23588039867109634,0.39166666666666666,0.37333333333333335,0.0,0.0,0.28,0.0,0.2,0.46,0.0,0.5916666666666667,0.68,0.06666666666666667,0.0,0.0,0.0,0.0,0.0,0.0,0.09090909090909091,0.0,0
0.8928571428571429,0.75,0.0,0.3888888888888889,5.5,7,0.6666666666666666,19,212.96124031007753,140.3798449612403,105.05426356589147,32.472868217054256,0.27353266888150607,0.15833333333333333,0.16,0.05,0.0,0.26,0.3,0.0,0.6,0.3125,0.0,0.21333333333333335,0.0,0.0,0.0,0.0,0.6363636363636364,0.0,0.13636363636363635,0.0,0.45454545454545453,0
0.8928571428571429,0.75,0.0,0.3888888888888889,5.5,7,0.6666666666666666,19,212.96124031007753,140.3798449612403,105.05426356589147,32.472868217054256,0.27353266888150607,0.15833333333333333,0.16,0.05,0.0,0.26,0.3,0.0,0.6,0.3125,0.0,0.21333333333333335,0.0,0.0,0.0,0.0,0.6363636363636364,0.0,0.13636363636363635,0.0,0.45454545454545453,0
0.8928571428571429,0.75,0.0,0.3888888888888889,5.5,7,0.6666666666666666,19,212.96124031007753,140.3798449612403,105.05426356589147,32.472868217054256,0.27353266888150607,0.15833333333333333,0.16,0.05,0.0,0.26,0.3,0.0,0.6,0.3125,0.0,0.21333333333333335,0.0,0.0,0.0,0.0,0.6363636363636364,0.0,0.13636363636363635,0.0,0.45454545454545453,0
0.8928571428571429,0.75,0.0,0.3888888888888889,5.5,7,0.6666666666666666,19,212.96124031007753,140.3798449612403,105.05426356589147,32.472868217054256,0.27353266888150607,0.15833333333333333,0.16,0.05,0.0,0.26,0.3,0.0,0.6,0.3125,0.0,0.21333333333333335,0.0,0.0,0.0,0.0,0.6363636363636364,0.0,0.13636363636363635,0.0,0.45454545454545453,0
0.8928571428571429,0.75,0.0,0.3888888888888889,5.5,7,0.6666666666666666,19,212.96124031007753,140.3798449612403,105.05426356589147,32.472868217054256,0.27353266888150607,0.15833333333333333,0.16,0.05,0.0,0.26,0.3,0.0,0.6,0.3125,0.0,0.21333333333333335,0.0,0.0,0.0,0.0,0.6363636363636364,0.0,0.13636363636363635,0.0,0.45454545454545453,0
1.0357142857142858,1.0357142857142858,0.6666666666666666,0.75,2.0,4,0.125,4,205.47286821705427,203.5968992248062,142.26356589147287,140.3875968992248,0.2292358803986711,0.075,0.68,0.26666666666666666,0.0,0.42,0.0,0.0,0.48,0.0,0.0,0.22666666666666666,0.0,0.022727272727272728,0.0,0.0,0.0,0.0,0.0,0.0,0.0,0
1.0357142857142858,1.0357142857142858,0.6666666666666666,0.75,2.0,4,0.125,4,205.47286821705427,203.5968992248062,142.26356589147287,140.3875968992248,0.2292358803986711,0.075,0.68,0.26666666666666666,0.0,0.42,0.0,0.0,0.48,0.0,0.0,0.22666666666666666,0.0,0.022727272727272728,0.0,0.0,0.0,0.0,0.0,0.0,0.0,0
1.0357142857142858,1.0357142857142858,0.6666666666666666,0.75,2.0,4,0.125,4,205.47286821705427,203.5968992248062,142.26356589147287,140.3875968992248,0.2292358803986711,0.075,0.68,0.26666666666666666,0.0,0.42,0.0,0.0,0.48,0.0,0.0,0.22666666666666666,0.0,0.022727272727272728,0.0,0.0,0.0,0.0,0.0,0.0,0.0,0
1.0357142857142858,1.0357142857142858,0.6666666666666666,0.75,2.0,4,0.125,4,205.47286821705427,203.5968992248062,142.26356589147287,140.3875968992248,0.2292358803986711,0.075,0.68,0.26666666666666666,0.0,0.42,0.0,0.0,0.48,0.0,0.0,0.22666666666666666,0.0,0.022727272727272728,0.0,0.0,0.0,0.0,0.0,0.0,0.0,0
1.0357142857142858,0.8928571428571429,0.0,0.5833333333333334,2.0,6,0.42857142857142855,11,212.8294573643411,138.36434108527132,138.94573643410854,64.48062015503876,0.2978959025470653,0.0,0.28,0.2,0.0,0.32,0.3125,0.0,0.48,0.3625,0.0,0.5066666666666667,0.5333333333333333,0.0,0.6590909090909091,0.0,0.0,0.0,0.75,0.0,0.0,0
1.0357142857142858,0.8928571428571429,0.0,0.5833333333333334,2.0,6,0.42857142857142855,11,212.8294573643411,138.36434108527132,138.94573643410854,64.48062015503876,0.2978959025470653,0.0,0.28,0.2,0.0,0.32,0.3125,0.0,0.48,0.3625,0.0,0.5066666666666667,0.5333333333333333,0.0,0.6590909090909091,0.0,0.0,0.0,0.75,0.0,0.0,0
1.0357142857142858,0.8928571428571429,0.0,0.5833333333333334,2.0,6,0.42857142857142855,11,212.8294573643411,138.36434108527132,138.94573643410854,64.48062015503876,0.2978959025470653,0.0,0.28,0.2,0.0,0.32,0.3125,0.0,0.48,0.3625,0.0,0.5066666666666667,0.5333333333333333,0.0,0.6590909090909091,0.0,0.0,0.0,0.75,0.0,0.0,0
1.0357142857142858,0.8928571428571429,0.0,0.5833333333333334,2.0,6,0.42857142857142855,11,212.8294573643411,138.36434108527132,138.94573643410854,64.48062015503876,0.2978959025470653,0.0,0.28,0.2,0.0,0.32,0.3125,0.0,0.48,0.3625,0.0,0.5066666666666667,0.5333333333333333,0.0,0.6590909090909091,0.0,0.0,0.0,0.75,0.0,0.0,0
1.0357142857142858,1.0357142857142858,0.3333333333333333,0.3333333333333333,2.5,6,0.25,20,212.94573643410854,138.77519379844964,130.6434108527132,56.472868217054284,0.2857142857142857,0.09166666666666666,0.10666666666666667,0.175,0.0,0.5,0.425,0.0,0.4,0.0,0.5333333333333333,0.6533333333333333,0.5333333333333333,0.0,0.0,0.0,0.5909090909090909,0.0,0.0,0.0,0.0,0
1.0357142857142858,1.0357142857142858,0.3333333333333333,0.3333333333333333,2.5,6,0.25,20,212.94573643410854,138.77519379844964,130.6434108527132,56.472868217054284,0.2857142857142857,0.09166666666666666,0.10666666666666667,0.175,0.0,0.5,0.425,0.0,0.4,0.0,0.5333333333333333,0.6533333333333333,0.5333333333333333,0.0,0.0,0.0,0.5909090909090909,0.0,0.0,0.0,0.0,0
1.0357142857142858,1.0357142857142858,0.3333333333333333,0.3333333333333333,2.5,6,0.25,20,212.94573643410854,138.77519379844964,130.6434108527132,56.472868217054284,0.2857142857142857,0.09166666666666666,0.10666666666666667,0.175,0.0,0.5,0.425,0.0,0.4,0.0,0.5333333333333333,0.6533333333333333,0.5333333333333333,0.0,0.0,0.0,0.5909090909090909,0.0,0.0,0.0,0.0,0
1.0357142857142858,1.0357142857142858,0.3333333333333333,0.3333333333333333,2.5,6,0.25,20,212.94573643410854,138.77519379844964,130.6434108527132,56.472868217054284,0.2857142857142857,0.09166666666666666,0.10666666666666667,0.175,0.0,0.5,0.425,0.0,0.4,0.0,0.5333333333333333,0.6533333333333333,0.5333333333333333,0.0,0.0,0.0,0.5909090909090909,0.0,0.0,0.0,0.0,0
1.0357142857142858,1.0357142857142858,0.3333333333333333,0.3333333333333333,2.5,6,0.25,20,212.94573643410854,138.77519379844964,130.6434108527132,56.472868217054284,0.2857142857142857,0.09166666666666666,0.10666666666666667,0.175,0.0,0.5,0.425,0.0,0.4,0.0,0.5333333333333333,0.6533333333333333,0.5333333333333333,0.0,0.0,0.0,0.5909090909090909,0.0,0.0,0.0,0.0,0
1.0357142857142858,0.7857142857142857,0.7777777777777778,0.5555555555555556,3.0,7,0.2857142857142857,19,212.94573643410854,139.22480620155036,152.66666666666669,78.94573643410851,0.2868217054263566,0.075,0.16,0.14166666666666666,0.0,0.62,0.35,0.0,0.4,0.0,0.5333333333333333,0.6533333333333333,0.5333333333333333,0.022727272727272728,0.0,0.022727272727272728,0.5,0.022727272727272728,0.0,0.0,0.0,0
1.0357142857142858,1.0,0.0,0.625,4.5,7,0.5,19,212.6201550387597,143.71317829457362,145.96899224806202,77.06201550387595,0.2978959025470653,0.0,0.0,0.0,0.0,0.46,0.275,0.0,0.58,0.275,0.5083333333333333,0.6533333333333333,0.13333333333333333,0.0,0.5909090909090909,0.0,0.0,0.0,0.5909090909090909,0.0,0.0,0
1.0357142857142858,1.0,0.0,0.625,4.5,7,0.5,19,212.6201550387597,143.71317829457362,145.96899224806202,77.06201550387595,0.2978959025470653,0.0,0.0,0.0,0.0,0.46,0.275,0.0,0.58,0.275,0.5083333333333333,0.6533333333333333,0.13333333333333333,0.0,0.5909090909090909,0.0,0.0,0.0,0.5909090909090909,0.0,0.0,0
1.0357142857142858,1.0,0.0,0.625,4.5,7,0.5,19,212.6201550387597,143.71317829457362,145.96899224806202,77.06201550387595,0.2978959025470653,0.0,0.0,0.0,0.0,0.46,0.275,0.0,0.58,0.275,0.5083333333333333,0.6533333333333333,0.13333333333333333,0.0,0.5909090909090909,0.0,0.0,0.0,0.5909090909090909,0.0,0.0,0
1.0357142857142858,1.0,0.0,0.625,4.5,7,0.5,19,212.6201550387597,143.71317829457362,145.96899224806202,77.06201550387595,0.2978959025470653,0.0,0.0,0.0,0.0,0.46,0.275,0.0,0.58,0.275,0.5083333333333333,0.6533333333333333,0.13333333333333333,0.0,0.5909090909090909,0.0,0.0,0.0,0.5909090909090909,0.0,0.0,0
1.0357142857142858,1.0,0.0,0.625,4.5,7,0.5,19,212.6201550387597,143.71317829457362,145.96899224806202,77.06201550387595,0.2978959025470653,0.0,0.0,0.0,0.0,0.46,0.275,0.0,0.58,0.275,0.5083333333333333,0.6533333333333333,0.13333333333333333,0.0,0.5909090909090909,0.0,0.0,0.0,0.5909090909090909,0.0,0.0,0
1.0357142857142858,1.0357142857142858,1.0,1.0,1.0,3,0.0,37,202.51937984496124,196.984496124031,177.75193798449612,172.2170542635659,0.2602436323366556,0.08333333333333333,0.64,0.375,0.0,0.38,0.0,0.0,0.36,0.0,0.13333333333333333,0.4533333333333333,0.0,0.0,0.0,0.0,0.0,0.0,0.0,0.0,0.0,0
1.0357142857142858,1.0357142857142858,1.0,1.0,1.0,3,0.0,37,202.51937984496124,196.984496124031,177.75193798449612,172.2170542635659,0.2602436323366556,0.08333333333333333,0.64,0.375,0.0,0.38,0.0,0.0,0.36,0.0,0.13333333333333333,0.4533333333333333,0.0,0.0,0.0,0.0,0.0,0.0,0.0,0.0,0.0,0
1.0357142857142858,1.0357142857142858,1.0,1.0,1.0,3,0.0,37,202.51937984496124,196.984496124031,177.75193798449612,172.2170542635659,0.2602436323366556,0.08333333333333333,0.64,0.375,0.0,0.38,0.0,0.0,0.36,0.0,0.13333333333333333,0.4533333333333333,0.0,0.0,0.0,0.0,0.0,0.0,0.0,0.0,0.0,0
1.0357142857142858,1.0357142857142858,1.0,1.0,1.0,3,0.0,37,202.51937984496124,196.984496124031,177.75193798449612,172.2170542635659,0.2602436323366556,0.08333333333333333,0.64,0.375,0.0,0.38,0.0,0.0,0.36,0.0,0.13333333333333333,0.4533333333333333,0.0,0.0,0.0,0.0,0.0,0.0,0.0,0.0,0.0,0
1.0357142857142858,1.0,0.0,0.16666666666666666,3.0,8,0.25,19,203.08527131782944,246.3953488372093,102.31782945736433,145.62790697674419,0.18715393133997785,0.0,0.0,0.0,0.0625,0.54,0.0,0.0,0.52,0.0,0.0,0.0,0.0,0.13636363636363635,0.09090909090909091,0.0,0.09090909090909091,0.0,0.09090909090909091,0.0,0.09090909090909091,0
1.0357142857142858,1.0,0.0,0.16666666666666666,3.0,7,0.25,19,199.1317829457364,254.20155038759688,117.06201550387594,172.1317829457364,0.17940199335548174,0.0,0.0,0.0,0.075,0.52,0.0,0.0,0.52,0.0,0.0,0.0,0.0,0.1590909090909091,0.0,0.022727272727272728,0.0,0.022727272727272728,0.0,0.022727272727272728,0.0,0
1.0357142857142858,1.0,0.0,0.16666666666666666,3.0,7,0.25,19,199.1317829457364,254.20155038759688,117.06201550387594,172.1317829457364,0.17940199335548174,0.0,0.0,0.0,0.075,0.52,0.0,0.0,0.52,0.0,0.0,0.0,0.0,0.1590909090909091,0.0,0.022727272727272728,0.0,0.022727272727272728,0.0,0.022727272727272728,0.0,0
1.0357142857142858,1.0,0.0,0.16666666666666666,3.0,7,0.25,19,199.1317829457364,254.20155038759688,117.06201550387594,172.1317829457364,0.17940199335548174,0.0,0.0,0.0,0.075,0.52,0.0,0.0,0.52,0.0,0.0,0.0,0.0,0.1590909090909091,0.0,0.022727272727272728,0.0,0.022727272727272728,0.0,0.022727272727272728,0.0,0
1.0357142857142858,1.0,0.0,0.16666666666666666,3.0,7,0.25,19,199.1317829457364,254.20155038759688,117.06201550387594,172.1317829457364,0.17940199335548174,0.0,0.0,0.0,0.075,0.52,0.0,0.0,0.52,0.0,0.0,0.0,0.0,0.1590909090909091,0.0,0.022727272727272728,0.0,0.022727272727272728,0.0,0.022727272727272728,0.0,0
1.037037037037037,0.9259259259259259,0.0,0.8333333333333334,4.0,7,0.5714285714285714,26,202.3571428571429,104.11111111111113,132.3571428571429,34.11111111111113,0.3964285714285714,0.0,0.2,0.28846153846153844,0.041666666666666664,0.3111111111111111,0.3333333333333333,0.0375,0.66,0.45,0.0,0.5846153846153846,0.22115384615384615,0.0,0.6363636363636364,0.06818181818181818,0.18181818181818182,0.0,0.6590909090909091,0.09090909090909091,0.0,0
1.037037037037037,0.9259259259259259,0.0,0.8333333333333334,4.0,7,0.5714285714285714,26,202.3571428571429,104.11111111111113,132.3571428571429,34.11111111111113,0.3964285714285714,0.0,0.2,0.28846153846153844,0.041666666666666664,0.3111111111111111,0.3333333333333333,0.0375,0.66,0.45,0.0,0.5846153846153846,0.22115384615384615,0.0,0.6363636363636364,0.06818181818181818,0.18181818181818182,0.0,0.6590909090909091,0.09090909090909091,0.0,0
1.037037037037037,0.9259259259259259,0.0,0.8333333333333334,4.0,7,0.5714285714285714,26,202.3571428571429,104.11111111111113,132.3571428571429,34.11111111111113,0.3964285714285714,0.0,0.2,0.28846153846153844,0.041666666666666664,0.3111111111111111,0.3333333333333333,0.0375,0.66,0.45,0.0,0.5846153846153846,0.22115384615384615,0.0,0.6363636363636364,0.06818181818181818,0.18181818181818182,0.0,0.6590909090909091,0.09090909090909091,0.0,0
1.037037037037037,0.9259259259259259,0.0,0.8333333333333334,4.0,7,0.5714285714285714,26,202.3571428571429,104.11111111111113,132.3571428571429,34.11111111111113,0.3964285714285714,0.0,0.2,0.28846153846153844,0.041666666666666664,0.3111111111111111,0.3333333333333333,0.0375,0.66,0.45,0.0,0.5846153846153846,0.22115384615384615,0.0,0.6363636363636364,0.06818181818181818,0.18181818181818182,0.0,0.6590909090909091,0.09090909090909091,0.0,0
1.037037037037037,0.9259259259259259,0.0,0.8333333333333334,4.0,7,0.5714285714285714,26,202.3571428571429,104.11111111111113,132.3571428571429,34.11111111111113,0.3964285714285714,0.0,0.2,0.28846153846153844,0.041666666666666664,0.3111111111111111,0.3333333333333333,0.0375,0.66,0.45,0.0,0.5846153846153846,0.22115384615384615,0.0,0.6363636363636364,0.06818181818181818,0.18181818181818182,0.0,0.6590909090909091,0.09090909090909091,0.0,0
1.037037037037037,1.037037037037037,0.6666666666666666,1.0,1.0,10,0.375,34,200.3968253968254,128.35714285714286,182.63492063492063,110.5952380952381,0.34285714285714286,0.21153846153846154,0.3384615384615385,0.28846153846153844,0.08333333333333333,0.4888888888888889,0.4861111111111111,0.05,0.36,0.1,0.0,0.2,0.0,0.0,0.0,0.18181818181818182,0.7045454545454546,0.022727272727272728,0.0,0.11363636363636363,0.25,0
1.037037037037037,1.037037037037037,0.6666666666666666,1.0,1.0,10,0.375,34,200.3968253968254,128.35714285714286,182.63492063492063,110.5952380952381,0.34285714285714286,0.21153846153846154,0.3384615384615385,0.28846153846153844,0.08333333333333333,0.4888888888888889,0.4861111111111111,0.05,0.36,0.1,0.0,0.2,0.0,0.0,0.0,0.18181818181818182,0.7045454545454546,0.022727272727272728,0.0,0.11363636363636363,0.25,0
1.037037037037037,1.037037037037037,0.6666666666666666,1.0,1.0,10,0.375,34,200.3968253968254,128.35714285714286,182.63492063492063,110.5952380952381,0.34285714285714286,0.21153846153846154,0.3384615384615385,0.28846153846153844,0.08333333333333333,0.4888888888888889,0.4861111111111111,0.05,0.36,0.1,0.0,0.2,0.0,0.0,0.0,0.18181818181818182,0.7045454545454546,0.022727272727272728,0.0,0.11363636363636363,0.25,0
1.037037037037037,1.037037037037037,0.6666666666666666,1.0,1.0,10,0.375,34,200.3968253968254,128.35714285714286,182.63492063492063,110.5952380952381,0.34285714285714286,0.21153846153846154,0.3384615384615385,0.28846153846153844,0.08333333333333333,0.4888888888888889,0.4861111111111111,0.05,0.36,0.1,0.0,0.2,0.0,0.0,0.0,0.18181818181818182,0.7045454545454546,0.022727272727272728,0.0,0.11363636363636363,0.25,0
1.037037037037037,0.9259259259259259,0.0,0.3888888888888889,6.0,9,0.7142857142857143,35,201.43650793650795,137.67460317460316,143.984126984127,80.22222222222221,0.3380952380952381,0.0,0.0,0.0,0.1111111111111111,0.3333333333333333,0.3333333333333333,0.15,0.52,0.4,0.0673076923076923,0.24615384615384617,0.0,0.0,0.6363636363636364,0.25,0.18181818181818182,0.0,0.6363636363636364,0.25,0.13636363636363635,0
1.037037037037037,0.9259259259259259,0.0,0.3888888888888889,6.0,9,0.7142857142857143,35,201.43650793650795,137.67460317460316,143.984126984127,80.22222222222221,0.3380952380952381,0.0,0.0,0.0,0.1111111111111111,0.3333333333333333,0.3333333333333333,0.15,0.52,0.4,0.0673076923076923,0.24615384615384617,0.0,0.0,0.6363636363636364,0.25,0.18181818181818182,0.0,0.6363636363636364,0.25,0.13636363636363635,0
1.037037037037037,0.9259259259259259,0.0,0.3888888888888889,6.0,9,0.7142857142857143,35,201.43650793650795,137.67460317460316,143.984126984127,80.22222222222221,0.3380952380952381,0.0,0.0,0.0,0.1111111111111111,0.3333333333333333,0.3333333333333333,0.15,0.52,0.4,0.0673076923076923,0.24615384615384617,0.0,0.0,0.6363636363636364,0.25,0.18181818181818182,0.0,0.6363636363636364,0.25,0.13636363636363635,0
1.037037037037037,0.9259259259259259,0.0,0.3888888888888889,6.0,9,0.7142857142857143,35,201.43650793650795,137.67460317460316,143.984126984127,80.22222222222221,0.3380952380952381,0.0,0.0,0.0,0.1111111111111111,0.3333333333333333,0.3333333333333333,0.15,0.52,0.4,0.0673076923076923,0.24615384615384617,0.0,0.0,0.6363636363636364,0.25,0.18181818181818182,0.0,0.6363636363636364,0.25,0.13636363636363635,0
1.037037037037037,1.037037037037037,0.5,1.0,1.0,11,0.375,35,203.9126984126984,135.34920634920636,161.65079365079364,93.0873015873016,0.35119047619047616,0.0,0.12307692307692308,0.25961538461538464,0.1111111111111111,0.5111111111111111,0.5138888888888888,0.125,0.34,0.1875,0.0,0.3076923076923077,0.3173076923076923,0.0,0.0,0.25,0.7045454545454546,0.0,0.0,0.22727272727272727,0.22727272727272727,0
1.037037037037037,1.037037037037037,0.5,1.0,1.0,11,0.375,35,203.9126984126984,135.34920634920636,161.65079365079364,93.0873015873016,0.35119047619047616,0.0,0.12307692307692308,0.25961538461538464,0.1111111111111111,0.5111111111111111,0.5138888888888888,0.125,0.34,0.1875,0.0,0.3076923076923077,0.3173076923076923,0.0,0.0,0.25,0.7045454545454546,0.0,0.0,0.22727272727272727,0.22727272727272727,0
1.0,1.0357142857142858,0.5,1.0,1.0,11,0.375,35,203.9126984126984,135.34920634920636,161.65079365079364,93.0873015873016,0.3437862950058072,0.0,0.12307692307692308,0.25961538461538464,0.1111111111111111,0.5111111111111111,0.5138888888888888,0.11363636363636363,0.32727272727272727,0.17045454545454544,0.0,0.3384615384615385,0.3942307692307692,0.0,0.0,0.25,0.7045454545454546,0.0,0.0,0.22727272727272727,0.22727272727272727,0
1.037037037037037,1.037037037037037,0.5,1.0,1.0,6,0.2857142857142857,19,203.9126984126984,135.34920634920636,161.65079365079364,93.0873015873016,0.34404761904761905,0.0,0.16923076923076924,0.3173076923076923,0.125,0.5,0.484375,0.11363636363636363,0.32727272727272727,0.17045454545454544,0.0,0.3384615384615385,0.3942307692307692,0.0,0.0,0.25,0.7045454545454546,0.0,0.0,0.22727272727272727,0.22727272727272727,0
1.037037037037037,0.9629629629629629,0.16666666666666666,0.5833333333333334,4.0,6,0.5,18,204.88095238095238,137.02380952380952,122.42857142857143,54.57142857142857,0.3523809523809524,0.0,0.0,0.019230769230769232,0.0,0.28888888888888886,0.25,0.0,0.48,0.2875,0.49038461538461536,0.7384615384615385,0.5769230769230769,0.0,0.6363636363636364,0.0,0.0,0.0,0.6136363636363636,0.0,0.0,0
1.037037037037037,0.9629629629629629,0.16666666666666666,0.5833333333333334,4.0,6,0.5,18,204.88095238095238,137.02380952380952,122.42857142857143,54.57142857142857,0.3523809523809524,0.0,0.0,0.019230769230769232,0.0,0.28888888888888886,0.25,0.0,0.48,0.2875,0.49038461538461536,0.7384615384615385,0.5769230769230769,0.0,0.6363636363636364,0.0,0.0,0.0,0.6136363636363636,0.0,0.0,0
1.037037037037037,0.9629629629629629,0.16666666666666666,0.5833333333333334,4.0,6,0.5,18,204.88095238095238,137.02380952380952,122.42857142857143,54.57142857142857,0.3523809523809524,0.0,0.0,0.019230769230769232,0.0,0.28888888888888886,0.25,0.0,0.48,0.2875,0.49038461538461536,0.7384615384615385,0.5769230769230769,0.0,0.6363636363636364,0.0,0.0,0.0,0.6136363636363636,0.0,0.0,0
1.037037037037037,0.9629629629629629,0.16666666666666666,0.5833333333333334,4.0,6,0.5,18,204.88095238095238,137.02380952380952,122.42857142857143,54.57142857142857,0.3523809523809524,0.0,0.0,0.019230769230769232,0.0,0.28888888888888886,0.25,0.0,0.48,0.2875,0.49038461538461536,0.7384615384615385,0.5769230769230769,0.0,0.6363636363636364,0.0,0.0,0.0,0.6136363636363636,0.0,0.0,0
1.037037037037037,0.9629629629629629,0.16666666666666666,0.5833333333333334,4.0,6,0.5,18,204.88095238095238,137.02380952380952,122.42857142857143,54.57142857142857,0.3523809523809524,0.0,0.0,0.019230769230769232,0.0,0.28888888888888886,0.25,0.0,0.48,0.2875,0.49038461538461536,0.7384615384615385,0.5769230769230769,0.0,0.6363636363636364,0.0,0.0,0.0,0.6136363636363636,0.0,0.0,0
1.037037037037037,1.037037037037037,0.5,0.75,2.0,6,0.25,19,201.9920634920635,136.36507936507937,159.75396825396825,94.12698412698413,0.3726190476190476,0.15384615384615385,0.26153846153846155,0.33653846153846156,0.0,0.5333333333333333,0.4861111111111111,0.0,0.4,0.0,0.6730769230769231,0.7230769230769231,0.0,0.0,0.0,0.0,0.6363636363636364,0.0,0.0,0.0,0.0,0
1.037037037037037,1.037037037037037,0.9166666666666666,1.0,2.0,7,0.25,18,201.65079365079364,138.46031746031747,170.76984126984127,107.57936507936509,0.3738095238095238,0.15384615384615385,0.3230769230769231,0.27884615384615385,0.0,0.6666666666666666,0.4027777777777778,0.0,0.4,0.0,0.6826923076923077,0.5692307692307692,0.0,0.0,0.0,0.0,0.5454545454545454,0.0,0.0,0.0,0.0,0
1.037037037037037,1.037037037037037,0.9166666666666666,1.0,2.0,7,0.25,18,201.65079365079364,138.46031746031747,170.76984126984127,107.57936507936509,0.3738095238095238,0.15384615384615385,0.3230769230769231,0.27884615384615385,0.0,0.6666666666666666,0.4027777777777778,0.0,0.4,0.0,0.6826923076923077,0.5692307692307692,0.0,0.0,0.0,0.0,0.5454545454545454,0.0,0.0,0.0,0.0,0
1.037037037037037,1.037037037037037,0.9166666666666666,1.0,2.0,7,0.25,18,201.65079365079364,138.46031746031747,170.76984126984127,107.57936507936509,0.3738095238095238,0.15384615384615385,0.3230769230769231,0.27884615384615385,0.0,0.6666666666666666,0.4027777777777778,0.0,0.4,0.0,0.6826923076923077,0.5692307692307692,0.0,0.0,0.0,0.0,0.5454545454545454,0.0,0.0,0.0,0.0,0
1.037037037037037,0.9259259259259259,0.16666666666666666,0.5833333333333334,2.0,6,0.42857142857142855,19,214.65873015873015,90.26190476190476,109.23015873015872,-15.166666666666671,0.4011904761904762,0.0,0.13846153846153847,0.2403846153846154,0.0,0.3111111111111111,0.25,0.0,0.48,0.4875,0.0,0.4461538461538462,0.25,0.0,0.6363636363636364,0.09090909090909091,0.0,0.0,0.7045454545454546,0.0,0.0,0
1.037037037037037,0.9259259259259259,0.16666666666666666,0.5833333333333334,2.0,6,0.42857142857142855,19,214.65873015873015,90.26190476190476,109.23015873015872,-15.166666666666671,0.4011904761904762,0.0,0.13846153846153847,0.2403846153846154,0.0,0.3111111111111111,0.25,0.0,0.48,0.4875,0.0,0.4461538461538462,0.25,0.0,0.6363636363636364,0.09090909090909091,0.0,0.0,0.7045454545454546,0.0,0.0,0
1.037037037037037,0.9259259259259259,0.16666666666666666,0.5833333333333334,2.0,6,0.42857142857142855,19,214.65873015873015,90.26190476190476,109.23015873015872,-15.166666666666671,0.4011904761904762,0.0,0.13846153846153847,0.2403846153846154,0.0,0.3111111111111111,0.25,0.0,0.48,0.4875,0.0,0.4461538461538462,0.25,0.0,0.6363636363636364,0.09090909090909091,0.0,0.0,0.7045454545454546,0.0,0.0,0
1.037037037037037,0.9259259259259259,0.16666666666666666,0.5833333333333334,2.0,6,0.42857142857142855,19,214.65873015873015,90.26190476190476,109.23015873015872,-15.166666666666671,0.4011904761904762,0.0,0.13846153846153847,0.2403846153846154,0.0,0.3111111111111111,0.25,0.0,0.48,0.4875,0.0,0.4461538461538462,0.25,0.0,0.6363636363636364,0.09090909090909091,0.0,0.0,0.7045454545454546,0.0,0.0,0
1.037037037037037,0.9629629629629629,0.0,0.5,6.5,9,0.625,34,204.24603174603172,140.30158730158732,125.67460317460315,61.73015873015875,0.34523809523809523,0.0,0.0,0.0,0.05555555555555555,0.4222222222222222,0.25,0.0875,0.66,0.3125,0.028846153846153848,0.4153846153846154,0.0,0.0,0.6363636363636364,0.13636363636363635,0.0,0.0,0.6363636363636364,0.22727272727272727,0.045454545454545456,0
1.037037037037037,0.9629629629629629,0.0,0.5,6.5,9,0.625,34,204.24603174603172,140.30158730158732,125.67460317460315,61.73015873015875,0.34523809523809523,0.0,0.0,0.0,0.05555555555555555,0.4222222222222222,0.25,0.0875,0.66,0.3125,0.028846153846153848,0.4153846153846154,0.0,0.0,0.6363636363636364,0.13636363636363635,0.0,0.0,0.6363636363636364,0.22727272727272727,0.045454545454545456,0
1.037037037037037,0.9629629629629629,0.0,0.5,6.5,9,0.625,34,204.24603174603172,140.30158730158732,125.67460317460315,61.73015873015875,0.34523809523809523,0.0,0.0,0.0,0.05555555555555555,0.4222222222222222,0.25,0.0875,0.66,0.3125,0.028846153846153848,0.4153846153846154,0.0,0.0,0.6363636363636364,0.13636363636363635,0.0,0.0,0.6363636363636364,0.22727272727272727,0.045454545454545456,0
1.037037037037037,0.9629629629629629,0.0,0.5,6.5,9,0.625,34,204.24603174603172,140.30158730158732,125.67460317460315,61.73015873015875,0.34523809523809523,0.0,0.0,0.0,0.05555555555555555,0.4222222222222222,0.25,0.0875,0.66,0.3125,0.028846153846153848,0.4153846153846154,0.0,0.0,0.6363636363636364,0.13636363636363635,0.0,0.0,0.6363636363636364,0.22727272727272727,0.045454545454545456,0
1.037037037037037,0.9629629629629629,0.0,0.5,6.5,9,0.625,34,204.24603174603172,140.30158730158732,125.67460317460315,61.73015873015875,0.34523809523809523,0.0,0.0,0.0,0.05555555555555555,0.4222222222222222,0.25,0.0875,0.66,0.3125,0.028846153846153848,0.4153846153846154,0.0,0.0,0.6363636363636364,0.13636363636363635,0.0,0.0,0.6363636363636364,0.22727272727272727,0.045454545454545456,0
1.037037037037037,1.037037037037037,1.0,0.3333333333333333,2.0,7,0.25,26,208.35714285714286,168.0952380952381,138.97619047619048,98.71428571428572,0.2761904761904762,0.038461538461538464,0.6923076923076923,0.38461538461538464,0.0,0.4444444444444444,0.25,0.05,0.3,0.0625,0.0,0.24615384615384617,0.3269230769230769,0.0,0.6363636363636364,0.0,0.0,0.0,0.0,0.09090909090909091,0.1590909090909091,0
1.037037037037037,1.037037037037037,1.0,0.3333333333333333,2.0,7,0.25,26,208.35714285714286,168.0952380952381,138.97619047619048,98.71428571428572,0.2761904761904762,0.038461538461538464,0.6923076923076923,0.38461538461538464,0.0,0.4444444444444444,0.25,0.05,0.3,0.0625,0.0,0.24615384615384617,0.3269230769230769,0.0,0.6363636363636364,0.0,0.0,0.0,0.0,0.09090909090909091,0.1590909090909091,0
1.037037037037037,1.037037037037037,1.0,0.3333333333333333,2.0,7,0.25,26,208.35714285714286,168.0952380952381,138.97619047619048,98.71428571428572,0.2761904761904762,0.038461538461538464,0.6923076923076923,0.38461538461538464,0.0,0.4444444444444444,0.25,0.05,0.3,0.0625,0.0,0.24615384615384617,0.3269230769230769,0.0,0.6363636363636364,0.0,0.0,0.0,0.0,0.09090909090909091,0.1590909090909091,0
1.037037037037037,1.037037037037037,1.0,0.3333333333333333,2.0,7,0.25,26,208.35714285714286,168.0952380952381,138.97619047619048,98.71428571428572,0.2761904761904762,0.038461538461538464,0.6923076923076923,0.38461538461538464,0.0,0.4444444444444444,0.25,0.05,0.3,0.0625,0.0,0.24615384615384617,0.3269230769230769,0.0,0.6363636363636364,0.0,0.0,0.0,0.0,0.09090909090909091,0.1590909090909091,0
1.037037037037037,1.037037037037037,1.0,0.3333333333333333,2.0,7,0.25,26,208.35714285714286,168.0952380952381,138.97619047619048,98.71428571428572,0.2761904761904762,0.038461538461538464,0.6923076923076923,0.38461538461538464,0.0,0.4444444444444444,0.25,0.05,0.3,0.0625,0.0,0.24615384615384617,0.3269230769230769,0.0,0.6363636363636364,0.0,0.0,0.0,0.0,0.09090909090909091,0.1590909090909091,0
1.037037037037037,0.9629629629629629,0.0,0.5,6.0,8,0.625,26,206.65873015873015,140.34126984126985,145.13492063492063,78.81746031746033,0.3261904761904762,0.0673076923076923,0.0,0.0,0.0,0.3111111111111111,0.25,0.1,0.6,0.3125,0.36538461538461536,0.6615384615384615,0.4807692307692308,0.09090909090909091,0.6363636363636364,0.0,0.0,0.0,0.6363636363636364,0.25,0.06818181818181818,0
1.037037037037037,0.9629629629629629,0.0,0.5,6.0,8,0.625,26,206.65873015873015,140.34126984126985,145.13492063492063,78.81746031746033,0.3261904761904762,0.0673076923076923,0.0,0.0,0.0,0.3111111111111111,0.25,0.1,0.6,0.3125,0.36538461538461536,0.6615384615384615,0.4807692307692308,0.09090909090909091,0.6363636363636364,0.0,0.0,0.0,0.6363636363636364,0.25,0.06818181818181818,0
1.037037037037037,0.9629629629629629,0.0,0.5,6.0,8,0.625,26,206.65873015873015,140.34126984126985,145.13492063492063,78.81746031746033,0.3261904761904762,0.0673076923076923,0.0,0.0,0.0,0.3111111111111111,0.25,0.1,0.6,0.3125,0.36538461538461536,0.6615384615384615,0.4807692307692308,0.09090909090909091,0.6363636363636364,0.0,0.0,0.0,0.6363636363636364,0.25,0.06818181818181818,0
1.037037037037037,0.9629629629629629,0.0,0.5,6.0,8,0.625,26,206.65873015873015,140.34126984126985,145.13492063492063,78.81746031746033,0.3261904761904762,0.0673076923076923,0.0,0.0,0.0,0.3111111111111111,0.25,0.1,0.6,0.3125,0.36538461538461536,0.6615384615384615,0.4807692307692308,0.09090909090909091,0.6363636363636364,0.0,0.0,0.0,0.6363636363636364,0.25,0.06818181818181818,0
1.037037037037037,1.037037037037037,1.0,0.75,2.0,7,0.25,27,201.2222222222222,166.81746031746033,199.1269841269841,164.72222222222223,0.2892857142857143,0.028846153846153848,0.6307692307692307,0.47115384615384615,0.0,0.5111111111111111,0.2777777777777778,0.0125,0.38,0.0,0.5769230769230769,0.47692307692307695,0.0,0.0,0.696969696969697,0.0,0.0,0.0,0.0,0.045454545454545456,0.0,0
1.037037037037037,1.037037037037037,1.0,0.75,2.0,7,0.25,27,201.2222222222222,166.81746031746033,199.1269841269841,164.72222222222223,0.2892857142857143,0.028846153846153848,0.6307692307692307,0.47115384615384615,0.0,0.5111111111111111,0.2777777777777778,0.0125,0.38,0.0,0.5769230769230769,0.47692307692307695,0.0,0.0,0.696969696969697,0.0,0.0,0.0,0.0,0.045454545454545456,0.0,0
1.037037037037037,1.037037037037037,1.0,0.75,2.0,7,0.25,27,201.2222222222222,166.81746031746033,199.1269841269841,164.72222222222223,0.2892857142857143,0.028846153846153848,0.6307692307692307,0.47115384615384615,0.0,0.5111111111111111,0.2777777777777778,0.0125,0.38,0.0,0.5769230769230769,0.47692307692307695,0.0,0.0,0.696969696969697,0.0,0.0,0.0,0.0,0.045454545454545456,0.0,0
1.037037037037037,1.037037037037037,1.0,0.75,2.0,7,0.25,27,201.2222222222222,166.81746031746033,199.1269841269841,164.72222222222223,0.2892857142857143,0.028846153846153848,0.6307692307692307,0.47115384615384615,0.0,0.5111111111111111,0.2777777777777778,0.0125,0.38,0.0,0.5769230769230769,0.47692307692307695,0.0,0.0,0.696969696969697,0.0,0.0,0.0,0.0,0.045454545454545456,0.0,0
1.037037037037037,1.037037037037037,1.0,0.75,2.0,7,0.25,27,201.2222222222222,166.81746031746033,199.1269841269841,164.72222222222223,0.2892857142857143,0.028846153846153848,0.6307692307692307,0.47115384615384615,0.0,0.5111111111111111,0.2777777777777778,0.0125,0.38,0.0,0.5769230769230769,0.47692307692307695,0.0,0.0,0.696969696969697,0.0,0.0,0.0,0.0,0.045454545454545456,0.0,0
1.037037037037037,0.9629629629629629,0.0,0.625,4.5,6,0.5,26,208.11111111111111,108.97619047619048,137.27777777777777,38.14285714285715,0.34404761904761905,0.0,0.23076923076923078,0.19230769230769232,0.0,0.3333333333333333,0.25,0.0,0.52,0.4375,0.0,0.38461538461538464,0.23076923076923078,0.0,0.6363636363636364,0.0,0.0,0.0,0.6136363636363636,0.0,0.0,0
1.037037037037037,0.9629629629629629,0.0,0.625,4.5,6,0.5,26,208.11111111111111,108.97619047619048,137.27777777777777,38.14285714285715,0.34404761904761905,0.0,0.23076923076923078,0.19230769230769232,0.0,0.3333333333333333,0.25,0.0,0.52,0.4375,0.0,0.38461538461538464,0.23076923076923078,0.0,0.6363636363636364,0.0,0.0,0.0,0.6136363636363636,0.0,0.0,0
1.037037037037037,0.9629629629629629,0.0,0.625,4.5,6,0.5,26,208.11111111111111,108.97619047619048,137.27777777777777,38.14285714285715,0.34404761904761905,0.0,0.23076923076923078,0.19230769230769232,0.0,0.3333333333333333,0.25,0.0,0.52,0.4375,0.0,0.38461538461538464,0.23076923076923078,0.0,0.6363636363636364,0.0,0.0,0.0,0.6136363636363636,0.0,0.0,0
1.037037037037037,0.9629629629629629,0.0,0.625,4.5,6,0.5,26,208.11111111111111,108.97619047619048,137.27777777777777,38.14285714285715,0.34404761904761905,0.0,0.23076923076923078,0.19230769230769232,0.0,0.3333333333333333,0.25,0.0,0.52,0.4375,0.0,0.38461538461538464,0.23076923076923078,0.0,0.6363636363636364,0.0,0.0,0.0,0.6136363636363636,0.0,0.0,0
1.037037037037037,0.9629629629629629,0.0,0.625,4.5,6,0.5,26,208.11111111111111,108.97619047619048,137.27777777777777,38.14285714285715,0.34404761904761905,0.0,0.23076923076923078,0.19230769230769232,0.0,0.3333333333333333,0.25,0.0,0.52,0.4375,0.0,0.38461538461538464,0.23076923076923078,0.0,0.6363636363636364,0.0,0.0,0.0,0.6136363636363636,0.0,0.0,0
1.037037037037037,1.037037037037037,1.0,1.0,1.0,3,0.0,18,207.17460317460316,167.34920634920636,190.36507936507934,150.53968253968253,0.26904761904761904,0.019230769230769232,0.6461538461538462,0.5384615384615384,0.0,0.3333333333333333,0.1527777777777778,0.0,0.34,0.0,0.0,0.2,0.0,0.0,0.0,0.0,0.0,0.0,0.0,0.0,0.0,0
1.037037037037037,1.037037037037037,1.0,1.0,1.0,3,0.0,18,207.17460317460316,167.34920634920636,190.36507936507934,150.53968253968253,0.26904761904761904,0.019230769230769232,0.6461538461538462,0.5384615384615384,0.0,0.3333333333333333,0.1527777777777778,0.0,0.34,0.0,0.0,0.2,0.0,0.0,0.0,0.0,0.0,0.0,0.0,0.0,0.0,0
1.037037037037037,1.037037037037037,1.0,1.0,1.0,3,0.0,18,207.17460317460316,167.34920634920636,190.36507936507934,150.53968253968253,0.26904761904761904,0.019230769230769232,0.6461538461538462,0.5384615384615384,0.0,0.3333333333333333,0.1527777777777778,0.0,0.34,0.0,0.0,0.2,0.0,0.0,0.0,0.0,0.0,0.0,0.0,0.0,0.0,0
1.037037037037037,1.037037037037037,1.0,1.0,1.0,3,0.0,18,207.17460317460316,167.34920634920636,190.36507936507934,150.53968253968253,0.26904761904761904,0.019230769230769232,0.6461538461538462,0.5384615384615384,0.0,0.3333333333333333,0.1527777777777778,0.0,0.34,0.0,0.0,0.2,0.0,0.0,0.0,0.0,0.0,0.0,0.0,0.0,0.0,0
1.037037037037037,0.9259259259259259,0.0,0.5555555555555556,3.0,6,0.42857142857142855,9,208.22222222222226,140.35714285714286,144.15079365079367,76.28571428571429,0.3047619047619048,0.04807692307692308,0.0,0.0,0.0,0.3111111111111111,0.25,0.0,0.44,0.3,0.04807692307692308,0.3076923076923077,0.0,0.0,0.6363636363636364,0.0,0.0,0.0,0.6363636363636364,0.0,0.0,0
1.037037037037037,0.9259259259259259,0.0,0.5555555555555556,3.0,6,0.42857142857142855,9,208.22222222222226,140.35714285714286,144.15079365079367,76.28571428571429,0.3047619047619048,0.04807692307692308,0.0,0.0,0.0,0.3111111111111111,0.25,0.0,0.44,0.3,0.04807692307692308,0.3076923076923077,0.0,0.0,0.6363636363636364,0.0,0.0,0.0,0.6363636363636364,0.0,0.0,0
1.037037037037037,0.9259259259259259,0.0,0.5555555555555556,3.0,6,0.42857142857142855,9,208.22222222222226,140.35714285714286,144.15079365079367,76.28571428571429,0.3047619047619048,0.04807692307692308,0.0,0.0,0.0,0.3111111111111111,0.25,0.0,0.44,0.3,0.04807692307692308,0.3076923076923077,0.0,0.0,0.6363636363636364,0.0,0.0,0.0,0.6363636363636364,0.0,0.0,0
1.037037037037037,0.9259259259259259,0.0,0.5555555555555556,3.0,6,0.42857142857142855,9,208.22222222222226,140.35714285714286,144.15079365079367,76.28571428571429,0.3047619047619048,0.04807692307692308,0.0,0.0,0.0,0.3111111111111111,0.25,0.0,0.44,0.3,0.04807692307692308,0.3076923076923077,0.0,0.0,0.6363636363636364,0.0,0.0,0.0,0.6363636363636364,0.0,0.0,0
1.037037037037037,0.9259259259259259,0.0,0.5555555555555556,3.0,6,0.42857142857142855,9,208.22222222222226,140.35714285714286,144.15079365079367,76.28571428571429,0.3047619047619048,0.04807692307692308,0.0,0.0,0.0,0.3111111111111111,0.25,0.0,0.44,0.3,0.04807692307692308,0.3076923076923077,0.0,0.0,0.6363636363636364,0.0,0.0,0.0,0.6363636363636364,0.0,0.0,0
1.037037037037037,1.037037037037037,1.0,0.6666666666666666,2.0,3,0.0,18,207.15079365079364,167.84920634920636,184.69841269841268,145.3968253968254,0.2869047619047619,0.028846153846153848,0.7384615384615385,0.5576923076923077,0.0,0.5111111111111111,0.1388888888888889,0.0,0.36,0.0,0.0,0.3230769230769231,0.33653846153846156,0.0,0.0,0.0,0.0,0.0,0.0,0.0,0.0,0
1.037037037037037,1.037037037037037,1.0,0.6666666666666666,2.0,3,0.0,18,207.15079365079364,167.84920634920636,184.69841269841268,145.3968253968254,0.2869047619047619,0.028846153846153848,0.7384615384615385,0.5576923076923077,0.0,0.5111111111111111,0.1388888888888889,0.0,0.36,0.0,0.0,0.3230769230769231,0.33653846153846156,0.0,0.0,0.0,0.0,0.0,0.0,0.0,0.0,0
1.037037037037037,1.037037037037037,1.0,0.6666666666666666,2.0,3,0.0,18,207.15079365079364,167.84920634920636,184.69841269841268,145.3968253968254,0.2869047619047619,0.028846153846153848,0.7384615384615385,0.5576923076923077,0.0,0.5111111111111111,0.1388888888888889,0.0,0.36,0.0,0.0,0.3230769230769231,0.33653846153846156,0.0,0.0,0.0,0.0,0.0,0.0,0.0,0.0,0
1.037037037037037,1.037037037037037,1.0,0.6666666666666666,2.0,3,0.0,18,207.15079365079364,167.84920634920636,184.69841269841268,145.3968253968254,0.2869047619047619,0.028846153846153848,0.7384615384615385,0.5576923076923077,0.0,0.5111111111111111,0.1388888888888889,0.0,0.36,0.0,0.0,0.3230769230769231,0.33653846153846156,0.0,0.0,0.0,0.0,0.0,0.0,0.0,0.0,0
1.037037037037037,0.9259259259259259,0.0,0.7222222222222222,3.0,6,0.42857142857142855,9,209.3888888888889,141.0952380952381,117.31746031746034,49.02380952380953,0.32976190476190476,0.0,0.0,0.0,0.0,0.35555555555555557,0.25,0.0,0.5,0.3,0.4423076923076923,0.7230769230769231,0.5961538461538461,0.0,0.6363636363636364,0.0,0.0,0.0,0.6363636363636364,0.0,0.0,0
1.037037037037037,1.037037037037037,0.0,0.5833333333333334,4.5,7,0.5,9,207.7698412698413,141.86507936507937,149.72222222222223,83.81746031746032,0.33095238095238094,0.0,0.0,0.0,0.0,0.4222222222222222,0.20833333333333334,0.0,0.58,0.25,0.46153846153846156,0.7230769230769231,0.6153846153846154,0.0,0.5454545454545454,0.0,0.0,0.0,0.5454545454545454,0.022727272727272728,0.0,0
1.037037037037037,1.037037037037037,0.0,0.5833333333333334,4.5,7,0.5,9,207.7698412698413,141.86507936507937,149.72222222222223,83.81746031746032,0.33095238095238094,0.0,0.0,0.0,0.0,0.4222222222222222,0.20833333333333334,0.0,0.58,0.25,0.46153846153846156,0.7230769230769231,0.6153846153846154,0.0,0.5454545454545454,0.0,0.0,0.0,0.5454545454545454,0.022727272727272728,0.0,0
1.037037037037037,1.037037037037037,0.0,0.5833333333333334,4.5,7,0.5,9,207.7698412698413,141.86507936507937,149.72222222222223,83.81746031746032,0.33095238095238094,0.0,0.0,0.0,0.0,0.4222222222222222,0.20833333333333334,0.0,0.58,0.25,0.46153846153846156,0.7230769230769231,0.6153846153846154,0.0,0.5454545454545454,0.0,0.0,0.0,0.5454545454545454,0.022727272727272728,0.0,0
1.037037037037037,1.037037037037037,0.0,0.5833333333333334,4.5,7,0.5,9,207.7698412698413,141.86507936507937,149.72222222222223,83.81746031746032,0.33095238095238094,0.0,0.0,0.0,0.0,0.4222222222222222,0.20833333333333334,0.0,0.58,0.25,0.46153846153846156,0.7230769230769231,0.6153846153846154,0.0,0.5454545454545454,0.0,0.0,0.0,0.5454545454545454,0.022727272727272728,0.0,0
1.037037037037037,1.037037037037037,0.0,0.5833333333333334,4.5,7,0.5,9,207.7698412698413,141.86507936507937,149.72222222222223,83.81746031746032,0.33095238095238094,0.0,0.0,0.0,0.0,0.4222222222222222,0.20833333333333334,0.0,0.58,0.25,0.46153846153846156,0.7230769230769231,0.6153846153846154,0.0,0.5454545454545454,0.0,0.0,0.0,0.5454545454545454,0.022727272727272728,0.0,0
1.037037037037037,1.037037037037037,1.0,1.0,1.0,3,0.0,18,197.22222222222226,170.015873015873,170.31746031746036,143.11111111111111,0.30833333333333335,0.019230769230769232,0.7230769230769231,0.5865384615384616,0.0,0.35555555555555557,0.1388888888888889,0.0,0.32,0.0,0.6826923076923077,0.47692307692307695,0.0,0.0,0.0,0.0,0.0,0.0,0.0,0.0,0.0,0
1.037037037037037,1.037037037037037,1.0,1.0,1.0,3,0.0,18,197.22222222222226,170.015873015873,170.31746031746036,143.11111111111111,0.30833333333333335,0.019230769230769232,0.7230769230769231,0.5865384615384616,0.0,0.35555555555555557,0.1388888888888889,0.0,0.32,0.0,0.6826923076923077,0.47692307692307695,0.0,0.0,0.0,0.0,0.0,0.0,0.0,0.0,0.0,0
1.037037037037037,1.037037037037037,1.0,1.0,1.0,3,0.0,18,197.22222222222226,170.015873015873,170.31746031746036,143.11111111111111,0.30833333333333335,0.019230769230769232,0.7230769230769231,0.5865384615384616,0.0,0.35555555555555557,0.1388888888888889,0.0,0.32,0.0,0.6826923076923077,0.47692307692307695,0.0,0.0,0.0,0.0,0.0,0.0,0.0,0.0,0.0,0
1.037037037037037,1.037037037037037,1.0,1.0,1.0,3,0.0,18,197.22222222222226,170.015873015873,170.31746031746036,143.11111111111111,0.30833333333333335,0.019230769230769232,0.7230769230769231,0.5865384615384616,0.0,0.35555555555555557,0.1388888888888889,0.0,0.32,0.0,0.6826923076923077,0.47692307692307695,0.0,0.0,0.0,0.0,0.0,0.0,0.0,0.0,0.0,0
1.037037037037037,1.037037037037037,0.0,0.16666666666666666,2.5,3,0.0,16,208.9920634920635,208.52380952380955,104.46825396825398,104.00000000000003,0.36428571428571427,0.028846153846153848,0.0,0.38461538461538464,0.0,0.3333333333333333,0.3333333333333333,0.0,0.46,0.2625,0.0,0.0,0.22115384615384615,0.0,0.3939393939393939,0.0,0.20454545454545456,0.0,0.25,0.0,0.22727272727272727,1
1.037037037037037,1.037037037037037,1.0,1.0,2.0,7,0.125,16,207.26190476190473,128.46031746031747,184.16666666666663,105.36507936507937,0.45714285714285713,0.019230769230769232,0.676923076923077,0.375,0.20833333333333334,0.6222222222222222,0.25,0.2875,0.46,0.125,0.0,0.4307692307692308,0.375,0.18181818181818182,0.2727272727272727,0.20454545454545456,0.0,0.25,0.0,0.2727272727272727,0.0,0
1.037037037037037,1.037037037037037,1.0,1.0,2.0,7,0.125,16,207.26190476190473,128.46031746031747,184.16666666666663,105.36507936507937,0.45714285714285713,0.019230769230769232,0.676923076923077,0.375,0.20833333333333334,0.6222222222222222,0.25,0.2875,0.46,0.125,0.0,0.4307692307692308,0.375,0.18181818181818182,0.2727272727272727,0.20454545454545456,0.0,0.25,0.0,0.2727272727272727,0.0,0
1.037037037037037,1.037037037037037,1.0,1.0,2.0,7,0.125,16,207.26190476190473,128.46031746031747,184.16666666666663,105.36507936507937,0.45714285714285713,0.019230769230769232,0.676923076923077,0.375,0.20833333333333334,0.6222222222222222,0.25,0.2875,0.46,0.125,0.0,0.4307692307692308,0.375,0.18181818181818182,0.2727272727272727,0.20454545454545456,0.0,0.25,0.0,0.2727272727272727,0.0,0
1.037037037037037,1.037037037037037,1.0,1.0,2.0,7,0.125,16,207.26190476190473,128.46031746031747,184.16666666666663,105.36507936507937,0.45714285714285713,0.019230769230769232,0.676923076923077,0.375,0.20833333333333334,0.6222222222222222,0.25,0.2875,0.46,0.125,0.0,0.4307692307692308,0.375,0.18181818181818182,0.2727272727272727,0.20454545454545456,0.0,0.25,0.0,0.2727272727272727,0.0,0
1.0,0.8888888888888888,1.0,0.8333333333333334,1.0,11,0.42857142857142855,32,149.3968253968254,136.96825396825398,107.7063492063492,95.27777777777779,0.4857142857142857,0.0,0.4307692307692308,0.47115384615384615,0.041666666666666664,0.2222222222222222,0.0,0.3875,0.74,0.6875,0.19230769230769232,0.26153846153846155,0.009615384615384616,0.0,0.0,0.1590909090909091,0.0,0.8636363636363636,0.8181818181818182,0.09090909090909091,0.7954545454545454,0
1.0,0.8888888888888888,1.0,0.8333333333333334,1.0,11,0.42857142857142855,32,149.3968253968254,136.96825396825398,107.7063492063492,95.27777777777779,0.4857142857142857,0.0,0.4307692307692308,0.47115384615384615,0.041666666666666664,0.2222222222222222,0.0,0.3875,0.74,0.6875,0.19230769230769232,0.26153846153846155,0.009615384615384616,0.0,0.0,0.1590909090909091,0.0,0.8636363636363636,0.8181818181818182,0.09090909090909091,0.7954545454545454,0
1.0,0.8888888888888888,1.0,0.8333333333333334,1.0,11,0.42857142857142855,32,149.3968253968254,136.96825396825398,107.7063492063492,95.27777777777779,0.4857142857142857,0.0,0.4307692307692308,0.47115384615384615,0.041666666666666664,0.2222222222222222,0.0,0.3875,0.74,0.6875,0.19230769230769232,0.26153846153846155,0.009615384615384616,0.0,0.0,0.1590909090909091,0.0,0.8636363636363636,0.8181818181818182,0.09090909090909091,0.7954545454545454,0
1.0,0.8888888888888888,1.0,0.8333333333333334,1.0,11,0.42857142857142855,32,149.3968253968254,136.96825396825398,107.7063492063492,95.27777777777779,0.4857142857142857,0.0,0.4307692307692308,0.47115384615384615,0.041666666666666664,0.2222222222222222,0.0,0.3875,0.74,0.6875,0.19230769230769232,0.26153846153846155,0.009615384615384616,0.0,0.0,0.1590909090909091,0.0,0.8636363636363636,0.8181818181818182,0.09090909090909091,0.7954545454545454,0
1.0,0.8888888888888888,1.0,0.8333333333333334,1.0,11,0.42857142857142855,32,149.3968253968254,136.96825396825398,107.7063492063492,95.27777777777779,0.4857142857142857,0.0,0.4307692307692308,0.47115384615384615,0.041666666666666664,0.2222222222222222,0.0,0.3875,0.74,0.6875,0.19230769230769232,0.26153846153846155,0.009615384615384616,0.0,0.0,0.1590909090909091,0.0,0.8636363636363636,0.8181818181818182,0.09090909090909091,0.7954545454545454,0
1.037037037037037,0.9629629629629629,0.16666666666666666,0.3333333333333333,1.5,6,0.375,19,168.38095238095238,164.31746031746033,91.0,86.93650793650795,0.4023809523809524,0.009615384615384616,0.03076923076923077,0.17307692307692307,0.0,0.28888888888888886,0.25,0.4125,0.4,0.0,0.0,0.0,0.0,0.0,0.6363636363636364,0.0,0.0,0.3409090909090909,0.0,0.7954545454545454,0.0,0
1.037037037037037,0.9629629629629629,0.16666666666666666,0.3333333333333333,1.5,6,0.375,19,168.38095238095238,164.31746031746033,91.0,86.93650793650795,0.4023809523809524,0.009615384615384616,0.03076923076923077,0.17307692307692307,0.0,0.28888888888888886,0.25,0.4125,0.4,0.0,0.0,0.0,0.0,0.0,0.6363636363636364,0.0,0.0,0.3409090909090909,0.0,0.7954545454545454,0.0,0
1.037037037037037,0.9629629629629629,0.16666666666666666,0.3333333333333333,1.5,6,0.375,19,168.38095238095238,164.31746031746033,91.0,86.93650793650795,0.4023809523809524,0.009615384615384616,0.03076923076923077,0.17307692307692307,0.0,0.28888888888888886,0.25,0.4125,0.4,0.0,0.0,0.0,0.0,0.0,0.6363636363636364,0.0,0.0,0.3409090909090909,0.0,0.7954545454545454,0.0,0
1.037037037037037,0.9629629629629629,0.16666666666666666,0.3333333333333333,1.5,6,0.375,19,168.38095238095238,164.31746031746033,91.0,86.93650793650795,0.4023809523809524,0.009615384615384616,0.03076923076923077,0.17307692307692307,0.0,0.28888888888888886,0.25,0.4125,0.4,0.0,0.0,0.0,0.0,0.0,0.6363636363636364,0.0,0.0,0.3409090909090909,0.0,0.7954545454545454,0.0,0
1.037037037037037,0.9629629629629629,0.16666666666666666,0.3333333333333333,1.5,6,0.375,19,168.38095238095238,164.31746031746033,91.0,86.93650793650795,0.4023809523809524,0.009615384615384616,0.03076923076923077,0.17307692307692307,0.0,0.28888888888888886,0.25,0.4125,0.4,0.0,0.0,0.0,0.0,0.0,0.6363636363636364,0.0,0.0,0.3409090909090909,0.0,0.7954545454545454,0.0,0
1.037037037037037,0.9629629629629629,0.13333333333333333,0.16666666666666666,5.0,8,0.625,19,161.93650793650795,157.7936507936508,48.8888888888889,44.74603174603176,0.444047619047619,0.0,0.015384615384615385,0.15384615384615385,0.0,0.37777777777777777,0.2638888888888889,0.6375,0.54,0.0,0.0,0.0,0.0,0.0,0.6666666666666666,0.0,0.0,0.6818181818181818,0.0,0.8863636363636364,0.045454545454545456,0
1.037037037037037,1.037037037037037,0.13333333333333333,0.16666666666666666,5.0,7,0.625,18,164.87301587301587,155.7142857142857,66.37301587301587,57.214285714285694,0.43214285714285716,0.0,0.03076923076923077,0.14423076923076922,0.0,0.4444444444444444,0.2222222222222222,0.5875,0.46,0.0,0.0,0.0,0.0,0.0,0.5757575757575758,0.0,0.0,0.6136363636363636,0.0,0.9090909090909091,0.0,0
1.037037037037037,1.037037037037037,0.13333333333333333,0.16666666666666666,5.0,7,0.625,18,164.87301587301587,155.7142857142857,66.37301587301587,57.214285714285694,0.43214285714285716,0.0,0.03076923076923077,0.14423076923076922,0.0,0.4444444444444444,0.2222222222222222,0.5875,0.46,0.0,0.0,0.0,0.0,0.0,0.5757575757575758,0.0,0.0,0.6136363636363636,0.0,0.9090909090909091,0.0,0
1.037037037037037,1.037037037037037,0.13333333333333333,0.16666666666666666,5.0,7,0.625,18,164.87301587301587,155.7142857142857,66.37301587301587,57.214285714285694,0.43214285714285716,0.0,0.03076923076923077,0.14423076923076922,0.0,0.4444444444444444,0.2222222222222222,0.5875,0.46,0.0,0.0,0.0,0.0,0.0,0.5757575757575758,0.0,0.0,0.6136363636363636,0.0,0.9090909090909091,0.0,0
1.037037037037037,1.037037037037037,0.13333333333333333,0.16666666666666666,5.0,7,0.625,18,164.87301587301587,155.7142857142857,66.37301587301587,57.214285714285694,0.43214285714285716,0.0,0.03076923076923077,0.14423076923076922,0.0,0.4444444444444444,0.2222222222222222,0.5875,0.46,0.0,0.0,0.0,0.0,0.0,0.5757575757575758,0.0,0.0,0.6136363636363636,0.0,0.9090909090909091,0.0,0
1.037037037037037,1.037037037037037,0.13333333333333333,0.16666666666666666,5.0,7,0.625,18,164.87301587301587,155.7142857142857,66.37301587301587,57.214285714285694,0.43214285714285716,0.0,0.03076923076923077,0.14423076923076922,0.0,0.4444444444444444,0.2222222222222222,0.5875,0.46,0.0,0.0,0.0,0.0,0.0,0.5757575757575758,0.0,0.0,0.6136363636363636,0.0,0.9090909090909091,0.0,0
0.9259259259259259,0.8518518518518519,0.1111111111111111,0.3611111111111111,6.0,8,0.6666666666666666,28,204.015873015873,108.37301587301586,108.44444444444444,12.80158730158729,0.3952380952380952,0.0,0.0,0.0673076923076923,0.013888888888888888,0.3333333333333333,0.3333333333333333,0.0375,0.52,0.6,0.0,0.046153846153846156,0.15384615384615385,0.0,0.3333333333333333,0.09090909090909091,0.4090909090909091,0.0,0.0,0.11363636363636363,0.9090909090909091,0
0.9259259259259259,0.8518518518518519,0.1111111111111111,0.3611111111111111,6.0,8,0.6666666666666666,28,204.015873015873,108.37301587301586,108.44444444444444,12.80158730158729,0.3952380952380952,0.0,0.0,0.0673076923076923,0.013888888888888888,0.3333333333333333,0.3333333333333333,0.0375,0.52,0.6,0.0,0.046153846153846156,0.15384615384615385,0.0,0.3333333333333333,0.09090909090909091,0.4090909090909091,0.0,0.0,0.11363636363636363,0.9090909090909091,0
0.9259259259259259,0.8518518518518519,0.1111111111111111,0.3611111111111111,6.0,8,0.6666666666666666,28,204.015873015873,108.37301587301586,108.44444444444444,12.80158730158729,0.3952380952380952,0.0,0.0,0.0673076923076923,0.013888888888888888,0.3333333333333333,0.3333333333333333,0.0375,0.52,0.6,0.0,0.046153846153846156,0.15384615384615385,0.0,0.3333333333333333,0.09090909090909091,0.4090909090909091,0.0,0.0,0.11363636363636363,0.9090909090909091,0
0.9259259259259259,0.8518518518518519,0.1111111111111111,0.3611111111111111,6.0,8,0.6666666666666666,28,204.015873015873,108.37301587301586,108.44444444444444,12.80158730158729,0.3952380952380952,0.0,0.0,0.0673076923076923,0.013888888888888888,0.3333333333333333,0.3333333333333333,0.0375,0.52,0.6,0.0,0.046153846153846156,0.15384615384615385,0.0,0.3333333333333333,0.09090909090909091,0.4090909090909091,0.0,0.0,0.11363636363636363,0.9090909090909091,0
0.9259259259259259,0.8518518518518519,0.1111111111111111,0.3611111111111111,6.0,8,0.6666666666666666,28,204.015873015873,108.37301587301586,108.44444444444444,12.80158730158729,0.3952380952380952,0.0,0.0,0.0673076923076923,0.013888888888888888,0.3333333333333333,0.3333333333333333,0.0375,0.52,0.6,0.0,0.046153846153846156,0.15384615384615385,0.0,0.3333333333333333,0.09090909090909091,0.4090909090909091,0.0,0.0,0.11363636363636363,0.9090909090909091,0
0.8518518518518519,0.7777777777777778,0.25,0.9166666666666666,2.0,6,0.3333333333333333,26,161.11111111111111,121.69047619047619,62.730158730158735,23.30952380952381,0.43214285714285716,0.0,0.07692307692307693,0.125,0.0,0.26666666666666666,0.3472222222222222,0.3375,0.44,0.2,0.3173076923076923,0.6461538461538462,0.5480769230769231,0.0,0.0,0.0,0.6363636363636364,0.0,0.0,0.4090909090909091,0.0,0
0.8518518518518519,0.7777777777777778,0.25,0.9166666666666666,2.0,6,0.3333333333333333,26,161.11111111111111,121.69047619047619,62.730158730158735,23.30952380952381,0.43214285714285716,0.0,0.07692307692307693,0.125,0.0,0.26666666666666666,0.3472222222222222,0.3375,0.44,0.2,0.3173076923076923,0.6461538461538462,0.5480769230769231,0.0,0.0,0.0,0.6363636363636364,0.0,0.0,0.4090909090909091,0.0,0
0.8518518518518519,0.7777777777777778,0.25,0.9166666666666666,2.0,6,0.3333333333333333,26,161.11111111111111,121.69047619047619,62.730158730158735,23.30952380952381,0.43214285714285716,0.0,0.07692307692307693,0.125,0.0,0.26666666666666666,0.3472222222222222,0.3375,0.44,0.2,0.3173076923076923,0.6461538461538462,0.5480769230769231,0.0,0.0,0.0,0.6363636363636364,0.0,0.0,0.4090909090909091,0.0,0
0.8518518518518519,0.7777777777777778,0.25,0.9166666666666666,2.0,6,0.3333333333333333,26,161.11111111111111,121.69047619047619,62.730158730158735,23.30952380952381,0.43214285714285716,0.0,0.07692307692307693,0.125,0.0,0.26666666666666666,0.3472222222222222,0.3375,0.44,0.2,0.3173076923076923,0.6461538461538462,0.5480769230769231,0.0,0.0,0.0,0.6363636363636364,0.0,0.0,0.4090909090909091,0.0,0
0.8518518518518519,0.7777777777777778,0.25,0.9166666666666666,2.0,6,0.3333333333333333,26,161.11111111111111,121.69047619047619,62.730158730158735,23.30952380952381,0.43214285714285716,0.0,0.07692307692307693,0.125,0.0,0.26666666666666666,0.3472222222222222,0.3375,0.44,0.2,0.3173076923076923,0.6461538461538462,0.5480769230769231,0.0,0.0,0.0,0.6363636363636364,0.0,0.0,0.4090909090909091,0.0,0
1.037037037037037,0.9629629629629629,0.0,0.2916666666666667,4.5,7,0.5,18,203.15873015873015,120.65079365079366,113.37301587301586,30.865079365079367,0.3821428571428571,0.0,0.0,0.04807692307692308,0.0,0.3333333333333333,0.25,0.0,0.46,0.575,0.0,0.03076923076923077,0.15384615384615385,0.0,0.6363636363636364,0.0,0.0,0.0,0.0,0.0,0.8863636363636364,0
1.037037037037037,0.9629629629629629,0.0,0.2916666666666667,4.5,7,0.5,18,203.15873015873015,120.65079365079366,113.37301587301586,30.865079365079367,0.3821428571428571,0.0,0.0,0.04807692307692308,0.0,0.3333333333333333,0.25,0.0,0.46,0.575,0.0,0.03076923076923077,0.15384615384615385,0.0,0.6363636363636364,0.0,0.0,0.0,0.0,0.0,0.8863636363636364,0
1.037037037037037,0.9629629629629629,0.0,0.2916666666666667,4.5,7,0.5,18,203.15873015873015,120.65079365079366,113.37301587301586,30.865079365079367,0.3821428571428571,0.0,0.0,0.04807692307692308,0.0,0.3333333333333333,0.25,0.0,0.46,0.575,0.0,0.03076923076923077,0.15384615384615385,0.0,0.6363636363636364,0.0,0.0,0.0,0.0,0.0,0.8863636363636364,0
1.037037037037037,0.9629629629629629,0.0,0.2916666666666667,4.5,7,0.5,18,203.15873015873015,120.65079365079366,113.37301587301586,30.865079365079367,0.3821428571428571,0.0,0.0,0.04807692307692308,0.0,0.3333333333333333,0.25,0.0,0.46,0.575,0.0,0.03076923076923077,0.15384615384615385,0.0,0.6363636363636364,0.0,0.0,0.0,0.0,0.0,0.8863636363636364,0
0.8518518518518519,0.7777777777777778,0.25,0.8333333333333334,1.5,6,0.3333333333333333,19,160.04761904761907,125.04761904761904,81.83333333333336,46.83333333333333,0.4357142857142857,0.0,0.09230769230769231,0.14423076923076922,0.0,0.28888888888888886,0.3472222222222222,0.2875,0.4,0.2,0.36538461538461536,0.7076923076923077,0.5961538461538461,0.0,0.0,0.0,0.6136363636363636,0.0,0.0,0.38636363636363635,0.0,0
0.8518518518518519,0.7777777777777778,0.25,0.8333333333333334,1.5,6,0.3333333333333333,19,160.04761904761907,125.04761904761904,81.83333333333336,46.83333333333333,0.4357142857142857,0.0,0.09230769230769231,0.14423076923076922,0.0,0.28888888888888886,0.3472222222222222,0.2875,0.4,0.2,0.36538461538461536,0.7076923076923077,0.5961538461538461,0.0,0.0,0.0,0.6136363636363636,0.0,0.0,0.38636363636363635,0.0,0
0.8518518518518519,0.7777777777777778,0.25,0.8333333333333334,1.5,6,0.3333333333333333,19,160.04761904761907,125.04761904761904,81.83333333333336,46.83333333333333,0.4357142857142857,0.0,0.09230769230769231,0.14423076923076922,0.0,0.28888888888888886,0.3472222222222222,0.2875,0.4,0.2,0.36538461538461536,0.7076923076923077,0.5961538461538461,0.0,0.0,0.0,0.6136363636363636,0.0,0.0,0.38636363636363635,0.0,0
0.8518518518518519,0.7777777777777778,0.25,0.8333333333333334,1.5,6,0.3333333333333333,19,160.04761904761907,125.04761904761904,81.83333333333336,46.83333333333333,0.4357142857142857,0.0,0.09230769230769231,0.14423076923076922,0.0,0.28888888888888886,0.3472222222222222,0.2875,0.4,0.2,0.36538461538461536,0.7076923076923077,0.5961538461538461,0.0,0.0,0.0,0.6136363636363636,0.0,0.0,0.38636363636363635,0.0,0
0.8518518518518519,0.7777777777777778,0.25,0.8333333333333334,1.5,6,0.3333333333333333,19,160.04761904761907,125.04761904761904,81.83333333333336,46.83333333333333,0.4357142857142857,0.0,0.09230769230769231,0.14423076923076922,0.0,0.28888888888888886,0.3472222222222222,0.2875,0.4,0.2,0.36538461538461536,0.7076923076923077,0.5961538461538461,0.0,0.0,0.0,0.6136363636363636,0.0,0.0,0.38636363636363635,0.0,0
1.037037037037037,1.037037037037037,0.0,0.2916666666666667,3.5,8,0.5,20,199.33333333333334,248.66666666666666,124.76190476190477,174.09523809523807,0.22142857142857142,0.0,0.0,0.0,0.1527777777777778,0.5111111111111111,0.0,0.3,0.74,0.0,0.0,0.0,0.0,0.0,0.0,0.3409090909090909,0.0,0.25,0.09090909090909091,0.25,0.09090909090909091,0
1.037037037037037,1.037037037037037,0.0,0.3333333333333333,3.5,7,0.5,19,192.89682539682542,254.2142857142857,117.96825396825399,179.28571428571428,0.21071428571428572,0.0,0.0,0.0,0.16666666666666666,0.4666666666666667,0.0,0.3,0.68,0.0,0.0,0.0,0.0,0.09090909090909091,0.0,0.4090909090909091,0.0,0.3181818181818182,0.0,0.2727272727272727,0.0,0
1.037037037037037,1.037037037037037,0.0,0.3333333333333333,3.5,7,0.5,19,192.89682539682542,254.2142857142857,117.96825396825399,179.28571428571428,0.21071428571428572,0.0,0.0,0.0,0.16666666666666666,0.4666666666666667,0.0,0.3,0.68,0.0,0.0,0.0,0.0,0.09090909090909091,0.0,0.4090909090909091,0.0,0.3181818181818182,0.0,0.2727272727272727,0.0,0
1.037037037037037,1.037037037037037,0.0,0.3333333333333333,3.5,7,0.5,19,192.89682539682542,254.2142857142857,117.96825396825399,179.28571428571428,0.21071428571428572,0.0,0.0,0.0,0.16666666666666666,0.4666666666666667,0.0,0.3,0.68,0.0,0.0,0.0,0.0,0.09090909090909091,0.0,0.4090909090909091,0.0,0.3181818181818182,0.0,0.2727272727272727,0.0,0
1.037037037037037,1.037037037037037,0.0,0.3333333333333333,3.5,7,0.5,19,192.89682539682542,254.2142857142857,117.96825396825399,179.28571428571428,0.21071428571428572,0.0,0.0,0.0,0.16666666666666666,0.4666666666666667,0.0,0.3,0.68,0.0,0.0,0.0,0.0,0.09090909090909091,0.0,0.4090909090909091,0.0,0.3181818181818182,0.0,0.2727272727272727,0.0,0
0.8928571428571429,0.8214285714285714,0.2916666666666667,0.0,4.5,7,0.5,28,155.10852713178295,161.8372093023256,44.59689922480621,51.32558139534885,0.3610188261351052,0.0,0.013333333333333334,0.0,0.0,0.52,0.45,0.3625,0.24,0.075,0.041666666666666664,0.0,0.0,0.0,1.0,0.01818181818181818,0.32727272727272727,0.3409090909090909,0.1590909090909091,0.4909090909090909,0.12727272727272726,0
0.8928571428571429,0.8214285714285714,0.2916666666666667,0.0,4.5,7,0.5,28,155.10852713178295,161.8372093023256,44.59689922480621,51.32558139534885,0.3610188261351052,0.0,0.013333333333333334,0.0,0.0,0.52,0.45,0.3625,0.24,0.075,0.041666666666666664,0.0,0.0,0.0,1.0,0.01818181818181818,0.32727272727272727,0.3409090909090909,0.1590909090909091,0.4909090909090909,0.12727272727272726,0
0.8928571428571429,0.8214285714285714,0.2916666666666667,0.0,4.5,7,0.5,28,155.10852713178295,161.8372093023256,44.59689922480621,51.32558139534885,0.3610188261351052,0.0,0.013333333333333334,0.0,0.0,0.52,0.45,0.3625,0.24,0.075,0.041666666666666664,0.0,0.0,0.0,1.0,0.01818181818181818,0.32727272727272727,0.3409090909090909,0.1590909090909091,0.4909090909090909,0.12727272727272726,0
0.8928571428571429,0.8571428571428571,0.4166666666666667,0.0,2.0,7,0.25,20,155.10852713178295,161.8372093023256,44.59689922480621,51.32558139534885,0.3610188261351052,0.0,0.0,0.0,0.0,0.4727272727272727,0.4090909090909091,0.4027777777777778,0.26666666666666666,0.08333333333333333,0.041666666666666664,0.0,0.0,0.0,1.0,0.01818181818181818,0.32727272727272727,0.3409090909090909,0.1590909090909091,0.4909090909090909,0.12727272727272726,0
0.8928571428571429,0.8571428571428571,0.4166666666666667,0.0,2.0,7,0.25,20,155.10852713178295,161.8372093023256,44.59689922480621,51.32558139534885,0.3610188261351052,0.0,0.0,0.0,0.0,0.4727272727272727,0.4090909090909091,0.4027777777777778,0.26666666666666666,0.08333333333333333,0.041666666666666664,0.0,0.0,0.0,1.0,0.01818181818181818,0.32727272727272727,0.3409090909090909,0.1590909090909091,0.4909090909090909,0.12727272727272726,0
1.0357142857142858,1.0357142857142858,0.4523809523809524,0.19047619047619047,7.0,11,0.8571428571428571,32,127.44186046511628,123.11627906976746,51.86046511627907,47.53488372093025,0.48615725359911405,0.0,0.24,0.35,0.6477272727272727,0.8727272727272727,0.6363636363636364,0.2916666666666667,0.5111111111111111,0.09722222222222222,0.10833333333333334,0.05333333333333334,0.0,1.0,0.3409090909090909,0.6,0.9454545454545454,0.0,0.0,0.5909090909090909,0.022727272727272728,0
1.0357142857142858,1.0357142857142858,0.5277777777777778,0.19444444444444445,6.0,11,0.8571428571428571,33,125.82945736434108,129.08527131782947,49.48062015503875,52.736434108527135,0.48283499446290146,0.008333333333333333,0.3333333333333333,0.3,0.6704545454545454,0.8909090909090909,0.5795454545454546,0.3194444444444444,0.4444444444444444,0.08333333333333333,0.13333333333333333,0.013333333333333334,0.0,1.0,0.29545454545454547,0.6363636363636364,0.9454545454545454,0.0,0.0,0.6590909090909091,0.0,0
1.0357142857142858,1.0357142857142858,0.5277777777777778,0.19444444444444445,6.0,11,0.8571428571428571,33,125.82945736434108,129.08527131782947,49.48062015503875,52.736434108527135,0.48283499446290146,0.008333333333333333,0.3333333333333333,0.3,0.6704545454545454,0.8909090909090909,0.5795454545454546,0.3194444444444444,0.4444444444444444,0.08333333333333333,0.13333333333333333,0.013333333333333334,0.0,1.0,0.29545454545454547,0.6363636363636364,0.9454545454545454,0.0,0.0,0.6590909090909091,0.0,0
1.0357142857142858,1.0357142857142858,0.5277777777777778,0.19444444444444445,6.0,11,0.8571428571428571,33,125.82945736434108,129.08527131782947,49.48062015503875,52.736434108527135,0.48283499446290146,0.008333333333333333,0.3333333333333333,0.3,0.6704545454545454,0.8909090909090909,0.5795454545454546,0.3194444444444444,0.4444444444444444,0.08333333333333333,0.13333333333333333,0.013333333333333334,0.0,1.0,0.29545454545454547,0.6363636363636364,0.9454545454545454,0.0,0.0,0.6590909090909091,0.0,0
1.0357142857142858,1.0357142857142858,0.5277777777777778,0.19444444444444445,6.0,11,0.8571428571428571,33,125.82945736434108,129.08527131782947,49.48062015503875,52.736434108527135,0.48283499446290146,0.008333333333333333,0.3333333333333333,0.3,0.6704545454545454,0.8909090909090909,0.5795454545454546,0.3194444444444444,0.4444444444444444,0.08333333333333333,0.13333333333333333,0.013333333333333334,0.0,1.0,0.29545454545454547,0.6363636363636364,0.9454545454545454,0.0,0.0,0.6590909090909091,0.0,0
1.0357142857142858,1.0357142857142858,0.5277777777777778,0.19444444444444445,6.0,11,0.8571428571428571,33,125.82945736434108,129.08527131782947,49.48062015503875,52.736434108527135,0.48283499446290146,0.008333333333333333,0.3333333333333333,0.3,0.6704545454545454,0.8909090909090909,0.5795454545454546,0.3194444444444444,0.4444444444444444,0.08333333333333333,0.13333333333333333,0.013333333333333334,0.0,1.0,0.29545454545454547,0.6363636363636364,0.9454545454545454,0.0,0.0,0.6590909090909091,0.0,0
0.8928571428571429,0.7857142857142857,0.0,0.4166666666666667,4.0,6,0.6,23,136.4418604651163,208.35658914728683,8.720930232558146,80.63565891472868,0.29900332225913623,0.016666666666666666,0.0,0.0,0.4090909090909091,0.2727272727272727,0.0,0.20833333333333334,0.37777777777777777,0.041666666666666664,0.25,0.09333333333333334,0.0,0.09090909090909091,0.0,0.8727272727272727,0.0,0.0,0.0,0.09090909090909091,0.09090909090909091,0
0.8928571428571429,0.7857142857142857,0.0,0.4166666666666667,4.0,6,0.6,23,136.4418604651163,208.35658914728683,8.720930232558146,80.63565891472868,0.29900332225913623,0.016666666666666666,0.0,0.0,0.4090909090909091,0.2727272727272727,0.0,0.20833333333333334,0.37777777777777777,0.041666666666666664,0.25,0.09333333333333334,0.0,0.09090909090909091,0.0,0.8727272727272727,0.0,0.0,0.0,0.09090909090909091,0.09090909090909091,0
0.8928571428571429,0.7857142857142857,0.0,0.4166666666666667,4.0,6,0.6,23,136.4418604651163,208.35658914728683,8.720930232558146,80.63565891472868,0.29900332225913623,0.016666666666666666,0.0,0.0,0.4090909090909091,0.2727272727272727,0.0,0.20833333333333334,0.37777777777777777,0.041666666666666664,0.25,0.09333333333333334,0.0,0.09090909090909091,0.0,0.8727272727272727,0.0,0.0,0.0,0.09090909090909091,0.09090909090909091,0
0.8928571428571429,0.7857142857142857,0.0,0.4166666666666667,4.0,6,0.6,23,136.4418604651163,208.35658914728683,8.720930232558146,80.63565891472868,0.29900332225913623,0.016666666666666666,0.0,0.0,0.4090909090909091,0.2727272727272727,0.0,0.20833333333333334,0.37777777777777777,0.041666666666666664,0.25,0.09333333333333334,0.0,0.09090909090909091,0.0,0.8727272727272727,0.0,0.0,0.0,0.09090909090909091,0.09090909090909091,0
0.8928571428571429,0.8571428571428571,0.5,0.2222222222222222,6.0,7,0.6,20,167.9922480620155,164.49612403100775,85.87596899224806,82.37984496124031,0.3576965669988926,0.0,0.16,0.16666666666666666,0.0,0.5272727272727272,0.48863636363636365,0.3055555555555556,0.35555555555555557,0.09722222222222222,0.0,0.0,0.0,0.0,0.8636363636363636,0.0,0.01818181818181818,0.5454545454545454,0.0,0.13636363636363635,0.1590909090909091,0
0.8928571428571429,0.8571428571428571,0.5,0.2222222222222222,6.0,7,0.6,20,167.9922480620155,164.49612403100775,85.87596899224806,82.37984496124031,0.3576965669988926,0.0,0.16,0.16666666666666666,0.0,0.5272727272727272,0.48863636363636365,0.3055555555555556,0.35555555555555557,0.09722222222222222,0.0,0.0,0.0,0.0,0.8636363636363636,0.0,0.01818181818181818,0.5454545454545454,0.0,0.13636363636363635,0.1590909090909091,0
0.8928571428571429,0.8571428571428571,0.5,0.2222222222222222,6.0,7,0.6,20,167.9922480620155,164.49612403100775,85.87596899224806,82.37984496124031,0.3576965669988926,0.0,0.16,0.16666666666666666,0.0,0.5272727272727272,0.48863636363636365,0.3055555555555556,0.35555555555555557,0.09722222222222222,0.0,0.0,0.0,0.0,0.8636363636363636,0.0,0.01818181818181818,0.5454545454545454,0.0,0.13636363636363635,0.1590909090909091,0
0.8928571428571429,0.8571428571428571,0.5,0.2222222222222222,6.0,7,0.6,20,167.9922480620155,164.49612403100775,85.87596899224806,82.37984496124031,0.3576965669988926,0.0,0.16,0.16666666666666666,0.0,0.5272727272727272,0.48863636363636365,0.3055555555555556,0.35555555555555557,0.09722222222222222,0.0,0.0,0.0,0.0,0.8636363636363636,0.0,0.01818181818181818,0.5454545454545454,0.0,0.13636363636363635,0.1590909090909091,0
1.0357142857142858,0.8571428571428571,0.375,0.16666666666666666,4.5,11,0.5,35,129.72093023255812,151.64341085271317,40.25581395348836,62.17829457364341,0.4429678848283499,0.025,0.18666666666666668,0.18333333333333332,0.4772727272727273,0.5272727272727272,0.5227272727272727,0.2777777777777778,0.5111111111111111,0.1111111111111111,0.075,0.05333333333333334,0.0,1.0,0.9318181818181818,0.0,0.45454545454545453,0.0,0.0,0.5681818181818182,0.045454545454545456,0
1.0357142857142858,1.0357142857142858,0.3333333333333333,0.2222222222222222,6.0,11,0.5714285714285714,36,130.93798449612405,152.44186046511626,40.984496124031025,62.488372093023244,0.4429678848283499,0.025,0.24,0.14166666666666666,0.45454545454545453,0.5272727272727272,0.5568181818181818,0.3333333333333333,0.4444444444444444,0.09722222222222222,0.09166666666666666,0.02666666666666667,0.0,0.9772727272727273,0.9318181818181818,0.0,0.509090909090909,0.0,0.0,0.6363636363636364,0.045454545454545456,0
1.0357142857142858,1.0357142857142858,0.3333333333333333,0.2222222222222222,6.0,11,0.5714285714285714,36,130.93798449612405,152.44186046511626,40.984496124031025,62.488372093023244,0.4429678848283499,0.025,0.24,0.14166666666666666,0.45454545454545453,0.5272727272727272,0.5568181818181818,0.3333333333333333,0.4444444444444444,0.09722222222222222,0.09166666666666666,0.02666666666666667,0.0,0.9772727272727273,0.9318181818181818,0.0,0.509090909090909,0.0,0.0,0.6363636363636364,0.045454545454545456,0
1.0357142857142858,1.0357142857142858,0.3333333333333333,0.2222222222222222,6.0,11,0.5714285714285714,36,130.93798449612405,152.44186046511626,40.984496124031025,62.488372093023244,0.4429678848283499,0.025,0.24,0.14166666666666666,0.45454545454545453,0.5272727272727272,0.5568181818181818,0.3333333333333333,0.4444444444444444,0.09722222222222222,0.09166666666666666,0.02666666666666667,0.0,0.9772727272727273,0.9318181818181818,0.0,0.509090909090909,0.0,0.0,0.6363636363636364,0.045454545454545456,0
1.0357142857142858,1.0357142857142858,0.3333333333333333,0.2222222222222222,6.0,11,0.5714285714285714,36,130.93798449612405,152.44186046511626,40.984496124031025,62.488372093023244,0.4429678848283499,0.025,0.24,0.14166666666666666,0.45454545454545453,0.5272727272727272,0.5568181818181818,0.3333333333333333,0.4444444444444444,0.09722222222222222,0.09166666666666666,0.02666666666666667,0.0,0.9772727272727273,0.9318181818181818,0.0,0.509090909090909,0.0,0.0,0.6363636363636364,0.045454545454545456,0
1.0357142857142858,1.0357142857142858,0.3333333333333333,0.2222222222222222,6.0,11,0.5714285714285714,36,130.93798449612405,152.44186046511626,40.984496124031025,62.488372093023244,0.4429678848283499,0.025,0.24,0.14166666666666666,0.45454545454545453,0.5272727272727272,0.5568181818181818,0.3333333333333333,0.4444444444444444,0.09722222222222222,0.09166666666666666,0.02666666666666667,0.0,0.9772727272727273,0.9318181818181818,0.0,0.509090909090909,0.0,0.0,0.6363636363636364,0.045454545454545456,0
1.0,0.8928571428571429,0.0,0.3055555555555556,6.0,7,0.6666666666666666,17,122.24806201550388,207.1627906976744,24.82945736434108,109.74418604651162,0.3333333333333333,0.0,0.0,0.0,0.6363636363636364,0.4,0.0,0.2361111111111111,0.37777777777777777,0.0,0.19166666666666668,0.10666666666666667,0.0,0.8409090909090909,0.0,0.6909090909090909,0.0,0.0,0.0,0.20454545454545456,0.0,0
1.0,0.8928571428571429,0.0,0.3055555555555556,6.0,7,0.6666666666666666,17,122.24806201550388,207.1627906976744,24.82945736434108,109.74418604651162,0.3333333333333333,0.0,0.0,0.0,0.6363636363636364,0.4,0.0,0.2361111111111111,0.37777777777777777,0.0,0.19166666666666668,0.10666666666666667,0.0,0.8409090909090909,0.0,0.6909090909090909,0.0,0.0,0.0,0.20454545454545456,0.0,0
1.0,0.8928571428571429,0.0,0.3055555555555556,6.0,7,0.6666666666666666,17,122.24806201550388,207.1627906976744,24.82945736434108,109.74418604651162,0.3333333333333333,0.0,0.0,0.0,0.6363636363636364,0.4,0.0,0.2361111111111111,0.37777777777777777,0.0,0.19166666666666668,0.10666666666666667,0.0,0.8409090909090909,0.0,0.6909090909090909,0.0,0.0,0.0,0.20454545454545456,0.0,0
1.0,0.8928571428571429,0.0,0.3055555555555556,6.0,7,0.6666666666666666,17,122.24806201550388,207.1627906976744,24.82945736434108,109.74418604651162,0.3333333333333333,0.0,0.0,0.0,0.6363636363636364,0.4,0.0,0.2361111111111111,0.37777777777777777,0.0,0.19166666666666668,0.10666666666666667,0.0,0.8409090909090909,0.0,0.6909090909090909,0.0,0.0,0.0,0.20454545454545456,0.0,0
0.8214285714285714,0.75,0.0,1.0,2.0,6,0.4,19,173.46511627906978,169.8217054263566,63.39534883720931,59.75193798449614,0.3266888150609081,0.0,0.0,0.0,0.0,0.2909090909090909,0.45454545454545453,0.1388888888888889,0.5111111111111111,0.1527777777777778,0.35833333333333334,0.25333333333333335,0.016666666666666666,0.0,0.0,0.0,1.0,0.0,0.42424242424242425,0.0,0.022727272727272728,0
0.8571428571428571,0.75,0.0,0.9166666666666666,2.0,7,0.4,20,174.2480620155039,169.02325581395348,60.13178294573646,54.90697674418604,0.33554817275747506,0.0,0.0,0.0,0.0,0.38181818181818183,0.45454545454545453,0.16666666666666666,0.4666666666666667,0.18055555555555555,0.4166666666666667,0.16,0.03333333333333333,0.0,0.0,0.01818181818181818,1.0,0.0,0.5151515151515151,0.022727272727272728,0.022727272727272728,0
0.8571428571428571,0.75,0.0,0.9166666666666666,2.0,7,0.4,20,174.2480620155039,169.02325581395348,60.13178294573646,54.90697674418604,0.33554817275747506,0.0,0.0,0.0,0.0,0.38181818181818183,0.45454545454545453,0.16666666666666666,0.4666666666666667,0.18055555555555555,0.4166666666666667,0.16,0.03333333333333333,0.0,0.0,0.01818181818181818,1.0,0.0,0.5151515151515151,0.022727272727272728,0.022727272727272728,0
0.8571428571428571,0.75,0.0,0.9166666666666666,2.0,7,0.4,20,174.2480620155039,169.02325581395348,60.13178294573646,54.90697674418604,0.33554817275747506,0.0,0.0,0.0,0.0,0.38181818181818183,0.45454545454545453,0.16666666666666666,0.4666666666666667,0.18055555555555555,0.4166666666666667,0.16,0.03333333333333333,0.0,0.0,0.01818181818181818,1.0,0.0,0.5151515151515151,0.022727272727272728,0.022727272727272728,0
0.8571428571428571,0.75,0.0,0.9166666666666666,2.0,7,0.4,20,174.2480620155039,169.02325581395348,60.13178294573646,54.90697674418604,0.33554817275747506,0.0,0.0,0.0,0.0,0.38181818181818183,0.45454545454545453,0.16666666666666666,0.4666666666666667,0.18055555555555555,0.4166666666666667,0.16,0.03333333333333333,0.0,0.0,0.01818181818181818,1.0,0.0,0.5151515151515151,0.022727272727272728,0.022727272727272728,0
0.8571428571428571,0.75,0.0,0.9166666666666666,2.0,7,0.4,20,174.2480620155039,169.02325581395348,60.13178294573646,54.90697674418604,0.33554817275747506,0.0,0.0,0.0,0.0,0.38181818181818183,0.45454545454545453,0.16666666666666666,0.4666666666666667,0.18055555555555555,0.4166666666666667,0.16,0.03333333333333333,0.0,0.0,0.01818181818181818,1.0,0.0,0.5151515151515151,0.022727272727272728,0.022727272727272728,0
0.9642857142857143,0.8571428571428571,0.0,0.16666666666666666,4.0,7,0.6,20,208.8759689922481,125.94573643410854,93.20155038759692,10.271317829457374,0.31007751937984496,0.0,0.0,0.03333333333333333,0.0,0.36363636363636365,0.18181818181818182,0.0,0.5333333333333333,0.625,0.0,0.0,0.075,0.0,0.25,0.01818181818181818,0.16363636363636364,0.0,0.0,0.0,0.9772727272727273,0
0.9642857142857143,0.8571428571428571,0.0,0.16666666666666666,4.0,7,0.6,20,208.8759689922481,125.94573643410854,93.20155038759692,10.271317829457374,0.31007751937984496,0.0,0.0,0.03333333333333333,0.0,0.36363636363636365,0.18181818181818182,0.0,0.5333333333333333,0.625,0.0,0.0,0.075,0.0,0.25,0.01818181818181818,0.16363636363636364,0.0,0.0,0.0,0.9772727272727273,0
0.9642857142857143,0.8571428571428571,0.0,0.16666666666666666,4.0,7,0.6,20,208.8759689922481,125.94573643410854,93.20155038759692,10.271317829457374,0.31007751937984496,0.0,0.0,0.03333333333333333,0.0,0.36363636363636365,0.18181818181818182,0.0,0.5333333333333333,0.625,0.0,0.0,0.075,0.0,0.25,0.01818181818181818,0.16363636363636364,0.0,0.0,0.0,0.9772727272727273,0
0.9642857142857143,0.8571428571428571,0.0,0.16666666666666666,4.0,7,0.6,20,208.8759689922481,125.94573643410854,93.20155038759692,10.271317829457374,0.31007751937984496,0.0,0.0,0.03333333333333333,0.0,0.36363636363636365,0.18181818181818182,0.0,0.5333333333333333,0.625,0.0,0.0,0.075,0.0,0.25,0.01818181818181818,0.16363636363636364,0.0,0.0,0.0,0.9772727272727273,0
0.9642857142857143,0.8571428571428571,0.0,0.16666666666666666,4.0,7,0.6,20,208.8759689922481,125.94573643410854,93.20155038759692,10.271317829457374,0.31007751937984496,0.0,0.0,0.03333333333333333,0.0,0.36363636363636365,0.18181818181818182,0.0,0.5333333333333333,0.625,0.0,0.0,0.075,0.0,0.25,0.01818181818181818,0.16363636363636364,0.0,0.0,0.0,0.9772727272727273,0
0.8928571428571429,0.7857142857142857,0.19047619047619047,0.9761904761904762,7.0,7,0.6,27,166.54263565891472,121.24031007751937,72.79844961240309,27.49612403100774,0.4108527131782946,0.0,0.08,0.16666666666666666,0.0,0.34545454545454546,0.3068181818181818,0.5138888888888888,0.5777777777777777,0.2222222222222222,0.325,0.6666666666666666,0.4,0.0,0.0,0.0,0.5454545454545454,0.0,0.0,0.6818181818181818,0.0,0
0.8928571428571429,0.7857142857142857,0.19047619047619047,0.9761904761904762,7.0,7,0.6,27,166.54263565891472,121.24031007751937,72.79844961240309,27.49612403100774,0.4108527131782946,0.0,0.08,0.16666666666666666,0.0,0.34545454545454546,0.3068181818181818,0.5138888888888888,0.5777777777777777,0.2222222222222222,0.325,0.6666666666666666,0.4,0.0,0.0,0.0,0.5454545454545454,0.0,0.0,0.6818181818181818,0.0,0
0.8928571428571429,0.7857142857142857,0.19047619047619047,0.9761904761904762,7.0,7,0.6,27,166.54263565891472,121.24031007751937,72.79844961240309,27.49612403100774,0.4108527131782946,0.0,0.08,0.16666666666666666,0.0,0.34545454545454546,0.3068181818181818,0.5138888888888888,0.5777777777777777,0.2222222222222222,0.325,0.6666666666666666,0.4,0.0,0.0,0.0,0.5454545454545454,0.0,0.0,0.6818181818181818,0.0,0
0.8928571428571429,0.7857142857142857,0.19047619047619047,0.9761904761904762,7.0,7,0.6,27,166.54263565891472,121.24031007751937,72.79844961240309,27.49612403100774,0.4108527131782946,0.0,0.08,0.16666666666666666,0.0,0.34545454545454546,0.3068181818181818,0.5138888888888888,0.5777777777777777,0.2222222222222222,0.325,0.6666666666666666,0.4,0.0,0.0,0.0,0.5454545454545454,0.0,0.0,0.6818181818181818,0.0,0
0.8928571428571429,0.7857142857142857,0.19047619047619047,0.9761904761904762,7.0,7,0.6,27,166.54263565891472,121.24031007751937,72.79844961240309,27.49612403100774,0.4108527131782946,0.0,0.08,0.16666666666666666,0.0,0.34545454545454546,0.3068181818181818,0.5138888888888888,0.5777777777777777,0.2222222222222222,0.325,0.6666666666666666,0.4,0.0,0.0,0.0,0.5454545454545454,0.0,0.0,0.6818181818181818,0.0,0
1.0357142857142858,0.8571428571428571,0.0,0.16666666666666666,2.0,8,0.4,20,161.53488372093022,166.64341085271317,51.23255813953487,56.34108527131782,0.34662236987818384,0.05,0.013333333333333334,0.14166666666666666,0.0,0.34545454545454546,0.3068181818181818,0.7222222222222222,0.6444444444444445,0.0,0.0,0.0,0.0,0.0,0.7045454545454546,0.0,0.0,0.8787878787878788,0.0,0.9090909090909091,0.09090909090909091,0
1.0357142857142858,1.0,0.0,0.16666666666666666,6.0,7,0.5714285714285714,19,162.62790697674419,166.9922480620155,56.372093023255815,60.736434108527135,0.3333333333333333,0.025,0.02666666666666667,0.13333333333333333,0.0,0.41818181818181815,0.26136363636363635,0.7222222222222222,0.5111111111111111,0.0,0.0,0.0,0.0,0.0,0.6136363636363636,0.0,0.0,0.8181818181818182,0.0,0.9545454545454546,0.0,0
1.0357142857142858,1.0,0.0,0.16666666666666666,6.0,7,0.5714285714285714,19,162.62790697674419,166.9922480620155,56.372093023255815,60.736434108527135,0.3333333333333333,0.025,0.02666666666666667,0.13333333333333333,0.0,0.41818181818181815,0.26136363636363635,0.7222222222222222,0.5111111111111111,0.0,0.0,0.0,0.0,0.0,0.6136363636363636,0.0,0.0,0.8181818181818182,0.0,0.9545454545454546,0.0,0
1.0357142857142858,1.0,0.0,0.16666666666666666,6.0,7,0.5714285714285714,19,162.62790697674419,166.9922480620155,56.372093023255815,60.736434108527135,0.3333333333333333,0.025,0.02666666666666667,0.13333333333333333,0.0,0.41818181818181815,0.26136363636363635,0.7222222222222222,0.5111111111111111,0.0,0.0,0.0,0.0,0.0,0.6136363636363636,0.0,0.0,0.8181818181818182,0.0,0.9545454545454546,0.0,0
1.0357142857142858,1.0,0.0,0.16666666666666666,6.0,7,0.5714285714285714,19,162.62790697674419,166.9922480620155,56.372093023255815,60.736434108527135,0.3333333333333333,0.025,0.02666666666666667,0.13333333333333333,0.0,0.41818181818181815,0.26136363636363635,0.7222222222222222,0.5111111111111111,0.0,0.0,0.0,0.0,0.0,0.6136363636363636,0.0,0.0,0.8181818181818182,0.0,0.9545454545454546,0.0,0
1.0357142857142858,1.0,0.0,0.16666666666666666,6.0,7,0.5714285714285714,19,162.62790697674419,166.9922480620155,56.372093023255815,60.736434108527135,0.3333333333333333,0.025,0.02666666666666667,0.13333333333333333,0.0,0.41818181818181815,0.26136363636363635,0.7222222222222222,0.5111111111111111,0.0,0.0,0.0,0.0,0.0,0.6136363636363636,0.0,0.0,0.8181818181818182,0.0,0.9545454545454546,0.0,0
1.0357142857142858,1.0,0.0,0.2222222222222222,3.0,3,0.0,34,206.55813953488374,203.4108527131783,125.88372093023257,122.73643410852712,0.3067552602436323,0.0,0.0,0.4,0.0,0.4909090909090909,0.2840909090909091,0.0,0.5111111111111111,0.0,0.0,0.0,0.31666666666666665,0.0,0.18181818181818182,0.0,0.2727272727272727,0.0,0.0,0.0,0.022727272727272728,1
1.0357142857142858,1.0,0.0,0.2222222222222222,3.0,3,0.0,34,206.55813953488374,203.4108527131783,125.88372093023257,122.73643410852712,0.3067552602436323,0.0,0.0,0.4,0.0,0.4909090909090909,0.2840909090909091,0.0,0.5111111111111111,0.0,0.0,0.0,0.31666666666666665,0.0,0.18181818181818182,0.0,0.2727272727272727,0.0,0.0,0.0,0.022727272727272728,1
1.0357142857142858,1.0,0.0,0.2222222222222222,3.0,3,0.0,34,206.55813953488374,203.4108527131783,125.88372093023257,122.73643410852712,0.3067552602436323,0.0,0.0,0.4,0.0,0.4909090909090909,0.2840909090909091,0.0,0.5111111111111111,0.0,0.0,0.0,0.31666666666666665,0.0,0.18181818181818182,0.0,0.2727272727272727,0.0,0.0,0.0,0.022727272727272728,1
1.0357142857142858,1.0,0.0,0.2222222222222222,3.0,3,0.0,34,206.55813953488374,203.4108527131783,125.88372093023257,122.73643410852712,0.3067552602436323,0.0,0.0,0.4,0.0,0.4909090909090909,0.2840909090909091,0.0,0.5111111111111111,0.0,0.0,0.0,0.31666666666666665,0.0,0.18181818181818182,0.0,0.2727272727272727,0.0,0.0,0.0,0.022727272727272728,1
0.8214285714285714,0.75,0.42857142857142855,0.3333333333333333,7.0,11,0.8,35,198.04651162790697,126.65891472868218,112.41860465116278,41.03100775193799,0.4263565891472868,0.016666666666666666,0.4666666666666667,0.375,0.18181818181818182,0.6545454545454545,0.5454545454545454,0.2222222222222222,0.4888888888888889,0.5555555555555556,0.0,0.0,0.0,0.25,0.25,0.2,1.0,0.0,1.0,0.25,0.25,0
0.8214285714285714,0.75,0.42857142857142855,0.3333333333333333,7.0,11,0.8,35,198.04651162790697,126.65891472868218,112.41860465116278,41.03100775193799,0.4263565891472868,0.016666666666666666,0.4666666666666667,0.375,0.18181818181818182,0.6545454545454545,0.5454545454545454,0.2222222222222222,0.4888888888888889,0.5555555555555556,0.0,0.0,0.0,0.25,0.25,0.2,1.0,0.0,1.0,0.25,0.25,0
0.8214285714285714,0.75,0.42857142857142855,0.3333333333333333,7.0,11,0.8,35,198.04651162790697,126.65891472868218,112.41860465116278,41.03100775193799,0.4263565891472868,0.016666666666666666,0.4666666666666667,0.375,0.18181818181818182,0.6545454545454545,0.5454545454545454,0.2222222222222222,0.4888888888888889,0.5555555555555556,0.0,0.0,0.0,0.25,0.25,0.2,1.0,0.0,1.0,0.25,0.25,0
0.8214285714285714,0.75,0.42857142857142855,0.3333333333333333,7.0,11,0.8,35,198.04651162790697,126.65891472868218,112.41860465116278,41.03100775193799,0.4263565891472868,0.016666666666666666,0.4666666666666667,0.375,0.18181818181818182,0.6545454545454545,0.5454545454545454,0.2222222222222222,0.4888888888888889,0.5555555555555556,0.0,0.0,0.0,0.25,0.25,0.2,1.0,0.0,1.0,0.25,0.25,0
0.8214285714285714,0.75,0.42857142857142855,0.3333333333333333,7.0,11,0.8,35,198.04651162790697,126.65891472868218,112.41860465116278,41.03100775193799,0.4263565891472868,0.016666666666666666,0.4666666666666667,0.375,0.18181818181818182,0.6545454545454545,0.5454545454545454,0.2222222222222222,0.4888888888888889,0.5555555555555556,0.0,0.0,0.0,0.25,0.25,0.2,1.0,0.0,1.0,0.25,0.25,0
0.9642857142857143,0.9642857142857143,0.42857142857142855,0.3333333333333333,7.0,11,0.7142857142857143,37,130.65116279069767,105.2170542635659,40.34883720930232,14.914728682170548,0.5658914728682171,0.4666666666666667,0.09333333333333334,0.25833333333333336,0.5340909090909091,0.5454545454545454,0.3522727272727273,0.6666666666666666,0.8666666666666667,0.8888888888888888,0.0,0.0,0.0,0.20454545454545456,0.25,0.8727272727272727,0.2727272727272727,1.0,0.9696969696969697,0.4772727272727273,1.0,0
0.9642857142857143,0.9642857142857143,0.42857142857142855,0.3333333333333333,7.0,11,0.7142857142857143,37,130.65116279069767,105.2170542635659,40.34883720930232,14.914728682170548,0.5658914728682171,0.4666666666666667,0.09333333333333334,0.25833333333333336,0.5340909090909091,0.5454545454545454,0.3522727272727273,0.6666666666666666,0.8666666666666667,0.8888888888888888,0.0,0.0,0.0,0.20454545454545456,0.25,0.8727272727272727,0.2727272727272727,1.0,0.9696969696969697,0.4772727272727273,1.0,0
0.9642857142857143,0.9642857142857143,0.42857142857142855,0.3333333333333333,7.0,11,0.7142857142857143,37,130.65116279069767,105.2170542635659,40.34883720930232,14.914728682170548,0.5658914728682171,0.4666666666666667,0.09333333333333334,0.25833333333333336,0.5340909090909091,0.5454545454545454,0.3522727272727273,0.6666666666666666,0.8666666666666667,0.8888888888888888,0.0,0.0,0.0,0.20454545454545456,0.25,0.8727272727272727,0.2727272727272727,1.0,0.9696969696969697,0.4772727272727273,1.0,0
0.9642857142857143,0.9642857142857143,0.42857142857142855,0.3333333333333333,7.0,11,0.7142857142857143,37,130.65116279069767,105.2170542635659,40.34883720930232,14.914728682170548,0.5658914728682171,0.4666666666666667,0.09333333333333334,0.25833333333333336,0.5340909090909091,0.5454545454545454,0.3522727272727273,0.6666666666666666,0.8666666666666667,0.8888888888888888,0.0,0.0,0.0,0.20454545454545456,0.25,0.8727272727272727,0.2727272727272727,1.0,0.9696969696969697,0.4772727272727273,1.0,0
0.9642857142857143,0.9642857142857143,0.42857142857142855,0.3333333333333333,7.0,11,0.7142857142857143,37,130.65116279069767,105.2170542635659,40.34883720930232,14.914728682170548,0.5658914728682171,0.4666666666666667,0.09333333333333334,0.25833333333333336,0.5340909090909091,0.5454545454545454,0.3522727272727273,0.6666666666666666,0.8666666666666667,0.8888888888888888,0.0,0.0,0.0,0.20454545454545456,0.25,0.8727272727272727,0.2727272727272727,1.0,0.9696969696969697,0.4772727272727273,1.0,0
1.0,1.0,0.05555555555555555,0.7777777777777778,6.0,11,0.5714285714285714,37,139.36434108527132,92.2248062015504,61.82945736434108,14.689922480620154,0.5736434108527132,0.075,0.02666666666666667,0.125,0.32954545454545453,0.43636363636363634,0.4090909090909091,0.9166666666666666,0.8444444444444444,0.5833333333333334,0.08333333333333333,0.18666666666666668,0.3,0.5909090909090909,0.7272727272727273,0.2,0.2,0.7878787878787878,0.0,1.0,0.9090909090909091,0
1.0,1.0,0.05555555555555555,0.7777777777777778,6.0,11,0.5714285714285714,37,139.36434108527132,92.2248062015504,61.82945736434108,14.689922480620154,0.5736434108527132,0.075,0.02666666666666667,0.125,0.32954545454545453,0.43636363636363634,0.4090909090909091,0.9166666666666666,0.8444444444444444,0.5833333333333334,0.08333333333333333,0.18666666666666668,0.3,0.5909090909090909,0.7272727272727273,0.2,0.2,0.7878787878787878,0.0,1.0,0.9090909090909091,0
1.0,1.0,0.05555555555555555,0.7777777777777778,6.0,11,0.5714285714285714,37,139.36434108527132,92.2248062015504,61.82945736434108,14.689922480620154,0.5736434108527132,0.075,0.02666666666666667,0.125,0.32954545454545453,0.43636363636363634,0.4090909090909091,0.9166666666666666,0.8444444444444444,0.5833333333333334,0.08333333333333333,0.18666666666666668,0.3,0.5909090909090909,0.7272727272727273,0.2,0.2,0.7878787878787878,0.0,1.0,0.9090909090909091,0
1.0,1.0,0.05555555555555555,0.7777777777777778,6.0,11,0.5714285714285714,37,139.36434108527132,92.2248062015504,61.82945736434108,14.689922480620154,0.5736434108527132,0.075,0.02666666666666667,0.125,0.32954545454545453,0.43636363636363634,0.4090909090909091,0.9166666666666666,0.8444444444444444,0.5833333333333334,0.08333333333333333,0.18666666666666668,0.3,0.5909090909090909,0.7272727272727273,0.2,0.2,0.7878787878787878,0.0,1.0,0.9090909090909091,0
1.0,1.0,0.05555555555555555,0.7777777777777778,6.0,11,0.5714285714285714,37,139.36434108527132,92.2248062015504,61.82945736434108,14.689922480620154,0.5736434108527132,0.075,0.02666666666666667,0.125,0.32954545454545453,0.43636363636363634,0.4090909090909091,0.9166666666666666,0.8444444444444444,0.5833333333333334,0.08333333333333333,0.18666666666666668,0.3,0.5909090909090909,0.7272727272727273,0.2,0.2,0.7878787878787878,0.0,1.0,0.9090909090909091,0
0.9285714285714286,0.7857142857142857,0.0625,0.9791666666666666,8.0,11,0.8333333333333334,37,141.27906976744188,103.62790697674417,41.81395348837212,4.16279069767441,0.5592469545957918,0.125,0.0,0.03333333333333333,0.4090909090909091,0.36363636363636365,0.4090909090909091,0.5833333333333334,0.8,0.625,0.3,0.4,0.5166666666666667,0.7954545454545454,0.36363636363636365,0.2,0.41818181818181815,0.030303030303030304,0.0,0.9090909090909091,0.8636363636363636,0
0.9285714285714286,0.7857142857142857,0.0625,0.9791666666666666,8.0,11,0.8333333333333334,37,141.27906976744188,103.62790697674417,41.81395348837212,4.16279069767441,0.5592469545957918,0.125,0.0,0.03333333333333333,0.4090909090909091,0.36363636363636365,0.4090909090909091,0.5833333333333334,0.8,0.625,0.3,0.4,0.5166666666666667,0.7954545454545454,0.36363636363636365,0.2,0.41818181818181815,0.030303030303030304,0.0,0.9090909090909091,0.8636363636363636,0
0.9285714285714286,0.7857142857142857,0.0625,0.9791666666666666,8.0,11,0.8333333333333334,37,141.27906976744188,103.62790697674417,41.81395348837212,4.16279069767441,0.5592469545957918,0.125,0.0,0.03333333333333333,0.4090909090909091,0.36363636363636365,0.4090909090909091,0.5833333333333334,0.8,0.625,0.3,0.4,0.5166666666666667,0.7954545454545454,0.36363636363636365,0.2,0.41818181818181815,0.030303030303030304,0.0,0.9090909090909091,0.8636363636363636,0
0.9285714285714286,0.7857142857142857,0.0625,0.9791666666666666,8.0,11,0.8333333333333334,37,141.27906976744188,103.62790697674417,41.81395348837212,4.16279069767441,0.5592469545957918,0.125,0.0,0.03333333333333333,0.4090909090909091,0.36363636363636365,0.4090909090909091,0.5833333333333334,0.8,0.625,0.3,0.4,0.5166666666666667,0.7954545454545454,0.36363636363636365,0.2,0.41818181818181815,0.030303030303030304,0.0,0.9090909090909091,0.8636363636363636,0
0.8928571428571429,0.75,0.1388888888888889,0.9166666666666666,6.0,7,0.6,36,156.2713178294574,122.33333333333333,54.48062015503878,20.54263565891472,0.43521594684385384,0.0,0.06666666666666667,0.1,0.14772727272727273,0.2727272727272727,0.36363636363636365,0.5416666666666666,0.5111111111111111,0.25,0.5583333333333333,0.6266666666666667,0.7333333333333333,0.29545454545454547,0.022727272727272728,0.2,0.6,0.0,0.0,0.75,0.09090909090909091,0
0.8928571428571429,0.75,0.1388888888888889,0.9166666666666666,6.0,7,0.6,36,156.2713178294574,122.33333333333333,54.48062015503878,20.54263565891472,0.43521594684385384,0.0,0.06666666666666667,0.1,0.14772727272727273,0.2727272727272727,0.36363636363636365,0.5416666666666666,0.5111111111111111,0.25,0.5583333333333333,0.6266666666666667,0.7333333333333333,0.29545454545454547,0.022727272727272728,0.2,0.6,0.0,0.0,0.75,0.09090909090909091,0
0.8928571428571429,0.75,0.1388888888888889,0.9166666666666666,6.0,7,0.6,36,156.2713178294574,122.33333333333333,54.48062015503878,20.54263565891472,0.43521594684385384,0.0,0.06666666666666667,0.1,0.14772727272727273,0.2727272727272727,0.36363636363636365,0.5416666666666666,0.5111111111111111,0.25,0.5583333333333333,0.6266666666666667,0.7333333333333333,0.29545454545454547,0.022727272727272728,0.2,0.6,0.0,0.0,0.75,0.09090909090909091,0
0.8928571428571429,0.75,0.1388888888888889,0.9166666666666666,6.0,7,0.6,36,156.2713178294574,122.33333333333333,54.48062015503878,20.54263565891472,0.43521594684385384,0.0,0.06666666666666667,0.1,0.14772727272727273,0.2727272727272727,0.36363636363636365,0.5416666666666666,0.5111111111111111,0.25,0.5583333333333333,0.6266666666666667,0.7333333333333333,0.29545454545454547,0.022727272727272728,0.2,0.6,0.0,0.0,0.75,0.09090909090909091,0
0.8928571428571429,0.75,0.1388888888888889,0.9166666666666666,6.0,7,0.6,36,156.2713178294574,122.33333333333333,54.48062015503878,20.54263565891472,0.43521594684385384,0.0,0.06666666666666667,0.1,0.14772727272727273,0.2727272727272727,0.36363636363636365,0.5416666666666666,0.5111111111111111,0.25,0.5583333333333333,0.6266666666666667,0.7333333333333333,0.29545454545454547,0.022727272727272728,0.2,0.6,0.0,0.0,0.75,0.09090909090909091,0
1.0357142857142858,1.0357142857142858,0.0,0.0,6.0,6,0.7142857142857143,20,199.51937984496126,120.95348837209303,124.2635658914729,45.69767441860466,0.34219269102990035,0.25,0.37333333333333335,0.25,0.0,0.6545454545454545,0.20454545454545456,0.0,0.4888888888888889,0.19444444444444445,0.06666666666666667,0.0,0.0,0.0,0.2727272727272727,0.0,0.2727272727272727,0.0,0.2727272727272727,0.0,0.20454545454545456,0
1.0357142857142858,1.0357142857142858,0.0,0.0,6.0,6,0.7142857142857143,21,198.4108527131783,159.27906976744188,91.24806201550386,52.11627906976746,0.34219269102990035,0.2833333333333333,0.37333333333333335,0.21666666666666667,0.0,0.8181818181818182,0.10227272727272728,0.0,0.6444444444444445,0.09722222222222222,0.025,0.0,0.0,0.09090909090909091,0.18181818181818182,0.09090909090909091,0.18181818181818182,0.09090909090909091,0.18181818181818182,0.022727272727272728,0.18181818181818182,0
1.0357142857142858,1.0357142857142858,0.0,0.0,6.0,6,0.7142857142857143,21,198.4108527131783,159.27906976744188,91.24806201550386,52.11627906976746,0.34219269102990035,0.2833333333333333,0.37333333333333335,0.21666666666666667,0.0,0.8181818181818182,0.10227272727272728,0.0,0.6444444444444445,0.09722222222222222,0.025,0.0,0.0,0.09090909090909091,0.18181818181818182,0.09090909090909091,0.18181818181818182,0.09090909090909091,0.18181818181818182,0.022727272727272728,0.18181818181818182,0
1.0357142857142858,1.0357142857142858,0.0,0.0,6.0,6,0.7142857142857143,21,198.4108527131783,159.27906976744188,91.24806201550386,52.11627906976746,0.34219269102990035,0.2833333333333333,0.37333333333333335,0.21666666666666667,0.0,0.8181818181818182,0.10227272727272728,0.0,0.6444444444444445,0.09722222222222222,0.025,0.0,0.0,0.09090909090909091,0.18181818181818182,0.09090909090909091,0.18181818181818182,0.09090909090909091,0.18181818181818182,0.022727272727272728,0.18181818181818182,0
1.0357142857142858,1.0357142857142858,0.0,0.0,6.0,6,0.7142857142857143,23,127.26356589147287,194.015503875969,46.54263565891472,113.29457364341084,0.34108527131782945,0.31666666666666665,0.30666666666666664,0.15,0.20454545454545456,0.6545454545454545,0.0,0.1527777777777778,0.5555555555555556,0.0,0.0,0.0,0.0,0.2727272727272727,0.09090909090909091,0.2727272727272727,0.14545454545454545,0.2727272727272727,0.06060606060606061,0.20454545454545456,0.06818181818181818,0
1.0357142857142858,1.0357142857142858,0.0,0.0,6.0,6,0.7142857142857143,23,127.26356589147287,194.015503875969,46.54263565891472,113.29457364341084,0.34108527131782945,0.31666666666666665,0.30666666666666664,0.15,0.20454545454545456,0.6545454545454545,0.0,0.1527777777777778,0.5555555555555556,0.0,0.0,0.0,0.0,0.2727272727272727,0.09090909090909091,0.2727272727272727,0.14545454545454545,0.2727272727272727,0.06060606060606061,0.20454545454545456,0.06818181818181818,0
1.0357142857142858,1.0357142857142858,0.0,0.0,6.0,6,0.7142857142857143,24,97.51937984496124,190.89922480620157,5.961240310077514,99.34108527131785,0.3444075304540421,0.325,0.28,0.11666666666666667,0.3068181818181818,0.4909090909090909,0.03409090909090909,0.25,0.4,0.0,0.0,0.0,0.0,0.36363636363636365,0.18181818181818182,0.36363636363636365,0.23636363636363636,0.36363636363636365,0.15151515151515152,0.22727272727272727,0.1590909090909091,0
1.0357142857142858,1.0357142857142858,0.0,0.1111111111111111,3.0,7,0.42857142857142855,26,191.8682170542636,137.99999999999997,96.31007751937987,42.44186046511625,0.37652270210409744,0.15,0.0,0.0,0.0,0.6,0.3181818181818182,0.0,0.5333333333333333,0.2638888888888889,0.0,0.0,0.0,0.09090909090909091,0.25,0.14545454545454545,0.38181818181818183,0.09090909090909091,0.2727272727272727,0.09090909090909091,0.3409090909090909,0
1.0357142857142858,1.0357142857142858,0.0,0.1111111111111111,3.0,7,0.42857142857142855,26,191.8682170542636,137.99999999999997,96.31007751937987,42.44186046511625,0.37652270210409744,0.15,0.0,0.0,0.0,0.6,0.3181818181818182,0.0,0.5333333333333333,0.2638888888888889,0.0,0.0,0.0,0.09090909090909091,0.25,0.14545454545454545,0.38181818181818183,0.09090909090909091,0.2727272727272727,0.09090909090909091,0.3409090909090909,0
1.0357142857142858,1.0357142857142858,0.0,0.1111111111111111,3.0,7,0.42857142857142855,26,191.8682170542636,137.99999999999997,96.31007751937987,42.44186046511625,0.37652270210409744,0.15,0.0,0.0,0.0,0.6,0.3181818181818182,0.0,0.5333333333333333,0.2638888888888889,0.0,0.0,0.0,0.09090909090909091,0.25,0.14545454545454545,0.38181818181818183,0.09090909090909091,0.2727272727272727,0.09090909090909091,0.3409090909090909,0
1.0357142857142858,1.0357142857142858,0.0,0.1111111111111111,3.0,7,0.42857142857142855,26,191.8682170542636,137.99999999999997,96.31007751937987,42.44186046511625,0.37652270210409744,0.15,0.0,0.0,0.0,0.6,0.3181818181818182,0.0,0.5333333333333333,0.2638888888888889,0.0,0.0,0.0,0.09090909090909091,0.25,0.14545454545454545,0.38181818181818183,0.09090909090909091,0.2727272727272727,0.09090909090909091,0.3409090909090909,0
1.0357142857142858,1.0357142857142858,0.0,0.1111111111111111,3.0,7,0.42857142857142855,26,191.8682170542636,137.99999999999997,96.31007751937987,42.44186046511625,0.37652270210409744,0.15,0.0,0.0,0.0,0.6,0.3181818181818182,0.0,0.5333333333333333,0.2638888888888889,0.0,0.0,0.0,0.09090909090909091,0.25,0.14545454545454545,0.38181818181818183,0.09090909090909091,0.2727272727272727,0.09090909090909091,0.3409090909090909,0
1.0357142857142858,0.8214285714285714,0.0,0.16666666666666666,3.0,8,0.42857142857142855,26,189.49612403100775,128.41860465116278,92.07751937984496,30.999999999999986,0.3754152823920266,0.11666666666666667,0.0,0.0,0.03409090909090909,0.6,0.2840909090909091,0.0,0.5555555555555556,0.25,0.0,0.0,0.0,0.09090909090909091,0.20454545454545456,0.14545454545454545,0.34545454545454546,0.06060606060606061,0.18181818181818182,0.06818181818181818,0.29545454545454547,0
1.0357142857142858,0.8571428571428571,0.0,0.16666666666666666,4.0,8,0.7142857142857143,28,201.48837209302326,133.20155038759688,110.2093023255814,41.92248062015503,0.36655592469545956,0.0,0.0,0.0,0.0,0.4888888888888889,0.4027777777777778,0.0,0.509090909090909,0.3181818181818182,0.0,0.0,0.0,0.0,0.30303030303030304,0.022727272727272728,0.5681818181818182,0.0,0.34545454545454546,0.0,0.3181818181818182,0
1.0357142857142858,0.8571428571428571,0.0,0.16666666666666666,4.0,8,0.7142857142857143,28,201.48837209302326,133.20155038759688,110.2093023255814,41.92248062015503,0.36655592469545956,0.0,0.0,0.0,0.0,0.4888888888888889,0.4027777777777778,0.0,0.509090909090909,0.3181818181818182,0.0,0.0,0.0,0.0,0.30303030303030304,0.022727272727272728,0.5681818181818182,0.0,0.34545454545454546,0.0,0.3181818181818182,0
1.0357142857142858,0.8571428571428571,0.0,0.16666666666666666,4.0,8,0.7142857142857143,28,201.48837209302326,133.20155038759688,110.2093023255814,41.92248062015503,0.36655592469545956,0.0,0.0,0.0,0.0,0.4888888888888889,0.4027777777777778,0.0,0.509090909090909,0.3181818181818182,0.0,0.0,0.0,0.0,0.30303030303030304,0.022727272727272728,0.5681818181818182,0.0,0.34545454545454546,0.0,0.3181818181818182,0
1.0357142857142858,0.8571428571428571,0.0,0.16666666666666666,4.0,8,0.7142857142857143,28,201.48837209302326,133.20155038759688,110.2093023255814,41.92248062015503,0.36655592469545956,0.0,0.0,0.0,0.0,0.4888888888888889,0.4027777777777778,0.0,0.509090909090909,0.3181818181818182,0.0,0.0,0.0,0.0,0.30303030303030304,0.022727272727272728,0.5681818181818182,0.0,0.34545454545454546,0.0,0.3181818181818182,0
1.0357142857142858,0.8571428571428571,0.0,0.16666666666666666,4.0,8,0.7142857142857143,28,201.48837209302326,133.20155038759688,110.2093023255814,41.92248062015503,0.36655592469545956,0.0,0.0,0.0,0.0,0.4888888888888889,0.4027777777777778,0.0,0.509090909090909,0.3181818181818182,0.0,0.0,0.0,0.0,0.30303030303030304,0.022727272727272728,0.5681818181818182,0.0,0.34545454545454546,0.0,0.3181818181818182,0
0.9642857142857143,0.8214285714285714,0.0,0.16666666666666666,3.0,10,0.42857142857142855,13,119.97674418604652,197.1782945736434,17.25581395348837,94.45736434108525,0.36766334440753046,0.0,0.0,0.0,0.3472222222222222,0.5333333333333333,0.027777777777777776,0.3409090909090909,0.4727272727272727,0.0,0.0,0.0,0.0,0.30303030303030304,0.0,0.4318181818181818,0.13636363636363635,0.36363636363636365,0.0,0.25,0.06818181818181818,0
0.9285714285714286,0.8214285714285714,0.0,0.16666666666666666,3.0,9,0.42857142857142855,13,133.06201550387598,204.17829457364346,16.178294573643427,87.2945736434109,0.36766334440753046,0.0,0.0,0.0,0.4027777777777778,0.4666666666666667,0.013888888888888888,0.3522727272727273,0.45454545454545453,0.0,0.0,0.0,0.0,0.36363636363636365,0.0,0.5227272727272727,0.045454545454545456,0.4,0.0,0.29545454545454547,0.0,0
0.9285714285714286,0.8214285714285714,0.0,0.16666666666666666,3.0,9,0.42857142857142855,13,133.06201550387598,204.17829457364346,16.178294573643427,87.2945736434109,0.36766334440753046,0.0,0.0,0.0,0.4027777777777778,0.4666666666666667,0.013888888888888888,0.3522727272727273,0.45454545454545453,0.0,0.0,0.0,0.0,0.36363636363636365,0.0,0.5227272727272727,0.045454545454545456,0.4,0.0,0.29545454545454547,0.0,0
0.9285714285714286,0.8214285714285714,0.0,0.16666666666666666,3.0,9,0.42857142857142855,13,133.06201550387598,204.17829457364346,16.178294573643427,87.2945736434109,0.36766334440753046,0.0,0.0,0.0,0.4027777777777778,0.4666666666666667,0.013888888888888888,0.3522727272727273,0.45454545454545453,0.0,0.0,0.0,0.0,0.36363636363636365,0.0,0.5227272727272727,0.045454545454545456,0.4,0.0,0.29545454545454547,0.0,0
0.9285714285714286,0.8214285714285714,0.0,0.16666666666666666,3.0,9,0.42857142857142855,13,133.06201550387598,204.17829457364346,16.178294573643427,87.2945736434109,0.36766334440753046,0.0,0.0,0.0,0.4027777777777778,0.4666666666666667,0.013888888888888888,0.3522727272727273,0.45454545454545453,0.0,0.0,0.0,0.0,0.36363636363636365,0.0,0.5227272727272727,0.045454545454545456,0.4,0.0,0.29545454545454547,0.0,0
0.9285714285714286,0.8214285714285714,0.0,0.16666666666666666,3.0,9,0.42857142857142855,13,133.06201550387598,204.17829457364346,16.178294573643427,87.2945736434109,0.36766334440753046,0.0,0.0,0.0,0.4027777777777778,0.4666666666666667,0.013888888888888888,0.3522727272727273,0.45454545454545453,0.0,0.0,0.0,0.0,0.36363636363636365,0.0,0.5227272727272727,0.045454545454545456,0.4,0.0,0.29545454545454547,0.0,0
1.0357142857142858,1.0357142857142858,0.6666666666666666,1.0,2.0,3,0.0,3,164.70542635658916,202.58139534883722,135.031007751938,172.90697674418607,0.3233665559246955,0.325,0.52,0.6,0.0,0.3111111111111111,0.0,0.11363636363636363,0.4727272727272727,0.0,0.5833333333333334,0.7733333333333333,0.016666666666666666,0.0,0.0,0.0,0.0,0.0,0.0,0.0,0.0,0
1.0357142857142858,1.0357142857142858,0.6666666666666666,1.0,2.0,3,0.0,3,164.70542635658916,202.58139534883722,135.031007751938,172.90697674418607,0.3233665559246955,0.325,0.52,0.6,0.0,0.3111111111111111,0.0,0.11363636363636363,0.4727272727272727,0.0,0.5833333333333334,0.7733333333333333,0.016666666666666666,0.0,0.0,0.0,0.0,0.0,0.0,0.0,0.0,0
1.0357142857142858,1.0357142857142858,0.6666666666666666,1.0,2.0,3,0.0,3,164.70542635658916,202.58139534883722,135.031007751938,172.90697674418607,0.3233665559246955,0.325,0.52,0.6,0.0,0.3111111111111111,0.0,0.11363636363636363,0.4727272727272727,0.0,0.5833333333333334,0.7733333333333333,0.016666666666666666,0.0,0.0,0.0,0.0,0.0,0.0,0.0,0.0,0
1.0357142857142858,1.0357142857142858,0.6666666666666666,1.0,2.0,3,0.0,3,164.70542635658916,202.58139534883722,135.031007751938,172.90697674418607,0.3233665559246955,0.325,0.52,0.6,0.0,0.3111111111111111,0.0,0.11363636363636363,0.4727272727272727,0.0,0.5833333333333334,0.7733333333333333,0.016666666666666666,0.0,0.0,0.0,0.0,0.0,0.0,0.0,0.0,0
1.0357142857142858,1.0357142857142858,1.0,0.8333333333333334,1.0,6,0.25,20,133.5503875968992,207.8372093023256,106.92248062015503,181.2093023255814,0.34108527131782945,0.5333333333333333,0.5333333333333333,0.20833333333333334,0.0,0.24444444444444444,0.041666666666666664,0.38636363636363635,0.4909090909090909,0.011363636363636364,0.3,0.16,0.0,0.0,0.0,0.0,0.11363636363636363,0.18181818181818182,0.05454545454545454,0.4090909090909091,0.0,0
1.0357142857142858,1.0357142857142858,1.0,0.8333333333333334,1.0,6,0.25,20,133.5503875968992,207.8372093023256,106.92248062015503,181.2093023255814,0.34108527131782945,0.5333333333333333,0.5333333333333333,0.20833333333333334,0.0,0.24444444444444444,0.041666666666666664,0.38636363636363635,0.4909090909090909,0.011363636363636364,0.3,0.16,0.0,0.0,0.0,0.0,0.11363636363636363,0.18181818181818182,0.05454545454545454,0.4090909090909091,0.0,0
1.0357142857142858,1.0357142857142858,1.0,0.8333333333333334,1.0,6,0.25,20,133.5503875968992,207.8372093023256,106.92248062015503,181.2093023255814,0.34108527131782945,0.5333333333333333,0.5333333333333333,0.20833333333333334,0.0,0.24444444444444444,0.041666666666666664,0.38636363636363635,0.4909090909090909,0.011363636363636364,0.3,0.16,0.0,0.0,0.0,0.0,0.11363636363636363,0.18181818181818182,0.05454545454545454,0.4090909090909091,0.0,0
1.0357142857142858,1.0357142857142858,1.0,0.8333333333333334,1.0,6,0.25,20,133.5503875968992,207.8372093023256,106.92248062015503,181.2093023255814,0.34108527131782945,0.5333333333333333,0.5333333333333333,0.20833333333333334,0.0,0.24444444444444444,0.041666666666666664,0.38636363636363635,0.4909090909090909,0.011363636363636364,0.3,0.16,0.0,0.0,0.0,0.0,0.11363636363636363,0.18181818181818182,0.05454545454545454,0.4090909090909091,0.0,0
1.0357142857142858,1.0357142857142858,0.6666666666666666,1.0,2.0,11,0.375,25,127.04651162790697,194.90697674418607,72.30232558139534,140.16279069767444,0.3853820598006645,0.0,0.5866666666666667,0.6166666666666667,0.2361111111111111,0.5555555555555556,0.08333333333333333,0.26136363636363635,0.4909090909090909,0.03409090909090909,0.5833333333333334,0.72,0.11666666666666667,0.0,0.0,0.4772727272727273,0.20454545454545456,0.16363636363636364,0.07272727272727272,0.18181818181818182,0.0,0
1.0357142857142858,1.0357142857142858,0.6666666666666666,1.0,2.0,11,0.375,25,127.04651162790697,194.90697674418607,72.30232558139534,140.16279069767444,0.3853820598006645,0.0,0.5866666666666667,0.6166666666666667,0.2361111111111111,0.5555555555555556,0.08333333333333333,0.26136363636363635,0.4909090909090909,0.03409090909090909,0.5833333333333334,0.72,0.11666666666666667,0.0,0.0,0.4772727272727273,0.20454545454545456,0.16363636363636364,0.07272727272727272,0.18181818181818182,0.0,0
1.0357142857142858,1.0357142857142858,0.6666666666666666,1.0,2.0,11,0.375,25,127.04651162790697,194.90697674418607,72.30232558139534,140.16279069767444,0.3853820598006645,0.0,0.5866666666666667,0.6166666666666667,0.2361111111111111,0.5555555555555556,0.08333333333333333,0.26136363636363635,0.4909090909090909,0.03409090909090909,0.5833333333333334,0.72,0.11666666666666667,0.0,0.0,0.4772727272727273,0.20454545454545456,0.16363636363636364,0.07272727272727272,0.18181818181818182,0.0,0
1.0357142857142858,1.0357142857142858,0.6666666666666666,1.0,2.0,11,0.375,25,127.04651162790697,194.90697674418607,72.30232558139534,140.16279069767444,0.3853820598006645,0.0,0.5866666666666667,0.6166666666666667,0.2361111111111111,0.5555555555555556,0.08333333333333333,0.26136363636363635,0.4909090909090909,0.03409090909090909,0.5833333333333334,0.72,0.11666666666666667,0.0,0.0,0.4772727272727273,0.20454545454545456,0.16363636363636364,0.07272727272727272,0.18181818181818182,0.0,0
1.0357142857142858,1.0357142857142858,0.4,0.7333333333333333,5.0,7,0.5,10,102.98449612403101,210.35658914728683,65.98449612403101,173.35658914728683,0.38870431893687707,0.35,0.41333333333333333,0.0,0.0,0.4222222222222222,0.0,0.6477272727272727,0.8181818181818182,0.0,0.225,0.18666666666666668,0.0,0.0,0.0,0.0,0.022727272727272728,0.5636363636363636,0.01818181818181818,0.5909090909090909,0.0,0
1.0357142857142858,1.0357142857142858,0.5,0.6666666666666666,4.5,6,0.5,10,101.17054263565892,211.28682170542638,41.03100775193799,151.14728682170545,0.38870431893687707,0.35833333333333334,0.3466666666666667,0.0,0.0,0.4222222222222222,0.0,0.7727272727272727,0.6181818181818182,0.0,0.26666666666666666,0.12,0.0,0.0,0.0,0.0,0.0,0.6545454545454545,0.0,0.6818181818181818,0.0,0
1.0357142857142858,1.0357142857142858,0.5,0.6666666666666666,4.5,6,0.5,10,101.17054263565892,211.28682170542638,41.03100775193799,151.14728682170545,0.38870431893687707,0.35833333333333334,0.3466666666666667,0.0,0.0,0.4222222222222222,0.0,0.7727272727272727,0.6181818181818182,0.0,0.26666666666666666,0.12,0.0,0.0,0.0,0.0,0.0,0.6545454545454545,0.0,0.6818181818181818,0.0,0
1.0357142857142858,1.0357142857142858,0.5,0.6666666666666666,4.5,6,0.5,10,101.17054263565892,211.28682170542638,41.03100775193799,151.14728682170545,0.38870431893687707,0.35833333333333334,0.3466666666666667,0.0,0.0,0.4222222222222222,0.0,0.7727272727272727,0.6181818181818182,0.0,0.26666666666666666,0.12,0.0,0.0,0.0,0.0,0.0,0.6545454545454545,0.0,0.6818181818181818,0.0,0
1.0357142857142858,1.0357142857142858,0.5,0.6666666666666666,4.5,6,0.5,10,101.17054263565892,211.28682170542638,41.03100775193799,151.14728682170545,0.38870431893687707,0.35833333333333334,0.3466666666666667,0.0,0.0,0.4222222222222222,0.0,0.7727272727272727,0.6181818181818182,0.0,0.26666666666666666,0.12,0.0,0.0,0.0,0.0,0.0,0.6545454545454545,0.0,0.6818181818181818,0.0,0
1.0357142857142858,1.0357142857142858,0.0,0.16666666666666666,3.0,4,0.125,4,214.6046511627907,211.04651162790697,132.97674418604652,129.41860465116278,0.23809523809523808,0.0,0.0,0.0,0.0,0.4888888888888889,0.0,0.0,0.45454545454545453,0.0,0.0,0.0,0.0,0.0,0.0,0.0,0.022727272727272728,0.0,0.01818181818181818,0.0,0.0,1
1.0357142857142858,1.0357142857142858,1.0,1.0,2.0,3,0.0,20,167.93798449612405,199.57364341085272,122.44961240310079,154.08527131782947,0.3266888150609081,0.0,0.4266666666666667,0.13333333333333333,0.0,0.4222222222222222,0.013888888888888888,0.125,0.4727272727272727,0.06818181818181818,0.5416666666666666,0.7333333333333333,0.03333333333333333,0.0,0.0,0.0,0.06818181818181818,0.0,0.16363636363636364,0.0,0.0,0
1.0357142857142858,1.0357142857142858,1.0,1.0,2.0,3,0.0,20,167.93798449612405,199.57364341085272,122.44961240310079,154.08527131782947,0.3266888150609081,0.0,0.4266666666666667,0.13333333333333333,0.0,0.4222222222222222,0.013888888888888888,0.125,0.4727272727272727,0.06818181818181818,0.5416666666666666,0.7333333333333333,0.03333333333333333,0.0,0.0,0.0,0.06818181818181818,0.0,0.16363636363636364,0.0,0.0,0
1.0357142857142858,1.0357142857142858,1.0,1.0,2.0,3,0.0,20,167.93798449612405,199.57364341085272,122.44961240310079,154.08527131782947,0.3266888150609081,0.0,0.4266666666666667,0.13333333333333333,0.0,0.4222222222222222,0.013888888888888888,0.125,0.4727272727272727,0.06818181818181818,0.5416666666666666,0.7333333333333333,0.03333333333333333,0.0,0.0,0.0,0.06818181818181818,0.0,0.16363636363636364,0.0,0.0,0
1.0357142857142858,1.0357142857142858,1.0,1.0,2.0,3,0.0,20,167.93798449612405,199.57364341085272,122.44961240310079,154.08527131782947,0.3266888150609081,0.0,0.4266666666666667,0.13333333333333333,0.0,0.4222222222222222,0.013888888888888888,0.125,0.4727272727272727,0.06818181818181818,0.5416666666666666,0.7333333333333333,0.03333333333333333,0.0,0.0,0.0,0.06818181818181818,0.0,0.16363636363636364,0.0,0.0,0
1.0357142857142858,1.0357142857142858,1.0,1.0,2.0,3,0.0,20,167.93798449612405,199.57364341085272,122.44961240310079,154.08527131782947,0.3266888150609081,0.0,0.4266666666666667,0.13333333333333333,0.0,0.4222222222222222,0.013888888888888888,0.125,0.4727272727272727,0.06818181818181818,0.5416666666666666,0.7333333333333333,0.03333333333333333,0.0,0.0,0.0,0.06818181818181818,0.0,0.16363636363636364,0.0,0.0,0
1.0357142857142858,1.0357142857142858,0.5833333333333334,0.9166666666666666,1.5,7,0.25,19,130.63565891472868,209.45736434108528,103.75193798449612,182.57364341085272,0.3289036544850498,0.13333333333333333,0.29333333333333333,0.06666666666666667,0.18055555555555555,0.28888888888888886,0.0,0.32954545454545453,0.6181818181818182,0.0,0.3333333333333333,0.18666666666666668,0.0,0.0,0.0,0.4090909090909091,0.0,0.16363636363636364,0.0,0.3181818181818182,0.0,0
1.0357142857142858,1.0357142857142858,0.5833333333333334,0.9166666666666666,1.5,7,0.25,19,130.63565891472868,209.45736434108528,103.75193798449612,182.57364341085272,0.3289036544850498,0.13333333333333333,0.29333333333333333,0.06666666666666667,0.18055555555555555,0.28888888888888886,0.0,0.32954545454545453,0.6181818181818182,0.0,0.3333333333333333,0.18666666666666668,0.0,0.0,0.0,0.4090909090909091,0.0,0.16363636363636364,0.0,0.3181818181818182,0.0,0
1.0357142857142858,1.0357142857142858,0.5833333333333334,0.9166666666666666,1.5,7,0.25,19,130.63565891472868,209.45736434108528,103.75193798449612,182.57364341085272,0.3289036544850498,0.13333333333333333,0.29333333333333333,0.06666666666666667,0.18055555555555555,0.28888888888888886,0.0,0.32954545454545453,0.6181818181818182,0.0,0.3333333333333333,0.18666666666666668,0.0,0.0,0.0,0.4090909090909091,0.0,0.16363636363636364,0.0,0.3181818181818182,0.0,0
1.0357142857142858,1.0357142857142858,0.5833333333333334,0.9166666666666666,1.5,7,0.25,19,130.63565891472868,209.45736434108528,103.75193798449612,182.57364341085272,0.3289036544850498,0.13333333333333333,0.29333333333333333,0.06666666666666667,0.18055555555555555,0.28888888888888886,0.0,0.32954545454545453,0.6181818181818182,0.0,0.3333333333333333,0.18666666666666668,0.0,0.0,0.0,0.4090909090909091,0.0,0.16363636363636364,0.0,0.3181818181818182,0.0,0
1.0357142857142858,1.0357142857142858,0.5833333333333334,0.4166666666666667,2.0,7,0.25,9,139.67441860465118,209.03875968992247,53.44186046511629,122.80620155038758,0.3333333333333333,0.0,0.4,0.0,0.041666666666666664,0.4444444444444444,0.0,0.3522727272727273,0.6,0.0,0.06666666666666667,0.04,0.0,0.0,0.0,0.09090909090909091,0.0,0.34545454545454546,0.0,0.18181818181818182,0.0,0
1.0357142857142858,1.0357142857142858,1.0,0.25,2.0,6,0.25,9,137.44961240310076,208.5968992248062,51.72868217054261,122.87596899224806,0.3344407530454042,0.0,0.4,0.0,0.05555555555555555,0.4222222222222222,0.0,0.4318181818181818,0.4727272727272727,0.0,0.08333333333333333,0.013333333333333334,0.0,0.0,0.0,0.11363636363636363,0.0,0.4,0.0,0.22727272727272727,0.0,0
1.0357142857142858,1.0357142857142858,1.0,0.25,2.0,6,0.25,9,137.44961240310076,208.5968992248062,51.72868217054261,122.87596899224806,0.3344407530454042,0.0,0.4,0.0,0.05555555555555555,0.4222222222222222,0.0,0.4318181818181818,0.4727272727272727,0.0,0.08333333333333333,0.013333333333333334,0.0,0.0,0.0,0.11363636363636363,0.0,0.4,0.0,0.22727272727272727,0.0,0
1.0357142857142858,1.0357142857142858,1.0,0.25,2.0,6,0.25,9,137.44961240310076,208.5968992248062,51.72868217054261,122.87596899224806,0.3344407530454042,0.0,0.4,0.0,0.05555555555555555,0.4222222222222222,0.0,0.4318181818181818,0.4727272727272727,0.0,0.08333333333333333,0.013333333333333334,0.0,0.0,0.0,0.11363636363636363,0.0,0.4,0.0,0.22727272727272727,0.0,0
1.0357142857142858,1.0357142857142858,0.5833333333333334,0.8333333333333334,2.0,8,0.375,9,133.58914728682169,185.95348837209303,119.5426356589147,171.90697674418607,0.4008859357696567,0.0,0.49333333333333335,0.625,0.2638888888888889,0.5777777777777777,0.0,0.18181818181818182,0.5636363636363636,0.0,0.575,0.7466666666666667,0.1,0.0,0.0,0.5227272727272727,0.0,0.0,0.0,0.20454545454545456,0.022727272727272728,0
1.0357142857142858,1.0357142857142858,1.0,1.0,2.0,7,0.375,9,131.31782945736433,187.73643410852716,74.22480620155036,130.6434108527132,0.40310077519379844,0.0,0.6133333333333333,0.625,0.3194444444444444,0.4888888888888889,0.0,0.22727272727272727,0.4909090909090909,0.0,0.6583333333333333,0.64,0.058333333333333334,0.0,0.0,0.6136363636363636,0.0,0.0,0.0,0.25,0.0,0
1.0357142857142858,1.0357142857142858,1.0,1.0,2.0,7,0.375,9,131.31782945736433,187.73643410852716,74.22480620155036,130.6434108527132,0.40310077519379844,0.0,0.6133333333333333,0.625,0.3194444444444444,0.4888888888888889,0.0,0.22727272727272727,0.4909090909090909,0.0,0.6583333333333333,0.64,0.058333333333333334,0.0,0.0,0.6136363636363636,0.0,0.0,0.0,0.25,0.0,0
1.0357142857142858,1.0357142857142858,1.0,1.0,2.0,7,0.375,9,131.31782945736433,187.73643410852716,74.22480620155036,130.6434108527132,0.40310077519379844,0.0,0.6133333333333333,0.625,0.3194444444444444,0.4888888888888889,0.0,0.22727272727272727,0.4909090909090909,0.0,0.6583333333333333,0.64,0.058333333333333334,0.0,0.0,0.6136363636363636,0.0,0.0,0.0,0.25,0.0,0
1.0357142857142858,1.0357142857142858,1.0,1.0,2.0,7,0.375,9,131.31782945736433,187.73643410852716,74.22480620155036,130.6434108527132,0.40310077519379844,0.0,0.6133333333333333,0.625,0.3194444444444444,0.4888888888888889,0.0,0.22727272727272727,0.4909090909090909,0.0,0.6583333333333333,0.64,0.058333333333333334,0.0,0.0,0.6136363636363636,0.0,0.0,0.0,0.25,0.0,0
1.0357142857142858,1.0357142857142858,1.0,1.0,2.0,6,0.375,27,90.6201550387597,196.2635658914729,63.829457364341096,169.4728682170543,0.4263565891472868,0.6166666666666667,0.48,0.2916666666666667,0.1527777777777778,0.4444444444444444,0.0,0.45454545454545453,0.5454545454545454,0.0,0.425,0.3466666666666667,0.03333333333333333,0.0,0.0,0.11363636363636363,0.0,0.38181818181818183,0.0,0.3409090909090909,0.0,0
1.0357142857142858,1.0357142857142858,1.0,1.0,2.0,6,0.375,27,90.6201550387597,196.2635658914729,63.829457364341096,169.4728682170543,0.4263565891472868,0.6166666666666667,0.48,0.2916666666666667,0.1527777777777778,0.4444444444444444,0.0,0.45454545454545453,0.5454545454545454,0.0,0.425,0.3466666666666667,0.03333333333333333,0.0,0.0,0.11363636363636363,0.0,0.38181818181818183,0.0,0.3409090909090909,0.0,0
1.0357142857142858,1.0357142857142858,1.0,1.0,2.0,6,0.375,27,90.6201550387597,196.2635658914729,63.829457364341096,169.4728682170543,0.4263565891472868,0.6166666666666667,0.48,0.2916666666666667,0.1527777777777778,0.4444444444444444,0.0,0.45454545454545453,0.5454545454545454,0.0,0.425,0.3466666666666667,0.03333333333333333,0.0,0.0,0.11363636363636363,0.0,0.38181818181818183,0.0,0.3409090909090909,0.0,0
1.0357142857142858,1.0357142857142858,1.0,1.0,2.0,6,0.375,27,90.6201550387597,196.2635658914729,63.829457364341096,169.4728682170543,0.4263565891472868,0.6166666666666667,0.48,0.2916666666666667,0.1527777777777778,0.4444444444444444,0.0,0.45454545454545453,0.5454545454545454,0.0,0.425,0.3466666666666667,0.03333333333333333,0.0,0.0,0.11363636363636363,0.0,0.38181818181818183,0.0,0.3409090909090909,0.0,0
1.0357142857142858,1.0357142857142858,0.6333333333333333,0.5666666666666667,5.0,7,0.5,11,82.70542635658914,207.015503875969,56.240310077519375,180.5503875968992,0.43853820598006643,0.43333333333333335,0.4666666666666667,0.05,0.0,0.35555555555555557,0.0,0.7840909090909091,0.7818181818181819,0.0,0.20833333333333334,0.12,0.0,0.0,0.0,0.0,0.0,0.6909090909090909,0.0,0.6363636363636364,0.0,0
1.0357142857142858,1.0357142857142858,0.6333333333333333,0.5666666666666667,5.0,7,0.5,11,82.70542635658914,207.015503875969,56.240310077519375,180.5503875968992,0.43853820598006643,0.43333333333333335,0.4666666666666667,0.05,0.0,0.35555555555555557,0.0,0.7840909090909091,0.7818181818181819,0.0,0.20833333333333334,0.12,0.0,0.0,0.0,0.0,0.0,0.6909090909090909,0.0,0.6363636363636364,0.0,0
1.0357142857142858,1.0357142857142858,0.6333333333333333,0.5666666666666667,5.0,7,0.5,11,82.70542635658914,207.015503875969,56.240310077519375,180.5503875968992,0.43853820598006643,0.43333333333333335,0.4666666666666667,0.05,0.0,0.35555555555555557,0.0,0.7840909090909091,0.7818181818181819,0.0,0.20833333333333334,0.12,0.0,0.0,0.0,0.0,0.0,0.6909090909090909,0.0,0.6363636363636364,0.0,0
1.0357142857142858,1.0357142857142858,0.6333333333333333,0.5666666666666667,5.0,7,0.5,11,82.70542635658914,207.015503875969,56.240310077519375,180.5503875968992,0.43853820598006643,0.43333333333333335,0.4666666666666667,0.05,0.0,0.35555555555555557,0.0,0.7840909090909091,0.7818181818181819,0.0,0.20833333333333334,0.12,0.0,0.0,0.0,0.0,0.0,0.6909090909090909,0.0,0.6363636363636364,0.0,0
1.0357142857142858,1.0357142857142858,0.0,0.0,2.0,4,0.125,20,205.8372093023256,203.41860465116278,126.58139534883722,124.16279069767441,0.24363233665559247,0.0,0.0,0.0,0.0,0.35555555555555557,0.0,0.0,0.41818181818181815,0.0,0.0,0.0,0.0,0.0,0.0,0.0,0.022727272727272728,0.0,0.01818181818181818,0.0,0.09090909090909091,1
1.0357142857142858,1.0357142857142858,0.2777777777777778,0.3055555555555556,6.0,6,0.625,19,126.17829457364341,200.1937984496124,123.2015503875969,197.21705426356587,0.3399778516057586,0.0,0.49333333333333335,0.3333333333333333,0.3333333333333333,0.4222222222222222,0.0,0.25,0.34545454545454546,0.0,0.5,0.4533333333333333,0.03333333333333333,0.2727272727272727,0.0,0.45454545454545453,0.0,0.0,0.0,0.5909090909090909,0.0,0
1.0357142857142858,1.0357142857142858,0.2777777777777778,0.3055555555555556,6.0,6,0.625,19,126.17829457364341,200.1937984496124,123.2015503875969,197.21705426356587,0.3399778516057586,0.0,0.49333333333333335,0.3333333333333333,0.3333333333333333,0.4222222222222222,0.0,0.25,0.34545454545454546,0.0,0.5,0.4533333333333333,0.03333333333333333,0.2727272727272727,0.0,0.45454545454545453,0.0,0.0,0.0,0.5909090909090909,0.0,0
1.0357142857142858,1.0357142857142858,0.2777777777777778,0.3055555555555556,6.0,6,0.625,19,126.17829457364341,200.1937984496124,123.2015503875969,197.21705426356587,0.3399778516057586,0.0,0.49333333333333335,0.3333333333333333,0.3333333333333333,0.4222222222222222,0.0,0.25,0.34545454545454546,0.0,0.5,0.4533333333333333,0.03333333333333333,0.2727272727272727,0.0,0.45454545454545453,0.0,0.0,0.0,0.5909090909090909,0.0,0
1.0357142857142858,1.0357142857142858,1.0,0.6666666666666666,2.0,6,0.125,9,134.22480620155042,203.96899224806202,33.829457364341124,103.57364341085272,0.3399778516057586,0.03333333333333333,0.44,0.09166666666666666,0.3333333333333333,0.4888888888888889,0.0,0.23863636363636365,0.4909090909090909,0.09090909090909091,0.25833333333333336,0.22666666666666666,0.125,0.5151515151515151,0.0,0.0,0.0,0.2,0.2,0.0,0.0,0
1.0357142857142858,1.0357142857142858,1.0,0.6666666666666666,2.0,6,0.125,9,134.22480620155042,203.96899224806202,33.829457364341124,103.57364341085272,0.3399778516057586,0.03333333333333333,0.44,0.09166666666666666,0.3333333333333333,0.4888888888888889,0.0,0.23863636363636365,0.4909090909090909,0.09090909090909091,0.25833333333333336,0.22666666666666666,0.125,0.5151515151515151,0.0,0.0,0.0,0.2,0.2,0.0,0.0,0
1.0357142857142858,1.0357142857142858,1.0,0.6666666666666666,2.0,6,0.125,9,134.22480620155042,203.96899224806202,33.829457364341124,103.57364341085272,0.3399778516057586,0.03333333333333333,0.44,0.09166666666666666,0.3333333333333333,0.4888888888888889,0.0,0.23863636363636365,0.4909090909090909,0.09090909090909091,0.25833333333333336,0.22666666666666666,0.125,0.5151515151515151,0.0,0.0,0.0,0.2,0.2,0.0,0.0,0
1.0,1.0,0.2777777777777778,0.2777777777777778,3.0,7,0.375,20,196.06976744186045,251.88372093023256,124.60465116279069,180.4186046511628,0.19601328903654486,0.13333333333333333,0.08,0.0,0.1111111111111111,0.6,0.0,0.2727272727272727,0.5818181818181818,0.0,0.125,0.04,0.0,0.030303030303030304,0.0,0.25,0.0,0.4,0.0,0.022727272727272728,0.0,0
1.0,1.0,0.16666666666666666,0.16666666666666666,3.0,6,0.375,19,187.71317829457362,254.05426356589146,115.48062015503874,181.82170542635657,0.18715393133997785,0.13333333333333333,0.05333333333333334,0.0,0.125,0.5555555555555556,0.0,0.2840909090909091,0.509090909090909,0.0,0.125,0.02666666666666667,0.0,0.12121212121212122,0.0,0.3181818181818182,0.0,0.45454545454545453,0.0,0.09090909090909091,0.0,0
1.0,1.0,0.16666666666666666,0.16666666666666666,3.0,6,0.375,19,187.71317829457362,254.05426356589146,115.48062015503874,181.82170542635657,0.18715393133997785,0.13333333333333333,0.05333333333333334,0.0,0.125,0.5555555555555556,0.0,0.2840909090909091,0.509090909090909,0.0,0.125,0.02666666666666667,0.0,0.12121212121212122,0.0,0.3181818181818182,0.0,0.45454545454545453,0.0,0.09090909090909091,0.0,0
1.0,1.0,0.16666666666666666,0.16666666666666666,3.0,6,0.375,19,187.71317829457362,254.05426356589146,115.48062015503874,181.82170542635657,0.18715393133997785,0.13333333333333333,0.05333333333333334,0.0,0.125,0.5555555555555556,0.0,0.2840909090909091,0.509090909090909,0.0,0.125,0.02666666666666667,0.0,0.12121212121212122,0.0,0.3181818181818182,0.0,0.45454545454545453,0.0,0.09090909090909091,0.0,0
1.037037037037037,0.7037037037037037,0.5277777777777778,0.5,6.0,7,0.625,20,136.5793650793651,108.68253968253968,61.81746031746033,33.920634920634924,0.4976190476190476,0.0,0.18461538461538463,0.28846153846153844,0.09722222222222222,0.7333333333333333,0.2777777777777778,0.3375,0.48,0.575,0.057692307692307696,0.5538461538461539,0.20192307692307693,0.0,0.45454545454545453,0.25,0.13636363636363635,0.36363636363636365,0.7954545454545454,0.2727272727272727,0.4090909090909091,0
1.037037037037037,0.7037037037037037,0.5277777777777778,0.5,6.0,7,0.625,20,136.5793650793651,108.68253968253968,61.81746031746033,33.920634920634924,0.4976190476190476,0.0,0.18461538461538463,0.28846153846153844,0.09722222222222222,0.7333333333333333,0.2777777777777778,0.3375,0.48,0.575,0.057692307692307696,0.5538461538461539,0.20192307692307693,0.0,0.45454545454545453,0.25,0.13636363636363635,0.36363636363636365,0.7954545454545454,0.2727272727272727,0.4090909090909091,0
0.9259259259259259,0.7037037037037037,0.6111111111111112,0.3888888888888889,6.5,8,0.8333333333333334,19,131.61904761904762,107.54761904761904,60.92857142857143,36.85714285714285,0.5083333333333333,0.0,0.35384615384615387,0.18269230769230768,0.20833333333333334,0.7111111111111111,0.18055555555555555,0.375,0.6,0.5375,0.20192307692307693,0.38461538461538464,0.16346153846153846,0.09090909090909091,0.36363636363636365,0.4318181818181818,0.0,0.4772727272727273,0.6136363636363636,0.36363636363636365,0.36363636363636365,0
0.9259259259259259,0.7037037037037037,0.6111111111111112,0.3888888888888889,6.5,8,0.8333333333333334,19,131.61904761904762,107.54761904761904,60.92857142857143,36.85714285714285,0.5083333333333333,0.0,0.35384615384615387,0.18269230769230768,0.20833333333333334,0.7111111111111111,0.18055555555555555,0.375,0.6,0.5375,0.20192307692307693,0.38461538461538464,0.16346153846153846,0.09090909090909091,0.36363636363636365,0.4318181818181818,0.0,0.4772727272727273,0.6136363636363636,0.36363636363636365,0.36363636363636365,0
0.9259259259259259,0.7037037037037037,0.6111111111111112,0.3888888888888889,6.5,8,0.8333333333333334,19,131.61904761904762,107.54761904761904,60.92857142857143,36.85714285714285,0.5083333333333333,0.0,0.35384615384615387,0.18269230769230768,0.20833333333333334,0.7111111111111111,0.18055555555555555,0.375,0.6,0.5375,0.20192307692307693,0.38461538461538464,0.16346153846153846,0.09090909090909091,0.36363636363636365,0.4318181818181818,0.0,0.4772727272727273,0.6136363636363636,0.36363636363636365,0.36363636363636365,0
0.9629629629629629,0.9259259259259259,0.16666666666666666,0.9166666666666666,2.0,6,0.2857142857142857,25,162.86507936507937,171.19047619047618,106.22222222222223,114.54761904761904,0.36428571428571427,0.0,0.0,0.0,0.0,0.3111111111111111,0.19444444444444445,0.2125,0.56,0.1375,0.6057692307692307,0.8307692307692308,0.1346153846153846,0.0,0.36363636363636365,0.0,0.22727272727272727,0.022727272727272728,0.1590909090909091,0.18181818181818182,0.09090909090909091,0
0.8888888888888888,0.9259259259259259,0.16666666666666666,1.0,2.5,6,0.3333333333333333,24,162.0,165.75396825396825,56.73809523809524,60.492063492063494,0.36547619047619045,0.0,0.0,0.0,0.0,0.37777777777777777,0.18055555555555555,0.2625,0.48,0.1375,0.6538461538461539,0.7846153846153846,0.0673076923076923,0.0,0.42424242424242425,0.0,0.13636363636363635,0.0,0.1590909090909091,0.22727272727272727,0.09090909090909091,0
0.8888888888888888,0.9259259259259259,0.16666666666666666,1.0,2.5,6,0.3333333333333333,24,162.0,165.75396825396825,56.73809523809524,60.492063492063494,0.36547619047619045,0.0,0.0,0.0,0.0,0.37777777777777777,0.18055555555555555,0.2625,0.48,0.1375,0.6538461538461539,0.7846153846153846,0.0673076923076923,0.0,0.42424242424242425,0.0,0.13636363636363635,0.0,0.1590909090909091,0.22727272727272727,0.09090909090909091,0
0.8888888888888888,0.9259259259259259,0.16666666666666666,1.0,2.5,6,0.3333333333333333,24,162.0,165.75396825396825,56.73809523809524,60.492063492063494,0.36547619047619045,0.0,0.0,0.0,0.0,0.37777777777777777,0.18055555555555555,0.2625,0.48,0.1375,0.6538461538461539,0.7846153846153846,0.0673076923076923,0.0,0.42424242424242425,0.0,0.13636363636363635,0.0,0.1590909090909091,0.22727272727272727,0.09090909090909091,0
0.8888888888888888,0.9259259259259259,0.16666666666666666,1.0,2.5,6,0.3333333333333333,24,162.0,165.75396825396825,56.73809523809524,60.492063492063494,0.36547619047619045,0.0,0.0,0.0,0.0,0.37777777777777777,0.18055555555555555,0.2625,0.48,0.1375,0.6538461538461539,0.7846153846153846,0.0673076923076923,0.0,0.42424242424242425,0.0,0.13636363636363635,0.0,0.1590909090909091,0.22727272727272727,0.09090909090909091,0
0.8888888888888888,0.8518518518518519,0.16666666666666666,1.0,2.5,6,0.3333333333333333,24,162.0,165.75396825396825,56.73809523809524,60.492063492063494,0.36547619047619045,0.0,0.0,0.0,0.0,0.37777777777777777,0.18055555555555555,0.2625,0.48,0.1375,0.6538461538461539,0.7846153846153846,0.0673076923076923,0.0,0.42424242424242425,0.0,0.13636363636363635,0.0,0.1590909090909091,0.22727272727272727,0.09090909090909091,0
1.037037037037037,1.037037037037037,0.16666666666666666,0.3888888888888889,6.0,7,0.625,28,207.47619047619048,97.53174603174602,167.5,57.55555555555555,0.3678571428571429,0.0,0.015384615384615385,0.10576923076923077,0.0,0.5111111111111111,0.6666666666666666,0.0,0.46,0.25,0.3269230769230769,0.36923076923076925,0.0,0.0,0.3333333333333333,0.0,0.7272727272727273,0.0,0.13636363636363635,0.0,0.4090909090909091,0
1.037037037037037,1.037037037037037,0.16666666666666666,0.3888888888888889,6.0,7,0.625,28,207.47619047619048,97.53174603174602,167.5,57.55555555555555,0.3678571428571429,0.0,0.015384615384615385,0.10576923076923077,0.0,0.5111111111111111,0.6666666666666666,0.0,0.46,0.25,0.3269230769230769,0.36923076923076925,0.0,0.0,0.3333333333333333,0.0,0.7272727272727273,0.0,0.13636363636363635,0.0,0.4090909090909091,0
1.037037037037037,1.037037037037037,0.16666666666666666,0.3888888888888889,6.0,7,0.625,28,207.47619047619048,97.53174603174602,167.5,57.55555555555555,0.3678571428571429,0.0,0.015384615384615385,0.10576923076923077,0.0,0.5111111111111111,0.6666666666666666,0.0,0.46,0.25,0.3269230769230769,0.36923076923076925,0.0,0.0,0.3333333333333333,0.0,0.7272727272727273,0.0,0.13636363636363635,0.0,0.4090909090909091,0
1.037037037037037,1.037037037037037,0.16666666666666666,0.3888888888888889,6.0,7,0.625,28,207.47619047619048,97.53174603174602,167.5,57.55555555555555,0.3678571428571429,0.0,0.015384615384615385,0.10576923076923077,0.0,0.5111111111111111,0.6666666666666666,0.0,0.46,0.25,0.3269230769230769,0.36923076923076925,0.0,0.0,0.3333333333333333,0.0,0.7272727272727273,0.0,0.13636363636363635,0.0,0.4090909090909091,0
1.037037037037037,1.037037037037037,0.0,0.2777777777777778,3.0,4,0.125,35,211.2063492063492,208.46031746031747,121.2301587301587,118.48412698412699,0.2261904761904762,0.0,0.0,0.0,0.0,0.37777777777777777,0.0,0.0125,0.52,0.025,0.0,0.0,0.0,0.0,0.15151515151515152,0.022727272727272728,0.20454545454545456,0.0,0.2727272727272727,0.022727272727272728,0.29545454545454547,1
1.037037037037037,1.037037037037037,0.0,0.5333333333333333,5.0,7,0.625,30,212.8730158730159,129.16666666666666,135.5634920634921,51.85714285714285,0.35119047619047616,0.0,0.27692307692307694,0.33653846153846156,0.013888888888888888,0.4444444444444444,0.25,0.1125,0.6,0.3,0.0,0.6461538461538462,0.6923076923076923,0.18181818181818182,0.6060606060606061,0.20454545454545456,0.0,0.2727272727272727,0.5454545454545454,0.29545454545454547,0.18181818181818182,0
1.037037037037037,1.037037037037037,0.0,0.5333333333333333,5.0,7,0.625,30,212.8730158730159,129.16666666666666,135.5634920634921,51.85714285714285,0.35119047619047616,0.0,0.27692307692307694,0.33653846153846156,0.013888888888888888,0.4444444444444444,0.25,0.1125,0.6,0.3,0.0,0.6461538461538462,0.6923076923076923,0.18181818181818182,0.6060606060606061,0.20454545454545456,0.0,0.2727272727272727,0.5454545454545454,0.29545454545454547,0.18181818181818182,0
1.037037037037037,1.037037037037037,0.0,0.5333333333333333,5.0,7,0.625,30,212.8730158730159,129.16666666666666,135.5634920634921,51.85714285714285,0.35119047619047616,0.0,0.27692307692307694,0.33653846153846156,0.013888888888888888,0.4444444444444444,0.25,0.1125,0.6,0.3,0.0,0.6461538461538462,0.6923076923076923,0.18181818181818182,0.6060606060606061,0.20454545454545456,0.0,0.2727272727272727,0.5454545454545454,0.29545454545454547,0.18181818181818182,0
1.037037037037037,1.037037037037037,0.0,0.5333333333333333,5.0,7,0.625,30,212.8730158730159,129.16666666666666,135.5634920634921,51.85714285714285,0.35119047619047616,0.0,0.27692307692307694,0.33653846153846156,0.013888888888888888,0.4444444444444444,0.25,0.1125,0.6,0.3,0.0,0.6461538461538462,0.6923076923076923,0.18181818181818182,0.6060606060606061,0.20454545454545456,0.0,0.2727272727272727,0.5454545454545454,0.29545454545454547,0.18181818181818182,0
1.037037037037037,1.037037037037037,0.0,0.5333333333333333,5.0,7,0.625,30,212.8730158730159,129.16666666666666,135.5634920634921,51.85714285714285,0.35119047619047616,0.0,0.27692307692307694,0.33653846153846156,0.013888888888888888,0.4444444444444444,0.25,0.1125,0.6,0.3,0.0,0.6461538461538462,0.6923076923076923,0.18181818181818182,0.6060606060606061,0.20454545454545456,0.0,0.2727272727272727,0.5454545454545454,0.29545454545454547,0.18181818181818182,0
1.037037037037037,1.037037037037037,0.6666666666666666,1.0,3.0,6,0.375,35,162.2777777777778,159.64285714285714,128.84920634920638,126.21428571428571,0.375,0.14423076923076922,0.4461538461538462,0.49038461538461536,0.0,0.4888888888888889,0.25,0.2625,0.66,0.0125,0.7211538461538461,0.6307692307692307,0.0,0.0,0.6363636363636364,0.0,0.022727272727272728,0.022727272727272728,0.022727272727272728,0.4318181818181818,0.022727272727272728,0
1.037037037037037,1.037037037037037,0.7777777777777778,0.7777777777777778,3.0,7,0.375,35,153.74603174603175,160.56349206349205,111.07936507936509,117.89682539682539,0.36904761904761907,0.14423076923076922,0.5230769230769231,0.4423076923076923,0.0,0.5555555555555556,0.20833333333333334,0.2875,0.58,0.0125,0.7211538461538461,0.47692307692307695,0.0,0.0,0.5454545454545454,0.0,0.0,0.11363636363636363,0.0,0.4318181818181818,0.022727272727272728,0
1.037037037037037,1.037037037037037,0.7777777777777778,0.7777777777777778,3.0,7,0.375,35,153.74603174603175,160.56349206349205,111.07936507936509,117.89682539682539,0.36904761904761907,0.14423076923076922,0.5230769230769231,0.4423076923076923,0.0,0.5555555555555556,0.20833333333333334,0.2875,0.58,0.0125,0.7211538461538461,0.47692307692307695,0.0,0.0,0.5454545454545454,0.0,0.0,0.11363636363636363,0.0,0.4318181818181818,0.022727272727272728,0
1.037037037037037,1.037037037037037,0.7777777777777778,0.7777777777777778,3.0,7,0.375,35,153.74603174603175,160.56349206349205,111.07936507936509,117.89682539682539,0.36904761904761907,0.14423076923076922,0.5230769230769231,0.4423076923076923,0.0,0.5555555555555556,0.20833333333333334,0.2875,0.58,0.0125,0.7211538461538461,0.47692307692307695,0.0,0.0,0.5454545454545454,0.0,0.0,0.11363636363636363,0.0,0.4318181818181818,0.022727272727272728,0
1.037037037037037,1.037037037037037,0.7777777777777778,0.7777777777777778,3.0,7,0.375,35,153.74603174603175,160.56349206349205,111.07936507936509,117.89682539682539,0.36904761904761907,0.14423076923076922,0.5230769230769231,0.4423076923076923,0.0,0.5555555555555556,0.20833333333333334,0.2875,0.58,0.0125,0.7211538461538461,0.47692307692307695,0.0,0.0,0.5454545454545454,0.0,0.0,0.11363636363636363,0.0,0.4318181818181818,0.022727272727272728,0
1.037037037037037,1.037037037037037,1.0,0.25,2.5,8,0.375,33,210.69047619047618,119.05555555555554,131.47619047619048,39.841269841269835,0.4261904761904762,0.028846153846153848,0.6307692307692307,0.4423076923076923,0.25,0.4888888888888889,0.4722222222222222,0.0875,0.46,0.55,0.0,0.0,0.08653846153846154,0.3939393939393939,0.3333333333333333,0.2727272727272727,0.38636363636363635,0.20454545454545456,0.0,0.20454545454545456,0.9545454545454546,0
1.037037037037037,1.037037037037037,1.0,0.25,2.5,8,0.375,33,210.69047619047618,119.05555555555554,131.47619047619048,39.841269841269835,0.4261904761904762,0.028846153846153848,0.6307692307692307,0.4423076923076923,0.25,0.4888888888888889,0.4722222222222222,0.0875,0.46,0.55,0.0,0.0,0.08653846153846154,0.3939393939393939,0.3333333333333333,0.2727272727272727,0.38636363636363635,0.20454545454545456,0.0,0.20454545454545456,0.9545454545454546,0
1.037037037037037,1.037037037037037,1.0,0.25,2.5,8,0.375,33,210.69047619047618,119.05555555555554,131.47619047619048,39.841269841269835,0.4261904761904762,0.028846153846153848,0.6307692307692307,0.4423076923076923,0.25,0.4888888888888889,0.4722222222222222,0.0875,0.46,0.55,0.0,0.0,0.08653846153846154,0.3939393939393939,0.3333333333333333,0.2727272727272727,0.38636363636363635,0.20454545454545456,0.0,0.20454545454545456,0.9545454545454546,0
1.037037037037037,1.037037037037037,1.0,0.25,2.5,8,0.375,33,210.69047619047618,119.05555555555554,131.47619047619048,39.841269841269835,0.4261904761904762,0.028846153846153848,0.6307692307692307,0.4423076923076923,0.25,0.4888888888888889,0.4722222222222222,0.0875,0.46,0.55,0.0,0.0,0.08653846153846154,0.3939393939393939,0.3333333333333333,0.2727272727272727,0.38636363636363635,0.20454545454545456,0.0,0.20454545454545456,0.9545454545454546,0
1.037037037037037,1.037037037037037,1.0,0.25,2.5,8,0.375,33,210.69047619047618,119.05555555555554,131.47619047619048,39.841269841269835,0.4261904761904762,0.028846153846153848,0.6307692307692307,0.4423076923076923,0.25,0.4888888888888889,0.4722222222222222,0.0875,0.46,0.55,0.0,0.0,0.08653846153846154,0.3939393939393939,0.3333333333333333,0.2727272727272727,0.38636363636363635,0.20454545454545456,0.0,0.20454545454545456,0.9545454545454546,0
1.037037037037037,1.037037037037037,0.5,0.8888888888888888,5.5,10,0.625,26,134.484126984127,154.5079365079365,115.96031746031747,135.984126984127,0.4511904761904762,0.038461538461538464,0.4153846153846154,0.4326923076923077,0.19444444444444445,0.5555555555555556,0.25,0.5875,0.64,0.025,0.2692307692307692,0.2923076923076923,0.0,0.0,0.6363636363636364,0.4090909090909091,0.022727272727272728,0.0,0.0,0.9545454545454546,0.06818181818181818,0
1.037037037037037,1.037037037037037,0.5,0.8888888888888888,5.5,10,0.625,26,134.484126984127,154.5079365079365,115.96031746031747,135.984126984127,0.4511904761904762,0.038461538461538464,0.4153846153846154,0.4326923076923077,0.19444444444444445,0.5555555555555556,0.25,0.5875,0.64,0.025,0.2692307692307692,0.2923076923076923,0.0,0.0,0.6363636363636364,0.4090909090909091,0.022727272727272728,0.0,0.0,0.9545454545454546,0.06818181818181818,0
1.037037037037037,1.037037037037037,0.5,0.8888888888888888,5.5,10,0.625,26,134.484126984127,154.5079365079365,115.96031746031747,135.984126984127,0.4511904761904762,0.038461538461538464,0.4153846153846154,0.4326923076923077,0.19444444444444445,0.5555555555555556,0.25,0.5875,0.64,0.025,0.2692307692307692,0.2923076923076923,0.0,0.0,0.6363636363636364,0.4090909090909091,0.022727272727272728,0.0,0.0,0.9545454545454546,0.06818181818181818,0
1.037037037037037,1.037037037037037,0.5,0.8888888888888888,5.5,10,0.625,26,134.484126984127,154.5079365079365,115.96031746031747,135.984126984127,0.4511904761904762,0.038461538461538464,0.4153846153846154,0.4326923076923077,0.19444444444444445,0.5555555555555556,0.25,0.5875,0.64,0.025,0.2692307692307692,0.2923076923076923,0.0,0.0,0.6363636363636364,0.4090909090909091,0.022727272727272728,0.0,0.0,0.9545454545454546,0.06818181818181818,0
1.037037037037037,1.037037037037037,0.5,0.8888888888888888,5.5,10,0.625,26,134.484126984127,154.5079365079365,115.96031746031747,135.984126984127,0.4511904761904762,0.038461538461538464,0.4153846153846154,0.4326923076923077,0.19444444444444445,0.5555555555555556,0.25,0.5875,0.64,0.025,0.2692307692307692,0.2923076923076923,0.0,0.0,0.6363636363636364,0.4090909090909091,0.022727272727272728,0.0,0.0,0.9545454545454546,0.06818181818181818,0
1.037037037037037,1.037037037037037,0.5833333333333334,0.6666666666666666,2.0,8,0.375,32,202.03174603174602,128.48412698412702,138.86507936507937,65.31746031746036,0.4511904761904762,0.009615384615384616,0.49230769230769234,0.5,0.3055555555555556,0.4444444444444444,0.3888888888888889,0.1125,0.56,0.4125,0.0,0.36923076923076925,0.6923076923076923,0.5151515151515151,0.30303030303030304,0.3181818181818182,0.4772727272727273,0.20454545454545456,0.2727272727272727,0.25,0.22727272727272727,0
1.037037037037037,1.037037037037037,0.5833333333333334,0.6666666666666666,2.0,8,0.375,32,202.03174603174602,128.48412698412702,138.86507936507937,65.31746031746036,0.4511904761904762,0.009615384615384616,0.49230769230769234,0.5,0.3055555555555556,0.4444444444444444,0.3888888888888889,0.1125,0.56,0.4125,0.0,0.36923076923076925,0.6923076923076923,0.5151515151515151,0.30303030303030304,0.3181818181818182,0.4772727272727273,0.20454545454545456,0.2727272727272727,0.25,0.22727272727272727,0
1.037037037037037,1.037037037037037,0.5833333333333334,0.6666666666666666,2.0,8,0.375,32,202.03174603174602,128.48412698412702,138.86507936507937,65.31746031746036,0.4511904761904762,0.009615384615384616,0.49230769230769234,0.5,0.3055555555555556,0.4444444444444444,0.3888888888888889,0.1125,0.56,0.4125,0.0,0.36923076923076925,0.6923076923076923,0.5151515151515151,0.30303030303030304,0.3181818181818182,0.4772727272727273,0.20454545454545456,0.2727272727272727,0.25,0.22727272727272727,0
1.037037037037037,1.037037037037037,0.5833333333333334,0.6666666666666666,2.0,8,0.375,32,202.03174603174602,128.48412698412702,138.86507936507937,65.31746031746036,0.4511904761904762,0.009615384615384616,0.49230769230769234,0.5,0.3055555555555556,0.4444444444444444,0.3888888888888889,0.1125,0.56,0.4125,0.0,0.36923076923076925,0.6923076923076923,0.5151515151515151,0.30303030303030304,0.3181818181818182,0.4772727272727273,0.20454545454545456,0.2727272727272727,0.25,0.22727272727272727,0
1.037037037037037,0.8888888888888888,1.0,1.0,2.0,9,0.42857142857142855,31,199.95238095238096,123.38095238095237,169.88095238095238,93.3095238095238,0.4452380952380952,0.028846153846153848,0.5846153846153846,0.4423076923076923,0.2638888888888889,0.5333333333333333,0.3333333333333333,0.0625,0.6,0.4125,0.0,0.5076923076923077,0.6923076923076923,0.42424242424242425,0.30303030303030304,0.29545454545454547,0.4090909090909091,0.20454545454545456,0.2727272727272727,0.18181818181818182,0.20454545454545456,0
1.037037037037037,0.9629629629629629,0.05555555555555555,0.8333333333333334,5.5,10,0.625,30,168.38095238095238,130.0079365079365,107.95238095238095,69.57936507936508,0.4261904761904762,0.038461538461538464,0.18461538461538463,0.14423076923076922,0.0,0.4,0.3333333333333333,0.2125,0.66,0.275,0.7596153846153846,0.7846153846153846,0.0,0.0,0.6363636363636364,0.0,0.1590909090909091,0.1590909090909091,0.4090909090909091,0.1590909090909091,0.20454545454545456,0
1.037037037037037,0.9629629629629629,0.05555555555555555,0.8333333333333334,5.5,10,0.625,30,168.38095238095238,130.0079365079365,107.95238095238095,69.57936507936508,0.4261904761904762,0.038461538461538464,0.18461538461538463,0.14423076923076922,0.0,0.4,0.3333333333333333,0.2125,0.66,0.275,0.7596153846153846,0.7846153846153846,0.0,0.0,0.6363636363636364,0.0,0.1590909090909091,0.1590909090909091,0.4090909090909091,0.1590909090909091,0.20454545454545456,0
1.037037037037037,0.9629629629629629,0.05555555555555555,0.8333333333333334,5.5,10,0.625,30,168.38095238095238,130.0079365079365,107.95238095238095,69.57936507936508,0.4261904761904762,0.038461538461538464,0.18461538461538463,0.14423076923076922,0.0,0.4,0.3333333333333333,0.2125,0.66,0.275,0.7596153846153846,0.7846153846153846,0.0,0.0,0.6363636363636364,0.0,0.1590909090909091,0.1590909090909091,0.4090909090909091,0.1590909090909091,0.20454545454545456,0
1.037037037037037,0.9629629629629629,0.05555555555555555,0.8333333333333334,5.5,10,0.625,30,168.38095238095238,130.0079365079365,107.95238095238095,69.57936507936508,0.4261904761904762,0.038461538461538464,0.18461538461538463,0.14423076923076922,0.0,0.4,0.3333333333333333,0.2125,0.66,0.275,0.7596153846153846,0.7846153846153846,0.0,0.0,0.6363636363636364,0.0,0.1590909090909091,0.1590909090909091,0.4090909090909091,0.1590909090909091,0.20454545454545456,0
1.037037037037037,0.9629629629629629,0.05555555555555555,0.8333333333333334,5.5,10,0.625,30,168.38095238095238,130.0079365079365,107.95238095238095,69.57936507936508,0.4261904761904762,0.038461538461538464,0.18461538461538463,0.14423076923076922,0.0,0.4,0.3333333333333333,0.2125,0.66,0.275,0.7596153846153846,0.7846153846153846,0.0,0.0,0.6363636363636364,0.0,0.1590909090909091,0.1590909090909091,0.4090909090909091,0.1590909090909091,0.20454545454545456,0
1.037037037037037,1.037037037037037,0.8333333333333334,1.0,1.0,7,0.375,22,206.96825396825398,96.40476190476191,175.92063492063494,65.35714285714286,0.41785714285714287,0.0,0.2923076923076923,0.36538461538461536,0.25,0.5333333333333333,0.4722222222222222,0.075,0.34,0.2,0.0,0.3384615384615385,0.09615384615384616,0.48484848484848486,0.30303030303030304,0.22727272727272727,0.4090909090909091,0.22727272727272727,0.0,0.13636363636363635,0.13636363636363635,0
1.037037037037037,1.037037037037037,0.8333333333333334,1.0,1.0,7,0.375,22,206.96825396825398,96.40476190476191,175.92063492063494,65.35714285714286,0.41785714285714287,0.0,0.2923076923076923,0.36538461538461536,0.25,0.5333333333333333,0.4722222222222222,0.075,0.34,0.2,0.0,0.3384615384615385,0.09615384615384616,0.48484848484848486,0.30303030303030304,0.22727272727272727,0.4090909090909091,0.22727272727272727,0.0,0.13636363636363635,0.13636363636363635,0
1.037037037037037,1.037037037037037,0.8333333333333334,1.0,1.0,7,0.375,22,206.96825396825398,96.40476190476191,175.92063492063494,65.35714285714286,0.41785714285714287,0.0,0.2923076923076923,0.36538461538461536,0.25,0.5333333333333333,0.4722222222222222,0.075,0.34,0.2,0.0,0.3384615384615385,0.09615384615384616,0.48484848484848486,0.30303030303030304,0.22727272727272727,0.4090909090909091,0.22727272727272727,0.0,0.13636363636363635,0.13636363636363635,0
1.037037037037037,1.037037037037037,0.8333333333333334,1.0,1.0,7,0.375,22,206.96825396825398,96.40476190476191,175.92063492063494,65.35714285714286,0.41785714285714287,0.0,0.2923076923076923,0.36538461538461536,0.25,0.5333333333333333,0.4722222222222222,0.075,0.34,0.2,0.0,0.3384615384615385,0.09615384615384616,0.48484848484848486,0.30303030303030304,0.22727272727272727,0.4090909090909091,0.22727272727272727,0.0,0.13636363636363635,0.13636363636363635,0
1.037037037037037,1.037037037037037,0.25,0.3611111111111111,6.5,7,0.625,20,181.67460317460322,105.68253968253968,128.48412698412704,52.492063492063494,0.48333333333333334,0.0,0.07692307692307693,0.25,0.2916666666666667,0.6,0.5694444444444444,0.2125,0.48,0.3,0.0,0.3230769230769231,0.3173076923076923,0.15151515151515152,0.24242424242424243,0.4318181818181818,0.6363636363636364,0.4318181818181818,0.6363636363636364,0.0,0.0,0
1.037037037037037,1.037037037037037,0.25,0.3611111111111111,6.5,7,0.625,20,181.67460317460322,105.68253968253968,128.48412698412704,52.492063492063494,0.48333333333333334,0.0,0.07692307692307693,0.25,0.2916666666666667,0.6,0.5694444444444444,0.2125,0.48,0.3,0.0,0.3230769230769231,0.3173076923076923,0.15151515151515152,0.24242424242424243,0.4318181818181818,0.6363636363636364,0.4318181818181818,0.6363636363636364,0.0,0.0,0
1.037037037037037,1.037037037037037,0.25,0.3611111111111111,6.5,7,0.625,20,181.67460317460322,105.68253968253968,128.48412698412704,52.492063492063494,0.48333333333333334,0.0,0.07692307692307693,0.25,0.2916666666666667,0.6,0.5694444444444444,0.2125,0.48,0.3,0.0,0.3230769230769231,0.3173076923076923,0.15151515151515152,0.24242424242424243,0.4318181818181818,0.6363636363636364,0.4318181818181818,0.6363636363636364,0.0,0.0,0
1.037037037037037,1.037037037037037,0.25,0.3611111111111111,6.5,7,0.625,20,181.67460317460322,105.68253968253968,128.48412698412704,52.492063492063494,0.48333333333333334,0.0,0.07692307692307693,0.25,0.2916666666666667,0.6,0.5694444444444444,0.2125,0.48,0.3,0.0,0.3230769230769231,0.3173076923076923,0.15151515151515152,0.24242424242424243,0.4318181818181818,0.6363636363636364,0.4318181818181818,0.6363636363636364,0.0,0.0,0
1.037037037037037,1.037037037037037,0.25,0.3611111111111111,6.5,7,0.625,20,181.67460317460322,105.68253968253968,128.48412698412704,52.492063492063494,0.48333333333333334,0.0,0.07692307692307693,0.25,0.2916666666666667,0.6,0.5694444444444444,0.2125,0.48,0.3,0.0,0.3230769230769231,0.3173076923076923,0.15151515151515152,0.24242424242424243,0.4318181818181818,0.6363636363636364,0.4318181818181818,0.6363636363636364,0.0,0.0,0
1.037037037037037,0.9629629629629629,0.30952380952380953,0.42857142857142855,7.0,7,0.75,26,213.1031746031746,89.3968253968254,155.91269841269843,32.206349206349216,0.4011904761904762,0.09615384615384616,0.2,0.0673076923076923,0.0,0.4444444444444444,0.3472222222222222,0.0,0.72,0.35,0.36538461538461536,0.49230769230769234,0.0,0.0,0.6060606060606061,0.0,0.20454545454545456,0.0,0.45454545454545453,0.0,0.3409090909090909,0
1.037037037037037,0.9629629629629629,0.30952380952380953,0.42857142857142855,7.0,7,0.75,26,213.1031746031746,89.3968253968254,155.91269841269843,32.206349206349216,0.4011904761904762,0.09615384615384616,0.2,0.0673076923076923,0.0,0.4444444444444444,0.3472222222222222,0.0,0.72,0.35,0.36538461538461536,0.49230769230769234,0.0,0.0,0.6060606060606061,0.0,0.20454545454545456,0.0,0.45454545454545453,0.0,0.3409090909090909,0
1.037037037037037,0.9629629629629629,0.30952380952380953,0.42857142857142855,7.0,7,0.75,26,213.1031746031746,89.3968253968254,155.91269841269843,32.206349206349216,0.4011904761904762,0.09615384615384616,0.2,0.0673076923076923,0.0,0.4444444444444444,0.3472222222222222,0.0,0.72,0.35,0.36538461538461536,0.49230769230769234,0.0,0.0,0.6060606060606061,0.0,0.20454545454545456,0.0,0.45454545454545453,0.0,0.3409090909090909,0
1.037037037037037,0.9629629629629629,0.30952380952380953,0.42857142857142855,7.0,7,0.75,26,213.1031746031746,89.3968253968254,155.91269841269843,32.206349206349216,0.4011904761904762,0.09615384615384616,0.2,0.0673076923076923,0.0,0.4444444444444444,0.3472222222222222,0.0,0.72,0.35,0.36538461538461536,0.49230769230769234,0.0,0.0,0.6060606060606061,0.0,0.20454545454545456,0.0,0.45454545454545453,0.0,0.3409090909090909,0
1.037037037037037,0.9629629629629629,0.30952380952380953,0.42857142857142855,7.0,7,0.75,26,213.1031746031746,89.3968253968254,155.91269841269843,32.206349206349216,0.4011904761904762,0.09615384615384616,0.2,0.0673076923076923,0.0,0.4444444444444444,0.3472222222222222,0.0,0.72,0.35,0.36538461538461536,0.49230769230769234,0.0,0.0,0.6060606060606061,0.0,0.20454545454545456,0.0,0.45454545454545453,0.0,0.3409090909090909,0
1.037037037037037,1.037037037037037,0.16666666666666666,0.16666666666666666,3.0,3,0.0,35,211.7380952380952,212.36507936507937,136.6428571428571,137.26984126984127,0.3130952380952381,0.0,0.0,0.15384615384615385,0.0,0.4666666666666667,0.1111111111111111,0.0,0.4,0.2,0.0,0.0,0.25961538461538464,0.06060606060606061,0.18181818181818182,0.0,0.29545454545454547,0.0,0.09090909090909091,0.0,0.38636363636363635,1
0.9259259259259259,0.8148148148148148,0.19444444444444445,0.3333333333333333,6.0,7,0.6666666666666666,25,212.95238095238096,116.40476190476188,135.52380952380952,38.97619047619045,0.43333333333333335,0.0,0.3230769230769231,0.3269230769230769,0.2916666666666667,0.28888888888888886,0.4305555555555556,0.25,0.4,0.3,0.0,0.5076923076923077,0.5673076923076923,0.2727272727272727,0.3939393939393939,0.2727272727272727,0.36363636363636365,0.2727272727272727,0.0,0.18181818181818182,0.6363636363636364,0
0.9259259259259259,0.8148148148148148,0.19444444444444445,0.3333333333333333,6.0,7,0.6666666666666666,25,212.95238095238096,116.40476190476188,135.52380952380952,38.97619047619045,0.43333333333333335,0.0,0.3230769230769231,0.3269230769230769,0.2916666666666667,0.28888888888888886,0.4305555555555556,0.25,0.4,0.3,0.0,0.5076923076923077,0.5673076923076923,0.2727272727272727,0.3939393939393939,0.2727272727272727,0.36363636363636365,0.2727272727272727,0.0,0.18181818181818182,0.6363636363636364,0
0.9259259259259259,0.8148148148148148,0.19444444444444445,0.3333333333333333,6.0,7,0.6666666666666666,25,212.95238095238096,116.40476190476188,135.52380952380952,38.97619047619045,0.43333333333333335,0.0,0.3230769230769231,0.3269230769230769,0.2916666666666667,0.28888888888888886,0.4305555555555556,0.25,0.4,0.3,0.0,0.5076923076923077,0.5673076923076923,0.2727272727272727,0.3939393939393939,0.2727272727272727,0.36363636363636365,0.2727272727272727,0.0,0.18181818181818182,0.6363636363636364,0
0.9259259259259259,0.8148148148148148,0.19444444444444445,0.3333333333333333,6.0,7,0.6666666666666666,25,212.95238095238096,116.40476190476188,135.52380952380952,38.97619047619045,0.43333333333333335,0.0,0.3230769230769231,0.3269230769230769,0.2916666666666667,0.28888888888888886,0.4305555555555556,0.25,0.4,0.3,0.0,0.5076923076923077,0.5673076923076923,0.2727272727272727,0.3939393939393939,0.2727272727272727,0.36363636363636365,0.2727272727272727,0.0,0.18181818181818182,0.6363636363636364,0
0.9259259259259259,0.8148148148148148,0.19444444444444445,0.3333333333333333,6.0,7,0.6666666666666666,25,212.95238095238096,116.40476190476188,135.52380952380952,38.97619047619045,0.43333333333333335,0.0,0.3230769230769231,0.3269230769230769,0.2916666666666667,0.28888888888888886,0.4305555555555556,0.25,0.4,0.3,0.0,0.5076923076923077,0.5673076923076923,0.2727272727272727,0.3939393939393939,0.2727272727272727,0.36363636363636365,0.2727272727272727,0.0,0.18181818181818182,0.6363636363636364,0
1.037037037037037,0.9259259259259259,0.5,0.5,2.0,6,0.14285714285714285,32,182.03968253968256,167.4206349206349,119.46825396825399,104.84920634920634,0.42142857142857143,0.3269230769230769,0.16923076923076924,0.15384615384615385,0.4305555555555556,0.4222222222222222,0.25,0.3,0.36,0.0,0.5673076923076923,0.6923076923076923,0.4230769230769231,0.42424242424242425,0.6363636363636364,0.4318181818181818,0.0,0.0,0.0,0.7272727272727273,0.0,0
1.037037037037037,0.9259259259259259,0.5,0.5,2.0,6,0.14285714285714285,32,182.03968253968256,167.4206349206349,119.46825396825399,104.84920634920634,0.42142857142857143,0.3269230769230769,0.16923076923076924,0.15384615384615385,0.4305555555555556,0.4222222222222222,0.25,0.3,0.36,0.0,0.5673076923076923,0.6923076923076923,0.4230769230769231,0.42424242424242425,0.6363636363636364,0.4318181818181818,0.0,0.0,0.0,0.7272727272727273,0.0,0
1.037037037037037,0.9259259259259259,0.5,0.5,2.0,6,0.14285714285714285,32,182.03968253968256,167.4206349206349,119.46825396825399,104.84920634920634,0.42142857142857143,0.3269230769230769,0.16923076923076924,0.15384615384615385,0.4305555555555556,0.4222222222222222,0.25,0.3,0.36,0.0,0.5673076923076923,0.6923076923076923,0.4230769230769231,0.42424242424242425,0.6363636363636364,0.4318181818181818,0.0,0.0,0.0,0.7272727272727273,0.0,0
1.037037037037037,0.9259259259259259,0.5,0.5,2.0,6,0.14285714285714285,32,182.03968253968256,167.4206349206349,119.46825396825399,104.84920634920634,0.42142857142857143,0.3269230769230769,0.16923076923076924,0.15384615384615385,0.4305555555555556,0.4222222222222222,0.25,0.3,0.36,0.0,0.5673076923076923,0.6923076923076923,0.4230769230769231,0.42424242424242425,0.6363636363636364,0.4318181818181818,0.0,0.0,0.0,0.7272727272727273,0.0,0
0.9629629629629629,0.8148148148148148,0.5833333333333334,0.5833333333333334,2.0,6,0.3333333333333333,35,201.96825396825398,161.02380952380952,124.13492063492065,83.19047619047619,0.33095238095238094,0.15384615384615385,0.09230769230769231,0.0,0.1111111111111111,0.4666666666666667,0.375,0.0,0.3,0.0,0.47115384615384615,0.6307692307692307,0.0,0.36363636363636365,0.45454545454545453,0.0,0.36363636363636365,0.0,0.0,0.0,0.0,0
0.9629629629629629,0.8148148148148148,0.5833333333333334,0.5833333333333334,2.0,6,0.3333333333333333,35,201.96825396825398,161.02380952380952,124.13492063492065,83.19047619047619,0.33095238095238094,0.15384615384615385,0.09230769230769231,0.0,0.1111111111111111,0.4666666666666667,0.375,0.0,0.3,0.0,0.47115384615384615,0.6307692307692307,0.0,0.36363636363636365,0.45454545454545453,0.0,0.36363636363636365,0.0,0.0,0.0,0.0,0
0.9629629629629629,0.8148148148148148,0.5833333333333334,0.5833333333333334,2.0,6,0.3333333333333333,35,201.96825396825398,161.02380952380952,124.13492063492065,83.19047619047619,0.33095238095238094,0.15384615384615385,0.09230769230769231,0.0,0.1111111111111111,0.4666666666666667,0.375,0.0,0.3,0.0,0.47115384615384615,0.6307692307692307,0.0,0.36363636363636365,0.45454545454545453,0.0,0.36363636363636365,0.0,0.0,0.0,0.0,0
0.9629629629629629,0.8148148148148148,0.5833333333333334,0.5833333333333334,2.0,6,0.3333333333333333,35,201.96825396825398,161.02380952380952,124.13492063492065,83.19047619047619,0.33095238095238094,0.15384615384615385,0.09230769230769231,0.0,0.1111111111111111,0.4666666666666667,0.375,0.0,0.3,0.0,0.47115384615384615,0.6307692307692307,0.0,0.36363636363636365,0.45454545454545453,0.0,0.36363636363636365,0.0,0.0,0.0,0.0,0
0.9629629629629629,0.8148148148148148,0.5833333333333334,0.5833333333333334,2.0,6,0.3333333333333333,35,201.96825396825398,161.02380952380952,124.13492063492065,83.19047619047619,0.33095238095238094,0.15384615384615385,0.09230769230769231,0.0,0.1111111111111111,0.4666666666666667,0.375,0.0,0.3,0.0,0.47115384615384615,0.6307692307692307,0.0,0.36363636363636365,0.45454545454545453,0.0,0.36363636363636365,0.0,0.0,0.0,0.0,0
0.8888888888888888,0.8148148148148148,0.5277777777777778,0.16666666666666666,5.5,7,0.6666666666666666,31,190.87301587301587,137.25396825396825,96.53968253968254,42.920634920634924,0.4357142857142857,0.04807692307692308,0.49230769230769234,0.40384615384615385,0.4166666666666667,0.5333333333333333,0.2222222222222222,0.0875,0.32,0.3625,0.0,0.0,0.0,0.5151515151515151,0.0,0.20454545454545456,0.5681818181818182,0.3409090909090909,0.9318181818181818,0.0,0.0,0
0.8888888888888888,0.8148148148148148,0.5277777777777778,0.16666666666666666,5.5,7,0.6666666666666666,31,190.87301587301587,137.25396825396825,96.53968253968254,42.920634920634924,0.4357142857142857,0.04807692307692308,0.49230769230769234,0.40384615384615385,0.4166666666666667,0.5333333333333333,0.2222222222222222,0.0875,0.32,0.3625,0.0,0.0,0.0,0.5151515151515151,0.0,0.20454545454545456,0.5681818181818182,0.3409090909090909,0.9318181818181818,0.0,0.0,0
0.8888888888888888,0.8148148148148148,0.5277777777777778,0.16666666666666666,5.5,7,0.6666666666666666,31,190.87301587301587,137.25396825396825,96.53968253968254,42.920634920634924,0.4357142857142857,0.04807692307692308,0.49230769230769234,0.40384615384615385,0.4166666666666667,0.5333333333333333,0.2222222222222222,0.0875,0.32,0.3625,0.0,0.0,0.0,0.5151515151515151,0.0,0.20454545454545456,0.5681818181818182,0.3409090909090909,0.9318181818181818,0.0,0.0,0
0.8888888888888888,0.8148148148148148,0.5277777777777778,0.16666666666666666,5.5,7,0.6666666666666666,31,190.87301587301587,137.25396825396825,96.53968253968254,42.920634920634924,0.4357142857142857,0.04807692307692308,0.49230769230769234,0.40384615384615385,0.4166666666666667,0.5333333333333333,0.2222222222222222,0.0875,0.32,0.3625,0.0,0.0,0.0,0.5151515151515151,0.0,0.20454545454545456,0.5681818181818182,0.3409090909090909,0.9318181818181818,0.0,0.0,0
0.8888888888888888,0.8148148148148148,0.5277777777777778,0.16666666666666666,5.5,7,0.6666666666666666,31,190.87301587301587,137.25396825396825,96.53968253968254,42.920634920634924,0.4357142857142857,0.04807692307692308,0.49230769230769234,0.40384615384615385,0.4166666666666667,0.5333333333333333,0.2222222222222222,0.0875,0.32,0.3625,0.0,0.0,0.0,0.5151515151515151,0.0,0.20454545454545456,0.5681818181818182,0.3409090909090909,0.9318181818181818,0.0,0.0,0
0.8518518518518519,0.8148148148148148,0.5666666666666667,0.16666666666666666,5.0,11,0.5,32,151.57142857142858,159.97619047619048,50.809523809523824,59.21428571428572,0.44642857142857145,0.40384615384615385,0.47692307692307695,0.5673076923076923,0.2222222222222222,0.5555555555555556,0.0,0.3625,0.4,0.3125,0.0,0.0,0.0,0.0,0.0,0.5681818181818182,0.022727272727272728,0.9318181818181818,0.7954545454545454,0.0,0.0,0
0.8518518518518519,0.8148148148148148,0.6666666666666666,0.16666666666666666,4.5,11,0.5,32,150.7777777777778,161.94444444444443,57.7777777777778,68.94444444444443,0.44047619047619047,0.3173076923076923,0.6153846153846154,0.49038461538461536,0.2222222222222222,0.5111111111111111,0.0,0.3625,0.4,0.3,0.0,0.0,0.0,0.0,0.0,0.5681818181818182,0.0,0.9318181818181818,0.7727272727272727,0.0,0.0,0
0.8518518518518519,0.8148148148148148,0.6666666666666666,0.16666666666666666,4.5,11,0.5,32,150.7777777777778,161.94444444444443,57.7777777777778,68.94444444444443,0.44047619047619047,0.3173076923076923,0.6153846153846154,0.49038461538461536,0.2222222222222222,0.5111111111111111,0.0,0.3625,0.4,0.3,0.0,0.0,0.0,0.0,0.0,0.5681818181818182,0.0,0.9318181818181818,0.7727272727272727,0.0,0.0,0
0.8518518518518519,0.8148148148148148,0.6666666666666666,0.16666666666666666,4.5,11,0.5,32,150.7777777777778,161.94444444444443,57.7777777777778,68.94444444444443,0.44047619047619047,0.3173076923076923,0.6153846153846154,0.49038461538461536,0.2222222222222222,0.5111111111111111,0.0,0.3625,0.4,0.3,0.0,0.0,0.0,0.0,0.0,0.5681818181818182,0.0,0.9318181818181818,0.7727272727272727,0.0,0.0,0
0.8518518518518519,0.8148148148148148,0.6666666666666666,0.16666666666666666,4.5,11,0.5,32,150.7777777777778,161.94444444444443,57.7777777777778,68.94444444444443,0.44047619047619047,0.3173076923076923,0.6153846153846154,0.49038461538461536,0.2222222222222222,0.5111111111111111,0.0,0.3625,0.4,0.3,0.0,0.0,0.0,0.0,0.0,0.5681818181818182,0.0,0.9318181818181818,0.7727272727272727,0.0,0.0,0
0.8518518518518519,0.8148148148148148,0.6666666666666666,0.16666666666666666,4.5,11,0.5,32,150.7777777777778,161.94444444444443,57.7777777777778,68.94444444444443,0.44047619047619047,0.3173076923076923,0.6153846153846154,0.49038461538461536,0.2222222222222222,0.5111111111111111,0.0,0.3625,0.4,0.3,0.0,0.0,0.0,0.0,0.0,0.5681818181818182,0.0,0.9318181818181818,0.7727272727272727,0.0,0.0,0
0.8888888888888888,0.8148148148148148,0.6666666666666666,0.16666666666666666,2.0,7,0.16666666666666666,19,168.86507936507937,183.34126984126985,84.6984126984127,99.17460317460318,0.3488095238095238,0.3173076923076923,0.38461538461538464,0.4519230769230769,0.0,0.3111111111111111,0.0,0.3,0.28,0.0,0.0,0.0,0.0,0.0,0.0,0.0,0.0,0.75,0.0,0.0,0.0,0
0.8888888888888888,0.8148148148148148,0.6666666666666666,0.16666666666666666,2.0,7,0.16666666666666666,19,168.86507936507937,183.34126984126985,84.6984126984127,99.17460317460318,0.3488095238095238,0.3173076923076923,0.38461538461538464,0.4519230769230769,0.0,0.3111111111111111,0.0,0.3,0.28,0.0,0.0,0.0,0.0,0.0,0.0,0.0,0.0,0.75,0.0,0.0,0.0,0
0.8888888888888888,0.8148148148148148,0.6666666666666666,0.16666666666666666,2.0,7,0.16666666666666666,19,168.86507936507937,183.34126984126985,84.6984126984127,99.17460317460318,0.3488095238095238,0.3173076923076923,0.38461538461538464,0.4519230769230769,0.0,0.3111111111111111,0.0,0.3,0.28,0.0,0.0,0.0,0.0,0.0,0.0,0.0,0.0,0.75,0.0,0.0,0.0,0
0.8888888888888888,0.8148148148148148,0.6666666666666666,0.16666666666666666,2.0,7,0.16666666666666666,19,168.86507936507937,183.34126984126985,84.6984126984127,99.17460317460318,0.3488095238095238,0.3173076923076923,0.38461538461538464,0.4519230769230769,0.0,0.3111111111111111,0.0,0.3,0.28,0.0,0.0,0.0,0.0,0.0,0.0,0.0,0.0,0.75,0.0,0.0,0.0,0
1.037037037037037,1.037037037037037,0.16666666666666666,1.0,2.0,7,0.375,9,205.76190476190473,122.35714285714285,129.99999999999997,46.59523809523809,0.3726190476190476,0.0,0.0,0.038461538461538464,0.0,0.4888888888888889,0.3333333333333333,0.0,0.52,0.15,0.0,0.6615384615384615,0.5,0.0,0.5454545454545454,0.0,0.22727272727272727,0.0,0.3409090909090909,0.0,0.0,0
1.037037037037037,1.037037037037037,0.16666666666666666,1.0,2.0,7,0.375,9,205.76190476190473,122.35714285714285,129.99999999999997,46.59523809523809,0.3726190476190476,0.0,0.0,0.038461538461538464,0.0,0.4888888888888889,0.3333333333333333,0.0,0.52,0.15,0.0,0.6615384615384615,0.5,0.0,0.5454545454545454,0.0,0.22727272727272727,0.0,0.3409090909090909,0.0,0.0,0
1.037037037037037,1.037037037037037,0.16666666666666666,1.0,2.0,7,0.375,9,205.76190476190473,122.35714285714285,129.99999999999997,46.59523809523809,0.3726190476190476,0.0,0.0,0.038461538461538464,0.0,0.4888888888888889,0.3333333333333333,0.0,0.52,0.15,0.0,0.6615384615384615,0.5,0.0,0.5454545454545454,0.0,0.22727272727272727,0.0,0.3409090909090909,0.0,0.0,0
1.037037037037037,1.037037037037037,0.16666666666666666,1.0,2.0,7,0.375,9,205.76190476190473,122.35714285714285,129.99999999999997,46.59523809523809,0.3726190476190476,0.0,0.0,0.038461538461538464,0.0,0.4888888888888889,0.3333333333333333,0.0,0.52,0.15,0.0,0.6615384615384615,0.5,0.0,0.5454545454545454,0.0,0.22727272727272727,0.0,0.3409090909090909,0.0,0.0,0
1.037037037037037,1.037037037037037,0.16666666666666666,1.0,2.0,7,0.375,9,205.76190476190473,122.35714285714285,129.99999999999997,46.59523809523809,0.3726190476190476,0.0,0.0,0.038461538461538464,0.0,0.4888888888888889,0.3333333333333333,0.0,0.52,0.15,0.0,0.6615384615384615,0.5,0.0,0.5454545454545454,0.0,0.22727272727272727,0.0,0.3409090909090909,0.0,0.0,0
0.9629629629629629,0.8888888888888888,0.16666666666666666,0.4444444444444444,6.0,7,0.5714285714285714,33,209.65079365079364,129.484126984127,122.17460317460316,42.007936507936506,0.34523809523809523,0.0,0.3076923076923077,0.25,0.0,0.37777777777777777,0.2638888888888889,0.0,0.56,0.25,0.0,0.6307692307692307,0.6826923076923077,0.0,0.3333333333333333,0.0,0.25,0.0,0.0,0.0,0.5454545454545454,0
0.9629629629629629,0.8888888888888888,0.16666666666666666,0.4444444444444444,6.0,7,0.5714285714285714,33,209.65079365079364,129.484126984127,122.17460317460316,42.007936507936506,0.34523809523809523,0.0,0.3076923076923077,0.25,0.0,0.37777777777777777,0.2638888888888889,0.0,0.56,0.25,0.0,0.6307692307692307,0.6826923076923077,0.0,0.3333333333333333,0.0,0.25,0.0,0.0,0.0,0.5454545454545454,0
0.9629629629629629,0.8888888888888888,0.16666666666666666,0.4444444444444444,6.0,7,0.5714285714285714,33,209.65079365079364,129.484126984127,122.17460317460316,42.007936507936506,0.34523809523809523,0.0,0.3076923076923077,0.25,0.0,0.37777777777777777,0.2638888888888889,0.0,0.56,0.25,0.0,0.6307692307692307,0.6826923076923077,0.0,0.3333333333333333,0.0,0.25,0.0,0.0,0.0,0.5454545454545454,0
0.9629629629629629,0.8888888888888888,0.16666666666666666,0.4444444444444444,6.0,7,0.5714285714285714,33,209.65079365079364,129.484126984127,122.17460317460316,42.007936507936506,0.34523809523809523,0.0,0.3076923076923077,0.25,0.0,0.37777777777777777,0.2638888888888889,0.0,0.56,0.25,0.0,0.6307692307692307,0.6826923076923077,0.0,0.3333333333333333,0.0,0.25,0.0,0.0,0.0,0.5454545454545454,0
0.9629629629629629,0.8888888888888888,0.16666666666666666,0.4444444444444444,6.0,7,0.5714285714285714,33,209.65079365079364,129.484126984127,122.17460317460316,42.007936507936506,0.34523809523809523,0.0,0.3076923076923077,0.25,0.0,0.37777777777777777,0.2638888888888889,0.0,0.56,0.25,0.0,0.6307692307692307,0.6826923076923077,0.0,0.3333333333333333,0.0,0.25,0.0,0.0,0.0,0.5454545454545454,0
0.9259259259259259,0.8518518518518519,0.3333333333333333,1.0,1.0,6,0.16666666666666666,24,194.94444444444446,167.30952380952382,130.92063492063494,103.2857142857143,0.30833333333333335,0.125,0.09230769230769231,0.009615384615384616,0.125,0.28888888888888886,0.3055555555555556,0.0,0.22,0.0,0.625,0.5538461538461539,0.0,0.45454545454545453,0.36363636363636365,0.0,0.25,0.0,0.0,0.0,0.0,0
0.9259259259259259,0.8518518518518519,0.3333333333333333,1.0,1.0,6,0.16666666666666666,24,194.94444444444446,167.30952380952382,130.92063492063494,103.2857142857143,0.30833333333333335,0.125,0.09230769230769231,0.009615384615384616,0.125,0.28888888888888886,0.3055555555555556,0.0,0.22,0.0,0.625,0.5538461538461539,0.0,0.45454545454545453,0.36363636363636365,0.0,0.25,0.0,0.0,0.0,0.0,0
0.9259259259259259,0.8518518518518519,0.3333333333333333,1.0,1.0,6,0.16666666666666666,24,194.94444444444446,167.30952380952382,130.92063492063494,103.2857142857143,0.30833333333333335,0.125,0.09230769230769231,0.009615384615384616,0.125,0.28888888888888886,0.3055555555555556,0.0,0.22,0.0,0.625,0.5538461538461539,0.0,0.45454545454545453,0.36363636363636365,0.0,0.25,0.0,0.0,0.0,0.0,0
0.9259259259259259,0.8518518518518519,0.3333333333333333,1.0,1.0,6,0.16666666666666666,24,194.94444444444446,167.30952380952382,130.92063492063494,103.2857142857143,0.30833333333333335,0.125,0.09230769230769231,0.009615384615384616,0.125,0.28888888888888886,0.3055555555555556,0.0,0.22,0.0,0.625,0.5538461538461539,0.0,0.45454545454545453,0.36363636363636365,0.0,0.25,0.0,0.0,0.0,0.0,0
0.9259259259259259,0.8518518518518519,0.3333333333333333,1.0,1.0,6,0.16666666666666666,24,194.94444444444446,167.30952380952382,130.92063492063494,103.2857142857143,0.30833333333333335,0.125,0.09230769230769231,0.009615384615384616,0.125,0.28888888888888886,0.3055555555555556,0.0,0.22,0.0,0.625,0.5538461538461539,0.0,0.45454545454545453,0.36363636363636365,0.0,0.25,0.0,0.0,0.0,0.0,0
1.037037037037037,1.037037037037037,0.3055555555555556,0.3888888888888889,6.0,11,0.75,35,208.75396825396822,122.07936507936508,182.89682539682536,96.22222222222221,0.35833333333333334,0.0,0.47692307692307695,0.47115384615384615,0.1111111111111111,0.4444444444444444,0.3194444444444444,0.2,0.58,0.4375,0.0,0.3076923076923077,0.18269230769230768,0.0,0.21212121212121213,0.25,0.45454545454545453,0.0,0.1590909090909091,0.25,0.6136363636363636,0
1.037037037037037,1.037037037037037,0.3055555555555556,0.3888888888888889,6.0,11,0.75,35,208.75396825396822,122.07936507936508,182.89682539682536,96.22222222222221,0.35833333333333334,0.0,0.47692307692307695,0.47115384615384615,0.1111111111111111,0.4444444444444444,0.3194444444444444,0.2,0.58,0.4375,0.0,0.3076923076923077,0.18269230769230768,0.0,0.21212121212121213,0.25,0.45454545454545453,0.0,0.1590909090909091,0.25,0.6136363636363636,0
1.037037037037037,1.037037037037037,0.3055555555555556,0.3888888888888889,6.0,11,0.75,35,208.75396825396822,122.07936507936508,182.89682539682536,96.22222222222221,0.35833333333333334,0.0,0.47692307692307695,0.47115384615384615,0.1111111111111111,0.4444444444444444,0.3194444444444444,0.2,0.58,0.4375,0.0,0.3076923076923077,0.18269230769230768,0.0,0.21212121212121213,0.25,0.45454545454545453,0.0,0.1590909090909091,0.25,0.6136363636363636,0
1.037037037037037,1.037037037037037,0.3055555555555556,0.3888888888888889,6.0,11,0.75,35,208.75396825396822,122.07936507936508,182.89682539682536,96.22222222222221,0.35833333333333334,0.0,0.47692307692307695,0.47115384615384615,0.1111111111111111,0.4444444444444444,0.3194444444444444,0.2,0.58,0.4375,0.0,0.3076923076923077,0.18269230769230768,0.0,0.21212121212121213,0.25,0.45454545454545453,0.0,0.1590909090909091,0.25,0.6136363636363636,0
1.037037037037037,1.037037037037037,0.25,0.6666666666666666,2.0,9,0.375,35,210.5079365079365,96.58730158730158,140.6984126984127,26.77777777777777,0.38452380952380955,0.0,0.12307692307692308,0.375,0.027777777777777776,0.4444444444444444,0.3055555555555556,0.2,0.56,0.4625,0.0,0.5076923076923077,0.5096153846153846,0.0,0.0,0.09090909090909091,0.29545454545454547,0.0,0.4090909090909091,0.25,0.2727272727272727,0
1.037037037037037,1.037037037037037,0.25,0.6666666666666666,2.0,9,0.375,35,210.5079365079365,96.58730158730158,140.6984126984127,26.77777777777777,0.38452380952380955,0.0,0.12307692307692308,0.375,0.027777777777777776,0.4444444444444444,0.3055555555555556,0.2,0.56,0.4625,0.0,0.5076923076923077,0.5096153846153846,0.0,0.0,0.09090909090909091,0.29545454545454547,0.0,0.4090909090909091,0.25,0.2727272727272727,0
1.037037037037037,1.037037037037037,0.25,0.6666666666666666,2.0,9,0.375,35,210.5079365079365,96.58730158730158,140.6984126984127,26.77777777777777,0.38452380952380955,0.0,0.12307692307692308,0.375,0.027777777777777776,0.4444444444444444,0.3055555555555556,0.2,0.56,0.4625,0.0,0.5076923076923077,0.5096153846153846,0.0,0.0,0.09090909090909091,0.29545454545454547,0.0,0.4090909090909091,0.25,0.2727272727272727,0
1.037037037037037,1.037037037037037,0.25,0.6666666666666666,2.0,9,0.375,35,210.5079365079365,96.58730158730158,140.6984126984127,26.77777777777777,0.38452380952380955,0.0,0.12307692307692308,0.375,0.027777777777777776,0.4444444444444444,0.3055555555555556,0.2,0.56,0.4625,0.0,0.5076923076923077,0.5096153846153846,0.0,0.0,0.09090909090909091,0.29545454545454547,0.0,0.4090909090909091,0.25,0.2727272727272727,0
1.037037037037037,1.037037037037037,1.0,1.0,1.0,11,0.25,35,205.015873015873,187.9047619047619,194.3968253968254,177.28571428571428,0.33690476190476193,0.25961538461538464,0.49230769230769234,0.5192307692307693,0.25,0.28888888888888886,0.1111111111111111,0.35,0.38,0.2,0.5384615384615384,0.7384615384615385,0.5288461538461539,0.0,0.0,0.29545454545454547,0.25,0.3409090909090909,0.0,0.2727272727272727,0.25,0
1.037037037037037,1.037037037037037,1.0,1.0,1.0,11,0.25,35,205.015873015873,187.9047619047619,194.3968253968254,177.28571428571428,0.33690476190476193,0.25961538461538464,0.49230769230769234,0.5192307692307693,0.25,0.28888888888888886,0.1111111111111111,0.35,0.38,0.2,0.5384615384615384,0.7384615384615385,0.5288461538461539,0.0,0.0,0.29545454545454547,0.25,0.3409090909090909,0.0,0.2727272727272727,0.25,0
1.037037037037037,1.037037037037037,1.0,1.0,1.0,11,0.25,35,205.015873015873,187.9047619047619,194.3968253968254,177.28571428571428,0.33690476190476193,0.25961538461538464,0.49230769230769234,0.5192307692307693,0.25,0.28888888888888886,0.1111111111111111,0.35,0.38,0.2,0.5384615384615384,0.7384615384615385,0.5288461538461539,0.0,0.0,0.29545454545454547,0.25,0.3409090909090909,0.0,0.2727272727272727,0.25,0
1.037037037037037,1.037037037037037,0.3333333333333333,0.8333333333333334,2.0,11,0.25,35,201.88095238095238,169.37301587301587,164.14285714285714,131.63492063492063,0.3273809523809524,0.3269230769230769,0.2153846153846154,0.27884615384615385,0.1111111111111111,0.4444444444444444,0.2777777777777778,0.2,0.56,0.2,0.6346153846153846,0.6461538461538462,0.0,0.0,0.0,0.25,0.25,0.0,0.022727272727272728,0.25,0.25,0
1.037037037037037,1.037037037037037,0.3333333333333333,0.8333333333333334,2.0,11,0.25,35,201.88095238095238,169.37301587301587,164.14285714285714,131.63492063492063,0.3273809523809524,0.3269230769230769,0.2153846153846154,0.27884615384615385,0.1111111111111111,0.4444444444444444,0.2777777777777778,0.2,0.56,0.2,0.6346153846153846,0.6461538461538462,0.0,0.0,0.0,0.25,0.25,0.0,0.022727272727272728,0.25,0.25,0
1.037037037037037,1.037037037037037,0.3333333333333333,0.8333333333333334,2.0,11,0.25,35,201.88095238095238,169.37301587301587,164.14285714285714,131.63492063492063,0.3273809523809524,0.3269230769230769,0.2153846153846154,0.27884615384615385,0.1111111111111111,0.4444444444444444,0.2777777777777778,0.2,0.56,0.2,0.6346153846153846,0.6461538461538462,0.0,0.0,0.0,0.25,0.25,0.0,0.022727272727272728,0.25,0.25,0
1.037037037037037,1.037037037037037,0.0,0.3333333333333333,5.0,11,1.0,35,207.24603174603178,127.2063492063492,128.10317460317464,48.06349206349206,0.3630952380952381,0.0,0.0,0.0,0.1111111111111111,0.5555555555555556,0.3055555555555556,0.2,0.64,0.45,0.0,0.0,0.0,0.0,0.45454545454545453,0.25,0.6363636363636364,0.0,0.5227272727272727,0.25,0.6136363636363636,0
1.037037037037037,1.037037037037037,0.0,0.3333333333333333,5.0,11,1.0,35,206.08730158730157,163.5793650793651,89.53968253968252,47.03174603174604,0.3892857142857143,0.0,0.0,0.0,0.1111111111111111,0.6888888888888889,0.3055555555555556,0.2,0.78,0.45,0.0,0.0,0.0,0.06060606060606061,0.42424242424242425,0.25,0.6363636363636364,0.022727272727272728,0.5,0.25,0.5681818181818182,0
1.037037037037037,1.037037037037037,0.0,0.3333333333333333,5.0,11,1.0,35,206.08730158730157,163.5793650793651,89.53968253968252,47.03174603174604,0.3892857142857143,0.0,0.0,0.0,0.1111111111111111,0.6888888888888889,0.3055555555555556,0.2,0.78,0.45,0.0,0.0,0.0,0.06060606060606061,0.42424242424242425,0.25,0.6363636363636364,0.022727272727272728,0.5,0.25,0.5681818181818182,0
1.037037037037037,1.037037037037037,0.0,0.3333333333333333,5.0,11,1.0,35,196.0,195.4920634920635,66.9047619047619,66.39682539682539,0.4119047619047619,0.0,0.0,0.0,0.1388888888888889,0.7777777777777778,0.3055555555555556,0.2125,0.9,0.425,0.0,0.0,0.0,0.15151515151515152,0.3333333333333333,0.3181818181818182,0.6136363636363636,0.11363636363636363,0.4318181818181818,0.3181818181818182,0.5227272727272727,0
1.037037037037037,1.037037037037037,0.0,0.3333333333333333,5.0,11,1.0,35,196.0,195.4920634920635,66.9047619047619,66.39682539682539,0.4119047619047619,0.0,0.0,0.0,0.1388888888888889,0.7777777777777778,0.3055555555555556,0.2125,0.9,0.425,0.0,0.0,0.0,0.15151515151515152,0.3333333333333333,0.3181818181818182,0.6136363636363636,0.11363636363636363,0.4318181818181818,0.3181818181818182,0.5227272727272727,0
1.037037037037037,1.037037037037037,0.0,0.3333333333333333,5.0,11,1.0,35,153.2936507936508,206.5079365079365,54.15079365079367,107.36507936507937,0.43333333333333335,0.0,0.0,0.0,0.2222222222222222,0.6444444444444445,0.375,0.3,0.78,0.4625,0.0,0.0,0.0,0.24242424242424243,0.24242424242424243,0.38636363636363635,0.5454545454545454,0.20454545454545456,0.36363636363636365,0.38636363636363635,0.4772727272727273,0
1.037037037037037,1.037037037037037,0.0,0.3333333333333333,5.0,11,1.0,35,153.2936507936508,206.5079365079365,54.15079365079367,107.36507936507937,0.43333333333333335,0.0,0.0,0.0,0.2222222222222222,0.6444444444444445,0.375,0.3,0.78,0.4625,0.0,0.0,0.0,0.24242424242424243,0.24242424242424243,0.38636363636363635,0.5454545454545454,0.20454545454545456,0.36363636363636365,0.38636363636363635,0.4772727272727273,0
1.037037037037037,1.037037037037037,0.0,0.3333333333333333,5.0,11,1.0,35,124.17460317460318,206.82539682539684,14.007936507936506,96.65873015873017,0.44285714285714284,0.0,0.0,0.0,0.3055555555555556,0.5111111111111111,0.4027777777777778,0.3875,0.64,0.4875,0.0,0.0,0.0,0.3333333333333333,0.3333333333333333,0.45454545454545453,0.6136363636363636,0.29545454545454547,0.36363636363636365,0.45454545454545453,0.5227272727272727,0
1.037037037037037,1.037037037037037,0.0,0.3333333333333333,3.5,11,0.5,35,206.5079365079365,145.84920634920636,96.15079365079364,35.492063492063494,0.5071428571428571,0.0,0.0,0.0,0.4444444444444444,0.5333333333333333,0.4722222222222222,0.5625,0.62,0.5,0.0,0.0,0.0,0.5151515151515151,0.42424242424242425,0.5909090909090909,0.6363636363636364,0.5,0.3181818181818182,0.5909090909090909,0.5681818181818182,0
1.037037037037037,1.037037037037037,0.0,0.3333333333333333,3.5,11,0.5,35,206.5079365079365,145.84920634920636,96.15079365079364,35.492063492063494,0.5071428571428571,0.0,0.0,0.0,0.4444444444444444,0.5333333333333333,0.4722222222222222,0.5625,0.62,0.5,0.0,0.0,0.0,0.5151515151515151,0.42424242424242425,0.5909090909090909,0.6363636363636364,0.5,0.3181818181818182,0.5909090909090909,0.5681818181818182,0
1.037037037037037,1.037037037037037,0.0,0.3333333333333333,3.5,11,0.5,35,206.5079365079365,145.84920634920636,96.15079365079364,35.492063492063494,0.5071428571428571,0.0,0.0,0.0,0.4444444444444444,0.5333333333333333,0.4722222222222222,0.5625,0.62,0.5,0.0,0.0,0.0,0.5151515151515151,0.42424242424242425,0.5909090909090909,0.6363636363636364,0.5,0.3181818181818182,0.5909090909090909,0.5681818181818182,0
1.037037037037037,1.037037037037037,0.0,0.3333333333333333,3.5,11,0.5,35,206.5079365079365,145.84920634920636,96.15079365079364,35.492063492063494,0.5071428571428571,0.0,0.0,0.0,0.4444444444444444,0.5333333333333333,0.4722222222222222,0.5625,0.62,0.5,0.0,0.0,0.0,0.5151515151515151,0.42424242424242425,0.5909090909090909,0.6363636363636364,0.5,0.3181818181818182,0.5909090909090909,0.5681818181818182,0
1.037037037037037,1.037037037037037,0.0,0.3333333333333333,3.5,11,0.5,35,206.5079365079365,145.84920634920636,96.15079365079364,35.492063492063494,0.5071428571428571,0.0,0.0,0.0,0.4444444444444444,0.5333333333333333,0.4722222222222222,0.5625,0.62,0.5,0.0,0.0,0.0,0.5151515151515151,0.42424242424242425,0.5909090909090909,0.6363636363636364,0.5,0.3181818181818182,0.5909090909090909,0.5681818181818182,0
0.9629629629629629,0.8888888888888888,0.0,0.3333333333333333,4.0,11,0.5714285714285714,35,206.82539682539684,125.26984126984127,106.0873015873016,24.531746031746025,0.48095238095238096,0.0,0.0,0.0,0.3611111111111111,0.5777777777777777,0.4444444444444444,0.475,0.66,0.475,0.0,0.0,0.0,0.45454545454545453,0.36363636363636365,0.6363636363636364,0.5681818181818182,0.5227272727272727,0.25,0.6590909090909091,0.5454545454545454,0
1.037037037037037,1.037037037037037,0.0,0.3333333333333333,4.0,11,0.75,30,147.65079365079364,204.15873015873015,58.841269841269835,115.34920634920634,0.4011904761904762,0.0,0.0,0.0,0.4027777777777778,0.6444444444444445,0.1111111111111111,0.5125,0.6,0.2,0.0,0.0,0.0,0.3333333333333333,0.0,0.6136363636363636,0.22727272727272727,0.36363636363636365,0.0,0.5227272727272727,0.25,0
1.037037037037037,1.037037037037037,0.0,0.3333333333333333,4.0,11,0.75,30,147.65079365079364,204.15873015873015,58.841269841269835,115.34920634920634,0.4011904761904762,0.0,0.0,0.0,0.4027777777777778,0.6444444444444445,0.1111111111111111,0.5125,0.6,0.2,0.0,0.0,0.0,0.3333333333333333,0.0,0.6136363636363636,0.22727272727272727,0.36363636363636365,0.0,0.5227272727272727,0.25,0
1.037037037037037,1.037037037037037,0.0,0.3333333333333333,4.0,11,0.75,30,147.65079365079364,204.15873015873015,58.841269841269835,115.34920634920634,0.4011904761904762,0.0,0.0,0.0,0.4027777777777778,0.6444444444444445,0.1111111111111111,0.5125,0.6,0.2,0.0,0.0,0.0,0.3333333333333333,0.0,0.6136363636363636,0.22727272727272727,0.36363636363636365,0.0,0.5227272727272727,0.25,0
1.037037037037037,1.037037037037037,0.0,0.3333333333333333,4.0,11,0.75,30,147.65079365079364,204.15873015873015,58.841269841269835,115.34920634920634,0.4011904761904762,0.0,0.0,0.0,0.4027777777777778,0.6444444444444445,0.1111111111111111,0.5125,0.6,0.2,0.0,0.0,0.0,0.3333333333333333,0.0,0.6136363636363636,0.22727272727272727,0.36363636363636365,0.0,0.5227272727272727,0.25,0
1.037037037037037,1.037037037037037,0.0,0.3333333333333333,4.0,11,0.75,30,147.65079365079364,204.15873015873015,58.841269841269835,115.34920634920634,0.4011904761904762,0.0,0.0,0.0,0.4027777777777778,0.6444444444444445,0.1111111111111111,0.5125,0.6,0.2,0.0,0.0,0.0,0.3333333333333333,0.0,0.6136363636363636,0.22727272727272727,0.36363636363636365,0.0,0.5227272727272727,0.25,0
1.037037037037037,0.8888888888888888,0.4722222222222222,0.5555555555555556,6.0,8,0.6666666666666666,20,132.4126984126984,117.23015873015873,89.34126984126983,74.15873015873017,0.5190476190476191,0.0,0.23076923076923078,0.25961538461538464,0.1388888888888889,0.6888888888888889,0.2916666666666667,0.35,0.46,0.5875,0.09615384615384616,0.47692307692307695,0.14423076923076922,0.0,0.4318181818181818,0.3939393939393939,0.09090909090909091,0.4090909090909091,0.7272727272727273,0.2727272727272727,0.4090909090909091,0
1.037037037037037,0.9259259259259259,0.5,0.4722222222222222,6.0,8,0.5714285714285714,20,129.11904761904762,111.7936507936508,76.71428571428572,59.38888888888889,0.5214285714285715,0.0,0.3230769230769231,0.20192307692307693,0.18055555555555555,0.6888888888888889,0.25,0.375,0.5,0.55,0.16346153846153846,0.38461538461538464,0.1346153846153846,0.022727272727272728,0.36363636363636365,0.48484848484848486,0.0,0.4772727272727273,0.6363636363636364,0.29545454545454547,0.4090909090909091,0
1.037037037037037,0.9259259259259259,0.5,0.4722222222222222,6.0,8,0.5714285714285714,20,129.11904761904762,111.7936507936508,76.71428571428572,59.38888888888889,0.5214285714285715,0.0,0.3230769230769231,0.20192307692307693,0.18055555555555555,0.6888888888888889,0.25,0.375,0.5,0.55,0.16346153846153846,0.38461538461538464,0.1346153846153846,0.022727272727272728,0.36363636363636365,0.48484848484848486,0.0,0.4772727272727273,0.6363636363636364,0.29545454545454547,0.4090909090909091,0
1.037037037037037,0.9259259259259259,0.5,0.4722222222222222,6.0,8,0.5714285714285714,20,129.11904761904762,111.7936507936508,76.71428571428572,59.38888888888889,0.5214285714285715,0.0,0.3230769230769231,0.20192307692307693,0.18055555555555555,0.6888888888888889,0.25,0.375,0.5,0.55,0.16346153846153846,0.38461538461538464,0.1346153846153846,0.022727272727272728,0.36363636363636365,0.48484848484848486,0.0,0.4772727272727273,0.6363636363636364,0.29545454545454547,0.4090909090909091,0
1.037037037037037,0.9259259259259259,0.5,0.4722222222222222,6.0,8,0.5714285714285714,20,129.11904761904762,111.7936507936508,76.71428571428572,59.38888888888889,0.5214285714285715,0.0,0.3230769230769231,0.20192307692307693,0.18055555555555555,0.6888888888888889,0.25,0.375,0.5,0.55,0.16346153846153846,0.38461538461538464,0.1346153846153846,0.022727272727272728,0.36363636363636365,0.48484848484848486,0.0,0.4772727272727273,0.6363636363636364,0.29545454545454547,0.4090909090909091,0
1.037037037037037,0.9259259259259259,0.5,0.4722222222222222,6.0,8,0.5714285714285714,20,129.11904761904762,111.7936507936508,76.71428571428572,59.38888888888889,0.5214285714285715,0.0,0.3230769230769231,0.20192307692307693,0.18055555555555555,0.6888888888888889,0.25,0.375,0.5,0.55,0.16346153846153846,0.38461538461538464,0.1346153846153846,0.022727272727272728,0.36363636363636365,0.48484848484848486,0.0,0.4772727272727273,0.6363636363636364,0.29545454545454547,0.4090909090909091,0
1.037037037037037,1.037037037037037,0.0,0.3333333333333333,4.0,9,0.7142857142857143,13,147.5,198.06349206349205,57.0,107.56349206349205,0.3976190476190476,0.0,0.0,0.0,0.3194444444444444,0.6,0.0,0.4,0.64,0.1125,0.0,0.0,0.009615384615384616,0.3409090909090909,0.0,0.45454545454545453,0.0,0.3181818181818182,0.0,0.29545454545454547,0.11363636363636363,0
1.037037037037037,1.037037037037037,0.0,0.3333333333333333,4.0,9,0.7142857142857143,13,147.5,198.06349206349205,57.0,107.56349206349205,0.3976190476190476,0.0,0.0,0.0,0.3194444444444444,0.6,0.0,0.4,0.64,0.1125,0.0,0.0,0.009615384615384616,0.3409090909090909,0.0,0.45454545454545453,0.0,0.3181818181818182,0.0,0.29545454545454547,0.11363636363636363,0
1.037037037037037,1.037037037037037,0.0,0.3333333333333333,4.0,9,0.7142857142857143,13,147.5,198.06349206349205,57.0,107.56349206349205,0.3976190476190476,0.0,0.0,0.0,0.3194444444444444,0.6,0.0,0.4,0.64,0.1125,0.0,0.0,0.009615384615384616,0.3409090909090909,0.0,0.45454545454545453,0.0,0.3181818181818182,0.0,0.29545454545454547,0.11363636363636363,0
1.037037037037037,1.037037037037037,0.0,0.3333333333333333,4.0,9,0.7142857142857143,13,147.5,198.06349206349205,57.0,107.56349206349205,0.3976190476190476,0.0,0.0,0.0,0.3194444444444444,0.6,0.0,0.4,0.64,0.1125,0.0,0.0,0.009615384615384616,0.3409090909090909,0.0,0.45454545454545453,0.0,0.3181818181818182,0.0,0.29545454545454547,0.11363636363636363,0
1.037037037037037,1.037037037037037,0.0,0.3333333333333333,4.0,9,0.7142857142857143,13,147.5,198.06349206349205,57.0,107.56349206349205,0.3976190476190476,0.0,0.0,0.0,0.3194444444444444,0.6,0.0,0.4,0.64,0.1125,0.0,0.0,0.009615384615384616,0.3409090909090909,0.0,0.45454545454545453,0.0,0.3181818181818182,0.0,0.29545454545454547,0.11363636363636363,0
1.037037037037037,0.8888888888888888,0.0,0.5,2.0,6,0.16666666666666666,35,206.84920634920636,161.85714285714286,92.03968253968254,47.04761904761905,0.29642857142857143,0.0,0.07692307692307693,0.17307692307692307,0.0,0.35555555555555557,0.3333333333333333,0.2625,0.44,0.15,0.0673076923076923,0.3384615384615385,0.16346153846153846,0.0,0.6363636363636364,0.0,0.0,0.4772727272727273,0.09090909090909091,0.0,0.0,0
1.037037037037037,0.8888888888888888,0.0,0.5,2.0,6,0.16666666666666666,35,206.84920634920636,161.85714285714286,92.03968253968254,47.04761904761905,0.29642857142857143,0.0,0.07692307692307693,0.17307692307692307,0.0,0.35555555555555557,0.3333333333333333,0.2625,0.44,0.15,0.0673076923076923,0.3384615384615385,0.16346153846153846,0.0,0.6363636363636364,0.0,0.0,0.4772727272727273,0.09090909090909091,0.0,0.0,0
1.037037037037037,0.8888888888888888,0.0,0.5,2.0,6,0.16666666666666666,35,206.84920634920636,161.85714285714286,92.03968253968254,47.04761904761905,0.29642857142857143,0.0,0.07692307692307693,0.17307692307692307,0.0,0.35555555555555557,0.3333333333333333,0.2625,0.44,0.15,0.0673076923076923,0.3384615384615385,0.16346153846153846,0.0,0.6363636363636364,0.0,0.0,0.4772727272727273,0.09090909090909091,0.0,0.0,0
1.037037037037037,1.037037037037037,0.6666666666666666,0.6666666666666666,2.0,4,0.14285714285714285,35,201.6111111111111,180.26190476190473,140.18253968253964,118.8333333333333,0.30238095238095236,0.019230769230769232,0.4,0.47115384615384615,0.1111111111111111,0.4,0.013888888888888888,0.15,0.54,0.1,0.20192307692307693,0.5076923076923077,0.0,0.36363636363636365,0.0,0.0,0.0,0.09090909090909091,0.045454545454545456,0.022727272727272728,0.022727272727272728,0
1.037037037037037,1.037037037037037,1.0,1.0,2.0,4,0.14285714285714285,35,196.7936507936508,181.4920634920635,160.55555555555557,145.25396825396825,0.29642857142857143,0.04807692307692308,0.47692307692307695,0.4230769230769231,0.05555555555555555,0.4222222222222222,0.0,0.1375,0.54,0.1,0.21153846153846154,0.46153846153846156,0.0,0.2727272727272727,0.0,0.0,0.0,0.11363636363636363,0.045454545454545456,0.045454545454545456,0.0,0
1.037037037037037,1.037037037037037,1.0,1.0,2.0,4,0.14285714285714285,35,196.7936507936508,181.4920634920635,160.55555555555557,145.25396825396825,0.29642857142857143,0.04807692307692308,0.47692307692307695,0.4230769230769231,0.05555555555555555,0.4222222222222222,0.0,0.1375,0.54,0.1,0.21153846153846154,0.46153846153846156,0.0,0.2727272727272727,0.0,0.0,0.0,0.11363636363636363,0.045454545454545456,0.045454545454545456,0.0,0
1.037037037037037,1.037037037037037,1.0,1.0,2.0,4,0.14285714285714285,35,196.7936507936508,181.4920634920635,160.55555555555557,145.25396825396825,0.29642857142857143,0.04807692307692308,0.47692307692307695,0.4230769230769231,0.05555555555555555,0.4222222222222222,0.0,0.1375,0.54,0.1,0.21153846153846154,0.46153846153846156,0.0,0.2727272727272727,0.0,0.0,0.0,0.11363636363636363,0.045454545454545456,0.045454545454545456,0.0,0
1.037037037037037,1.037037037037037,1.0,1.0,1.0,3,0.0,35,202.87301587301587,193.94444444444446,175.70634920634922,166.7777777777778,0.26071428571428573,0.17307692307692307,0.6153846153846154,0.5192307692307693,0.0,0.2,0.0,0.1375,0.38,0.1375,0.0,0.4153846153846154,0.5384615384615384,0.0,0.0,0.0,0.0,0.06818181818181818,0.13636363636363635,0.0,0.022727272727272728,0
1.037037037037037,1.037037037037037,1.0,1.0,1.0,3,0.0,35,202.87301587301587,193.94444444444446,175.70634920634922,166.7777777777778,0.26071428571428573,0.17307692307692307,0.6153846153846154,0.5192307692307693,0.0,0.2,0.0,0.1375,0.38,0.1375,0.0,0.4153846153846154,0.5384615384615384,0.0,0.0,0.0,0.0,0.06818181818181818,0.13636363636363635,0.0,0.022727272727272728,0
1.037037037037037,1.037037037037037,1.0,0.5,2.0,6,0.14285714285714285,35,201.53968253968253,173.40476190476193,140.44444444444443,112.30952380952382,0.3130952380952381,0.21153846153846154,0.4461538461538462,0.4519230769230769,0.0,0.4444444444444444,0.013888888888888888,0.2125,0.56,0.1875,0.5769230769230769,0.676923076923077,0.6826923076923077,0.0,0.0,0.0,0.0,0.20454545454545456,0.09090909090909091,0.022727272727272728,0.11363636363636363,0
1.037037037037037,1.037037037037037,1.0,0.5,2.0,6,0.14285714285714285,35,201.53968253968253,173.40476190476193,140.44444444444443,112.30952380952382,0.3130952380952381,0.21153846153846154,0.4461538461538462,0.4519230769230769,0.0,0.4444444444444444,0.013888888888888888,0.2125,0.56,0.1875,0.5769230769230769,0.676923076923077,0.6826923076923077,0.0,0.0,0.0,0.0,0.20454545454545456,0.09090909090909091,0.022727272727272728,0.11363636363636363,0
1.037037037037037,1.037037037037037,1.0,0.5,2.0,6,0.14285714285714285,35,201.53968253968253,173.40476190476193,140.44444444444443,112.30952380952382,0.3130952380952381,0.21153846153846154,0.4461538461538462,0.4519230769230769,0.0,0.4444444444444444,0.013888888888888888,0.2125,0.56,0.1875,0.5769230769230769,0.676923076923077,0.6826923076923077,0.0,0.0,0.0,0.0,0.20454545454545456,0.09090909090909091,0.022727272727272728,0.11363636363636363,0
1.037037037037037,1.037037037037037,1.0,0.5,2.0,6,0.14285714285714285,35,201.53968253968253,173.40476190476193,140.44444444444443,112.30952380952382,0.3130952380952381,0.21153846153846154,0.4461538461538462,0.4519230769230769,0.0,0.4444444444444444,0.013888888888888888,0.2125,0.56,0.1875,0.5769230769230769,0.676923076923077,0.6826923076923077,0.0,0.0,0.0,0.0,0.20454545454545456,0.09090909090909091,0.022727272727272728,0.11363636363636363,0
1.037037037037037,1.037037037037037,0.0,0.8888888888888888,3.0,6,0.2857142857142857,35,198.79365079365076,155.88888888888889,124.41269841269838,81.5079365079365,0.32857142857142857,0.17307692307692307,0.0,0.019230769230769232,0.0,0.35555555555555557,0.3333333333333333,0.15,0.46,0.1625,0.6826923076923077,0.8615384615384616,0.8461538461538461,0.0,0.6363636363636364,0.0,0.0,0.11363636363636363,0.11363636363636363,0.045454545454545456,0.0,0
1.037037037037037,1.037037037037037,0.0,0.8888888888888888,3.0,6,0.2857142857142857,35,198.79365079365076,155.88888888888889,124.41269841269838,81.5079365079365,0.32857142857142857,0.17307692307692307,0.0,0.019230769230769232,0.0,0.35555555555555557,0.3333333333333333,0.15,0.46,0.1625,0.6826923076923077,0.8615384615384616,0.8461538461538461,0.0,0.6363636363636364,0.0,0.0,0.11363636363636363,0.11363636363636363,0.045454545454545456,0.0,0
1.037037037037037,1.037037037037037,0.0,0.8888888888888888,3.0,6,0.2857142857142857,35,198.79365079365076,155.88888888888889,124.41269841269838,81.5079365079365,0.32857142857142857,0.17307692307692307,0.0,0.019230769230769232,0.0,0.35555555555555557,0.3333333333333333,0.15,0.46,0.1625,0.6826923076923077,0.8615384615384616,0.8461538461538461,0.0,0.6363636363636364,0.0,0.0,0.11363636363636363,0.11363636363636363,0.045454545454545456,0.0,0
1.037037037037037,1.037037037037037,0.0,0.8888888888888888,3.0,6,0.2857142857142857,35,198.79365079365076,155.88888888888889,124.41269841269838,81.5079365079365,0.32857142857142857,0.17307692307692307,0.0,0.019230769230769232,0.0,0.35555555555555557,0.3333333333333333,0.15,0.46,0.1625,0.6826923076923077,0.8615384615384616,0.8461538461538461,0.0,0.6363636363636364,0.0,0.0,0.11363636363636363,0.11363636363636363,0.045454545454545456,0.0,0
1.037037037037037,1.037037037037037,0.0,0.3333333333333333,3.0,8,0.2857142857142857,24,152.21428571428575,185.41269841269843,49.83333333333337,83.03174603174605,0.3488095238095238,0.21153846153846154,0.16923076923076924,0.0,0.013888888888888888,0.4,0.1111111111111111,0.3875,0.64,0.225,0.5480769230769231,0.49230769230769234,0.04807692307692308,0.0,0.06818181818181818,0.0,0.2727272727272727,0.045454545454545456,0.25,0.7045454545454546,0.022727272727272728,0
1.037037037037037,1.037037037037037,0.0,0.3333333333333333,3.0,7,0.2857142857142857,24,152.33333333333334,181.19841269841268,57.45238095238096,86.3174603174603,0.3357142857142857,0.2692307692307692,0.07692307692307693,0.0,0.013888888888888888,0.4222222222222222,0.09722222222222222,0.375,0.56,0.225,0.5673076923076923,0.35384615384615387,0.125,0.0,0.0,0.0,0.24242424242424243,0.045454545454545456,0.22727272727272727,0.7727272727272727,0.0,0
1.037037037037037,1.037037037037037,0.0,0.3333333333333333,3.0,7,0.2857142857142857,24,152.33333333333334,181.19841269841268,57.45238095238096,86.3174603174603,0.3357142857142857,0.2692307692307692,0.07692307692307693,0.0,0.013888888888888888,0.4222222222222222,0.09722222222222222,0.375,0.56,0.225,0.5673076923076923,0.35384615384615387,0.125,0.0,0.0,0.0,0.24242424242424243,0.045454545454545456,0.22727272727272727,0.7727272727272727,0.0,0
1.037037037037037,1.037037037037037,0.0,0.3333333333333333,3.0,7,0.2857142857142857,24,152.33333333333334,181.19841269841268,57.45238095238096,86.3174603174603,0.3357142857142857,0.2692307692307692,0.07692307692307693,0.0,0.013888888888888888,0.4222222222222222,0.09722222222222222,0.375,0.56,0.225,0.5673076923076923,0.35384615384615387,0.125,0.0,0.0,0.0,0.24242424242424243,0.045454545454545456,0.22727272727272727,0.7727272727272727,0.0,0
1.037037037037037,1.037037037037037,0.0,0.3333333333333333,3.0,7,0.2857142857142857,24,152.33333333333334,181.19841269841268,57.45238095238096,86.3174603174603,0.3357142857142857,0.2692307692307692,0.07692307692307693,0.0,0.013888888888888888,0.4222222222222222,0.09722222222222222,0.375,0.56,0.225,0.5673076923076923,0.35384615384615387,0.125,0.0,0.0,0.0,0.24242424242424243,0.045454545454545456,0.22727272727272727,0.7727272727272727,0.0,0
1.037037037037037,1.037037037037037,0.0,0.3333333333333333,3.0,4,0.2857142857142857,4,209.69841269841268,205.11904761904762,132.24603174603175,127.66666666666667,0.2642857142857143,0.0,0.0,0.0,0.0,0.4222222222222222,0.0,0.1875,0.58,0.1875,0.0,0.0,0.0,0.022727272727272728,0.0,0.0,0.0,0.20454545454545456,0.18181818181818182,0.0,0.022727272727272728,1
1.037037037037037,1.037037037037037,0.0,0.3333333333333333,3.0,4,0.2857142857142857,4,209.69841269841268,205.11904761904762,132.24603174603175,127.66666666666667,0.2642857142857143,0.0,0.0,0.0,0.0,0.4222222222222222,0.0,0.1875,0.58,0.1875,0.0,0.0,0.0,0.022727272727272728,0.0,0.0,0.0,0.20454545454545456,0.18181818181818182,0.0,0.022727272727272728,1
1.037037037037037,1.037037037037037,0.0,0.3333333333333333,3.0,4,0.2857142857142857,4,209.69841269841268,205.11904761904762,132.24603174603175,127.66666666666667,0.2642857142857143,0.0,0.0,0.0,0.0,0.4222222222222222,0.0,0.1875,0.58,0.1875,0.0,0.0,0.0,0.022727272727272728,0.0,0.0,0.0,0.20454545454545456,0.18181818181818182,0.0,0.022727272727272728,1
1.037037037037037,1.037037037037037,0.0,0.3333333333333333,3.0,4,0.2857142857142857,4,209.69841269841268,205.11904761904762,132.24603174603175,127.66666666666667,0.2642857142857143,0.0,0.0,0.0,0.0,0.4222222222222222,0.0,0.1875,0.58,0.1875,0.0,0.0,0.0,0.022727272727272728,0.0,0.0,0.0,0.20454545454545456,0.18181818181818182,0.0,0.022727272727272728,1
1.037037037037037,1.037037037037037,0.0,0.3333333333333333,3.0,4,0.2857142857142857,4,209.69841269841268,205.11904761904762,132.24603174603175,127.66666666666667,0.2642857142857143,0.0,0.0,0.0,0.0,0.4222222222222222,0.0,0.1875,0.58,0.1875,0.0,0.0,0.0,0.022727272727272728,0.0,0.0,0.0,0.20454545454545456,0.18181818181818182,0.0,0.022727272727272728,1
1.037037037037037,1.037037037037037,0.16666666666666666,0.6666666666666666,2.0,7,0.2857142857142857,34,212.2142857142857,176.3730158730159,147.6428571428571,111.80158730158733,0.3261904761904762,0.038461538461538464,0.0,0.0,0.0,0.37777777777777777,0.3055555555555556,0.0875,0.34,0.0,0.11538461538461539,0.4153846153846154,0.22115384615384615,0.0,0.5909090909090909,0.0,0.0,0.3409090909090909,0.0,0.0,0.0,0
1.037037037037037,1.037037037037037,0.16666666666666666,0.6666666666666666,2.0,7,0.2857142857142857,34,212.2142857142857,176.3730158730159,147.6428571428571,111.80158730158733,0.3261904761904762,0.038461538461538464,0.0,0.0,0.0,0.37777777777777777,0.3055555555555556,0.0875,0.34,0.0,0.11538461538461539,0.4153846153846154,0.22115384615384615,0.0,0.5909090909090909,0.0,0.0,0.3409090909090909,0.0,0.0,0.0,0
1.037037037037037,1.037037037037037,0.16666666666666666,0.6666666666666666,2.0,7,0.2857142857142857,34,212.2142857142857,176.3730158730159,147.6428571428571,111.80158730158733,0.3261904761904762,0.038461538461538464,0.0,0.0,0.0,0.37777777777777777,0.3055555555555556,0.0875,0.34,0.0,0.11538461538461539,0.4153846153846154,0.22115384615384615,0.0,0.5909090909090909,0.0,0.0,0.3409090909090909,0.0,0.0,0.0,0
1.037037037037037,1.037037037037037,0.16666666666666666,0.6666666666666666,2.0,7,0.2857142857142857,34,212.2142857142857,176.3730158730159,147.6428571428571,111.80158730158733,0.3261904761904762,0.038461538461538464,0.0,0.0,0.0,0.37777777777777777,0.3055555555555556,0.0875,0.34,0.0,0.11538461538461539,0.4153846153846154,0.22115384615384615,0.0,0.5909090909090909,0.0,0.0,0.3409090909090909,0.0,0.0,0.0,0
1.037037037037037,1.037037037037037,1.0,1.0,1.0,2,0.0,34,208.2857142857143,185.2698412698413,191.2857142857143,168.2698412698413,0.30952380952380953,0.019230769230769232,0.4461538461538462,0.4519230769230769,0.1388888888888889,0.3111111111111111,0.013888888888888888,0.0,0.2,0.0,0.23076923076923078,0.47692307692307695,0.0,0.4090909090909091,0.0,0.0,0.0,0.0,0.0,0.0,0.0,0
1.037037037037037,1.037037037037037,1.0,1.0,1.0,2,0.0,34,208.2857142857143,185.2698412698413,191.2857142857143,168.2698412698413,0.30952380952380953,0.019230769230769232,0.4461538461538462,0.4519230769230769,0.1388888888888889,0.3111111111111111,0.013888888888888888,0.0,0.2,0.0,0.23076923076923078,0.47692307692307695,0.0,0.4090909090909091,0.0,0.0,0.0,0.0,0.0,0.0,0.0,0
1.037037037037037,1.037037037037037,1.0,1.0,1.0,2,0.0,34,208.2857142857143,185.2698412698413,191.2857142857143,168.2698412698413,0.30952380952380953,0.019230769230769232,0.4461538461538462,0.4519230769230769,0.1388888888888889,0.3111111111111111,0.013888888888888888,0.0,0.2,0.0,0.23076923076923078,0.47692307692307695,0.0,0.4090909090909091,0.0,0.0,0.0,0.0,0.0,0.0,0.0,0
1.037037037037037,1.037037037037037,1.0,1.0,1.0,2,0.0,34,208.2857142857143,185.2698412698413,191.2857142857143,168.2698412698413,0.30952380952380953,0.019230769230769232,0.4461538461538462,0.4519230769230769,0.1388888888888889,0.3111111111111111,0.013888888888888888,0.0,0.2,0.0,0.23076923076923078,0.47692307692307695,0.0,0.4090909090909091,0.0,0.0,0.0,0.0,0.0,0.0,0.0,0
1.037037037037037,1.037037037037037,1.0,0.5833333333333334,2.0,2,0.0,34,207.35714285714286,203.015873015873,174.57142857142858,170.23015873015873,0.2857142857142857,0.2692307692307692,0.676923076923077,0.40384615384615385,0.0,0.4,0.0,0.0,0.24,0.0,0.0,0.35384615384615387,0.41346153846153844,0.0,0.0,0.0,0.0,0.0,0.0,0.0,0.0,0
1.037037037037037,1.037037037037037,1.0,0.5833333333333334,2.0,2,0.0,34,207.35714285714286,203.015873015873,174.57142857142858,170.23015873015873,0.2857142857142857,0.2692307692307692,0.676923076923077,0.40384615384615385,0.0,0.4,0.0,0.0,0.24,0.0,0.0,0.35384615384615387,0.41346153846153844,0.0,0.0,0.0,0.0,0.0,0.0,0.0,0.0,0
1.037037037037037,1.037037037037037,1.0,0.5833333333333334,2.0,2,0.0,34,207.35714285714286,203.015873015873,174.57142857142858,170.23015873015873,0.2857142857142857,0.2692307692307692,0.676923076923077,0.40384615384615385,0.0,0.4,0.0,0.0,0.24,0.0,0.0,0.35384615384615387,0.41346153846153844,0.0,0.0,0.0,0.0,0.0,0.0,0.0,0.0,0
1.037037037037037,1.037037037037037,1.0,1.0,1.0,2,0.0,35,206.66666666666666,181.38888888888889,188.7142857142857,163.43650793650792,0.3107142857142857,0.28846153846153844,0.4461538461538462,0.46153846153846156,0.0,0.24444444444444444,0.041666666666666664,0.0,0.28,0.0,0.4423076923076923,0.6923076923076923,0.5384615384615384,0.0,0.0,0.0,0.0,0.0,0.0,0.0,0.0,0
1.037037037037037,1.037037037037037,1.0,1.0,1.0,2,0.0,35,206.66666666666666,181.38888888888889,188.7142857142857,163.43650793650792,0.3107142857142857,0.28846153846153844,0.4461538461538462,0.46153846153846156,0.0,0.24444444444444444,0.041666666666666664,0.0,0.28,0.0,0.4423076923076923,0.6923076923076923,0.5384615384615384,0.0,0.0,0.0,0.0,0.0,0.0,0.0,0.0,0
1.037037037037037,1.037037037037037,1.0,1.0,1.0,2,0.0,35,206.66666666666666,181.38888888888889,188.7142857142857,163.43650793650792,0.3107142857142857,0.28846153846153844,0.4461538461538462,0.46153846153846156,0.0,0.24444444444444444,0.041666666666666664,0.0,0.28,0.0,0.4423076923076923,0.6923076923076923,0.5384615384615384,0.0,0.0,0.0,0.0,0.0,0.0,0.0,0.0,0
1.037037037037037,1.037037037037037,1.0,1.0,1.0,2,0.0,35,206.66666666666666,181.38888888888889,188.7142857142857,163.43650793650792,0.3107142857142857,0.28846153846153844,0.4461538461538462,0.46153846153846156,0.0,0.24444444444444444,0.041666666666666664,0.0,0.28,0.0,0.4423076923076923,0.6923076923076923,0.5384615384615384,0.0,0.0,0.0,0.0,0.0,0.0,0.0,0.0,0
1.037037037037037,1.037037037037037,0.16666666666666666,0.8333333333333334,2.0,7,0.2857142857142857,35,209.66666666666666,174.65873015873015,116.26190476190476,81.25396825396825,0.3273809523809524,0.18269230769230768,0.0,0.08653846153846154,0.0,0.4666666666666667,0.2638888888888889,0.0,0.4,0.0,0.5480769230769231,0.7230769230769231,0.6346153846153846,0.0,0.5227272727272727,0.0,0.0,0.0,0.0,0.0,0.0,0
1.037037037037037,1.037037037037037,0.16666666666666666,0.8333333333333334,2.0,7,0.2857142857142857,35,209.66666666666666,174.65873015873015,116.26190476190476,81.25396825396825,0.3273809523809524,0.18269230769230768,0.0,0.08653846153846154,0.0,0.4666666666666667,0.2638888888888889,0.0,0.4,0.0,0.5480769230769231,0.7230769230769231,0.6346153846153846,0.0,0.5227272727272727,0.0,0.0,0.0,0.0,0.0,0.0,0
1.037037037037037,1.037037037037037,0.16666666666666666,0.8333333333333334,2.0,7,0.2857142857142857,35,209.66666666666666,174.65873015873015,116.26190476190476,81.25396825396825,0.3273809523809524,0.18269230769230768,0.0,0.08653846153846154,0.0,0.4666666666666667,0.2638888888888889,0.0,0.4,0.0,0.5480769230769231,0.7230769230769231,0.6346153846153846,0.0,0.5227272727272727,0.0,0.0,0.0,0.0,0.0,0.0,0
1.037037037037037,1.037037037037037,0.16666666666666666,0.8333333333333334,2.0,7,0.2857142857142857,35,209.66666666666666,174.65873015873015,116.26190476190476,81.25396825396825,0.3273809523809524,0.18269230769230768,0.0,0.08653846153846154,0.0,0.4666666666666667,0.2638888888888889,0.0,0.4,0.0,0.5480769230769231,0.7230769230769231,0.6346153846153846,0.0,0.5227272727272727,0.0,0.0,0.0,0.0,0.0,0.0,0
1.037037037037037,1.037037037037037,0.6388888888888888,0.5,6.0,7,0.5714285714285714,35,173.52380952380952,106.95238095238096,131.21428571428572,64.64285714285715,0.5261904761904762,0.3173076923076923,0.23076923076923078,0.3076923076923077,0.0,0.6222222222222222,0.6805555555555556,0.3625,0.52,0.775,0.5288461538461539,0.5846153846153846,0.09615384615384616,0.0,1.0,0.0,0.030303030303030304,0.0,0.6590909090909091,0.5681818181818182,0.7045454545454546,0
1.037037037037037,1.037037037037037,0.6388888888888888,0.5,6.0,7,0.5714285714285714,35,173.52380952380952,106.95238095238096,131.21428571428572,64.64285714285715,0.5261904761904762,0.3173076923076923,0.23076923076923078,0.3076923076923077,0.0,0.6222222222222222,0.6805555555555556,0.3625,0.52,0.775,0.5288461538461539,0.5846153846153846,0.09615384615384616,0.0,1.0,0.0,0.030303030303030304,0.0,0.6590909090909091,0.5681818181818182,0.7045454545454546,0
1.037037037037037,1.037037037037037,0.6388888888888888,0.5,6.0,7,0.5714285714285714,35,173.52380952380952,106.95238095238096,131.21428571428572,64.64285714285715,0.5261904761904762,0.3173076923076923,0.23076923076923078,0.3076923076923077,0.0,0.6222222222222222,0.6805555555555556,0.3625,0.52,0.775,0.5288461538461539,0.5846153846153846,0.09615384615384616,0.0,1.0,0.0,0.030303030303030304,0.0,0.6590909090909091,0.5681818181818182,0.7045454545454546,0
1.037037037037037,1.037037037037037,0.6388888888888888,0.5,6.0,7,0.5714285714285714,35,173.52380952380952,106.95238095238096,131.21428571428572,64.64285714285715,0.5261904761904762,0.3173076923076923,0.23076923076923078,0.3076923076923077,0.0,0.6222222222222222,0.6805555555555556,0.3625,0.52,0.775,0.5288461538461539,0.5846153846153846,0.09615384615384616,0.0,1.0,0.0,0.030303030303030304,0.0,0.6590909090909091,0.5681818181818182,0.7045454545454546,0
1.037037037037037,1.037037037037037,0.6388888888888888,0.5,6.0,7,0.5714285714285714,35,173.52380952380952,106.95238095238096,131.21428571428572,64.64285714285715,0.5261904761904762,0.3173076923076923,0.23076923076923078,0.3076923076923077,0.0,0.6222222222222222,0.6805555555555556,0.3625,0.52,0.775,0.5288461538461539,0.5846153846153846,0.09615384615384616,0.0,1.0,0.0,0.030303030303030304,0.0,0.6590909090909091,0.5681818181818182,0.7045454545454546,0
1.037037037037037,1.037037037037037,1.0,0.16666666666666666,1.0,6,0.42857142857142855,35,126.42857142857143,209.7698412698413,70.14285714285714,153.48412698412702,0.3488095238095238,0.38461538461538464,0.2153846153846154,0.0,0.3333333333333333,0.3333333333333333,0.0,0.275,0.32,0.0,0.09615384615384616,0.0,0.0,0.3181818181818182,0.0,0.030303030303030304,0.0,0.09090909090909091,0.0,0.5909090909090909,0.0,0
1.037037037037037,1.037037037037037,1.0,0.16666666666666666,1.0,6,0.42857142857142855,35,126.42857142857143,209.7698412698413,70.14285714285714,153.48412698412702,0.3488095238095238,0.38461538461538464,0.2153846153846154,0.0,0.3333333333333333,0.3333333333333333,0.0,0.275,0.32,0.0,0.09615384615384616,0.0,0.0,0.3181818181818182,0.0,0.030303030303030304,0.0,0.09090909090909091,0.0,0.5909090909090909,0.0,0
1.037037037037037,1.037037037037037,1.0,0.16666666666666666,1.0,6,0.42857142857142855,35,126.42857142857143,209.7698412698413,70.14285714285714,153.48412698412702,0.3488095238095238,0.38461538461538464,0.2153846153846154,0.0,0.3333333333333333,0.3333333333333333,0.0,0.275,0.32,0.0,0.09615384615384616,0.0,0.0,0.3181818181818182,0.0,0.030303030303030304,0.0,0.09090909090909091,0.0,0.5909090909090909,0.0,0
1.037037037037037,1.037037037037037,0.16666666666666666,0.16666666666666666,6.0,6,1.0,35,207.47619047619045,117.82539682539682,130.40476190476187,40.75396825396825,0.3964285714285714,0.0,0.0,0.0,0.0,0.6222222222222222,0.4166666666666667,0.0,0.6,0.425,0.0,0.0,0.0,0.0,0.5454545454545454,0.0,0.6060606060606061,0.0,0.5681818181818182,0.0,0.45454545454545453,1
1.037037037037037,1.037037037037037,0.16666666666666666,0.16666666666666666,2.0,6,0.42857142857142855,19,161.515873015873,139.52380952380955,82.51587301587301,60.52380952380955,0.5035714285714286,0.0,0.0,0.0,0.5833333333333334,0.4666666666666667,0.2777777777777778,0.575,0.4,0.225,0.0,0.0,0.0,0.5454545454545454,0.2727272727272727,0.5454545454545454,0.3939393939393939,0.5454545454545454,0.18181818181818182,0.5,0.2727272727272727,0
1.037037037037037,1.037037037037037,0.16666666666666666,0.16666666666666666,2.0,6,0.42857142857142855,19,161.515873015873,139.52380952380955,82.51587301587301,60.52380952380955,0.5035714285714286,0.0,0.0,0.0,0.5833333333333334,0.4666666666666667,0.2777777777777778,0.575,0.4,0.225,0.0,0.0,0.0,0.5454545454545454,0.2727272727272727,0.5454545454545454,0.3939393939393939,0.5454545454545454,0.18181818181818182,0.5,0.2727272727272727,0
1.037037037037037,1.037037037037037,0.16666666666666666,0.16666666666666666,2.0,6,0.42857142857142855,19,161.515873015873,139.52380952380955,82.51587301587301,60.52380952380955,0.5035714285714286,0.0,0.0,0.0,0.5833333333333334,0.4666666666666667,0.2777777777777778,0.575,0.4,0.225,0.0,0.0,0.0,0.5454545454545454,0.2727272727272727,0.5454545454545454,0.3939393939393939,0.5454545454545454,0.18181818181818182,0.5,0.2727272727272727,0
1.037037037037037,1.037037037037037,0.16666666666666666,0.16666666666666666,2.0,6,0.42857142857142855,19,161.515873015873,139.52380952380955,82.51587301587301,60.52380952380955,0.5035714285714286,0.0,0.0,0.0,0.5833333333333334,0.4666666666666667,0.2777777777777778,0.575,0.4,0.225,0.0,0.0,0.0,0.5454545454545454,0.2727272727272727,0.5454545454545454,0.3939393939393939,0.5454545454545454,0.18181818181818182,0.5,0.2727272727272727,0
1.037037037037037,1.037037037037037,0.16666666666666666,0.16666666666666666,2.0,6,0.42857142857142855,19,161.515873015873,139.52380952380955,82.51587301587301,60.52380952380955,0.5035714285714286,0.0,0.0,0.0,0.5833333333333334,0.4666666666666667,0.2777777777777778,0.575,0.4,0.225,0.0,0.0,0.0,0.5454545454545454,0.2727272727272727,0.5454545454545454,0.3939393939393939,0.5454545454545454,0.18181818181818182,0.5,0.2727272727272727,0
1.037037037037037,1.037037037037037,1.0,1.0,1.0,3,0.0,35,207.63492063492063,167.81746031746033,202.515873015873,162.6984126984127,0.319047619047619,0.009615384615384616,0.4,0.47115384615384615,0.1527777777777778,0.26666666666666666,0.041666666666666664,0.1,0.44,0.1,0.49038461538461536,0.7538461538461538,0.8173076923076923,0.22727272727272727,0.0,0.3333333333333333,0.0,0.0,0.022727272727272728,0.0,0.0,0
1.037037037037037,1.037037037037037,1.0,1.0,1.0,3,0.0,35,207.63492063492063,167.81746031746033,202.515873015873,162.6984126984127,0.319047619047619,0.009615384615384616,0.4,0.47115384615384615,0.1527777777777778,0.26666666666666666,0.041666666666666664,0.1,0.44,0.1,0.49038461538461536,0.7538461538461538,0.8173076923076923,0.22727272727272727,0.0,0.3333333333333333,0.0,0.0,0.022727272727272728,0.0,0.0,0
1.037037037037037,1.037037037037037,1.0,1.0,1.0,3,0.0,35,207.63492063492063,167.81746031746033,202.515873015873,162.6984126984127,0.319047619047619,0.009615384615384616,0.4,0.47115384615384615,0.1527777777777778,0.26666666666666666,0.041666666666666664,0.1,0.44,0.1,0.49038461538461536,0.7538461538461538,0.8173076923076923,0.22727272727272727,0.0,0.3333333333333333,0.0,0.0,0.022727272727272728,0.0,0.0,0
0.9259259259259259,0.8148148148148148,0.0,1.0,2.0,7,0.2,35,183.65079365079364,165.75396825396828,76.67460317460316,58.7777777777778,0.32857142857142857,0.25,0.0,0.0,0.0,0.28888888888888886,0.2777777777777778,0.1375,0.54,0.1,0.9038461538461539,0.5846153846153846,0.0,0.0,0.22727272727272727,0.0,0.42424242424242425,0.022727272727272728,0.0,0.0,0.0,0
0.9259259259259259,0.8148148148148148,0.0,1.0,2.0,7,0.2,35,183.65079365079364,165.75396825396828,76.67460317460316,58.7777777777778,0.32857142857142857,0.25,0.0,0.0,0.0,0.28888888888888886,0.2777777777777778,0.1375,0.54,0.1,0.9038461538461539,0.5846153846153846,0.0,0.0,0.22727272727272727,0.0,0.42424242424242425,0.022727272727272728,0.0,0.0,0.0,0
0.9259259259259259,0.8148148148148148,0.0,1.0,2.0,7,0.2,35,183.65079365079364,165.75396825396828,76.67460317460316,58.7777777777778,0.32857142857142857,0.25,0.0,0.0,0.0,0.28888888888888886,0.2777777777777778,0.1375,0.54,0.1,0.9038461538461539,0.5846153846153846,0.0,0.0,0.22727272727272727,0.0,0.42424242424242425,0.022727272727272728,0.0,0.0,0.0,0
0.9259259259259259,0.8148148148148148,0.0,1.0,2.0,7,0.2,35,183.65079365079364,165.75396825396828,76.67460317460316,58.7777777777778,0.32857142857142857,0.25,0.0,0.0,0.0,0.28888888888888886,0.2777777777777778,0.1375,0.54,0.1,0.9038461538461539,0.5846153846153846,0.0,0.0,0.22727272727272727,0.0,0.42424242424242425,0.022727272727272728,0.0,0.0,0.0,0
0.9259259259259259,0.8148148148148148,0.0,1.0,2.0,7,0.2,35,183.65079365079364,165.75396825396828,76.67460317460316,58.7777777777778,0.32857142857142857,0.25,0.0,0.0,0.0,0.28888888888888886,0.2777777777777778,0.1375,0.54,0.1,0.9038461538461539,0.5846153846153846,0.0,0.0,0.22727272727272727,0.0,0.42424242424242425,0.022727272727272728,0.0,0.0,0.0,0
0.8518518518518519,0.8148148148148148,0.8888888888888888,0.3333333333333333,3.0,7,0.4,35,204.6111111111111,128.42857142857142,119.49206349206347,43.309523809523796,0.4023809523809524,0.038461538461538464,0.47692307692307695,0.36538461538461536,0.08333333333333333,0.5555555555555556,0.3333333333333333,0.1,0.42,0.5125,0.0,0.0,0.0,0.1590909090909091,0.0,0.24242424242424243,1.0,0.022727272727272728,0.9772727272727273,0.0,0.022727272727272728,0
0.8518518518518519,0.8148148148148148,0.8888888888888888,0.3333333333333333,3.0,7,0.4,35,204.6111111111111,128.42857142857142,119.49206349206347,43.309523809523796,0.4023809523809524,0.038461538461538464,0.47692307692307695,0.36538461538461536,0.08333333333333333,0.5555555555555556,0.3333333333333333,0.1,0.42,0.5125,0.0,0.0,0.0,0.1590909090909091,0.0,0.24242424242424243,1.0,0.022727272727272728,0.9772727272727273,0.0,0.022727272727272728,0
0.8518518518518519,0.8148148148148148,0.8888888888888888,0.3333333333333333,3.0,7,0.4,35,204.6111111111111,128.42857142857142,119.49206349206347,43.309523809523796,0.4023809523809524,0.038461538461538464,0.47692307692307695,0.36538461538461536,0.08333333333333333,0.5555555555555556,0.3333333333333333,0.1,0.42,0.5125,0.0,0.0,0.0,0.1590909090909091,0.0,0.24242424242424243,1.0,0.022727272727272728,0.9772727272727273,0.0,0.022727272727272728,0
0.8518518518518519,0.8148148148148148,0.8888888888888888,0.3333333333333333,3.0,7,0.4,35,204.6111111111111,128.42857142857142,119.49206349206347,43.309523809523796,0.4023809523809524,0.038461538461538464,0.47692307692307695,0.36538461538461536,0.08333333333333333,0.5555555555555556,0.3333333333333333,0.1,0.42,0.5125,0.0,0.0,0.0,0.1590909090909091,0.0,0.24242424242424243,1.0,0.022727272727272728,0.9772727272727273,0.0,0.022727272727272728,0
0.8518518518518519,0.8148148148148148,0.8888888888888888,0.3333333333333333,3.0,7,0.4,35,204.6111111111111,128.42857142857142,119.49206349206347,43.309523809523796,0.4023809523809524,0.038461538461538464,0.47692307692307695,0.36538461538461536,0.08333333333333333,0.5555555555555556,0.3333333333333333,0.1,0.42,0.5125,0.0,0.0,0.0,0.1590909090909091,0.0,0.24242424242424243,1.0,0.022727272727272728,0.9772727272727273,0.0,0.022727272727272728,0
1.037037037037037,0.8518518518518519,0.5833333333333334,0.4166666666666667,2.0,11,0.42857142857142855,34,148.46825396825398,134.65873015873015,83.61111111111111,69.80158730158729,0.544047619047619,0.23076923076923078,0.5692307692307692,0.49038461538461536,0.3333333333333333,0.6,0.3333333333333333,0.5,0.7,0.5,0.0,0.046153846153846156,0.0,0.0,0.0,1.0,1.0,1.0,1.0,0.022727272727272728,0.022727272727272728,0
1.037037037037037,0.8518518518518519,0.4444444444444444,0.4166666666666667,6.5,11,0.5,35,143.34920634920636,136.25396825396825,75.51587301587303,68.42063492063492,0.5416666666666666,0.20192307692307693,0.6153846153846154,0.4423076923076923,0.3333333333333333,0.6,0.3333333333333333,0.5,0.7,0.5,0.0,0.046153846153846156,0.0,0.0,0.0,1.0,1.0,1.0,1.0,0.0,0.0,0
1.037037037037037,0.8518518518518519,0.4444444444444444,0.4166666666666667,6.5,11,0.5,35,143.34920634920636,136.25396825396825,75.51587301587303,68.42063492063492,0.5416666666666666,0.20192307692307693,0.6153846153846154,0.4423076923076923,0.3333333333333333,0.6,0.3333333333333333,0.5,0.7,0.5,0.0,0.046153846153846156,0.0,0.0,0.0,1.0,1.0,1.0,1.0,0.0,0.0,0
1.037037037037037,0.8518518518518519,0.4444444444444444,0.4166666666666667,6.5,11,0.5,35,143.34920634920636,136.25396825396825,75.51587301587303,68.42063492063492,0.5416666666666666,0.20192307692307693,0.6153846153846154,0.4423076923076923,0.3333333333333333,0.6,0.3333333333333333,0.5,0.7,0.5,0.0,0.046153846153846156,0.0,0.0,0.0,1.0,1.0,1.0,1.0,0.0,0.0,0
1.037037037037037,0.8518518518518519,0.4444444444444444,0.4166666666666667,6.5,11,0.5,35,143.34920634920636,136.25396825396825,75.51587301587303,68.42063492063492,0.5416666666666666,0.20192307692307693,0.6153846153846154,0.4423076923076923,0.3333333333333333,0.6,0.3333333333333333,0.5,0.7,0.5,0.0,0.046153846153846156,0.0,0.0,0.0,1.0,1.0,1.0,1.0,0.0,0.0,0
1.037037037037037,0.8148148148148148,0.4444444444444444,0.4166666666666667,6.5,11,0.5,35,143.34920634920636,136.25396825396825,75.51587301587303,68.42063492063492,0.5416666666666666,0.20192307692307693,0.6153846153846154,0.4423076923076923,0.3333333333333333,0.6,0.3333333333333333,0.5,0.7,0.5,0.0,0.046153846153846156,0.0,0.0,0.0,1.0,1.0,1.0,1.0,0.0,0.0,0
0.8518518518518519,0.8148148148148148,0.40476190476190477,0.3333333333333333,7.0,7,0.6,34,140.33333333333334,198.07142857142856,55.71428571428572,113.45238095238093,0.4095238095238095,0.3269230769230769,0.6461538461538462,0.5096153846153846,0.3333333333333333,0.4666666666666667,0.0,0.4125,0.42,0.175,0.0,0.0,0.0,0.0,0.0,1.0,0.0,0.7272727272727273,0.20454545454545456,0.0,0.0,0
0.8518518518518519,0.8148148148148148,0.40476190476190477,0.3333333333333333,7.0,7,0.6,34,140.33333333333334,198.07142857142856,55.71428571428572,113.45238095238093,0.4095238095238095,0.3269230769230769,0.6461538461538462,0.5096153846153846,0.3333333333333333,0.4666666666666667,0.0,0.4125,0.42,0.175,0.0,0.0,0.0,0.0,0.0,1.0,0.0,0.7272727272727273,0.20454545454545456,0.0,0.0,0
0.8518518518518519,0.8148148148148148,0.40476190476190477,0.3333333333333333,7.0,7,0.6,34,140.33333333333334,198.07142857142856,55.71428571428572,113.45238095238093,0.4095238095238095,0.3269230769230769,0.6461538461538462,0.5096153846153846,0.3333333333333333,0.4666666666666667,0.0,0.4125,0.42,0.175,0.0,0.0,0.0,0.0,0.0,1.0,0.0,0.7272727272727273,0.20454545454545456,0.0,0.0,0
0.8518518518518519,0.8148148148148148,0.40476190476190477,0.3333333333333333,7.0,7,0.6,34,140.33333333333334,198.07142857142856,55.71428571428572,113.45238095238093,0.4095238095238095,0.3269230769230769,0.6461538461538462,0.5096153846153846,0.3333333333333333,0.4666666666666667,0.0,0.4125,0.42,0.175,0.0,0.0,0.0,0.0,0.0,1.0,0.0,0.7272727272727273,0.20454545454545456,0.0,0.0,0
1.037037037037037,1.037037037037037,1.0,1.0,1.0,7,0.14285714285714285,35,203.9047619047619,144.95451025938831,135.88095238095238,76.9307007355788,0.3761904761904762,0.3173076923076923,0.6307692307692307,0.41346153846153844,0.0,0.2222222222222222,0.0,0.175,0.52,0.4125,0.0,0.38461538461538464,0.5384615384615384,0.0,0.0,0.0,0.0,0.20454545454545456,0.022727272727272728,0.0,0.5,0
1.037037037037037,1.037037037037037,1.0,1.0,1.0,7,0.14285714285714285,35,203.9047619047619,144.95451025938831,135.88095238095238,76.9307007355788,0.3761904761904762,0.3173076923076923,0.6307692307692307,0.41346153846153844,0.0,0.2222222222222222,0.0,0.175,0.52,0.4125,0.0,0.38461538461538464,0.5384615384615384,0.0,0.0,0.0,0.0,0.20454545454545456,0.022727272727272728,0.0,0.5,0
1.037037037037037,1.037037037037037,1.0,1.0,1.0,7,0.14285714285714285,35,203.9047619047619,144.95451025938831,135.88095238095238,76.9307007355788,0.3761904761904762,0.3173076923076923,0.6307692307692307,0.41346153846153844,0.0,0.2222222222222222,0.0,0.175,0.52,0.4125,0.0,0.38461538461538464,0.5384615384615384,0.0,0.0,0.0,0.0,0.20454545454545456,0.022727272727272728,0.0,0.5,0
1.037037037037037,1.037037037037037,1.0,1.0,1.0,7,0.14285714285714285,35,203.9047619047619,144.95451025938831,135.88095238095238,76.9307007355788,0.3761904761904762,0.3173076923076923,0.6307692307692307,0.41346153846153844,0.0,0.2222222222222222,0.0,0.175,0.52,0.4125,0.0,0.38461538461538464,0.5384615384615384,0.0,0.0,0.0,0.0,0.20454545454545456,0.022727272727272728,0.0,0.5,0
1.0,0.8518518518518519,0.6666666666666666,1.0,2.0,11,0.16666666666666666,34,158.78571428571428,136.1904761904762,101.59523809523809,79.00000000000001,0.4928571428571429,0.22115384615384615,0.38461538461538464,0.4326923076923077,0.0,0.37777777777777777,0.0,0.4,0.56,0.4625,0.3076923076923077,0.2923076923076923,0.2692307692307692,0.0,0.0,0.0,0.0,0.0,0.022727272727272728,0.5,0.6363636363636364,0
1.0,0.8518518518518519,0.6666666666666666,1.0,2.0,11,0.16666666666666666,34,158.78571428571428,136.1904761904762,101.59523809523809,79.00000000000001,0.4928571428571429,0.22115384615384615,0.38461538461538464,0.4326923076923077,0.0,0.37777777777777777,0.0,0.4,0.56,0.4625,0.3076923076923077,0.2923076923076923,0.2692307692307692,0.0,0.0,0.0,0.0,0.0,0.022727272727272728,0.5,0.6363636363636364,0
1.0,0.8518518518518519,0.6666666666666666,1.0,2.0,11,0.16666666666666666,34,158.78571428571428,136.1904761904762,101.59523809523809,79.00000000000001,0.4928571428571429,0.22115384615384615,0.38461538461538464,0.4326923076923077,0.0,0.37777777777777777,0.0,0.4,0.56,0.4625,0.3076923076923077,0.2923076923076923,0.2692307692307692,0.0,0.0,0.0,0.0,0.0,0.022727272727272728,0.5,0.6363636363636364,0
1.0,0.8518518518518519,0.6666666666666666,1.0,2.0,11,0.16666666666666666,34,158.78571428571428,136.1904761904762,101.59523809523809,79.00000000000001,0.4928571428571429,0.22115384615384615,0.38461538461538464,0.4326923076923077,0.0,0.37777777777777777,0.0,0.4,0.56,0.4625,0.3076923076923077,0.2923076923076923,0.2692307692307692,0.0,0.0,0.0,0.0,0.0,0.022727272727272728,0.5,0.6363636363636364,0
1.037037037037037,0.7777777777777778,0.0,1.0,2.0,11,0.4,35,154.02380952380952,119.42063492063492,75.35714285714285,40.75396825396825,0.513095238095238,0.22115384615384615,0.0,0.0,0.0,0.4,0.2777777777777778,0.4875,0.66,0.4625,0.34615384615384615,0.3230769230769231,0.3076923076923077,0.0,0.5454545454545454,0.0,0.0,0.022727272727272728,0.0,0.6590909090909091,0.6363636363636364,0
1.037037037037037,0.7777777777777778,0.0,1.0,2.0,11,0.4,35,154.02380952380952,119.42063492063492,75.35714285714285,40.75396825396825,0.513095238095238,0.22115384615384615,0.0,0.0,0.0,0.4,0.2777777777777778,0.4875,0.66,0.4625,0.34615384615384615,0.3230769230769231,0.3076923076923077,0.0,0.5454545454545454,0.0,0.0,0.022727272727272728,0.0,0.6590909090909091,0.6363636363636364,0
1.037037037037037,0.7777777777777778,0.0,1.0,2.0,11,0.4,35,154.02380952380952,119.42063492063492,75.35714285714285,40.75396825396825,0.513095238095238,0.22115384615384615,0.0,0.0,0.0,0.4,0.2777777777777778,0.4875,0.66,0.4625,0.34615384615384615,0.3230769230769231,0.3076923076923077,0.0,0.5454545454545454,0.0,0.0,0.022727272727272728,0.0,0.6590909090909091,0.6363636363636364,0
1.037037037037037,0.7777777777777778,0.0,1.0,2.0,11,0.4,35,154.02380952380952,119.42063492063492,75.35714285714285,40.75396825396825,0.513095238095238,0.22115384615384615,0.0,0.0,0.0,0.4,0.2777777777777778,0.4875,0.66,0.4625,0.34615384615384615,0.3230769230769231,0.3076923076923077,0.0,0.5454545454545454,0.0,0.0,0.022727272727272728,0.0,0.6590909090909091,0.6363636363636364,0
1.037037037037037,0.7777777777777778,0.0,1.0,2.0,11,0.4,35,154.02380952380952,119.42063492063492,75.35714285714285,40.75396825396825,0.513095238095238,0.22115384615384615,0.0,0.0,0.0,0.4,0.2777777777777778,0.4875,0.66,0.4625,0.34615384615384615,0.3230769230769231,0.3076923076923077,0.0,0.5454545454545454,0.0,0.0,0.022727272727272728,0.0,0.6590909090909091,0.6363636363636364,0
1.037037037037037,1.037037037037037,1.0,1.0,1.0,8,0.14285714285714285,35,154.88888888888889,186.84126984126985,149.69841269841268,181.65079365079364,0.3761904761904762,0.0,0.38461538461538464,0.4423076923076923,0.1111111111111111,0.2,0.0,0.4125,0.6,0.1,0.3076923076923077,0.24615384615384617,0.0,0.36363636363636365,0.0,0.0,0.0,0.0,0.0,0.5681818181818182,0.022727272727272728,0
1.037037037037037,1.037037037037037,1.0,1.0,1.0,8,0.14285714285714285,35,154.88888888888889,186.84126984126985,149.69841269841268,181.65079365079364,0.3761904761904762,0.0,0.38461538461538464,0.4423076923076923,0.1111111111111111,0.2,0.0,0.4125,0.6,0.1,0.3076923076923077,0.24615384615384617,0.0,0.36363636363636365,0.0,0.0,0.0,0.0,0.0,0.5681818181818182,0.022727272727272728,0
1.037037037037037,1.037037037037037,1.0,1.0,1.0,8,0.14285714285714285,35,154.88888888888889,186.84126984126985,149.69841269841268,181.65079365079364,0.3761904761904762,0.0,0.38461538461538464,0.4423076923076923,0.1111111111111111,0.2,0.0,0.4125,0.6,0.1,0.3076923076923077,0.24615384615384617,0.0,0.36363636363636365,0.0,0.0,0.0,0.0,0.0,0.5681818181818182,0.022727272727272728,0
1.037037037037037,1.037037037037037,1.0,1.0,1.0,8,0.14285714285714285,35,154.88888888888889,186.84126984126985,149.69841269841268,181.65079365079364,0.3761904761904762,0.0,0.38461538461538464,0.4423076923076923,0.1111111111111111,0.2,0.0,0.4125,0.6,0.1,0.3076923076923077,0.24615384615384617,0.0,0.36363636363636365,0.0,0.0,0.0,0.0,0.0,0.5681818181818182,0.022727272727272728,0
1.037037037037037,1.037037037037037,0.0,1.0,2.0,6,0.42857142857142855,35,164.03174603174602,141.31746031746033,83.88888888888889,61.17460317460319,0.4261904761904762,0.21153846153846154,0.2,0.0,0.0,0.4666666666666667,0.75,0.1375,0.5,0.2375,0.3173076923076923,0.27692307692307694,0.16346153846153846,0.0,0.9090909090909091,0.0,1.0,0.0,0.36363636363636365,0.0,0.0,0
1.037037037037037,1.037037037037037,0.0,1.0,2.0,6,0.42857142857142855,35,164.03174603174602,141.31746031746033,83.88888888888889,61.17460317460319,0.4261904761904762,0.21153846153846154,0.2,0.0,0.0,0.4666666666666667,0.75,0.1375,0.5,0.2375,0.3173076923076923,0.27692307692307694,0.16346153846153846,0.0,0.9090909090909091,0.0,1.0,0.0,0.36363636363636365,0.0,0.0,0
1.037037037037037,1.037037037037037,0.0,1.0,2.0,6,0.42857142857142855,35,164.03174603174602,141.31746031746033,83.88888888888889,61.17460317460319,0.4261904761904762,0.21153846153846154,0.2,0.0,0.0,0.4666666666666667,0.75,0.1375,0.5,0.2375,0.3173076923076923,0.27692307692307694,0.16346153846153846,0.0,0.9090909090909091,0.0,1.0,0.0,0.36363636363636365,0.0,0.0,0
1.037037037037037,1.037037037037037,0.0,1.0,2.0,6,0.42857142857142855,35,164.03174603174602,141.31746031746033,83.88888888888889,61.17460317460319,0.4261904761904762,0.21153846153846154,0.2,0.0,0.0,0.4666666666666667,0.75,0.1375,0.5,0.2375,0.3173076923076923,0.27692307692307694,0.16346153846153846,0.0,0.9090909090909091,0.0,1.0,0.0,0.36363636363636365,0.0,0.0,0
1.037037037037037,1.037037037037037,0.0,1.0,2.0,6,0.42857142857142855,35,164.03174603174602,141.31746031746033,83.88888888888889,61.17460317460319,0.4261904761904762,0.21153846153846154,0.2,0.0,0.0,0.4666666666666667,0.75,0.1375,0.5,0.2375,0.3173076923076923,0.27692307692307694,0.16346153846153846,0.0,0.9090909090909091,0.0,1.0,0.0,0.36363636363636365,0.0,0.0,0
0.9259259259259259,0.7037037037037037,0.0,0.3787878787878788,11.0,11,0.8,35,138.53968253968253,141.71428571428572,34.30158730158729,37.47619047619048,0.48214285714285715,0.0,0.0,0.0,0.6805555555555556,0.5555555555555556,0.4861111111111111,0.275,0.56,0.4875,0.4423076923076923,0.676923076923077,0.2403846153846154,0.7954545454545454,0.3409090909090909,1.0,1.0,0.45454545454545453,1.0,0.0,0.0,0
0.9259259259259259,0.8888888888888888,0.0,0.4166666666666667,8.5,11,0.6666666666666666,35,140.47619047619048,140.92857142857142,66.54761904761905,66.99999999999999,0.48095238095238096,0.0,0.0,0.0,0.6527777777777778,0.5555555555555556,0.4722222222222222,0.3,0.56,0.5,0.5,0.6153846153846154,0.28846153846153844,0.75,0.3181818181818182,1.0,0.9696969696969697,0.5,1.0,0.0,0.0,0
0.9259259259259259,0.8888888888888888,0.0,0.4166666666666667,8.5,11,0.6666666666666666,35,140.47619047619048,140.92857142857142,66.54761904761905,66.99999999999999,0.48095238095238096,0.0,0.0,0.0,0.6527777777777778,0.5555555555555556,0.4722222222222222,0.3,0.56,0.5,0.5,0.6153846153846154,0.28846153846153844,0.75,0.3181818181818182,1.0,0.9696969696969697,0.5,1.0,0.0,0.0,0
0.9259259259259259,0.8888888888888888,0.0,0.4166666666666667,8.5,11,0.6666666666666666,35,140.47619047619048,140.92857142857142,66.54761904761905,66.99999999999999,0.48095238095238096,0.0,0.0,0.0,0.6527777777777778,0.5555555555555556,0.4722222222222222,0.3,0.56,0.5,0.5,0.6153846153846154,0.28846153846153844,0.75,0.3181818181818182,1.0,0.9696969696969697,0.5,1.0,0.0,0.0,0
0.9259259259259259,0.8888888888888888,0.0,0.4166666666666667,8.5,11,0.6666666666666666,35,140.47619047619048,140.92857142857142,66.54761904761905,66.99999999999999,0.48095238095238096,0.0,0.0,0.0,0.6527777777777778,0.5555555555555556,0.4722222222222222,0.3,0.56,0.5,0.5,0.6153846153846154,0.28846153846153844,0.75,0.3181818181818182,1.0,0.9696969696969697,0.5,1.0,0.0,0.0,0
0.9259259259259259,0.8888888888888888,0.0,0.4166666666666667,8.5,11,0.6666666666666666,35,140.47619047619048,140.92857142857142,66.54761904761905,66.99999999999999,0.48095238095238096,0.0,0.0,0.0,0.6527777777777778,0.5555555555555556,0.4722222222222222,0.3,0.56,0.5,0.5,0.6153846153846154,0.28846153846153844,0.75,0.3181818181818182,1.0,0.9696969696969697,0.5,1.0,0.0,0.0,0
0.8888888888888888,0.8148148148148148,0.0,0.4444444444444444,6.0,6,0.6,27,133.32539682539684,194.44444444444446,53.6825396825397,114.80158730158732,0.4488095238095238,0.0,0.0,0.0,0.3333333333333333,0.2,0.2916666666666667,0.5,0.46,0.3875,0.4326923076923077,0.6153846153846154,0.057692307692307696,0.0,0.2727272727272727,1.0,0.2727272727272727,1.0,0.29545454545454547,0.0,0.29545454545454547,0
0.8888888888888888,0.8148148148148148,0.0,0.4444444444444444,6.0,6,0.6,27,133.32539682539684,194.44444444444446,53.6825396825397,114.80158730158732,0.4488095238095238,0.0,0.0,0.0,0.3333333333333333,0.2,0.2916666666666667,0.5,0.46,0.3875,0.4326923076923077,0.6153846153846154,0.057692307692307696,0.0,0.2727272727272727,1.0,0.2727272727272727,1.0,0.29545454545454547,0.0,0.29545454545454547,0
0.8888888888888888,0.8148148148148148,0.0,0.4444444444444444,6.0,6,0.6,27,133.32539682539684,194.44444444444446,53.6825396825397,114.80158730158732,0.4488095238095238,0.0,0.0,0.0,0.3333333333333333,0.2,0.2916666666666667,0.5,0.46,0.3875,0.4326923076923077,0.6153846153846154,0.057692307692307696,0.0,0.2727272727272727,1.0,0.2727272727272727,1.0,0.29545454545454547,0.0,0.29545454545454547,0
1.037037037037037,1.0,0.0,0.4444444444444444,3.0,8,0.2857142857142857,20,196.0793650793651,241.30158730158732,110.34126984126985,155.56349206349208,0.28095238095238095,0.0,0.0,0.0,0.18055555555555555,0.4666666666666667,0.0,0.6,0.76,0.0,0.5192307692307693,0.046153846153846156,0.0,0.0,0.09090909090909091,0.5757575757575758,0.09090909090909091,0.6590909090909091,0.09090909090909091,0.3409090909090909,0.09090909090909091,0
1.037037037037037,1.0,0.0,0.3888888888888889,3.0,7,0.2857142857142857,19,194.44444444444446,254.19841269841268,119.01587301587303,178.76984126984127,0.2571428571428571,0.0,0.0,0.0,0.1388888888888889,0.4666666666666667,0.0,0.5625,0.68,0.0,0.46153846153846156,0.03076923076923077,0.0,0.0,0.0,0.48484848484848486,0.0,0.6136363636363636,0.0,0.36363636363636365,0.0,0
1.037037037037037,1.0,0.0,0.3888888888888889,3.0,7,0.2857142857142857,19,194.44444444444446,254.19841269841268,119.01587301587303,178.76984126984127,0.2571428571428571,0.0,0.0,0.0,0.1388888888888889,0.4666666666666667,0.0,0.5625,0.68,0.0,0.46153846153846156,0.03076923076923077,0.0,0.0,0.0,0.48484848484848486,0.0,0.6136363636363636,0.0,0.36363636363636365,0.0,0
1.037037037037037,1.0,0.0,0.3888888888888889,3.0,7,0.2857142857142857,19,194.44444444444446,254.19841269841268,119.01587301587303,178.76984126984127,0.2571428571428571,0.0,0.0,0.0,0.1388888888888889,0.4666666666666667,0.0,0.5625,0.68,0.0,0.46153846153846156,0.03076923076923077,0.0,0.0,0.0,0.48484848484848486,0.0,0.6136363636363636,0.0,0.36363636363636365,0.0,0
1.037037037037037,1.0,0.0,0.3888888888888889,3.0,7,0.2857142857142857,19,194.44444444444446,254.19841269841268,119.01587301587303,178.76984126984127,0.2571428571428571,0.0,0.0,0.0,0.1388888888888889,0.4666666666666667,0.0,0.5625,0.68,0.0,0.46153846153846156,0.03076923076923077,0.0,0.0,0.0,0.48484848484848486,0.0,0.6136363636363636,0.0,0.36363636363636365,0.0,0
1.037037037037037,1.037037037037037,0.0,0.2222222222222222,3.0,4,0.125,35,220.15079365079364,223.30952380952382,142.34126984126982,145.5,0.18452380952380953,0.33653846153846156,0.046153846153846156,0.22115384615384615,0.0,0.46,0.0,0.0,0.5111111111111111,0.06944444444444445,0.0,0.0,0.125,0.0,0.09090909090909091,0.0,0.09090909090909091,0.0,0.21212121212121213,0.022727272727272728,0.09090909090909091,1
1.037037037037037,0.8518518518518519,1.0,1.0,1.0,7,0.2857142857142857,31,218.63492063492063,150.77777777777777,177.15873015873015,109.30158730158729,0.2761904761904762,0.21153846153846154,0.5230769230769231,0.4230769230769231,0.1,0.22,0.0,0.1111111111111111,0.4888888888888889,0.375,0.0,0.7538461538461538,0.9711538461538461,0.25,0.0,0.2727272727272727,0.0,0.2727272727272727,0.42424242424242425,0.2727272727272727,0.0,0
1.037037037037037,0.8518518518518519,1.0,1.0,1.0,7,0.2857142857142857,31,218.63492063492063,150.77777777777777,177.15873015873015,109.30158730158729,0.2761904761904762,0.21153846153846154,0.5230769230769231,0.4230769230769231,0.1,0.22,0.0,0.1111111111111111,0.4888888888888889,0.375,0.0,0.7538461538461538,0.9711538461538461,0.25,0.0,0.2727272727272727,0.0,0.2727272727272727,0.42424242424242425,0.2727272727272727,0.0,0
1.037037037037037,0.8518518518518519,1.0,1.0,1.0,7,0.2857142857142857,31,218.63492063492063,150.77777777777777,177.15873015873015,109.30158730158729,0.2761904761904762,0.21153846153846154,0.5230769230769231,0.4230769230769231,0.1,0.22,0.0,0.1111111111111111,0.4888888888888889,0.375,0.0,0.7538461538461538,0.9711538461538461,0.25,0.0,0.2727272727272727,0.0,0.2727272727272727,0.42424242424242425,0.2727272727272727,0.0,0
1.0,0.8214285714285714,1.0,1.0,1.0,7,0.2857142857142857,31,218.63492063492063,150.77777777777777,177.15873015873015,109.30158730158729,0.281068524970964,0.21153846153846154,0.5230769230769231,0.4230769230769231,0.1,0.22,0.0,0.1,0.52,0.4375,0.0,0.7538461538461538,0.9230769230769231,0.25,0.0,0.2727272727272727,0.0,0.2727272727272727,0.42424242424242425,0.2727272727272727,0.0,0
1.037037037037037,0.8148148148148148,1.0,1.0,1.0,6,0.16666666666666666,30,218.63492063492063,150.77777777777777,177.15873015873015,109.30158730158729,0.27380952380952384,0.16346153846153846,0.49230769230769234,0.36538461538461536,0.1111111111111111,0.2,0.0,0.1,0.52,0.4375,0.0,0.7538461538461538,0.9230769230769231,0.25,0.0,0.2727272727272727,0.0,0.2727272727272727,0.42424242424242425,0.2727272727272727,0.0,0
1.037037037037037,0.9259259259259259,0.5,1.0,1.0,11,0.25,32,155.4206349206349,154.5952380952381,112.39682539682539,111.57142857142858,0.37976190476190474,0.11538461538461539,0.36923076923076925,0.49038461538461536,0.0,0.18,0.0,0.625,0.7111111111111111,0.6527777777777778,0.4807692307692308,0.3384615384615385,0.22115384615384615,0.0,0.0,0.0,0.0,0.0,0.18181818181818182,0.8636363636363636,0.9090909090909091,0
1.037037037037037,0.9259259259259259,0.5,1.0,1.0,11,0.25,32,155.4206349206349,154.5952380952381,112.39682539682539,111.57142857142858,0.37976190476190474,0.11538461538461539,0.36923076923076925,0.49038461538461536,0.0,0.18,0.0,0.625,0.7111111111111111,0.6527777777777778,0.4807692307692308,0.3384615384615385,0.22115384615384615,0.0,0.0,0.0,0.0,0.0,0.18181818181818182,0.8636363636363636,0.9090909090909091,0
1.037037037037037,0.9259259259259259,0.5,1.0,1.0,11,0.25,32,155.4206349206349,154.5952380952381,112.39682539682539,111.57142857142858,0.37976190476190474,0.11538461538461539,0.36923076923076925,0.49038461538461536,0.0,0.18,0.0,0.625,0.7111111111111111,0.6527777777777778,0.4807692307692308,0.3384615384615385,0.22115384615384615,0.0,0.0,0.0,0.0,0.0,0.18181818181818182,0.8636363636363636,0.9090909090909091,0
1.037037037037037,0.9259259259259259,0.5,1.0,1.0,11,0.25,32,155.4206349206349,154.5952380952381,112.39682539682539,111.57142857142858,0.37976190476190474,0.11538461538461539,0.36923076923076925,0.49038461538461536,0.0,0.18,0.0,0.625,0.7111111111111111,0.6527777777777778,0.4807692307692308,0.3384615384615385,0.22115384615384615,0.0,0.0,0.0,0.0,0.0,0.18181818181818182,0.8636363636363636,0.9090909090909091,0
1.037037037037037,1.037037037037037,0.25,0.4166666666666667,2.0,8,0.375,20,159.31746031746033,198.7301587301587,83.76984126984128,123.18253968253966,0.3047619047619048,0.038461538461538464,0.26153846153846155,0.47115384615384615,0.0,0.32,0.0,0.7361111111111112,0.7333333333333333,0.0,0.18269230769230768,0.03076923076923077,0.0,0.0,0.0,0.0,0.0,0.18181818181818182,0.0,0.9772727272727273,0.022727272727272728,0
1.037037037037037,1.037037037037037,0.5,0.3333333333333333,2.0,7,0.375,19,157.64285714285714,198.57936507936506,61.23809523809524,102.17460317460316,0.2904761904761905,0.019230769230769232,0.36923076923076925,0.4230769230769231,0.0,0.32,0.0,0.75,0.5777777777777777,0.0,0.16346153846153846,0.015384615384615385,0.0,0.0,0.0,0.0,0.0,0.24242424242424243,0.0,0.9772727272727273,0.0,0
1.037037037037037,1.037037037037037,0.5,0.3333333333333333,2.0,7,0.375,19,157.64285714285714,198.57936507936506,61.23809523809524,102.17460317460316,0.2904761904761905,0.019230769230769232,0.36923076923076925,0.4230769230769231,0.0,0.32,0.0,0.75,0.5777777777777777,0.0,0.16346153846153846,0.015384615384615385,0.0,0.0,0.0,0.0,0.0,0.24242424242424243,0.0,0.9772727272727273,0.0,0
1.037037037037037,1.037037037037037,0.5,0.3333333333333333,2.0,7,0.375,19,157.64285714285714,198.57936507936506,61.23809523809524,102.17460317460316,0.2904761904761905,0.019230769230769232,0.36923076923076925,0.4230769230769231,0.0,0.32,0.0,0.75,0.5777777777777777,0.0,0.16346153846153846,0.015384615384615385,0.0,0.0,0.0,0.0,0.0,0.24242424242424243,0.0,0.9772727272727273,0.0,0
1.037037037037037,0.8518518518518519,0.25,0.9166666666666666,1.5,6,0.25,19,196.81746031746033,120.57142857142857,118.17460317460319,41.92857142857143,0.30238095238095236,0.019230769230769232,0.23076923076923078,0.40384615384615385,0.0,0.32,0.2,0.20833333333333334,0.4888888888888889,0.18055555555555555,0.3557692307692308,0.6,0.4230769230769231,0.0,0.0,0.0,0.11363636363636363,0.0,0.21212121212121213,0.06818181818181818,0.0,0
1.037037037037037,0.8518518518518519,0.25,0.9166666666666666,1.5,6,0.25,19,196.81746031746033,120.57142857142857,118.17460317460319,41.92857142857143,0.30238095238095236,0.019230769230769232,0.23076923076923078,0.40384615384615385,0.0,0.32,0.2,0.20833333333333334,0.4888888888888889,0.18055555555555555,0.3557692307692308,0.6,0.4230769230769231,0.0,0.0,0.0,0.11363636363636363,0.0,0.21212121212121213,0.06818181818181818,0.0,0
1.037037037037037,0.8518518518518519,0.25,0.9166666666666666,1.5,6,0.25,19,196.81746031746033,120.57142857142857,118.17460317460319,41.92857142857143,0.30238095238095236,0.019230769230769232,0.23076923076923078,0.40384615384615385,0.0,0.32,0.2,0.20833333333333334,0.4888888888888889,0.18055555555555555,0.3557692307692308,0.6,0.4230769230769231,0.0,0.0,0.0,0.11363636363636363,0.0,0.21212121212121213,0.06818181818181818,0.0,0
1.037037037037037,0.8518518518518519,0.25,0.9166666666666666,1.5,6,0.25,19,196.81746031746033,120.57142857142857,118.17460317460319,41.92857142857143,0.30238095238095236,0.019230769230769232,0.23076923076923078,0.40384615384615385,0.0,0.32,0.2,0.20833333333333334,0.4888888888888889,0.18055555555555555,0.3557692307692308,0.6,0.4230769230769231,0.0,0.0,0.0,0.11363636363636363,0.0,0.21212121212121213,0.06818181818181818,0.0,0
1.037037037037037,1.037037037037037,0.0,0.6666666666666666,1.5,6,0.125,34,222.2936507936508,180.31746031746033,118.93650793650795,76.96031746031747,0.20357142857142857,0.18269230769230768,0.015384615384615385,0.04807692307692308,0.025,0.32,0.275,0.0,0.28888888888888886,0.0,0.36538461538461536,0.6153846153846154,0.625,0.0,0.29545454545454547,0.022727272727272728,0.0,0.0,0.0,0.0,0.0,0
1.037037037037037,1.037037037037037,0.0,0.6666666666666666,1.5,6,0.125,34,222.2936507936508,180.31746031746033,118.93650793650795,76.96031746031747,0.20357142857142857,0.18269230769230768,0.015384615384615385,0.04807692307692308,0.025,0.32,0.275,0.0,0.28888888888888886,0.0,0.36538461538461536,0.6153846153846154,0.625,0.0,0.29545454545454547,0.022727272727272728,0.0,0.0,0.0,0.0,0.0,0
1.037037037037037,1.037037037037037,0.0,0.6666666666666666,1.5,6,0.125,34,222.2936507936508,180.31746031746033,118.93650793650795,76.96031746031747,0.20357142857142857,0.18269230769230768,0.015384615384615385,0.04807692307692308,0.025,0.32,0.275,0.0,0.28888888888888886,0.0,0.36538461538461536,0.6153846153846154,0.625,0.0,0.29545454545454547,0.022727272727272728,0.0,0.0,0.0,0.0,0.0,0
1.037037037037037,1.037037037037037,0.0,1.0,1.0,6,0.125,35,184.13492063492063,183.4920634920635,122.2063492063492,121.56349206349206,0.28095238095238095,0.1346153846153846,0.12307692307692308,0.125,0.1,0.26,0.2875,0.2222222222222222,0.37777777777777777,0.0,0.8557692307692307,0.46153846153846156,0.0,0.36363636363636365,0.3181818181818182,0.0,0.0,0.0,0.0,0.0,0.0,0
1.037037037037037,1.037037037037037,0.0,1.0,1.0,6,0.125,35,184.13492063492063,183.4920634920635,122.2063492063492,121.56349206349206,0.28095238095238095,0.1346153846153846,0.12307692307692308,0.125,0.1,0.26,0.2875,0.2222222222222222,0.37777777777777777,0.0,0.8557692307692307,0.46153846153846156,0.0,0.36363636363636365,0.3181818181818182,0.0,0.0,0.0,0.0,0.0,0.0,0
1.037037037037037,1.037037037037037,0.0,1.0,1.0,6,0.125,35,184.13492063492063,183.4920634920635,122.2063492063492,121.56349206349206,0.28095238095238095,0.1346153846153846,0.12307692307692308,0.125,0.1,0.26,0.2875,0.2222222222222222,0.37777777777777777,0.0,0.8557692307692307,0.46153846153846156,0.0,0.36363636363636365,0.3181818181818182,0.0,0.0,0.0,0.0,0.0,0.0,0
1.037037037037037,1.037037037037037,0.0,1.0,1.0,6,0.125,35,184.13492063492063,183.4920634920635,122.2063492063492,121.56349206349206,0.28095238095238095,0.1346153846153846,0.12307692307692308,0.125,0.1,0.26,0.2875,0.2222222222222222,0.37777777777777777,0.0,0.8557692307692307,0.46153846153846156,0.0,0.36363636363636365,0.3181818181818182,0.0,0.0,0.0,0.0,0.0,0.0,0
1.037037037037037,1.037037037037037,0.0,0.16666666666666666,2.0,4,0.125,33,221.85714285714286,222.16666666666666,114.23809523809524,114.54761904761904,0.22142857142857142,0.009615384615384616,0.0,0.10576923076923077,0.0625,0.32,0.125,0.0,0.35555555555555557,0.16666666666666666,0.0,0.0,0.1346153846153846,0.13636363636363635,0.09090909090909091,0.0,0.13636363636363635,0.0,0.24242424242424243,0.0,0.1590909090909091,1
1.037037037037037,1.037037037037037,0.6666666666666666,0.75,1.5,6,0.25,29,219.0952380952381,142.35714285714286,188.97619047619048,112.23809523809524,0.3047619047619048,0.009615384615384616,0.38461538461538464,0.4230769230769231,0.2,0.28,0.0625,0.20833333333333334,0.4888888888888889,0.1527777777777778,0.0,0.4,0.34615384615384615,0.18181818181818182,0.0,0.18181818181818182,0.09090909090909091,0.18181818181818182,0.18181818181818182,0.22727272727272727,0.0,0
1.037037037037037,1.037037037037037,0.6666666666666666,0.75,1.5,6,0.25,29,219.0952380952381,142.35714285714286,188.97619047619048,112.23809523809524,0.3047619047619048,0.009615384615384616,0.38461538461538464,0.4230769230769231,0.2,0.28,0.0625,0.20833333333333334,0.4888888888888889,0.1527777777777778,0.0,0.4,0.34615384615384615,0.18181818181818182,0.0,0.18181818181818182,0.09090909090909091,0.18181818181818182,0.18181818181818182,0.22727272727272727,0.0,0
1.037037037037037,1.037037037037037,0.6666666666666666,0.75,1.5,6,0.25,29,219.0952380952381,142.35714285714286,188.97619047619048,112.23809523809524,0.3047619047619048,0.009615384615384616,0.38461538461538464,0.4230769230769231,0.2,0.28,0.0625,0.20833333333333334,0.4888888888888889,0.1527777777777778,0.0,0.4,0.34615384615384615,0.18181818181818182,0.0,0.18181818181818182,0.09090909090909091,0.18181818181818182,0.18181818181818182,0.22727272727272727,0.0,0
1.037037037037037,1.037037037037037,0.6666666666666666,0.75,1.5,6,0.25,29,219.0952380952381,142.35714285714286,188.97619047619048,112.23809523809524,0.3047619047619048,0.009615384615384616,0.38461538461538464,0.4230769230769231,0.2,0.28,0.0625,0.20833333333333334,0.4888888888888889,0.1527777777777778,0.0,0.4,0.34615384615384615,0.18181818181818182,0.0,0.18181818181818182,0.09090909090909091,0.18181818181818182,0.18181818181818182,0.22727272727272727,0.0,0
1.037037037037037,1.037037037037037,0.6666666666666666,0.75,1.5,6,0.25,29,219.0952380952381,142.35714285714286,188.97619047619048,112.23809523809524,0.3047619047619048,0.009615384615384616,0.38461538461538464,0.4230769230769231,0.2,0.28,0.0625,0.20833333333333334,0.4888888888888889,0.1527777777777778,0.0,0.4,0.34615384615384615,0.18181818181818182,0.0,0.18181818181818182,0.09090909090909091,0.18181818181818182,0.18181818181818182,0.22727272727272727,0.0,0
1.037037037037037,1.037037037037037,0.6666666666666666,1.0,1.0,3,0.0,19,219.34126984126985,180.56349206349205,175.05555555555557,136.27777777777777,0.2011904761904762,0.14423076923076922,0.24615384615384617,0.40384615384615385,0.0,0.28,0.125,0.0,0.37777777777777777,0.0,0.3942307692307692,0.7230769230769231,0.6634615384615384,0.0,0.0,0.0,0.0,0.0,0.0,0.0,0.0,0
1.037037037037037,1.037037037037037,0.6666666666666666,1.0,1.0,3,0.0,19,219.34126984126985,180.56349206349205,175.05555555555557,136.27777777777777,0.2011904761904762,0.14423076923076922,0.24615384615384617,0.40384615384615385,0.0,0.28,0.125,0.0,0.37777777777777777,0.0,0.3942307692307692,0.7230769230769231,0.6634615384615384,0.0,0.0,0.0,0.0,0.0,0.0,0.0,0.0,0
1.037037037037037,1.037037037037037,0.6666666666666666,1.0,1.0,3,0.0,19,219.34126984126985,180.56349206349205,175.05555555555557,136.27777777777777,0.2011904761904762,0.14423076923076922,0.24615384615384617,0.40384615384615385,0.0,0.28,0.125,0.0,0.37777777777777777,0.0,0.3942307692307692,0.7230769230769231,0.6634615384615384,0.0,0.0,0.0,0.0,0.0,0.0,0.0,0.0,0
1.037037037037037,0.9259259259259259,0.0,1.0,1.0,6,0.14285714285714285,35,176.33333333333334,176.19139904023623,95.42857142857144,95.28663713547434,0.25833333333333336,0.08653846153846154,0.03076923076923077,0.0,0.0125,0.3,0.2625,0.2222222222222222,0.3111111111111111,0.0,0.9423076923076923,0.5076923076923077,0.0,0.06818181818181818,0.5681818181818182,0.0,0.0,0.0,0.0,0.0,0.0,0
1.037037037037037,0.9259259259259259,0.0,1.0,1.0,6,0.14285714285714285,35,176.33333333333334,176.19139904023623,95.42857142857144,95.28663713547434,0.25833333333333336,0.08653846153846154,0.03076923076923077,0.0,0.0125,0.3,0.2625,0.2222222222222222,0.3111111111111111,0.0,0.9423076923076923,0.5076923076923077,0.0,0.06818181818181818,0.5681818181818182,0.0,0.0,0.0,0.0,0.0,0.0,0
1.037037037037037,0.9259259259259259,0.0,1.0,1.0,6,0.14285714285714285,35,176.33333333333334,176.19139904023623,95.42857142857144,95.28663713547434,0.25833333333333336,0.08653846153846154,0.03076923076923077,0.0,0.0125,0.3,0.2625,0.2222222222222222,0.3111111111111111,0.0,0.9423076923076923,0.5076923076923077,0.0,0.06818181818181818,0.5681818181818182,0.0,0.0,0.0,0.0,0.0,0.0,0
1.037037037037037,0.9259259259259259,0.0,1.0,1.0,6,0.14285714285714285,35,176.33333333333334,176.19139904023623,95.42857142857144,95.28663713547434,0.25833333333333336,0.08653846153846154,0.03076923076923077,0.0,0.0125,0.3,0.2625,0.2222222222222222,0.3111111111111111,0.0,0.9423076923076923,0.5076923076923077,0.0,0.06818181818181818,0.5681818181818182,0.0,0.0,0.0,0.0,0.0,0.0,0
1.037037037037037,0.9259259259259259,0.0,1.0,1.0,6,0.14285714285714285,35,176.33333333333334,176.19139904023623,95.42857142857144,95.28663713547434,0.25833333333333336,0.08653846153846154,0.03076923076923077,0.0,0.0125,0.3,0.2625,0.2222222222222222,0.3111111111111111,0.0,0.9423076923076923,0.5076923076923077,0.0,0.06818181818181818,0.5681818181818182,0.0,0.0,0.0,0.0,0.0,0.0,0
0.9629629629629629,0.8148148148148148,0.08333333333333333,0.7083333333333334,3.5,7,0.5,19,164.02380952380952,107.0,69.02380952380952,12.0,0.4738095238095238,0.0,0.16923076923076924,0.09615384615384616,0.6805555555555556,0.2222222222222222,0.3055555555555556,0.0375,0.58,0.6125,0.0,0.26153846153846155,0.3557692307692308,0.5454545454545454,0.36363636363636365,0.5757575757575758,0.18181818181818182,0.06818181818181818,0.25,0.0,0.8727272727272727,0
0.9629629629629629,0.8148148148148148,0.08333333333333333,0.7083333333333334,3.5,7,0.5,19,164.02380952380952,107.0,69.02380952380952,12.0,0.4738095238095238,0.0,0.16923076923076924,0.09615384615384616,0.6805555555555556,0.2222222222222222,0.3055555555555556,0.0375,0.58,0.6125,0.0,0.26153846153846155,0.3557692307692308,0.5454545454545454,0.36363636363636365,0.5757575757575758,0.18181818181818182,0.06818181818181818,0.25,0.0,0.8727272727272727,0
0.9285714285714286,0.7857142857142857,0.16666666666666666,0.6388888888888888,6.0,7,0.5714285714285714,19,164.02380952380952,107.0,69.02380952380952,12.0,0.4657375145180023,0.0,0.16923076923076924,0.09615384615384616,0.6125,0.22,0.3,0.0375,0.58,0.6125,0.0,0.26153846153846155,0.3557692307692308,0.5454545454545454,0.36363636363636365,0.5757575757575758,0.18181818181818182,0.06818181818181818,0.25,0.0,0.8727272727272727,0
0.9629629629629629,0.7777777777777778,0.16666666666666666,0.6388888888888888,6.0,7,0.5714285714285714,19,164.02380952380952,107.0,69.02380952380952,12.0,0.4642857142857143,0.0,0.16923076923076924,0.09615384615384616,0.6125,0.22,0.3,0.041666666666666664,0.5555555555555556,0.5833333333333334,0.0,0.3230769230769231,0.4230769230769231,0.5454545454545454,0.36363636363636365,0.5757575757575758,0.18181818181818182,0.06818181818181818,0.25,0.0,0.8727272727272727,0
0.9629629629629629,0.7777777777777778,0.16666666666666666,0.6388888888888888,6.0,7,0.5714285714285714,19,164.02380952380952,107.0,69.02380952380952,12.0,0.4642857142857143,0.0,0.16923076923076924,0.09615384615384616,0.6125,0.22,0.3,0.041666666666666664,0.5555555555555556,0.5833333333333334,0.0,0.3230769230769231,0.4230769230769231,0.5454545454545454,0.36363636363636365,0.5757575757575758,0.18181818181818182,0.06818181818181818,0.25,0.0,0.8727272727272727,0
1.037037037037037,1.037037037037037,0.0,1.0,2.0,11,0.375,35,162.44444444444446,119.8968253968254,63.75396825396827,21.206349206349216,0.4976190476190476,0.11538461538461539,0.09230769230769231,0.1346153846153846,0.15,0.38,0.2625,0.5277777777777778,0.8,0.6527777777777778,0.3557692307692308,0.3076923076923077,0.3076923076923077,0.45454545454545453,0.2727272727272727,0.0,0.0,0.0,0.0,0.7272727272727273,0.9318181818181818,0
1.037037037037037,1.037037037037037,0.08333333333333333,1.0,2.0,11,0.375,35,162.53968253968253,119.52380952380952,87.30158730158729,44.28571428571428,0.48928571428571427,0.10576923076923077,0.12307692307692308,0.10576923076923077,0.1,0.48,0.2,0.5416666666666666,0.8,0.6388888888888888,0.34615384615384615,0.3076923076923077,0.3076923076923077,0.36363636363636365,0.22727272727272727,0.0,0.0,0.0,0.0,0.75,0.9090909090909091,0
1.037037037037037,1.037037037037037,0.08333333333333333,1.0,2.0,11,0.375,35,162.53968253968253,119.52380952380952,87.30158730158729,44.28571428571428,0.48928571428571427,0.10576923076923077,0.12307692307692308,0.10576923076923077,0.1,0.48,0.2,0.5416666666666666,0.8,0.6388888888888888,0.34615384615384615,0.3076923076923077,0.3076923076923077,0.36363636363636365,0.22727272727272727,0.0,0.0,0.0,0.0,0.75,0.9090909090909091,0
1.037037037037037,1.037037037037037,0.08333333333333333,1.0,2.0,11,0.375,35,162.53968253968253,119.52380952380952,87.30158730158729,44.28571428571428,0.48928571428571427,0.10576923076923077,0.12307692307692308,0.10576923076923077,0.1,0.48,0.2,0.5416666666666666,0.8,0.6388888888888888,0.34615384615384615,0.3076923076923077,0.3076923076923077,0.36363636363636365,0.22727272727272727,0.0,0.0,0.0,0.0,0.75,0.9090909090909091,0
1.037037037037037,1.037037037037037,0.08333333333333333,1.0,2.0,11,0.375,35,162.53968253968253,119.52380952380952,87.30158730158729,44.28571428571428,0.48928571428571427,0.10576923076923077,0.12307692307692308,0.10576923076923077,0.1,0.48,0.2,0.5416666666666666,0.8,0.6388888888888888,0.34615384615384615,0.3076923076923077,0.3076923076923077,0.36363636363636365,0.22727272727272727,0.0,0.0,0.0,0.0,0.75,0.9090909090909091,0
1.037037037037037,1.037037037037037,0.08333333333333333,1.0,2.0,11,0.375,35,162.53968253968253,119.52380952380952,87.30158730158729,44.28571428571428,0.48928571428571427,0.10576923076923077,0.12307692307692308,0.10576923076923077,0.1,0.48,0.2,0.5416666666666666,0.8,0.6388888888888888,0.34615384615384615,0.3076923076923077,0.3076923076923077,0.36363636363636365,0.22727272727272727,0.0,0.0,0.0,0.0,0.75,0.9090909090909091,0
1.037037037037037,0.9259259259259259,0.0,0.8333333333333334,1.0,7,0.2857142857142857,35,146.12698412698413,174.56349206349205,69.53174603174602,97.96825396825395,0.3619047619047619,0.07692307692307693,0.015384615384615385,0.0,0.0,0.3,0.2875,0.5277777777777778,0.4888888888888889,0.0,0.3076923076923077,0.18461538461538463,0.0,0.0,0.6136363636363636,0.0,0.0,0.0,0.0,0.7272727272727273,0.0,0
1.037037037037037,0.9259259259259259,0.0,0.8333333333333334,1.0,7,0.2857142857142857,35,146.12698412698413,174.56349206349205,69.53174603174602,97.96825396825395,0.3619047619047619,0.07692307692307693,0.015384615384615385,0.0,0.0,0.3,0.2875,0.5277777777777778,0.4888888888888889,0.0,0.3076923076923077,0.18461538461538463,0.0,0.0,0.6136363636363636,0.0,0.0,0.0,0.0,0.7272727272727273,0.0,0
1.037037037037037,0.9259259259259259,0.0,0.8333333333333334,1.0,7,0.2857142857142857,35,146.12698412698413,174.56349206349205,69.53174603174602,97.96825396825395,0.3619047619047619,0.07692307692307693,0.015384615384615385,0.0,0.0,0.3,0.2875,0.5277777777777778,0.4888888888888889,0.0,0.3076923076923077,0.18461538461538463,0.0,0.0,0.6136363636363636,0.0,0.0,0.0,0.0,0.7272727272727273,0.0,0
1.037037037037037,0.9259259259259259,0.0,0.8333333333333334,1.0,7,0.2857142857142857,35,146.12698412698413,174.56349206349205,69.53174603174602,97.96825396825395,0.3619047619047619,0.07692307692307693,0.015384615384615385,0.0,0.0,0.3,0.2875,0.5277777777777778,0.4888888888888889,0.0,0.3076923076923077,0.18461538461538463,0.0,0.0,0.6136363636363636,0.0,0.0,0.0,0.0,0.7272727272727273,0.0,0
1.037037037037037,0.9259259259259259,0.0,0.8333333333333334,1.0,7,0.2857142857142857,35,146.12698412698413,174.56349206349205,69.53174603174602,97.96825396825395,0.3619047619047619,0.07692307692307693,0.015384615384615385,0.0,0.0,0.3,0.2875,0.5277777777777778,0.4888888888888889,0.0,0.3076923076923077,0.18461538461538463,0.0,0.0,0.6136363636363636,0.0,0.0,0.0,0.0,0.7272727272727273,0.0,0
1.037037037037037,1.037037037037037,0.0,0.16666666666666666,3.0,3,0.0,35,212.92857142857144,165.73015873015873,130.71428571428572,83.51587301587303,0.3238095238095238,0.0,0.0,0.009615384615384616,0.0875,0.48,0.5,0.0,0.35555555555555557,0.19444444444444445,0.0,0.0,0.2980769230769231,0.3409090909090909,0.4772727272727273,0.0,0.5681818181818182,0.0,0.15151515151515152,0.0,0.11363636363636363,1
0.9259259259259259,0.8148148148148148,0.0,1.0,1.0,6,0.16666666666666666,18,154.3015873015873,145.015873015873,64.25396825396824,54.96825396825396,0.4,0.009615384615384616,0.0,0.019230769230769232,0.5875,0.34,0.3625,0.2222222222222222,0.35555555555555557,0.06944444444444445,0.028846153846153848,0.6615384615384615,0.28846153846153844,0.6818181818181818,0.38636363636363635,0.6363636363636364,0.25,0.2727272727272727,0.0,0.20454545454545456,0.0,0
0.9259259259259259,0.8148148148148148,0.0,1.0,1.0,6,0.16666666666666666,18,154.3015873015873,145.015873015873,64.25396825396824,54.96825396825396,0.4,0.009615384615384616,0.0,0.019230769230769232,0.5875,0.34,0.3625,0.2222222222222222,0.35555555555555557,0.06944444444444445,0.028846153846153848,0.6615384615384615,0.28846153846153844,0.6818181818181818,0.38636363636363635,0.6363636363636364,0.25,0.2727272727272727,0.0,0.20454545454545456,0.0,0
0.9259259259259259,0.8148148148148148,0.0,1.0,1.0,6,0.16666666666666666,18,154.3015873015873,145.015873015873,64.25396825396824,54.96825396825396,0.4,0.009615384615384616,0.0,0.019230769230769232,0.5875,0.34,0.3625,0.2222222222222222,0.35555555555555557,0.06944444444444445,0.028846153846153848,0.6615384615384615,0.28846153846153844,0.6818181818181818,0.38636363636363635,0.6363636363636364,0.25,0.2727272727272727,0.0,0.20454545454545456,0.0,0
0.9259259259259259,0.8148148148148148,0.0,1.0,1.0,6,0.16666666666666666,18,154.3015873015873,145.015873015873,64.25396825396824,54.96825396825396,0.4,0.009615384615384616,0.0,0.019230769230769232,0.5875,0.34,0.3625,0.2222222222222222,0.35555555555555557,0.06944444444444445,0.028846153846153848,0.6615384615384615,0.28846153846153844,0.6818181818181818,0.38636363636363635,0.6363636363636364,0.25,0.2727272727272727,0.0,0.20454545454545456,0.0,0
0.9259259259259259,0.8148148148148148,0.0,1.0,1.0,6,0.16666666666666666,18,154.3015873015873,145.015873015873,64.25396825396824,54.96825396825396,0.4,0.009615384615384616,0.0,0.019230769230769232,0.5875,0.34,0.3625,0.2222222222222222,0.35555555555555557,0.06944444444444445,0.028846153846153848,0.6615384615384615,0.28846153846153844,0.6818181818181818,0.38636363636363635,0.6363636363636364,0.25,0.2727272727272727,0.0,0.20454545454545456,0.0,0
1.037037037037037,1.037037037037037,0.0,0.3333333333333333,3.0,11,0.375,34,199.86507936507937,199.5,96.31746031746032,95.95238095238095,0.3142857142857143,0.0,0.0,0.0,0.0,0.38,0.0,0.2361111111111111,0.6444444444444445,0.2361111111111111,0.028846153846153848,0.0,0.0,0.0,0.022727272727272728,0.0,0.022727272727272728,0.0,0.12121212121212122,0.25,0.3181818181818182,1
1.037037037037037,1.037037037037037,0.3333333333333333,0.75,2.0,6,0.375,18,146.94444444444446,134.9047619047619,59.658730158730165,47.619047619047606,0.45595238095238094,0.21153846153846154,0.18461538461538463,0.15384615384615385,0.0125,0.5,0.775,0.2222222222222222,0.5333333333333333,0.027777777777777776,0.5384615384615384,0.6923076923076923,0.20192307692307693,0.0,0.8863636363636364,0.0,0.9318181818181818,0.0,0.0,0.09090909090909091,0.22727272727272727,0
1.037037037037037,1.037037037037037,0.0,0.9166666666666666,2.0,7,0.375,19,147.02380952380952,137.21428571428572,67.69047619047619,57.880952380952394,0.47619047619047616,0.25,0.15384615384615385,0.15384615384615385,0.025,0.62,0.7875,0.2638888888888889,0.4666666666666667,0.08333333333333333,0.6057692307692307,0.6461538461538462,0.23076923076923078,0.0,0.8863636363636364,0.0,0.9318181818181818,0.0,0.0,0.11363636363636363,0.3181818181818182,0
1.037037037037037,1.037037037037037,0.0,0.9166666666666666,2.0,7,0.375,19,147.02380952380952,137.21428571428572,67.69047619047619,57.880952380952394,0.47619047619047616,0.25,0.15384615384615385,0.15384615384615385,0.025,0.62,0.7875,0.2638888888888889,0.4666666666666667,0.08333333333333333,0.6057692307692307,0.6461538461538462,0.23076923076923078,0.0,0.8863636363636364,0.0,0.9318181818181818,0.0,0.0,0.11363636363636363,0.3181818181818182,0
1.037037037037037,1.037037037037037,0.0,0.9166666666666666,2.0,7,0.375,19,147.02380952380952,137.21428571428572,67.69047619047619,57.880952380952394,0.47619047619047616,0.25,0.15384615384615385,0.15384615384615385,0.025,0.62,0.7875,0.2638888888888889,0.4666666666666667,0.08333333333333333,0.6057692307692307,0.6461538461538462,0.23076923076923078,0.0,0.8863636363636364,0.0,0.9318181818181818,0.0,0.0,0.11363636363636363,0.3181818181818182,0
1.037037037037037,1.037037037037037,0.0,0.9166666666666666,2.0,7,0.375,19,147.02380952380952,137.21428571428572,67.69047619047619,57.880952380952394,0.47619047619047616,0.25,0.15384615384615385,0.15384615384615385,0.025,0.62,0.7875,0.2638888888888889,0.4666666666666667,0.08333333333333333,0.6057692307692307,0.6461538461538462,0.23076923076923078,0.0,0.8863636363636364,0.0,0.9318181818181818,0.0,0.0,0.11363636363636363,0.3181818181818182,0
1.037037037037037,1.037037037037037,0.0,0.9166666666666666,2.0,7,0.375,19,147.02380952380952,137.21428571428572,67.69047619047619,57.880952380952394,0.47619047619047616,0.25,0.15384615384615385,0.15384615384615385,0.025,0.62,0.7875,0.2638888888888889,0.4666666666666667,0.08333333333333333,0.6057692307692307,0.6461538461538462,0.23076923076923078,0.0,0.8863636363636364,0.0,0.9318181818181818,0.0,0.0,0.11363636363636363,0.3181818181818182,0
1.0,0.8148148148148148,0.6111111111111112,0.4444444444444444,6.0,11,0.625,35,106.26984126984128,144.95238095238096,38.3888888888889,77.07142857142858,0.5285714285714286,0.18269230769230768,0.27692307692307694,0.4230769230769231,0.8125,0.8,0.55,0.3055555555555556,0.4444444444444444,0.013888888888888888,0.5096153846153846,0.46153846153846156,0.057692307692307696,0.8863636363636364,0.8863636363636364,0.8636363636363636,0.045454545454545456,0.0,0.0,0.5909090909090909,0.13636363636363635,0
1.0,0.8148148148148148,0.6111111111111112,0.4444444444444444,6.0,11,0.625,35,106.26984126984128,144.95238095238096,38.3888888888889,77.07142857142858,0.5285714285714286,0.18269230769230768,0.27692307692307694,0.4230769230769231,0.8125,0.8,0.55,0.3055555555555556,0.4444444444444444,0.013888888888888888,0.5096153846153846,0.46153846153846156,0.057692307692307696,0.8863636363636364,0.8863636363636364,0.8636363636363636,0.045454545454545456,0.0,0.0,0.5909090909090909,0.13636363636363635,0
1.0,0.8148148148148148,0.6111111111111112,0.4444444444444444,6.0,11,0.625,35,106.26984126984128,144.95238095238096,38.3888888888889,77.07142857142858,0.5285714285714286,0.18269230769230768,0.27692307692307694,0.4230769230769231,0.8125,0.8,0.55,0.3055555555555556,0.4444444444444444,0.013888888888888888,0.5096153846153846,0.46153846153846156,0.057692307692307696,0.8863636363636364,0.8863636363636364,0.8636363636363636,0.045454545454545456,0.0,0.0,0.5909090909090909,0.13636363636363635,0
1.0,0.8148148148148148,0.6111111111111112,0.4444444444444444,6.0,11,0.625,35,106.26984126984128,144.95238095238096,38.3888888888889,77.07142857142858,0.5285714285714286,0.18269230769230768,0.27692307692307694,0.4230769230769231,0.8125,0.8,0.55,0.3055555555555556,0.4444444444444444,0.013888888888888888,0.5096153846153846,0.46153846153846156,0.057692307692307696,0.8863636363636364,0.8863636363636364,0.8636363636363636,0.045454545454545456,0.0,0.0,0.5909090909090909,0.13636363636363635,0
1.0,0.8148148148148148,0.6111111111111112,0.4444444444444444,6.0,11,0.625,35,106.26984126984128,144.95238095238096,38.3888888888889,77.07142857142858,0.5285714285714286,0.18269230769230768,0.27692307692307694,0.4230769230769231,0.8125,0.8,0.55,0.3055555555555556,0.4444444444444444,0.013888888888888888,0.5096153846153846,0.46153846153846156,0.057692307692307696,0.8863636363636364,0.8863636363636364,0.8636363636363636,0.045454545454545456,0.0,0.0,0.5909090909090909,0.13636363636363635,0
1.037037037037037,0.9259259259259259,1.0,0.6111111111111112,6.5,10,0.625,29,89.30952380952381,149.5079365079365,53.76190476190476,113.96031746031746,0.5011904761904762,0.5192307692307693,0.5846153846153846,0.6634615384615384,0.5125,0.74,0.35,0.25,0.5777777777777777,0.0,0.34615384615384615,0.47692307692307695,0.10576923076923077,0.8863636363636364,0.4318181818181818,0.0,0.0,0.12121212121212122,0.06060606060606061,0.4318181818181818,0.0,0
1.037037037037037,1.037037037037037,1.0,0.5555555555555556,6.0,11,0.625,28,84.36507936507935,151.69047619047618,51.0079365079365,118.33333333333331,0.49642857142857144,0.5288461538461539,0.6153846153846154,0.6634615384615384,0.525,0.72,0.3125,0.3194444444444444,0.4666666666666667,0.0,0.41346153846153844,0.38461538461538464,0.08653846153846154,0.8863636363636364,0.36363636363636365,0.0,0.0,0.18181818181818182,0.15151515151515152,0.5,0.0,0
1.037037037037037,1.037037037037037,1.0,0.5555555555555556,6.0,11,0.625,28,84.36507936507935,151.69047619047618,51.0079365079365,118.33333333333331,0.49642857142857144,0.5288461538461539,0.6153846153846154,0.6634615384615384,0.525,0.72,0.3125,0.3194444444444444,0.4666666666666667,0.0,0.41346153846153844,0.38461538461538464,0.08653846153846154,0.8863636363636364,0.36363636363636365,0.0,0.0,0.18181818181818182,0.15151515151515152,0.5,0.0,0
1.037037037037037,1.037037037037037,1.0,0.5555555555555556,6.0,11,0.625,28,84.36507936507935,151.69047619047618,51.0079365079365,118.33333333333331,0.49642857142857144,0.5288461538461539,0.6153846153846154,0.6634615384615384,0.525,0.72,0.3125,0.3194444444444444,0.4666666666666667,0.0,0.41346153846153844,0.38461538461538464,0.08653846153846154,0.8863636363636364,0.36363636363636365,0.0,0.0,0.18181818181818182,0.15151515151515152,0.5,0.0,0
1.037037037037037,1.037037037037037,1.0,0.8333333333333334,1.0,6,0.25,32,102.51587301587301,207.66666666666666,63.51587301587301,168.66666666666666,0.35595238095238096,0.7403846153846154,0.6923076923076923,0.009615384615384616,0.1625,0.28,0.0,0.375,0.4888888888888889,0.0,0.3076923076923077,0.18461538461538463,0.0,0.11363636363636363,0.09090909090909091,0.0,0.09090909090909091,0.6060606060606061,0.09090909090909091,0.0,0.09090909090909091,0
1.037037037037037,1.037037037037037,1.0,0.8333333333333334,1.0,6,0.25,32,102.51587301587301,207.66666666666666,63.51587301587301,168.66666666666666,0.35595238095238096,0.7403846153846154,0.6923076923076923,0.009615384615384616,0.1625,0.28,0.0,0.375,0.4888888888888889,0.0,0.3076923076923077,0.18461538461538463,0.0,0.11363636363636363,0.09090909090909091,0.0,0.09090909090909091,0.6060606060606061,0.09090909090909091,0.0,0.09090909090909091,0
1.037037037037037,1.037037037037037,1.0,0.8333333333333334,1.0,6,0.25,32,102.51587301587301,207.66666666666666,63.51587301587301,168.66666666666666,0.35595238095238096,0.7403846153846154,0.6923076923076923,0.009615384615384616,0.1625,0.28,0.0,0.375,0.4888888888888889,0.0,0.3076923076923077,0.18461538461538463,0.0,0.11363636363636363,0.09090909090909091,0.0,0.09090909090909091,0.6060606060606061,0.09090909090909091,0.0,0.09090909090909091,0
1.037037037037037,1.037037037037037,1.0,0.8333333333333334,1.0,6,0.25,32,102.51587301587301,207.66666666666666,63.51587301587301,168.66666666666666,0.35595238095238096,0.7403846153846154,0.6923076923076923,0.009615384615384616,0.1625,0.28,0.0,0.375,0.4888888888888889,0.0,0.3076923076923077,0.18461538461538463,0.0,0.11363636363636363,0.09090909090909091,0.0,0.09090909090909091,0.6060606060606061,0.09090909090909091,0.0,0.09090909090909091,0
1.037037037037037,1.037037037037037,0.0,0.16666666666666666,3.0,3,0.0,19,205.2857142857143,254.19047619047618,126.71428571428574,175.6190476190476,0.15833333333333333,0.009615384615384616,0.1076923076923077,0.019230769230769232,0.0,0.48,0.0,0.0,0.4666666666666667,0.0,0.0,0.0,0.0,0.0,0.0,0.0,0.0,0.0,0.0,0.022727272727272728,0.0,0
1.037037037037037,1.037037037037037,0.0,0.16666666666666666,3.0,3,0.0,19,205.2857142857143,254.19047619047618,126.71428571428574,175.6190476190476,0.15833333333333333,0.009615384615384616,0.1076923076923077,0.019230769230769232,0.0,0.48,0.0,0.0,0.4666666666666667,0.0,0.0,0.0,0.0,0.0,0.0,0.0,0.0,0.0,0.0,0.022727272727272728,0.0,0
1.037037037037037,1.037037037037037,0.0,0.16666666666666666,3.0,3,0.0,19,205.2857142857143,254.19047619047618,126.71428571428574,175.6190476190476,0.15833333333333333,0.009615384615384616,0.1076923076923077,0.019230769230769232,0.0,0.48,0.0,0.0,0.4666666666666667,0.0,0.0,0.0,0.0,0.0,0.0,0.0,0.0,0.0,0.0,0.022727272727272728,0.0,0
1.037037037037037,1.037037037037037,0.0,0.16666666666666666,3.0,3,0.0,19,205.2857142857143,254.19047619047618,126.71428571428574,175.6190476190476,0.15833333333333333,0.009615384615384616,0.1076923076923077,0.019230769230769232,0.0,0.48,0.0,0.0,0.4666666666666667,0.0,0.0,0.0,0.0,0.0,0.0,0.0,0.0,0.0,0.0,0.022727272727272728,0.0,0
1.0357142857142858,0.9285714285714286,0.20833333333333334,0.5416666666666666,4.0,7,0.5,37,196.63565891472868,142.77519379844958,118.63565891472868,64.77519379844958,0.28792912513842744,0.10833333333333334,0.09333333333333334,0.008333333333333333,0.0,0.37777777777777777,0.3333333333333333,0.0,0.5818181818181818,0.32954545454545453,0.6583333333333333,0.56,0.0,0.0,0.5909090909090909,0.0,0.0,0.0,0.6181818181818182,0.0,0.0,0
1.0357142857142858,0.9285714285714286,0.20833333333333334,0.5416666666666666,4.0,7,0.5,37,196.63565891472868,142.77519379844958,118.63565891472868,64.77519379844958,0.28792912513842744,0.10833333333333334,0.09333333333333334,0.008333333333333333,0.0,0.37777777777777777,0.3333333333333333,0.0,0.5818181818181818,0.32954545454545453,0.6583333333333333,0.56,0.0,0.0,0.5909090909090909,0.0,0.0,0.0,0.6181818181818182,0.0,0.0,0
1.0357142857142858,0.9285714285714286,0.20833333333333334,0.5416666666666666,4.0,7,0.5,37,196.63565891472868,142.77519379844958,118.63565891472868,64.77519379844958,0.28792912513842744,0.10833333333333334,0.09333333333333334,0.008333333333333333,0.0,0.37777777777777777,0.3333333333333333,0.0,0.5818181818181818,0.32954545454545453,0.6583333333333333,0.56,0.0,0.0,0.5909090909090909,0.0,0.0,0.0,0.6181818181818182,0.0,0.0,0
1.0357142857142858,0.9285714285714286,0.20833333333333334,0.5416666666666666,4.0,7,0.5,37,196.63565891472868,142.77519379844958,118.63565891472868,64.77519379844958,0.28792912513842744,0.10833333333333334,0.09333333333333334,0.008333333333333333,0.0,0.37777777777777777,0.3333333333333333,0.0,0.5818181818181818,0.32954545454545453,0.6583333333333333,0.56,0.0,0.0,0.5909090909090909,0.0,0.0,0.0,0.6181818181818182,0.0,0.0,0
1.0357142857142858,0.9285714285714286,0.20833333333333334,0.5416666666666666,4.0,7,0.5,37,196.63565891472868,142.77519379844958,118.63565891472868,64.77519379844958,0.28792912513842744,0.10833333333333334,0.09333333333333334,0.008333333333333333,0.0,0.37777777777777777,0.3333333333333333,0.0,0.5818181818181818,0.32954545454545453,0.6583333333333333,0.56,0.0,0.0,0.5909090909090909,0.0,0.0,0.0,0.6181818181818182,0.0,0.0,0
0.9642857142857143,0.8214285714285714,0.1111111111111111,0.6111111111111112,6.5,7,0.75,37,200.79844961240312,126.44186046511628,103.51937984496126,29.162790697674424,0.3266888150609081,0.2,0.21333333333333335,0.06666666666666667,0.0,0.37777777777777777,0.2916666666666667,0.0,0.5636363636363636,0.45454545454545453,0.0,0.72,0.7833333333333333,0.13636363636363635,0.5681818181818182,0.0,0.0,0.16363636363636364,0.5454545454545454,0.0,0.0,0
0.9642857142857143,0.8214285714285714,0.1111111111111111,0.6111111111111112,6.5,7,0.75,37,200.79844961240312,126.44186046511628,103.51937984496126,29.162790697674424,0.3266888150609081,0.2,0.21333333333333335,0.06666666666666667,0.0,0.37777777777777777,0.2916666666666667,0.0,0.5636363636363636,0.45454545454545453,0.0,0.72,0.7833333333333333,0.13636363636363635,0.5681818181818182,0.0,0.0,0.16363636363636364,0.5454545454545454,0.0,0.0,0
0.9642857142857143,0.8214285714285714,0.1111111111111111,0.6111111111111112,6.5,7,0.75,37,200.79844961240312,126.44186046511628,103.51937984496126,29.162790697674424,0.3266888150609081,0.2,0.21333333333333335,0.06666666666666667,0.0,0.37777777777777777,0.2916666666666667,0.0,0.5636363636363636,0.45454545454545453,0.0,0.72,0.7833333333333333,0.13636363636363635,0.5681818181818182,0.0,0.0,0.16363636363636364,0.5454545454545454,0.0,0.0,0
0.9642857142857143,0.8214285714285714,0.1111111111111111,0.6111111111111112,6.5,7,0.75,37,200.79844961240312,126.44186046511628,103.51937984496126,29.162790697674424,0.3266888150609081,0.2,0.21333333333333335,0.06666666666666667,0.0,0.37777777777777777,0.2916666666666667,0.0,0.5636363636363636,0.45454545454545453,0.0,0.72,0.7833333333333333,0.13636363636363635,0.5681818181818182,0.0,0.0,0.16363636363636364,0.5454545454545454,0.0,0.0,0
0.9642857142857143,0.75,0.1111111111111111,0.6111111111111112,6.5,7,0.75,37,200.79844961240312,126.44186046511628,103.51937984496126,29.162790697674424,0.3266888150609081,0.2,0.21333333333333335,0.06666666666666667,0.0,0.37777777777777777,0.2916666666666667,0.0,0.5636363636363636,0.45454545454545453,0.0,0.72,0.7833333333333333,0.13636363636363635,0.5681818181818182,0.0,0.0,0.16363636363636364,0.5454545454545454,0.0,0.0,0
1.0357142857142858,1.0357142857142858,0.6666666666666666,1.0,1.0,11,0.42857142857142855,30,127.26356589147287,86.05426356589147,67.96124031007751,26.751937984496124,0.5260243632336655,0.09166666666666666,0.13333333333333333,0.225,0.20833333333333334,0.4222222222222222,0.3472222222222222,0.4090909090909091,0.6,0.5,0.575,0.6666666666666666,0.4,0.18181818181818182,0.0,0.21212121212121213,0.5454545454545454,0.23636363636363636,0.0,0.2727272727272727,0.8863636363636364,0
1.0357142857142858,1.0357142857142858,0.6666666666666666,1.0,1.0,11,0.42857142857142855,30,127.26356589147287,86.05426356589147,67.96124031007751,26.751937984496124,0.5260243632336655,0.09166666666666666,0.13333333333333333,0.225,0.20833333333333334,0.4222222222222222,0.3472222222222222,0.4090909090909091,0.6,0.5,0.575,0.6666666666666666,0.4,0.18181818181818182,0.0,0.21212121212121213,0.5454545454545454,0.23636363636363636,0.0,0.2727272727272727,0.8863636363636364,0
1.0357142857142858,1.0357142857142858,0.6666666666666666,1.0,1.0,11,0.42857142857142855,30,127.26356589147287,86.05426356589147,67.96124031007751,26.751937984496124,0.5260243632336655,0.09166666666666666,0.13333333333333333,0.225,0.20833333333333334,0.4222222222222222,0.3472222222222222,0.4090909090909091,0.6,0.5,0.575,0.6666666666666666,0.4,0.18181818181818182,0.0,0.21212121212121213,0.5454545454545454,0.23636363636363636,0.0,0.2727272727272727,0.8863636363636364,0
1.0357142857142858,1.0357142857142858,0.6666666666666666,1.0,1.0,11,0.42857142857142855,30,127.26356589147287,86.05426356589147,67.96124031007751,26.751937984496124,0.5260243632336655,0.09166666666666666,0.13333333333333333,0.225,0.20833333333333334,0.4222222222222222,0.3472222222222222,0.4090909090909091,0.6,0.5,0.575,0.6666666666666666,0.4,0.18181818181818182,0.0,0.21212121212121213,0.5454545454545454,0.23636363636363636,0.0,0.2727272727272727,0.8863636363636364,0
1.0357142857142858,1.0357142857142858,0.6666666666666666,1.0,1.0,11,0.42857142857142855,30,127.26356589147287,86.05426356589147,67.96124031007751,26.751937984496124,0.5260243632336655,0.09166666666666666,0.13333333333333333,0.225,0.20833333333333334,0.4222222222222222,0.3472222222222222,0.4090909090909091,0.6,0.5,0.575,0.6666666666666666,0.4,0.18181818181818182,0.0,0.21212121212121213,0.5454545454545454,0.23636363636363636,0.0,0.2727272727272727,0.8863636363636364,0
1.0357142857142858,1.0357142857142858,1.0,1.0,1.0,11,0.42857142857142855,37,157.04651162790697,104.66666666666667,120.44186046511626,68.06201550387598,0.4706533776301218,0.008333333333333333,0.3333333333333333,0.39166666666666666,0.0,0.4,0.3055555555555556,0.5340909090909091,0.6545454545454545,0.5113636363636364,0.3416666666666667,0.48,0.18333333333333332,0.0,0.2727272727272727,0.09090909090909091,0.42424242424242425,0.0,0.03636363636363636,0.9772727272727273,0.9318181818181818,0
1.0357142857142858,1.0357142857142858,1.0,1.0,1.0,11,0.42857142857142855,37,157.04651162790697,104.66666666666667,120.44186046511626,68.06201550387598,0.4706533776301218,0.008333333333333333,0.3333333333333333,0.39166666666666666,0.0,0.4,0.3055555555555556,0.5340909090909091,0.6545454545454545,0.5113636363636364,0.3416666666666667,0.48,0.18333333333333332,0.0,0.2727272727272727,0.09090909090909091,0.42424242424242425,0.0,0.03636363636363636,0.9772727272727273,0.9318181818181818,0
1.0357142857142858,1.0357142857142858,1.0,1.0,1.0,11,0.42857142857142855,37,157.04651162790697,104.66666666666667,120.44186046511626,68.06201550387598,0.4706533776301218,0.008333333333333333,0.3333333333333333,0.39166666666666666,0.0,0.4,0.3055555555555556,0.5340909090909091,0.6545454545454545,0.5113636363636364,0.3416666666666667,0.48,0.18333333333333332,0.0,0.2727272727272727,0.09090909090909091,0.42424242424242425,0.0,0.03636363636363636,0.9772727272727273,0.9318181818181818,0
1.0357142857142858,1.0357142857142858,1.0,1.0,1.0,11,0.42857142857142855,37,157.04651162790697,104.66666666666667,120.44186046511626,68.06201550387598,0.4706533776301218,0.008333333333333333,0.3333333333333333,0.39166666666666666,0.0,0.4,0.3055555555555556,0.5340909090909091,0.6545454545454545,0.5113636363636364,0.3416666666666667,0.48,0.18333333333333332,0.0,0.2727272727272727,0.09090909090909091,0.42424242424242425,0.0,0.03636363636363636,0.9772727272727273,0.9318181818181818,0
1.0357142857142858,1.0357142857142858,1.0,1.0,1.0,11,0.42857142857142855,37,157.04651162790697,104.66666666666667,120.44186046511626,68.06201550387598,0.4706533776301218,0.008333333333333333,0.3333333333333333,0.39166666666666666,0.0,0.4,0.3055555555555556,0.5340909090909091,0.6545454545454545,0.5113636363636364,0.3416666666666667,0.48,0.18333333333333332,0.0,0.2727272727272727,0.09090909090909091,0.42424242424242425,0.0,0.03636363636363636,0.9772727272727273,0.9318181818181818,0
1.0357142857142858,1.0357142857142858,0.3611111111111111,0.2777777777777778,6.0,6,0.5714285714285714,25,159.031007751938,177.5581395348837,70.86821705426358,89.39534883720928,0.3300110741971207,0.18333333333333332,0.48,0.5083333333333333,0.0,0.37777777777777777,0.3194444444444444,0.6022727272727273,0.509090909090909,0.0,0.11666666666666667,0.013333333333333334,0.0,0.06818181818181818,0.6136363636363636,0.030303030303030304,0.0,0.14545454545454545,0.0,0.9545454545454546,0.0,0
1.0357142857142858,1.0357142857142858,0.3611111111111111,0.2777777777777778,6.0,6,0.5714285714285714,25,159.031007751938,177.5581395348837,70.86821705426358,89.39534883720928,0.3300110741971207,0.18333333333333332,0.48,0.5083333333333333,0.0,0.37777777777777777,0.3194444444444444,0.6022727272727273,0.509090909090909,0.0,0.11666666666666667,0.013333333333333334,0.0,0.06818181818181818,0.6136363636363636,0.030303030303030304,0.0,0.14545454545454545,0.0,0.9545454545454546,0.0,0
1.0357142857142858,1.0357142857142858,0.3611111111111111,0.2777777777777778,6.0,6,0.5714285714285714,25,159.031007751938,177.5581395348837,70.86821705426358,89.39534883720928,0.3300110741971207,0.18333333333333332,0.48,0.5083333333333333,0.0,0.37777777777777777,0.3194444444444444,0.6022727272727273,0.509090909090909,0.0,0.11666666666666667,0.013333333333333334,0.0,0.06818181818181818,0.6136363636363636,0.030303030303030304,0.0,0.14545454545454545,0.0,0.9545454545454546,0.0,0
1.0357142857142858,1.0357142857142858,0.3611111111111111,0.2777777777777778,6.0,6,0.5714285714285714,25,159.031007751938,177.5581395348837,70.86821705426358,89.39534883720928,0.3300110741971207,0.18333333333333332,0.48,0.5083333333333333,0.0,0.37777777777777777,0.3194444444444444,0.6022727272727273,0.509090909090909,0.0,0.11666666666666667,0.013333333333333334,0.0,0.06818181818181818,0.6136363636363636,0.030303030303030304,0.0,0.14545454545454545,0.0,0.9545454545454546,0.0,0
1.0357142857142858,1.0357142857142858,0.0,0.0,2.0,2,0.0,27,224.68992248062014,217.90697674418604,137.59689922480618,130.81395348837208,0.2369878183831672,0.03333333333333333,0.0,0.3416666666666667,0.0,0.3111111111111111,0.1527777777777778,0.0,0.34545454545454546,0.3409090909090909,0.0,0.30666666666666664,0.31666666666666665,0.1590909090909091,0.09090909090909091,0.0,0.15151515151515152,0.0,0.14545454545454545,0.0,0.4090909090909091,1
1.0,0.7142857142857143,0.5,0.8333333333333334,1.0,11,0.16666666666666666,37,167.04651162790697,158.0077519379845,84.69767441860463,75.65891472868216,0.3576965669988926,0.06666666666666667,0.52,0.49166666666666664,0.0,0.15555555555555556,0.0,0.36363636363636365,0.5454545454545454,0.5113636363636364,0.2,0.2,0.2,0.0,0.0,0.0,0.0,0.0,0.0,0.5227272727272727,0.8636363636363636,0
1.0,0.7142857142857143,0.5,0.8333333333333334,1.0,11,0.16666666666666666,37,167.04651162790697,158.0077519379845,84.69767441860463,75.65891472868216,0.3576965669988926,0.06666666666666667,0.52,0.49166666666666664,0.0,0.15555555555555556,0.0,0.36363636363636365,0.5454545454545454,0.5113636363636364,0.2,0.2,0.2,0.0,0.0,0.0,0.0,0.0,0.0,0.5227272727272727,0.8636363636363636,0
1.0,0.7142857142857143,0.5,0.8333333333333334,1.0,11,0.16666666666666666,37,167.04651162790697,158.0077519379845,84.69767441860463,75.65891472868216,0.3576965669988926,0.06666666666666667,0.52,0.49166666666666664,0.0,0.15555555555555556,0.0,0.36363636363636365,0.5454545454545454,0.5113636363636364,0.2,0.2,0.2,0.0,0.0,0.0,0.0,0.0,0.0,0.5227272727272727,0.8636363636363636,0
1.0,0.7142857142857143,0.5,0.8333333333333334,1.0,11,0.16666666666666666,37,167.04651162790697,158.0077519379845,84.69767441860463,75.65891472868216,0.3576965669988926,0.06666666666666667,0.52,0.49166666666666664,0.0,0.15555555555555556,0.0,0.36363636363636365,0.5454545454545454,0.5113636363636364,0.2,0.2,0.2,0.0,0.0,0.0,0.0,0.0,0.0,0.5227272727272727,0.8636363636363636,0
1.0,0.75,0.0,0.8333333333333334,2.0,11,0.4,37,167.89147286821705,123.33333333333333,58.37984496124031,13.821705426356587,0.39867109634551495,0.03333333333333333,0.0,0.03333333333333333,0.0,0.3111111111111111,0.2777777777777778,0.4431818181818182,0.509090909090909,0.45454545454545453,0.2,0.2,0.2,0.0,0.5454545454545454,0.0,0.0,0.0,0.0,0.7272727272727273,0.7727272727272727,0
1.0,0.75,0.0,0.8333333333333334,2.0,11,0.4,37,167.89147286821705,123.33333333333333,58.37984496124031,13.821705426356587,0.39867109634551495,0.03333333333333333,0.0,0.03333333333333333,0.0,0.3111111111111111,0.2777777777777778,0.4431818181818182,0.509090909090909,0.45454545454545453,0.2,0.2,0.2,0.0,0.5454545454545454,0.0,0.0,0.0,0.0,0.7272727272727273,0.7727272727272727,0
1.0,0.75,0.0,0.8333333333333334,2.0,11,0.4,37,167.89147286821705,123.33333333333333,58.37984496124031,13.821705426356587,0.39867109634551495,0.03333333333333333,0.0,0.03333333333333333,0.0,0.3111111111111111,0.2777777777777778,0.4431818181818182,0.509090909090909,0.45454545454545453,0.2,0.2,0.2,0.0,0.5454545454545454,0.0,0.0,0.0,0.0,0.7272727272727273,0.7727272727272727,0
1.0,0.75,0.0,0.8333333333333334,2.0,11,0.4,37,167.89147286821705,123.33333333333333,58.37984496124031,13.821705426356587,0.39867109634551495,0.03333333333333333,0.0,0.03333333333333333,0.0,0.3111111111111111,0.2777777777777778,0.4431818181818182,0.509090909090909,0.45454545454545453,0.2,0.2,0.2,0.0,0.5454545454545454,0.0,0.0,0.0,0.0,0.7272727272727273,0.7727272727272727,0
1.0,0.75,0.0,0.8333333333333334,2.0,11,0.4,37,167.89147286821705,123.33333333333333,58.37984496124031,13.821705426356587,0.39867109634551495,0.03333333333333333,0.0,0.03333333333333333,0.0,0.3111111111111111,0.2777777777777778,0.4431818181818182,0.509090909090909,0.45454545454545453,0.2,0.2,0.2,0.0,0.5454545454545454,0.0,0.0,0.0,0.0,0.7272727272727273,0.7727272727272727,0
1.0357142857142858,1.0357142857142858,0.6666666666666666,0.8333333333333334,2.0,6,0.2857142857142857,37,163.0,214.15503875968992,103.02325581395348,154.1782945736434,0.2691029900332226,0.0,0.41333333333333333,0.43333333333333335,0.0,0.2,0.0,0.5454545454545454,0.5272727272727272,0.0,0.3,0.3466666666666667,0.0,0.18181818181818182,0.0,0.0,0.0,0.01818181818181818,0.0,0.9318181818181818,0.0,0
1.0357142857142858,1.0357142857142858,0.6666666666666666,0.8333333333333334,2.0,6,0.2857142857142857,37,163.0,214.15503875968992,103.02325581395348,154.1782945736434,0.2691029900332226,0.0,0.41333333333333333,0.43333333333333335,0.0,0.2,0.0,0.5454545454545454,0.5272727272727272,0.0,0.3,0.3466666666666667,0.0,0.18181818181818182,0.0,0.0,0.0,0.01818181818181818,0.0,0.9318181818181818,0.0,0
1.0357142857142858,1.0357142857142858,0.6666666666666666,0.8333333333333334,2.0,6,0.2857142857142857,37,163.0,214.15503875968992,103.02325581395348,154.1782945736434,0.2691029900332226,0.0,0.41333333333333333,0.43333333333333335,0.0,0.2,0.0,0.5454545454545454,0.5272727272727272,0.0,0.3,0.3466666666666667,0.0,0.18181818181818182,0.0,0.0,0.0,0.01818181818181818,0.0,0.9318181818181818,0.0,0
1.0357142857142858,1.0357142857142858,1.0,1.0,1.0,2,0.0,20,218.09302325581396,174.94573643410854,143.7674418604651,100.6201550387597,0.20487264673311184,0.05,0.38666666666666666,0.44166666666666665,0.0,0.2,0.0,0.0,0.3090909090909091,0.0,0.0,0.7333333333333333,0.9333333333333333,0.0,0.0,0.0,0.0,0.0,0.0,0.0,0.0,0
1.0357142857142858,1.0357142857142858,1.0,1.0,1.0,2,0.0,20,218.09302325581396,174.94573643410854,143.7674418604651,100.6201550387597,0.20487264673311184,0.05,0.38666666666666666,0.44166666666666665,0.0,0.2,0.0,0.0,0.3090909090909091,0.0,0.0,0.7333333333333333,0.9333333333333333,0.0,0.0,0.0,0.0,0.0,0.0,0.0,0.0,0
1.0357142857142858,1.0357142857142858,1.0,1.0,1.0,2,0.0,20,218.09302325581396,174.94573643410854,143.7674418604651,100.6201550387597,0.20487264673311184,0.05,0.38666666666666666,0.44166666666666665,0.0,0.2,0.0,0.0,0.3090909090909091,0.0,0.0,0.7333333333333333,0.9333333333333333,0.0,0.0,0.0,0.0,0.0,0.0,0.0,0.0,0
1.0357142857142858,1.0357142857142858,0.4166666666666667,1.0,2.0,2,0.0,2,198.15503875968992,160.34108527131784,149.52713178294573,111.71317829457365,0.2724252491694352,0.16666666666666666,0.24,0.26666666666666666,0.0,0.28888888888888886,0.1527777777777778,0.0,0.38181818181818183,0.0,0.925,0.8933333333333333,0.8666666666666667,0.0,0.0,0.0,0.0,0.0,0.0,0.0,0.0,0
1.0357142857142858,1.0357142857142858,0.4166666666666667,1.0,2.0,2,0.0,2,198.15503875968992,160.34108527131784,149.52713178294573,111.71317829457365,0.2724252491694352,0.16666666666666666,0.24,0.26666666666666666,0.0,0.28888888888888886,0.1527777777777778,0.0,0.38181818181818183,0.0,0.925,0.8933333333333333,0.8666666666666667,0.0,0.0,0.0,0.0,0.0,0.0,0.0,0.0,0
1.0357142857142858,1.0357142857142858,0.4166666666666667,1.0,2.0,2,0.0,2,198.15503875968992,160.34108527131784,149.52713178294573,111.71317829457365,0.2724252491694352,0.16666666666666666,0.24,0.26666666666666666,0.0,0.28888888888888886,0.1527777777777778,0.0,0.38181818181818183,0.0,0.925,0.8933333333333333,0.8666666666666667,0.0,0.0,0.0,0.0,0.0,0.0,0.0,0.0,0
1.0357142857142858,0.9285714285714286,0.0,1.0,1.0,6,0.16666666666666666,37,196.53488372093022,175.4418604651163,125.5813953488372,104.48837209302327,0.24363233665559247,0.0,0.0,0.05,0.0,0.3111111111111111,0.3333333333333333,0.0,0.23636363636363636,0.0,0.8666666666666667,0.5733333333333334,0.0,0.0,0.6363636363636364,0.0,0.0,0.14545454545454545,0.0,0.0,0.0,0
1.0357142857142858,0.9285714285714286,0.0,1.0,1.0,6,0.16666666666666666,37,196.53488372093022,175.4418604651163,125.5813953488372,104.48837209302327,0.24363233665559247,0.0,0.0,0.05,0.0,0.3111111111111111,0.3333333333333333,0.0,0.23636363636363636,0.0,0.8666666666666667,0.5733333333333334,0.0,0.0,0.6363636363636364,0.0,0.0,0.14545454545454545,0.0,0.0,0.0,0
1.0357142857142858,0.9285714285714286,0.0,1.0,1.0,6,0.16666666666666666,37,196.53488372093022,175.4418604651163,125.5813953488372,104.48837209302327,0.24363233665559247,0.0,0.0,0.05,0.0,0.3111111111111111,0.3333333333333333,0.0,0.23636363636363636,0.0,0.8666666666666667,0.5733333333333334,0.0,0.0,0.6363636363636364,0.0,0.0,0.14545454545454545,0.0,0.0,0.0,0
1.0357142857142858,0.9285714285714286,0.0,1.0,1.0,6,0.16666666666666666,37,196.53488372093022,175.4418604651163,125.5813953488372,104.48837209302327,0.24363233665559247,0.0,0.0,0.05,0.0,0.3111111111111111,0.3333333333333333,0.0,0.23636363636363636,0.0,0.8666666666666667,0.5733333333333334,0.0,0.0,0.6363636363636364,0.0,0.0,0.14545454545454545,0.0,0.0,0.0,0
1.0357142857142858,1.0357142857142858,0.0,0.0,3.0,3,0.0,32,216.1860465116279,213.015503875969,96.93023255813952,93.75968992248062,0.26578073089701,0.0,0.0,0.025,0.05555555555555555,0.3111111111111111,0.3333333333333333,0.0,0.4909090909090909,0.18181818181818182,0.0,0.0,0.26666666666666666,0.2727272727272727,0.22727272727272727,0.0,0.48484848484848486,0.0,0.2727272727272727,0.0,0.18181818181818182,1
1.0357142857142858,0.9642857142857143,0.6111111111111112,0.0,6.0,11,0.7142857142857143,37,114.38759689922479,151.1860465116279,25.759689922480604,62.55813953488371,0.47840531561461797,0.175,0.10666666666666667,0.03333333333333333,0.7916666666666666,0.9333333333333333,0.8055555555555556,0.25,0.32727272727272727,0.0,0.041666666666666664,0.0,0.041666666666666664,0.9772727272727273,0.8409090909090909,0.36363636363636365,0.8787878787878788,0.01818181818181818,0.0,0.6363636363636364,0.0,0
1.0357142857142858,0.9642857142857143,0.6111111111111112,0.0,6.0,11,0.7142857142857143,37,114.38759689922479,151.1860465116279,25.759689922480604,62.55813953488371,0.47840531561461797,0.175,0.10666666666666667,0.03333333333333333,0.7916666666666666,0.9333333333333333,0.8055555555555556,0.25,0.32727272727272727,0.0,0.041666666666666664,0.0,0.041666666666666664,0.9772727272727273,0.8409090909090909,0.36363636363636365,0.8787878787878788,0.01818181818181818,0.0,0.6363636363636364,0.0,0
1.0357142857142858,0.9642857142857143,0.6111111111111112,0.0,6.0,11,0.7142857142857143,37,114.38759689922479,151.1860465116279,25.759689922480604,62.55813953488371,0.47840531561461797,0.175,0.10666666666666667,0.03333333333333333,0.7916666666666666,0.9333333333333333,0.8055555555555556,0.25,0.32727272727272727,0.0,0.041666666666666664,0.0,0.041666666666666664,0.9772727272727273,0.8409090909090909,0.36363636363636365,0.8787878787878788,0.01818181818181818,0.0,0.6363636363636364,0.0,0
1.0357142857142858,0.9642857142857143,0.6111111111111112,0.0,6.0,11,0.7142857142857143,37,114.38759689922479,151.1860465116279,25.759689922480604,62.55813953488371,0.47840531561461797,0.175,0.10666666666666667,0.03333333333333333,0.7916666666666666,0.9333333333333333,0.8055555555555556,0.25,0.32727272727272727,0.0,0.041666666666666664,0.0,0.041666666666666664,0.9772727272727273,0.8409090909090909,0.36363636363636365,0.8787878787878788,0.01818181818181818,0.0,0.6363636363636364,0.0,0
1.0357142857142858,0.9642857142857143,0.6111111111111112,0.0,6.0,11,0.7142857142857143,37,114.38759689922479,151.1860465116279,25.759689922480604,62.55813953488371,0.47840531561461797,0.175,0.10666666666666667,0.03333333333333333,0.7916666666666666,0.9333333333333333,0.8055555555555556,0.25,0.32727272727272727,0.0,0.041666666666666664,0.0,0.041666666666666664,0.9772727272727273,0.8409090909090909,0.36363636363636365,0.8787878787878788,0.01818181818181818,0.0,0.6363636363636364,0.0,0
1.0357142857142858,1.0357142857142858,0.08333333333333333,0.6666666666666666,2.0,11,0.42857142857142855,37,144.8217054263566,147.02325581395348,82.6124031007752,84.81395348837208,0.4739756367663344,0.0,0.0,0.0,0.8194444444444444,0.7555555555555555,0.7083333333333334,0.0,0.34545454545454546,0.0,0.425,0.64,0.03333333333333333,0.9318181818181818,1.0,1.0,0.7272727272727273,0.0,0.0,0.0,0.0,0
1.0357142857142858,1.0357142857142858,0.08333333333333333,0.6666666666666666,2.0,11,0.42857142857142855,37,144.8217054263566,147.02325581395348,82.6124031007752,84.81395348837208,0.4739756367663344,0.0,0.0,0.0,0.8194444444444444,0.7555555555555555,0.7083333333333334,0.0,0.34545454545454546,0.0,0.425,0.64,0.03333333333333333,0.9318181818181818,1.0,1.0,0.7272727272727273,0.0,0.0,0.0,0.0,0
1.0357142857142858,1.0357142857142858,0.08333333333333333,0.6666666666666666,2.0,11,0.42857142857142855,37,144.8217054263566,147.02325581395348,82.6124031007752,84.81395348837208,0.4739756367663344,0.0,0.0,0.0,0.8194444444444444,0.7555555555555555,0.7083333333333334,0.0,0.34545454545454546,0.0,0.425,0.64,0.03333333333333333,0.9318181818181818,1.0,1.0,0.7272727272727273,0.0,0.0,0.0,0.0,0
1.0357142857142858,1.0357142857142858,0.08333333333333333,0.6666666666666666,2.0,11,0.42857142857142855,37,144.8217054263566,147.02325581395348,82.6124031007752,84.81395348837208,0.4739756367663344,0.0,0.0,0.0,0.8194444444444444,0.7555555555555555,0.7083333333333334,0.0,0.34545454545454546,0.0,0.425,0.64,0.03333333333333333,0.9318181818181818,1.0,1.0,0.7272727272727273,0.0,0.0,0.0,0.0,0
1.0357142857142858,1.0357142857142858,0.08333333333333333,0.6666666666666666,2.0,11,0.42857142857142855,37,144.8217054263566,147.02325581395348,82.6124031007752,84.81395348837208,0.4739756367663344,0.0,0.0,0.0,0.8194444444444444,0.7555555555555555,0.7083333333333334,0.0,0.34545454545454546,0.0,0.425,0.64,0.03333333333333333,0.9318181818181818,1.0,1.0,0.7272727272727273,0.0,0.0,0.0,0.0,0
1.0357142857142858,0.8571428571428571,0.05555555555555555,0.4444444444444444,6.5,11,0.5,37,142.03875968992247,149.04651162790697,60.99224806201549,67.99999999999999,0.4728682170542636,0.0,0.0,0.0,0.8194444444444444,0.7333333333333333,0.6944444444444444,0.0,0.34545454545454546,0.0,0.48333333333333334,0.5733333333333334,0.008333333333333333,0.9545454545454546,1.0,1.0,0.7272727272727273,0.0,0.0,0.0,0.0,0
1.0357142857142858,1.0357142857142858,0.0,0.8333333333333334,2.0,7,0.2857142857142857,36,118.17829457364341,217.9922480620155,35.59689922480621,135.41085271317831,0.35105204872646734,0.0,0.0,0.0,0.6388888888888888,0.6,0.0,0.11363636363636363,0.4909090909090909,0.0,0.20833333333333334,0.14666666666666667,0.0,1.0,0.18181818181818182,0.6666666666666666,0.18181818181818182,0.0,0.18181818181818182,0.0,0.18181818181818182,0
1.0357142857142858,1.0357142857142858,0.0,0.6666666666666666,2.0,6,0.2857142857142857,31,119.20930232558139,218.015503875969,31.86046511627906,130.66666666666666,0.36323366555924697,0.0,0.0,0.0,0.6388888888888888,0.4666666666666667,0.09722222222222222,0.13636363636363635,0.45454545454545453,0.10227272727272728,0.24166666666666667,0.09333333333333334,0.0,1.0,0.2727272727272727,0.6666666666666666,0.2727272727272727,0.01818181818181818,0.2727272727272727,0.0,0.2727272727272727,0
1.0357142857142858,1.0357142857142858,0.0,0.6666666666666666,2.0,6,0.2857142857142857,31,119.20930232558139,218.015503875969,31.86046511627906,130.66666666666666,0.36323366555924697,0.0,0.0,0.0,0.6388888888888888,0.4666666666666667,0.09722222222222222,0.13636363636363635,0.45454545454545453,0.10227272727272728,0.24166666666666667,0.09333333333333334,0.0,1.0,0.2727272727272727,0.6666666666666666,0.2727272727272727,0.01818181818181818,0.2727272727272727,0.0,0.2727272727272727,0
1.0357142857142858,1.0357142857142858,0.0,0.6666666666666666,2.0,6,0.2857142857142857,31,119.20930232558139,218.015503875969,31.86046511627906,130.66666666666666,0.36323366555924697,0.0,0.0,0.0,0.6388888888888888,0.4666666666666667,0.09722222222222222,0.13636363636363635,0.45454545454545453,0.10227272727272728,0.24166666666666667,0.09333333333333334,0.0,1.0,0.2727272727272727,0.6666666666666666,0.2727272727272727,0.01818181818181818,0.2727272727272727,0.0,0.2727272727272727,0
1.0357142857142858,1.0357142857142858,0.0,0.0,3.0,3,0.0,37,217.03875968992247,180.8372093023256,134.89922480620154,98.69767441860466,0.24141749723145073,0.0,0.0,0.0,0.0,0.4666666666666667,0.0,0.0,0.4909090909090909,0.20454545454545456,0.0,0.02666666666666667,0.525,0.18181818181818182,0.022727272727272728,0.18181818181818182,0.0,0.18181818181818182,0.0,0.18181818181818182,0.11363636363636363,1
1.0357142857142858,1.0357142857142858,0.0,0.0,3.0,3,0.0,37,217.03875968992247,180.8372093023256,134.89922480620154,98.69767441860466,0.24141749723145073,0.0,0.0,0.0,0.0,0.4666666666666667,0.0,0.0,0.4909090909090909,0.20454545454545456,0.0,0.02666666666666667,0.525,0.18181818181818182,0.022727272727272728,0.18181818181818182,0.0,0.18181818181818182,0.0,0.18181818181818182,0.11363636363636363,1
1.0357142857142858,1.0357142857142858,0.0,0.0,3.0,3,0.0,37,217.03875968992247,180.8372093023256,134.89922480620154,98.69767441860466,0.24141749723145073,0.0,0.0,0.0,0.0,0.4666666666666667,0.0,0.0,0.4909090909090909,0.20454545454545456,0.0,0.02666666666666667,0.525,0.18181818181818182,0.022727272727272728,0.18181818181818182,0.0,0.18181818181818182,0.0,0.18181818181818182,0.11363636363636363,1
1.0357142857142858,1.0357142857142858,0.0,0.0,3.0,3,0.0,37,217.03875968992247,180.8372093023256,134.89922480620154,98.69767441860466,0.24141749723145073,0.0,0.0,0.0,0.0,0.4666666666666667,0.0,0.0,0.4909090909090909,0.20454545454545456,0.0,0.02666666666666667,0.525,0.18181818181818182,0.022727272727272728,0.18181818181818182,0.0,0.18181818181818182,0.0,0.18181818181818182,0.11363636363636363,1
1.0357142857142858,1.0357142857142858,0.08333333333333333,0.6666666666666666,2.0,7,0.42857142857142855,20,212.8217054263566,102.10852713178294,130.84496124031008,20.13178294573642,0.36323366555924697,0.0,0.08,0.15833333333333333,0.0,0.4,0.375,0.0,0.41818181818181815,0.3522727272727273,0.016666666666666666,0.24,0.3333333333333333,0.0,0.5909090909090909,0.0,0.18181818181818182,0.0,0.32727272727272727,0.0,0.0,0
1.0357142857142858,1.0357142857142858,0.08333333333333333,0.6666666666666666,2.0,7,0.42857142857142855,20,212.8217054263566,102.10852713178294,130.84496124031008,20.13178294573642,0.36323366555924697,0.0,0.08,0.15833333333333333,0.0,0.4,0.375,0.0,0.41818181818181815,0.3522727272727273,0.016666666666666666,0.24,0.3333333333333333,0.0,0.5909090909090909,0.0,0.18181818181818182,0.0,0.32727272727272727,0.0,0.0,0
1.0357142857142858,1.0357142857142858,0.08333333333333333,0.6666666666666666,2.0,7,0.42857142857142855,20,212.8217054263566,102.10852713178294,130.84496124031008,20.13178294573642,0.36323366555924697,0.0,0.08,0.15833333333333333,0.0,0.4,0.375,0.0,0.41818181818181815,0.3522727272727273,0.016666666666666666,0.24,0.3333333333333333,0.0,0.5909090909090909,0.0,0.18181818181818182,0.0,0.32727272727272727,0.0,0.0,0
1.0357142857142858,1.0357142857142858,0.08333333333333333,0.6666666666666666,2.0,7,0.42857142857142855,20,212.8217054263566,102.10852713178294,130.84496124031008,20.13178294573642,0.36323366555924697,0.0,0.08,0.15833333333333333,0.0,0.4,0.375,0.0,0.41818181818181815,0.3522727272727273,0.016666666666666666,0.24,0.3333333333333333,0.0,0.5909090909090909,0.0,0.18181818181818182,0.0,0.32727272727272727,0.0,0.0,0
1.0357142857142858,1.0357142857142858,0.08333333333333333,0.6666666666666666,2.0,7,0.42857142857142855,20,212.8217054263566,102.10852713178294,130.84496124031008,20.13178294573642,0.36323366555924697,0.0,0.08,0.15833333333333333,0.0,0.4,0.375,0.0,0.41818181818181815,0.3522727272727273,0.016666666666666666,0.24,0.3333333333333333,0.0,0.5909090909090909,0.0,0.18181818181818182,0.0,0.32727272727272727,0.0,0.0,0
1.0357142857142858,1.0357142857142858,0.08333333333333333,1.0,2.0,7,0.42857142857142855,26,180.62790697674419,97.86046511627906,109.86046511627907,27.093023255813947,0.4407530454042082,0.06666666666666667,0.18666666666666668,0.31666666666666665,0.0,0.4888888888888889,0.3194444444444444,0.18181818181818182,0.6181818181818182,0.3068181818181818,0.3333333333333333,0.4,0.375,0.13636363636363635,0.5227272727272727,0.030303030303030304,0.15151515151515152,0.05454545454545454,0.2545454545454545,0.0,0.0,0
1.0357142857142858,1.0357142857142858,0.08333333333333333,1.0,2.0,7,0.42857142857142855,26,180.62790697674419,97.86046511627906,109.86046511627907,27.093023255813947,0.4407530454042082,0.06666666666666667,0.18666666666666668,0.31666666666666665,0.0,0.4888888888888889,0.3194444444444444,0.18181818181818182,0.6181818181818182,0.3068181818181818,0.3333333333333333,0.4,0.375,0.13636363636363635,0.5227272727272727,0.030303030303030304,0.15151515151515152,0.05454545454545454,0.2545454545454545,0.0,0.0,0
1.0357142857142858,1.0357142857142858,0.08333333333333333,1.0,2.0,7,0.42857142857142855,26,180.62790697674419,97.86046511627906,109.86046511627907,27.093023255813947,0.4407530454042082,0.06666666666666667,0.18666666666666668,0.31666666666666665,0.0,0.4888888888888889,0.3194444444444444,0.18181818181818182,0.6181818181818182,0.3068181818181818,0.3333333333333333,0.4,0.375,0.13636363636363635,0.5227272727272727,0.030303030303030304,0.15151515151515152,0.05454545454545454,0.2545454545454545,0.0,0.0,0
1.0357142857142858,1.0357142857142858,0.08333333333333333,1.0,2.0,7,0.42857142857142855,26,180.62790697674419,97.86046511627906,109.86046511627907,27.093023255813947,0.4407530454042082,0.06666666666666667,0.18666666666666668,0.31666666666666665,0.0,0.4888888888888889,0.3194444444444444,0.18181818181818182,0.6181818181818182,0.3068181818181818,0.3333333333333333,0.4,0.375,0.13636363636363635,0.5227272727272727,0.030303030303030304,0.15151515151515152,0.05454545454545454,0.2545454545454545,0.0,0.0,0
1.0357142857142858,1.0357142857142858,0.08333333333333333,1.0,2.0,7,0.42857142857142855,26,180.62790697674419,97.86046511627906,109.86046511627907,27.093023255813947,0.4407530454042082,0.06666666666666667,0.18666666666666668,0.31666666666666665,0.0,0.4888888888888889,0.3194444444444444,0.18181818181818182,0.6181818181818182,0.3068181818181818,0.3333333333333333,0.4,0.375,0.13636363636363635,0.5227272727272727,0.030303030303030304,0.15151515151515152,0.05454545454545454,0.2545454545454545,0.0,0.0,0
1.0357142857142858,0.9285714285714286,0.0,1.0,2.0,6,0.3333333333333333,27,172.10852713178295,141.95348837209303,110.06201550387598,79.90697674418607,0.37763012181616834,0.025,0.0,0.0,0.0,0.35555555555555557,0.3888888888888889,0.18181818181818182,0.4727272727272727,0.13636363636363635,0.39166666666666666,0.32,0.0,0.06818181818181818,0.6136363636363636,0.0,0.18181818181818182,0.0,0.2727272727272727,0.0,0.0,0
1.0357142857142858,0.9285714285714286,0.0,1.0,2.0,6,0.3333333333333333,27,172.10852713178295,141.95348837209303,110.06201550387598,79.90697674418607,0.37763012181616834,0.025,0.0,0.0,0.0,0.35555555555555557,0.3888888888888889,0.18181818181818182,0.4727272727272727,0.13636363636363635,0.39166666666666666,0.32,0.0,0.06818181818181818,0.6136363636363636,0.0,0.18181818181818182,0.0,0.2727272727272727,0.0,0.0,0
1.0357142857142858,0.9285714285714286,0.0,1.0,2.0,6,0.3333333333333333,27,172.10852713178295,141.95348837209303,110.06201550387598,79.90697674418607,0.37763012181616834,0.025,0.0,0.0,0.0,0.35555555555555557,0.3888888888888889,0.18181818181818182,0.4727272727272727,0.13636363636363635,0.39166666666666666,0.32,0.0,0.06818181818181818,0.6136363636363636,0.0,0.18181818181818182,0.0,0.2727272727272727,0.0,0.0,0
1.0357142857142858,0.9285714285714286,0.0,1.0,2.0,6,0.3333333333333333,27,172.10852713178295,141.95348837209303,110.06201550387598,79.90697674418607,0.37763012181616834,0.025,0.0,0.0,0.0,0.35555555555555557,0.3888888888888889,0.18181818181818182,0.4727272727272727,0.13636363636363635,0.39166666666666666,0.32,0.0,0.06818181818181818,0.6136363636363636,0.0,0.18181818181818182,0.0,0.2727272727272727,0.0,0.0,0
1.0357142857142858,0.9285714285714286,0.0,1.0,2.0,6,0.3333333333333333,27,172.10852713178295,141.95348837209303,110.06201550387598,79.90697674418607,0.37763012181616834,0.025,0.0,0.0,0.0,0.35555555555555557,0.3888888888888889,0.18181818181818182,0.4727272727272727,0.13636363636363635,0.39166666666666666,0.32,0.0,0.06818181818181818,0.6136363636363636,0.0,0.18181818181818182,0.0,0.2727272727272727,0.0,0.0,0
1.0357142857142858,1.0357142857142858,0.0,0.16666666666666666,3.0,4,0.14285714285714285,27,209.48062015503876,211.67441860465115,111.45736434108528,113.65116279069767,0.3289036544850498,0.0,0.0,0.1,0.0,0.35555555555555557,0.1111111111111111,0.09090909090909091,0.5272727272727272,0.3068181818181818,0.0,0.0,0.35,0.09090909090909091,0.0,0.0,0.45454545454545453,0.2,0.3090909090909091,0.0,0.25,1
1.0357142857142858,1.0357142857142858,0.4166666666666667,0.16666666666666666,2.0,6,0.42857142857142855,36,211.5503875968992,124.50387596899225,116.7596899224806,29.713178294573638,0.3875968992248062,0.0,0.32,0.5,0.08333333333333333,0.3333333333333333,0.3333333333333333,0.13636363636363635,0.36363636363636365,0.2727272727272727,0.05,0.0,0.0,0.0,0.6363636363636364,0.36363636363636365,0.0,0.2,0.2,0.0,0.5,0
1.0357142857142858,1.0357142857142858,0.4166666666666667,0.16666666666666666,2.0,6,0.42857142857142855,36,211.5503875968992,124.50387596899225,116.7596899224806,29.713178294573638,0.3875968992248062,0.0,0.32,0.5,0.08333333333333333,0.3333333333333333,0.3333333333333333,0.13636363636363635,0.36363636363636365,0.2727272727272727,0.05,0.0,0.0,0.0,0.6363636363636364,0.36363636363636365,0.0,0.2,0.2,0.0,0.5,0
1.0357142857142858,1.0357142857142858,0.4166666666666667,0.16666666666666666,2.0,6,0.42857142857142855,36,211.5503875968992,124.50387596899225,116.7596899224806,29.713178294573638,0.3875968992248062,0.0,0.32,0.5,0.08333333333333333,0.3333333333333333,0.3333333333333333,0.13636363636363635,0.36363636363636365,0.2727272727272727,0.05,0.0,0.0,0.0,0.6363636363636364,0.36363636363636365,0.0,0.2,0.2,0.0,0.5,0
1.0357142857142858,1.0357142857142858,0.4166666666666667,0.16666666666666666,2.0,6,0.42857142857142855,36,211.5503875968992,124.50387596899225,116.7596899224806,29.713178294573638,0.3875968992248062,0.0,0.32,0.5,0.08333333333333333,0.3333333333333333,0.3333333333333333,0.13636363636363635,0.36363636363636365,0.2727272727272727,0.05,0.0,0.0,0.0,0.6363636363636364,0.36363636363636365,0.0,0.2,0.2,0.0,0.5,0
1.0357142857142858,1.0357142857142858,0.4166666666666667,0.16666666666666666,2.0,6,0.42857142857142855,36,211.5503875968992,124.50387596899225,116.7596899224806,29.713178294573638,0.3875968992248062,0.0,0.32,0.5,0.08333333333333333,0.3333333333333333,0.3333333333333333,0.13636363636363635,0.36363636363636365,0.2727272727272727,0.05,0.0,0.0,0.0,0.6363636363636364,0.36363636363636365,0.0,0.2,0.2,0.0,0.5,0
1.0,0.8571428571428571,0.5833333333333334,0.08333333333333333,4.5,11,0.5,37,180.92248062015506,126.26356589147287,116.52713178294576,61.86821705426357,0.4230343300110742,0.15,0.41333333333333333,0.43333333333333335,0.0,0.5777777777777777,0.3194444444444444,0.2727272727272727,0.41818181818181815,0.2727272727272727,0.0,0.0,0.0,0.18181818181818182,0.6136363636363636,0.0,0.0,0.2,0.2,0.5,0.5227272727272727,0
1.0,0.8571428571428571,0.5833333333333334,0.08333333333333333,4.5,11,0.5,37,180.92248062015506,126.26356589147287,116.52713178294576,61.86821705426357,0.4230343300110742,0.15,0.41333333333333333,0.43333333333333335,0.0,0.5777777777777777,0.3194444444444444,0.2727272727272727,0.41818181818181815,0.2727272727272727,0.0,0.0,0.0,0.18181818181818182,0.6136363636363636,0.0,0.0,0.2,0.2,0.5,0.5227272727272727,0
1.0,0.8571428571428571,0.5833333333333334,0.08333333333333333,4.5,11,0.5,37,180.92248062015506,126.26356589147287,116.52713178294576,61.86821705426357,0.4230343300110742,0.15,0.41333333333333333,0.43333333333333335,0.0,0.5777777777777777,0.3194444444444444,0.2727272727272727,0.41818181818181815,0.2727272727272727,0.0,0.0,0.0,0.18181818181818182,0.6136363636363636,0.0,0.0,0.2,0.2,0.5,0.5227272727272727,0
1.0,0.8571428571428571,0.5833333333333334,0.08333333333333333,4.5,11,0.5,37,180.92248062015506,126.26356589147287,116.52713178294576,61.86821705426357,0.4230343300110742,0.15,0.41333333333333333,0.43333333333333335,0.0,0.5777777777777777,0.3194444444444444,0.2727272727272727,0.41818181818181815,0.2727272727272727,0.0,0.0,0.0,0.18181818181818182,0.6136363636363636,0.0,0.0,0.2,0.2,0.5,0.5227272727272727,0
1.0,0.8571428571428571,0.5833333333333334,0.08333333333333333,4.5,11,0.5,37,180.92248062015506,126.26356589147287,116.52713178294576,61.86821705426357,0.4230343300110742,0.15,0.41333333333333333,0.43333333333333335,0.0,0.5777777777777777,0.3194444444444444,0.2727272727272727,0.41818181818181815,0.2727272727272727,0.0,0.0,0.0,0.18181818181818182,0.6136363636363636,0.0,0.0,0.2,0.2,0.5,0.5227272727272727,0
1.0357142857142858,0.8928571428571429,0.3333333333333333,0.08333333333333333,2.0,7,0.42857142857142855,27,180.68992248062014,150.09302325581393,95.968992248062,65.37209302325579,0.38981173864894797,0.10833333333333334,0.26666666666666666,0.38333333333333336,0.09722222222222222,0.37777777777777777,0.3333333333333333,0.32954545454545453,0.45454545454545453,0.09090909090909091,0.0,0.0,0.0,0.3409090909090909,0.6363636363636364,0.0,0.0,0.2,0.2,0.6136363636363636,0.0,0
1.0357142857142858,1.0357142857142858,0.5833333333333334,0.08333333333333333,2.0,7,0.42857142857142855,26,177.95348837209303,151.12403100775194,99.46511627906978,72.63565891472868,0.3754152823920266,0.075,0.3333333333333333,0.3416666666666667,0.041666666666666664,0.4666666666666667,0.2777777777777778,0.32954545454545453,0.41818181818181815,0.09090909090909091,0.0,0.0,0.0,0.25,0.5454545454545454,0.0,0.0,0.2,0.2,0.6136363636363636,0.0,0
1.0357142857142858,1.0357142857142858,0.5833333333333334,0.08333333333333333,2.0,7,0.42857142857142855,26,177.95348837209303,151.12403100775194,99.46511627906978,72.63565891472868,0.3754152823920266,0.075,0.3333333333333333,0.3416666666666667,0.041666666666666664,0.4666666666666667,0.2777777777777778,0.32954545454545453,0.41818181818181815,0.09090909090909091,0.0,0.0,0.0,0.25,0.5454545454545454,0.0,0.0,0.2,0.2,0.6136363636363636,0.0,0
1.0357142857142858,1.0357142857142858,0.5833333333333334,0.08333333333333333,2.0,7,0.42857142857142855,26,177.95348837209303,151.12403100775194,99.46511627906978,72.63565891472868,0.3754152823920266,0.075,0.3333333333333333,0.3416666666666667,0.041666666666666664,0.4666666666666667,0.2777777777777778,0.32954545454545453,0.41818181818181815,0.09090909090909091,0.0,0.0,0.0,0.25,0.5454545454545454,0.0,0.0,0.2,0.2,0.6136363636363636,0.0,0
1.0357142857142858,1.0357142857142858,0.5833333333333334,0.08333333333333333,2.0,7,0.42857142857142855,26,177.95348837209303,151.12403100775194,99.46511627906978,72.63565891472868,0.3754152823920266,0.075,0.3333333333333333,0.3416666666666667,0.041666666666666664,0.4666666666666667,0.2777777777777778,0.32954545454545453,0.41818181818181815,0.09090909090909091,0.0,0.0,0.0,0.25,0.5454545454545454,0.0,0.0,0.2,0.2,0.6136363636363636,0.0,0
1.0357142857142858,1.0357142857142858,0.5833333333333334,0.08333333333333333,2.0,7,0.42857142857142855,26,177.95348837209303,151.12403100775194,99.46511627906978,72.63565891472868,0.3754152823920266,0.075,0.3333333333333333,0.3416666666666667,0.041666666666666664,0.4666666666666667,0.2777777777777778,0.32954545454545453,0.41818181818181815,0.09090909090909091,0.0,0.0,0.0,0.25,0.5454545454545454,0.0,0.0,0.2,0.2,0.6136363636363636,0.0,0
1.0,1.0,0.0,0.1111111111111111,3.0,7,0.2857142857142857,20,214.14728682170542,254.3798449612403,128.51937984496124,168.75193798449612,0.15725359911406422,0.016666666666666666,0.0,0.0,0.1111111111111111,0.4,0.0,0.17045454545454544,0.5272727272727272,0.0,0.0,0.0,0.0,0.25,0.0,0.0,0.0,0.36363636363636365,0.0,0.0,0.0,0
1.0,1.0,0.0,0.1111111111111111,3.0,7,0.2857142857142857,20,214.14728682170542,254.3798449612403,128.51937984496124,168.75193798449612,0.15725359911406422,0.016666666666666666,0.0,0.0,0.1111111111111111,0.4,0.0,0.17045454545454544,0.5272727272727272,0.0,0.0,0.0,0.0,0.25,0.0,0.0,0.0,0.36363636363636365,0.0,0.0,0.0,0
1.0,1.0,0.0,0.1111111111111111,3.0,7,0.2857142857142857,20,214.14728682170542,254.3798449612403,128.51937984496124,168.75193798449612,0.15725359911406422,0.016666666666666666,0.0,0.0,0.1111111111111111,0.4,0.0,0.17045454545454544,0.5272727272727272,0.0,0.0,0.0,0.0,0.25,0.0,0.0,0.0,0.36363636363636365,0.0,0.0,0.0,0
1.0,1.0,0.0,0.1111111111111111,3.0,7,0.2857142857142857,20,214.14728682170542,254.3798449612403,128.51937984496124,168.75193798449612,0.15725359911406422,0.016666666666666666,0.0,0.0,0.1111111111111111,0.4,0.0,0.17045454545454544,0.5272727272727272,0.0,0.0,0.0,0.0,0.25,0.0,0.0,0.0,0.36363636363636365,0.0,0.0,0.0,0
1.037037037037037,1.037037037037037,0.3333333333333333,0.2777777777777778,6.0,6,0.625,18,208.69841269841268,131.26190476190476,122.93650793650792,45.5,0.3464285714285714,0.0,0.4461538461538462,0.5,0.0,0.4,0.2638888888888889,0.0,0.44,0.425,0.0,0.015384615384615385,0.019230769230769232,0.030303030303030304,0.18181818181818182,0.0,0.38636363636363635,0.0,0.0,0.0,0.75,0
1.037037037037037,1.037037037037037,0.3333333333333333,0.2777777777777778,6.0,6,0.625,18,208.69841269841268,131.26190476190476,122.93650793650792,45.5,0.3464285714285714,0.0,0.4461538461538462,0.5,0.0,0.4,0.2638888888888889,0.0,0.44,0.425,0.0,0.015384615384615385,0.019230769230769232,0.030303030303030304,0.18181818181818182,0.0,0.38636363636363635,0.0,0.0,0.0,0.75,0
1.037037037037037,1.037037037037037,0.3333333333333333,0.2777777777777778,6.0,6,0.625,18,208.69841269841268,131.26190476190476,122.93650793650792,45.5,0.3464285714285714,0.0,0.4461538461538462,0.5,0.0,0.4,0.2638888888888889,0.0,0.44,0.425,0.0,0.015384615384615385,0.019230769230769232,0.030303030303030304,0.18181818181818182,0.0,0.38636363636363635,0.0,0.0,0.0,0.75,0
1.037037037037037,1.037037037037037,0.3333333333333333,0.2777777777777778,6.0,6,0.625,18,208.69841269841268,131.26190476190476,122.93650793650792,45.5,0.3464285714285714,0.0,0.4461538461538462,0.5,0.0,0.4,0.2638888888888889,0.0,0.44,0.425,0.0,0.015384615384615385,0.019230769230769232,0.030303030303030304,0.18181818181818182,0.0,0.38636363636363635,0.0,0.0,0.0,0.75,0
1.0,0.9259259259259259,0.3611111111111111,0.3333333333333333,6.5,11,0.625,35,177.31746031746033,134.82539682539684,120.57936507936509,78.0873015873016,0.39880952380952384,0.009615384615384616,0.5538461538461539,0.4230769230769231,0.0,0.5777777777777777,0.25,0.4,0.5,0.4,0.0,0.0,0.0,0.0,0.18181818181818182,0.022727272727272728,0.38636363636363635,0.0,0.0,0.75,0.75,0
1.0,0.9259259259259259,0.3611111111111111,0.3333333333333333,6.5,11,0.625,35,177.31746031746033,134.82539682539684,120.57936507936509,78.0873015873016,0.39880952380952384,0.009615384615384616,0.5538461538461539,0.4230769230769231,0.0,0.5777777777777777,0.25,0.4,0.5,0.4,0.0,0.0,0.0,0.0,0.18181818181818182,0.022727272727272728,0.38636363636363635,0.0,0.0,0.75,0.75,0
1.0,0.9259259259259259,0.3611111111111111,0.3333333333333333,6.5,11,0.625,35,177.31746031746033,134.82539682539684,120.57936507936509,78.0873015873016,0.39880952380952384,0.009615384615384616,0.5538461538461539,0.4230769230769231,0.0,0.5777777777777777,0.25,0.4,0.5,0.4,0.0,0.0,0.0,0.0,0.18181818181818182,0.022727272727272728,0.38636363636363635,0.0,0.0,0.75,0.75,0
1.0,0.9259259259259259,0.3611111111111111,0.3333333333333333,6.5,11,0.625,35,177.31746031746033,134.82539682539684,120.57936507936509,78.0873015873016,0.39880952380952384,0.009615384615384616,0.5538461538461539,0.4230769230769231,0.0,0.5777777777777777,0.25,0.4,0.5,0.4,0.0,0.0,0.0,0.0,0.18181818181818182,0.022727272727272728,0.38636363636363635,0.0,0.0,0.75,0.75,0
1.0,0.9259259259259259,0.3611111111111111,0.3333333333333333,6.5,11,0.625,35,177.31746031746033,134.82539682539684,120.57936507936509,78.0873015873016,0.39880952380952384,0.009615384615384616,0.5538461538461539,0.4230769230769231,0.0,0.5777777777777777,0.25,0.4,0.5,0.4,0.0,0.0,0.0,0.0,0.18181818181818182,0.022727272727272728,0.38636363636363635,0.0,0.0,0.75,0.75,0
1.037037037037037,0.8518518518518519,0.1111111111111111,0.3888888888888889,6.0,7,0.6666666666666666,35,172.84920634920636,171.23809523809527,88.06349206349206,86.45238095238098,0.3333333333333333,0.125,0.4153846153846154,0.4807692307692308,0.041666666666666664,0.3111111111111111,0.2777777777777778,0.425,0.5,0.0,0.019230769230769232,0.046153846153846156,0.0,0.09090909090909091,0.18181818181818182,0.1590909090909091,0.4090909090909091,0.0,0.0,0.75,0.0,0
1.037037037037037,0.8518518518518519,0.1111111111111111,0.3888888888888889,6.0,7,0.6666666666666666,35,172.84920634920636,171.23809523809527,88.06349206349206,86.45238095238098,0.3333333333333333,0.125,0.4153846153846154,0.4807692307692308,0.041666666666666664,0.3111111111111111,0.2777777777777778,0.425,0.5,0.0,0.019230769230769232,0.046153846153846156,0.0,0.09090909090909091,0.18181818181818182,0.1590909090909091,0.4090909090909091,0.0,0.0,0.75,0.0,0
1.037037037037037,0.8518518518518519,0.1111111111111111,0.3888888888888889,6.0,7,0.6666666666666666,35,172.84920634920636,171.23809523809527,88.06349206349206,86.45238095238098,0.3333333333333333,0.125,0.4153846153846154,0.4807692307692308,0.041666666666666664,0.3111111111111111,0.2777777777777778,0.425,0.5,0.0,0.019230769230769232,0.046153846153846156,0.0,0.09090909090909091,0.18181818181818182,0.1590909090909091,0.4090909090909091,0.0,0.0,0.75,0.0,0
1.037037037037037,0.8518518518518519,0.1111111111111111,0.3888888888888889,6.0,7,0.6666666666666666,35,172.84920634920636,171.23809523809527,88.06349206349206,86.45238095238098,0.3333333333333333,0.125,0.4153846153846154,0.4807692307692308,0.041666666666666664,0.3111111111111111,0.2777777777777778,0.425,0.5,0.0,0.019230769230769232,0.046153846153846156,0.0,0.09090909090909091,0.18181818181818182,0.1590909090909091,0.4090909090909091,0.0,0.0,0.75,0.0,0
1.037037037037037,0.8518518518518519,0.1111111111111111,0.3888888888888889,6.0,7,0.6666666666666666,35,172.84920634920636,171.23809523809527,88.06349206349206,86.45238095238098,0.3333333333333333,0.125,0.4153846153846154,0.4807692307692308,0.041666666666666664,0.3111111111111111,0.2777777777777778,0.425,0.5,0.0,0.019230769230769232,0.046153846153846156,0.0,0.09090909090909091,0.18181818181818182,0.1590909090909091,0.4090909090909091,0.0,0.0,0.75,0.0,0
1.037037037037037,1.037037037037037,0.0,0.16666666666666666,3.0,4,0.125,34,214.0952380952381,211.65873015873015,120.78571428571429,118.34920634920634,0.29285714285714287,0.09615384615384616,0.0,0.04807692307692308,0.013888888888888888,0.35555555555555557,0.16666666666666666,0.0,0.48,0.2375,0.0,0.0,0.22115384615384615,0.06060606060606061,0.30303030303030304,0.1590909090909091,0.18181818181818182,0.0,0.36363636363636365,0.0,0.18181818181818182,1
1.037037037037037,1.037037037037037,0.0,0.16666666666666666,3.0,4,0.125,34,214.0952380952381,211.65873015873015,120.78571428571429,118.34920634920634,0.29285714285714287,0.09615384615384616,0.0,0.04807692307692308,0.013888888888888888,0.35555555555555557,0.16666666666666666,0.0,0.48,0.2375,0.0,0.0,0.22115384615384615,0.06060606060606061,0.30303030303030304,0.1590909090909091,0.18181818181818182,0.0,0.36363636363636365,0.0,0.18181818181818182,1
1.037037037037037,1.037037037037037,0.0,0.16666666666666666,3.0,4,0.125,34,214.0952380952381,211.65873015873015,120.78571428571429,118.34920634920634,0.29285714285714287,0.09615384615384616,0.0,0.04807692307692308,0.013888888888888888,0.35555555555555557,0.16666666666666666,0.0,0.48,0.2375,0.0,0.0,0.22115384615384615,0.06060606060606061,0.30303030303030304,0.1590909090909091,0.18181818181818182,0.0,0.36363636363636365,0.0,0.18181818181818182,1
1.037037037037037,1.037037037037037,0.0,0.16666666666666666,3.0,4,0.125,34,214.0952380952381,211.65873015873015,120.78571428571429,118.34920634920634,0.29285714285714287,0.09615384615384616,0.0,0.04807692307692308,0.013888888888888888,0.35555555555555557,0.16666666666666666,0.0,0.48,0.2375,0.0,0.0,0.22115384615384615,0.06060606060606061,0.30303030303030304,0.1590909090909091,0.18181818181818182,0.0,0.36363636363636365,0.0,0.18181818181818182,1
1.037037037037037,0.8888888888888888,0.2222222222222222,0.6666666666666666,3.0,6,0.42857142857142855,19,211.04761904761904,118.57936507936508,107.66666666666666,15.198412698412696,0.4107142857142857,0.0,0.1076923076923077,0.19230769230769232,0.20833333333333334,0.3333333333333333,0.25,0.3,0.46,0.3,0.0,0.47692307692307695,0.6153846153846154,0.18181818181818182,0.6363636363636364,0.22727272727272727,0.0,0.2727272727272727,0.6363636363636364,0.2727272727272727,0.0,0
1.037037037037037,0.8888888888888888,0.2222222222222222,0.6666666666666666,3.0,6,0.42857142857142855,19,211.04761904761904,118.57936507936508,107.66666666666666,15.198412698412696,0.4107142857142857,0.0,0.1076923076923077,0.19230769230769232,0.20833333333333334,0.3333333333333333,0.25,0.3,0.46,0.3,0.0,0.47692307692307695,0.6153846153846154,0.18181818181818182,0.6363636363636364,0.22727272727272727,0.0,0.2727272727272727,0.6363636363636364,0.2727272727272727,0.0,0
1.037037037037037,0.8888888888888888,0.2222222222222222,0.6666666666666666,3.0,6,0.42857142857142855,19,211.04761904761904,118.57936507936508,107.66666666666666,15.198412698412696,0.4107142857142857,0.0,0.1076923076923077,0.19230769230769232,0.20833333333333334,0.3333333333333333,0.25,0.3,0.46,0.3,0.0,0.47692307692307695,0.6153846153846154,0.18181818181818182,0.6363636363636364,0.22727272727272727,0.0,0.2727272727272727,0.6363636363636364,0.2727272727272727,0.0,0
1.037037037037037,0.8888888888888888,0.2222222222222222,0.6666666666666666,3.0,6,0.42857142857142855,19,211.04761904761904,118.57936507936508,107.66666666666666,15.198412698412696,0.4107142857142857,0.0,0.1076923076923077,0.19230769230769232,0.20833333333333334,0.3333333333333333,0.25,0.3,0.46,0.3,0.0,0.47692307692307695,0.6153846153846154,0.18181818181818182,0.6363636363636364,0.22727272727272727,0.0,0.2727272727272727,0.6363636363636364,0.2727272727272727,0.0,0
1.037037037037037,0.9629629629629629,0.0,0.75,4.5,6,0.5,26,189.15079365079364,112.94444444444444,119.79365079365078,43.58730158730158,0.37976190476190474,0.07692307692307693,0.06153846153846154,0.2980769230769231,0.0,0.3111111111111111,0.25,0.0,0.46,0.3,0.6153846153846154,0.6615384615384615,0.6153846153846154,0.18181818181818182,0.6363636363636364,0.0,0.0,0.18181818181818182,0.6363636363636364,0.0,0.0,0
1.037037037037037,0.9629629629629629,0.0,0.75,4.5,6,0.5,26,189.15079365079364,112.94444444444444,119.79365079365078,43.58730158730158,0.37976190476190474,0.07692307692307693,0.06153846153846154,0.2980769230769231,0.0,0.3111111111111111,0.25,0.0,0.46,0.3,0.6153846153846154,0.6615384615384615,0.6153846153846154,0.18181818181818182,0.6363636363636364,0.0,0.0,0.18181818181818182,0.6363636363636364,0.0,0.0,0
1.037037037037037,0.9629629629629629,0.0,0.75,4.5,6,0.5,26,189.15079365079364,112.94444444444444,119.79365079365078,43.58730158730158,0.37976190476190474,0.07692307692307693,0.06153846153846154,0.2980769230769231,0.0,0.3111111111111111,0.25,0.0,0.46,0.3,0.6153846153846154,0.6615384615384615,0.6153846153846154,0.18181818181818182,0.6363636363636364,0.0,0.0,0.18181818181818182,0.6363636363636364,0.0,0.0,0
1.037037037037037,0.9629629629629629,0.0,0.75,4.5,6,0.5,26,189.15079365079364,112.94444444444444,119.79365079365078,43.58730158730158,0.37976190476190474,0.07692307692307693,0.06153846153846154,0.2980769230769231,0.0,0.3111111111111111,0.25,0.0,0.46,0.3,0.6153846153846154,0.6615384615384615,0.6153846153846154,0.18181818181818182,0.6363636363636364,0.0,0.0,0.18181818181818182,0.6363636363636364,0.0,0.0,0
1.037037037037037,0.9629629629629629,0.0,0.75,4.5,6,0.5,26,189.15079365079364,112.94444444444444,119.79365079365078,43.58730158730158,0.37976190476190474,0.07692307692307693,0.06153846153846154,0.2980769230769231,0.0,0.3111111111111111,0.25,0.0,0.46,0.3,0.6153846153846154,0.6615384615384615,0.6153846153846154,0.18181818181818182,0.6363636363636364,0.0,0.0,0.18181818181818182,0.6363636363636364,0.0,0.0,0
1.037037037037037,0.8148148148148148,0.0,0.8333333333333334,2.0,6,0.3333333333333333,26,187.16666666666666,141.83333333333334,89.88095238095237,44.54761904761905,0.3595238095238095,0.009615384615384616,0.0,0.0,0.0,0.26666666666666666,0.25,0.0,0.48,0.3,0.6153846153846154,0.6615384615384615,0.0,0.18181818181818182,0.6363636363636364,0.0,0.0,0.18181818181818182,0.6363636363636364,0.0,0.0,0
1.037037037037037,0.8148148148148148,0.0,0.8333333333333334,2.0,6,0.3333333333333333,26,187.16666666666666,141.83333333333334,89.88095238095237,44.54761904761905,0.3595238095238095,0.009615384615384616,0.0,0.0,0.0,0.26666666666666666,0.25,0.0,0.48,0.3,0.6153846153846154,0.6615384615384615,0.0,0.18181818181818182,0.6363636363636364,0.0,0.0,0.18181818181818182,0.6363636363636364,0.0,0.0,0
1.037037037037037,0.8148148148148148,0.0,0.8333333333333334,2.0,6,0.3333333333333333,26,187.16666666666666,141.83333333333334,89.88095238095237,44.54761904761905,0.3595238095238095,0.009615384615384616,0.0,0.0,0.0,0.26666666666666666,0.25,0.0,0.48,0.3,0.6153846153846154,0.6615384615384615,0.0,0.18181818181818182,0.6363636363636364,0.0,0.0,0.18181818181818182,0.6363636363636364,0.0,0.0,0
1.037037037037037,0.8148148148148148,0.0,0.8333333333333334,2.0,6,0.3333333333333333,26,187.16666666666666,141.83333333333334,89.88095238095237,44.54761904761905,0.3595238095238095,0.009615384615384616,0.0,0.0,0.0,0.26666666666666666,0.25,0.0,0.48,0.3,0.6153846153846154,0.6615384615384615,0.0,0.18181818181818182,0.6363636363636364,0.0,0.0,0.18181818181818182,0.6363636363636364,0.0,0.0,0
1.037037037037037,0.8148148148148148,0.0,0.8333333333333334,2.0,6,0.3333333333333333,26,187.16666666666666,141.83333333333334,89.88095238095237,44.54761904761905,0.3595238095238095,0.009615384615384616,0.0,0.0,0.0,0.26666666666666666,0.25,0.0,0.48,0.3,0.6153846153846154,0.6615384615384615,0.0,0.18181818181818182,0.6363636363636364,0.0,0.0,0.18181818181818182,0.6363636363636364,0.0,0.0,0
0.8888888888888888,0.8148148148148148,0.6666666666666666,0.16666666666666666,2.5,7,0.3333333333333333,35,207.67460317460316,136.13492063492063,106.67460317460316,35.13492063492063,0.35,0.009615384615384616,0.6461538461538462,0.6057692307692307,0.0,0.35555555555555557,0.1527777777777778,0.0,0.28,0.4,0.0,0.0,0.0,0.18181818181818182,0.0,0.0,0.0,0.18181818181818182,1.0,0.0,0.0,0
0.8888888888888888,0.8148148148148148,0.6666666666666666,0.16666666666666666,2.5,7,0.3333333333333333,35,207.67460317460316,136.13492063492063,106.67460317460316,35.13492063492063,0.35,0.009615384615384616,0.6461538461538462,0.6057692307692307,0.0,0.35555555555555557,0.1527777777777778,0.0,0.28,0.4,0.0,0.0,0.0,0.18181818181818182,0.0,0.0,0.0,0.18181818181818182,1.0,0.0,0.0,0
0.8888888888888888,0.8148148148148148,0.6666666666666666,0.16666666666666666,2.5,7,0.3333333333333333,35,207.67460317460316,136.13492063492063,106.67460317460316,35.13492063492063,0.35,0.009615384615384616,0.6461538461538462,0.6057692307692307,0.0,0.35555555555555557,0.1527777777777778,0.0,0.28,0.4,0.0,0.0,0.0,0.18181818181818182,0.0,0.0,0.0,0.18181818181818182,1.0,0.0,0.0,0
0.8888888888888888,0.8148148148148148,0.6666666666666666,0.16666666666666666,2.5,7,0.3333333333333333,35,207.67460317460316,136.13492063492063,106.67460317460316,35.13492063492063,0.35,0.009615384615384616,0.6461538461538462,0.6057692307692307,0.0,0.35555555555555557,0.1527777777777778,0.0,0.28,0.4,0.0,0.0,0.0,0.18181818181818182,0.0,0.0,0.0,0.18181818181818182,1.0,0.0,0.0,0
0.8888888888888888,0.8148148148148148,0.6666666666666666,0.16666666666666666,2.5,7,0.3333333333333333,35,207.67460317460316,136.13492063492063,106.67460317460316,35.13492063492063,0.35,0.009615384615384616,0.6461538461538462,0.6057692307692307,0.0,0.35555555555555557,0.1527777777777778,0.0,0.28,0.4,0.0,0.0,0.0,0.18181818181818182,0.0,0.0,0.0,0.18181818181818182,1.0,0.0,0.0,0
0.8888888888888888,0.8148148148148148,0.9166666666666666,0.16666666666666666,1.5,11,0.3333333333333333,35,176.2857142857143,140.0873015873016,78.2857142857143,42.087301587301596,0.3869047619047619,0.09615384615384616,0.6923076923076923,0.5673076923076923,0.0,0.37777777777777777,0.125,0.4,0.4,0.4,0.0,0.0,0.0,0.0,0.0,0.0,0.0,1.0,1.0,0.0,0.0,0
0.8888888888888888,0.8148148148148148,0.9166666666666666,0.16666666666666666,1.5,11,0.3333333333333333,35,176.2857142857143,140.0873015873016,78.2857142857143,42.087301587301596,0.3869047619047619,0.09615384615384616,0.6923076923076923,0.5673076923076923,0.0,0.37777777777777777,0.125,0.4,0.4,0.4,0.0,0.0,0.0,0.0,0.0,0.0,0.0,1.0,1.0,0.0,0.0,0
0.8888888888888888,0.8148148148148148,0.9166666666666666,0.16666666666666666,1.5,11,0.3333333333333333,35,176.2857142857143,140.0873015873016,78.2857142857143,42.087301587301596,0.3869047619047619,0.09615384615384616,0.6923076923076923,0.5673076923076923,0.0,0.37777777777777777,0.125,0.4,0.4,0.4,0.0,0.0,0.0,0.0,0.0,0.0,0.0,1.0,1.0,0.0,0.0,0
0.8888888888888888,0.8148148148148148,0.9166666666666666,0.16666666666666666,1.5,11,0.3333333333333333,35,176.2857142857143,140.0873015873016,78.2857142857143,42.087301587301596,0.3869047619047619,0.09615384615384616,0.6923076923076923,0.5673076923076923,0.0,0.37777777777777777,0.125,0.4,0.4,0.4,0.0,0.0,0.0,0.0,0.0,0.0,0.0,1.0,1.0,0.0,0.0,0
0.8888888888888888,0.8148148148148148,0.9166666666666666,0.16666666666666666,1.5,11,0.3333333333333333,35,176.2857142857143,140.0873015873016,78.2857142857143,42.087301587301596,0.3869047619047619,0.09615384615384616,0.6923076923076923,0.5673076923076923,0.0,0.37777777777777777,0.125,0.4,0.4,0.4,0.0,0.0,0.0,0.0,0.0,0.0,0.0,1.0,1.0,0.0,0.0,0
0.8888888888888888,0.8148148148148148,0.5,0.16666666666666666,2.5,7,0.3333333333333333,19,177.35714285714286,167.4126984126984,89.0,79.05555555555554,0.35119047619047616,0.23076923076923078,0.6307692307692307,0.5480769230769231,0.013888888888888888,0.37777777777777777,0.16666666666666666,0.4,0.34,0.0,0.0,0.0,0.0,0.0,0.0,0.0,0.0,1.0,0.022727272727272728,0.0,0.0,0
0.8888888888888888,0.8148148148148148,0.5,0.16666666666666666,2.5,7,0.3333333333333333,19,177.35714285714286,167.4126984126984,89.0,79.05555555555554,0.35119047619047616,0.23076923076923078,0.6307692307692307,0.5480769230769231,0.013888888888888888,0.37777777777777777,0.16666666666666666,0.4,0.34,0.0,0.0,0.0,0.0,0.0,0.0,0.0,0.0,1.0,0.022727272727272728,0.0,0.0,0
0.8888888888888888,0.8148148148148148,0.5,0.16666666666666666,2.5,7,0.3333333333333333,19,177.35714285714286,167.4126984126984,89.0,79.05555555555554,0.35119047619047616,0.23076923076923078,0.6307692307692307,0.5480769230769231,0.013888888888888888,0.37777777777777777,0.16666666666666666,0.4,0.34,0.0,0.0,0.0,0.0,0.0,0.0,0.0,0.0,1.0,0.022727272727272728,0.0,0.0,0
0.8888888888888888,0.8148148148148148,0.5,0.16666666666666666,2.5,7,0.3333333333333333,19,177.35714285714286,167.4126984126984,89.0,79.05555555555554,0.35119047619047616,0.23076923076923078,0.6307692307692307,0.5480769230769231,0.013888888888888888,0.37777777777777777,0.16666666666666666,0.4,0.34,0.0,0.0,0.0,0.0,0.0,0.0,0.0,0.0,1.0,0.022727272727272728,0.0,0.0,0
1.037037037037037,1.037037037037037,0.0,0.16666666666666666,2.0,3,0.0,18,212.14285714285714,217.15079365079364,135.85714285714283,140.86507936507934,0.2857142857142857,0.125,0.0,0.0,0.0,0.3333333333333333,0.0,0.0,0.36,0.25,0.0,0.0,0.25,0.0,0.0,0.0,0.0,0.0,0.5,0.0,0.0,1
1.037037037037037,1.037037037037037,0.5833333333333334,0.8333333333333334,1.5,6,0.25,33,146.95238095238096,172.82539682539684,104.50000000000001,130.3730158730159,0.4142857142857143,0.0,0.2153846153846154,0.3076923076923077,0.0,0.3333333333333333,0.2222222222222222,0.4,0.44,0.0,0.36538461538461536,0.24615384615384617,0.0,0.0,0.0,0.0,0.0,0.5681818181818182,0.0,0.0,0.0,0
1.037037037037037,1.037037037037037,0.5833333333333334,0.8333333333333334,1.5,6,0.25,33,146.95238095238096,172.82539682539684,104.50000000000001,130.3730158730159,0.4142857142857143,0.0,0.2153846153846154,0.3076923076923077,0.0,0.3333333333333333,0.2222222222222222,0.4,0.44,0.0,0.36538461538461536,0.24615384615384617,0.0,0.0,0.0,0.0,0.0,0.5681818181818182,0.0,0.0,0.0,0
1.037037037037037,1.037037037037037,0.5833333333333334,0.8333333333333334,1.5,6,0.25,33,146.95238095238096,172.82539682539684,104.50000000000001,130.3730158730159,0.4142857142857143,0.0,0.2153846153846154,0.3076923076923077,0.0,0.3333333333333333,0.2222222222222222,0.4,0.44,0.0,0.36538461538461536,0.24615384615384617,0.0,0.0,0.0,0.0,0.0,0.5681818181818182,0.0,0.0,0.0,0
1.037037037037037,1.037037037037037,0.5833333333333334,0.8333333333333334,1.5,6,0.25,33,146.95238095238096,172.82539682539684,104.50000000000001,130.3730158730159,0.4142857142857143,0.0,0.2153846153846154,0.3076923076923077,0.0,0.3333333333333333,0.2222222222222222,0.4,0.44,0.0,0.36538461538461536,0.24615384615384617,0.0,0.0,0.0,0.0,0.0,0.5681818181818182,0.0,0.0,0.0,0
1.037037037037037,1.037037037037037,1.0,0.8333333333333334,1.0,7,0.25,25,95.35714285714285,167.76984126984127,32.97619047619047,105.38888888888889,0.5023809523809524,0.33653846153846156,0.5538461538461539,0.3076923076923077,0.2222222222222222,0.4222222222222222,0.2222222222222222,0.3625,0.5,0.0,0.2692307692307692,0.18461538461538463,0.0,0.0,0.0,0.0,0.0,0.5227272727272727,0.0,0.0,0.0,0
1.037037037037037,1.037037037037037,1.0,0.8333333333333334,1.0,7,0.25,25,95.35714285714285,167.76984126984127,32.97619047619047,105.38888888888889,0.5023809523809524,0.33653846153846156,0.5538461538461539,0.3076923076923077,0.2222222222222222,0.4222222222222222,0.2222222222222222,0.3625,0.5,0.0,0.2692307692307692,0.18461538461538463,0.0,0.0,0.0,0.0,0.0,0.5227272727272727,0.0,0.0,0.0,0
1.037037037037037,1.037037037037037,1.0,0.8333333333333334,1.0,7,0.25,25,95.35714285714285,167.76984126984127,32.97619047619047,105.38888888888889,0.5023809523809524,0.33653846153846156,0.5538461538461539,0.3076923076923077,0.2222222222222222,0.4222222222222222,0.2222222222222222,0.3625,0.5,0.0,0.2692307692307692,0.18461538461538463,0.0,0.0,0.0,0.0,0.0,0.5227272727272727,0.0,0.0,0.0,0
1.037037037037037,1.037037037037037,1.0,0.8333333333333334,1.0,7,0.25,25,95.35714285714285,167.76984126984127,32.97619047619047,105.38888888888889,0.5023809523809524,0.33653846153846156,0.5538461538461539,0.3076923076923077,0.2222222222222222,0.4222222222222222,0.2222222222222222,0.3625,0.5,0.0,0.2692307692307692,0.18461538461538463,0.0,0.0,0.0,0.0,0.0,0.5227272727272727,0.0,0.0,0.0,0
1.037037037037037,1.037037037037037,1.0,0.8333333333333334,1.5,6,0.25,26,98.63492063492065,203.0873015873016,61.706349206349216,166.15873015873018,0.4452380952380952,0.3076923076923077,0.24615384615384617,0.0,0.2222222222222222,0.3333333333333333,0.0,0.4375,0.5,0.0,0.28846153846153844,0.15384615384615385,0.0,0.0,0.0,0.0,0.0,0.6136363636363636,0.0,0.0,0.0,0
1.037037037037037,1.037037037037037,1.0,0.8333333333333334,1.5,6,0.25,26,98.63492063492065,203.0873015873016,61.706349206349216,166.15873015873018,0.4452380952380952,0.3076923076923077,0.24615384615384617,0.0,0.2222222222222222,0.3333333333333333,0.0,0.4375,0.5,0.0,0.28846153846153844,0.15384615384615385,0.0,0.0,0.0,0.0,0.0,0.6136363636363636,0.0,0.0,0.0,0
1.037037037037037,1.037037037037037,1.0,0.8333333333333334,1.5,6,0.25,26,98.63492063492065,203.0873015873016,61.706349206349216,166.15873015873018,0.4452380952380952,0.3076923076923077,0.24615384615384617,0.0,0.2222222222222222,0.3333333333333333,0.0,0.4375,0.5,0.0,0.28846153846153844,0.15384615384615385,0.0,0.0,0.0,0.0,0.0,0.6136363636363636,0.0,0.0,0.0,0
1.037037037037037,1.037037037037037,1.0,0.8333333333333334,1.5,6,0.25,26,98.63492063492065,203.0873015873016,61.706349206349216,166.15873015873018,0.4452380952380952,0.3076923076923077,0.24615384615384617,0.0,0.2222222222222222,0.3333333333333333,0.0,0.4375,0.5,0.0,0.28846153846153844,0.15384615384615385,0.0,0.0,0.0,0.0,0.0,0.6136363636363636,0.0,0.0,0.0,0
0.8888888888888888,0.8148148148148148,0.4444444444444444,0.2777777777777778,6.5,7,0.6666666666666666,25,126.18253968253968,203.81746031746033,38.87301587301587,116.50793650793652,0.38095238095238093,0.0,0.46153846153846156,0.3076923076923077,0.20833333333333334,0.5333333333333333,0.0,0.2375,0.28,0.0,0.19230769230769232,0.24615384615384617,0.038461538461538464,0.5454545454545454,0.09090909090909091,0.0,0.0,0.5227272727272727,0.06818181818181818,0.0,0.0,0
0.8888888888888888,0.8148148148148148,0.4444444444444444,0.2777777777777778,6.5,7,0.6666666666666666,25,126.18253968253968,203.81746031746033,38.87301587301587,116.50793650793652,0.38095238095238093,0.0,0.46153846153846156,0.3076923076923077,0.20833333333333334,0.5333333333333333,0.0,0.2375,0.28,0.0,0.19230769230769232,0.24615384615384617,0.038461538461538464,0.5454545454545454,0.09090909090909091,0.0,0.0,0.5227272727272727,0.06818181818181818,0.0,0.0,0
0.8888888888888888,0.8148148148148148,0.4444444444444444,0.2777777777777778,6.5,7,0.6666666666666666,25,126.18253968253968,203.81746031746033,38.87301587301587,116.50793650793652,0.38095238095238093,0.0,0.46153846153846156,0.3076923076923077,0.20833333333333334,0.5333333333333333,0.0,0.2375,0.28,0.0,0.19230769230769232,0.24615384615384617,0.038461538461538464,0.5454545454545454,0.09090909090909091,0.0,0.0,0.5227272727272727,0.06818181818181818,0.0,0.0,0
0.8888888888888888,0.8148148148148148,0.4444444444444444,0.2777777777777778,6.5,7,0.6666666666666666,25,126.18253968253968,203.81746031746033,38.87301587301587,116.50793650793652,0.38095238095238093,0.0,0.46153846153846156,0.3076923076923077,0.20833333333333334,0.5333333333333333,0.0,0.2375,0.28,0.0,0.19230769230769232,0.24615384615384617,0.038461538461538464,0.5454545454545454,0.09090909090909091,0.0,0.0,0.5227272727272727,0.06818181818181818,0.0,0.0,0
0.8888888888888888,0.7037037037037037,0.2222222222222222,0.16666666666666666,6.0,7,0.6666666666666666,25,142.05555555555557,211.45238095238096,30.222222222222243,99.61904761904763,0.32857142857142857,0.3076923076923077,0.4461538461538462,0.3076923076923077,0.20833333333333334,0.37777777777777777,0.0,0.2375,0.24,0.0,0.0,0.0,0.0,0.5454545454545454,0.0,0.0,0.0,0.5227272727272727,0.0,0.0,0.0,0
0.8888888888888888,0.7037037037037037,0.2222222222222222,0.16666666666666666,6.0,7,0.6666666666666666,25,142.05555555555557,211.45238095238096,30.222222222222243,99.61904761904763,0.32857142857142857,0.3076923076923077,0.4461538461538462,0.3076923076923077,0.20833333333333334,0.37777777777777777,0.0,0.2375,0.24,0.0,0.0,0.0,0.0,0.5454545454545454,0.0,0.0,0.0,0.5227272727272727,0.0,0.0,0.0,0
0.8888888888888888,0.7037037037037037,0.2222222222222222,0.16666666666666666,6.0,7,0.6666666666666666,25,142.05555555555557,211.45238095238096,30.222222222222243,99.61904761904763,0.32857142857142857,0.3076923076923077,0.4461538461538462,0.3076923076923077,0.20833333333333334,0.37777777777777777,0.0,0.2375,0.24,0.0,0.0,0.0,0.0,0.5454545454545454,0.0,0.0,0.0,0.5227272727272727,0.0,0.0,0.0,0
0.8888888888888888,0.7037037037037037,0.2222222222222222,0.16666666666666666,6.0,7,0.6666666666666666,25,142.05555555555557,211.45238095238096,30.222222222222243,99.61904761904763,0.32857142857142857,0.3076923076923077,0.4461538461538462,0.3076923076923077,0.20833333333333334,0.37777777777777777,0.0,0.2375,0.24,0.0,0.0,0.0,0.0,0.5454545454545454,0.0,0.0,0.0,0.5227272727272727,0.0,0.0,0.0,0
1.037037037037037,1.037037037037037,0.0,0.3333333333333333,2.5,11,0.25,35,210.3169066076043,208.15079365079364,123.8169066076043,121.65079365079364,0.2833333333333333,0.0,0.0,0.0,0.1111111111111111,0.4,0.1111111111111111,0.3,0.62,0.1625,0.0,0.0,0.0,0.0,0.0,0.25,0.25,0.25,0.36363636363636365,0.25,0.022727272727272728,1
1.037037037037037,1.037037037037037,0.0,0.3333333333333333,2.5,11,0.25,35,210.3169066076043,208.15079365079364,123.8169066076043,121.65079365079364,0.2833333333333333,0.0,0.0,0.0,0.1111111111111111,0.4,0.1111111111111111,0.3,0.62,0.1625,0.0,0.0,0.0,0.0,0.0,0.25,0.25,0.25,0.36363636363636365,0.25,0.022727272727272728,1
1.037037037037037,1.037037037037037,0.0,0.3333333333333333,2.5,11,0.25,35,210.3169066076043,208.15079365079364,123.8169066076043,121.65079365079364,0.2833333333333333,0.0,0.0,0.0,0.1111111111111111,0.4,0.1111111111111111,0.3,0.62,0.1625,0.0,0.0,0.0,0.0,0.0,0.25,0.25,0.25,0.36363636363636365,0.25,0.022727272727272728,1
1.037037037037037,1.037037037037037,0.0,0.3333333333333333,2.5,11,0.25,35,210.3169066076043,208.15079365079364,123.8169066076043,121.65079365079364,0.2833333333333333,0.0,0.0,0.0,0.1111111111111111,0.4,0.1111111111111111,0.3,0.62,0.1625,0.0,0.0,0.0,0.0,0.0,0.25,0.25,0.25,0.36363636363636365,0.25,0.022727272727272728,1
1.037037037037037,1.037037037037037,0.5,0.8,5.0,11,0.625,35,143.97619047619048,165.8015873015873,68.5,90.32539682539681,0.4297619047619048,0.0,0.13846153846153847,0.23076923076923078,0.1111111111111111,0.5555555555555556,0.4444444444444444,0.375,0.72,0.2,0.3076923076923077,0.4153846153846154,0.04807692307692308,0.0,0.36363636363636365,0.25,0.25,0.6363636363636364,0.25,0.0,0.022727272727272728,0
1.037037037037037,1.037037037037037,0.6666666666666666,0.6666666666666666,5.0,11,0.625,35,143.92063492063494,165.80158730158732,72.49206349206351,94.37301587301589,0.4380952380952381,0.0,0.18461538461538463,0.23076923076923078,0.1111111111111111,0.6222222222222222,0.4444444444444444,0.4375,0.64,0.2,0.375,0.3384615384615385,0.028846153846153848,0.0,0.3333333333333333,0.25,0.25,0.7045454545454546,0.29545454545454547,0.022727272727272728,0.0,0
1.037037037037037,1.037037037037037,0.6666666666666666,0.6666666666666666,5.0,11,0.625,35,143.92063492063494,165.80158730158732,72.49206349206351,94.37301587301589,0.4380952380952381,0.0,0.18461538461538463,0.23076923076923078,0.1111111111111111,0.6222222222222222,0.4444444444444444,0.4375,0.64,0.2,0.375,0.3384615384615385,0.028846153846153848,0.0,0.3333333333333333,0.25,0.25,0.7045454545454546,0.29545454545454547,0.022727272727272728,0.0,0
1.037037037037037,1.037037037037037,0.6666666666666666,0.6666666666666666,5.0,11,0.625,35,143.92063492063494,165.80158730158732,72.49206349206351,94.37301587301589,0.4380952380952381,0.0,0.18461538461538463,0.23076923076923078,0.1111111111111111,0.6222222222222222,0.4444444444444444,0.4375,0.64,0.2,0.375,0.3384615384615385,0.028846153846153848,0.0,0.3333333333333333,0.25,0.25,0.7045454545454546,0.29545454545454547,0.022727272727272728,0.0,0
1.037037037037037,1.037037037037037,0.8333333333333334,0.9583333333333334,4.5,11,0.5,35,103.65873015873017,170.9126984126984,44.111111111111114,111.36507936507935,0.49404761904761907,0.23076923076923078,0.46153846153846156,0.3076923076923077,0.4444444444444444,0.7111111111111111,0.4444444444444444,0.4125,0.66,0.1,0.3076923076923077,0.3076923076923077,0.0,0.3333333333333333,0.36363636363636365,0.25,0.25,0.6363636363636364,0.25,0.0,0.0,0
1.037037037037037,1.037037037037037,0.8333333333333334,0.75,4.0,11,0.5,35,103.46825396825398,171.2142857142857,28.349206349206355,96.09523809523807,0.4928571428571429,0.25961538461538464,0.5076923076923077,0.25,0.4444444444444444,0.7111111111111111,0.4444444444444444,0.4625,0.56,0.1,0.36538461538461536,0.2153846153846154,0.0,0.36363636363636365,0.3333333333333333,0.25,0.25,0.7045454545454546,0.25,0.0,0.0,0
1.037037037037037,1.037037037037037,0.8333333333333334,0.75,4.0,11,0.5,35,103.46825396825398,171.2142857142857,28.349206349206355,96.09523809523807,0.4928571428571429,0.25961538461538464,0.5076923076923077,0.25,0.4444444444444444,0.7111111111111111,0.4444444444444444,0.4625,0.56,0.1,0.36538461538461536,0.2153846153846154,0.0,0.36363636363636365,0.3333333333333333,0.25,0.25,0.7045454545454546,0.25,0.0,0.0,0
1.037037037037037,1.037037037037037,0.8333333333333334,0.75,4.0,11,0.5,35,103.46825396825398,171.2142857142857,28.349206349206355,96.09523809523807,0.4928571428571429,0.25961538461538464,0.5076923076923077,0.25,0.4444444444444444,0.7111111111111111,0.4444444444444444,0.4625,0.56,0.1,0.36538461538461536,0.2153846153846154,0.0,0.36363636363636365,0.3333333333333333,0.25,0.25,0.7045454545454546,0.25,0.0,0.0,0
1.037037037037037,0.9629629629629629,0.7083333333333334,0.7916666666666666,4.5,11,0.5,35,102.88095238095237,209.03968253968256,26.761904761904745,132.92063492063494,0.4119047619047619,0.23076923076923078,0.15384615384615385,0.0,0.4444444444444444,0.4444444444444444,0.1111111111111111,0.425,0.52,0.0875,0.36538461538461536,0.2,0.10576923076923077,0.3333333333333333,0.0,0.25,0.25,0.6818181818181818,0.20454545454545456,0.0,0.0,0
1.037037037037037,0.9629629629629629,0.7083333333333334,0.7916666666666666,4.5,11,0.5,35,102.88095238095237,209.03968253968256,26.761904761904745,132.92063492063494,0.4119047619047619,0.23076923076923078,0.15384615384615385,0.0,0.4444444444444444,0.4444444444444444,0.1111111111111111,0.425,0.52,0.0875,0.36538461538461536,0.2,0.10576923076923077,0.3333333333333333,0.0,0.25,0.25,0.6818181818181818,0.20454545454545456,0.0,0.0,0
1.037037037037037,0.9629629629629629,0.7083333333333334,0.7916666666666666,4.5,11,0.5,35,102.88095238095237,209.03968253968256,26.761904761904745,132.92063492063494,0.4119047619047619,0.23076923076923078,0.15384615384615385,0.0,0.4444444444444444,0.4444444444444444,0.1111111111111111,0.425,0.52,0.0875,0.36538461538461536,0.2,0.10576923076923077,0.3333333333333333,0.0,0.25,0.25,0.6818181818181818,0.20454545454545456,0.0,0.0,0
1.037037037037037,0.9629629629629629,0.7083333333333334,0.7916666666666666,4.5,11,0.5,35,102.88095238095237,209.03968253968256,26.761904761904745,132.92063492063494,0.4119047619047619,0.23076923076923078,0.15384615384615385,0.0,0.4444444444444444,0.4444444444444444,0.1111111111111111,0.425,0.52,0.0875,0.36538461538461536,0.2,0.10576923076923077,0.3333333333333333,0.0,0.25,0.25,0.6818181818181818,0.20454545454545456,0.0,0.0,0
0.8888888888888888,0.7037037037037037,0.16666666666666666,0.6666666666666666,2.0,7,0.4,19,173.3294573643411,171.88888888888889,58.18660022148396,56.74603174603175,0.3726190476190476,0.0,0.0,0.0,0.0,0.35555555555555557,0.4444444444444444,0.1625,0.36,0.1,0.625,0.5846153846153846,0.08653846153846154,0.0,0.0,0.0,1.0,0.0,0.25,0.0,0.0,0
0.8888888888888888,0.7037037037037037,0.16666666666666666,0.6666666666666666,2.0,7,0.4,19,173.3294573643411,171.88888888888889,58.18660022148396,56.74603174603175,0.3726190476190476,0.0,0.0,0.0,0.0,0.35555555555555557,0.4444444444444444,0.1625,0.36,0.1,0.625,0.5846153846153846,0.08653846153846154,0.0,0.0,0.0,1.0,0.0,0.25,0.0,0.0,0
0.8888888888888888,0.7037037037037037,0.16666666666666666,0.6666666666666666,2.0,7,0.4,19,173.3294573643411,171.88888888888889,58.18660022148396,56.74603174603175,0.3726190476190476,0.0,0.0,0.0,0.0,0.35555555555555557,0.4444444444444444,0.1625,0.36,0.1,0.625,0.5846153846153846,0.08653846153846154,0.0,0.0,0.0,1.0,0.0,0.25,0.0,0.0,0
0.8888888888888888,0.7037037037037037,0.16666666666666666,0.6666666666666666,2.0,7,0.4,19,173.3294573643411,171.88888888888889,58.18660022148396,56.74603174603175,0.3726190476190476,0.0,0.0,0.0,0.0,0.35555555555555557,0.4444444444444444,0.1625,0.36,0.1,0.625,0.5846153846153846,0.08653846153846154,0.0,0.0,0.0,1.0,0.0,0.25,0.0,0.0,0
0.8888888888888888,0.7037037037037037,0.16666666666666666,0.6666666666666666,2.0,7,0.4,19,173.3294573643411,171.88888888888889,58.18660022148396,56.74603174603175,0.3726190476190476,0.0,0.0,0.0,0.0,0.35555555555555557,0.4444444444444444,0.1625,0.36,0.1,0.625,0.5846153846153846,0.08653846153846154,0.0,0.0,0.0,1.0,0.0,0.25,0.0,0.0,0
1.037037037037037,1.037037037037037,0.16666666666666666,0.0,3.0,3,0.0,33,209.46031746031744,209.05555555555557,133.38888888888886,132.984126984127,0.2785714285714286,0.0,0.0,0.0,0.0,0.4666666666666667,0.0,0.0,0.48,0.0,0.0,0.0,0.019230769230769232,0.0,0.0,0.0,0.0,0.0,0.13636363636363635,0.0,0.0,1
1.037037037037037,1.037037037037037,0.16666666666666666,0.0,3.0,3,0.0,33,209.46031746031744,209.05555555555557,133.38888888888886,132.984126984127,0.2785714285714286,0.0,0.0,0.0,0.0,0.4666666666666667,0.0,0.0,0.48,0.0,0.0,0.0,0.019230769230769232,0.0,0.0,0.0,0.0,0.0,0.13636363636363635,0.0,0.0,1
1.037037037037037,1.037037037037037,0.16666666666666666,0.0,3.0,3,0.0,33,209.46031746031744,209.05555555555557,133.38888888888886,132.984126984127,0.2785714285714286,0.0,0.0,0.0,0.0,0.4666666666666667,0.0,0.0,0.48,0.0,0.0,0.0,0.019230769230769232,0.0,0.0,0.0,0.0,0.0,0.13636363636363635,0.0,0.0,1
1.037037037037037,1.037037037037037,0.16666666666666666,0.0,3.0,3,0.0,33,209.46031746031744,209.05555555555557,133.38888888888886,132.984126984127,0.2785714285714286,0.0,0.0,0.0,0.0,0.4666666666666667,0.0,0.0,0.48,0.0,0.0,0.0,0.019230769230769232,0.0,0.0,0.0,0.0,0.0,0.13636363636363635,0.0,0.0,1
1.037037037037037,1.037037037037037,0.5833333333333334,0.9166666666666666,2.0,7,0.375,35,136.1031746031746,161.8015873015873,66.19841269841271,91.89682539682539,0.4392857142857143,0.0,0.2,0.33653846153846156,0.0,0.4666666666666667,0.2361111111111111,0.35,0.58,0.0,0.3076923076923077,0.3384615384615385,0.038461538461538464,0.0,0.06060606060606061,0.0,0.0,0.5,0.022727272727272728,0.0,0.0,0
1.037037037037037,1.037037037037037,0.5833333333333334,0.9166666666666666,2.0,7,0.375,35,136.1031746031746,161.8015873015873,66.19841269841271,91.89682539682539,0.4392857142857143,0.0,0.2,0.33653846153846156,0.0,0.4666666666666667,0.2361111111111111,0.35,0.58,0.0,0.3076923076923077,0.3384615384615385,0.038461538461538464,0.0,0.06060606060606061,0.0,0.0,0.5,0.022727272727272728,0.0,0.0,0
1.037037037037037,1.037037037037037,0.5833333333333334,0.9166666666666666,2.0,7,0.375,35,136.1031746031746,161.8015873015873,66.19841269841271,91.89682539682539,0.4392857142857143,0.0,0.2,0.33653846153846156,0.0,0.4666666666666667,0.2361111111111111,0.35,0.58,0.0,0.3076923076923077,0.3384615384615385,0.038461538461538464,0.0,0.06060606060606061,0.0,0.0,0.5,0.022727272727272728,0.0,0.0,0
1.037037037037037,1.037037037037037,0.5833333333333334,0.9166666666666666,2.0,7,0.375,35,136.1031746031746,161.8015873015873,66.19841269841271,91.89682539682539,0.4392857142857143,0.0,0.2,0.33653846153846156,0.0,0.4666666666666667,0.2361111111111111,0.35,0.58,0.0,0.3076923076923077,0.3384615384615385,0.038461538461538464,0.0,0.06060606060606061,0.0,0.0,0.5,0.022727272727272728,0.0,0.0,0
1.037037037037037,1.037037037037037,0.5833333333333334,0.9166666666666666,2.0,7,0.375,35,136.1031746031746,161.8015873015873,66.19841269841271,91.89682539682539,0.4392857142857143,0.0,0.2,0.33653846153846156,0.0,0.4666666666666667,0.2361111111111111,0.35,0.58,0.0,0.3076923076923077,0.3384615384615385,0.038461538461538464,0.0,0.06060606060606061,0.0,0.0,0.5,0.022727272727272728,0.0,0.0,0
1.037037037037037,0.8518518518518519,1.0,0.8333333333333334,2.0,7,0.2857142857142857,27,97.68253968253968,165.45238095238096,31.015873015873012,98.78571428571429,0.5178571428571429,0.33653846153846156,0.5692307692307692,0.3076923076923077,0.2222222222222222,0.5333333333333333,0.2222222222222222,0.45,0.48,0.0,0.27884615384615385,0.16923076923076924,0.0,0.0,0.0,0.0,0.0,0.6590909090909091,0.045454545454545456,0.0,0.0,0
1.037037037037037,0.8518518518518519,1.0,0.4166666666666667,2.0,6,0.2857142857142857,28,98.6984126984127,165.63492063492063,8.484126984126988,75.42063492063492,0.5190476190476191,0.3557692307692308,0.5384615384615384,0.3076923076923077,0.2222222222222222,0.5333333333333333,0.2222222222222222,0.525,0.36,0.0,0.3269230769230769,0.09230769230769231,0.0,0.0,0.0,0.0,0.0,0.75,0.13636363636363635,0.0,0.0,0
1.037037037037037,0.8518518518518519,1.0,0.4166666666666667,2.0,6,0.2857142857142857,28,98.6984126984127,165.63492063492063,8.484126984126988,75.42063492063492,0.5190476190476191,0.3557692307692308,0.5384615384615384,0.3076923076923077,0.2222222222222222,0.5333333333333333,0.2222222222222222,0.525,0.36,0.0,0.3269230769230769,0.09230769230769231,0.0,0.0,0.0,0.0,0.0,0.75,0.13636363636363635,0.0,0.0,0
1.037037037037037,0.8518518518518519,1.0,0.4166666666666667,2.0,6,0.2857142857142857,28,98.6984126984127,165.63492063492063,8.484126984126988,75.42063492063492,0.5190476190476191,0.3557692307692308,0.5384615384615384,0.3076923076923077,0.2222222222222222,0.5333333333333333,0.2222222222222222,0.525,0.36,0.0,0.3269230769230769,0.09230769230769231,0.0,0.0,0.0,0.0,0.0,0.75,0.13636363636363635,0.0,0.0,0
1.037037037037037,1.037037037037037,1.0,0.6666666666666666,2.0,6,0.25,19,97.06349206349205,206.1428571428571,39.73015873015871,148.80952380952377,0.4511904761904762,0.3076923076923077,0.24615384615384617,0.0,0.2222222222222222,0.37777777777777777,0.0,0.4125,0.52,0.0,0.2980769230769231,0.12307692307692308,0.0,0.0,0.0,0.0,0.045454545454545456,0.5909090909090909,0.0,0.0,0.0,0
1.037037037037037,1.037037037037037,1.0,0.6666666666666666,2.0,6,0.25,19,97.06349206349205,206.1428571428571,39.73015873015871,148.80952380952377,0.4511904761904762,0.3076923076923077,0.24615384615384617,0.0,0.2222222222222222,0.37777777777777777,0.0,0.4125,0.52,0.0,0.2980769230769231,0.12307692307692308,0.0,0.0,0.0,0.0,0.045454545454545456,0.5909090909090909,0.0,0.0,0.0,0
1.037037037037037,1.037037037037037,1.0,0.6666666666666666,2.0,6,0.25,19,97.06349206349205,206.1428571428571,39.73015873015871,148.80952380952377,0.4511904761904762,0.3076923076923077,0.24615384615384617,0.0,0.2222222222222222,0.37777777777777777,0.0,0.4125,0.52,0.0,0.2980769230769231,0.12307692307692308,0.0,0.0,0.0,0.0,0.045454545454545456,0.5909090909090909,0.0,0.0,0.0,0
1.037037037037037,1.037037037037037,1.0,0.6666666666666666,2.0,6,0.25,19,97.06349206349205,206.1428571428571,39.73015873015871,148.80952380952377,0.4511904761904762,0.3076923076923077,0.24615384615384617,0.0,0.2222222222222222,0.37777777777777777,0.0,0.4125,0.52,0.0,0.2980769230769231,0.12307692307692308,0.0,0.0,0.0,0.0,0.045454545454545456,0.5909090909090909,0.0,0.0,0.0,0
1.037037037037037,1.037037037037037,0.16666666666666666,0.0,2.0,3,0.0,31,207.23015873015876,207.92063492063494,125.53968253968257,126.23015873015875,0.26904761904761904,0.0,0.0,0.0,0.0,0.37777777777777777,0.0,0.0,0.34,0.0,0.0,0.0,0.0,0.0,0.15151515151515152,0.0,0.0,0.0,0.13636363636363635,0.0,0.0,1
0.8518518518518519,0.7777777777777778,0.2222222222222222,0.0,6.5,7,0.6666666666666666,26,144.13492063492063,207.74603174603172,27.396825396825392,91.00793650793648,0.3273809523809524,0.0,0.26153846153846155,0.3076923076923077,0.2361111111111111,0.4888888888888889,0.0,0.2625,0.28,0.0,0.08653846153846154,0.15384615384615385,0.15384615384615385,0.6060606060606061,0.09090909090909091,0.0,0.0,0.5681818181818182,0.045454545454545456,0.0,0.0,0
0.8518518518518519,0.7777777777777778,0.2222222222222222,0.0,6.5,7,0.6666666666666666,26,144.13492063492063,207.74603174603172,27.396825396825392,91.00793650793648,0.3273809523809524,0.0,0.26153846153846155,0.3076923076923077,0.2361111111111111,0.4888888888888889,0.0,0.2625,0.28,0.0,0.08653846153846154,0.15384615384615385,0.15384615384615385,0.6060606060606061,0.09090909090909091,0.0,0.0,0.5681818181818182,0.045454545454545456,0.0,0.0,0
0.8518518518518519,0.7777777777777778,0.2222222222222222,0.0,6.5,7,0.6666666666666666,26,144.13492063492063,207.74603174603172,27.396825396825392,91.00793650793648,0.3273809523809524,0.0,0.26153846153846155,0.3076923076923077,0.2361111111111111,0.4888888888888889,0.0,0.2625,0.28,0.0,0.08653846153846154,0.15384615384615385,0.15384615384615385,0.6060606060606061,0.09090909090909091,0.0,0.0,0.5681818181818182,0.045454545454545456,0.0,0.0,0
0.8518518518518519,0.7777777777777778,0.2222222222222222,0.0,6.5,7,0.6666666666666666,26,144.13492063492063,207.74603174603172,27.396825396825392,91.00793650793648,0.3273809523809524,0.0,0.26153846153846155,0.3076923076923077,0.2361111111111111,0.4888888888888889,0.0,0.2625,0.28,0.0,0.08653846153846154,0.15384615384615385,0.15384615384615385,0.6060606060606061,0.09090909090909091,0.0,0.0,0.5681818181818182,0.045454545454545456,0.0,0.0,0
0.8888888888888888,0.7777777777777778,0.3611111111111111,0.0,6.0,6,0.6666666666666666,26,141.4047619047619,211.75396825396828,52.0,122.34920634920638,0.29285714285714287,0.3076923076923077,0.47692307692307695,0.3076923076923077,0.25,0.37777777777777777,0.0,0.2625,0.24,0.0,0.15384615384615385,0.15384615384615385,0.15384615384615385,0.6363636363636364,0.0,0.0,0.0,0.5681818181818182,0.0,0.0,0.0,0
0.8888888888888888,0.7777777777777778,0.3611111111111111,0.0,6.0,6,0.6666666666666666,26,141.4047619047619,211.75396825396828,52.0,122.34920634920638,0.29285714285714287,0.3076923076923077,0.47692307692307695,0.3076923076923077,0.25,0.37777777777777777,0.0,0.2625,0.24,0.0,0.15384615384615385,0.15384615384615385,0.15384615384615385,0.6363636363636364,0.0,0.0,0.0,0.5681818181818182,0.0,0.0,0.0,0
0.8888888888888888,0.7777777777777778,0.3611111111111111,0.0,6.0,6,0.6666666666666666,26,141.4047619047619,211.75396825396828,52.0,122.34920634920638,0.29285714285714287,0.3076923076923077,0.47692307692307695,0.3076923076923077,0.25,0.37777777777777777,0.0,0.2625,0.24,0.0,0.15384615384615385,0.15384615384615385,0.15384615384615385,0.6363636363636364,0.0,0.0,0.0,0.5681818181818182,0.0,0.0,0.0,0
0.8888888888888888,0.7777777777777778,0.3611111111111111,0.0,6.0,6,0.6666666666666666,26,141.4047619047619,211.75396825396828,52.0,122.34920634920638,0.29285714285714287,0.3076923076923077,0.47692307692307695,0.3076923076923077,0.25,0.37777777777777777,0.0,0.2625,0.24,0.0,0.15384615384615385,0.15384615384615385,0.15384615384615385,0.6363636363636364,0.0,0.0,0.0,0.5681818181818182,0.0,0.0,0.0,0
1.037037037037037,1.037037037037037,1.0,0.6666666666666666,1.0,6,0.25,25,137.88095238095238,168.7857142857143,97.21428571428572,128.11904761904765,0.38452380952380955,0.0,0.23076923076923078,0.38461538461538464,0.0,0.3111111111111111,0.2222222222222222,0.4,0.44,0.0,0.33653846153846156,0.2153846153846154,0.07692307692307693,0.0,0.0,0.0,0.0,0.5681818181818182,0.13636363636363635,0.0,0.0,0
1.037037037037037,1.037037037037037,1.0,0.6666666666666666,1.0,6,0.25,25,137.88095238095238,168.7857142857143,97.21428571428572,128.11904761904765,0.38452380952380955,0.0,0.23076923076923078,0.38461538461538464,0.0,0.3111111111111111,0.2222222222222222,0.4,0.44,0.0,0.33653846153846156,0.2153846153846154,0.07692307692307693,0.0,0.0,0.0,0.0,0.5681818181818182,0.13636363636363635,0.0,0.0,0
1.037037037037037,1.037037037037037,1.0,0.6666666666666666,1.0,6,0.25,25,137.88095238095238,168.7857142857143,97.21428571428572,128.11904761904765,0.38452380952380955,0.0,0.23076923076923078,0.38461538461538464,0.0,0.3111111111111111,0.2222222222222222,0.4,0.44,0.0,0.33653846153846156,0.2153846153846154,0.07692307692307693,0.0,0.0,0.0,0.0,0.5681818181818182,0.13636363636363635,0.0,0.0,0
1.037037037037037,1.037037037037037,1.0,0.6666666666666666,1.0,6,0.25,25,137.88095238095238,168.7857142857143,97.21428571428572,128.11904761904765,0.38452380952380955,0.0,0.23076923076923078,0.38461538461538464,0.0,0.3111111111111111,0.2222222222222222,0.4,0.44,0.0,0.33653846153846156,0.2153846153846154,0.07692307692307693,0.0,0.0,0.0,0.0,0.5681818181818182,0.13636363636363635,0.0,0.0,0
1.037037037037037,1.037037037037037,1.0,0.5,1.0,6,0.25,26,94.68253968253968,171.17460317460316,56.182539682539684,132.67460317460316,0.475,0.3942307692307692,0.6615384615384615,0.4230769230769231,0.2222222222222222,0.37777777777777777,0.2222222222222222,0.4125,0.44,0.0,0.34615384615384615,0.2,0.057692307692307696,0.0,0.0,0.0,0.0,0.5909090909090909,0.0,0.0,0.0,0
1.037037037037037,1.037037037037037,1.0,0.5,1.0,6,0.25,26,94.68253968253968,171.17460317460316,56.182539682539684,132.67460317460316,0.475,0.3942307692307692,0.6615384615384615,0.4230769230769231,0.2222222222222222,0.37777777777777777,0.2222222222222222,0.4125,0.44,0.0,0.34615384615384615,0.2,0.057692307692307696,0.0,0.0,0.0,0.0,0.5909090909090909,0.0,0.0,0.0,0
1.037037037037037,1.037037037037037,1.0,0.5,1.0,6,0.25,26,94.68253968253968,171.17460317460316,56.182539682539684,132.67460317460316,0.475,0.3942307692307692,0.6615384615384615,0.4230769230769231,0.2222222222222222,0.37777777777777777,0.2222222222222222,0.4125,0.44,0.0,0.34615384615384615,0.2,0.057692307692307696,0.0,0.0,0.0,0.0,0.5909090909090909,0.0,0.0,0.0,0
1.037037037037037,1.037037037037037,1.0,0.5,1.0,6,0.25,26,94.68253968253968,171.17460317460316,56.182539682539684,132.67460317460316,0.475,0.3942307692307692,0.6615384615384615,0.4230769230769231,0.2222222222222222,0.37777777777777777,0.2222222222222222,0.4125,0.44,0.0,0.34615384615384615,0.2,0.057692307692307696,0.0,0.0,0.0,0.0,0.5909090909090909,0.0,0.0,0.0,0
1.037037037037037,1.037037037037037,1.0,0.5,1.0,6,0.25,23,97.84126984126983,210.55555555555554,37.388888888888886,150.10317460317458,0.4,0.38461538461538464,0.23076923076923078,0.0,0.2222222222222222,0.3111111111111111,0.05555555555555555,0.4375,0.44,0.0,0.2692307692307692,0.1076923076923077,0.0,0.0,0.09090909090909091,0.0,0.09090909090909091,0.6136363636363636,0.09090909090909091,0.0,0.09090909090909091,0
1.037037037037037,1.037037037037037,1.0,0.5,1.0,6,0.25,23,97.84126984126983,210.55555555555554,37.388888888888886,150.10317460317458,0.4,0.38461538461538464,0.23076923076923078,0.0,0.2222222222222222,0.3111111111111111,0.05555555555555555,0.4375,0.44,0.0,0.2692307692307692,0.1076923076923077,0.0,0.0,0.09090909090909091,0.0,0.09090909090909091,0.6136363636363636,0.09090909090909091,0.0,0.09090909090909091,0
1.037037037037037,1.037037037037037,1.0,0.5,1.0,6,0.25,23,97.84126984126983,210.55555555555554,37.388888888888886,150.10317460317458,0.4,0.38461538461538464,0.23076923076923078,0.0,0.2222222222222222,0.3111111111111111,0.05555555555555555,0.4375,0.44,0.0,0.2692307692307692,0.1076923076923077,0.0,0.0,0.09090909090909091,0.0,0.09090909090909091,0.6136363636363636,0.09090909090909091,0.0,0.09090909090909091,0
1.0,1.0357142857142858,1.0,0.5,1.0,6,0.2857142857142857,23,97.84126984126983,210.55555555555554,37.388888888888886,150.10317460317458,0.40301974448315914,0.3076923076923077,0.18461538461538463,0.0,0.3,0.34,0.05,0.4375,0.44,0.0,0.2692307692307692,0.1076923076923077,0.0,0.0,0.09090909090909091,0.0,0.09090909090909091,0.6136363636363636,0.09090909090909091,0.0,0.09090909090909091,0
1.0384615384615385,1.0384615384615385,0.0,0.2777777777777778,3.0,7,0.2857142857142857,19,210.44444444444446,254.2301587301587,131.015873015873,174.8015873015873,0.19047619047619047,0.0,0.0,0.0,0.125,0.575,0.0,0.3,0.58,0.0,0.0,0.0,0.0,0.030303030303030304,0.0,0.29545454545454547,0.0,0.2727272727272727,0.0,0.25,0.0,0
1.0,1.0,0.0,0.2777777777777778,3.0,7,0.25,19,210.44444444444446,254.2301587301587,131.015873015873,174.8015873015873,0.18571428571428572,0.0,0.0,0.0,0.1111111111111111,0.5111111111111111,0.0,0.3,0.58,0.0,0.0,0.0,0.0,0.030303030303030304,0.0,0.29545454545454547,0.0,0.2727272727272727,0.0,0.25,0.0,0
1.0,1.0,0.0,0.2777777777777778,3.0,7,0.25,19,210.44444444444446,254.2301587301587,131.015873015873,174.8015873015873,0.18571428571428572,0.0,0.0,0.0,0.1111111111111111,0.5111111111111111,0.0,0.3,0.58,0.0,0.0,0.0,0.0,0.030303030303030304,0.0,0.29545454545454547,0.0,0.2727272727272727,0.0,0.25,0.0,0
1.0,1.0,0.0,0.2777777777777778,3.0,7,0.25,19,210.44444444444446,254.2301587301587,131.015873015873,174.8015873015873,0.18571428571428572,0.0,0.0,0.0,0.1111111111111111,0.5111111111111111,0.0,0.3,0.58,0.0,0.0,0.0,0.0,0.030303030303030304,0.0,0.29545454545454547,0.0,0.2727272727272727,0.0,0.25,0.0,0
1.0,0.8571428571428571,0.0,0.6666666666666666,2.0,11,0.42857142857142855,37,208.34883720930233,113.70542635658914,131.32558139534885,36.68217054263566,0.37209302325581395,0.0,0.0,0.0,0.125,0.4,0.4875,0.1,0.56,0.4375,0.15833333333333333,0.29333333333333333,0.4666666666666667,0.20454545454545456,0.7272727272727273,0.09090909090909091,0.36363636363636365,0.09090909090909091,0.5681818181818182,0.2727272727272727,0.022727272727272728,0
1.0,0.8571428571428571,0.0,0.6666666666666666,2.0,11,0.42857142857142855,37,208.34883720930233,113.70542635658914,131.32558139534885,36.68217054263566,0.37209302325581395,0.0,0.0,0.0,0.125,0.4,0.4875,0.1,0.56,0.4375,0.15833333333333333,0.29333333333333333,0.4666666666666667,0.20454545454545456,0.7272727272727273,0.09090909090909091,0.36363636363636365,0.09090909090909091,0.5681818181818182,0.2727272727272727,0.022727272727272728,0
1.0,0.8571428571428571,0.0,0.6666666666666666,2.0,11,0.42857142857142855,37,208.34883720930233,113.70542635658914,131.32558139534885,36.68217054263566,0.37209302325581395,0.0,0.0,0.0,0.125,0.4,0.4875,0.1,0.56,0.4375,0.15833333333333333,0.29333333333333333,0.4666666666666667,0.20454545454545456,0.7272727272727273,0.09090909090909091,0.36363636363636365,0.09090909090909091,0.5681818181818182,0.2727272727272727,0.022727272727272728,0
1.0,0.8571428571428571,0.0,0.6666666666666666,2.0,11,0.42857142857142855,37,208.34883720930233,113.70542635658914,131.32558139534885,36.68217054263566,0.37209302325581395,0.0,0.0,0.0,0.125,0.4,0.4875,0.1,0.56,0.4375,0.15833333333333333,0.29333333333333333,0.4666666666666667,0.20454545454545456,0.7272727272727273,0.09090909090909091,0.36363636363636365,0.09090909090909091,0.5681818181818182,0.2727272727272727,0.022727272727272728,0
1.0,0.8571428571428571,0.0,0.6666666666666666,2.0,11,0.42857142857142855,37,208.34883720930233,113.70542635658914,131.32558139534885,36.68217054263566,0.37209302325581395,0.0,0.0,0.0,0.125,0.4,0.4875,0.1,0.56,0.4375,0.15833333333333333,0.29333333333333333,0.4666666666666667,0.20454545454545456,0.7272727272727273,0.09090909090909091,0.36363636363636365,0.09090909090909091,0.5681818181818182,0.2727272727272727,0.022727272727272728,0
1.0357142857142858,0.8928571428571429,0.0,0.8333333333333334,2.0,6,0.42857142857142855,26,175.08527131782947,89.92248062015506,88.57364341085272,3.410852713178315,0.4806201550387597,0.0,0.17333333333333334,0.375,0.1375,0.32,0.425,0.2375,0.52,0.35,0.375,0.3333333333333333,0.3333333333333333,0.36363636363636365,0.6136363636363636,0.1590909090909091,0.25,0.1590909090909091,0.3181818181818182,0.0,0.0,0
1.0357142857142858,0.8928571428571429,0.0,0.8333333333333334,2.0,6,0.42857142857142855,26,175.08527131782947,89.92248062015506,88.57364341085272,3.410852713178315,0.4806201550387597,0.0,0.17333333333333334,0.375,0.1375,0.32,0.425,0.2375,0.52,0.35,0.375,0.3333333333333333,0.3333333333333333,0.36363636363636365,0.6136363636363636,0.1590909090909091,0.25,0.1590909090909091,0.3181818181818182,0.0,0.0,0
1.0357142857142858,0.8928571428571429,0.0,0.8333333333333334,2.0,6,0.42857142857142855,26,175.08527131782947,89.92248062015506,88.57364341085272,3.410852713178315,0.4806201550387597,0.0,0.17333333333333334,0.375,0.1375,0.32,0.425,0.2375,0.52,0.35,0.375,0.3333333333333333,0.3333333333333333,0.36363636363636365,0.6136363636363636,0.1590909090909091,0.25,0.1590909090909091,0.3181818181818182,0.0,0.0,0
1.0357142857142858,0.8928571428571429,0.0,0.8333333333333334,2.0,6,0.42857142857142855,26,175.08527131782947,89.92248062015506,88.57364341085272,3.410852713178315,0.4806201550387597,0.0,0.17333333333333334,0.375,0.1375,0.32,0.425,0.2375,0.52,0.35,0.375,0.3333333333333333,0.3333333333333333,0.36363636363636365,0.6136363636363636,0.1590909090909091,0.25,0.1590909090909091,0.3181818181818182,0.0,0.0,0
1.0,1.0,0.0,0.16666666666666666,2.0,11,0.25,37,212.31007751937986,213.53488372093022,131.031007751938,132.25581395348837,0.28792912513842744,0.0,0.0,0.0,0.2125,0.44,0.325,0.1,0.42,0.275,0.0,0.0,0.31666666666666665,0.4090909090909091,0.25,0.2727272727272727,0.6136363636363636,0.2727272727272727,0.22727272727272727,0.022727272727272728,0.1590909090909091,1
1.0,1.0,0.0,0.16666666666666666,2.0,11,0.25,37,212.31007751937986,213.53488372093022,131.031007751938,132.25581395348837,0.28792912513842744,0.0,0.0,0.0,0.2125,0.44,0.325,0.1,0.42,0.275,0.0,0.0,0.31666666666666665,0.4090909090909091,0.25,0.2727272727272727,0.6136363636363636,0.2727272727272727,0.22727272727272727,0.022727272727272728,0.1590909090909091,1
1.0,1.0,0.0,0.16666666666666666,2.0,11,0.25,37,212.31007751937986,213.53488372093022,131.031007751938,132.25581395348837,0.28792912513842744,0.0,0.0,0.0,0.2125,0.44,0.325,0.1,0.42,0.275,0.0,0.0,0.31666666666666665,0.4090909090909091,0.25,0.2727272727272727,0.6136363636363636,0.2727272727272727,0.22727272727272727,0.022727272727272728,0.1590909090909091,1
1.0,1.0357142857142858,0.0,0.16666666666666666,2.5,4,0.125,37,211.05426356589146,211.2403100775194,123.31007751937983,123.49612403100778,0.2956810631229236,0.0,0.0,0.0,0.041666666666666664,0.5111111111111111,0.0,0.125,0.34545454545454546,0.3068181818181818,0.0,0.0,0.041666666666666664,0.09090909090909091,0.022727272727272728,0.0,0.0,0.3409090909090909,0.11363636363636363,0.2727272727272727,0.3409090909090909,1
1.0,0.8928571428571429,0.0,0.625,3.5,11,0.5,37,214.40310077519382,122.47286821705427,132.4263565891473,40.49612403100775,0.34662236987818384,0.0,0.0,0.0,0.1625,0.42,0.4875,0.1,0.48,0.4125,0.19166666666666668,0.26666666666666666,0.4,0.25,0.7272727272727273,0.13636363636363635,0.36363636363636365,0.0,0.5,0.36363636363636365,0.0,0
1.0,0.8928571428571429,0.0,0.625,3.5,11,0.5,37,214.40310077519382,122.47286821705427,132.4263565891473,40.49612403100775,0.34662236987818384,0.0,0.0,0.0,0.1625,0.42,0.4875,0.1,0.48,0.4125,0.19166666666666668,0.26666666666666666,0.4,0.25,0.7272727272727273,0.13636363636363635,0.36363636363636365,0.0,0.5,0.36363636363636365,0.0,0
1.0,0.8928571428571429,0.0,0.625,3.5,11,0.5,37,214.40310077519382,122.47286821705427,132.4263565891473,40.49612403100775,0.34662236987818384,0.0,0.0,0.0,0.1625,0.42,0.4875,0.1,0.48,0.4125,0.19166666666666668,0.26666666666666666,0.4,0.25,0.7272727272727273,0.13636363636363635,0.36363636363636365,0.0,0.5,0.36363636363636365,0.0,0
1.0,0.8928571428571429,0.0,0.625,3.5,11,0.5,37,214.40310077519382,122.47286821705427,132.4263565891473,40.49612403100775,0.34662236987818384,0.0,0.0,0.0,0.1625,0.42,0.4875,0.1,0.48,0.4125,0.19166666666666668,0.26666666666666666,0.4,0.25,0.7272727272727273,0.13636363636363635,0.36363636363636365,0.0,0.5,0.36363636363636365,0.0,0
1.0357142857142858,1.0357142857142858,0.0,0.0,2.0,3,0.0,36,207.05426356589146,213.29457364341087,112.21705426356588,118.4573643410853,0.30564784053156147,0.15833333333333333,0.0,0.0,0.0625,0.4,0.0875,0.0,0.32,0.275,0.0,0.0,0.3,0.29545454545454547,0.0,0.0,0.3409090909090909,0.0,0.13636363636363635,0.0,0.3181818181818182,1
1.0357142857142858,1.0357142857142858,0.0,0.0,2.0,3,0.0,37,217.41860465116278,209.14728682170542,112.65116279069767,104.37984496124031,0.28792912513842744,0.0,0.0,0.0,0.0,0.32,0.0,0.075,0.4,0.2375,0.016666666666666666,0.06666666666666667,0.25,0.0,0.0,0.0,0.0,0.2727272727272727,0.22727272727272727,0.0,0.3181818181818182,1
1.0357142857142858,1.0357142857142858,0.125,0.7083333333333334,3.5,7,0.5,35,161.36434108527132,172.65116279069767,104.64341085271317,115.93023255813952,0.40310077519379844,0.0,0.0,0.0,0.0,0.4,0.5625,0.2875,0.4,0.025,0.49166666666666664,0.72,0.10833333333333334,0.0,0.9772727272727273,0.0,0.4772727272727273,0.0,0.0,0.6136363636363636,0.09090909090909091,0
1.0357142857142858,1.0357142857142858,0.125,0.7083333333333334,3.5,7,0.5,35,161.36434108527132,172.65116279069767,104.64341085271317,115.93023255813952,0.40310077519379844,0.0,0.0,0.0,0.0,0.4,0.5625,0.2875,0.4,0.025,0.49166666666666664,0.72,0.10833333333333334,0.0,0.9772727272727273,0.0,0.4772727272727273,0.0,0.0,0.6136363636363636,0.09090909090909091,0
1.0357142857142858,1.0357142857142858,0.125,0.7083333333333334,3.5,7,0.5,35,161.36434108527132,172.65116279069767,104.64341085271317,115.93023255813952,0.40310077519379844,0.0,0.0,0.0,0.0,0.4,0.5625,0.2875,0.4,0.025,0.49166666666666664,0.72,0.10833333333333334,0.0,0.9772727272727273,0.0,0.4772727272727273,0.0,0.0,0.6136363636363636,0.09090909090909091,0
1.0357142857142858,1.0357142857142858,0.125,0.7083333333333334,3.5,7,0.5,35,161.36434108527132,172.65116279069767,104.64341085271317,115.93023255813952,0.40310077519379844,0.0,0.0,0.0,0.0,0.4,0.5625,0.2875,0.4,0.025,0.49166666666666664,0.72,0.10833333333333334,0.0,0.9772727272727273,0.0,0.4772727272727273,0.0,0.0,0.6136363636363636,0.09090909090909091,0
1.0357142857142858,1.0357142857142858,0.125,0.7083333333333334,3.5,7,0.5,35,161.36434108527132,172.65116279069767,104.64341085271317,115.93023255813952,0.40310077519379844,0.0,0.0,0.0,0.0,0.4,0.5625,0.2875,0.4,0.025,0.49166666666666664,0.72,0.10833333333333334,0.0,0.9772727272727273,0.0,0.4772727272727273,0.0,0.0,0.6136363636363636,0.09090909090909091,0
0.9642857142857143,0.8928571428571429,0.5277777777777778,0.4722222222222222,6.5,11,0.625,37,122.4108527131783,153.73643410852716,48.20155038759691,79.52713178294577,0.46622369878183834,0.041666666666666664,0.48,0.26666666666666666,0.75,0.82,0.4625,0.2,0.34,0.025,0.2,0.2,0.15,0.9545454545454546,0.3181818181818182,0.8636363636363636,0.8409090909090909,0.0,0.022727272727272728,0.13636363636363635,0.0,0
0.9642857142857143,0.8928571428571429,0.5277777777777778,0.4722222222222222,6.5,11,0.625,37,122.4108527131783,153.73643410852716,48.20155038759691,79.52713178294577,0.46622369878183834,0.041666666666666664,0.48,0.26666666666666666,0.75,0.82,0.4625,0.2,0.34,0.025,0.2,0.2,0.15,0.9545454545454546,0.3181818181818182,0.8636363636363636,0.8409090909090909,0.0,0.022727272727272728,0.13636363636363635,0.0,0
0.9642857142857143,0.8928571428571429,0.5277777777777778,0.4722222222222222,6.5,11,0.625,37,122.4108527131783,153.73643410852716,48.20155038759691,79.52713178294577,0.46622369878183834,0.041666666666666664,0.48,0.26666666666666666,0.75,0.82,0.4625,0.2,0.34,0.025,0.2,0.2,0.15,0.9545454545454546,0.3181818181818182,0.8636363636363636,0.8409090909090909,0.0,0.022727272727272728,0.13636363636363635,0.0,0
0.9642857142857143,0.8928571428571429,0.5277777777777778,0.4722222222222222,6.5,11,0.625,37,122.4108527131783,153.73643410852716,48.20155038759691,79.52713178294577,0.46622369878183834,0.041666666666666664,0.48,0.26666666666666666,0.75,0.82,0.4625,0.2,0.34,0.025,0.2,0.2,0.15,0.9545454545454546,0.3181818181818182,0.8636363636363636,0.8409090909090909,0.0,0.022727272727272728,0.13636363636363635,0.0,0
0.9642857142857143,0.8928571428571429,0.5277777777777778,0.4722222222222222,6.5,11,0.625,37,122.4108527131783,153.73643410852716,48.20155038759691,79.52713178294577,0.46622369878183834,0.041666666666666664,0.48,0.26666666666666666,0.75,0.82,0.4625,0.2,0.34,0.025,0.2,0.2,0.15,0.9545454545454546,0.3181818181818182,0.8636363636363636,0.8409090909090909,0.0,0.022727272727272728,0.13636363636363635,0.0,0
0.8571428571428571,0.7857142857142857,0.0,0.9166666666666666,2.0,11,0.42857142857142855,37,142.49612403100775,211.90697674418607,42.98449612403101,112.39534883720933,0.34219269102990035,0.05,0.0,0.0,0.4,0.38,0.1,0.1625,0.54,0.0,0.2833333333333333,0.2,0.008333333333333333,0.25,0.25,0.7272727272727273,0.022727272727272728,0.09090909090909091,0.0,0.0,0.045454545454545456,0
0.8571428571428571,0.7857142857142857,0.0,0.75,2.0,11,0.42857142857142855,37,143.11627906976744,211.57364341085272,2.581395348837219,71.0387596899225,0.33554817275747506,0.03333333333333333,0.0,0.0,0.3875,0.34,0.1,0.2,0.48,0.0,0.325,0.12,0.03333333333333333,0.25,0.25,0.7272727272727273,0.0,0.13636363636363635,0.0,0.0,0.13636363636363635,0
0.8571428571428571,0.7857142857142857,0.0,0.75,2.0,11,0.42857142857142855,37,143.11627906976744,211.57364341085272,2.581395348837219,71.0387596899225,0.33554817275747506,0.03333333333333333,0.0,0.0,0.3875,0.34,0.1,0.2,0.48,0.0,0.325,0.12,0.03333333333333333,0.25,0.25,0.7272727272727273,0.0,0.13636363636363635,0.0,0.0,0.13636363636363635,0
0.8571428571428571,0.7857142857142857,0.0,0.75,2.0,11,0.42857142857142855,37,143.11627906976744,211.57364341085272,2.581395348837219,71.0387596899225,0.33554817275747506,0.03333333333333333,0.0,0.0,0.3875,0.34,0.1,0.2,0.48,0.0,0.325,0.12,0.03333333333333333,0.25,0.25,0.7272727272727273,0.0,0.13636363636363635,0.0,0.0,0.13636363636363635,0
1.0,0.8928571428571429,0.35714285714285715,0.4523809523809524,7.0,11,0.625,37,126.51162790697674,137.86046511627907,49.48837209302326,60.83720930232559,0.4695459579180509,0.0,0.26666666666666666,0.31666666666666665,0.7,0.78,0.5625,0.2,0.46,0.0,0.21666666666666667,0.21333333333333335,0.06666666666666667,0.9545454545454546,0.4090909090909091,0.75,0.9318181818181818,0.0,0.0,0.13636363636363635,0.0,0
1.0,0.8928571428571429,0.35714285714285715,0.4523809523809524,7.0,11,0.625,37,126.51162790697674,137.86046511627907,49.48837209302326,60.83720930232559,0.4695459579180509,0.0,0.26666666666666666,0.31666666666666665,0.7,0.78,0.5625,0.2,0.46,0.0,0.21666666666666667,0.21333333333333335,0.06666666666666667,0.9545454545454546,0.4090909090909091,0.75,0.9318181818181818,0.0,0.0,0.13636363636363635,0.0,0
1.0,0.8928571428571429,0.35714285714285715,0.4523809523809524,7.0,11,0.625,37,126.51162790697674,137.86046511627907,49.48837209302326,60.83720930232559,0.4695459579180509,0.0,0.26666666666666666,0.31666666666666665,0.7,0.78,0.5625,0.2,0.46,0.0,0.21666666666666667,0.21333333333333335,0.06666666666666667,0.9545454545454546,0.4090909090909091,0.75,0.9318181818181818,0.0,0.0,0.13636363636363635,0.0,0
1.0,0.8928571428571429,0.35714285714285715,0.4523809523809524,7.0,11,0.625,37,126.51162790697674,137.86046511627907,49.48837209302326,60.83720930232559,0.4695459579180509,0.0,0.26666666666666666,0.31666666666666665,0.7,0.78,0.5625,0.2,0.46,0.0,0.21666666666666667,0.21333333333333335,0.06666666666666667,0.9545454545454546,0.4090909090909091,0.75,0.9318181818181818,0.0,0.0,0.13636363636363635,0.0,0
1.0,0.8928571428571429,0.35714285714285715,0.4523809523809524,7.0,11,0.625,37,126.51162790697674,137.86046511627907,49.48837209302326,60.83720930232559,0.4695459579180509,0.0,0.26666666666666666,0.31666666666666665,0.7,0.78,0.5625,0.2,0.46,0.0,0.21666666666666667,0.21333333333333335,0.06666666666666667,0.9545454545454546,0.4090909090909091,0.75,0.9318181818181818,0.0,0.0,0.13636363636363635,0.0,0
0.8928571428571429,0.7857142857142857,0.0,1.0,2.0,11,0.42857142857142855,37,144.65891472868216,215.10077519379843,61.82170542635659,132.26356589147287,0.34662236987818384,0.03333333333333333,0.0,0.0,0.425,0.4,0.0625,0.175,0.54,0.0,0.2833333333333333,0.22666666666666666,0.0,0.25,0.3181818181818182,0.8181818181818182,0.20454545454545456,0.11363636363636363,0.18181818181818182,0.0,0.18181818181818182,0
0.8928571428571429,0.7857142857142857,0.0,0.9166666666666666,2.0,10,0.42857142857142855,37,142.27906976744188,215.72093023255812,17.069767441860492,90.51162790697673,0.36212624584717606,0.016666666666666666,0.0,0.0,0.4125,0.34,0.15,0.2125,0.48,0.1,0.31666666666666665,0.16,0.0,0.25,0.36363636363636365,0.8181818181818182,0.2727272727272727,0.1590909090909091,0.2727272727272727,0.0,0.2727272727272727,0
0.8928571428571429,0.7857142857142857,0.0,0.9166666666666666,2.0,10,0.42857142857142855,37,142.27906976744188,215.72093023255812,17.069767441860492,90.51162790697673,0.36212624584717606,0.016666666666666666,0.0,0.0,0.4125,0.34,0.15,0.2125,0.48,0.1,0.31666666666666665,0.16,0.0,0.25,0.36363636363636365,0.8181818181818182,0.2727272727272727,0.1590909090909091,0.2727272727272727,0.0,0.2727272727272727,0
0.8928571428571429,0.7857142857142857,0.0,0.9166666666666666,2.0,10,0.42857142857142855,37,142.27906976744188,215.72093023255812,17.069767441860492,90.51162790697673,0.36212624584717606,0.016666666666666666,0.0,0.0,0.4125,0.34,0.15,0.2125,0.48,0.1,0.31666666666666665,0.16,0.0,0.25,0.36363636363636365,0.8181818181818182,0.2727272727272727,0.1590909090909091,0.2727272727272727,0.0,0.2727272727272727,0
1.0357142857142858,1.0,0.0,0.16666666666666666,3.0,6,0.125,37,212.76744186046508,187.0077519379845,128.83720930232556,103.07751937984496,0.3034330011074197,0.0,0.0,0.0,0.075,0.5,0.05,0.0,0.48,0.4125,0.0,0.0,0.13333333333333333,0.18181818181818182,0.11363636363636363,0.20454545454545456,0.0,0.18181818181818182,0.18181818181818182,0.18181818181818182,0.3181818181818182,1
1.0357142857142858,1.0,0.0,0.16666666666666666,3.0,6,0.125,37,212.76744186046508,187.0077519379845,128.83720930232556,103.07751937984496,0.3034330011074197,0.0,0.0,0.0,0.075,0.5,0.05,0.0,0.48,0.4125,0.0,0.0,0.13333333333333333,0.18181818181818182,0.11363636363636363,0.20454545454545456,0.0,0.18181818181818182,0.18181818181818182,0.18181818181818182,0.3181818181818182,1
1.0357142857142858,1.0,0.0,0.16666666666666666,3.0,6,0.125,37,212.76744186046508,187.0077519379845,128.83720930232556,103.07751937984496,0.3034330011074197,0.0,0.0,0.0,0.075,0.5,0.05,0.0,0.48,0.4125,0.0,0.0,0.13333333333333333,0.18181818181818182,0.11363636363636363,0.20454545454545456,0.0,0.18181818181818182,0.18181818181818182,0.18181818181818182,0.3181818181818182,1
1.0357142857142858,1.0,0.0,0.16666666666666666,3.0,6,0.125,37,212.76744186046508,187.0077519379845,128.83720930232556,103.07751937984496,0.3034330011074197,0.0,0.0,0.0,0.075,0.5,0.05,0.0,0.48,0.4125,0.0,0.0,0.13333333333333333,0.18181818181818182,0.11363636363636363,0.20454545454545456,0.0,0.18181818181818182,0.18181818181818182,0.18181818181818182,0.3181818181818182,1
1.0357142857142858,1.0,0.0,0.5833333333333334,4.0,7,0.5,37,170.67441860465115,180.53488372093022,69.04651162790697,78.90697674418604,0.3554817275747508,0.0,0.0,0.0,0.0125,0.42,0.5,0.225,0.56,0.0,0.4,0.5466666666666666,0.016666666666666666,0.022727272727272728,0.9090909090909091,0.0,0.38636363636363635,0.0,0.0,0.6136363636363636,0.022727272727272728,0
1.0357142857142858,1.0357142857142858,0.0,0.5833333333333334,4.0,7,0.5,36,169.63565891472868,180.1550387596899,82.42635658914729,92.9457364341085,0.36655592469545956,0.0,0.0,0.0,0.0125,0.5,0.525,0.275,0.48,0.025,0.425,0.48,0.008333333333333333,0.022727272727272728,0.9090909090909091,0.0,0.4090909090909091,0.0,0.0,0.6136363636363636,0.045454545454545456,0
1.0357142857142858,1.0357142857142858,0.0,0.5833333333333334,4.0,7,0.5,36,169.63565891472868,180.1550387596899,82.42635658914729,92.9457364341085,0.36655592469545956,0.0,0.0,0.0,0.0125,0.5,0.525,0.275,0.48,0.025,0.425,0.48,0.008333333333333333,0.022727272727272728,0.9090909090909091,0.0,0.4090909090909091,0.0,0.0,0.6136363636363636,0.045454545454545456,0
1.0357142857142858,1.0357142857142858,0.0,0.5833333333333334,4.0,7,0.5,36,169.63565891472868,180.1550387596899,82.42635658914729,92.9457364341085,0.36655592469545956,0.0,0.0,0.0,0.0125,0.5,0.525,0.275,0.48,0.025,0.425,0.48,0.008333333333333333,0.022727272727272728,0.9090909090909091,0.0,0.4090909090909091,0.0,0.0,0.6136363636363636,0.045454545454545456,0
1.0357142857142858,1.0357142857142858,0.0,0.5833333333333334,4.0,7,0.5,36,169.63565891472868,180.1550387596899,82.42635658914729,92.9457364341085,0.36655592469545956,0.0,0.0,0.0,0.0125,0.5,0.525,0.275,0.48,0.025,0.425,0.48,0.008333333333333333,0.022727272727272728,0.9090909090909091,0.0,0.4090909090909091,0.0,0.0,0.6136363636363636,0.045454545454545456,0
1.0357142857142858,1.0357142857142858,0.0,0.5833333333333334,4.0,7,0.5,36,169.63565891472868,180.1550387596899,82.42635658914729,92.9457364341085,0.36655592469545956,0.0,0.0,0.0,0.0125,0.5,0.525,0.275,0.48,0.025,0.425,0.48,0.008333333333333333,0.022727272727272728,0.9090909090909091,0.0,0.4090909090909091,0.0,0.0,0.6136363636363636,0.045454545454545456,0
1.0357142857142858,0.7857142857142857,0.0,0.4166666666666667,3.5,11,0.5,37,133.93023255813952,165.85271317829458,46.837209302325576,78.75968992248063,0.4318936877076412,0.0,0.0,0.0,0.6,0.72,0.725,0.225,0.34,0.0,0.1,0.04,0.0,1.0,0.8409090909090909,0.5227272727272727,0.9318181818181818,0.0,0.0,0.18181818181818182,0.0,0
1.0357142857142858,0.7857142857142857,0.0,0.4166666666666667,3.5,11,0.5,37,133.93023255813952,165.85271317829458,46.837209302325576,78.75968992248063,0.4318936877076412,0.0,0.0,0.0,0.6,0.72,0.725,0.225,0.34,0.0,0.1,0.04,0.0,1.0,0.8409090909090909,0.5227272727272727,0.9318181818181818,0.0,0.0,0.18181818181818182,0.0,0
1.0357142857142858,0.7857142857142857,0.0,0.4166666666666667,3.5,11,0.5,37,133.93023255813952,165.85271317829458,46.837209302325576,78.75968992248063,0.4318936877076412,0.0,0.0,0.0,0.6,0.72,0.725,0.225,0.34,0.0,0.1,0.04,0.0,1.0,0.8409090909090909,0.5227272727272727,0.9318181818181818,0.0,0.0,0.18181818181818182,0.0,0
1.0357142857142858,0.7857142857142857,0.0,0.4166666666666667,3.5,11,0.5,37,133.93023255813952,165.85271317829458,46.837209302325576,78.75968992248063,0.4318936877076412,0.0,0.0,0.0,0.6,0.72,0.725,0.225,0.34,0.0,0.1,0.04,0.0,1.0,0.8409090909090909,0.5227272727272727,0.9318181818181818,0.0,0.0,0.18181818181818182,0.0,0
1.0357142857142858,0.7857142857142857,0.0,0.4166666666666667,3.5,11,0.5,37,133.93023255813952,165.85271317829458,46.837209302325576,78.75968992248063,0.4318936877076412,0.0,0.0,0.0,0.6,0.72,0.725,0.225,0.34,0.0,0.1,0.04,0.0,1.0,0.8409090909090909,0.5227272727272727,0.9318181818181818,0.0,0.0,0.18181818181818182,0.0,0
1.0,0.8928571428571429,0.1111111111111111,0.7222222222222222,3.0,11,0.42857142857142855,37,120.74418604651163,170.77519379844964,36.162790697674424,86.19379844961243,0.45182724252491696,0.14166666666666666,0.21333333333333335,0.18333333333333332,0.625,0.6,0.45,0.125,0.36,0.0,0.24166666666666667,0.16,0.0,0.5909090909090909,0.20454545454545456,1.0,0.8863636363636364,0.0,0.0,0.0,0.0,0
1.0,0.8928571428571429,0.1111111111111111,0.7222222222222222,3.0,11,0.42857142857142855,37,120.74418604651163,170.77519379844964,36.162790697674424,86.19379844961243,0.45182724252491696,0.14166666666666666,0.21333333333333335,0.18333333333333332,0.625,0.6,0.45,0.125,0.36,0.0,0.24166666666666667,0.16,0.0,0.5909090909090909,0.20454545454545456,1.0,0.8863636363636364,0.0,0.0,0.0,0.0,0
1.0,0.8928571428571429,0.1111111111111111,0.7222222222222222,3.0,11,0.42857142857142855,37,120.74418604651163,170.77519379844964,36.162790697674424,86.19379844961243,0.45182724252491696,0.14166666666666666,0.21333333333333335,0.18333333333333332,0.625,0.6,0.45,0.125,0.36,0.0,0.24166666666666667,0.16,0.0,0.5909090909090909,0.20454545454545456,1.0,0.8863636363636364,0.0,0.0,0.0,0.0,0
1.0,0.8928571428571429,0.1111111111111111,0.7222222222222222,3.0,11,0.42857142857142855,37,120.74418604651163,170.77519379844964,36.162790697674424,86.19379844961243,0.45182724252491696,0.14166666666666666,0.21333333333333335,0.18333333333333332,0.625,0.6,0.45,0.125,0.36,0.0,0.24166666666666667,0.16,0.0,0.5909090909090909,0.20454545454545456,1.0,0.8863636363636364,0.0,0.0,0.0,0.0,0
1.0,0.8928571428571429,0.1111111111111111,0.7222222222222222,3.0,11,0.42857142857142855,37,120.74418604651163,170.77519379844964,36.162790697674424,86.19379844961243,0.45182724252491696,0.14166666666666666,0.21333333333333335,0.18333333333333332,0.625,0.6,0.45,0.125,0.36,0.0,0.24166666666666667,0.16,0.0,0.5909090909090909,0.20454545454545456,1.0,0.8863636363636364,0.0,0.0,0.0,0.0,0
1.0357142857142858,1.0357142857142858,0.0,0.5,3.5,7,0.5,28,171.55813953488374,179.3953488372093,109.67441860465118,117.51162790697674,0.3588039867109635,0.041666666666666664,0.0,0.0,0.0,0.48,0.45,0.325,0.42,0.0,0.4166666666666667,0.6133333333333333,0.06666666666666667,0.0,0.8636363636363636,0.0,0.3409090909090909,0.0,0.0,0.6818181818181818,0.022727272727272728,0
1.0357142857142858,1.0357142857142858,0.0,0.5,3.5,7,0.5,28,171.55813953488374,179.3953488372093,109.67441860465118,117.51162790697674,0.3588039867109635,0.041666666666666664,0.0,0.0,0.0,0.48,0.45,0.325,0.42,0.0,0.4166666666666667,0.6133333333333333,0.06666666666666667,0.0,0.8636363636363636,0.0,0.3409090909090909,0.0,0.0,0.6818181818181818,0.022727272727272728,0
1.0357142857142858,1.0357142857142858,0.0,0.5,3.5,7,0.5,28,171.55813953488374,179.3953488372093,109.67441860465118,117.51162790697674,0.3588039867109635,0.041666666666666664,0.0,0.0,0.0,0.48,0.45,0.325,0.42,0.0,0.4166666666666667,0.6133333333333333,0.06666666666666667,0.0,0.8636363636363636,0.0,0.3409090909090909,0.0,0.0,0.6818181818181818,0.022727272727272728,0
1.0357142857142858,1.0357142857142858,0.0,0.5,3.5,7,0.5,28,171.55813953488374,179.3953488372093,109.67441860465118,117.51162790697674,0.3588039867109635,0.041666666666666664,0.0,0.0,0.0,0.48,0.45,0.325,0.42,0.0,0.4166666666666667,0.6133333333333333,0.06666666666666667,0.0,0.8636363636363636,0.0,0.3409090909090909,0.0,0.0,0.6818181818181818,0.022727272727272728,0
1.0357142857142858,1.0357142857142858,0.0,0.5,3.5,7,0.5,28,171.55813953488374,179.3953488372093,109.67441860465118,117.51162790697674,0.3588039867109635,0.041666666666666664,0.0,0.0,0.0,0.48,0.45,0.325,0.42,0.0,0.4166666666666667,0.6133333333333333,0.06666666666666667,0.0,0.8636363636363636,0.0,0.3409090909090909,0.0,0.0,0.6818181818181818,0.022727272727272728,0
1.0,0.7142857142857143,0.16666666666666666,0.125,4.5,11,0.5,37,138.34883720930233,177.5968992248062,11.232558139534888,50.480620155038764,0.39867109634551495,0.0,0.0,0.0,0.4875,0.56,0.575,0.3125,0.28,0.0,0.06666666666666667,0.06666666666666667,0.125,0.9090909090909091,0.9318181818181818,0.20454545454545456,0.5,0.0,0.0,0.38636363636363635,0.0,0
1.0,0.7142857142857143,0.16666666666666666,0.125,4.5,11,0.5,37,138.34883720930233,177.5968992248062,11.232558139534888,50.480620155038764,0.39867109634551495,0.0,0.0,0.0,0.4875,0.56,0.575,0.3125,0.28,0.0,0.06666666666666667,0.06666666666666667,0.125,0.9090909090909091,0.9318181818181818,0.20454545454545456,0.5,0.0,0.0,0.38636363636363635,0.0,0
1.0,0.7142857142857143,0.16666666666666666,0.125,4.5,11,0.5,37,138.34883720930233,177.5968992248062,11.232558139534888,50.480620155038764,0.39867109634551495,0.0,0.0,0.0,0.4875,0.56,0.575,0.3125,0.28,0.0,0.06666666666666667,0.06666666666666667,0.125,0.9090909090909091,0.9318181818181818,0.20454545454545456,0.5,0.0,0.0,0.38636363636363635,0.0,0
1.0,0.7142857142857143,0.16666666666666666,0.125,4.5,11,0.5,37,138.34883720930233,177.5968992248062,11.232558139534888,50.480620155038764,0.39867109634551495,0.0,0.0,0.0,0.4875,0.56,0.575,0.3125,0.28,0.0,0.06666666666666667,0.06666666666666667,0.125,0.9090909090909091,0.9318181818181818,0.20454545454545456,0.5,0.0,0.0,0.38636363636363635,0.0,0
1.0,0.7142857142857143,0.16666666666666666,0.125,4.5,11,0.5,37,138.34883720930233,177.5968992248062,11.232558139534888,50.480620155038764,0.39867109634551495,0.0,0.0,0.0,0.4875,0.56,0.575,0.3125,0.28,0.0,0.06666666666666667,0.06666666666666667,0.125,0.9090909090909091,0.9318181818181818,0.20454545454545456,0.5,0.0,0.0,0.38636363636363635,0.0,0
0.9642857142857143,0.8928571428571429,0.0,0.8333333333333334,1.0,11,0.42857142857142855,37,134.74418604651166,175.36434108527132,51.69767441860468,92.31782945736434,0.42081949058693247,0.0,0.0,0.0,0.5875,0.58,0.5125,0.125,0.32,0.0,0.2916666666666667,0.30666666666666664,0.10833333333333334,0.5681818181818182,0.38636363636363635,0.9090909090909091,0.8863636363636364,0.0,0.0,0.0,0.022727272727272728,0
0.9642857142857143,0.8928571428571429,0.0,0.8333333333333334,1.0,11,0.42857142857142855,37,134.74418604651166,175.36434108527132,51.69767441860468,92.31782945736434,0.42081949058693247,0.0,0.0,0.0,0.5875,0.58,0.5125,0.125,0.32,0.0,0.2916666666666667,0.30666666666666664,0.10833333333333334,0.5681818181818182,0.38636363636363635,0.9090909090909091,0.8863636363636364,0.0,0.0,0.0,0.022727272727272728,0
0.9642857142857143,0.8928571428571429,0.0,0.8333333333333334,1.0,11,0.42857142857142855,37,134.74418604651166,175.36434108527132,51.69767441860468,92.31782945736434,0.42081949058693247,0.0,0.0,0.0,0.5875,0.58,0.5125,0.125,0.32,0.0,0.2916666666666667,0.30666666666666664,0.10833333333333334,0.5681818181818182,0.38636363636363635,0.9090909090909091,0.8863636363636364,0.0,0.0,0.0,0.022727272727272728,0
0.9642857142857143,0.8928571428571429,0.0,0.8333333333333334,1.0,11,0.42857142857142855,37,134.74418604651166,175.36434108527132,51.69767441860468,92.31782945736434,0.42081949058693247,0.0,0.0,0.0,0.5875,0.58,0.5125,0.125,0.32,0.0,0.2916666666666667,0.30666666666666664,0.10833333333333334,0.5681818181818182,0.38636363636363635,0.9090909090909091,0.8863636363636364,0.0,0.0,0.0,0.022727272727272728,0
0.9642857142857143,0.8928571428571429,0.0,0.8333333333333334,1.0,11,0.42857142857142855,37,134.74418604651166,175.36434108527132,51.69767441860468,92.31782945736434,0.42081949058693247,0.0,0.0,0.0,0.5875,0.58,0.5125,0.125,0.32,0.0,0.2916666666666667,0.30666666666666664,0.10833333333333334,0.5681818181818182,0.38636363636363635,0.9090909090909091,0.8863636363636364,0.0,0.0,0.0,0.022727272727272728,0
0.9285714285714286,0.8214285714285714,0.0,0.5,6.0,11,0.5714285714285714,33,140.5581395348837,214.31782945736435,4.48837209302323,78.24806201550388,0.3344407530454042,0.0,0.0,0.0,0.4625,0.38,0.2,0.2125,0.5,0.1,0.25,0.05333333333333334,0.0,0.2727272727272727,0.3181818181818182,0.9318181818181818,0.3181818181818182,0.0,0.11363636363636363,0.09090909090909091,0.09090909090909091,0
0.9285714285714286,0.8214285714285714,0.0,0.5,6.0,11,0.5714285714285714,33,140.5581395348837,214.31782945736435,4.48837209302323,78.24806201550388,0.3344407530454042,0.0,0.0,0.0,0.4625,0.38,0.2,0.2125,0.5,0.1,0.25,0.05333333333333334,0.0,0.2727272727272727,0.3181818181818182,0.9318181818181818,0.3181818181818182,0.0,0.11363636363636363,0.09090909090909091,0.09090909090909091,0
0.9285714285714286,0.8214285714285714,0.0,0.5,6.0,11,0.5714285714285714,33,140.5581395348837,214.31782945736435,4.48837209302323,78.24806201550388,0.3344407530454042,0.0,0.0,0.0,0.4625,0.38,0.2,0.2125,0.5,0.1,0.25,0.05333333333333334,0.0,0.2727272727272727,0.3181818181818182,0.9318181818181818,0.3181818181818182,0.0,0.11363636363636363,0.09090909090909091,0.09090909090909091,0
1.0,1.0,0.0,0.2222222222222222,3.0,7,0.25,20,214.89922480620157,254.21705426356587,131.41085271317831,170.7286821705426,0.17718715393134,0.0,0.0,0.0,0.2,0.52,0.0,0.1,0.54,0.0,0.0,0.0,0.0,0.25,0.0,0.25,0.0,0.045454545454545456,0.0,0.022727272727272728,0.0,0
1.0,1.0,0.0,0.2222222222222222,3.0,7,0.25,20,214.89922480620157,254.21705426356587,131.41085271317831,170.7286821705426,0.17718715393134,0.0,0.0,0.0,0.2,0.52,0.0,0.1,0.54,0.0,0.0,0.0,0.0,0.25,0.0,0.25,0.0,0.045454545454545456,0.0,0.022727272727272728,0.0,0
1.0,1.0,0.0,0.2222222222222222,3.0,7,0.25,20,214.89922480620157,254.21705426356587,131.41085271317831,170.7286821705426,0.17718715393134,0.0,0.0,0.0,0.2,0.52,0.0,0.1,0.54,0.0,0.0,0.0,0.0,0.25,0.0,0.25,0.0,0.045454545454545456,0.0,0.022727272727272728,0.0,0
1.0,1.0,0.0,0.2222222222222222,3.0,7,0.25,20,214.89922480620157,254.21705426356587,131.41085271317831,170.7286821705426,0.17718715393134,0.0,0.0,0.0,0.2,0.52,0.0,0.1,0.54,0.0,0.0,0.0,0.0,0.25,0.0,0.25,0.0,0.045454545454545456,0.0,0.022727272727272728,0.0,0
